"id","id","category_id","attribute_key","attribute_value","language","created_at","updated_at","created_by","updated_by"
94,885,94,meta_description,"Temukan berbagai macam jenis obat dan vitamin berdasarkan Kategori Guardian. Ketahui juga manfaat, dosis, cara konsumsi, aturan pakai dan efek samping obat dan vitamin di Halodoc.",bahasa_indonesia,"2022-07-11 16:34:19","2022-07-11 16:34:19",CC Token,CC Token
94,889,94,meta_keywords,Kategori +1000 get 2,bahasa_indonesia,"2022-07-11 16:34:19","2022-08-16 10:39:26",CC Token,CC Token
94,887,94,meta_title,Daftar Informasi obat dan vitamin - Halodoc - Kategori +1000 get 2,bahasa_indonesia,"2022-07-11 16:34:19","2022-08-16 10:39:26",CC Token,CC Token
94,890,94,name,+1000 get 2,bahasa_indonesia,"2022-07-11 16:34:19","2022-08-15 09:17:04",CC Token,CC Token
94,888,94,name,+1000 get 2,english,"2022-07-11 16:34:19","2022-08-15 09:17:04",CC Token,CC Token
94,886,94,seo_url, ,bahasa_indonesia,"2022-07-11 16:34:19","2022-07-11 16:34:19",CC Token,CC Token
94,891,94,seo_url, ,english,"2022-07-11 16:55:32","2022-07-11 16:55:32",CC Token,CC Token
93,881,93,meta_description,"Temukan berbagai macam jenis obat dan vitamin berdasarkan Kategori Acne Skincare. Ketahui juga manfaat, dosis, cara konsumsi, aturan pakai dan efek samping obat dan vitamin di Halodoc.",bahasa_indonesia,"2022-05-20 11:02:56","2022-06-15 11:42:09",CC Token,CC Token
93,882,93,meta_keywords,Kategori Acne Treatment,bahasa_indonesia,"2022-05-20 11:02:56","2022-12-05 13:44:25",CC Token,CC Token
93,879,93,meta_title,Daftar Informasi obat dan vitamin - Halodoc - Kategori Acne Treatment,bahasa_indonesia,"2022-05-20 11:02:56","2022-12-05 13:44:25",CC Token,CC Token
93,880,93,name,Acne Treatment,bahasa_indonesia,"2022-05-20 11:02:56","2022-12-05 13:44:25",CC Token,CC Token
93,878,93,name,Acne Treatment,english,"2022-05-20 11:02:56","2022-12-05 13:44:25",CC Token,CC Token
93,883,93,seo_url, ,bahasa_indonesia,"2022-05-20 11:02:56","2022-05-20 11:02:56",CC Token,CC Token
93,884,93,seo_url, ,english,"2022-05-20 11:08:17","2022-05-20 11:08:17",CC Token,CC Token
653,4370,653,blibli_category_ids,AK-1000195,bahasa_indonesia,"2023-09-29 13:52:11","2023-09-29 13:52:11",Dev,Dev
653,3833,653,meta_description,Temukan Produk Olahraga & Aktivitas Luar Ruang > Fitness > Aksesoris Fitness paling lengkap hanya di Halodoc. Konsultasi obat dengan dokter ? Order obat di Halodoc ? #TenangMenjaga,bahasa_indonesia,"2023-09-05 09:57:35","2023-09-05 09:57:35",Dev,Dev
653,3834,653,meta_keywords,Produk Olahraga & Aktivitas Luar Ruang > Fitness > Aksesoris Fitness Obat Perawatan Halodoc,bahasa_indonesia,"2023-09-05 09:57:35","2023-09-05 09:57:35",Dev,Dev
653,3835,653,name,Olahraga & Aktivitas Luar Ruang > Fitness > Aksesoris Fitness,bahasa_indonesia,"2023-09-05 09:57:35","2023-09-05 09:57:35",Dev,Dev
653,3832,653,name,Olahraga & Aktivitas Luar Ruang > Fitness > Aksesoris Fitness,english,"2023-09-05 09:57:35","2023-09-05 09:57:35",Dev,Dev
691,4474,691,blibli_category_ids,AK-1000268,bahasa_indonesia,"2023-09-29 13:52:17","2023-09-29 13:52:17",Dev,Dev
691,3984,691,meta_description,Temukan Produk Ibu & Anak > Ibu Hamil & Menyusui > Aksesoris Ibu Hamil & Menyusui paling lengkap hanya di Halodoc. Konsultasi obat dengan dokter ? Order obat di Halodoc ? #TenangMenjaga,bahasa_indonesia,"2023-09-05 09:57:37","2023-09-05 09:57:37",Dev,Dev
691,3985,691,meta_keywords,Produk Ibu & Anak > Ibu Hamil & Menyusui > Aksesoris Ibu Hamil & Menyusui Obat Perawatan Halodoc,bahasa_indonesia,"2023-09-05 09:57:37","2023-09-05 09:57:37",Dev,Dev
691,3986,691,name,Ibu & Anak > Ibu Hamil & Menyusui > Aksesoris Ibu Hamil & Menyusui,bahasa_indonesia,"2023-09-05 09:57:37","2023-09-05 09:57:37",Dev,Dev
691,3987,691,name,Ibu & Anak > Ibu Hamil & Menyusui > Aksesoris Ibu Hamil & Menyusui,english,"2023-09-05 09:57:37","2023-09-05 09:57:37",Dev,Dev
664,4379,664,blibli_category_ids,AL-1000049,bahasa_indonesia,"2023-09-29 13:52:11","2023-09-29 13:52:11",Dev,Dev
664,3876,664,meta_description,Temukan Produk Kesehatan & Kecantikan > Peralatan Medis > Alat Monitor Kesehatan paling lengkap hanya di Halodoc. Konsultasi obat dengan dokter ? Order obat di Halodoc ? #TenangMenjaga,bahasa_indonesia,"2023-09-05 09:57:36","2023-09-05 09:57:36",Dev,Dev
664,3877,664,meta_keywords,Produk Kesehatan & Kecantikan > Peralatan Medis > Alat Monitor Kesehatan Obat Perawatan Halodoc,bahasa_indonesia,"2023-09-05 09:57:36","2023-09-05 09:57:36",Dev,Dev
664,3878,664,name,Kesehatan & Kecantikan > Peralatan Medis > Alat Monitor Kesehatan,bahasa_indonesia,"2023-09-05 09:57:36","2023-09-05 09:57:36",Dev,Dev
664,3879,664,name,Kesehatan & Kecantikan > Peralatan Medis > Alat Monitor Kesehatan,english,"2023-09-05 09:57:36","2023-09-05 09:57:36",Dev,Dev
625,4399,625,blibli_category_ids,AL-1000053,bahasa_indonesia,"2023-09-29 13:52:12","2023-09-29 13:52:12",Dev,Dev
625,3722,625,meta_description,Temukan Produk Kesehatan & Kecantikan > Peralatan Medis > Perlengkapan Medis > Alat Bantu Medis paling lengkap hanya di Halodoc. Konsultasi obat dengan dokter ? Order obat di Halodoc ? #TenangMenjaga,bahasa_indonesia,"2023-09-05 09:57:33","2023-09-05 09:57:33",Dev,Dev
625,3723,625,meta_keywords,Produk Kesehatan & Kecantikan > Peralatan Medis > Perlengkapan Medis > Alat Bantu Medis Obat Perawatan Halodoc,bahasa_indonesia,"2023-09-05 09:57:33","2023-09-05 09:57:33",Dev,Dev
625,4301,625,meta_title,Kesehatan & Kecantikan > Peralatan Medis > Perlengkapan Medis > Alat B,bahasa_indonesia,"2023-09-19 17:34:23","2023-09-19 17:34:23",CC Token,CC Token
625,3720,625,name,Kesehatan & Kecantikan > Peralatan Medis > Perlengkapan Medis > Alat Bantu Medis,bahasa_indonesia,"2023-09-05 09:57:33","2023-09-05 09:57:33",Dev,Dev
625,3721,625,name,Kesehatan & Kecantikan > Peralatan Medis > Perlengkapan Medis > Alat Bantu Medis,english,"2023-09-05 09:57:33","2023-09-05 09:57:33",Dev,Dev
625,4300,625,seo_url, ,english,"2023-09-19 17:34:23","2023-09-19 17:34:23",CC Token,CC Token
672,4392,672,blibli_category_ids,AL-1000054,bahasa_indonesia,"2023-09-29 13:52:12","2023-09-29 13:52:12",Dev,Dev
672,3908,672,meta_description,Temukan Produk Kesehatan & Kecantikan > Peralatan Medis > Perlengkapan Medis > Alat Inhalasi & Nebulizer paling lengkap hanya di Halodoc. Konsultasi obat dengan dokter ? Order obat di Halodoc ? #TenangMenjaga,bahasa_indonesia,"2023-09-05 09:57:36","2023-09-05 09:57:36",Dev,Dev
672,3909,672,meta_keywords,Produk Kesehatan & Kecantikan > Peralatan Medis > Perlengkapan Medis > Alat Inhalasi & Nebulizer Obat Perawatan Halodoc,bahasa_indonesia,"2023-09-05 09:57:36","2023-09-05 09:57:36",Dev,Dev
672,3910,672,name,Kesehatan & Kecantikan > Peralatan Medis > Perlengkapan Medis > Alat Inhalasi & Nebulizer,bahasa_indonesia,"2023-09-05 09:57:36","2023-09-05 09:57:36",Dev,Dev
672,3911,672,name,Kesehatan & Kecantikan > Peralatan Medis > Perlengkapan Medis > Alat Inhalasi & Nebulizer,english,"2023-09-05 09:57:36","2023-09-05 09:57:36",Dev,Dev
24,220,24,meta_description,"Temukan berbagai macam jenis obat dan vitamin berdasarkan Kategori Alat Kesehatan. Ketahui juga manfaat, dosis, cara konsumsi, aturan pakai dan efek samping obat dan vitamin di Halodoc.",bahasa_indonesia,"2019-03-01 17:06:51","2019-03-01 17:06:51",Dev,Dev
24,217,24,meta_description, ,english,"2019-03-01 17:06:51","2019-03-01 17:06:51",Dev,Dev
24,216,24,meta_keywords,Kategori Alat Kesehatan,bahasa_indonesia,"2019-03-01 17:06:51","2019-03-01 17:06:51",Dev,Dev
24,219,24,meta_keywords, ,english,"2019-03-01 17:06:51","2019-03-01 17:06:51",Dev,Dev
24,218,24,meta_title,Daftar Informasi obat dan vitamin - Halodoc - Kategori Alat Kesehatan,bahasa_indonesia,"2019-03-01 17:06:51","2019-03-01 17:06:51",Dev,Dev
24,215,24,meta_title, ,english,"2019-03-01 17:06:51","2019-03-01 17:06:51",Dev,Dev
24,53,24,name,Alat Kesehatan,bahasa_indonesia,"2017-10-31 20:52:58","2017-10-31 20:52:58",Dev,Dev
24,24,24,name,Medical Device,english,"2017-10-31 20:52:56","2017-10-31 20:52:56",Dev,Dev
24,366,24,seo_url,https://halodoc-sumba.s3-ap-southeast-1.amazonaws.com/product-category-seo-information/product_category_seo_information_Alat%20Kesehatan.html,bahasa_indonesia,"2019-03-14 17:15:47","2019-03-19 13:04:49",Dev,Control Center
24,328,24,seo_url,https://halodoc-sumba.s3.ap-southeast-1.amazonaws.com/product-category-seo-information/product_category_seo_information_Alat%20Kesehatan.html,english,"2019-03-08 17:21:20","2020-03-20 08:01:10",Dev,Control Center
75,752,75,meta_description,"Temukan berbagai macam jenis obat dan vitamin berdasarkan Kategori Alat Monitoring Diabetes. Ketahui juga manfaat, dosis, cara konsumsi, aturan pakai dan efek samping obat dan vitamin di Halodoc.",bahasa_indonesia,"2021-06-22 11:14:59","2021-06-22 11:14:59",CC Token,CC Token
75,749,75,meta_keywords,Kategori Alat Monitoring Diabetes,bahasa_indonesia,"2021-06-22 11:14:59","2021-06-22 11:14:59",CC Token,CC Token
75,754,75,meta_title,Daftar Informasi obat dan vitamin - Halodoc - Kategori Alat Diabetes,bahasa_indonesia,"2021-06-22 11:14:59","2021-06-22 11:14:59",CC Token,CC Token
75,751,75,name,Alat Monitoring Diabetes,bahasa_indonesia,"2021-06-22 11:14:59","2021-06-22 11:14:59",CC Token,CC Token
75,750,75,name,Diabetes Monitoring Device,english,"2021-06-22 11:14:59","2021-06-22 11:14:59",CC Token,CC Token
75,753,75,seo_url, ,bahasa_indonesia,"2021-06-22 11:14:59","2021-06-22 11:14:59",CC Token,CC Token
75,758,75,seo_url, ,english,"2021-06-23 11:32:56","2021-06-23 11:32:56",CC Token,CC Token
81,797,81,meta_description,"Temukan berbagai macam jenis obat dan vitamin berdasarkan Kategori Alat Monitoring Penyakit Jantung. Ketahui juga manfaat, dosis, cara konsumsi, aturan pakai dan efek samping obat dan vitamin di Halodoc.",bahasa_indonesia,"2021-08-27 16:24:12","2021-08-27 16:24:12",CC Token,CC Token
81,794,81,meta_keywords,Kategori Alat Monitoring Penyakit Jantung,bahasa_indonesia,"2021-08-27 16:24:12","2021-08-27 16:24:12",CC Token,CC Token
81,798,81,meta_title,Daftar Informasi obat dan vitamin - Halodoc - Kategori Alat Jantung,bahasa_indonesia,"2021-08-27 16:24:12","2021-08-27 16:24:12",CC Token,CC Token
81,796,81,name,Alat Monitoring Penyakit Jantung,bahasa_indonesia,"2021-08-27 16:24:12","2021-08-27 16:24:12",CC Token,CC Token
81,795,81,name,Heart Diseases Monitoring Device,english,"2021-08-27 16:24:12","2021-08-27 16:24:12",CC Token,CC Token
81,799,81,seo_url, ,bahasa_indonesia,"2021-08-27 16:24:12","2021-08-27 16:24:12",CC Token,CC Token
81,819,81,seo_url, ,english,"2021-08-27 16:51:41","2021-08-27 16:51:41",CC Token,CC Token
12,148,12,meta_description,Dapatkan informasi obat alergi paling lengkap hanya di Halodoc. Konsultasi obat dengan dokter ✓ Order obat di Halodoc ✓ #TenangAdaHalodoc,bahasa_indonesia,"2019-03-01 17:06:50","2022-03-14 12:29:40",Dev,CC Token
12,145,12,meta_description, ,english,"2019-03-01 17:06:50","2019-03-01 17:06:50",Dev,Dev
12,144,12,meta_keywords,Obat alergi,bahasa_indonesia,"2019-03-01 17:06:50","2022-03-14 12:29:40",Dev,CC Token
12,147,12,meta_keywords, ,english,"2019-03-01 17:06:50","2019-03-01 17:06:50",Dev,Dev
12,146,12,meta_title,"Informasi Obat Alergi, Dosis, Efek Samping - Halodoc",bahasa_indonesia,"2019-03-01 17:06:50","2022-03-14 12:29:40",Dev,CC Token
12,143,12,meta_title, ,english,"2019-03-01 17:06:50","2019-03-01 17:06:50",Dev,Dev
12,41,12,name,Alergi,bahasa_indonesia,"2017-10-31 20:52:57","2017-10-31 20:52:57",Dev,Dev
12,12,12,name,Allergy,english,"2017-10-31 20:52:55","2018-06-06 13:18:29",Dev,Control Center
12,354,12,seo_url,https://halodoc-sumba.s3-ap-southeast-1.amazonaws.com/product-category-seo-information/product_category_seo_information_Alergi.html,bahasa_indonesia,"2019-03-14 17:15:46","2019-03-19 13:08:11",Dev,Control Center
12,316,12,seo_url,https://halodoc-sumba.s3.ap-southeast-1.amazonaws.com/product-category-seo-information/product_category_seo_information_Alergi.html,english,"2019-03-08 17:21:20","2020-03-20 07:56:57",Dev,Control Center
688,4403,688,blibli_category_ids,AN-1000037,bahasa_indonesia,"2023-09-29 13:52:13","2023-09-29 13:52:13",Dev,Dev
688,3972,688,meta_description,Temukan Produk Kesehatan & Kecantikan > Perawatan Tubuh > Perawatan Kaki > Anti-Fungal Food Cream paling lengkap hanya di Halodoc. Konsultasi obat dengan dokter ? Order obat di Halodoc ? #TenangMenjaga,bahasa_indonesia,"2023-09-05 09:57:37","2023-09-05 09:57:37",Dev,Dev
688,3973,688,meta_keywords,Produk Kesehatan & Kecantikan > Perawatan Tubuh > Perawatan Kaki > Anti-Fungal Food Cream Obat Perawatan Halodoc,bahasa_indonesia,"2023-09-05 09:57:37","2023-09-05 09:57:37",Dev,Dev
688,3974,688,name,Kesehatan & Kecantikan > Perawatan Tubuh > Perawatan Kaki > Anti-Fungal Food Cream,bahasa_indonesia,"2023-09-05 09:57:37","2023-09-05 09:57:37",Dev,Dev
688,3975,688,name,Kesehatan & Kecantikan > Perawatan Tubuh > Perawatan Kaki > Anti-Fungal Food Cream,english,"2023-09-05 09:57:37","2023-09-05 09:57:37",Dev,Dev
727,4375,727,blibli_category_ids,AN-1000051,bahasa_indonesia,"2023-09-29 13:52:11","2023-09-29 13:52:11",Dev,Dev
727,4129,727,meta_description,Temukan Produk Bliblimart > Perawatan Kulit Tubuh > Perawatan Kulit Badan > Body Care > Anti Nyamuk & Serangga paling lengkap hanya di Halodoc. Konsultasi obat dengan dokter ? Order obat di Halodoc ? #TenangMenjaga,bahasa_indonesia,"2023-09-05 09:57:39","2023-09-05 09:57:39",Dev,Dev
727,4130,727,meta_keywords,Produk Bliblimart > Perawatan Kulit Tubuh > Perawatan Kulit Badan > Body Care > Anti Nyamuk & Serangga Obat Perawatan Halodoc,bahasa_indonesia,"2023-09-05 09:57:39","2023-09-05 09:57:39",Dev,Dev
727,4131,727,name,Bliblimart > Perawatan Kulit Tubuh > Perawatan Kulit Badan > Body Care > Anti Nyamuk & Serangga,bahasa_indonesia,"2023-09-05 09:57:39","2023-09-05 09:57:39",Dev,Dev
727,4128,727,name,Bliblimart > Perawatan Kulit Tubuh > Perawatan Kulit Badan > Body Care > Anti Nyamuk & Serangga,english,"2023-09-05 09:57:39","2023-09-05 09:57:39",Dev,Dev
34,280,34,meta_description,"Temukan berbagai macam jenis obat dan vitamin berdasarkan Kategori Anti Inflamasi. Ketahui juga manfaat, dosis, cara konsumsi, aturan pakai dan efek samping obat dan vitamin di Halodoc.",bahasa_indonesia,"2019-03-01 17:06:51","2019-03-01 17:06:51",Dev,Dev
34,277,34,meta_description, ,english,"2019-03-01 17:06:51","2019-03-01 17:06:51",Dev,Dev
34,276,34,meta_keywords,Kategori Anti Inflamasi,bahasa_indonesia,"2019-03-01 17:06:51","2019-03-01 17:06:51",Dev,Dev
34,279,34,meta_keywords, ,english,"2019-03-01 17:06:51","2019-03-01 17:06:51",Dev,Dev
34,278,34,meta_title,Daftar Informasi obat dan vitamin - Halodoc - Kategori Anti Inflamasi,bahasa_indonesia,"2019-03-01 17:06:51","2019-03-01 17:06:51",Dev,Dev
34,275,34,meta_title, ,english,"2019-03-01 17:06:51","2019-03-01 17:06:51",Dev,Dev
34,67,34,name,Anti Inflamasi,bahasa_indonesia,"2018-11-16 16:42:35","2018-11-16 16:42:35",Control Center,Control Center
34,68,34,name,Anti Inflammatory,english,"2018-11-16 16:42:35","2018-11-16 16:42:35",Control Center,Control Center
34,376,34,seo_url,https://halodoc-sumba.s3-ap-southeast-1.amazonaws.com/product-category-seo-information/product_category_seo_information_Anti%20Inflamasi.html,bahasa_indonesia,"2019-03-14 17:15:47","2019-03-19 16:33:10",Dev,Control Center
34,338,34,seo_url,https://halodoc-sumba.s3.ap-southeast-1.amazonaws.com/product-category-seo-information/product_category_seo_information_Anti%20Inflamasi.html,english,"2019-03-08 17:21:20","2020-03-20 07:58:12",Dev,Control Center
9,4791,9,blibli_category_ids,"",bahasa_indonesia,"2024-02-12 13:37:34","2024-02-12 13:37:34",CC Token,CC Token
9,130,9,meta_description,"Temukan berbagai macam jenis obat dan vitamin berdasarkan Kategori Anti Nyeri. Ketahui juga manfaat, dosis, cara konsumsi, aturan pakai dan efek samping obat dan vitamin di Halodoc.",bahasa_indonesia,"2019-03-01 17:06:49","2019-03-01 17:06:49",Dev,Dev
9,127,9,meta_description,"",english,"2019-03-01 17:06:49","2024-02-12 13:37:34",Dev,CC Token
9,126,9,meta_keywords,Kategori Anti Nyeri,bahasa_indonesia,"2019-03-01 17:06:49","2019-03-01 17:06:49",Dev,Dev
9,129,9,meta_keywords,"",english,"2019-03-01 17:06:49","2024-02-12 13:37:34",Dev,CC Token
9,128,9,meta_title,Daftar Informasi obat dan vitamin - Halodoc - Kategori Anti Nyeri,bahasa_indonesia,"2019-03-01 17:06:49","2019-03-01 17:06:49",Dev,Dev
9,125,9,meta_title,"",english,"2019-03-01 17:06:49","2024-02-12 13:37:34",Dev,CC Token
9,38,9,name,Anti Nyeri,bahasa_indonesia,"2017-10-31 20:52:57","2017-10-31 20:52:57",Dev,Dev
9,9,9,name,Pain Killer,english,"2017-10-31 20:52:55","2018-06-06 13:21:10",Dev,Control Center
9,351,9,seo_url,https://halodoc-sumba.s3-ap-southeast-1.amazonaws.com/product-category-seo-information/product_category_seo_information_Anti%20Nyeri.html,bahasa_indonesia,"2019-03-14 17:15:46","2019-03-19 13:11:49",Dev,Control Center
9,313,9,seo_url,https://halodoc-sumba.s3.ap-southeast-1.amazonaws.com/product-category-seo-information/product_category_seo_information_Anti%20Nyeri.html,english,"2019-03-08 17:21:20","2020-03-20 07:53:28",Dev,Control Center
9,4790,9,tokopedia_category_ids,"",bahasa_indonesia,"2024-02-12 13:37:34","2024-02-12 13:37:34",CC Token,CC Token
33,274,33,meta_description,Dapatkan informasi obat anti virus paling lengkap hanya di Halodoc. Konsultasi obat dengan dokter ✓ Order obat di Halodoc ✓ #TenangAdaHalodoc,bahasa_indonesia,"2019-03-01 17:06:51","2022-03-14 12:29:01",Dev,CC Token
33,271,33,meta_description, ,english,"2019-03-01 17:06:51","2019-03-01 17:06:51",Dev,Dev
33,270,33,meta_keywords,Anti Virus,bahasa_indonesia,"2019-03-01 17:06:51","2022-03-14 12:29:01",Dev,CC Token
33,273,33,meta_keywords, ,english,"2019-03-01 17:06:51","2019-03-01 17:06:51",Dev,Dev
33,272,33,meta_title,"Informasi Obat Anti Virus, Dosis, Efek Samping - Halodoc",bahasa_indonesia,"2019-03-01 17:06:51","2022-03-14 12:29:01",Dev,CC Token
33,269,33,meta_title, ,english,"2019-03-01 17:06:51","2019-03-01 17:06:51",Dev,Dev
33,66,33,name,Anti Virus,bahasa_indonesia,"2018-11-16 16:38:36","2018-11-16 16:38:36",Control Center,Control Center
33,65,33,name,Antiviral,english,"2018-11-16 16:38:36","2018-11-16 16:38:36",Control Center,Control Center
33,375,33,seo_url,https://halodoc-sumba.s3-ap-southeast-1.amazonaws.com/product-category-seo-information/product_category_seo_information_Anti%20Virus.html,bahasa_indonesia,"2019-03-14 17:15:47","2019-03-19 16:31:46",Dev,Control Center
33,337,33,seo_url,https://halodoc-sumba.s3.ap-southeast-1.amazonaws.com/product-category-seo-information/product_category_seo_information_Anti%20Virus.html,english,"2019-03-08 17:21:20","2020-03-20 08:06:11",Dev,Control Center
17,178,17,meta_description,Dapatkan informasi obat antibiotik paling lengkap hanya di Halodoc. Konsultasi obat dengan dokter ✓ Order obat di Halodoc ✓ #TenangAdaHalodoc,bahasa_indonesia,"2019-03-01 17:06:50","2022-03-14 12:30:52",Dev,CC Token
17,175,17,meta_description, ,english,"2019-03-01 17:06:50","2019-03-01 17:06:50",Dev,Dev
17,174,17,meta_keywords,Obat Antibiotik,bahasa_indonesia,"2019-03-01 17:06:50","2022-03-14 12:30:52",Dev,CC Token
17,177,17,meta_keywords, ,english,"2019-03-01 17:06:50","2019-03-01 17:06:50",Dev,Dev
17,176,17,meta_title,"Informasi Obat Antibiotik, Dosis, Efek Samping - Halodoc",bahasa_indonesia,"2019-03-01 17:06:50","2022-03-14 12:30:52",Dev,CC Token
17,173,17,meta_title, ,english,"2019-03-01 17:06:50","2019-03-01 17:06:50",Dev,Dev
17,46,17,name,Antibiotik & Anti Jamur,bahasa_indonesia,"2017-10-31 20:52:57","2021-05-28 18:25:11",Dev,CC Token
17,17,17,name,Antibiotics & Antifungal,english,"2017-10-31 20:52:55","2021-05-27 16:55:52",Dev,CC Token
17,359,17,seo_url,https://halodoc-sumba.s3-ap-southeast-1.amazonaws.com/product-category-seo-information/product_category_seo_information_Antibiotik.html,bahasa_indonesia,"2019-03-14 17:15:47","2019-03-19 13:14:22",Dev,Control Center
17,321,17,seo_url,https://halodoc-sumba.s3.ap-southeast-1.amazonaws.com/product-category-seo-information/product_category_seo_information_Antibiotik.html,english,"2019-03-08 17:21:20","2020-03-20 07:54:57",Dev,Control Center
18,184,18,meta_description,"Temukan berbagai macam jenis obat dan vitamin berdasarkan Kategori Antiseptik. Ketahui juga manfaat, dosis, cara konsumsi, aturan pakai dan efek samping obat dan vitamin di Halodoc.",bahasa_indonesia,"2019-03-01 17:06:50","2019-03-01 17:06:50",Dev,Dev
18,181,18,meta_description, ,english,"2019-03-01 17:06:50","2019-03-01 17:06:50",Dev,Dev
18,180,18,meta_keywords,Kategori Antiseptik,bahasa_indonesia,"2019-03-01 17:06:50","2019-03-01 17:06:50",Dev,Dev
18,183,18,meta_keywords, ,english,"2019-03-01 17:06:50","2019-03-01 17:06:50",Dev,Dev
18,182,18,meta_title,Daftar Informasi obat dan vitamin - Halodoc - Kategori Antiseptik,bahasa_indonesia,"2019-03-01 17:06:50","2019-03-01 17:06:50",Dev,Dev
18,179,18,meta_title, ,english,"2019-03-01 17:06:50","2019-03-01 17:06:50",Dev,Dev
18,47,18,name,Antiseptik,bahasa_indonesia,"2017-10-31 20:52:57","2017-10-31 20:52:57",Dev,Dev
18,18,18,name,Antiseptic,english,"2017-10-31 20:52:55","2018-06-06 13:24:15",Dev,Control Center
18,360,18,seo_url,https://halodoc-sumba.s3-ap-southeast-1.amazonaws.com/product-category-seo-information/product_category_seo_information_Antiseptik.html,bahasa_indonesia,"2019-03-14 17:15:47","2019-03-19 13:16:17",Dev,Control Center
18,322,18,seo_url,https://halodoc-sumba.s3.ap-southeast-1.amazonaws.com/product-category-seo-information/product_category_seo_information_Antiseptik.html,english,"2019-03-08 17:21:20","2020-03-20 08:05:16",Dev,Control Center
697,4475,697,blibli_category_ids,AR-1000014,bahasa_indonesia,"2023-09-29 13:52:17","2023-09-29 13:52:17",Dev,Dev
697,4010,697,meta_description,Temukan Produk Ibu & Anak > Keamanan Bayi dan Balita > Aromaterapi Anak & Diffuser paling lengkap hanya di Halodoc. Konsultasi obat dengan dokter ? Order obat di Halodoc ? #TenangMenjaga,bahasa_indonesia,"2023-09-05 09:57:38","2023-09-05 09:57:38",Dev,Dev
697,4011,697,meta_keywords,Produk Ibu & Anak > Keamanan Bayi dan Balita > Aromaterapi Anak & Diffuser Obat Perawatan Halodoc,bahasa_indonesia,"2023-09-05 09:57:38","2023-09-05 09:57:38",Dev,Dev
697,4008,697,name,Ibu & Anak > Keamanan Bayi dan Balita > Aromaterapi Anak & Diffuser,bahasa_indonesia,"2023-09-05 09:57:38","2023-09-05 09:57:38",Dev,Dev
697,4009,697,name,Ibu & Anak > Keamanan Bayi dan Balita > Aromaterapi Anak & Diffuser,english,"2023-09-05 09:57:38","2023-09-05 09:57:38",Dev,Dev
16,172,16,meta_description,Dapatkan informasi obat asma paling lengkap hanya di Halodoc. Konsultasi obat dengan dokter ✓ Order obat di Halodoc ✓ #TenangAdaHalodoc!,bahasa_indonesia,"2019-03-01 17:06:50","2022-04-07 09:04:51",Dev,CC Token
16,169,16,meta_description, ,english,"2019-03-01 17:06:50","2019-03-01 17:06:50",Dev,Dev
16,168,16,meta_keywords,obat asma,bahasa_indonesia,"2019-03-01 17:06:50","2022-04-07 09:04:51",Dev,CC Token
16,171,16,meta_keywords, ,english,"2019-03-01 17:06:50","2019-03-01 17:06:50",Dev,Dev
16,170,16,meta_title,"Informasi Obat Asma, Dosis, Efek Samping - Halodoc",bahasa_indonesia,"2019-03-01 17:06:50","2022-04-07 09:04:51",Dev,CC Token
16,167,16,meta_title, ,english,"2019-03-01 17:06:50","2019-03-01 17:06:50",Dev,Dev
16,45,16,name,Asma,bahasa_indonesia,"2017-10-31 20:52:57","2017-10-31 20:52:57",Dev,Dev
16,16,16,name,Asthma,english,"2017-10-31 20:52:55","2018-06-06 13:19:06",Dev,Control Center
16,358,16,seo_url,https://halodoc-sumba.s3-ap-southeast-1.amazonaws.com/product-category-seo-information/product_category_seo_information_Asma.html,bahasa_indonesia,"2019-03-14 17:15:47","2019-03-19 13:27:10",Dev,Control Center
16,320,16,seo_url,https://halodoc-sumba.s3.ap-southeast-1.amazonaws.com/product-category-seo-information/product_category_seo_information_Asma.html,english,"2019-03-08 17:21:20","2020-03-20 08:02:55",Dev,Control Center
32,268,32,meta_description, ,bahasa_indonesia,"2019-03-01 17:06:51","2019-03-01 17:06:51",Dev,Dev
32,265,32,meta_description, ,english,"2019-03-01 17:06:51","2019-03-01 17:06:51",Dev,Dev
32,264,32,meta_keywords, ,bahasa_indonesia,"2019-03-01 17:06:51","2019-03-01 17:06:51",Dev,Dev
32,267,32,meta_keywords, ,english,"2019-03-01 17:06:51","2019-03-01 17:06:51",Dev,Dev
32,266,32,meta_title, ,bahasa_indonesia,"2019-03-01 17:06:51","2019-03-01 17:06:51",Dev,Dev
32,263,32,meta_title, ,english,"2019-03-01 17:06:51","2019-03-01 17:06:51",Dev,Dev
32,63,32,name,Bayi,bahasa_indonesia,"2018-05-25 09:50:34","2018-05-25 09:50:34",Control Center,Control Center
32,64,32,name,Baby,english,"2018-05-25 09:50:34","2018-05-25 09:50:34",Control Center,Control Center
32,374,32,seo_url, ,bahasa_indonesia,"2019-03-14 17:15:47","2019-03-14 17:15:47",Dev,Dev
32,336,32,seo_url, ,english,"2019-03-08 17:21:20","2019-03-08 17:21:20",Dev,Dev
1,82,1,meta_description,Dapatkan informasi obat batuk dan flu paling lengkap hanya di Halodoc. Konsultasi obat dengan dokter ✓ Order obat di Halodoc ✓ #TenangAdaHalodoc,bahasa_indonesia,"2019-03-01 17:03:19","2022-03-14 12:24:59",Dev,CC Token
1,79,1,meta_description, ,english,"2019-03-01 17:03:19","2019-03-01 17:03:19",Dev,Dev
1,78,1,meta_keywords,Obat Batuk dan Flu,bahasa_indonesia,"2019-03-01 17:03:19","2022-03-14 12:31:31",Dev,CC Token
1,81,1,meta_keywords, ,english,"2019-03-01 17:03:19","2019-03-01 17:03:19",Dev,Dev
1,80,1,meta_title,"Informasi Obat Batuk dan Flu, Dosis, Efek Samping - Halodoc",bahasa_indonesia,"2019-03-01 17:03:19","2022-03-14 12:24:20",Dev,CC Token
1,77,1,meta_title, ,english,"2019-03-01 17:03:19","2019-03-01 17:03:19",Dev,Dev
1,30,1,name,Batuk dan Flu,bahasa_indonesia,"2017-10-31 20:52:56","2022-04-05 00:24:01",Dev,CC Token
1,1,1,name,Cough and Flu,english,"2017-10-31 20:51:58","2022-04-05 00:24:01",Dev,CC Token
1,343,1,seo_url,https://halodoc-sumba.s3-ap-southeast-1.amazonaws.com/product-category-seo-information/product_category_seo_information_Batuk%20dan%20Flu.html,bahasa_indonesia,"2019-03-14 17:15:46","2019-03-19 13:24:00",Dev,Control Center
1,305,1,seo_url,https://halodoc-sumba.s3.ap-southeast-1.amazonaws.com/product-category-seo-information/product_category_seo_information_Batuk%20dan%20Flu.html,english,"2019-03-08 17:19:26","2020-03-20 07:48:31",Dev,Control Center
701,4476,701,blibli_category_ids,BE-1000045,bahasa_indonesia,"2023-09-29 13:52:17","2023-09-29 13:52:17",Dev,Dev
701,4024,701,meta_description,"Temukan Produk Ibu & Anak > Peralatan Mandi & Perawatan Kulit > Bedak, Minyak dan Lotion Khusus Anak paling lengkap hanya di Halodoc. Konsultasi obat dengan dokter ? Order obat di Halodoc ? #TenangMenjaga",bahasa_indonesia,"2023-09-05 09:57:38","2023-09-05 09:57:38",Dev,Dev
701,4027,701,meta_keywords,"Produk Ibu & Anak > Peralatan Mandi & Perawatan Kulit > Bedak, Minyak dan Lotion Khusus Anak Obat Perawatan Halodoc",bahasa_indonesia,"2023-09-05 09:57:38","2023-09-05 09:57:38",Dev,Dev
701,4026,701,name,"Ibu & Anak > Peralatan Mandi & Perawatan Kulit > Bedak, Minyak dan Lotion Khusus Anak",bahasa_indonesia,"2023-09-05 09:57:38","2023-09-05 09:57:38",Dev,Dev
701,4025,701,name,"Ibu & Anak > Peralatan Mandi & Perawatan Kulit > Bedak, Minyak dan Lotion Khusus Anak",english,"2023-09-05 09:57:38","2023-09-05 09:57:38",Dev,Dev
622,4324,622,blibli_category_ids,BE-1000232,bahasa_indonesia,"2023-09-27 12:18:11","2023-09-27 12:27:02",CC Token,Dev
622,3708,622,meta_description,"Temukan Produk Bliblimart > Kebutuhan Ibu & Anak > Perawatan Mandi & Kulit Anak > Bedak, Minyak dan Lotion Bayi paling lengkap hanya di Halodoc. Konsultasi obat dengan dokter ? Order obat di Halodoc ? #TenangMenjaga",bahasa_indonesia,"2023-09-05 09:57:33","2023-09-05 09:57:33",Dev,Dev
622,3709,622,meta_keywords,"Produk Bliblimart > Kebutuhan Ibu & Anak > Perawatan Mandi & Kulit Anak > Bedak, Minyak dan Lotion Bayi Obat Perawatan Halodoc",bahasa_indonesia,"2023-09-05 09:57:33","2023-09-05 09:57:33",Dev,Dev
622,4322,622,meta_title,Bliblimart > Kebutuhan Ibu & Anak > Perawatan Mandi & Kulit Anak > Bed,bahasa_indonesia,"2023-09-27 12:18:11","2023-09-27 12:18:11",CC Token,CC Token
622,3710,622,name,"Bliblimart > Kebutuhan Ibu & Anak > Perawatan Mandi & Kulit Anak > Bedak, Minyak dan Lotion Bayi",bahasa_indonesia,"2023-09-05 09:57:33","2023-09-05 09:57:33",Dev,Dev
622,3711,622,name,"Bliblimart > Kebutuhan Ibu & Anak > Perawatan Mandi & Kulit Anak > Bedak, Minyak dan Lotion Bayi",english,"2023-09-05 09:57:33","2023-09-05 09:57:33",Dev,Dev
622,4323,622,seo_url, ,english,"2023-09-27 12:18:11","2023-09-27 12:18:11",CC Token,CC Token
622,4325,622,tokopedia_category_ids, ,bahasa_indonesia,"2023-09-27 12:18:11","2023-09-27 12:18:11",CC Token,CC Token
79,785,79,meta_description,"Temukan berbagai macam jenis obat dan vitamin berdasarkan Kategori Beauty Enhancer. Ketahui juga manfaat, dosis, cara konsumsi, aturan pakai dan efek samping obat dan vitamin di Halodoc.",bahasa_indonesia,"2021-08-18 10:39:41","2021-08-18 10:39:41",CC Token,CC Token
79,780,79,meta_keywords,Kategori Beauty Enhancer,bahasa_indonesia,"2021-08-18 10:39:41","2021-08-18 10:39:41",CC Token,CC Token
79,783,79,meta_title,Daftar Informasi obat dan vitamin - Halodoc - Kategori Beauty Enhancer,bahasa_indonesia,"2021-08-18 10:39:41","2021-08-18 10:39:41",CC Token,CC Token
79,784,79,name,Beauty Enhancer,bahasa_indonesia,"2021-08-18 10:39:41","2021-08-18 10:39:41",CC Token,CC Token
79,781,79,name,Beauty Enhancer,english,"2021-08-18 10:39:41","2021-08-18 10:39:41",CC Token,CC Token
79,782,79,seo_url, ,bahasa_indonesia,"2021-08-18 10:39:41","2021-08-18 10:39:41",CC Token,CC Token
79,792,79,seo_url, ,english,"2021-08-19 13:37:45","2021-08-19 13:37:45",CC Token,CC Token
91,864,91,meta_description,Dapatkan informasi bingkisan ramadan paling lengkap hanya di Halodoc. Konsultasi obat dengan dokter ✓ Order obat di Halodoc ✓ #TenangAdaHalodoc!,bahasa_indonesia,"2022-03-18 10:12:46","2022-04-06 12:40:48",CC Token,CC Token
91,866,91,meta_keywords, Bingkisan Ramadan,bahasa_indonesia,"2022-03-18 10:12:46","2022-04-06 12:40:48",CC Token,CC Token
91,869,91,meta_title,"Informasi Bingkisan Ramadan, Dosis, Efek Samping - Halodoc",bahasa_indonesia,"2022-03-18 10:12:46","2022-04-06 12:40:48",CC Token,CC Token
91,868,91,name,Bingkisan Ramadan,bahasa_indonesia,"2022-03-18 10:12:46","2022-03-18 10:12:46",CC Token,CC Token
91,867,91,name,Ramadan Hampers,english,"2022-03-18 10:12:46","2022-03-18 10:12:46",CC Token,CC Token
91,865,91,seo_url, ,bahasa_indonesia,"2022-03-18 10:12:46","2022-03-18 10:12:46",CC Token,CC Token
91,870,91,seo_url, ,english,"2022-03-18 10:14:55","2022-03-18 10:14:55",CC Token,CC Token
648,4440,648,blibli_category_ids,BO-1000065,bahasa_indonesia,"2023-09-29 13:52:15","2023-09-29 13:52:15",Dev,Dev
648,3814,648,meta_description,Temukan Produk Ibu & Anak > Perlengkapan Makan Anak > Botol Susu paling lengkap hanya di Halodoc. Konsultasi obat dengan dokter ? Order obat di Halodoc ? #TenangMenjaga,bahasa_indonesia,"2023-09-05 09:57:35","2023-09-05 09:57:35",Dev,Dev
648,3815,648,meta_keywords,Produk Ibu & Anak > Perlengkapan Makan Anak > Botol Susu Obat Perawatan Halodoc,bahasa_indonesia,"2023-09-05 09:57:35","2023-09-05 09:57:35",Dev,Dev
648,3812,648,name,Ibu & Anak > Perlengkapan Makan Anak > Botol Susu,bahasa_indonesia,"2023-09-05 09:57:35","2023-09-05 09:57:35",Dev,Dev
648,3813,648,name,Ibu & Anak > Perlengkapan Makan Anak > Botol Susu,english,"2023-09-05 09:57:35","2023-09-05 09:57:35",Dev,Dev
696,4451,696,blibli_category_ids,BO-1000086,bahasa_indonesia,"2023-09-29 13:52:15","2023-09-29 13:52:15",Dev,Dev
696,4004,696,meta_description,Temukan Produk Bliblimart > Perawatan Kulit Tubuh > Perawatan Kulit Badan > Body Care paling lengkap hanya di Halodoc. Konsultasi obat dengan dokter ? Order obat di Halodoc ? #TenangMenjaga,bahasa_indonesia,"2023-09-05 09:57:37","2023-09-05 09:57:37",Dev,Dev
696,4005,696,meta_keywords,Produk Bliblimart > Perawatan Kulit Tubuh > Perawatan Kulit Badan > Body Care Obat Perawatan Halodoc,bahasa_indonesia,"2023-09-05 09:57:37","2023-09-05 09:57:37",Dev,Dev
696,4006,696,name,Bliblimart > Perawatan Kulit Tubuh > Perawatan Kulit Badan > Body Care,bahasa_indonesia,"2023-09-05 09:57:37","2023-09-05 09:57:37",Dev,Dev
696,4007,696,name,Bliblimart > Perawatan Kulit Tubuh > Perawatan Kulit Badan > Body Care,english,"2023-09-05 09:57:37","2023-09-05 09:57:37",Dev,Dev
699,4452,699,blibli_category_ids,BO-1000090,bahasa_indonesia,"2023-09-29 13:52:15","2023-09-29 13:52:15",Dev,Dev
699,4017,699,meta_description,Temukan Produk Ibu & Anak > Perlengkapan Makan Anak > Botol Minum Anak paling lengkap hanya di Halodoc. Konsultasi obat dengan dokter ? Order obat di Halodoc ? #TenangMenjaga,bahasa_indonesia,"2023-09-05 09:57:38","2023-09-05 09:57:38",Dev,Dev
699,4018,699,meta_keywords,Produk Ibu & Anak > Perlengkapan Makan Anak > Botol Minum Anak Obat Perawatan Halodoc,bahasa_indonesia,"2023-09-05 09:57:38","2023-09-05 09:57:38",Dev,Dev
699,4019,699,name,Ibu & Anak > Perlengkapan Makan Anak > Botol Minum Anak,bahasa_indonesia,"2023-09-05 09:57:38","2023-09-05 09:57:38",Dev,Dev
699,4016,699,name,Ibu & Anak > Perlengkapan Makan Anak > Botol Minum Anak,english,"2023-09-05 09:57:38","2023-09-05 09:57:38",Dev,Dev
700,4430,700,blibli_category_ids,BU-1000061,bahasa_indonesia,"2023-09-29 13:52:14","2023-09-29 13:52:14",Dev,Dev
700,4020,700,meta_description,Temukan Produk Kesehatan & Kecantikan > Perawatan Tubuh > Body Care & Treatments > Bust & Nipple Care paling lengkap hanya di Halodoc. Konsultasi obat dengan dokter ? Order obat di Halodoc ? #TenangMenjaga,bahasa_indonesia,"2023-09-05 09:57:38","2023-09-05 09:57:38",Dev,Dev
700,4021,700,meta_keywords,Produk Kesehatan & Kecantikan > Perawatan Tubuh > Body Care & Treatments > Bust & Nipple Care Obat Perawatan Halodoc,bahasa_indonesia,"2023-09-05 09:57:38","2023-09-05 09:57:38",Dev,Dev
700,4022,700,name,Kesehatan & Kecantikan > Perawatan Tubuh > Body Care & Treatments > Bust & Nipple Care,bahasa_indonesia,"2023-09-05 09:57:38","2023-09-05 09:57:38",Dev,Dev
700,4023,700,name,Kesehatan & Kecantikan > Perawatan Tubuh > Body Care & Treatments > Bust & Nipple Care,english,"2023-09-05 09:57:38","2023-09-05 09:57:38",Dev,Dev
679,4401,679,blibli_category_ids,C-1000001,bahasa_indonesia,"2023-09-29 13:52:12","2023-09-29 13:52:12",Dev,Dev
679,3937,679,meta_description,Temukan Produk Bliblimart > Minuman > Sirup & Madu > Sirup paling lengkap hanya di Halodoc. Konsultasi obat dengan dokter ? Order obat di Halodoc ? #TenangMenjaga,bahasa_indonesia,"2023-09-05 09:57:37","2023-09-05 09:57:37",Dev,Dev
679,3938,679,meta_keywords,Produk Bliblimart > Minuman > Sirup & Madu > Sirup Obat Perawatan Halodoc,bahasa_indonesia,"2023-09-05 09:57:37","2023-09-05 09:57:37",Dev,Dev
679,3939,679,name,Bliblimart > Minuman > Sirup & Madu > Sirup,bahasa_indonesia,"2023-09-05 09:57:37","2023-09-05 09:57:37",Dev,Dev
679,3936,679,name,Bliblimart > Minuman > Sirup & Madu > Sirup,english,"2023-09-05 09:57:37","2023-09-05 09:57:37",Dev,Dev
628,4424,628,blibli_category_ids,CA-1000061,bahasa_indonesia,"2023-09-29 13:52:14","2023-09-29 13:52:14",Dev,Dev
628,3734,628,meta_description,Temukan Produk Bliblimart > Kebutuhan Ibu & Anak > Perawatan Mandi & Kulit Anak > Sabun Mandi Anak paling lengkap hanya di Halodoc. Konsultasi obat dengan dokter ? Order obat di Halodoc ? #TenangMenjaga,bahasa_indonesia,"2023-09-05 09:57:34","2023-09-05 09:57:34",Dev,Dev
628,3735,628,meta_keywords,Produk Bliblimart > Kebutuhan Ibu & Anak > Perawatan Mandi & Kulit Anak > Sabun Mandi Anak Obat Perawatan Halodoc,bahasa_indonesia,"2023-09-05 09:57:34","2023-09-05 09:57:34",Dev,Dev
628,3732,628,name,Bliblimart > Kebutuhan Ibu & Anak > Perawatan Mandi & Kulit Anak > Sabun Mandi Anak,bahasa_indonesia,"2023-09-05 09:57:34","2023-09-05 09:57:34",Dev,Dev
628,3733,628,name,Bliblimart > Kebutuhan Ibu & Anak > Perawatan Mandi & Kulit Anak > Sabun Mandi Anak,english,"2023-09-05 09:57:34","2023-09-05 09:57:34",Dev,Dev
693,4460,693,blibli_category_ids,CA-1000063,bahasa_indonesia,"2023-09-29 13:52:16","2023-09-29 13:52:16",Dev,Dev
693,3992,693,meta_description,Temukan Produk Bliblimart > Perawatan Rumah Tangga > Pengharum Ruangan > Cairan Pengharum Ruangan paling lengkap hanya di Halodoc. Konsultasi obat dengan dokter ? Order obat di Halodoc ? #TenangMenjaga,bahasa_indonesia,"2023-09-05 09:57:37","2023-09-05 09:57:37",Dev,Dev
693,3993,693,meta_keywords,Produk Bliblimart > Perawatan Rumah Tangga > Pengharum Ruangan > Cairan Pengharum Ruangan Obat Perawatan Halodoc,bahasa_indonesia,"2023-09-05 09:57:37","2023-09-05 09:57:37",Dev,Dev
693,3994,693,name,Bliblimart > Perawatan Rumah Tangga > Pengharum Ruangan > Cairan Pengharum Ruangan,bahasa_indonesia,"2023-09-05 09:57:37","2023-09-05 09:57:37",Dev,Dev
693,3995,693,name,Bliblimart > Perawatan Rumah Tangga > Pengharum Ruangan > Cairan Pengharum Ruangan,english,"2023-09-05 09:57:37","2023-09-05 09:57:37",Dev,Dev
677,4393,677,blibli_category_ids,CA-1000075,bahasa_indonesia,"2023-09-29 13:52:12","2023-09-29 13:52:12",Dev,Dev
677,3928,677,meta_description,"Temukan Produk Kesehatan & Kecantikan > Kesehatan Mulut & Gigi, Mata, Telinga > Cairan Softlens paling lengkap hanya di Halodoc. Konsultasi obat dengan dokter ? Order obat di Halodoc ? #TenangMenjaga",bahasa_indonesia,"2023-09-05 09:57:37","2023-09-05 09:57:37",Dev,Dev
677,3931,677,meta_keywords,"Produk Kesehatan & Kecantikan > Kesehatan Mulut & Gigi, Mata, Telinga > Cairan Softlens Obat Perawatan Halodoc",bahasa_indonesia,"2023-09-05 09:57:37","2023-09-05 09:57:37",Dev,Dev
677,3930,677,name,"Kesehatan & Kecantikan > Kesehatan Mulut & Gigi, Mata, Telinga > Cairan Softlens",bahasa_indonesia,"2023-09-05 09:57:37","2023-09-05 09:57:37",Dev,Dev
677,3929,677,name,"Kesehatan & Kecantikan > Kesehatan Mulut & Gigi, Mata, Telinga > Cairan Softlens",english,"2023-09-05 09:57:37","2023-09-05 09:57:37",Dev,Dev
63,672,63,meta_description,"Temukan berbagai macam jenis obat dan vitamin berdasarkan Kategori Alat Kesehatan. Ketahui juga manfaat, dosis, cara konsumsi, aturan pakai dan efek samping obat dan vitamin di Halodoc.",bahasa_indonesia,"2021-03-10 09:34:45","2021-03-10 09:34:45",CC Token,CC Token
63,668,63,meta_keywords,Kategori Carousel,bahasa_indonesia,"2021-03-10 09:34:45","2021-03-10 09:34:45",CC Token,CC Token
63,670,63,meta_title,Daftar Informasi obat dan vitamin - Halodoc - Kategori Carousel,bahasa_indonesia,"2021-03-10 09:34:45","2021-03-10 09:34:45",CC Token,CC Token
63,669,63,name,Carousel,bahasa_indonesia,"2021-03-10 09:34:45","2021-03-10 09:34:45",CC Token,CC Token
63,667,63,name,Carousel,english,"2021-03-10 09:34:45","2021-03-10 09:34:45",CC Token,CC Token
63,671,63,seo_url, ,bahasa_indonesia,"2021-03-10 09:34:45","2021-03-10 09:34:45",CC Token,CC Token
63,673,63,seo_url, ,english,"2021-03-10 09:46:01","2021-03-10 09:46:01",CC Token,CC Token
635,4362,635,blibli_category_ids,CH-1000019,bahasa_indonesia,"2023-09-29 13:52:10","2023-09-29 13:52:10",Dev,Dev
635,3760,635,meta_description,Temukan Produk Kesehatan & Kecantikan > Vitamin & Suplemen > Herbal > China paling lengkap hanya di Halodoc. Konsultasi obat dengan dokter ? Order obat di Halodoc ? #TenangMenjaga,bahasa_indonesia,"2023-09-05 09:57:34","2023-09-05 09:57:34",Dev,Dev
635,3761,635,meta_keywords,Produk Kesehatan & Kecantikan > Vitamin & Suplemen > Herbal > China Obat Perawatan Halodoc,bahasa_indonesia,"2023-09-05 09:57:34","2023-09-05 09:57:34",Dev,Dev
635,3762,635,name,Kesehatan & Kecantikan > Vitamin & Suplemen > Herbal > China,bahasa_indonesia,"2023-09-05 09:57:34","2023-09-05 09:57:34",Dev,Dev
635,3763,635,name,Kesehatan & Kecantikan > Vitamin & Suplemen > Herbal > China,english,"2023-09-05 09:57:34","2023-09-05 09:57:34",Dev,Dev
662,4419,662,blibli_category_ids,CL-1000022,bahasa_indonesia,"2023-09-29 13:52:13","2023-09-29 13:52:13",Dev,Dev
662,3868,662,meta_description,Temukan Produk Kesehatan & Kecantikan > Perawatan Wajah > Pembersih Wajah > Cleanser paling lengkap hanya di Halodoc. Konsultasi obat dengan dokter ? Order obat di Halodoc ? #TenangMenjaga,bahasa_indonesia,"2023-09-05 09:57:36","2023-09-05 09:57:36",Dev,Dev
662,3871,662,meta_keywords,Produk Kesehatan & Kecantikan > Perawatan Wajah > Pembersih Wajah > Cleanser Obat Perawatan Halodoc,bahasa_indonesia,"2023-09-05 09:57:36","2023-09-05 09:57:36",Dev,Dev
662,3870,662,name,Kesehatan & Kecantikan > Perawatan Wajah > Pembersih Wajah > Cleanser,bahasa_indonesia,"2023-09-05 09:57:36","2023-09-05 09:57:36",Dev,Dev
662,3869,662,name,Kesehatan & Kecantikan > Perawatan Wajah > Pembersih Wajah > Cleanser,english,"2023-09-05 09:57:36","2023-09-05 09:57:36",Dev,Dev
760,4433,760,blibli_category_ids,CO-1000056,bahasa_indonesia,"2023-09-29 13:52:14","2023-09-29 13:52:14",Dev,Dev
760,4279,760,meta_description,Temukan Produk Kesehatan & Kecantikan > Perawatan Rambut > Kondisioner paling lengkap hanya di Halodoc. Konsultasi obat dengan dokter ? Order obat di Halodoc ? #TenangMenjaga,bahasa_indonesia,"2023-09-19 16:49:20","2023-09-19 16:49:20",Dev,Dev
760,4277,760,meta_keywords,Produk Kesehatan & Kecantikan > Perawatan Rambut > Kondisioner Obat Perawatan Halodoc,bahasa_indonesia,"2023-09-19 16:49:20","2023-09-19 16:49:20",Dev,Dev
760,4276,760,name,Kesehatan & Kecantikan > Perawatan Rambut > Kondisioner,bahasa_indonesia,"2023-09-19 16:49:20","2023-09-19 16:49:20",Dev,Dev
760,4278,760,name,Kesehatan & Kecantikan > Perawatan Rambut > Kondisioner,english,"2023-09-19 16:49:20","2023-09-19 16:49:20",Dev,Dev
52,472,52,meta_description,"Temukan berbagai macam jenis obat dan vitamin berdasarkan Kategori Lensa Kontak. Ketahui juga manfaat, dosis, cara konsumsi, aturan pakai dan efek samping obat dan vitamin di Halodoc.",bahasa_indonesia,"2020-10-12 17:18:24","2020-10-12 17:18:24",CC Token,CC Token
52,475,52,meta_keywords,"Lensa Kontak, Contact Lenses",bahasa_indonesia,"2020-10-12 17:18:24","2020-10-12 17:18:24",CC Token,CC Token
52,474,52,meta_title,Daftar Informasi obat dan vitamin - Halodoc - Kategori Lensa Kontak,bahasa_indonesia,"2020-10-12 17:18:24","2020-10-12 17:18:24",CC Token,CC Token
52,477,52,name,Lensa Kontak,bahasa_indonesia,"2020-10-12 17:18:24","2020-10-12 17:18:24",CC Token,CC Token
52,473,52,name,Contact Lenses,english,"2020-10-12 17:18:24","2020-10-12 17:18:24",CC Token,CC Token
52,476,52,seo_url, ,bahasa_indonesia,"2020-10-12 17:18:24","2020-10-12 17:18:24",CC Token,CC Token
52,478,52,seo_url, ,english,"2020-10-14 10:00:17","2020-10-14 10:00:17",CC Token,CC Token
41,396,41,meta_description,Dapatkan informasi obat covid-19 paling lengkap hanya di Halodoc. Konsultasi obat dengan dokter ✓ Order obat di Halodoc ✓ #TenangAdaHalodoc,bahasa_indonesia,"2020-03-02 16:48:58","2022-03-14 12:28:31",Control Center,CC Token
41,398,41,meta_keywords,Cegah Corona,bahasa_indonesia,"2020-03-02 16:48:58","2022-03-14 12:28:31",Control Center,CC Token
41,395,41,meta_title,"Informasi Obat Covid-19, Dosis, Efek Samping - Halodoc",bahasa_indonesia,"2020-03-02 16:48:58","2022-03-14 12:28:31",Control Center,CC Token
41,399,41,name,COVID-19,bahasa_indonesia,"2020-03-02 16:48:58","2021-06-26 10:00:25",Control Center,CC Token
41,397,41,name,COVID-19,english,"2020-03-02 16:48:58","2021-06-26 10:00:25",Control Center,CC Token
41,400,41,seo_url, ,bahasa_indonesia,"2020-03-02 16:48:58","2020-03-02 16:48:58",Control Center,Control Center
41,401,41,seo_url,https://halodoc-sumba.s3.ap-southeast-1.amazonaws.com/product-category-seo-information/product_category_seo_information_covid_19.html,english,"2020-03-02 17:15:09","2021-06-30 10:58:58",Control Center,CC Token
675,4421,675,blibli_category_ids,CR-1000015,bahasa_indonesia,"2023-09-29 13:52:14","2023-09-29 13:52:14",Dev,Dev
675,3920,675,meta_description,Temukan Produk Kesehatan & Kecantikan > Perawatan Tubuh > Perawatan Kaki > Foot Creams & Lotions paling lengkap hanya di Halodoc. Konsultasi obat dengan dokter ? Order obat di Halodoc ? #TenangMenjaga,bahasa_indonesia,"2023-09-05 09:57:36","2023-09-05 09:57:36",Dev,Dev
675,3921,675,meta_keywords,Produk Kesehatan & Kecantikan > Perawatan Tubuh > Perawatan Kaki > Foot Creams & Lotions Obat Perawatan Halodoc,bahasa_indonesia,"2023-09-05 09:57:36","2023-09-05 09:57:36",Dev,Dev
675,3922,675,name,Kesehatan & Kecantikan > Perawatan Tubuh > Perawatan Kaki > Foot Creams & Lotions,bahasa_indonesia,"2023-09-05 09:57:36","2023-09-05 09:57:36",Dev,Dev
675,3923,675,name,Kesehatan & Kecantikan > Perawatan Tubuh > Perawatan Kaki > Foot Creams & Lotions,english,"2023-09-05 09:57:36","2023-09-05 09:57:36",Dev,Dev
761,4415,761,blibli_category_ids,CR-1000016,bahasa_indonesia,"2023-09-29 13:52:13","2023-09-29 13:52:13",Dev,Dev
761,4280,761,meta_description,Temukan Produk Bliblimart > Perawatan Kulit Tubuh > Kesehatan Rambut > Perawatan Intensif Rambut > Hair Tonic paling lengkap hanya di Halodoc. Konsultasi obat dengan dokter ? Order obat di Halodoc ? #TenangMenjaga,bahasa_indonesia,"2023-09-19 16:49:20","2023-09-19 16:49:20",Dev,Dev
761,4282,761,meta_keywords,Produk Bliblimart > Perawatan Kulit Tubuh > Kesehatan Rambut > Perawatan Intensif Rambut > Hair Tonic Obat Perawatan Halodoc,bahasa_indonesia,"2023-09-19 16:49:20","2023-09-19 16:49:20",Dev,Dev
761,4281,761,name,Bliblimart > Perawatan Kulit Tubuh > Kesehatan Rambut > Perawatan Intensif Rambut > Hair Tonic,bahasa_indonesia,"2023-09-19 16:49:20","2023-09-19 16:49:20",Dev,Dev
761,4283,761,name,Bliblimart > Perawatan Kulit Tubuh > Kesehatan Rambut > Perawatan Intensif Rambut > Hair Tonic,english,"2023-09-19 16:49:20","2023-09-19 16:49:20",Dev,Dev
733,4382,733,blibli_category_ids,CU-1000012,bahasa_indonesia,"2023-09-29 13:52:11","2023-09-29 13:52:11",Dev,Dev
733,4152,733,meta_description,Temukan Produk Bliblimart > Sembako & Bumbu Masak > Bumbu Masak > Cuka paling lengkap hanya di Halodoc. Konsultasi obat dengan dokter ? Order obat di Halodoc ? #TenangMenjaga,bahasa_indonesia,"2023-09-05 09:57:39","2023-09-05 09:57:39",Dev,Dev
733,4153,733,meta_keywords,Produk Bliblimart > Sembako & Bumbu Masak > Bumbu Masak > Cuka Obat Perawatan Halodoc,bahasa_indonesia,"2023-09-05 09:57:39","2023-09-05 09:57:39",Dev,Dev
733,4154,733,name,Bliblimart > Sembako & Bumbu Masak > Bumbu Masak > Cuka,bahasa_indonesia,"2023-09-05 09:57:39","2023-09-05 09:57:39",Dev,Dev
733,4155,733,name,Bliblimart > Sembako & Bumbu Masak > Bumbu Masak > Cuka,english,"2023-09-05 09:57:39","2023-09-05 09:57:39",Dev,Dev
71,726,71,meta_description,"Temukan berbagai macam jenis obat dan vitamin berdasarkan Kategori Cuaca Panas. Ketahui juga manfaat, dosis, cara konsumsi, aturan pakai dan efek samping obat dan vitamin di Halodoc.",bahasa_indonesia,"2021-06-11 13:25:59","2023-04-25 09:42:53",CC Token,CC Token
71,724,71,meta_keywords,Kategori Cuaca Panas,bahasa_indonesia,"2021-06-11 13:25:59","2023-04-25 09:42:53",CC Token,CC Token
71,727,71,meta_title,Daftar Informasi obat dan vitamin - Halodoc - Kategori Cuaca Panas,bahasa_indonesia,"2021-06-11 13:25:59","2023-04-25 09:42:53",CC Token,CC Token
71,728,71,name,Cuaca Panas,bahasa_indonesia,"2021-06-11 13:25:59","2023-04-25 09:42:53",CC Token,CC Token
71,729,71,name,Cuaca Panas,english,"2021-06-11 13:25:59","2023-04-25 09:42:53",CC Token,CC Token
71,725,71,seo_url, ,bahasa_indonesia,"2021-06-11 13:25:59","2021-06-11 13:25:59",CC Token,CC Token
71,730,71,seo_url, ,english,"2021-06-11 15:04:56","2021-06-11 15:04:56",CC Token,CC Token
634,4388,634,blibli_category_ids,DA-1000036,bahasa_indonesia,"2023-09-29 13:52:12","2023-09-29 13:52:12",Dev,Dev
634,3756,634,meta_description,Temukan Produk Kesehatan & Kecantikan > Perawatan Wajah > Pelembab Wajah > Day paling lengkap hanya di Halodoc. Konsultasi obat dengan dokter ? Order obat di Halodoc ? #TenangMenjaga,bahasa_indonesia,"2023-09-05 09:57:34","2023-09-05 09:57:34",Dev,Dev
634,3759,634,meta_keywords,Produk Kesehatan & Kecantikan > Perawatan Wajah > Pelembab Wajah > Day Obat Perawatan Halodoc,bahasa_indonesia,"2023-09-05 09:57:34","2023-09-05 09:57:34",Dev,Dev
634,3758,634,name,Kesehatan & Kecantikan > Perawatan Wajah > Pelembab Wajah > Day,bahasa_indonesia,"2023-09-05 09:57:34","2023-09-05 09:57:34",Dev,Dev
634,3757,634,name,Kesehatan & Kecantikan > Perawatan Wajah > Pelembab Wajah > Day,english,"2023-09-05 09:57:34","2023-09-05 09:57:34",Dev,Dev
736,4412,736,blibli_category_ids,DE-1000061,bahasa_indonesia,"2023-09-29 13:52:13","2023-09-29 13:52:13",Dev,Dev
736,4182,736,meta_description,Temukan Produk Bliblimart > Kebutuhan Ibu & Anak > Perawatan Mandi & Kulit Anak > Deterjen & Pelembut Pakaian Bayi paling lengkap hanya di Halodoc. Konsultasi obat dengan dokter ? Order obat di Halodoc ? #TenangMenjaga,bahasa_indonesia,"2023-09-19 16:49:18","2023-09-19 16:49:18",Dev,Dev
736,4181,736,meta_keywords,Produk Bliblimart > Kebutuhan Ibu & Anak > Perawatan Mandi & Kulit Anak > Deterjen & Pelembut Pakaian Bayi Obat Perawatan Halodoc,bahasa_indonesia,"2023-09-19 16:49:18","2023-09-19 16:49:18",Dev,Dev
736,4180,736,name,Bliblimart > Kebutuhan Ibu & Anak > Perawatan Mandi & Kulit Anak > Deterjen & Pelembut Pakaian Bayi,bahasa_indonesia,"2023-09-19 16:49:18","2023-09-19 16:49:18",Dev,Dev
736,4183,736,name,Bliblimart > Kebutuhan Ibu & Anak > Perawatan Mandi & Kulit Anak > Deterjen & Pelembut Pakaian Bayi,english,"2023-09-19 16:49:18","2023-09-19 16:49:18",Dev,Dev
669,4354,669,blibli_category_ids,DE-1000062,bahasa_indonesia,"2023-09-29 13:52:10","2023-09-29 13:52:10",Dev,Dev
669,3898,669,meta_description,Temukan Produk Bliblimart > Perawatan Rumah Tangga > Pembersih Pakaian > Deterjen paling lengkap hanya di Halodoc. Konsultasi obat dengan dokter ? Order obat di Halodoc ? #TenangMenjaga,bahasa_indonesia,"2023-09-05 09:57:36","2023-09-05 09:57:36",Dev,Dev
669,3899,669,meta_keywords,Produk Bliblimart > Perawatan Rumah Tangga > Pembersih Pakaian > Deterjen Obat Perawatan Halodoc,bahasa_indonesia,"2023-09-05 09:57:36","2023-09-05 09:57:36",Dev,Dev
669,3896,669,name,Bliblimart > Perawatan Rumah Tangga > Pembersih Pakaian > Deterjen,bahasa_indonesia,"2023-09-05 09:57:36","2023-09-05 09:57:36",Dev,Dev
669,3897,669,name,Bliblimart > Perawatan Rumah Tangga > Pembersih Pakaian > Deterjen,english,"2023-09-05 09:57:36","2023-09-05 09:57:36",Dev,Dev
702,4477,702,blibli_category_ids,DE-1000063,bahasa_indonesia,"2023-09-29 13:52:17","2023-09-29 13:52:17",Dev,Dev
702,4030,702,meta_description,Temukan Produk Bliblimart > Perawatan Kulit Tubuh > Perawatan Kulit Badan > Deodoran & Antiperspirant paling lengkap hanya di Halodoc. Konsultasi obat dengan dokter ? Order obat di Halodoc ? #TenangMenjaga,bahasa_indonesia,"2023-09-05 09:57:38","2023-09-05 09:57:38",Dev,Dev
702,4031,702,meta_keywords,Produk Bliblimart > Perawatan Kulit Tubuh > Perawatan Kulit Badan > Deodoran & Antiperspirant Obat Perawatan Halodoc,bahasa_indonesia,"2023-09-05 09:57:38","2023-09-05 09:57:38",Dev,Dev
702,4028,702,name,Bliblimart > Perawatan Kulit Tubuh > Perawatan Kulit Badan > Deodoran & Antiperspirant,bahasa_indonesia,"2023-09-05 09:57:38","2023-09-05 09:57:38",Dev,Dev
702,4029,702,name,Bliblimart > Perawatan Kulit Tubuh > Perawatan Kulit Badan > Deodoran & Antiperspirant,english,"2023-09-05 09:57:38","2023-09-05 09:57:38",Dev,Dev
753,4359,753,blibli_category_ids,DE-1000110,bahasa_indonesia,"2023-09-29 13:52:10","2023-09-29 13:52:10",Dev,Dev
753,4251,753,meta_description,"Temukan Produk Kesehatan & Kecantikan > Kesehatan Mulut & Gigi, Mata, Telinga > Dental Tools paling lengkap hanya di Halodoc. Konsultasi obat dengan dokter ? Order obat di Halodoc ? #TenangMenjaga",bahasa_indonesia,"2023-09-19 16:49:20","2023-09-19 16:49:20",Dev,Dev
753,4248,753,meta_keywords,"Produk Kesehatan & Kecantikan > Kesehatan Mulut & Gigi, Mata, Telinga > Dental Tools Obat Perawatan Halodoc",bahasa_indonesia,"2023-09-19 16:49:20","2023-09-19 16:49:20",Dev,Dev
753,4249,753,name,"Kesehatan & Kecantikan > Kesehatan Mulut & Gigi, Mata, Telinga > Dental Tools",bahasa_indonesia,"2023-09-19 16:49:20","2023-09-19 16:49:20",Dev,Dev
753,4250,753,name,"Kesehatan & Kecantikan > Kesehatan Mulut & Gigi, Mata, Telinga > Dental Tools",english,"2023-09-19 16:49:20","2023-09-19 16:49:20",Dev,Dev
2,88,2,meta_description,Dapatkan informasi obat demam paling lengkap hanya di Halodoc. Konsultasi obat dengan dokter ✓ Order obat di Halodoc ✓ #TenangAdaHalodoc,bahasa_indonesia,"2019-03-01 17:06:38","2022-03-14 12:26:29",Dev,CC Token
2,85,2,meta_description, ,english,"2019-03-01 17:06:38","2019-03-01 17:06:38",Dev,Dev
2,84,2,meta_keywords,Obat Demam,bahasa_indonesia,"2019-03-01 17:06:38","2022-03-14 12:31:43",Dev,CC Token
2,87,2,meta_keywords, ,english,"2019-03-01 17:06:38","2019-03-01 17:06:38",Dev,Dev
2,86,2,meta_title,"Informasi Obat Demam, Dosis, Efek Samping - Halodoc",bahasa_indonesia,"2019-03-01 17:06:38","2022-03-14 12:26:29",Dev,CC Token
2,83,2,meta_title, ,english,"2019-03-01 17:06:38","2019-03-01 17:06:38",Dev,Dev
2,31,2,name,Demam,bahasa_indonesia,"2017-10-31 20:52:56","2017-10-31 20:52:56",Dev,Dev
2,2,2,name,Fever,english,"2017-10-31 20:52:54","2018-06-06 13:11:50",Dev,Control Center
2,344,2,seo_url,https://halodoc-sumba.s3-ap-southeast-1.amazonaws.com/product-category-seo-information/product_category_seo_information_Demam.html,bahasa_indonesia,"2019-03-14 17:15:46","2019-03-19 13:22:02",Dev,Control Center
2,306,2,seo_url,https://halodoc-sumba.s3.ap-southeast-1.amazonaws.com/product-category-seo-information/product_category_seo_information_Demam.html,english,"2019-03-08 17:21:19","2020-03-20 07:49:47",Dev,Control Center
38,304,38,meta_description, ,bahasa_indonesia,"2019-03-01 17:06:51","2019-03-01 17:06:51",Dev,Dev
38,301,38,meta_description, ,english,"2019-03-01 17:06:51","2019-03-01 17:06:51",Dev,Dev
38,300,38,meta_keywords, ,bahasa_indonesia,"2019-03-01 17:06:51","2019-03-01 17:06:51",Dev,Dev
38,303,38,meta_keywords, ,english,"2019-03-01 17:06:51","2019-03-01 17:06:51",Dev,Dev
38,302,38,meta_title, ,bahasa_indonesia,"2019-03-01 17:06:51","2019-03-01 17:06:51",Dev,Dev
38,299,38,meta_title, ,english,"2019-03-01 17:06:51","2019-03-01 17:06:51",Dev,Dev
38,76,38,name,Demam Berdarah,bahasa_indonesia,"2019-02-01 00:29:57","2019-02-01 00:29:57",Control Center,Control Center
38,75,38,name,Dengue Fever,english,"2019-02-01 00:29:57","2019-02-01 00:29:57",Control Center,Control Center
38,380,38,seo_url,https://halodoc-sumba.s3-ap-southeast-1.amazonaws.com/product-category-seo-information/product_category_seo_information_Demam%20Berdarah.html,bahasa_indonesia,"2019-03-14 17:15:47","2019-03-19 16:30:37",Dev,Control Center
38,342,38,seo_url, ,english,"2019-03-08 17:21:20","2019-03-08 17:21:20",Dev,Dev
619,4417,619,blibli_category_ids,DI-1000047,bahasa_indonesia,"2023-09-29 13:52:13","2023-09-29 13:52:13",Dev,Dev
619,3696,619,meta_description,Temukan Produk Kesehatan & Kecantikan > Peralatan Medis > Perlengkapan Medis > Disposable & Alat P3K paling lengkap hanya di Halodoc. Konsultasi obat dengan dokter ? Order obat di Halodoc ? #TenangMenjaga,bahasa_indonesia,"2023-09-05 09:57:33","2023-09-05 09:57:33",Dev,Dev
619,3697,619,meta_keywords,Produk Kesehatan & Kecantikan > Peralatan Medis > Perlengkapan Medis > Disposable & Alat P3K Obat Perawatan Halodoc,bahasa_indonesia,"2023-09-05 09:57:33","2023-09-05 09:57:33",Dev,Dev
619,4161,619,meta_title,Kesehatan & Kecantikan > Peralatan Medis > Perlengkapan Medis > Dispos,bahasa_indonesia,"2023-09-05 10:03:35","2023-09-05 10:03:35",CC Token,CC Token
619,3698,619,name,Kesehatan & Kecantikan > Peralatan Medis > Perlengkapan Medis > Disposable & Alat P3K,bahasa_indonesia,"2023-09-05 09:57:33","2023-09-05 09:57:33",Dev,Dev
619,3699,619,name,Kesehatan & Kecantikan > Peralatan Medis > Perlengkapan Medis > Disposable & Alat P3K,english,"2023-09-05 09:57:33","2023-09-05 09:57:33",Dev,Dev
619,4160,619,seo_url, ,english,"2023-09-05 10:03:35","2023-09-05 10:03:35",CC Token,CC Token
739,4348,739,blibli_category_ids,DI-1000091,bahasa_indonesia,"2023-09-29 13:52:09","2023-09-29 13:52:09",Dev,Dev
739,4192,739,meta_description,Temukan Produk Ibu & Anak > Keamanan Bayi dan Balita > Desinfektan dan Antiseptik Anak paling lengkap hanya di Halodoc. Konsultasi obat dengan dokter ? Order obat di Halodoc ? #TenangMenjaga,bahasa_indonesia,"2023-09-19 16:49:19","2023-09-19 16:49:19",Dev,Dev
739,4193,739,meta_keywords,Produk Ibu & Anak > Keamanan Bayi dan Balita > Desinfektan dan Antiseptik Anak Obat Perawatan Halodoc,bahasa_indonesia,"2023-09-19 16:49:19","2023-09-19 16:49:19",Dev,Dev
739,4194,739,name,Ibu & Anak > Keamanan Bayi dan Balita > Desinfektan dan Antiseptik Anak,bahasa_indonesia,"2023-09-19 16:49:19","2023-09-19 16:49:19",Dev,Dev
739,4195,739,name,Ibu & Anak > Keamanan Bayi dan Balita > Desinfektan dan Antiseptik Anak,english,"2023-09-19 16:49:19","2023-09-19 16:49:19",Dev,Dev
13,154,13,meta_description,"Temukan berbagai macam jenis obat dan vitamin berdasarkan Kategori Diabetes. Ketahui juga manfaat, dosis, cara konsumsi, aturan pakai dan efek samping obat dan vitamin di Halodoc.",bahasa_indonesia,"2019-03-01 17:06:50","2019-03-01 17:06:50",Dev,Dev
13,151,13,meta_description, ,english,"2019-03-01 17:06:50","2019-03-01 17:06:50",Dev,Dev
13,150,13,meta_keywords,Kategori Diabetes,bahasa_indonesia,"2019-03-01 17:06:50","2019-03-01 17:06:50",Dev,Dev
13,153,13,meta_keywords, ,english,"2019-03-01 17:06:50","2019-03-01 17:06:50",Dev,Dev
13,152,13,meta_title,Daftar Informasi obat dan vitamin - Halodoc - Kategori Diabetes,bahasa_indonesia,"2019-03-01 17:06:50","2019-03-01 17:06:50",Dev,Dev
13,149,13,meta_title, ,english,"2019-03-01 17:06:50","2019-03-01 17:06:50",Dev,Dev
13,42,13,name,Diabetes,bahasa_indonesia,"2017-10-31 20:52:57","2017-10-31 20:52:57",Dev,Dev
13,13,13,name,Diabetes,english,"2017-10-31 20:52:55","2017-10-31 20:52:55",Dev,Dev
13,355,13,seo_url,https://halodoc-sumba.s3-ap-southeast-1.amazonaws.com/product-category-seo-information/product_category_seo_information_Diabetes.html,bahasa_indonesia,"2019-03-14 17:15:46","2019-03-19 13:21:03",Dev,Control Center
13,317,13,seo_url,https://halodoc-sumba.s3.ap-southeast-1.amazonaws.com/product-category-seo-information/product_category_seo_information_Diabetes.html,english,"2019-03-08 17:21:20","2020-03-20 08:04:32",Dev,Control Center
5,106,5,meta_description,"Temukan berbagai macam jenis obat dan vitamin berdasarkan Kategori Diare. Ketahui juga manfaat, dosis, cara konsumsi, aturan pakai dan efek samping obat dan vitamin di Halodoc.",bahasa_indonesia,"2019-03-01 17:06:49","2019-03-01 17:06:49",Dev,Dev
5,103,5,meta_description, ,english,"2019-03-01 17:06:49","2019-03-01 17:06:49",Dev,Dev
5,102,5,meta_keywords,Kategori Diare,bahasa_indonesia,"2019-03-01 17:06:49","2019-03-01 17:06:49",Dev,Dev
5,105,5,meta_keywords, ,english,"2019-03-01 17:06:49","2019-03-01 17:06:49",Dev,Dev
5,104,5,meta_title,Daftar Informasi obat dan vitamin - Halodoc - Kategori Diare,bahasa_indonesia,"2019-03-01 17:06:49","2019-03-01 17:06:49",Dev,Dev
5,101,5,meta_title, ,english,"2019-03-01 17:06:49","2019-03-01 17:06:49",Dev,Dev
5,34,5,name,Diare,bahasa_indonesia,"2017-10-31 20:52:57","2017-10-31 20:52:57",Dev,Dev
5,5,5,name,Diarrhea,english,"2017-10-31 20:52:54","2018-06-06 13:23:53",Dev,Control Center
5,347,5,seo_url, ,bahasa_indonesia,"2019-03-14 17:15:46","2019-03-14 17:15:46",Dev,Dev
5,309,5,seo_url, ,english,"2019-03-08 17:21:19","2019-03-08 17:21:19",Dev,Dev
19,190,19,meta_description,Dapatkan informasi obat diet paling lengkap hanya di Halodoc. Konsultasi obat dengan dokter ✓ Order obat di Halodoc ✓ #TenangAdaHalodoc,bahasa_indonesia,"2019-03-01 17:06:50","2022-03-14 12:27:13",Dev,CC Token
19,187,19,meta_description, ,english,"2019-03-01 17:06:50","2019-03-01 17:06:50",Dev,Dev
19,186,19,meta_keywords,Diet,bahasa_indonesia,"2019-03-01 17:06:50","2022-03-14 12:27:13",Dev,CC Token
19,189,19,meta_keywords, ,english,"2019-03-01 17:06:50","2019-03-01 17:06:50",Dev,Dev
19,188,19,meta_title,"Informasi Obat Diet, Dosis, Efek Samping - Halodoc",bahasa_indonesia,"2019-03-01 17:06:50","2022-03-14 12:27:13",Dev,CC Token
19,185,19,meta_title, ,english,"2019-03-01 17:06:50","2019-03-01 17:06:50",Dev,Dev
19,48,19,name,Diet,bahasa_indonesia,"2017-10-31 20:52:58","2017-10-31 20:52:58",Dev,Dev
19,19,19,name,Dietary,english,"2017-10-31 20:52:55","2020-03-03 16:55:27",Dev,Control Center
19,361,19,seo_url,https://halodoc-sumba.s3-ap-southeast-1.amazonaws.com/product-category-seo-information/product_category_seo_information_Diet.html,bahasa_indonesia,"2019-03-14 17:15:47","2019-03-19 13:19:49",Dev,Control Center
19,323,19,seo_url,https://halodoc-sumba.s3.ap-southeast-1.amazonaws.com/product-category-seo-information/product_category_seo_information_Diet.html,english,"2019-03-08 17:21:20","2020-03-20 08:06:56",Dev,Control Center
655,4448,655,blibli_category_ids,DO-1000017,bahasa_indonesia,"2023-09-29 13:52:15","2023-09-29 13:52:15",Dev,Dev
655,3840,655,meta_description,Temukan Produk Ibu & Anak > Perlengkapan Makan Anak > Dot Bayi paling lengkap hanya di Halodoc. Konsultasi obat dengan dokter ? Order obat di Halodoc ? #TenangMenjaga,bahasa_indonesia,"2023-09-05 09:57:35","2023-09-05 09:57:35",Dev,Dev
655,3841,655,meta_keywords,Produk Ibu & Anak > Perlengkapan Makan Anak > Dot Bayi Obat Perawatan Halodoc,bahasa_indonesia,"2023-09-05 09:57:35","2023-09-05 09:57:35",Dev,Dev
655,3842,655,name,Ibu & Anak > Perlengkapan Makan Anak > Dot Bayi,bahasa_indonesia,"2023-09-05 09:57:35","2023-09-05 09:57:35",Dev,Dev
655,3843,655,name,Ibu & Anak > Perlengkapan Makan Anak > Dot Bayi,english,"2023-09-05 09:57:35","2023-09-05 09:57:35",Dev,Dev
45,426,45,meta_description,"Temukan berbagai macam jenis obat dan vitamin berdasarkan Kategori Erha. Ketahui juga manfaat, dosis, cara konsumsi, aturan pakai dan efek samping obat dan vitamin di Halodoc.",bahasa_indonesia,"2020-07-20 11:39:08","2020-07-20 11:39:08",CC Token,CC Token
45,427,45,meta_keywords,Kategori Erha,bahasa_indonesia,"2020-07-20 11:39:08","2020-07-20 11:39:08",CC Token,CC Token
45,425,45,meta_title,Daftar Informasi obat dan vitamin - Halodoc - Kategori Erha,bahasa_indonesia,"2020-07-20 11:39:08","2020-07-20 11:39:08",CC Token,CC Token
45,423,45,name,Erha,bahasa_indonesia,"2020-07-20 11:39:08","2020-07-20 11:39:08",CC Token,CC Token
45,424,45,name,Erha,english,"2020-07-20 11:39:08","2020-07-20 11:39:08",CC Token,CC Token
45,428,45,seo_url, ,bahasa_indonesia,"2020-07-20 11:39:08","2020-07-20 11:39:08",CC Token,CC Token
45,429,45,seo_url, ,english,"2020-07-20 11:41:08","2020-07-20 11:41:08",CC Token,CC Token
730,4411,730,blibli_category_ids,EY-1000018,bahasa_indonesia,"2023-09-29 13:52:13","2023-09-29 13:52:13",Dev,Dev
730,4140,730,meta_description,Temukan Produk Kesehatan & Kecantikan > Perawatan Wajah > Perawatan Mata > Eye Concentrates paling lengkap hanya di Halodoc. Konsultasi obat dengan dokter ? Order obat di Halodoc ? #TenangMenjaga,bahasa_indonesia,"2023-09-05 09:57:39","2023-09-05 09:57:39",Dev,Dev
730,4141,730,meta_keywords,Produk Kesehatan & Kecantikan > Perawatan Wajah > Perawatan Mata > Eye Concentrates Obat Perawatan Halodoc,bahasa_indonesia,"2023-09-05 09:57:39","2023-09-05 09:57:39",Dev,Dev
730,4142,730,name,Kesehatan & Kecantikan > Perawatan Wajah > Perawatan Mata > Eye Concentrates,bahasa_indonesia,"2023-09-05 09:57:39","2023-09-05 09:57:39",Dev,Dev
730,4143,730,name,Kesehatan & Kecantikan > Perawatan Wajah > Perawatan Mata > Eye Concentrates,english,"2023-09-05 09:57:39","2023-09-05 09:57:39",Dev,Dev
737,4383,737,blibli_category_ids,EY-1000020,bahasa_indonesia,"2023-09-29 13:52:11","2023-09-29 13:52:11",Dev,Dev
737,4184,737,meta_description,Temukan Produk Kesehatan & Kecantikan > Perawatan Wajah > Perawatan Mata > Eye Gels paling lengkap hanya di Halodoc. Konsultasi obat dengan dokter ? Order obat di Halodoc ? #TenangMenjaga,bahasa_indonesia,"2023-09-19 16:49:18","2023-09-19 16:49:18",Dev,Dev
737,4186,737,meta_keywords,Produk Kesehatan & Kecantikan > Perawatan Wajah > Perawatan Mata > Eye Gels Obat Perawatan Halodoc,bahasa_indonesia,"2023-09-19 16:49:18","2023-09-19 16:49:18",Dev,Dev
737,4185,737,name,Kesehatan & Kecantikan > Perawatan Wajah > Perawatan Mata > Eye Gels,bahasa_indonesia,"2023-09-19 16:49:18","2023-09-19 16:49:18",Dev,Dev
737,4187,737,name,Kesehatan & Kecantikan > Perawatan Wajah > Perawatan Mata > Eye Gels,english,"2023-09-19 16:49:18","2023-09-19 16:49:18",Dev,Dev
6,112,6,meta_description,Dapatkan informasi obat mata paling lengkap hanya di Halodoc. Konsultasi obat dengan dokter ✓ Order obat di Halodoc ✓ #TenangAdaHalodoc!,bahasa_indonesia,"2019-03-01 17:06:49","2022-04-06 14:25:40",Dev,CC Token
6,109,6,meta_description, ,english,"2019-03-01 17:06:49","2019-03-01 17:06:49",Dev,Dev
6,108,6,meta_keywords,obat mata,bahasa_indonesia,"2019-03-01 17:06:49","2022-04-06 14:25:40",Dev,CC Token
6,111,6,meta_keywords, ,english,"2019-03-01 17:06:49","2019-03-01 17:06:49",Dev,Dev
6,110,6,meta_title,"Informasi Obat Mata, Dosis, Efek Samping - Halodoc",bahasa_indonesia,"2019-03-01 17:06:49","2022-04-06 14:25:40",Dev,CC Token
6,107,6,meta_title, ,english,"2019-03-01 17:06:49","2019-03-01 17:06:49",Dev,Dev
6,35,6,name,Mata,bahasa_indonesia,"2017-10-31 20:52:57","2017-10-31 20:52:57",Dev,Dev
6,6,6,name,Eyes,english,"2017-10-31 20:52:54","2018-06-06 13:18:48",Dev,Control Center
6,348,6,seo_url,https://halodoc-sumba.s3-ap-southeast-1.amazonaws.com/product-category-seo-information/product_category_seo_information_eyes.html,bahasa_indonesia,"2019-03-14 17:15:46","2019-03-19 13:19:09",Dev,Control Center
6,310,6,seo_url,https://halodoc-sumba.s3.ap-southeast-1.amazonaws.com/product-category-seo-information/product_category_seo_information_eyes.html,english,"2019-03-08 17:21:19","2020-03-20 07:58:54",Dev,Control Center
78,777,78,meta_description,"Temukan berbagai macam jenis obat dan vitamin berdasarkan Kategori Feminine Care. Ketahui juga manfaat, dosis, cara konsumsi, aturan pakai dan efek samping obat dan vitamin di Halodoc.",bahasa_indonesia,"2021-08-05 16:37:37","2022-10-11 09:25:16",CC Token,CC Token
78,776,78,meta_keywords,Kategori Feminine Care,bahasa_indonesia,"2021-08-05 16:37:37","2022-10-11 09:25:16",CC Token,CC Token
78,772,78,meta_title,Daftar Informasi obat dan vitamin - Halodoc - Kategori Feminine Care,bahasa_indonesia,"2021-08-05 16:37:37","2022-10-11 09:25:16",CC Token,CC Token
78,773,78,name,Perawatan Kewanitaan,bahasa_indonesia,"2021-08-05 16:37:37","2022-10-11 09:24:44",CC Token,CC Token
78,775,78,name,Feminine Care,english,"2021-08-05 16:37:37","2022-10-11 09:24:44",CC Token,CC Token
78,774,78,seo_url, ,bahasa_indonesia,"2021-08-05 16:37:37","2021-08-05 16:37:37",CC Token,CC Token
78,778,78,seo_url, ,english,"2021-08-05 16:37:44","2021-08-05 16:37:44",CC Token,CC Token
29,250,29,meta_description,"Temukan berbagai macam jenis obat dan vitamin berdasarkan Kategori First Aid. Ketahui juga manfaat, dosis, cara konsumsi, aturan pakai dan efek samping obat dan vitamin di Halodoc.",bahasa_indonesia,"2019-03-01 17:06:51","2019-03-01 17:06:51",Dev,Dev
29,247,29,meta_description, ,english,"2019-03-01 17:06:51","2019-03-01 17:06:51",Dev,Dev
29,246,29,meta_keywords,Kategori First Aid,bahasa_indonesia,"2019-03-01 17:06:51","2019-03-01 17:06:51",Dev,Dev
29,249,29,meta_keywords, ,english,"2019-03-01 17:06:51","2019-03-01 17:06:51",Dev,Dev
29,248,29,meta_title,Daftar Informasi obat dan vitamin - Halodoc - Kategori First Aid,bahasa_indonesia,"2019-03-01 17:06:51","2019-03-01 17:06:51",Dev,Dev
29,245,29,meta_title, ,english,"2019-03-01 17:06:51","2019-03-01 17:06:51",Dev,Dev
29,58,29,name,P3K,bahasa_indonesia,"2017-10-31 20:52:58","2017-10-31 20:52:58",Dev,Dev
29,29,29,name,First Aid,english,"2017-10-31 20:52:56","2017-10-31 20:52:56",Dev,Dev
29,371,29,seo_url,https://halodoc-sumba.s3-ap-southeast-1.amazonaws.com/product-category-seo-information/product_category_seo_information_first%20aid.html,bahasa_indonesia,"2019-03-14 17:15:47","2019-03-19 13:49:08",Dev,Control Center
29,333,29,seo_url,https://halodoc-sumba.s3.ap-southeast-1.amazonaws.com/product-category-seo-information/product_category_seo_information_first%20aid.html,english,"2019-03-08 17:21:20","2020-03-20 08:02:12",Dev,Control Center
748,4456,748,blibli_category_ids,FO-1000035,bahasa_indonesia,"2023-09-29 13:52:16","2023-09-29 13:52:16",Dev,Dev
748,4230,748,meta_description,Temukan Produk Kesehatan & Kecantikan > Perawatan Wajah > Pembersih Wajah > Cleanser > Foam paling lengkap hanya di Halodoc. Konsultasi obat dengan dokter ? Order obat di Halodoc ? #TenangMenjaga,bahasa_indonesia,"2023-09-19 16:49:19","2023-09-19 16:49:19",Dev,Dev
748,4229,748,meta_keywords,Produk Kesehatan & Kecantikan > Perawatan Wajah > Pembersih Wajah > Cleanser > Foam Obat Perawatan Halodoc,bahasa_indonesia,"2023-09-19 16:49:19","2023-09-19 16:49:19",Dev,Dev
748,4228,748,name,Kesehatan & Kecantikan > Perawatan Wajah > Pembersih Wajah > Cleanser > Foam,bahasa_indonesia,"2023-09-19 16:49:19","2023-09-19 16:49:19",Dev,Dev
748,4231,748,name,Kesehatan & Kecantikan > Perawatan Wajah > Pembersih Wajah > Cleanser > Foam,english,"2023-09-19 16:49:19","2023-09-19 16:49:19",Dev,Dev
759,4350,759,blibli_category_ids,GA-1000090,bahasa_indonesia,"2023-09-29 13:52:09","2023-09-29 13:52:09",Dev,Dev
759,4272,759,meta_description,Temukan Produk Bliblimart > Sembako & Bumbu Masak > Bumbu Masak > Garam paling lengkap hanya di Halodoc. Konsultasi obat dengan dokter ? Order obat di Halodoc ? #TenangMenjaga,bahasa_indonesia,"2023-09-19 16:49:20","2023-09-19 16:49:20",Dev,Dev
759,4274,759,meta_keywords,Produk Bliblimart > Sembako & Bumbu Masak > Bumbu Masak > Garam Obat Perawatan Halodoc,bahasa_indonesia,"2023-09-19 16:49:20","2023-09-19 16:49:20",Dev,Dev
759,4273,759,name,Bliblimart > Sembako & Bumbu Masak > Bumbu Masak > Garam,bahasa_indonesia,"2023-09-19 16:49:20","2023-09-19 16:49:20",Dev,Dev
759,4275,759,name,Bliblimart > Sembako & Bumbu Masak > Bumbu Masak > Garam,english,"2023-09-19 16:49:20","2023-09-19 16:49:20",Dev,Dev
30,256,30,meta_description, ,bahasa_indonesia,"2019-03-01 17:06:51","2019-03-01 17:06:51",Dev,Dev
30,253,30,meta_description, ,english,"2019-03-01 17:06:51","2019-03-01 17:06:51",Dev,Dev
30,252,30,meta_keywords, ,bahasa_indonesia,"2019-03-01 17:06:51","2019-03-01 17:06:51",Dev,Dev
30,255,30,meta_keywords, ,english,"2019-03-01 17:06:51","2019-03-01 17:06:51",Dev,Dev
30,254,30,meta_title, ,bahasa_indonesia,"2019-03-01 17:06:51","2019-03-01 17:06:51",Dev,Dev
30,251,30,meta_title, ,english,"2019-03-01 17:06:51","2019-03-01 17:06:51",Dev,Dev
30,60,30,name,Generik,bahasa_indonesia,"2018-05-24 16:30:08","2018-05-24 16:30:08",Control Center,Control Center
30,59,30,name,Generik,english,"2018-05-24 16:30:08","2018-05-25 09:53:36",Control Center,Control Center
30,372,30,seo_url, ,bahasa_indonesia,"2019-03-14 17:15:47","2019-03-14 17:15:47",Dev,Dev
30,334,30,seo_url, ,english,"2019-03-08 17:21:20","2019-03-08 17:21:20",Dev,Dev
711,4396,711,blibli_category_ids,GU-1000012,bahasa_indonesia,"2023-09-29 13:52:12","2023-09-29 13:52:12",Dev,Dev
711,4066,711,meta_description,Temukan Produk Kesehatan & Kecantikan > Vitamin & Suplemen > Gula Diet paling lengkap hanya di Halodoc. Konsultasi obat dengan dokter ? Order obat di Halodoc ? #TenangMenjaga,bahasa_indonesia,"2023-09-05 09:57:38","2023-09-05 09:57:38",Dev,Dev
711,4067,711,meta_keywords,Produk Kesehatan & Kecantikan > Vitamin & Suplemen > Gula Diet Obat Perawatan Halodoc,bahasa_indonesia,"2023-09-05 09:57:38","2023-09-05 09:57:38",Dev,Dev
711,4064,711,name,Kesehatan & Kecantikan > Vitamin & Suplemen > Gula Diet,bahasa_indonesia,"2023-09-05 09:57:38","2023-09-05 09:57:38",Dev,Dev
711,4065,711,name,Kesehatan & Kecantikan > Vitamin & Suplemen > Gula Diet,english,"2023-09-05 09:57:38","2023-09-05 09:57:38",Dev,Dev
668,4486,668,blibli_category_ids,HA-1000088,bahasa_indonesia,"2023-09-29 13:52:17","2023-09-29 13:52:17",Dev,Dev
668,3892,668,meta_description,Temukan Produk Kesehatan & Kecantikan > Perawatan Tubuh > Perawatan Tangan > Hand Sanitizer paling lengkap hanya di Halodoc. Konsultasi obat dengan dokter ? Order obat di Halodoc ? #TenangMenjaga,bahasa_indonesia,"2023-09-05 09:57:36","2023-09-05 09:57:36",Dev,Dev
668,3895,668,meta_keywords,Produk Kesehatan & Kecantikan > Perawatan Tubuh > Perawatan Tangan > Hand Sanitizer Obat Perawatan Halodoc,bahasa_indonesia,"2023-09-05 09:57:36","2023-09-05 09:57:36",Dev,Dev
668,3894,668,name,Kesehatan & Kecantikan > Perawatan Tubuh > Perawatan Tangan > Hand Sanitizer,bahasa_indonesia,"2023-09-05 09:57:36","2023-09-05 09:57:36",Dev,Dev
668,3893,668,name,Kesehatan & Kecantikan > Perawatan Tubuh > Perawatan Tangan > Hand Sanitizer,english,"2023-09-05 09:57:36","2023-09-05 09:57:36",Dev,Dev
44,419,44,meta_description,"Temukan berbagai macam jenis obat dan vitamin berdasarkan Kategori Halofit. Ketahui juga manfaat, dosis, cara konsumsi, aturan pakai dan efek samping obat dan vitamin di Halodoc.",bahasa_indonesia,"2020-05-15 11:17:06","2020-05-15 11:17:06",Control Center,Control Center
44,416,44,meta_keywords,Kategori Halofit,bahasa_indonesia,"2020-05-15 11:17:06","2020-05-15 11:17:06",Control Center,Control Center
44,420,44,meta_title,Daftar Informasi obat dan vitamin - Halodoc - Kategori Halofit,bahasa_indonesia,"2020-05-15 11:17:06","2020-05-15 11:17:06",Control Center,Control Center
44,418,44,name,Halofit,bahasa_indonesia,"2020-05-15 11:17:06","2020-05-15 11:17:06",Control Center,Control Center
44,421,44,name,Halofit,english,"2020-05-15 11:17:06","2020-05-15 11:17:06",Control Center,Control Center
44,417,44,seo_url, ,bahasa_indonesia,"2020-05-15 11:17:06","2020-05-15 11:17:06",Control Center,Control Center
44,422,44,seo_url,https://halodoc-sumba.s3.ap-southeast-1.amazonaws.com/product-category-seo-information/product_category_seo_information_Halofit.html,english,"2020-05-15 11:17:13","2020-08-03 14:34:51",Control Center,CC Token
642,4447,642,blibli_category_ids,HE-1000014,bahasa_indonesia,"2023-09-29 13:52:15","2023-09-29 13:52:15",Dev,Dev
642,3789,642,meta_description,Temukan Produk Kesehatan & Kecantikan > Vitamin & Suplemen > Herbal paling lengkap hanya di Halodoc. Konsultasi obat dengan dokter ? Order obat di Halodoc ? #TenangMenjaga,bahasa_indonesia,"2023-09-05 09:57:35","2023-09-05 09:57:35",Dev,Dev
642,3790,642,meta_keywords,Produk Kesehatan & Kecantikan > Vitamin & Suplemen > Herbal Obat Perawatan Halodoc,bahasa_indonesia,"2023-09-05 09:57:35","2023-09-05 09:57:35",Dev,Dev
642,3791,642,name,Kesehatan & Kecantikan > Vitamin & Suplemen > Herbal,bahasa_indonesia,"2023-09-05 09:57:35","2023-09-05 09:57:35",Dev,Dev
642,3788,642,name,Kesehatan & Kecantikan > Vitamin & Suplemen > Herbal,english,"2023-09-05 09:57:35","2023-09-05 09:57:35",Dev,Dev
80,787,80,meta_description,"Temukan berbagai macam jenis obat dan vitamin berdasarkan Kategori Healthy Lifestyle. Ketahui juga manfaat, dosis, cara konsumsi, aturan pakai dan efek samping obat dan vitamin di Halodoc.",bahasa_indonesia,"2021-08-18 10:42:29","2021-08-18 10:42:29",CC Token,CC Token
80,788,80,meta_keywords,Kategori Healthy Lifestyle,bahasa_indonesia,"2021-08-18 10:42:29","2021-08-18 10:42:29",CC Token,CC Token
80,791,80,meta_title,Daftar Informasi obat dan vitamin - Halodoc-Kategori Healthy Lifestyle,bahasa_indonesia,"2021-08-18 10:42:29","2021-08-18 10:42:29",CC Token,CC Token
80,789,80,name,Healthy Lifestyle,bahasa_indonesia,"2021-08-18 10:42:29","2021-08-18 10:42:29",CC Token,CC Token
80,790,80,name,Healthy Lifestyle,english,"2021-08-18 10:42:29","2021-08-18 10:42:29",CC Token,CC Token
80,786,80,seo_url, ,bahasa_indonesia,"2021-08-18 10:42:29","2021-08-18 10:42:29",CC Token,CC Token
80,793,80,seo_url, ,english,"2021-08-19 13:38:03","2021-08-19 13:38:03",CC Token,CC Token
27,238,27,meta_description,"Temukan berbagai macam jenis obat dan vitamin berdasarkan Kategori Health Supplement. Ketahui juga manfaat, dosis, cara konsumsi, aturan pakai dan efek samping obat dan vitamin di Halodoc.",bahasa_indonesia,"2019-03-01 17:06:51","2019-03-01 17:06:51",Dev,Dev
27,235,27,meta_description, ,english,"2019-03-01 17:06:51","2019-03-01 17:06:51",Dev,Dev
27,234,27,meta_keywords,Kategori Health Supplement,bahasa_indonesia,"2019-03-01 17:06:51","2019-03-01 17:06:51",Dev,Dev
27,237,27,meta_keywords, ,english,"2019-03-01 17:06:51","2019-03-01 17:06:51",Dev,Dev
27,236,27,meta_title,Daftar Informasi obat dan vitamin - Halodoc - Kategori Health Supplement,bahasa_indonesia,"2019-03-01 17:06:51","2019-03-01 17:06:51",Dev,Dev
27,233,27,meta_title, ,english,"2019-03-01 17:06:51","2019-03-01 17:06:51",Dev,Dev
27,56,27,name,Suplemen Kesehatan,bahasa_indonesia,"2017-10-31 20:52:58","2017-10-31 20:52:58",Dev,Dev
27,27,27,name,Health Supplement,english,"2017-10-31 20:52:56","2017-10-31 20:52:56",Dev,Dev
27,369,27,seo_url, ,bahasa_indonesia,"2019-03-14 17:15:47","2019-03-14 17:15:47",Dev,Dev
27,331,27,seo_url, ,english,"2019-03-08 17:21:20","2019-03-08 17:21:20",Dev,Dev
54,490,54,meta_description,"Temukan berbagai macam jenis obat dan vitamin berdasarkan Kategori Alat Bantu Dengar. Ketahui juga manfaat, dosis, cara konsumsi, aturan pakai dan efek samping obat dan vitamin di Halodoc.",bahasa_indonesia,"2020-12-23 13:05:54","2020-12-23 13:05:54",CC Token,CC Token
54,486,54,meta_keywords,Kategori Alat Bantu Dengar,bahasa_indonesia,"2020-12-23 13:05:54","2020-12-23 13:05:54",CC Token,CC Token
54,491,54,meta_title,Daftar Informasi obat dan vitamin - Halodoc - KategorAlat Bantu Dengar,bahasa_indonesia,"2020-12-23 13:05:54","2021-01-27 15:38:46",CC Token,CC Token
54,488,54,name,Alat Bantu Dengar,bahasa_indonesia,"2020-12-23 13:05:54","2020-12-23 13:05:54",CC Token,CC Token
54,487,54,name,Hearing aids,english,"2020-12-23 13:05:54","2020-12-23 13:05:54",CC Token,CC Token
54,489,54,seo_url, ,bahasa_indonesia,"2020-12-23 13:05:54","2020-12-23 13:05:54",CC Token,CC Token
54,492,54,seo_url, ,english,"2020-12-23 13:06:15","2020-12-23 13:06:15",CC Token,CC Token
20,196,20,meta_description,Dapatkan informasi obat herbal paling lengkap hanya di Halodoc. Konsultasi obat dengan dokter ✓ Order obat di Halodoc ✓ #TenangAdaHalodoc!,bahasa_indonesia,"2019-03-01 17:06:50","2022-04-07 09:04:15",Dev,CC Token
20,193,20,meta_description, ,english,"2019-03-01 17:06:50","2019-03-01 17:06:50",Dev,Dev
20,192,20,meta_keywords,obat herbal,bahasa_indonesia,"2019-03-01 17:06:50","2022-04-07 09:04:15",Dev,CC Token
20,195,20,meta_keywords, ,english,"2019-03-01 17:06:50","2019-03-01 17:06:50",Dev,Dev
20,194,20,meta_title,"Informasi Obat Herbal, Dosis, Efek Samping - Halodoc",bahasa_indonesia,"2019-03-01 17:06:50","2022-04-07 09:04:15",Dev,CC Token
20,191,20,meta_title, ,english,"2019-03-01 17:06:50","2019-03-01 17:06:50",Dev,Dev
20,49,20,name,Herbal,bahasa_indonesia,"2017-10-31 20:52:58","2017-10-31 20:52:58",Dev,Dev
20,20,20,name,Herbal,english,"2017-10-31 20:52:55","2017-10-31 20:52:55",Dev,Dev
20,362,20,seo_url,https://halodoc-sumba.s3-ap-southeast-1.amazonaws.com/product-category-seo-information/product_category_seo_information_Herbal.html,bahasa_indonesia,"2019-03-14 17:15:47","2019-03-19 16:36:17",Dev,Control Center
20,324,20,seo_url,https://halodoc-sumba.s3.ap-southeast-1.amazonaws.com/product-category-seo-information/product_category_seo_information_Herbal.html,english,"2019-03-08 17:21:20","2020-03-20 07:57:42",Dev,Control Center
14,160,14,meta_description,Dapatkan informasi obat hipertensi paling lengkap hanya di Halodoc. Konsultasi obat dengan dokter ✓ Order obat di Halodoc ✓ #TenangAdaHalodoc,bahasa_indonesia,"2019-03-01 17:06:50","2022-03-14 12:30:19",Dev,CC Token
14,157,14,meta_description, ,english,"2019-03-01 17:06:50","2019-03-01 17:06:50",Dev,Dev
14,156,14,meta_keywords,Obat Hipertensi,bahasa_indonesia,"2019-03-01 17:06:50","2022-03-14 12:30:19",Dev,CC Token
14,159,14,meta_keywords, ,english,"2019-03-01 17:06:50","2019-03-01 17:06:50",Dev,Dev
14,158,14,meta_title,"Informasi Obat Hipertensi, Dosis, Efek Samping - Halodoc",bahasa_indonesia,"2019-03-01 17:06:50","2022-03-14 12:30:19",Dev,CC Token
14,155,14,meta_title, ,english,"2019-03-01 17:06:50","2019-03-01 17:06:50",Dev,Dev
14,43,14,name,Hipertensi,bahasa_indonesia,"2017-10-31 20:52:57","2017-10-31 20:52:57",Dev,Dev
14,14,14,name,Hypertension,english,"2017-10-31 20:52:55","2018-06-06 13:24:41",Dev,Control Center
14,356,14,seo_url,https://halodoc-sumba.s3-ap-southeast-1.amazonaws.com/product-category-seo-information/product_category_seo_information_Hipertensi.html,bahasa_indonesia,"2019-03-14 17:15:46","2019-03-19 13:34:07",Dev,Control Center
14,318,14,seo_url,https://halodoc-sumba.s3.ap-southeast-1.amazonaws.com/product-category-seo-information/product_category_seo_information_Hipertensi.html,english,"2019-03-08 17:21:20","2020-03-20 08:03:35",Dev,Control Center
60,523,60,meta_description,"Temukan berbagai macam jenis obat dan vitamin. Ketahui juga manfaat, dosis, cara konsumsi, aturan pakai dan efek samping obat dan vitamin di Halodoc.",bahasa_indonesia,"2021-01-19 12:41:04","2021-01-19 12:41:04",CC Token,CC Token
60,525,60,meta_keywords,Konsinyasi Produk Halofit,bahasa_indonesia,"2021-01-19 12:41:04","2021-01-19 12:41:04",CC Token,CC Token
60,524,60,meta_title,Daftar Informasi obat dan vitamin - Halodoc - Kategori Consigment,bahasa_indonesia,"2021-01-19 12:41:04","2021-01-19 12:41:04",CC Token,CC Token
60,528,60,name,HLFT Konsinyasi,bahasa_indonesia,"2021-01-19 12:41:04","2021-01-19 12:41:04",CC Token,CC Token
60,526,60,name,HLFT Consignment,english,"2021-01-19 12:41:04","2021-01-19 12:41:04",CC Token,CC Token
60,527,60,seo_url, ,bahasa_indonesia,"2021-01-19 12:41:04","2021-01-19 12:41:04",CC Token,CC Token
60,529,60,seo_url, ,english,"2021-01-19 12:41:17","2021-01-19 12:41:17",CC Token,CC Token
70,717,70,meta_description,"Temukan berbagai macam jenis obat dan vitamin berdasarkan Kategori HLFT-SH. Ketahui juga manfaat, dosis, cara konsumsi, aturan pakai dan efek samping obat dan vitamin di Halodoc.",bahasa_indonesia,"2021-06-08 11:25:53","2021-06-08 11:25:53",CC Token,CC Token
70,720,70,meta_keywords,Kategori HLFT Sehat Hemat,bahasa_indonesia,"2021-06-08 11:25:53","2021-06-08 11:25:53",CC Token,CC Token
70,719,70,meta_title,Daftar Informasi obat dan vitamin - Halodoc - Kategori HLFT-SH,bahasa_indonesia,"2021-06-08 11:25:53","2021-06-08 11:25:53",CC Token,CC Token
70,718,70,name,HLFT Sehat Hemat,bahasa_indonesia,"2021-06-08 11:25:53","2021-06-08 11:25:53",CC Token,CC Token
70,722,70,name,HLFT Sehat Hemat,english,"2021-06-08 11:25:53","2021-06-08 11:25:53",CC Token,CC Token
70,721,70,seo_url, ,bahasa_indonesia,"2021-06-08 11:25:53","2021-06-08 11:25:53",CC Token,CC Token
70,723,70,seo_url, ,english,"2021-06-08 11:42:45","2021-06-08 11:42:45",CC Token,CC Token
3,94,3,meta_description,"Temukan berbagai macam jenis obat dan vitamin berdasarkan Kategori Ibu dan Anak. Ketahui juga manfaat, dosis, cara konsumsi, aturan pakai dan efek samping obat dan vitamin di Halodoc.",bahasa_indonesia,"2019-03-01 17:06:38","2019-03-01 17:06:38",Dev,Dev
3,91,3,meta_description, ,english,"2019-03-01 17:06:38","2019-03-01 17:06:38",Dev,Dev
3,90,3,meta_keywords,Kategori Ibu dan Anak,bahasa_indonesia,"2019-03-01 17:06:38","2019-03-01 17:06:38",Dev,Dev
3,93,3,meta_keywords, ,english,"2019-03-01 17:06:38","2019-03-01 17:06:38",Dev,Dev
3,92,3,meta_title,Daftar Informasi obat dan vitamin - Halodoc - Kategori Ibu dan Anak,bahasa_indonesia,"2019-03-01 17:06:38","2019-03-01 17:06:38",Dev,Dev
3,89,3,meta_title, ,english,"2019-03-01 17:06:38","2019-03-01 17:06:38",Dev,Dev
3,32,3,name,Ibu dan Anak,bahasa_indonesia,"2017-10-31 20:52:56","2017-10-31 20:52:56",Dev,Dev
3,3,3,name,Mom & Kids,english,"2017-10-31 20:52:54","2018-06-11 09:12:06",Dev,Control Center
3,345,3,seo_url,https://halodoc-sumba.s3-ap-southeast-1.amazonaws.com/product-category-seo-information/product_category_seo_information_Ibu%20dan%20Anak.html,bahasa_indonesia,"2019-03-14 17:15:46","2019-03-19 13:32:41",Dev,Control Center
3,307,3,seo_url,https://halodoc-sumba.s3.ap-southeast-1.amazonaws.com/product-category-seo-information/product_category_seo_information_Ibu%20dan%20Anak.html,english,"2019-03-08 17:21:19","2020-03-20 08:04:04",Dev,Control Center
632,4437,632,blibli_category_ids,JA-1000092,bahasa_indonesia,"2023-09-29 13:52:15","2023-09-29 13:52:15",Dev,Dev
632,3748,632,meta_description,Temukan Produk Kesehatan & Kecantikan > Vitamin & Suplemen > Herbal > Jamu paling lengkap hanya di Halodoc. Konsultasi obat dengan dokter ? Order obat di Halodoc ? #TenangMenjaga,bahasa_indonesia,"2023-09-05 09:57:34","2023-09-05 09:57:34",Dev,Dev
632,3749,632,meta_keywords,Produk Kesehatan & Kecantikan > Vitamin & Suplemen > Herbal > Jamu Obat Perawatan Halodoc,bahasa_indonesia,"2023-09-05 09:57:34","2023-09-05 09:57:34",Dev,Dev
632,3750,632,name,Kesehatan & Kecantikan > Vitamin & Suplemen > Herbal > Jamu,bahasa_indonesia,"2023-09-05 09:57:34","2023-09-05 09:57:34",Dev,Dev
632,3751,632,name,Kesehatan & Kecantikan > Vitamin & Suplemen > Herbal > Jamu,english,"2023-09-05 09:57:34","2023-09-05 09:57:34",Dev,Dev
15,166,15,meta_description,"Temukan berbagai macam jenis obat dan vitamin berdasarkan Kategori Jantung. Ketahui juga manfaat, dosis, cara konsumsi, aturan pakai dan efek samping obat dan vitamin di Halodoc.",bahasa_indonesia,"2019-03-01 17:06:50","2019-03-01 17:06:50",Dev,Dev
15,163,15,meta_description, ,english,"2019-03-01 17:06:50","2019-03-01 17:06:50",Dev,Dev
15,162,15,meta_keywords,Kategori Jantung,bahasa_indonesia,"2019-03-01 17:06:50","2019-03-01 17:06:50",Dev,Dev
15,165,15,meta_keywords, ,english,"2019-03-01 17:06:50","2019-03-01 17:06:50",Dev,Dev
15,164,15,meta_title,Daftar Informasi obat dan vitamin - Halodoc - Kategori Jantung,bahasa_indonesia,"2019-03-01 17:06:50","2019-03-01 17:06:50",Dev,Dev
15,161,15,meta_title, ,english,"2019-03-01 17:06:50","2019-03-01 17:06:50",Dev,Dev
15,44,15,name,Jantung,bahasa_indonesia,"2017-10-31 20:52:57","2017-10-31 20:52:57",Dev,Dev
15,15,15,name,Heart Diseases,english,"2017-10-31 20:52:55","2018-06-06 13:19:33",Dev,Control Center
15,357,15,seo_url,https://halodoc-sumba.s3-ap-southeast-1.amazonaws.com/product-category-seo-information/product_category_seo_information_Jantung.html,bahasa_indonesia,"2019-03-14 17:15:47","2019-03-19 13:39:47",Dev,Control Center
15,319,15,seo_url,https://halodoc-sumba.s3.ap-southeast-1.amazonaws.com/product-category-seo-information/product_category_seo_information_Jantung.html,english,"2019-03-08 17:21:20","2020-03-20 08:01:40",Dev,Control Center
698,4488,698,blibli_category_ids,KA-1000185,bahasa_indonesia,"2023-09-29 13:52:18","2023-09-29 13:52:18",Dev,Dev
698,4012,698,meta_description,Temukan Produk Bliblimart > Perawatan Kulit Tubuh > Perawatan Kulit Wajah > Pembersih Kulit Wajah > Kapas Wajah paling lengkap hanya di Halodoc. Konsultasi obat dengan dokter ? Order obat di Halodoc ? #TenangMenjaga,bahasa_indonesia,"2023-09-05 09:57:38","2023-09-05 09:57:38",Dev,Dev
698,4015,698,meta_keywords,Produk Bliblimart > Perawatan Kulit Tubuh > Perawatan Kulit Wajah > Pembersih Kulit Wajah > Kapas Wajah Obat Perawatan Halodoc,bahasa_indonesia,"2023-09-05 09:57:38","2023-09-05 09:57:38",Dev,Dev
698,4014,698,name,Bliblimart > Perawatan Kulit Tubuh > Perawatan Kulit Wajah > Pembersih Kulit Wajah > Kapas Wajah,bahasa_indonesia,"2023-09-05 09:57:38","2023-09-05 09:57:38",Dev,Dev
698,4013,698,name,Bliblimart > Perawatan Kulit Tubuh > Perawatan Kulit Wajah > Pembersih Kulit Wajah > Kapas Wajah,english,"2023-09-05 09:57:38","2023-09-05 09:57:38",Dev,Dev
681,4444,681,blibli_category_ids,KA-1000191,bahasa_indonesia,"2023-09-29 13:52:15","2023-09-29 13:52:15",Dev,Dev
681,3944,681,meta_description,Temukan Produk Ibu & Anak > Ibu Hamil & Menyusui > Cooler Bag & Penyimpanan Asi > Kantong ASI paling lengkap hanya di Halodoc. Konsultasi obat dengan dokter ? Order obat di Halodoc ? #TenangMenjaga,bahasa_indonesia,"2023-09-05 09:57:37","2023-09-05 09:57:37",Dev,Dev
681,3945,681,meta_keywords,Produk Ibu & Anak > Ibu Hamil & Menyusui > Cooler Bag & Penyimpanan Asi > Kantong ASI Obat Perawatan Halodoc,bahasa_indonesia,"2023-09-05 09:57:37","2023-09-05 09:57:37",Dev,Dev
681,3946,681,name,Ibu & Anak > Ibu Hamil & Menyusui > Cooler Bag & Penyimpanan Asi > Kantong ASI,bahasa_indonesia,"2023-09-05 09:57:37","2023-09-05 09:57:37",Dev,Dev
681,3947,681,name,Ibu & Anak > Ibu Hamil & Menyusui > Cooler Bag & Penyimpanan Asi > Kantong ASI,english,"2023-09-05 09:57:37","2023-09-05 09:57:37",Dev,Dev
666,4371,666,blibli_category_ids,KE-1000119,bahasa_indonesia,"2023-09-29 13:52:11","2023-09-29 13:52:11",Dev,Dev
666,3884,666,meta_description,Temukan Produk Ibu & Anak > Peralatan Mandi & Perawatan Kulit > Kebersihan Bayi paling lengkap hanya di Halodoc. Konsultasi obat dengan dokter ? Order obat di Halodoc ? #TenangMenjaga,bahasa_indonesia,"2023-09-05 09:57:36","2023-09-05 09:57:36",Dev,Dev
666,3885,666,meta_keywords,Produk Ibu & Anak > Peralatan Mandi & Perawatan Kulit > Kebersihan Bayi Obat Perawatan Halodoc,bahasa_indonesia,"2023-09-05 09:57:36","2023-09-05 09:57:36",Dev,Dev
666,3886,666,name,Ibu & Anak > Peralatan Mandi & Perawatan Kulit > Kebersihan Bayi,bahasa_indonesia,"2023-09-05 09:57:36","2023-09-05 09:57:36",Dev,Dev
666,3887,666,name,Ibu & Anak > Peralatan Mandi & Perawatan Kulit > Kebersihan Bayi,english,"2023-09-05 09:57:36","2023-09-05 09:57:36",Dev,Dev
732,4406,732,blibli_category_ids,KE-1000142,bahasa_indonesia,"2023-09-29 13:52:13","2023-09-29 13:52:13",Dev,Dev
732,4150,732,meta_description,Temukan Produk Kesehatan & Kecantikan > 21+ Kesehatan Seksual paling lengkap hanya di Halodoc. Konsultasi obat dengan dokter ? Order obat di Halodoc ? #TenangMenjaga,bahasa_indonesia,"2023-09-05 09:57:39","2023-09-05 09:57:39",Dev,Dev
732,4151,732,meta_keywords,Produk Kesehatan & Kecantikan > 21+ Kesehatan Seksual Obat Perawatan Halodoc,bahasa_indonesia,"2023-09-05 09:57:39","2023-09-05 09:57:39",Dev,Dev
732,4148,732,name,Kesehatan & Kecantikan > 21+ Kesehatan Seksual,bahasa_indonesia,"2023-09-05 09:57:39","2023-09-05 09:57:39",Dev,Dev
732,4149,732,name,Kesehatan & Kecantikan > 21+ Kesehatan Seksual,english,"2023-09-05 09:57:39","2023-09-05 09:57:39",Dev,Dev
651,4364,651,blibli_category_ids,KE-1000172,bahasa_indonesia,"2023-09-29 13:52:10","2023-09-29 13:52:10",Dev,Dev
651,3824,651,meta_description,Temukan Produk Bliblimart > 21+ > Kesehatan Seksual paling lengkap hanya di Halodoc. Konsultasi obat dengan dokter ? Order obat di Halodoc ? #TenangMenjaga,bahasa_indonesia,"2023-09-05 09:57:35","2023-09-05 09:57:35",Dev,Dev
651,3825,651,meta_keywords,Produk Bliblimart > 21+ > Kesehatan Seksual Obat Perawatan Halodoc,bahasa_indonesia,"2023-09-05 09:57:35","2023-09-05 09:57:35",Dev,Dev
651,3826,651,name,Bliblimart > 21+ > Kesehatan Seksual,bahasa_indonesia,"2023-09-05 09:57:35","2023-09-05 09:57:35",Dev,Dev
651,3827,651,name,Bliblimart > 21+ > Kesehatan Seksual,english,"2023-09-05 09:57:35","2023-09-05 09:57:35",Dev,Dev
738,4454,738,blibli_category_ids,KE-1000175,bahasa_indonesia,"2023-09-29 13:52:16","2023-09-29 13:52:16",Dev,Dev
738,4190,738,meta_description,Temukan Produk Bliblimart > Kebutuhan Ibu & Anak > Perawatan Mandi & Kulit Anak > Sampo Anak paling lengkap hanya di Halodoc. Konsultasi obat dengan dokter ? Order obat di Halodoc ? #TenangMenjaga,bahasa_indonesia,"2023-09-19 16:49:19","2023-09-19 16:49:19",Dev,Dev
738,4189,738,meta_keywords,Produk Bliblimart > Kebutuhan Ibu & Anak > Perawatan Mandi & Kulit Anak > Sampo Anak Obat Perawatan Halodoc,bahasa_indonesia,"2023-09-19 16:49:19","2023-09-19 16:49:19",Dev,Dev
738,4188,738,name,Bliblimart > Kebutuhan Ibu & Anak > Perawatan Mandi & Kulit Anak > Sampo Anak,bahasa_indonesia,"2023-09-19 16:49:19","2023-09-19 16:49:19",Dev,Dev
738,4191,738,name,Bliblimart > Kebutuhan Ibu & Anak > Perawatan Mandi & Kulit Anak > Sampo Anak,english,"2023-09-19 16:49:19","2023-09-19 16:49:19",Dev,Dev
729,4376,729,blibli_category_ids,KE-1000177,bahasa_indonesia,"2023-09-29 13:52:11","2023-09-29 13:52:11",Dev,Dev
729,4137,729,meta_description,Temukan Produk Bliblimart > Perawatan Kulit Tubuh > Perawatan Kulit Wajah > Eye Care paling lengkap hanya di Halodoc. Konsultasi obat dengan dokter ? Order obat di Halodoc ? #TenangMenjaga,bahasa_indonesia,"2023-09-05 09:57:39","2023-09-05 09:57:39",Dev,Dev
729,4138,729,meta_keywords,Produk Bliblimart > Perawatan Kulit Tubuh > Perawatan Kulit Wajah > Eye Care Obat Perawatan Halodoc,bahasa_indonesia,"2023-09-05 09:57:39","2023-09-05 09:57:39",Dev,Dev
729,4139,729,name,Bliblimart > Perawatan Kulit Tubuh > Perawatan Kulit Wajah > Eye Care,bahasa_indonesia,"2023-09-05 09:57:39","2023-09-05 09:57:39",Dev,Dev
729,4136,729,name,Bliblimart > Perawatan Kulit Tubuh > Perawatan Kulit Wajah > Eye Care,english,"2023-09-05 09:57:39","2023-09-05 09:57:39",Dev,Dev
763,4466,763,blibli_category_ids,KE-1000178,bahasa_indonesia,"2023-09-29 13:52:16","2023-09-29 13:52:16",Dev,Dev
763,4288,763,meta_description,Temukan Produk Bliblimart > Perawatan Kulit Tubuh > Kesehatan Mulut & Gigi paling lengkap hanya di Halodoc. Konsultasi obat dengan dokter ? Order obat di Halodoc ? #TenangMenjaga,bahasa_indonesia,"2023-09-19 16:49:20","2023-09-19 16:49:20",Dev,Dev
763,4290,763,meta_keywords,Produk Bliblimart > Perawatan Kulit Tubuh > Kesehatan Mulut & Gigi Obat Perawatan Halodoc,bahasa_indonesia,"2023-09-19 16:49:20","2023-09-19 16:49:20",Dev,Dev
763,4289,763,name,Bliblimart > Perawatan Kulit Tubuh > Kesehatan Mulut & Gigi,bahasa_indonesia,"2023-09-19 16:49:20","2023-09-19 16:49:20",Dev,Dev
763,4291,763,name,Bliblimart > Perawatan Kulit Tubuh > Kesehatan Mulut & Gigi,english,"2023-09-19 16:49:20","2023-09-19 16:49:20",Dev,Dev
69,711,69,meta_description,"Temukan berbagai macam jenis obat dan vitamin berdasarkan Kebutuhan Anak. Ketahui juga manfaat, dosis, cara konsumsi, aturan pakai dan efek samping obat dan vitamin di Halodoc.",bahasa_indonesia,"2021-05-31 17:51:16","2021-05-31 17:51:16",CC Token,CC Token
69,714,69,meta_keywords,Kebutuhan Bayi dan Anak,bahasa_indonesia,"2021-05-31 17:51:16","2021-05-31 17:51:16",CC Token,CC Token
69,710,69,meta_title,Daftar Informasi obat dan vitamin - Halodoc - Kategori Kebutuhan Anak,bahasa_indonesia,"2021-05-31 17:51:16","2021-05-31 17:51:16",CC Token,CC Token
69,709,69,name,Kebutuhan Bayi & Anak,bahasa_indonesia,"2021-05-31 17:51:16","2021-05-31 17:51:16",CC Token,CC Token
69,712,69,name,Babies & Kids' Needs,english,"2021-05-31 17:51:16","2021-05-31 17:51:16",CC Token,CC Token
69,713,69,seo_url, ,bahasa_indonesia,"2021-05-31 17:51:16","2021-05-31 17:51:16",CC Token,CC Token
69,716,69,seo_url, ,english,"2021-06-04 15:58:44","2021-06-04 15:58:44",CC Token,CC Token
68,704,68,meta_description,"Temukan berbagai macam jenis obat dan vitamin berdasarkan Kategori Kebutuhan Ibu. Ketahui juga manfaat, dosis, cara konsumsi, aturan pakai dan efek samping obat dan vitamin di Halodoc.",bahasa_indonesia,"2021-05-31 17:43:06","2021-05-31 17:43:06",CC Token,CC Token
68,707,68,meta_keywords,Kategori Kebutuhan Ibu,bahasa_indonesia,"2021-05-31 17:43:06","2021-05-31 17:43:06",CC Token,CC Token
68,703,68,meta_title,Daftar Informasi obat dan vitamin - Halodoc - Kategori Kebutuhan Ibu,bahasa_indonesia,"2021-05-31 17:43:06","2021-05-31 17:43:06",CC Token,CC Token
68,706,68,name,Kebutuhan Ibu,bahasa_indonesia,"2021-05-31 17:43:06","2021-05-31 17:43:06",CC Token,CC Token
68,705,68,name,Mom's Needs,english,"2021-05-31 17:43:06","2021-05-31 17:43:06",CC Token,CC Token
68,708,68,seo_url, ,bahasa_indonesia,"2021-05-31 17:43:06","2021-05-31 17:43:06",CC Token,CC Token
68,715,68,seo_url, ,english,"2021-06-04 15:58:18","2021-06-04 15:58:18",CC Token,CC Token
77,771,77,meta_description,Dapatkan informasi kebutuhan pria paling lengkap hanya di Halodoc. Konsultasi obat dengan dokter ✓ Order obat di Halodoc ✓ #TenangAdaHalodoc!,bahasa_indonesia,"2021-08-05 16:35:13","2022-04-07 09:03:16",CC Token,CC Token
77,768,77,meta_keywords,Kebutuhan Pria,bahasa_indonesia,"2021-08-05 16:35:13","2022-04-07 09:03:16",CC Token,CC Token
77,767,77,meta_title,"Informasi Kebutuhan Pria, Dosis, Efek Samping - Halodoc",bahasa_indonesia,"2021-08-05 16:35:13","2022-04-07 09:03:16",CC Token,CC Token
77,766,77,name,Kebutuhan Pria,bahasa_indonesia,"2021-08-05 16:35:13","2021-08-05 16:35:13",CC Token,CC Token
77,770,77,name,Men's Care,english,"2021-08-05 16:35:13","2022-01-21 11:17:48",CC Token,CC Token
77,769,77,seo_url, ,bahasa_indonesia,"2021-08-05 16:35:13","2021-08-05 16:35:13",CC Token,CC Token
77,779,77,seo_url, ,english,"2021-08-05 17:08:39","2021-08-05 17:08:39",CC Token,CC Token
76,759,76,meta_description,Dapatkan informasi cek kesehatan mental paling lengkap hanya di Halodoc. Konsultasi obat dengan dokter ✓ Order obat di Halodoc ✓ #TenangAdaHalodoc!,bahasa_indonesia,"2021-07-16 14:15:01","2022-04-07 09:07:37",CC Token,CC Token
76,761,76,meta_keywords,Cek Kesehatan Mental,bahasa_indonesia,"2021-07-16 14:15:01","2022-04-07 09:07:37",CC Token,CC Token
76,764,76,meta_title,"Informasi Cek Kesehatan Mental, Dosis, Efek Samping - Halodoc",bahasa_indonesia,"2021-07-16 14:15:01","2022-04-07 09:07:37",CC Token,CC Token
76,760,76,name,Kesehatan Mental,bahasa_indonesia,"2021-07-16 14:15:01","2021-07-16 14:15:01",CC Token,CC Token
76,762,76,name,Mental Health,english,"2021-07-16 14:15:01","2021-07-16 14:15:01",CC Token,CC Token
76,763,76,seo_url, ,bahasa_indonesia,"2021-07-16 14:15:01","2021-07-16 14:15:01",CC Token,CC Token
76,765,76,seo_url, ,english,"2021-07-22 11:38:43","2021-07-22 11:38:43",CC Token,CC Token
623,4387,623,blibli_category_ids,KO-1000097,bahasa_indonesia,"2023-09-29 13:52:12","2023-09-29 13:52:12",Dev,Dev
623,3713,623,meta_description,Temukan Produk Bliblimart > 21+ > Kesehatan Seksual > Kondom paling lengkap hanya di Halodoc. Konsultasi obat dengan dokter ? Order obat di Halodoc ? #TenangMenjaga,bahasa_indonesia,"2023-09-05 09:57:33","2023-09-05 09:57:33",Dev,Dev
623,3714,623,meta_keywords,Produk Bliblimart > 21+ > Kesehatan Seksual > Kondom Obat Perawatan Halodoc,bahasa_indonesia,"2023-09-05 09:57:33","2023-09-05 09:57:33",Dev,Dev
623,3715,623,name,Bliblimart > 21+ > Kesehatan Seksual > Kondom,bahasa_indonesia,"2023-09-05 09:57:33","2023-09-05 09:57:33",Dev,Dev
623,3712,623,name,Bliblimart > 21+ > Kesehatan Seksual > Kondom,english,"2023-09-05 09:57:33","2023-09-05 09:57:33",Dev,Dev
689,4459,689,blibli_category_ids,KO-1000098,bahasa_indonesia,"2023-09-29 13:52:16","2023-09-29 13:52:16",Dev,Dev
689,3976,689,meta_description,Temukan Produk Bliblimart > Perawatan Kulit Tubuh > Perawatan Kulit Badan > Body Care > Koyo & Anti Nyeri Lainnya paling lengkap hanya di Halodoc. Konsultasi obat dengan dokter ? Order obat di Halodoc ? #TenangMenjaga,bahasa_indonesia,"2023-09-05 09:57:37","2023-09-05 09:57:37",Dev,Dev
689,3979,689,meta_keywords,Produk Bliblimart > Perawatan Kulit Tubuh > Perawatan Kulit Badan > Body Care > Koyo & Anti Nyeri Lainnya Obat Perawatan Halodoc,bahasa_indonesia,"2023-09-05 09:57:37","2023-09-05 09:57:37",Dev,Dev
689,3978,689,name,Bliblimart > Perawatan Kulit Tubuh > Perawatan Kulit Badan > Body Care > Koyo & Anti Nyeri Lainnya,bahasa_indonesia,"2023-09-05 09:57:37","2023-09-05 09:57:37",Dev,Dev
689,3977,689,name,Bliblimart > Perawatan Kulit Tubuh > Perawatan Kulit Badan > Body Care > Koyo & Anti Nyeri Lainnya,english,"2023-09-05 09:57:37","2023-09-05 09:57:37",Dev,Dev
747,4349,747,blibli_category_ids,KR-1000006,bahasa_indonesia,"2023-09-29 13:52:09","2023-09-29 13:52:09",Dev,Dev
747,4227,747,meta_description,Temukan Produk Ibu & Anak > Peralatan Mandi & Perawatan Kulit > Krim Ruam Popok Khusus Anak paling lengkap hanya di Halodoc. Konsultasi obat dengan dokter ? Order obat di Halodoc ? #TenangMenjaga,bahasa_indonesia,"2023-09-19 16:49:19","2023-09-19 16:49:19",Dev,Dev
747,4225,747,meta_keywords,Produk Ibu & Anak > Peralatan Mandi & Perawatan Kulit > Krim Ruam Popok Khusus Anak Obat Perawatan Halodoc,bahasa_indonesia,"2023-09-19 16:49:19","2023-09-19 16:49:19",Dev,Dev
747,4224,747,name,Ibu & Anak > Peralatan Mandi & Perawatan Kulit > Krim Ruam Popok Khusus Anak,bahasa_indonesia,"2023-09-19 16:49:19","2023-09-19 16:49:19",Dev,Dev
747,4226,747,name,Ibu & Anak > Peralatan Mandi & Perawatan Kulit > Krim Ruam Popok Khusus Anak,english,"2023-09-19 16:49:19","2023-09-19 16:49:19",Dev,Dev
633,4361,633,blibli_category_ids,KR-1000029,bahasa_indonesia,"2023-09-29 13:52:10","2023-09-29 13:52:10",Dev,Dev
633,3754,633,meta_description,Temukan Produk Bliblimart > Kebutuhan Ibu & Anak > Perawatan Mandi & Kulit Anak > Krim Ruam Bayi paling lengkap hanya di Halodoc. Konsultasi obat dengan dokter ? Order obat di Halodoc ? #TenangMenjaga,bahasa_indonesia,"2023-09-05 09:57:34","2023-09-05 09:57:34",Dev,Dev
633,3755,633,meta_keywords,Produk Bliblimart > Kebutuhan Ibu & Anak > Perawatan Mandi & Kulit Anak > Krim Ruam Bayi Obat Perawatan Halodoc,bahasa_indonesia,"2023-09-05 09:57:34","2023-09-05 09:57:34",Dev,Dev
633,3752,633,name,Bliblimart > Kebutuhan Ibu & Anak > Perawatan Mandi & Kulit Anak > Krim Ruam Bayi,bahasa_indonesia,"2023-09-05 09:57:34","2023-09-05 09:57:34",Dev,Dev
633,3753,633,name,Bliblimart > Kebutuhan Ibu & Anak > Perawatan Mandi & Kulit Anak > Krim Ruam Bayi,english,"2023-09-05 09:57:34","2023-09-05 09:57:34",Dev,Dev
706,4332,706,blibli_category_ids,KR-1000034,bahasa_indonesia,"2023-09-27 12:20:37","2023-09-27 12:27:07",CC Token,Dev
706,4046,706,meta_description,Temukan Produk Bliblimart > Perawatan Kulit Tubuh > Perawatan Kulit Wajah > Perawatan Intensif Wajah > Krim Wajah paling lengkap hanya di Halodoc. Konsultasi obat dengan dokter ? Order obat di Halodoc ? #TenangMenjaga,bahasa_indonesia,"2023-09-05 09:57:38","2023-09-05 09:57:38",Dev,Dev
706,4047,706,meta_keywords,Produk Bliblimart > Perawatan Kulit Tubuh > Perawatan Kulit Wajah > Perawatan Intensif Wajah > Krim Wajah Obat Perawatan Halodoc,bahasa_indonesia,"2023-09-05 09:57:38","2023-09-05 09:57:38",Dev,Dev
706,4335,706,meta_title,KR-1000034,bahasa_indonesia,"2023-09-27 12:20:37","2023-09-27 12:20:37",CC Token,CC Token
706,4044,706,name,Bliblimart > Perawatan Kulit Tubuh > Perawatan Kulit Wajah > Perawatan Intensif Wajah > Krim Wajah,bahasa_indonesia,"2023-09-05 09:57:38","2023-09-05 09:57:38",Dev,Dev
706,4045,706,name,Bliblimart > Perawatan Kulit Tubuh > Perawatan Kulit Wajah > Perawatan Intensif Wajah > Krim Wajah,english,"2023-09-05 09:57:38","2023-09-05 09:57:38",Dev,Dev
706,4334,706,seo_url, ,english,"2023-09-27 12:20:37","2023-09-27 12:20:37",CC Token,CC Token
706,4333,706,tokopedia_category_ids, ,bahasa_indonesia,"2023-09-27 12:20:37","2023-09-27 12:20:37",CC Token,CC Token
8,124,8,meta_description,"Temukan berbagai macam jenis obat dan vitamin berdasarkan Kategori Kulit. Ketahui juga manfaat, dosis, cara konsumsi, aturan pakai dan efek samping obat dan vitamin di Halodoc.",bahasa_indonesia,"2019-03-01 17:06:49","2019-03-01 17:06:49",Dev,Dev
8,121,8,meta_description, ,english,"2019-03-01 17:06:49","2019-03-01 17:06:49",Dev,Dev
8,120,8,meta_keywords,Kategori Kulit,bahasa_indonesia,"2019-03-01 17:06:49","2019-03-01 17:06:49",Dev,Dev
8,123,8,meta_keywords, ,english,"2019-03-01 17:06:49","2019-03-01 17:06:49",Dev,Dev
8,122,8,meta_title,Daftar Informasi obat dan vitamin - Halodoc - Kategori Kulit,bahasa_indonesia,"2019-03-01 17:06:49","2019-03-01 17:06:49",Dev,Dev
8,119,8,meta_title, ,english,"2019-03-01 17:06:49","2019-03-01 17:06:49",Dev,Dev
8,37,8,name,Kulit,bahasa_indonesia,"2017-10-31 20:52:57","2017-10-31 20:52:57",Dev,Dev
8,8,8,name,Skin,english,"2017-10-31 20:52:55","2018-06-06 13:20:48",Dev,Control Center
8,350,8,seo_url,https://halodoc-sumba.s3-ap-southeast-1.amazonaws.com/product-category-seo-information/product_category_seo_information_Kulit.html,bahasa_indonesia,"2019-03-14 17:15:46","2019-03-19 13:38:10",Dev,Control Center
8,312,8,seo_url,https://halodoc-sumba.s3.ap-southeast-1.amazonaws.com/product-category-seo-information/product_category_seo_information_Kulit.html,english,"2019-03-08 17:21:20","2020-03-20 07:55:41",Dev,Control Center
191,4565,191,blibli_category_ids,"",bahasa_indonesia,"2023-10-05 13:46:13","2023-11-06 14:10:36",CC Token,CC Token
191,1411,191,meta_description,Temukan obat asma paling lengkap hanya di Halodoc. Konsultasi obat dengan dokter Order obat di Halodoc ? #TenangMenjaga,bahasa_indonesia,"2023-03-13 18:57:27","2024-08-23 15:09:12",Dev,Dev
191,1409,191,meta_keywords,Produk Asma Halodoc,bahasa_indonesia,"2023-03-13 18:57:27","2023-03-13 18:57:27",Dev,Dev
191,1744,191,meta_title,Asthma,bahasa_indonesia,"2023-03-14 11:19:36","2023-03-14 11:19:36",CC Token,CC Token
191,1408,191,name,Asma,bahasa_indonesia,"2023-03-13 18:57:27","2023-03-13 18:57:27",Dev,Dev
191,1410,191,name,Asthma,english,"2023-03-13 18:57:27","2023-03-13 18:57:27",Dev,Dev
191,1745,191,seo_url,"",english,"2023-03-14 11:19:36","2023-11-06 14:10:36",CC Token,CC Token
191,4566,191,tokopedia_category_ids,"",bahasa_indonesia,"2023-10-05 13:46:13","2023-11-06 14:10:36",CC Token,CC Token
194,4341,194,blibli_category_ids,"",bahasa_indonesia,"2023-09-29 10:45:19","2023-10-25 14:50:36",CC Token,CC Token
194,1423,194,meta_description,"Dapatkan produk lengkap Kecantikan & Perawatan Diri di Halodoc: dosis, aturan pakai, dan efek samping. 1 Jam Sampai, Dikirim dari Apotek Tepercaya, Buka 24 Jam*",bahasa_indonesia,"2023-03-13 18:57:27","2025-05-06 15:01:00",Dev,Dev
194,1421,194,meta_keywords,Produk Kecantikan & Perawatan Diri Halodoc,bahasa_indonesia,"2023-03-13 18:57:27","2023-03-13 18:57:27",Dev,Dev
194,1931,194,meta_title,Beli Produk Kecantikan & Perawatan Diri di Halodoc - 100% Produk Asli,bahasa_indonesia,"2023-03-14 11:26:56","2025-05-06 15:05:40",CC Token,CC Token
194,1420,194,name,Kecantikan & Perawatan Diri,bahasa_indonesia,"2023-03-13 18:57:27","2023-03-13 18:57:27",Dev,Dev
194,1422,194,name,Beauty & Personal Care,english,"2023-03-13 18:57:27","2023-03-13 18:57:27",Dev,Dev
194,1930,194,seo_url,"",english,"2023-03-14 11:26:56","2023-10-25 14:50:36",CC Token,CC Token
194,4340,194,tokopedia_category_ids,"",bahasa_indonesia,"2023-09-29 10:45:19","2023-10-25 14:50:36",CC Token,CC Token
40,389,40,meta_description,"Temukan berbagai macam jenis obat dan vitamin berdasarkan Kategori Blackmores. Ketahui juga manfaat, dosis, cara konsumsi, aturan pakai dan efek samping obat dan vitamin di Halodoc.",bahasa_indonesia,"2020-02-24 12:07:29","2020-02-24 12:07:29",Control Center,Control Center
40,393,40,meta_keywords,Kategori Blackmores,bahasa_indonesia,"2020-02-24 12:07:29","2020-02-24 12:07:29",Control Center,Control Center
40,392,40,meta_title,Daftar Informasi obat dan vitamin - Halodoc - Kategori Blackmores,bahasa_indonesia,"2020-02-24 12:07:29","2020-02-24 12:07:29",Control Center,Control Center
40,391,40,name,Blackmores,bahasa_indonesia,"2020-02-24 12:07:29","2020-02-24 12:07:29",Control Center,Control Center
40,390,40,name,Blackmores,english,"2020-02-24 12:07:29","2020-02-24 12:07:29",Control Center,Control Center
40,388,40,seo_url,"",bahasa_indonesia,"2020-02-24 12:07:29","2025-05-30 11:38:10",Control Center,CC Token
40,394,40,seo_url,"",english,"2020-02-24 12:13:36","2025-05-30 11:38:10",Control Center,CC Token
192,4499,192,blibli_category_ids,"",bahasa_indonesia,"2023-10-04 14:14:58","2023-11-03 09:59:37",CC Token,CC Token
192,1415,192,meta_description,"Temukan berbagai macam jenis obat dan vitamin berdasarkan Kategori Lensa Kontak. Ketahui juga manfaat, dosis, cara konsumsi, aturan pakai dan efek samping obat dan vitamin di Halodoc.",bahasa_indonesia,"2023-03-13 18:57:27","2023-08-10 16:59:47",Dev,Dev
192,1413,192,meta_keywords,Produk Lensa Kontak Halodoc,bahasa_indonesia,"2023-03-13 18:57:27","2023-03-13 18:57:27",Dev,Dev
192,1918,192,meta_title,Contact Lenses,bahasa_indonesia,"2023-03-14 11:21:49","2023-03-14 11:21:49",CC Token,CC Token
192,1412,192,name,Lensa Kontak,bahasa_indonesia,"2023-03-13 18:57:27","2023-03-13 18:57:27",Dev,Dev
192,1414,192,name,Contact Lenses,english,"2023-03-13 18:57:27","2023-03-13 18:57:27",Dev,Dev
192,1919,192,seo_url,"",english,"2023-03-14 11:21:49","2023-11-03 09:59:37",CC Token,CC Token
192,4500,192,tokopedia_category_ids,"",bahasa_indonesia,"2023-10-04 14:14:58","2023-11-03 09:59:37",CC Token,CC Token
21,4568,21,blibli_category_ids,"",bahasa_indonesia,"2023-10-05 13:51:25","2023-10-30 19:05:58",CC Token,CC Token
21,202,21,meta_description,"Dapatkan produk lengkap Kontrasepsi & Hormon di Halodoc: dosis, aturan pakai, dan efek samping. 1 Jam Sampai, Dikirim dari Apotek Tepercaya, Buka 24 Jam*",bahasa_indonesia,"2019-03-01 17:06:50","2025-05-06 15:01:00",Dev,Dev
21,199,21,meta_description,"",english,"2019-03-01 17:06:50","2023-10-30 19:05:58",Dev,CC Token
21,198,21,meta_keywords,Produk Kontrasepsi & Hormon Obat Perawatan Halodoc,bahasa_indonesia,"2019-03-01 17:06:50","2023-06-12 16:11:11",Dev,CC Token
21,201,21,meta_keywords,"",english,"2019-03-01 17:06:50","2023-10-30 19:05:58",Dev,CC Token
21,200,21,meta_title,Contraceptions & Hormone,bahasa_indonesia,"2019-03-01 17:06:50","2023-06-12 16:11:11",Dev,CC Token
21,197,21,meta_title,"",english,"2019-03-01 17:06:50","2023-10-30 19:05:58",Dev,CC Token
21,50,21,name,Kontrasepsi & Hormon,bahasa_indonesia,"2017-10-31 20:52:58","2018-12-20 10:09:14",Dev,Control Center
21,21,21,name,Contraceptions & Hormone,english,"2017-10-31 20:52:56","2023-06-12 16:11:11",Dev,CC Token
21,363,21,seo_url,https://halodoc-sumba.s3-ap-southeast-1.amazonaws.com/product-category-seo-information/product_category_seo_information_kontrasepsi.html,bahasa_indonesia,"2019-03-14 17:15:47","2019-03-19 13:31:27",Dev,Control Center
21,325,21,seo_url,https://halodoc-sumba.s3.ap-southeast-1.amazonaws.com/product-category-seo-information/product_category_seo_information_kontrasepsi.html,english,"2019-03-08 17:21:20","2020-03-20 08:00:36",Dev,Control Center
21,4567,21,tokopedia_category_ids,"",bahasa_indonesia,"2023-10-05 13:51:25","2023-10-30 19:05:58",CC Token,CC Token
185,4734,185,blibli_category_ids,"",bahasa_indonesia,"2023-12-06 14:02:19","2023-12-06 14:02:19",CC Token,CC Token
185,1384,185,meta_description,Dapatkan informasi Produk Covid paling lengkap hanya di Halodoc. Konsultasi obat dengan dokter ? Order obat di Halodoc ? #TenangAdaHalodoc,bahasa_indonesia,"2023-03-13 18:26:57","2023-03-13 18:26:57",Dev,Dev
185,1385,185,meta_keywords,Produk Covid Halodoc,bahasa_indonesia,"2023-03-13 18:26:57","2023-03-13 18:26:57",Dev,Dev
185,1387,185,meta_title,Covid-19 Care,bahasa_indonesia,"2023-03-13 18:28:43","2023-03-13 18:28:43",CC Token,CC Token
185,1382,185,name,Kebutuhan Covid-19,bahasa_indonesia,"2023-03-13 18:26:57","2023-03-13 18:26:57",Dev,Dev
185,1383,185,name,Covid-19 Care,english,"2023-03-13 18:26:57","2023-03-13 18:26:57",Dev,Dev
185,1386,185,seo_url,"",english,"2023-03-13 18:28:43","2023-12-06 14:02:19",CC Token,CC Token
185,4733,185,tokopedia_category_ids,"",bahasa_indonesia,"2023-12-06 14:02:19","2023-12-06 14:02:19",CC Token,CC Token
935,5600,935,meta_description,Dapatkan informasi Demam Berdarah (DBD) paling lengkap hanya di Halodoc. Konsultasi obat dengan dokter ? Order obat di Halodoc ? #TenangAdaHalodoc,bahasa_indonesia,"2025-06-17 17:10:44","2025-06-20 11:33:06",Dev,CC Token
935,5599,935,meta_keywords,Demam Berdarah (DBD) Halodoc,bahasa_indonesia,"2025-06-17 17:10:44","2025-06-20 11:33:06",Dev,CC Token
935,5642,935,meta_title,Demam Berdarah (DBD),bahasa_indonesia,"2025-06-20 11:33:06","2025-06-20 11:33:06",CC Token,CC Token
935,5598,935,name,Demam Berdarah (DBD),bahasa_indonesia,"2025-06-17 17:10:44","2025-06-20 11:33:06",Dev,CC Token
935,5601,935,name,Dengue Fever,english,"2025-06-17 17:10:44","2025-06-20 11:33:06",Dev,CC Token
935,5643,935,seo_url,"",english,"2025-06-20 11:33:06","2025-06-20 11:33:06",CC Token,CC Token
188,1399,188,meta_description,Dapatkan informasi Produk Devices & Equipment paling lengkap hanya di Halodoc. Konsultasi obat dengan dokter ? Order obat di Halodoc ? #TenangAdaHalodoc,bahasa_indonesia,"2023-03-13 18:57:27","2023-03-13 18:57:27",Dev,Dev
188,1397,188,meta_keywords,"Produk Alat Kesehatan, Bahan Medis Habis Pakai",bahasa_indonesia,"2023-03-13 18:57:27","2023-03-13 18:57:27",Dev,Dev
188,1446,188,meta_title,Devices & Equipment,bahasa_indonesia,"2023-03-14 11:00:13","2023-03-14 11:00:13",CC Token,CC Token
188,1396,188,name,Perangkat & Peralatan,bahasa_indonesia,"2023-03-13 18:57:27","2023-03-13 18:57:27",Dev,Dev
188,1398,188,name,Devices & Equipment,english,"2023-03-13 18:57:27","2023-03-13 18:57:27",Dev,Dev
188,1447,188,seo_url, ,english,"2023-03-14 11:00:13","2023-03-14 11:00:13",CC Token,CC Token
189,4535,189,blibli_category_ids,"",bahasa_indonesia,"2023-10-05 09:24:39","2025-05-06 15:07:21",CC Token,CC Token
189,1403,189,meta_description,"Dapatkan obat lengkap Diabetes di Halodoc: dosis, aturan pakai, dan efek samping. 1 Jam Sampai, Dikirim dari Apotek Tepercaya, Buka 24 Jam*",bahasa_indonesia,"2023-03-13 18:57:27","2025-05-06 15:01:01",Dev,Dev
189,1401,189,meta_keywords,Produk Diabetes Halodoc,bahasa_indonesia,"2023-03-13 18:57:27","2023-03-13 18:57:27",Dev,Dev
189,1449,189,meta_title,Beli Obat Diabetes di Halodoc - 100% Produk Asli,bahasa_indonesia,"2023-03-14 11:02:49","2025-05-06 15:07:21",CC Token,CC Token
189,1400,189,name,Diabetes,bahasa_indonesia,"2023-03-13 18:57:27","2023-03-13 18:57:27",Dev,Dev
189,1402,189,name,Diabetes,english,"2023-03-13 18:57:27","2023-03-13 18:57:27",Dev,Dev
189,1448,189,seo_url,"",english,"2023-03-14 11:02:49","2025-05-06 15:07:21",CC Token,CC Token
189,4536,189,tokopedia_category_ids,"",bahasa_indonesia,"2023-10-05 09:24:39","2025-05-06 15:07:21",CC Token,CC Token
4,4780,4,blibli_category_ids,"",bahasa_indonesia,"2024-02-06 15:50:30","2024-02-06 15:50:30",CC Token,CC Token
4,100,4,meta_description,"Temukan berbagai macam jenis obat dan vitamin berdasarkan Kategori Saluran Pencernaan. Ketahui juga manfaat, dosis, cara konsumsi, aturan pakai dan efek samping obat dan vitamin di Halodoc.",bahasa_indonesia,"2019-03-01 17:06:49","2020-03-20 12:06:46",Dev,Control Center
4,97,4,meta_description,"",english,"2019-03-01 17:06:49","2024-02-06 15:50:30",Dev,CC Token
4,96,4,meta_keywords,Kategori Saluran Pencernaan,bahasa_indonesia,"2019-03-01 17:06:49","2020-03-20 12:06:46",Dev,Control Center
4,99,4,meta_keywords,"",english,"2019-03-01 17:06:49","2024-02-06 15:50:30",Dev,CC Token
4,98,4,meta_title,Daftar Informasi obat dan vitamin - Saluran Pencernaan,bahasa_indonesia,"2019-03-01 17:06:49","2020-03-20 12:06:46",Dev,Control Center
4,95,4,meta_title,"",english,"2019-03-01 17:06:49","2024-02-06 15:50:30",Dev,CC Token
4,33,4,name,Saluran Pencernaan,bahasa_indonesia,"2017-10-31 20:52:56","2020-03-20 12:06:46",Dev,Control Center
4,4,4,name,Digestive System,english,"2017-10-31 20:52:54","2020-03-20 12:06:46",Dev,Control Center
4,346,4,seo_url,https://halodoc-sumba.s3-ap-southeast-1.amazonaws.com/product-category-seo-information/product_category_seo_information_maag%20dan%20lambung.html,bahasa_indonesia,"2019-03-14 17:15:46","2019-03-19 13:35:42",Dev,Control Center
4,308,4,seo_url,https://halodoc-sumba.s3.ap-southeast-1.amazonaws.com/product-category-seo-information/product_category_seo_information_maag%20dan%20lambung.html,english,"2019-03-08 17:21:19","2020-03-20 07:51:20",Dev,Control Center
4,4781,4,tokopedia_category_ids,"",bahasa_indonesia,"2024-02-06 15:50:30","2024-02-06 15:50:30",CC Token,CC Token
814,4925,814,blibli_category_ids,"",bahasa_indonesia,"2024-03-08 14:09:01","2024-03-08 14:09:01",CC Token,CC Token
814,4923,814,meta_description,Temukan obat Digital Clinic paling lengkap hanya di Halodoc. Konsultasi obat dengan dokter Order obat di Halodoc ? #TenangMenjaga,bahasa_indonesia,"2024-03-08 14:09:01","2024-03-08 14:09:01",CC Token,CC Token
814,4929,814,meta_keywords,Produk Digital Clinic Halodoc,bahasa_indonesia,"2024-03-08 14:09:01","2024-03-08 14:09:01",CC Token,CC Token
814,4928,814,meta_title,Digital Clinic,bahasa_indonesia,"2024-03-08 14:09:01","2024-03-08 14:09:01",CC Token,CC Token
814,4927,814,name,Digital Klinik,bahasa_indonesia,"2024-03-08 14:09:01","2024-03-22 11:32:13",CC Token,CC Token
814,4924,814,name,Digital Clinic,english,"2024-03-08 14:09:01","2024-03-08 14:09:01",CC Token,CC Token
814,4930,814,seo_url,"",bahasa_indonesia,"2024-03-08 14:09:01","2024-03-08 14:09:01",CC Token,CC Token
814,4941,814,seo_url,"",english,"2024-03-22 11:32:13","2024-03-22 11:32:13",CC Token,CC Token
814,4926,814,tokopedia_category_ids,"",bahasa_indonesia,"2024-03-08 14:09:01","2024-03-08 14:09:01",CC Token,CC Token
781,4743,781,blibli_category_ids,"",bahasa_indonesia,"2024-01-10 11:33:00","2024-01-10 11:33:00",CC Token,CC Token
781,4737,781,meta_description,Temukan obat Eligible for Coupon paling lengkap hanya di Halodoc. Konsultasi obat dengan dokter ? Order obat di Halodoc ? #TenangMenjaga,bahasa_indonesia,"2024-01-10 11:33:00","2024-01-10 11:33:00",CC Token,CC Token
781,4738,781,meta_keywords,Produk Eligible for Coupon Halodoc,bahasa_indonesia,"2024-01-10 11:33:00","2024-01-10 11:33:00",CC Token,CC Token
781,4742,781,meta_title,Eligible for Coupon,bahasa_indonesia,"2024-01-10 11:33:00","2024-01-10 11:33:00",CC Token,CC Token
781,4740,781,name,Produk Kesehatan,bahasa_indonesia,"2024-01-10 11:33:00","2024-01-12 21:27:08",CC Token,CC Token
781,4741,781,name,Health Product,english,"2024-01-10 11:33:00","2024-01-12 21:27:08",CC Token,CC Token
781,4739,781,seo_url,"",bahasa_indonesia,"2024-01-10 11:33:00","2024-01-10 11:33:00",CC Token,CC Token
781,4745,781,seo_url,"",english,"2024-01-12 21:27:07","2024-01-12 21:27:08",CC Token,CC Token
781,4744,781,tokopedia_category_ids,"",bahasa_indonesia,"2024-01-10 11:33:00","2024-01-10 11:33:00",CC Token,CC Token
904,5404,904,meta_description,Focus Category for Monitoring Only,bahasa_indonesia,"2025-01-17 10:13:12","2025-01-17 10:13:12",Dev,Dev
904,5405,904,meta_keywords,Focus Category for Monitoring Only,bahasa_indonesia,"2025-01-17 10:13:12","2025-01-17 10:13:12",Dev,Dev
904,5407,904,meta_title,Focus Category for Monitoring Only,bahasa_indonesia,"2025-01-17 10:13:58","2025-01-17 10:13:58",CC Token,CC Token
904,5403,904,name,FC Product,bahasa_indonesia,"2025-01-17 10:13:12","2025-01-17 10:13:12",Dev,Dev
904,5402,904,name,FC Product,english,"2025-01-17 10:13:12","2025-01-17 10:13:12",Dev,Dev
904,5406,904,seo_url,"",english,"2025-01-17 10:13:58","2025-01-17 10:13:59",CC Token,CC Token
925,5519,925,meta_description,Temukan obat halofit paling lengkap hanya di Halodoc. Konsultasi obat dengan dokter Order obat di Halodoc ? #TenangMenjaga,bahasa_indonesia,"2025-02-21 13:25:51","2025-02-21 13:25:51",CC Token,CC Token
925,5514,925,meta_keywords,Produk Halofit Obat Perawatan Halodoc,bahasa_indonesia,"2025-02-21 13:25:51","2025-02-21 13:25:51",CC Token,CC Token
925,5518,925,meta_title,Halofit (Halodiet),bahasa_indonesia,"2025-02-21 13:25:51","2025-02-21 13:28:41",CC Token,CC Token
925,5517,925,name,Halofit (Halodiet),bahasa_indonesia,"2025-02-21 13:25:51","2025-02-21 13:25:51",CC Token,CC Token
925,5515,925,name,Halofit (Halodiet),english,"2025-02-21 13:25:51","2025-02-21 13:25:51",CC Token,CC Token
925,5516,925,seo_url,"",bahasa_indonesia,"2025-02-21 13:25:51","2025-02-21 13:25:51",CC Token,CC Token
903,5392,903,meta_description,Temukan obat Haloskin Lab paling lengkap hanya di Halodoc. Konsultasi obat dengan dokter Order obat di Halodoc ? #TenangMenjaga,bahasa_indonesia,"2024-10-30 11:56:46","2024-10-30 11:56:46",CC Token,CC Token
903,5393,903,meta_keywords,Produk Haloskin Lab Halodoc,bahasa_indonesia,"2024-10-30 11:56:46","2024-10-30 11:56:46",CC Token,CC Token
903,5397,903,meta_title,Haloskin Lab,bahasa_indonesia,"2024-10-30 11:56:46","2024-10-30 11:56:46",CC Token,CC Token
903,5395,903,name,Haloskin Lab,bahasa_indonesia,"2024-10-30 11:56:46","2024-10-30 11:56:46",CC Token,CC Token
903,5396,903,name,Haloskin Lab,english,"2024-10-30 11:56:46","2024-10-30 11:56:46",CC Token,CC Token
903,5394,903,seo_url,"",bahasa_indonesia,"2024-10-30 11:56:46","2024-10-30 11:56:46",CC Token,CC Token
813,4915,813,blibli_category_ids,"",bahasa_indonesia,"2024-02-27 17:52:49","2024-02-27 17:52:49",CC Token,CC Token
813,4919,813,meta_description,Temukan obat Health Corner paling lengkap hanya di Halodoc. Konsultasi obat dengan dokter  Order obat di Halodoc ? #TenangMenjaga,bahasa_indonesia,"2024-02-27 17:52:49","2024-02-27 17:52:49",CC Token,CC Token
813,4914,813,meta_keywords,Produk Health Corner Halodoc,bahasa_indonesia,"2024-02-27 17:52:49","2024-02-27 17:52:49",CC Token,CC Token
813,4918,813,meta_title,Health Corner,bahasa_indonesia,"2024-02-27 17:52:49","2024-02-27 17:52:49",CC Token,CC Token
813,4917,813,name,Health Corner,bahasa_indonesia,"2024-02-27 17:52:49","2024-02-27 17:52:49",CC Token,CC Token
813,4921,813,name,Health Corner,english,"2024-02-27 17:52:49","2024-02-27 17:52:49",CC Token,CC Token
813,4916,813,seo_url,"",bahasa_indonesia,"2024-02-27 17:52:49","2024-02-27 17:52:49",CC Token,CC Token
813,4922,813,seo_url,"",english,"2024-02-27 17:58:40","2024-02-27 17:58:41",CC Token,CC Token
813,4920,813,tokopedia_category_ids,"",bahasa_indonesia,"2024-02-27 17:52:49","2024-02-27 17:52:49",CC Token,CC Token
190,1407,190,meta_description,Dapatkan informasi Produk Heart Health paling lengkap hanya di Halodoc. Konsultasi obat dengan dokter ? Order obat di Halodoc ? #TenangAdaHalodoc,bahasa_indonesia,"2023-03-13 18:57:27","2023-03-13 18:57:27",Dev,Dev
190,1405,190,meta_keywords,Produk Kesehatan Jantung Halodoc,bahasa_indonesia,"2023-03-13 18:57:27","2023-03-13 18:57:27",Dev,Dev
190,1743,190,meta_title,Heart Health,bahasa_indonesia,"2023-03-14 11:15:20","2023-03-14 11:15:20",CC Token,CC Token
190,1404,190,name,Kesehatan Jantung,bahasa_indonesia,"2023-03-13 18:57:27","2023-03-13 18:57:27",Dev,Dev
190,1406,190,name,Heart Health,english,"2023-03-13 18:57:27","2023-03-13 18:57:27",Dev,Dev
190,1742,190,seo_url, ,english,"2023-03-14 11:15:20","2023-03-14 11:15:20",CC Token,CC Token
39,4942,39,blibli_category_ids,"",bahasa_indonesia,"2024-03-26 09:40:45","2024-03-26 09:40:45",CC Token,CC Token
39,385,39,meta_description,"Temukan berbagai macam jenis obat dan vitamin berdasarkan Kategori Hemat Borongan. Ketahui juga manfaat, dosis, cara konsumsi, aturan pakai dan efek samping obat dan vitamin di Halodoc",bahasa_indonesia,"2019-10-05 22:18:02","2022-03-07 16:23:29",Control Center,CC Token
39,383,39,meta_keywords,Kategori Hemat Borongan,bahasa_indonesia,"2019-10-05 22:18:02","2022-03-07 16:23:29",Control Center,CC Token
39,384,39,meta_title,Daftar Informasi obat dan vitamin - Halodoc - Kategori Hemat Borongan,bahasa_indonesia,"2019-10-05 22:18:02","2022-03-07 16:23:29",Control Center,CC Token
39,382,39,name,Hemat Borongan,bahasa_indonesia,"2019-10-05 22:18:02","2022-03-07 16:21:22",Control Center,CC Token
39,386,39,name,Bulk Saving,english,"2019-10-05 22:18:02","2022-03-07 16:21:22",Control Center,CC Token
39,381,39,seo_url, ,bahasa_indonesia,"2019-10-05 22:18:02","2019-10-05 22:18:02",Control Center,Control Center
39,387,39,seo_url,"",english,"2019-10-05 22:20:36","2024-03-26 09:40:45",Control Center,CC Token
39,4943,39,tokopedia_category_ids,"",bahasa_indonesia,"2024-03-26 09:40:45","2024-03-26 09:40:45",CC Token,CC Token
612,3665,612,meta_description,"Dapatkan informasi Produk La Roche Posay paling lengkap hanya di Halodoc. Konsultasi obat dengan dokter ? Order obat di Halodoc ? #TenangAdaHalodoc
",bahasa_indonesia,"2023-08-28 08:48:56","2023-08-28 08:48:56",CC Token,CC Token
612,3669,612,meta_keywords,"Produk La Roche Posay Halodoc
",bahasa_indonesia,"2023-08-28 08:48:56","2023-08-28 08:48:56",CC Token,CC Token
612,3668,612,meta_title,La Roche Posay,bahasa_indonesia,"2023-08-28 08:48:56","2023-08-28 08:48:56",CC Token,CC Token
612,3670,612,name,La Roche Posay,bahasa_indonesia,"2023-08-28 08:48:56","2023-08-28 08:48:56",CC Token,CC Token
612,3667,612,name,La Roche Posay,english,"2023-08-28 08:48:56","2023-08-28 08:48:56",CC Token,CC Token
612,3666,612,seo_url, ,bahasa_indonesia,"2023-08-28 08:48:56","2023-08-28 08:48:56",CC Token,CC Token
612,3671,612,seo_url, ,english,"2023-08-28 09:12:15","2023-08-28 09:12:15",CC Token,CC Token
90,4338,90,blibli_category_ids, ,bahasa_indonesia,"2023-09-29 09:48:09","2023-09-29 09:48:09",CC Token,CC Token
90,857,90,meta_description,"Temukan berbagai macam jenis obat dan vitamin berdasarkan Kategori Labore. Ketahui juga manfaat, dosis, cara konsumsi, aturan pakai dan efek samping obat dan vitamin di Halodoc.",bahasa_indonesia,"2021-10-26 11:35:45","2021-10-26 11:35:45",CC Token,CC Token
90,860,90,meta_keywords,Kategori Labore,bahasa_indonesia,"2021-10-26 11:35:45","2021-10-26 11:35:45",CC Token,CC Token
90,859,90,meta_title,Daftar Informasi obat dan vitamin - Halodoc - Kategori Labore,bahasa_indonesia,"2021-10-26 11:35:45","2021-10-26 11:35:45",CC Token,CC Token
90,862,90,name,Labore,bahasa_indonesia,"2021-10-26 11:35:45","2021-10-26 11:35:45",CC Token,CC Token
90,858,90,name,Labore,english,"2021-10-26 11:35:45","2021-10-26 11:35:45",CC Token,CC Token
90,861,90,seo_url, ,bahasa_indonesia,"2021-10-26 11:35:45","2021-10-26 11:35:45",CC Token,CC Token
90,863,90,seo_url, ,english,"2021-10-26 11:36:01","2021-10-26 11:36:01",CC Token,CC Token
90,4339,90,tokopedia_category_ids, ,bahasa_indonesia,"2023-09-29 09:48:09","2023-09-29 09:48:09",CC Token,CC Token
187,4563,187,blibli_category_ids,"",bahasa_indonesia,"2023-10-05 13:43:36","2023-11-03 10:01:49",CC Token,CC Token
187,1395,187,meta_description,Dapatkan informasi Produk Medicines & Treatments paling lengkap hanya di Halodoc. Konsultasi obat dengan dokter ? Order obat di Halodoc ? #TenangAdaHalodoc,bahasa_indonesia,"2023-03-13 18:57:27","2023-03-13 18:57:27",Dev,Dev
187,1393,187,meta_keywords,Produk Obat-Obatan Halodoc,bahasa_indonesia,"2023-03-13 18:57:27","2023-03-13 18:57:27",Dev,Dev
187,1445,187,meta_title,Medicines & Treatments,bahasa_indonesia,"2023-03-14 10:52:04","2023-03-14 10:52:04",CC Token,CC Token
187,1392,187,name,Obat & Perawatan,bahasa_indonesia,"2023-03-13 18:57:27","2023-03-13 18:57:27",Dev,Dev
187,1394,187,name,Medicines & Treatments,english,"2023-03-13 18:57:27","2023-03-13 18:57:27",Dev,Dev
187,1444,187,seo_url,"",english,"2023-03-14 10:52:04","2023-11-03 10:01:49",CC Token,CC Token
187,4564,187,tokopedia_category_ids,"",bahasa_indonesia,"2023-10-05 13:43:36","2023-11-03 10:01:49",CC Token,CC Token
195,4603,195,blibli_category_ids,"",bahasa_indonesia,"2023-10-25 14:47:02","2023-10-25 14:47:02",CC Token,CC Token
195,1427,195,meta_description,Dapatkan informasi Produk Milk paling lengkap hanya di Halodoc. Konsultasi obat dengan dokter ? Order obat di Halodoc ? #TenangAdaHalodoc,bahasa_indonesia,"2023-03-13 18:57:27","2023-03-13 18:57:27",Dev,Dev
195,1425,195,meta_keywords,Produk Susu Halodoc,bahasa_indonesia,"2023-03-13 18:57:27","2023-03-13 18:57:27",Dev,Dev
195,2592,195,meta_title,Milk,bahasa_indonesia,"2023-03-15 19:49:41","2023-03-15 19:49:41",CC Token,CC Token
195,1424,195,name,Susu,bahasa_indonesia,"2023-03-13 18:57:27","2025-04-21 13:38:38",Dev,CC Token
195,1426,195,name,Milk,english,"2023-03-13 18:57:27","2025-04-21 13:38:38",Dev,CC Token
195,2593,195,seo_url,"",english,"2023-03-15 19:49:41","2023-10-25 14:47:02",CC Token,CC Token
195,4604,195,tokopedia_category_ids,"",bahasa_indonesia,"2023-10-25 14:47:02","2023-10-25 14:47:02",CC Token,CC Token
193,4494,193,blibli_category_ids,"",bahasa_indonesia,"2023-10-04 14:09:32","2023-11-03 09:53:02",CC Token,CC Token
193,1419,193,meta_description,Dapatkan informasi Produk Mom & Kids paling lengkap hanya di Halodoc. Konsultasi obat dengan dokter ? Order obat di Halodoc ? #TenangAdaHalodoc,bahasa_indonesia,"2023-03-13 18:57:27","2023-03-13 18:57:27",Dev,Dev
193,1417,193,meta_keywords,Produk Ibu & Anak Halodoc,bahasa_indonesia,"2023-03-13 18:57:27","2023-03-13 18:57:27",Dev,Dev
193,1920,193,meta_title,Mom & Kids,bahasa_indonesia,"2023-03-14 11:24:24","2023-03-14 11:24:24",CC Token,CC Token
193,1416,193,name,Ibu & Anak,bahasa_indonesia,"2023-03-13 18:57:27","2023-03-13 18:57:27",Dev,Dev
193,1418,193,name,Mom & Kids,english,"2023-03-13 18:57:27","2023-03-13 18:57:27",Dev,Dev
193,1921,193,seo_url,"",english,"2023-03-14 11:24:24","2023-11-03 09:53:02",CC Token,CC Token
193,4493,193,tokopedia_category_ids,"",bahasa_indonesia,"2023-10-04 14:09:32","2023-11-03 09:53:02",CC Token,CC Token
785,4794,785,blibli_category_ids,"",bahasa_indonesia,"2024-02-21 15:57:28","2024-02-21 15:57:28",CC Token,CC Token
785,4793,785,meta_description,Temukan obat Mouthwash coupon paling lengkap hanya di Halodoc. Konsultasi obat dengan dokter ? Order obat di Halodoc ? #TenangMenjaga,bahasa_indonesia,"2024-02-21 15:57:28","2024-02-21 15:57:28",CC Token,CC Token
785,4796,785,meta_keywords,Produk Mouthwash coupon Halodoc,bahasa_indonesia,"2024-02-21 15:57:28","2024-02-21 15:57:28",CC Token,CC Token
785,4792,785,meta_title,Mouthwash coupon,bahasa_indonesia,"2024-02-21 15:57:28","2024-02-21 15:57:28",CC Token,CC Token
785,4797,785,name,Obat Kumur,bahasa_indonesia,"2024-02-21 15:57:28","2024-02-21 15:57:28",CC Token,CC Token
785,4798,785,name,Mouthwash,english,"2024-02-21 15:57:28","2024-02-21 15:57:28",CC Token,CC Token
785,4799,785,seo_url,"",bahasa_indonesia,"2024-02-21 15:57:28","2024-02-21 15:57:28",CC Token,CC Token
785,4795,785,tokopedia_category_ids,"",bahasa_indonesia,"2024-02-21 15:57:28","2024-02-21 15:57:28",CC Token,CC Token
176,4502,176,blibli_category_ids,"",bahasa_indonesia,"2023-10-04 14:18:04","2023-11-03 10:00:42",CC Token,CC Token
176,1350,176,meta_description,"Temukan berbagai macam jenis obat dan vitamin berdasarkan Kategori Nasal Care. Ketahui juga manfaat, dosis, cara konsumsi, aturan pakai dan efek samping obat dan vitamin di Halodoc.",bahasa_indonesia,"2023-01-18 16:38:22","2023-01-18 16:38:22",CC Token,CC Token
176,1353,176,meta_keywords,Kategori Nasal Care,bahasa_indonesia,"2023-01-18 16:38:22","2023-01-18 16:38:22",CC Token,CC Token
176,1349,176,meta_title,Daftar Informasi obat dan vitamin - Halodoc - Kategori Nasal Care,bahasa_indonesia,"2023-01-18 16:38:22","2023-01-18 16:38:22",CC Token,CC Token
176,1352,176,name,Nasal Care,bahasa_indonesia,"2023-01-18 16:38:22","2023-01-18 16:38:22",CC Token,CC Token
176,1351,176,name,Nasal Care,english,"2023-01-18 16:38:22","2023-01-18 16:38:22",CC Token,CC Token
176,1354,176,seo_url,"",bahasa_indonesia,"2023-01-18 16:38:22","2024-07-02 11:33:49",CC Token,CC Token
176,1355,176,seo_url,"",english,"2023-01-18 16:45:55","2023-11-03 10:00:42",CC Token,CC Token
176,4501,176,tokopedia_category_ids,"",bahasa_indonesia,"2023-10-04 14:18:04","2023-11-03 10:00:42",CC Token,CC Token
43,4561,43,blibli_category_ids, ,bahasa_indonesia,"2023-10-05 11:49:59","2023-10-05 11:49:59",CC Token,CC Token
43,413,43,meta_description,"Temukan berbagai macam jenis obat dan vitamin berdasarkan Kategori Obat Rutin. Ketahui juga manfaat, dosis, cara konsumsi, aturan pakai dan efek samping obat dan vitamin di Halodoc.",bahasa_indonesia,"2020-04-07 17:38:52","2020-04-07 17:38:52",Control Center,Control Center
43,411,43,meta_keywords,Kategori Obat Rutin,bahasa_indonesia,"2020-04-07 17:38:52","2020-04-07 17:38:52",Control Center,Control Center
43,410,43,meta_title,Daftar Informasi obat dan vitamin - Halodoc - Kategori Obat Rutin,bahasa_indonesia,"2020-04-07 17:38:52","2020-04-07 17:38:52",Control Center,Control Center
43,409,43,name,Obat Rutin,bahasa_indonesia,"2020-04-07 17:38:52","2020-04-07 17:43:03",Control Center,Control Center
43,414,43,name,Routine Medicines,english,"2020-04-07 17:38:52","2020-04-07 17:43:03",Control Center,Control Center
43,412,43,seo_url, ,bahasa_indonesia,"2020-04-07 17:38:52","2020-04-07 17:38:52",Control Center,Control Center
43,415,43,seo_url, ,english,"2020-04-07 17:39:11","2020-04-07 17:39:11",Control Center,Control Center
43,4562,43,tokopedia_category_ids, ,bahasa_indonesia,"2023-10-05 11:49:59","2023-10-05 11:49:59",CC Token,CC Token
893,5336,893,meta_description,"Temukan berbagai macam jenis obat dan vitamin berdasarkan Kategori Obat Onkologi & Imunosupresan. Ketahui juga manfaat, dosis, cara konsumsi, aturan pakai dan efek samping obat dan vitamin di Halodoc.",bahasa_indonesia,"2024-08-22 11:18:38","2024-08-22 11:18:38",CC Token,CC Token
893,5339,893,meta_keywords,Kategori Obat Onkologi & Imunosupresan,bahasa_indonesia,"2024-08-22 11:18:38","2024-08-22 11:18:38",CC Token,CC Token
893,5341,893,meta_title,Daftar Informasi obat dan vitamin - Obat Onkologi & Imunosupresan,bahasa_indonesia,"2024-08-22 11:18:38","2024-08-22 11:18:38",CC Token,CC Token
893,5338,893,name,Obat Onkologi & Imunosupresan,bahasa_indonesia,"2024-08-22 11:18:38","2024-08-22 11:18:38",CC Token,CC Token
893,5337,893,name,Oncology Drugs & Immunosuppressants,english,"2024-08-22 11:18:38","2024-08-23 15:09:10",CC Token,Dev
893,5340,893,seo_url,"",bahasa_indonesia,"2024-08-22 11:18:38","2024-08-22 11:18:38",CC Token,CC Token
196,4498,196,blibli_category_ids,"",bahasa_indonesia,"2023-10-04 14:13:15","2023-11-03 09:56:43",CC Token,CC Token
196,1431,196,meta_description,Temukan obat hewan paling lengkap hanya di Halodoc. Konsultasi obat dengan dokter ? Order obat di Halodoc ? #TenangMenjaga,bahasa_indonesia,"2023-03-13 18:57:27","2023-08-10 16:59:47",Dev,Dev
196,1429,196,meta_keywords,Produk Perawatan Hewan Halodoc,bahasa_indonesia,"2023-03-13 18:57:27","2023-03-13 18:57:27",Dev,Dev
196,1933,196,meta_title,Pet Care,bahasa_indonesia,"2023-03-14 11:28:16","2023-03-14 11:28:16",CC Token,CC Token
196,1428,196,name,Perawatan Hewan,bahasa_indonesia,"2023-03-13 18:57:27","2023-03-13 18:57:27",Dev,Dev
196,1430,196,name,Pet Care,english,"2023-03-13 18:57:27","2023-03-13 18:57:27",Dev,Dev
196,1932,196,seo_url,"",english,"2023-03-14 11:28:16","2023-11-03 09:56:43",CC Token,CC Token
196,4497,196,tokopedia_category_ids,"",bahasa_indonesia,"2023-10-04 14:13:15","2023-11-03 09:56:43",CC Token,CC Token
786,4891,786,blibli_category_ids,"",bahasa_indonesia,"2024-02-26 08:35:59","2024-02-26 08:35:59",CC Token,CC Token
786,4803,786,meta_description,Temukan obat Kesehatan Ramadhan paling lengkap hanya di Halodoc. Konsultasi obat dengan dokter Order obat di Halodoc ? #TenangMenjaga,bahasa_indonesia,"2024-02-23 17:19:12","2024-02-23 17:19:12",Dev,Dev
786,4802,786,meta_keywords,Produk Kesehatan Ramadhan Obat Perawatan Halodoc,bahasa_indonesia,"2024-02-23 17:19:12","2024-02-23 17:19:12",Dev,Dev
786,4893,786,meta_title,Ramadhan,bahasa_indonesia,"2024-02-26 08:35:59","2024-02-26 08:35:59",CC Token,CC Token
786,4805,786,name,Ramadhan,bahasa_indonesia,"2024-02-23 17:19:12","2024-02-23 17:19:12",Dev,Dev
786,4804,786,name,Ramadhan,english,"2024-02-23 17:19:12","2024-02-23 17:19:12",Dev,Dev
786,4890,786,seo_url,"",english,"2024-02-26 08:35:59","2024-02-26 08:35:59",CC Token,CC Token
786,4892,786,tokopedia_category_ids,"",bahasa_indonesia,"2024-02-26 08:35:59","2024-02-26 08:35:59",CC Token,CC Token
915,5464,915,meta_description,Temukan obat Kesehatan Ramadhan paling lengkap hanya di Halodoc.,bahasa_indonesia,"2025-02-18 11:34:39","2025-02-18 11:34:39",Dev,Dev
915,5463,915,meta_keywords,Produk Kesehatan Ramadhan Obat Perawatan Halodoc,bahasa_indonesia,"2025-02-18 11:34:39","2025-02-18 11:34:39",Dev,Dev
915,5510,915,meta_title,-,bahasa_indonesia,"2025-02-19 12:39:51","2025-02-19 12:39:51",CC Token,CC Token
915,5462,915,name,Ramadhan,bahasa_indonesia,"2025-02-18 11:34:39","2025-02-18 11:34:39",Dev,Dev
915,5465,915,name,Ramadhan,english,"2025-02-18 11:34:39","2025-02-18 11:34:39",Dev,Dev
915,5511,915,seo_url,"",english,"2025-02-19 12:39:51","2025-02-19 12:39:51",CC Token,CC Token
769,4610,769,blibli_category_ids,"",bahasa_indonesia,"2023-10-30 17:59:41","2023-10-30 17:59:41",CC Token,CC Token
769,4608,769,meta_description,"Dapatkan produk lengkap Kesehatan Seksual di Halodoc: dosis, aturan pakai, dan efek samping. 1 Jam Sampai, Dikirim dari Apotek Tepercaya, Buka 24 Jam*",bahasa_indonesia,"2023-10-30 17:50:57","2025-05-06 15:01:01",Dev,Dev
769,4605,769,meta_keywords,Produk Kesehatan Seksual & Reproduksi Obat Perawatan Halodoc,bahasa_indonesia,"2023-10-30 17:50:57","2023-10-30 17:50:57",Dev,Dev
769,4611,769,meta_title,Beli Produk Kesehatan Seksual di Halodoc - 100% Produk Asli,bahasa_indonesia,"2023-10-30 17:59:41","2025-05-06 15:07:45",CC Token,CC Token
769,4606,769,name,Kesehatan Seksual,bahasa_indonesia,"2023-10-30 17:50:57","2023-10-31 10:32:19",Dev,CC Token
769,4607,769,name,Sexual Health,english,"2023-10-30 17:50:57","2023-10-31 10:32:19",Dev,CC Token
769,4612,769,seo_url,"",english,"2023-10-30 17:59:41","2023-10-30 17:59:41",CC Token,CC Token
769,4609,769,tokopedia_category_ids,"",bahasa_indonesia,"2023-10-30 17:59:41","2023-10-30 17:59:41",CC Token,CC Token
927,5555,927,meta_description,Dapatkan informasi Produk Sports paling lengkap hanya di Halodoc. Konsultasi obat dengan dokter ? Order obat di Halodoc ? #TenangAdaHalodoc,bahasa_indonesia,"2025-05-23 11:11:10","2025-05-23 11:11:10",Dev,Dev
927,5552,927,meta_keywords,Produk Sports Halodoc,bahasa_indonesia,"2025-05-23 11:11:10","2025-05-23 11:11:10",Dev,Dev
927,5581,927,meta_title,Sports,bahasa_indonesia,"2025-05-28 18:20:53","2025-05-28 18:20:53",CC Token,CC Token
927,5554,927,name,Olahraga,bahasa_indonesia,"2025-05-23 11:11:10","2025-05-23 11:11:10",Dev,Dev
927,5553,927,name,Sports,english,"2025-05-23 11:11:10","2025-05-23 11:11:10",Dev,Dev
927,5580,927,seo_url,"",english,"2025-05-28 18:20:53","2025-05-28 18:20:53",CC Token,CC Token
784,4775,784,blibli_category_ids,"",bahasa_indonesia,"2024-01-25 10:07:54","2024-01-25 10:07:54",CC Token,CC Token
784,4769,784,meta_description,"Dapatkan produk lengkap Vitamin Import di Halodoc: dosis, aturan pakai, dan efek samping. 1 Jam Sampai, Dikirim dari Apotek Tepercaya, Buka 24 Jam*",bahasa_indonesia,"2024-01-25 10:07:54","2025-05-06 15:01:01",CC Token,Dev
784,4771,784,meta_keywords,Produk Vitamin Import Halodoc,bahasa_indonesia,"2024-01-25 10:07:54","2024-01-25 10:07:54",CC Token,CC Token
784,4770,784,meta_title,Beli Produk Vitamin Import di Halodoc - 100% Produk Asli,bahasa_indonesia,"2024-01-25 10:07:54","2025-05-06 15:08:14",CC Token,CC Token
784,4774,784,name,Vitamin Import,bahasa_indonesia,"2024-01-25 10:07:54","2024-01-25 10:07:54",CC Token,CC Token
784,4768,784,name,Vitamin Import,english,"2024-01-25 10:07:54","2024-01-25 10:07:54",CC Token,CC Token
784,4772,784,seo_url,"",bahasa_indonesia,"2024-01-25 10:07:54","2024-01-25 10:07:54",CC Token,CC Token
784,4773,784,tokopedia_category_ids,"",bahasa_indonesia,"2024-01-25 10:07:54","2024-01-25 10:07:54",CC Token,CC Token
186,4713,186,blibli_category_ids,"",bahasa_indonesia,"2023-12-04 18:48:41","2023-12-04 18:48:41",CC Token,CC Token
186,1391,186,meta_description,"Dapatkan produk lengkap Vitamin & Suplemen di Halodoc: dosis, aturan pakai, dan efek samping. 1 Jam Sampai, Dikirim dari Apotek Tepercaya, Buka 24 Jam*",bahasa_indonesia,"2023-03-13 18:57:27","2025-05-06 15:01:01",Dev,Dev
186,1389,186,meta_keywords,Produk Vitamin Suplemen Halodoc,bahasa_indonesia,"2023-03-13 18:57:27","2023-03-13 18:57:27",Dev,Dev
186,1443,186,meta_title,Beli Produk Vitamin & Suplemen di Halodoc - 100% Produk Asli,bahasa_indonesia,"2023-03-14 10:50:01","2025-05-06 15:08:40",CC Token,CC Token
186,1388,186,name,Vitamin & Suplemen,bahasa_indonesia,"2023-03-13 18:57:27","2023-03-13 18:57:27",Dev,Dev
186,1390,186,name,Vitamins & Supplements,english,"2023-03-13 18:57:27","2023-03-13 18:57:27",Dev,Dev
186,1442,186,seo_url,"",english,"2023-03-14 10:50:01","2023-12-04 18:48:41",CC Token,CC Token
186,4714,186,tokopedia_category_ids,"",bahasa_indonesia,"2023-12-04 18:48:41","2023-12-04 18:48:41",CC Token,CC Token
897,5364,897,meta_description,"Dapatkan produk lengkap Weight Management di Halodoc: dosis, aturan pakai, dan efek samping. 1 Jam Sampai, Dikirim dari Apotek Tepercaya, Buka 24 Jam*",bahasa_indonesia,"2024-10-29 14:16:23","2025-05-06 15:01:01",CC Token,Dev
897,5362,897,meta_keywords,Produk Weight Management Halodoc,bahasa_indonesia,"2024-10-29 14:16:23","2024-10-29 14:16:23",CC Token,CC Token
897,5360,897,meta_title,Beli Produk Weight Management di Halodoc - 100% Produk Asli,bahasa_indonesia,"2024-10-29 14:16:23","2025-05-06 15:09:01",CC Token,CC Token
897,5361,897,name,Weight Management,bahasa_indonesia,"2024-10-29 14:16:23","2024-10-29 14:16:23",CC Token,CC Token
897,5365,897,name,Weight Management,english,"2024-10-29 14:16:23","2024-10-29 14:16:23",CC Token,CC Token
897,5363,897,seo_url,"",bahasa_indonesia,"2024-10-29 14:16:23","2024-10-29 14:16:23",CC Token,CC Token
375,2162,375,meta_description,Dapatkan informasi Produk Asthma Asthma Care paling lengkap hanya di Halodoc. Konsultasi obat dengan dokter ? Order obat di Halodoc ? #TenangAdaHalodoc,bahasa_indonesia,"2023-03-14 11:41:34","2023-03-14 11:41:34",Dev,Dev
375,2617,375,meta_keywords,-,bahasa_indonesia,"2023-04-12 11:18:59","2023-04-12 11:18:59",CC Token,CC Token
375,2616,375,meta_title,-,bahasa_indonesia,"2023-04-12 11:18:59","2023-04-12 11:18:59",CC Token,CC Token
375,2163,375,name,Perawatan Asma,bahasa_indonesia,"2023-03-14 11:41:34","2023-03-14 11:41:34",Dev,Dev
375,2164,375,name,Asthma Care,english,"2023-03-14 11:41:34","2023-03-14 11:41:34",Dev,Dev
375,2615,375,seo_url, ,english,"2023-04-12 11:18:59","2023-04-12 11:18:59",CC Token,CC Token
374,2159,374,meta_description,Dapatkan informasi Produk Asthma Inhalers paling lengkap hanya di Halodoc. Konsultasi obat dengan dokter ? Order obat di Halodoc ? #TenangAdaHalodoc,bahasa_indonesia,"2023-03-14 11:41:33","2023-03-14 11:41:33",Dev,Dev
374,2613,374,meta_keywords,-,bahasa_indonesia,"2023-04-12 11:18:24","2023-04-12 11:18:24",CC Token,CC Token
374,2612,374,meta_title,-,bahasa_indonesia,"2023-04-12 11:18:24","2023-04-12 11:18:24",CC Token,CC Token
374,2160,374,name,Inhaler,bahasa_indonesia,"2023-03-14 11:41:33","2023-03-14 11:41:33",Dev,Dev
374,2161,374,name,Inhalers,english,"2023-03-14 11:41:33","2023-03-14 11:41:33",Dev,Dev
374,2614,374,seo_url, ,english,"2023-04-12 11:18:24","2023-04-12 11:18:24",CC Token,CC Token
373,2156,373,meta_description,Dapatkan informasi Produk Asthma Medicines paling lengkap hanya di Halodoc. Konsultasi obat dengan dokter ? Order obat di Halodoc ? #TenangAdaHalodoc,bahasa_indonesia,"2023-03-14 11:41:33","2023-03-14 11:41:33",Dev,Dev
373,2631,373,meta_keywords,-,bahasa_indonesia,"2023-04-12 13:14:50","2023-04-12 13:14:50",CC Token,CC Token
373,2632,373,meta_title,-,bahasa_indonesia,"2023-04-12 13:14:50","2023-04-12 13:14:50",CC Token,CC Token
373,2157,373,name,Obat,bahasa_indonesia,"2023-03-14 11:41:33","2023-03-14 11:41:33",Dev,Dev
373,2158,373,name,Medicines,english,"2023-03-14 11:41:33","2023-03-14 11:41:33",Dev,Dev
373,2630,373,seo_url, ,english,"2023-04-12 13:14:50","2023-04-12 13:14:50",CC Token,CC Token
413,2295,413,meta_description,Dapatkan informasi Produk Beauty & Personal Care Acne Care paling lengkap hanya di Halodoc. Konsultasi obat dengan dokter ? Order obat di Halodoc ? #TenangAdaHalodoc,bahasa_indonesia,"2023-03-14 11:54:05","2023-03-14 11:54:05",Dev,Dev
413,2297,413,meta_keywords,Produk Perawatan Jerawat Kecantikan dan Perawatan Diri Halodoc,bahasa_indonesia,"2023-03-14 11:54:05","2023-03-14 11:54:05",Dev,Dev
413,2514,413,meta_title,Acne Care,bahasa_indonesia,"2023-03-14 16:56:03","2023-03-14 16:56:03",CC Token,CC Token
413,2298,413,name,Perawatan Jerawat,bahasa_indonesia,"2023-03-14 11:54:05","2023-03-14 11:54:05",Dev,Dev
413,2296,413,name,Acne Care,english,"2023-03-14 11:54:05","2023-03-14 11:54:05",Dev,Dev
413,2513,413,seo_url,"",english,"2023-03-14 16:56:03","2024-09-17 12:59:15",CC Token,CC Token
412,2291,412,meta_description,Dapatkan informasi Produk Beauty & Personal Care Cosmetics & Beauty paling lengkap hanya di Halodoc. Konsultasi obat dengan dokter ? Order obat di Halodoc ? #TenangAdaHalodoc,bahasa_indonesia,"2023-03-14 11:54:05","2023-03-14 11:54:05",Dev,Dev
412,2293,412,meta_keywords,Produk Kosmetik & Kecantikan Kecantikan dan Perawatan Diri Halodoc,bahasa_indonesia,"2023-03-14 11:54:05","2023-03-14 11:54:05",Dev,Dev
412,2620,412,meta_title,-,bahasa_indonesia,"2023-04-12 11:28:19","2023-04-12 11:28:19",CC Token,CC Token
412,2294,412,name,Kosmetik & Kecantikan,bahasa_indonesia,"2023-03-14 11:54:05","2023-03-14 11:54:05",Dev,Dev
412,2292,412,name,Cosmetics & Beauty,english,"2023-03-14 11:54:05","2023-03-14 11:54:05",Dev,Dev
412,2621,412,seo_url,"",english,"2023-04-12 11:28:19","2024-09-17 12:59:59",CC Token,CC Token
896,5356,896,meta_description,"Dapatkan obat lengkap Eksim di Halodoc: dosis, aturan pakai, dan efek samping. 1 Jam Sampai, Dikirim dari Apotek Tepercaya, Buka 24 Jam*",bahasa_indonesia,"2024-09-09 17:50:59","2025-05-06 15:01:01",Dev,Dev
896,5359,896,meta_keywords,Eczema,bahasa_indonesia,"2024-09-09 17:52:24","2024-09-09 17:52:24",CC Token,CC Token
896,5357,896,meta_title,Beli Obat Eksim di Halodoc - 100% Produk Asli,bahasa_indonesia,"2024-09-09 17:52:24","2025-05-06 15:09:29",CC Token,CC Token
896,5354,896,name,Eksim,bahasa_indonesia,"2024-09-09 17:50:59","2024-09-09 17:50:59",Dev,Dev
896,5355,896,name,Eczema,english,"2024-09-09 17:50:59","2024-09-09 17:50:59",Dev,Dev
896,5358,896,seo_url,"",english,"2024-09-09 17:52:24","2024-09-09 17:52:24",CC Token,CC Token
411,2287,411,meta_description,Dapatkan informasi Produk Beauty & Personal Care Men's Care paling lengkap hanya di Halodoc. Konsultasi obat dengan dokter ? Order obat di Halodoc ? #TenangAdaHalodoc,bahasa_indonesia,"2023-03-14 11:54:05","2023-03-14 11:54:05",Dev,Dev
411,2289,411,meta_keywords,Produk Perawatan Pria Kecantikan dan Perawatan Diri Halodoc,bahasa_indonesia,"2023-03-14 11:54:05","2023-03-14 11:54:05",Dev,Dev
411,2619,411,meta_title,-,bahasa_indonesia,"2023-04-12 11:27:54","2023-04-12 11:27:54",CC Token,CC Token
411,2290,411,name,Perawatan Pria,bahasa_indonesia,"2023-03-14 11:54:05","2023-03-14 11:54:05",Dev,Dev
411,2288,411,name,Men's Care,english,"2023-03-14 11:54:05","2023-03-14 11:54:05",Dev,Dev
411,2618,411,seo_url,"",english,"2023-04-12 11:27:54","2024-09-17 13:00:22",CC Token,CC Token
409,2279,409,meta_description,Dapatkan informasi Produk Beauty & Personal Care Personal Care paling lengkap hanya di Halodoc. Konsultasi obat dengan dokter ? Order obat di Halodoc ? #TenangAdaHalodoc,bahasa_indonesia,"2023-03-14 11:54:05","2023-09-13 16:36:57",Dev,Dev
409,2281,409,meta_keywords,Produk Perawatan Diri Kecantikan dan Perawatan Diri Halodoc,bahasa_indonesia,"2023-03-14 11:54:05","2023-03-14 11:54:05",Dev,Dev
409,2512,409,meta_title,Personal Care,bahasa_indonesia,"2023-03-14 16:51:39","2023-03-14 16:51:39",CC Token,CC Token
409,2282,409,name,Perawatan Diri,bahasa_indonesia,"2023-03-14 11:54:05","2023-03-14 11:54:05",Dev,Dev
409,2280,409,name,Personal Care,english,"2023-03-14 11:54:05","2023-03-14 11:54:05",Dev,Dev
409,2511,409,seo_url,"",english,"2023-03-14 16:51:39","2024-09-17 12:59:46",CC Token,CC Token
410,4782,410,blibli_category_ids,"",bahasa_indonesia,"2024-02-07 10:20:11","2024-02-07 10:20:11",CC Token,CC Token
410,2283,410,meta_description,"Dapatkan produk lengkap Perawatan Kulit di Halodoc: dosis, aturan pakai, dan efek samping. 1 Jam Sampai, Dikirim dari Apotek Tepercaya, Buka 24 Jam*",bahasa_indonesia,"2023-03-14 11:54:05","2025-05-06 15:01:01",Dev,Dev
410,2285,410,meta_keywords,Produk Perawatan Kulit Kecantikan dan Perawatan Diri Halodoc,bahasa_indonesia,"2023-03-14 11:54:05","2023-03-14 11:54:05",Dev,Dev
410,2601,410,meta_title,Beli Produk Perawatan Kulit di Halodoc - 100% Produk Asli,bahasa_indonesia,"2023-03-29 09:15:34","2025-05-06 15:09:48",CC Token,CC Token
410,2286,410,name,Perawatan Kulit,bahasa_indonesia,"2023-03-14 11:54:05","2023-03-14 11:54:05",Dev,Dev
410,2284,410,name,Skin Care,english,"2023-03-14 11:54:05","2023-03-14 11:54:05",Dev,Dev
410,2600,410,seo_url,"",english,"2023-03-29 09:15:34","2024-02-07 10:20:11",CC Token,CC Token
410,4783,410,tokopedia_category_ids,"",bahasa_indonesia,"2024-02-07 10:20:11","2024-02-07 10:20:11",CC Token,CC Token
520,4311,520,blibli_category_ids,"",bahasa_indonesia,"2023-09-25 10:59:28","2024-09-17 12:59:32",CC Token,CC Token
520,3023,520,meta_description,Dapatkan informasi Produk Beauty & Personal Care Sun Care paling lengkap hanya di Halodoc. Konsultasi obat dengan dokter ? Order obat di Halodoc ? #TenangAdaHalodoc,bahasa_indonesia,"2023-08-08 15:50:29","2023-09-13 15:32:34",Dev,Dev
520,3024,520,meta_keywords,Produk Sun Care Kecantikan dan Perawatan Diri Halodoc,bahasa_indonesia,"2023-08-08 15:50:29","2023-09-13 15:32:34",Dev,Dev
520,3026,520,meta_title,Sun Care,bahasa_indonesia,"2023-08-08 16:04:11","2023-09-25 10:59:28",CC Token,CC Token
520,3021,520,name,Sun Care,bahasa_indonesia,"2023-08-08 15:50:29","2023-09-13 15:32:34",Dev,Dev
520,3022,520,name,Sun Care,english,"2023-08-08 15:50:29","2023-09-13 15:32:34",Dev,Dev
520,3025,520,seo_url,"",english,"2023-08-08 16:04:11","2024-09-17 12:59:32",CC Token,CC Token
520,4310,520,tokopedia_category_ids,"",bahasa_indonesia,"2023-09-25 10:59:28","2024-09-17 12:59:32",CC Token,CC Token
380,2181,380,meta_description,Dapatkan informasi Produk Contact Lenses Accessories paling lengkap hanya di Halodoc. Konsultasi obat dengan dokter ? Order obat di Halodoc ? #TenangAdaHalodoc,bahasa_indonesia,"2023-03-14 11:43:09","2023-03-14 11:43:09",Dev,Dev
380,2182,380,meta_keywords,Produk Aksesoris Lensa Kontak Halodoc,bahasa_indonesia,"2023-03-14 11:43:09","2023-03-14 11:43:09",Dev,Dev
380,2498,380,meta_title,Accessories,bahasa_indonesia,"2023-03-14 14:58:24","2023-03-14 14:58:24",CC Token,CC Token
380,2183,380,name,Aksesoris,bahasa_indonesia,"2023-03-14 11:43:09","2023-03-14 11:43:09",Dev,Dev
380,2184,380,name,Accessories,english,"2023-03-14 11:43:09","2023-03-14 11:43:09",Dev,Dev
380,2497,380,seo_url, ,english,"2023-03-14 14:58:24","2023-03-14 14:58:24",CC Token,CC Token
379,2177,379,meta_description,Dapatkan informasi Produk Contact Lenses Drops & Solutions paling lengkap hanya di Halodoc. Konsultasi obat dengan dokter ? Order obat di Halodoc ? #TenangAdaHalodoc,bahasa_indonesia,"2023-03-14 11:43:09","2023-03-14 11:43:09",Dev,Dev
379,2178,379,meta_keywords,Produk Cairan Lensa Kontak Lensa Kontak Halodoc,bahasa_indonesia,"2023-03-14 11:43:09","2023-03-14 11:43:09",Dev,Dev
379,2495,379,meta_title,Drops & Solutions,bahasa_indonesia,"2023-03-14 14:57:43","2023-03-14 14:57:43",CC Token,CC Token
379,2179,379,name,Cairan Lensa Kontak,bahasa_indonesia,"2023-03-14 11:43:09","2023-03-14 11:43:09",Dev,Dev
379,2180,379,name,Drops & Solutions,english,"2023-03-14 11:43:09","2023-03-14 11:43:09",Dev,Dev
379,2496,379,seo_url, ,english,"2023-03-14 14:57:43","2023-03-14 14:57:43",CC Token,CC Token
378,2173,378,meta_description,Dapatkan informasi Produk Contact Lenses Lenses paling lengkap hanya di Halodoc. Konsultasi obat dengan dokter ? Order obat di Halodoc ? #TenangAdaHalodoc,bahasa_indonesia,"2023-03-14 11:43:09","2023-03-14 11:43:09",Dev,Dev
378,2174,378,meta_keywords,Produk Lensa Lensa Kontak Halodoc,bahasa_indonesia,"2023-03-14 11:43:09","2023-03-14 11:43:09",Dev,Dev
378,2494,378,meta_title,Lenses,bahasa_indonesia,"2023-03-14 14:55:55","2023-03-14 14:55:55",CC Token,CC Token
378,2175,378,name,Lensa,bahasa_indonesia,"2023-03-14 11:43:09","2023-03-14 11:43:09",Dev,Dev
378,2176,378,name,Lenses,english,"2023-03-14 11:43:09","2023-03-14 11:43:09",Dev,Dev
378,2493,378,seo_url, ,english,"2023-03-14 14:55:55","2023-03-14 14:55:55",CC Token,CC Token
461,4672,461,blibli_category_ids,"",bahasa_indonesia,"2023-10-30 19:06:39","2023-10-30 19:06:40",CC Token,CC Token
461,2633,461,meta_description,Dapatkan informasi Produk Medicine & Treatments Bladder & Kidney Issues paling lengkap hanya di Halodoc. Konsultasi obat dengan dokter ? Order obat di Halodoc ? #TenangAdaHalodoc,bahasa_indonesia,"2023-06-12 16:18:13","2023-06-12 16:18:13",Dev,Dev
461,2635,461,meta_keywords,Produk Kandung Kemih & Ginjal Obat Perawatan Halodoc,bahasa_indonesia,"2023-06-12 16:18:13","2023-06-12 16:18:13",Dev,Dev
461,2645,461,meta_title,Bladder & Kidney Issues,bahasa_indonesia,"2023-06-12 16:43:52","2023-06-12 16:43:52",CC Token,CC Token
461,2634,461,name,Kandung Kemih & Ginjal,bahasa_indonesia,"2023-06-12 16:18:13","2023-06-12 16:18:13",Dev,Dev
461,2636,461,name,Bladder & Kidney Issues,english,"2023-06-12 16:18:13","2023-06-12 16:18:13",Dev,Dev
461,2646,461,seo_url,"",english,"2023-06-12 16:43:52","2023-10-30 19:06:40",CC Token,CC Token
461,4671,461,tokopedia_category_ids,"",bahasa_indonesia,"2023-10-30 19:06:39","2023-10-30 19:06:40",CC Token,CC Token
463,4674,463,blibli_category_ids,"",bahasa_indonesia,"2023-10-30 19:07:01","2023-10-30 19:07:02",CC Token,CC Token
463,2642,463,meta_description,Dapatkan informasi Produk Medicine & Treatments Condoms & Lubricant paling lengkap hanya di Halodoc. Konsultasi obat dengan dokter ? Order obat di Halodoc ? #TenangAdaHalodoc,bahasa_indonesia,"2023-06-12 16:18:13","2023-06-12 16:18:13",Dev,Dev
463,2643,463,meta_keywords,Produk Kondom & Pelumas Obat Perawatan Halodoc,bahasa_indonesia,"2023-06-12 16:18:13","2023-06-12 16:18:13",Dev,Dev
463,2649,463,meta_title,Condoms & Lubricant,bahasa_indonesia,"2023-06-12 16:44:33","2023-06-12 16:44:33",CC Token,CC Token
463,2644,463,name,Kondom & Pelumas,bahasa_indonesia,"2023-06-12 16:18:13","2023-06-12 16:18:13",Dev,Dev
463,2641,463,name,Condoms & Lubricant,english,"2023-06-12 16:18:13","2023-06-12 16:18:13",Dev,Dev
463,2650,463,seo_url,"",english,"2023-06-12 16:44:33","2023-10-30 19:07:02",CC Token,CC Token
463,4673,463,tokopedia_category_ids,"",bahasa_indonesia,"2023-10-30 19:07:01","2023-10-30 19:07:02",CC Token,CC Token
462,4569,462,blibli_category_ids,"",bahasa_indonesia,"2023-10-05 13:52:10","2023-10-30 19:06:48",CC Token,CC Token
462,2637,462,meta_description,Dapatkan informasi Produk Medicine & Treatments Hormone Disorders paling lengkap hanya di Halodoc. Konsultasi obat dengan dokter ? Order obat di Halodoc ? #TenangAdaHalodoc,bahasa_indonesia,"2023-06-12 16:18:13","2023-06-12 16:18:13",Dev,Dev
462,2639,462,meta_keywords,Produk Gangguan Hormone Obat Perawatan Halodoc,bahasa_indonesia,"2023-06-12 16:18:13","2023-06-12 16:18:13",Dev,Dev
462,2648,462,meta_title,Fertility Disorders,bahasa_indonesia,"2023-06-12 16:44:15","2023-06-12 17:08:48",CC Token,CC Token
462,2638,462,name,Gangguan Kesuburan,bahasa_indonesia,"2023-06-12 16:18:13","2023-06-12 17:05:39",Dev,CC Token
462,2640,462,name,Fertility Disorders,english,"2023-06-12 16:18:13","2023-06-12 17:05:39",Dev,CC Token
462,2647,462,seo_url,"",english,"2023-06-12 16:44:15","2023-10-30 19:06:48",CC Token,CC Token
462,4570,462,tokopedia_category_ids,"",bahasa_indonesia,"2023-10-05 13:52:10","2023-10-30 19:06:48",CC Token,CC Token
198,1436,198,meta_description,Dapatkan informasi Produk Covid-19 Essentials paling lengkap hanya di Halodoc. Konsultasi obat dengan dokter ? Order obat di Halodoc ? #TenangAdaHalodoc,bahasa_indonesia,"2023-03-14 10:43:51","2023-03-14 10:43:51",Dev,Dev
198,1437,198,meta_keywords,Produk Perlengkapan Covid Halodoc,bahasa_indonesia,"2023-03-14 10:43:51","2023-03-14 10:43:51",Dev,Dev
198,2186,198,meta_title,Covid-19 Essentials,bahasa_indonesia,"2023-03-14 11:43:21","2023-03-14 11:43:21",CC Token,CC Token
198,1438,198,name,Perlengkapan,bahasa_indonesia,"2023-03-14 10:43:51","2023-03-14 10:43:51",Dev,Dev
198,1439,198,name,Covid-19 Essentials,english,"2023-03-14 10:43:51","2023-03-14 10:43:51",Dev,Dev
198,2185,198,seo_url, ,english,"2023-03-14 11:43:21","2023-03-14 11:43:21",CC Token,CC Token
938,5613,938,meta_description,"Dapatkan informasi Deteksi DBD paling lengkap hanya di Halodoc. Konsultasi obat dengan dokter ? Order obat di Halodoc ? 
#TenangAdaHalodoc",bahasa_indonesia,"2025-06-20 10:10:05","2025-06-20 10:10:05",Dev,Dev
938,5612,938,meta_keywords,Deteksi DBD Halodoc,bahasa_indonesia,"2025-06-20 10:10:05","2025-06-20 10:10:05",Dev,Dev
938,5938,938,meta_title,-,bahasa_indonesia,"2025-06-24 16:34:50","2025-06-24 16:34:50",CC Token,CC Token
938,5610,938,name,Deteksi DBD,bahasa_indonesia,"2025-06-20 10:10:05","2025-06-20 10:10:05",Dev,Dev
938,5611,938,name,Dengue Detection,english,"2025-06-20 10:10:05","2025-06-20 10:10:05",Dev,Dev
938,5939,938,seo_url,"",english,"2025-06-24 16:34:50","2025-06-24 16:34:50",CC Token,CC Token
318,1935,318,meta_description,Dapatkan informasi Produk Devices & Equipment Daily Living paling lengkap hanya di Halodoc. Konsultasi obat dengan dokter ? Order obat di Halodoc ? #TenangAdaHalodoc,bahasa_indonesia,"2023-03-14 11:28:44","2023-03-14 11:28:44",Dev,Dev
318,1937,318,meta_keywords,"Produk Untuk Sehari-Hari Alat Kesehatan, Bahan Medis Habis Pakai Halodoc",bahasa_indonesia,"2023-03-14 11:28:44","2023-03-14 11:28:44",Dev,Dev
318,2463,318,meta_title,Daily Living,bahasa_indonesia,"2023-03-14 14:34:19","2023-03-14 14:34:19",CC Token,CC Token
318,1936,318,name,Untuk Sehari-Hari,bahasa_indonesia,"2023-03-14 11:28:44","2023-03-14 11:28:44",Dev,Dev
318,1934,318,name,Daily Living,english,"2023-03-14 11:28:44","2023-03-14 11:28:44",Dev,Dev
318,2464,318,seo_url, ,english,"2023-03-14 14:34:19","2023-03-14 14:34:19",CC Token,CC Token
322,1951,322,meta_description,"Temukan berbagai macam jenis obat dan vitamin berdasarkan Kategori First Aid. Ketahui juga manfaat, dosis, cara konsumsi, aturan pakai dan efek samping obat dan vitamin di Halodoc.",bahasa_indonesia,"2023-03-14 11:28:44","2023-08-10 16:59:48",Dev,Dev
322,1953,322,meta_keywords,"Produk P3K Alat Kesehatan, Bahan Medis Habis Pakai Halodoc",bahasa_indonesia,"2023-03-14 11:28:44","2023-03-14 11:28:44",Dev,Dev
322,2472,322,meta_title,First Aid,bahasa_indonesia,"2023-03-14 14:40:42","2023-03-14 14:40:42",CC Token,CC Token
322,1952,322,name,P3K,bahasa_indonesia,"2023-03-14 11:28:44","2023-03-14 11:28:44",Dev,Dev
322,1950,322,name,First Aid,english,"2023-03-14 11:28:44","2023-03-14 11:28:44",Dev,Dev
322,2471,322,seo_url, ,english,"2023-03-14 14:40:42","2023-03-14 14:40:42",CC Token,CC Token
324,1959,324,meta_description,"Temukan berbagai macam jenis obat dan vitamin berdasarkan Kategori Alat Bantu Dengar. Ketahui juga manfaat, dosis, cara konsumsi, aturan pakai dan efek samping obat dan vitamin di Halodoc.",bahasa_indonesia,"2023-03-14 11:28:44","2023-08-10 16:59:48",Dev,Dev
324,1961,324,meta_keywords,"Produk Alat Bantu Dengar Alat Kesehatan, Bahan Medis Habis Pakai Halodoc",bahasa_indonesia,"2023-03-14 11:28:44","2023-03-14 11:28:44",Dev,Dev
324,2475,324,meta_title,Hearing Aids,bahasa_indonesia,"2023-03-14 14:43:00","2023-03-14 14:43:00",CC Token,CC Token
324,1960,324,name,Alat Bantu Dengar,bahasa_indonesia,"2023-03-14 11:28:44","2023-03-14 11:28:44",Dev,Dev
324,1958,324,name,Hearing Aids,english,"2023-03-14 11:28:44","2023-03-14 11:28:44",Dev,Dev
324,2476,324,seo_url, ,english,"2023-03-14 14:43:00","2023-03-14 14:43:00",CC Token,CC Token
320,1943,320,meta_description,Dapatkan informasi Produk Devices & Equipment Monitoring Devices paling lengkap hanya di Halodoc. Konsultasi obat dengan dokter ? Order obat di Halodoc ? #TenangAdaHalodoc,bahasa_indonesia,"2023-03-14 11:28:44","2023-03-14 11:28:44",Dev,Dev
320,1945,320,meta_keywords,"Produk Alat Monitoring Alat Kesehatan, Bahan Medis Habis Pakai Halodoc",bahasa_indonesia,"2023-03-14 11:28:44","2023-03-14 11:28:44",Dev,Dev
320,2467,320,meta_title,Monitoring Devices,bahasa_indonesia,"2023-03-14 14:38:09","2023-03-14 14:38:09",CC Token,CC Token
320,1944,320,name,Alat Monitoring,bahasa_indonesia,"2023-03-14 11:28:44","2023-03-14 11:28:44",Dev,Dev
320,1942,320,name,Monitoring Devices,english,"2023-03-14 11:28:44","2023-03-14 11:28:44",Dev,Dev
320,2468,320,seo_url, ,english,"2023-03-14 14:38:09","2023-03-14 14:38:09",CC Token,CC Token
325,1963,325,meta_description,Dapatkan informasi Produk Devices & Equipment Others paling lengkap hanya di Halodoc. Konsultasi obat dengan dokter ? Order obat di Halodoc ? #TenangAdaHalodoc,bahasa_indonesia,"2023-03-14 11:28:44","2023-03-14 11:28:44",Dev,Dev
325,1965,325,meta_keywords,"Produk Lainnya Alat Kesehatan, Bahan Medis Habis Pakai Halodoc",bahasa_indonesia,"2023-03-14 11:28:44","2023-03-14 11:28:44",Dev,Dev
325,2478,325,meta_title,Others,bahasa_indonesia,"2023-03-14 14:44:04","2023-03-14 14:44:04",CC Token,CC Token
325,1964,325,name,Lainnya,bahasa_indonesia,"2023-03-14 11:28:44","2023-03-14 11:28:44",Dev,Dev
325,1962,325,name,Others,english,"2023-03-14 11:28:44","2023-03-14 11:28:44",Dev,Dev
325,2477,325,seo_url, ,english,"2023-03-14 14:44:04","2023-03-14 14:44:04",CC Token,CC Token
319,1939,319,meta_description,Dapatkan informasi Produk Devices & Equipment Self Test Kits paling lengkap hanya di Halodoc. Konsultasi obat dengan dokter ? Order obat di Halodoc ? #TenangAdaHalodoc,bahasa_indonesia,"2023-03-14 11:28:44","2023-03-14 11:28:44",Dev,Dev
319,1941,319,meta_keywords,"Produk Alat Tes Mandiri Alat Kesehatan, Bahan Medis Habis Pakai Halodoc",bahasa_indonesia,"2023-03-14 11:28:44","2023-03-14 11:28:44",Dev,Dev
319,2465,319,meta_title,Self Test Kits,bahasa_indonesia,"2023-03-14 14:37:00","2023-03-14 14:37:00",CC Token,CC Token
319,1940,319,name,Alat Tes Mandiri,bahasa_indonesia,"2023-03-14 11:28:44","2023-03-14 11:28:44",Dev,Dev
319,1938,319,name,Self Test Kits,english,"2023-03-14 11:28:44","2023-03-14 11:28:44",Dev,Dev
319,2466,319,seo_url, ,english,"2023-03-14 14:37:00","2023-03-14 14:37:00",CC Token,CC Token
323,1955,323,meta_description,Dapatkan informasi Produk Devices & Equipment Support & Braces paling lengkap hanya di Halodoc. Konsultasi obat dengan dokter ? Order obat di Halodoc ? #TenangAdaHalodoc,bahasa_indonesia,"2023-03-14 11:28:44","2023-03-14 11:28:44",Dev,Dev
323,1957,323,meta_keywords,"Produk Penopang Tubuh Alat Kesehatan, Bahan Medis Habis Pakai Halodoc",bahasa_indonesia,"2023-03-14 11:28:44","2023-03-14 11:28:44",Dev,Dev
323,2474,323,meta_title,Support & Braces,bahasa_indonesia,"2023-03-14 14:41:43","2023-03-14 14:41:43",CC Token,CC Token
323,1956,323,name,Penopang Tubuh,bahasa_indonesia,"2023-03-14 11:28:44","2023-03-14 11:28:44",Dev,Dev
323,1954,323,name,Support & Braces,english,"2023-03-14 11:28:44","2023-03-14 11:28:44",Dev,Dev
323,2473,323,seo_url, ,english,"2023-03-14 14:41:43","2023-03-14 14:41:43",CC Token,CC Token
321,1947,321,meta_description,Dapatkan informasi Produk Devices & Equipment Wipes & Needles paling lengkap hanya di Halodoc. Konsultasi obat dengan dokter ? Order obat di Halodoc ? #TenangAdaHalodoc,bahasa_indonesia,"2023-03-14 11:28:44","2023-03-14 11:28:44",Dev,Dev
321,1949,321,meta_keywords,"Produk Tisu Alkohol & Jarum Alat Kesehatan, Bahan Medis Habis Pakai Halodoc",bahasa_indonesia,"2023-03-14 11:28:44","2023-03-14 11:28:44",Dev,Dev
321,2469,321,meta_title,Wipes & Needles,bahasa_indonesia,"2023-03-14 14:39:25","2023-03-14 14:39:25",CC Token,CC Token
321,1948,321,name,Tisu Alkohol & Jarum,bahasa_indonesia,"2023-03-14 11:28:44","2023-03-14 11:28:44",Dev,Dev
321,1946,321,name,Wipes & Needles,english,"2023-03-14 11:28:44","2023-03-14 11:28:44",Dev,Dev
321,2470,321,seo_url, ,english,"2023-03-14 14:39:25","2023-03-14 14:39:25",CC Token,CC Token
354,4521,354,blibli_category_ids, ,bahasa_indonesia,"2023-10-04 17:14:20","2023-10-04 17:14:20",CC Token,CC Token
354,2080,354,meta_description,Dapatkan informasi Produk Diabetes Insulin paling lengkap hanya di Halodoc. Konsultasi obat dengan dokter ? Order obat di Halodoc ? #TenangAdaHalodoc,bahasa_indonesia,"2023-03-14 11:33:25","2023-03-14 11:33:25",Dev,Dev
354,2083,354,meta_keywords,Produk Insulin Diabetes Halodoc,bahasa_indonesia,"2023-03-14 11:33:25","2023-03-14 11:33:25",Dev,Dev
354,2482,354,meta_title,Insulin,bahasa_indonesia,"2023-03-14 14:46:52","2023-03-14 14:46:52",CC Token,CC Token
354,2081,354,name,Insulin,bahasa_indonesia,"2023-03-14 11:33:25","2023-03-14 11:33:25",Dev,Dev
354,2082,354,name,Insulin,english,"2023-03-14 11:33:25","2023-03-14 11:33:25",Dev,Dev
354,2481,354,seo_url, ,english,"2023-03-14 14:46:52","2023-03-14 14:46:52",CC Token,CC Token
354,4522,354,tokopedia_category_ids, ,bahasa_indonesia,"2023-10-04 17:14:20","2023-10-04 17:14:20",CC Token,CC Token
353,4530,353,blibli_category_ids, ,bahasa_indonesia,"2023-10-04 17:14:34","2023-10-04 17:14:34",CC Token,CC Token
353,2076,353,meta_description,Dapatkan informasi Produk Diabetes Medicines paling lengkap hanya di Halodoc. Konsultasi obat dengan dokter ? Order obat di Halodoc ? #TenangAdaHalodoc,bahasa_indonesia,"2023-03-14 11:33:25","2023-03-14 11:33:25",Dev,Dev
353,2079,353,meta_keywords,Produk Obat Diabetes Halodoc,bahasa_indonesia,"2023-03-14 11:33:25","2023-03-14 11:33:25",Dev,Dev
353,2479,353,meta_title,Medicines,bahasa_indonesia,"2023-03-14 14:45:14","2023-03-14 14:45:14",CC Token,CC Token
353,2077,353,name,Obat,bahasa_indonesia,"2023-03-14 11:33:25","2023-03-14 11:33:25",Dev,Dev
353,2078,353,name,Medicines,english,"2023-03-14 11:33:25","2023-03-14 11:33:25",Dev,Dev
353,2480,353,seo_url, ,english,"2023-03-14 14:45:14","2023-03-14 14:45:14",CC Token,CC Token
353,4529,353,tokopedia_category_ids, ,bahasa_indonesia,"2023-10-04 17:14:34","2023-10-04 17:14:34",CC Token,CC Token
356,4527,356,blibli_category_ids, ,bahasa_indonesia,"2023-10-04 17:14:32","2023-10-04 17:14:32",CC Token,CC Token
356,2088,356,meta_description,Dapatkan informasi Produk Diabetes Monitoring & Management paling lengkap hanya di Halodoc. Konsultasi obat dengan dokter ? Order obat di Halodoc ? #TenangAdaHalodoc,bahasa_indonesia,"2023-03-14 11:33:25","2023-03-14 11:33:25",Dev,Dev
356,2091,356,meta_keywords,Produk Alat Kesehatan & Monitoring Diabetes Halodoc,bahasa_indonesia,"2023-03-14 11:33:25","2023-03-14 11:33:25",Dev,Dev
356,2486,356,meta_title,Monitoring & Management,bahasa_indonesia,"2023-03-14 14:49:00","2023-03-14 14:49:00",CC Token,CC Token
356,2089,356,name,Monitoring & Pengelolaan,bahasa_indonesia,"2023-03-14 11:33:25","2023-03-14 11:33:25",Dev,Dev
356,2090,356,name,Monitoring & Management,english,"2023-03-14 11:33:25","2023-03-14 11:33:25",Dev,Dev
356,2485,356,seo_url, ,english,"2023-03-14 14:49:00","2023-03-14 14:49:00",CC Token,CC Token
356,4528,356,tokopedia_category_ids, ,bahasa_indonesia,"2023-10-04 17:14:32","2023-10-04 17:14:32",CC Token,CC Token
355,4503,355,blibli_category_ids, ,bahasa_indonesia,"2023-10-04 17:13:28","2023-10-04 17:13:28",CC Token,CC Token
355,2084,355,meta_description,Dapatkan informasi Produk Diabetes Supplements paling lengkap hanya di Halodoc. Konsultasi obat dengan dokter ? Order obat di Halodoc ? #TenangAdaHalodoc,bahasa_indonesia,"2023-03-14 11:33:25","2023-03-14 11:33:25",Dev,Dev
355,2087,355,meta_keywords,Produk Suplemen Diabetes Halodoc,bahasa_indonesia,"2023-03-14 11:33:25","2023-03-14 11:33:25",Dev,Dev
355,2483,355,meta_title,Supplements,bahasa_indonesia,"2023-03-14 14:48:14","2023-03-14 14:48:14",CC Token,CC Token
355,2085,355,name,Suplemen,bahasa_indonesia,"2023-03-14 11:33:25","2023-03-14 11:33:25",Dev,Dev
355,2086,355,name,Supplements,english,"2023-03-14 11:33:25","2023-03-14 11:33:25",Dev,Dev
355,2484,355,seo_url, ,english,"2023-03-14 14:48:14","2023-03-14 14:48:14",CC Token,CC Token
355,4504,355,tokopedia_category_ids, ,bahasa_indonesia,"2023-10-04 17:13:28","2023-10-04 17:13:28",CC Token,CC Token
815,4938,815,blibli_category_ids,"",bahasa_indonesia,"2024-03-08 14:26:45","2024-03-08 14:26:45",CC Token,CC Token
815,4934,815,meta_description,Temukan obat haloskin paling lengkap hanya di Halodoc. Konsultasi obat dengan dokter Order obat di Halodoc ? #TenangMenjaga,bahasa_indonesia,"2024-03-08 14:19:42","2024-03-08 14:19:42",Dev,Dev
815,4933,815,meta_keywords,Produk Haloskin Obat Perawatan Halodoc,bahasa_indonesia,"2024-03-08 14:19:42","2024-03-08 14:19:42",Dev,Dev
815,4935,815,meta_title,Haloskin,bahasa_indonesia,"2024-03-08 14:26:45","2024-03-08 14:26:45",CC Token,CC Token
815,4932,815,name,Haloskin,bahasa_indonesia,"2024-03-08 14:19:42","2024-03-08 14:26:45",Dev,CC Token
815,4931,815,name,Haloskin,english,"2024-03-08 14:19:42","2024-03-08 14:26:45",Dev,CC Token
815,4936,815,seo_url,"",english,"2024-03-08 14:26:45","2024-03-08 14:26:45",CC Token,CC Token
815,4937,815,tokopedia_category_ids,"",bahasa_indonesia,"2024-03-08 14:26:45","2024-03-08 14:26:45",CC Token,CC Token
914,5458,914,meta_description,Focus Category for Monitoring Only,bahasa_indonesia,"2025-01-17 16:24:05","2025-01-17 16:24:05",Dev,Dev
914,5459,914,meta_keywords,Focus Category for Monitoring Only,bahasa_indonesia,"2025-01-17 16:24:05","2025-01-17 16:24:05",Dev,Dev
914,5457,914,name,FC Diabetes,bahasa_indonesia,"2025-01-17 16:24:05","2025-01-17 16:24:05",Dev,Dev
914,5456,914,name,FC Diabetes,english,"2025-01-17 16:24:05","2025-01-17 16:24:05",Dev,Dev
906,5413,906,meta_description,Focus Category for Monitoring Only,bahasa_indonesia,"2025-01-17 10:16:58","2025-01-17 10:16:58",Dev,Dev
906,5415,906,meta_keywords,Focus Category for Monitoring Only,bahasa_indonesia,"2025-01-17 10:16:58","2025-01-17 10:16:58",Dev,Dev
906,5435,906,meta_title,Focus Category for Monitoring Only,bahasa_indonesia,"2025-01-17 10:30:24","2025-01-17 10:30:24",CC Token,CC Token
906,5412,906,name,FC Herbal,bahasa_indonesia,"2025-01-17 10:16:58","2025-01-17 10:16:58",Dev,Dev
906,5414,906,name,FC Herbal,english,"2025-01-17 10:16:58","2025-01-17 10:16:58",Dev,Dev
906,5434,906,seo_url,"",english,"2025-01-17 10:30:24","2025-01-17 10:30:24",CC Token,CC Token
905,5409,905,meta_description,Focus Category for Monitoring Only,bahasa_indonesia,"2025-01-17 10:16:58","2025-01-17 10:16:58",Dev,Dev
905,5411,905,meta_keywords,Focus Category for Monitoring Only,bahasa_indonesia,"2025-01-17 10:16:58","2025-01-17 10:16:58",Dev,Dev
905,5432,905,meta_title,Focus Category for Monitoring Only,bahasa_indonesia,"2025-01-17 10:30:10","2025-01-17 10:30:10",CC Token,CC Token
905,5408,905,name,FC Pre Order,bahasa_indonesia,"2025-01-17 10:16:58","2025-01-17 10:16:58",Dev,Dev
905,5410,905,name,FC Pre Order,english,"2025-01-17 10:16:58","2025-01-17 10:16:58",Dev,Dev
905,5433,905,seo_url,"",english,"2025-01-17 10:30:10","2025-01-17 10:30:10",CC Token,CC Token
911,5446,911,meta_description,Focus Category for Monitoring Only,bahasa_indonesia,"2025-01-17 16:24:05","2025-01-17 16:24:05",Dev,Dev
911,5447,911,meta_keywords,Focus Category for Monitoring Only,bahasa_indonesia,"2025-01-17 16:24:05","2025-01-17 16:24:05",Dev,Dev
911,5445,911,name,FC Sexual Health - Men,bahasa_indonesia,"2025-01-17 16:24:05","2025-01-17 16:24:05",Dev,Dev
911,5444,911,name,FC Sexual Health - Men,english,"2025-01-17 16:24:05","2025-01-17 16:24:05",Dev,Dev
912,5450,912,meta_description,Focus Category for Monitoring Only,bahasa_indonesia,"2025-01-17 16:24:05","2025-01-17 16:24:05",Dev,Dev
912,5451,912,meta_keywords,Focus Category for Monitoring Only,bahasa_indonesia,"2025-01-17 16:24:05","2025-01-17 16:24:05",Dev,Dev
912,5449,912,name,FC Sexual Health - Women,bahasa_indonesia,"2025-01-17 16:24:05","2025-01-17 16:24:05",Dev,Dev
912,5448,912,name,FC Sexual Health - Women,english,"2025-01-17 16:24:05","2025-01-17 16:24:05",Dev,Dev
913,5454,913,meta_description,Focus Category for Monitoring Only,bahasa_indonesia,"2025-01-17 16:24:05","2025-01-17 16:24:05",Dev,Dev
913,5455,913,meta_keywords,Focus Category for Monitoring Only,bahasa_indonesia,"2025-01-17 16:24:05","2025-01-17 16:24:05",Dev,Dev
913,5453,913,name,FC Sexual STD,bahasa_indonesia,"2025-01-17 16:24:05","2025-01-17 16:24:05",Dev,Dev
913,5452,913,name,FC Sexual STD,english,"2025-01-17 16:24:05","2025-01-17 16:24:05",Dev,Dev
934,5595,934,meta_description,Focus Category for Monitoring Only,bahasa_indonesia,"2025-06-03 15:13:00","2025-06-03 15:13:00",Dev,Dev
934,5596,934,meta_keywords,Focus Category for Monitoring Only,bahasa_indonesia,"2025-06-03 15:13:00","2025-06-03 15:13:00",Dev,Dev
934,5597,934,name,FC Sport,bahasa_indonesia,"2025-06-03 15:13:00","2025-06-03 15:13:00",Dev,Dev
934,5594,934,name,FC Sport,english,"2025-06-03 15:13:00","2025-06-03 15:13:00",Dev,Dev
908,5421,908,meta_description,Focus Category for Monitoring Only,bahasa_indonesia,"2025-01-17 10:16:59","2025-01-17 10:16:59",Dev,Dev
908,5423,908,meta_keywords,Focus Category for Monitoring Only,bahasa_indonesia,"2025-01-17 10:16:59","2025-01-17 10:16:59",Dev,Dev
908,5438,908,meta_title,Focus Category for Monitoring Only,bahasa_indonesia,"2025-01-17 10:31:39","2025-01-17 10:31:39",CC Token,CC Token
908,5420,908,name,FC Others,bahasa_indonesia,"2025-01-17 10:16:59","2025-01-17 10:16:59",Dev,Dev
908,5422,908,name,FC Others,english,"2025-01-17 10:16:59","2025-01-17 10:16:59",Dev,Dev
908,5439,908,seo_url,"",english,"2025-01-17 10:31:39","2025-01-17 10:31:39",CC Token,CC Token
909,5425,909,meta_description,Focus Category for Monitoring Only,bahasa_indonesia,"2025-01-17 10:16:59","2025-01-17 10:16:59",Dev,Dev
909,5427,909,meta_keywords,Focus Category for Monitoring Only,bahasa_indonesia,"2025-01-17 10:16:59","2025-01-17 10:16:59",Dev,Dev
909,5440,909,meta_title,Focus Category for Monitoring Only,bahasa_indonesia,"2025-01-17 10:32:02","2025-01-17 10:32:02",CC Token,CC Token
909,5424,909,name,FC Specialty Milk,bahasa_indonesia,"2025-01-17 10:16:59","2025-01-17 10:16:59",Dev,Dev
909,5426,909,name,FC Specialty Milk,english,"2025-01-17 10:16:59","2025-01-17 10:16:59",Dev,Dev
909,5441,909,seo_url,"",english,"2025-01-17 10:32:02","2025-01-17 10:32:02",CC Token,CC Token
907,5417,907,meta_description,Focus Category for Monitoring Only,bahasa_indonesia,"2025-01-17 10:16:59","2025-01-17 10:16:59",Dev,Dev
907,5419,907,meta_keywords,Focus Category for Monitoring Only,bahasa_indonesia,"2025-01-17 10:16:59","2025-01-17 10:16:59",Dev,Dev
907,5437,907,meta_title,Focus Category for Monitoring Only,bahasa_indonesia,"2025-01-17 10:30:44","2025-01-17 10:30:44",CC Token,CC Token
907,5416,907,name,FC Vitamin & Supplements,bahasa_indonesia,"2025-01-17 10:16:59","2025-01-17 10:16:59",Dev,Dev
907,5418,907,name,FC Vitamin & Supplements,english,"2025-01-17 10:16:59","2025-01-17 10:16:59",Dev,Dev
907,5436,907,seo_url,"",english,"2025-01-17 10:30:44","2025-01-17 10:30:44",CC Token,CC Token
910,5429,910,meta_description,Focus Category for Monitoring Only,bahasa_indonesia,"2025-01-17 10:16:59","2025-01-17 10:16:59",Dev,Dev
910,5431,910,meta_keywords,Focus Category for Monitoring Only,bahasa_indonesia,"2025-01-17 10:16:59","2025-01-17 10:16:59",Dev,Dev
910,5443,910,meta_title,Focus Category for Monitoring Only,bahasa_indonesia,"2025-01-17 10:33:34","2025-01-17 10:33:34",CC Token,CC Token
910,5428,910,name,FC Weight Management,bahasa_indonesia,"2025-01-17 10:16:59","2025-01-17 10:16:59",Dev,Dev
910,5430,910,name,FC Weight Management,english,"2025-01-17 10:16:59","2025-01-17 10:16:59",Dev,Dev
910,5442,910,seo_url,"",english,"2025-01-17 10:33:34","2025-01-17 10:33:34",CC Token,CC Token
363,2118,363,meta_description,Dapatkan informasi Produk Heart Health Medicines paling lengkap hanya di Halodoc. Konsultasi obat dengan dokter ? Order obat di Halodoc ? #TenangAdaHalodoc,bahasa_indonesia,"2023-03-14 11:37:33","2023-03-14 11:37:33",Dev,Dev
363,2119,363,meta_keywords,Produk Obat Jantung Halodoc,bahasa_indonesia,"2023-03-14 11:37:33","2023-03-14 11:37:33",Dev,Dev
363,2488,363,meta_title,Medicines,bahasa_indonesia,"2023-03-14 14:50:16","2023-03-14 14:50:16",CC Token,CC Token
363,2116,363,name,Obat,bahasa_indonesia,"2023-03-14 11:37:33","2023-03-14 11:37:33",Dev,Dev
363,2117,363,name,Medicines,english,"2023-03-14 11:37:33","2023-03-14 11:37:33",Dev,Dev
363,2487,363,seo_url, ,english,"2023-03-14 14:50:16","2023-03-14 14:50:16",CC Token,CC Token
365,2126,365,meta_description,Dapatkan informasi Produk Heart Health Monitoring & Management paling lengkap hanya di Halodoc. Konsultasi obat dengan dokter ? Order obat di Halodoc ? #TenangAdaHalodoc,bahasa_indonesia,"2023-03-14 11:37:33","2023-03-14 11:37:33",Dev,Dev
365,2127,365,meta_keywords,Produk Alat kesehatan & Monitoring Kesehatan Jantung Halodoc,bahasa_indonesia,"2023-03-14 11:37:33","2023-03-14 11:37:33",Dev,Dev
365,2492,365,meta_title,Monitoring & Management,bahasa_indonesia,"2023-03-14 14:52:18","2023-03-14 14:52:18",CC Token,CC Token
365,2124,365,name,Monitoring & Pengelolaan,bahasa_indonesia,"2023-03-14 11:37:33","2023-03-14 11:37:33",Dev,Dev
365,2125,365,name,Monitoring & Management,english,"2023-03-14 11:37:33","2023-03-14 11:37:33",Dev,Dev
365,2491,365,seo_url, ,english,"2023-03-14 14:52:18","2023-03-14 14:52:18",CC Token,CC Token
364,2122,364,meta_description,"Dapatkan produk lengkap Vitamin & Suplemen di Halodoc: dosis, aturan pakai, dan efek samping. 1 Jam Sampai, Dikirim dari Apotek Tepercaya, Buka 24 Jam*",bahasa_indonesia,"2023-03-14 11:37:33","2025-05-06 15:01:01",Dev,Dev
364,2123,364,meta_keywords,Produk Vitamin & Suplemen Jantung Halodoc,bahasa_indonesia,"2023-03-14 11:37:33","2023-03-14 11:37:33",Dev,Dev
364,2489,364,meta_title,Beli Produk Vitamin & Suplemen di Halodoc - 100% Produk Asli,bahasa_indonesia,"2023-03-14 14:51:03","2025-05-06 15:10:09",CC Token,CC Token
364,2120,364,name,Vitamin & Suplemen,bahasa_indonesia,"2023-03-14 11:37:33","2023-03-14 11:37:33",Dev,Dev
364,2121,364,name,Vitamins & Supplements,english,"2023-03-14 11:37:33","2023-03-14 11:37:33",Dev,Dev
364,2490,364,seo_url,"",english,"2023-03-14 14:51:03","2025-05-06 15:10:09",CC Token,CC Token
926,5523,926,meta_description,Temukan obat Kesehatan Kebutuhan Mudik paling lengkap hanya di Halodoc.,bahasa_indonesia,"2025-03-24 14:47:10","2025-03-24 14:55:43",Dev,CC Token
926,5521,926,meta_keywords,Produk Kesehatan Kebutuhan Mudik Obat Perawatan Halodoc,bahasa_indonesia,"2025-03-24 14:47:10","2025-03-24 14:55:43",Dev,CC Token
926,5525,926,meta_title,Kebutuhan Mudik,bahasa_indonesia,"2025-03-24 14:55:43","2025-03-24 14:55:43",CC Token,CC Token
926,5522,926,name,kebutuhan mudik,bahasa_indonesia,"2025-03-24 14:47:10","2025-03-24 20:27:01",Dev,Dev
926,5520,926,name,Travel Essentials,english,"2025-03-24 14:47:10","2025-03-24 14:55:43",Dev,CC Token
926,5524,926,seo_url,"",english,"2025-03-24 14:55:43","2025-03-24 14:55:43",CC Token,CC Token
197,1432,197,meta_description,Dapatkan informasi Produk Medicines paling lengkap hanya di Halodoc. Konsultasi obat dengan dokter ? Order obat di Halodoc ? #TenangAdaHalodoc,bahasa_indonesia,"2023-03-14 10:43:51","2023-03-14 10:43:51",Dev,Dev
197,1433,197,meta_keywords,Produk Obat Covid Halodoc,bahasa_indonesia,"2023-03-14 10:43:51","2023-03-14 10:43:51",Dev,Dev
197,1440,197,meta_title,Covid Medicine,bahasa_indonesia,"2023-03-14 10:46:11","2023-03-14 10:46:11",CC Token,CC Token
197,1434,197,name,Obat & Suplemen,bahasa_indonesia,"2023-03-14 10:43:51","2023-04-11 15:28:03",Dev,CC Token
197,1435,197,name,Medicines & Supplement,english,"2023-03-14 10:43:51","2023-04-11 15:28:03",Dev,CC Token
197,1441,197,seo_url, ,english,"2023-03-14 10:46:11","2023-03-14 10:46:11",CC Token,CC Token
898,5369,898,meta_description,Temukan obat paling lengkap hanya di Halodoc. Konsultasi obat dengan dokter Order obat di Halodoc ? #TenangMenjaga,bahasa_indonesia,"2024-10-29 17:27:15","2024-10-29 17:27:15",Dev,Dev
898,5366,898,meta_keywords,Produk Obat Halodoc,bahasa_indonesia,"2024-10-29 17:27:15","2024-10-29 17:27:15",Dev,Dev
898,5378,898,meta_title,Medicine,bahasa_indonesia,"2024-10-29 17:29:02","2024-10-29 17:29:02",CC Token,CC Token
898,5367,898,name,Obat,bahasa_indonesia,"2024-10-29 17:27:15","2024-10-29 17:27:15",Dev,Dev
898,5368,898,name,Medicine,english,"2024-10-29 17:27:15","2024-10-29 17:27:15",Dev,Dev
898,5379,898,seo_url,"",english,"2024-10-29 17:29:02","2024-10-29 17:29:02",CC Token,CC Token
264,1710,264,meta_description,Temukan obat alergi paling lengkap hanya di Halodoc. Konsultasi obat dengan dokter ? Order obat di Halodoc ? #TenangMenjaga,bahasa_indonesia,"2023-03-14 11:14:32","2023-08-10 16:59:47",Dev,Dev
264,1712,264,meta_keywords,Produk Alergi Obat Perawatan Halodoc,bahasa_indonesia,"2023-03-14 11:14:32","2023-03-14 11:14:32",Dev,Dev
264,2448,264,meta_title,"264",bahasa_indonesia,"2023-03-14 14:13:05","2023-03-14 14:13:05",CC Token,CC Token
264,1713,264,name,Alergi,bahasa_indonesia,"2023-03-14 11:14:32","2023-03-14 11:14:32",Dev,Dev
264,1711,264,name,Allergies,english,"2023-03-14 11:14:32","2023-03-14 11:14:32",Dev,Dev
264,2447,264,seo_url, ,english,"2023-03-14 14:13:05","2023-03-14 14:13:05",CC Token,CC Token
269,4579,269,blibli_category_ids,"",bahasa_indonesia,"2023-10-05 14:27:45","2024-02-07 10:40:49",CC Token,CC Token
269,1730,269,meta_description,Dapatkan informasi Produk Medicine & Treatments Bone & Joint Issues paling lengkap hanya di Halodoc. Konsultasi obat dengan dokter ? Order obat di Halodoc ? #TenangAdaHalodoc,bahasa_indonesia,"2023-03-14 11:14:32","2023-03-14 11:14:32",Dev,Dev
269,1732,269,meta_keywords,Produk Tulang & Sendi Sakit Obat Perawatan Halodoc,bahasa_indonesia,"2023-03-14 11:14:32","2023-03-14 11:14:32",Dev,Dev
269,2458,269,meta_title,Bone & Joint Issues,bahasa_indonesia,"2023-03-14 14:18:09","2023-03-14 14:18:09",CC Token,CC Token
269,1733,269,name,Tulang & Sendi Sakit,bahasa_indonesia,"2023-03-14 11:14:32","2023-03-14 11:14:32",Dev,Dev
269,1731,269,name,Bone & Joint Issues,english,"2023-03-14 11:14:32","2023-03-14 11:14:32",Dev,Dev
269,2457,269,seo_url,"",english,"2023-03-14 14:18:09","2024-02-07 10:40:49",CC Token,CC Token
269,4580,269,tokopedia_category_ids,"",bahasa_indonesia,"2023-10-05 14:27:45","2024-02-07 10:40:49",CC Token,CC Token
261,4574,261,blibli_category_ids,"",bahasa_indonesia,"2023-10-05 14:09:45","2023-11-06 14:20:51",CC Token,CC Token
261,1698,261,meta_description,"Dapatkan obat lengkap Batuk, Pilek & Flu di Halodoc: dosis, aturan pakai, dan efek samping. 1 Jam Sampai, Dikirim dari Apotek Tepercaya, Buka 24 Jam*",bahasa_indonesia,"2023-03-14 11:14:31","2025-05-06 15:01:01",Dev,Dev
261,1700,261,meta_keywords,"Produk Batuk, Pilek & Flu Obat Perawatan Halodoc",bahasa_indonesia,"2023-03-14 11:14:31","2023-03-14 11:14:31",Dev,Dev
261,2441,261,meta_title,"Beli Obat Batuk, Pilek & Flu di Halodoc - 100% Produk Asli",bahasa_indonesia,"2023-03-14 14:02:55","2025-05-06 15:11:09",CC Token,CC Token
261,1701,261,name,"Batuk, Pilek & Flu",bahasa_indonesia,"2023-03-14 11:14:31","2023-03-14 11:14:31",Dev,Dev
261,1699,261,name,"Cough, Cold & Flu",english,"2023-03-14 11:14:31","2023-03-14 11:14:31",Dev,Dev
261,2442,261,seo_url,"",english,"2023-03-14 14:02:55","2023-11-06 14:20:51",CC Token,CC Token
261,4573,261,tokopedia_category_ids,"",bahasa_indonesia,"2023-10-05 14:09:45","2023-11-06 14:20:51",CC Token,CC Token
263,4576,263,blibli_category_ids,"",bahasa_indonesia,"2023-10-05 14:13:41","2023-11-06 14:22:14",CC Token,CC Token
263,1706,263,meta_description,"Dapatkan obat lengkap Masalah Pencernaan di Halodoc: dosis, aturan pakai, dan efek samping. 1 Jam Sampai, Dikirim dari Apotek Tepercaya, Buka 24 Jam*",bahasa_indonesia,"2023-03-14 11:14:32","2025-05-06 15:01:02",Dev,Dev
263,1708,263,meta_keywords,Produk Masalah Pencernaan Obat Perawatan Halodoc,bahasa_indonesia,"2023-03-14 11:14:32","2023-03-14 11:14:32",Dev,Dev
263,2446,263,meta_title,Beli Obat Masalah Pencernaan di Halodoc - 100% Produk Asli,bahasa_indonesia,"2023-03-14 14:07:34","2025-05-06 15:11:27",CC Token,CC Token
263,1709,263,name,Masalah Pencernaan,bahasa_indonesia,"2023-03-14 11:14:32","2023-03-14 11:14:32",Dev,Dev
263,1707,263,name,Digestive Issues,english,"2023-03-14 11:14:32","2023-03-14 11:14:32",Dev,Dev
263,2445,263,seo_url,"",english,"2023-03-14 14:07:34","2023-11-06 14:22:14",CC Token,CC Token
263,4575,263,tokopedia_category_ids,"",bahasa_indonesia,"2023-10-05 14:13:41","2023-11-06 14:22:14",CC Token,CC Token
265,4572,265,blibli_category_ids,"",bahasa_indonesia,"2023-10-05 14:06:19","2024-07-11 13:43:45",CC Token,CC Token
265,1714,265,meta_description,Dapatkan informasi Produk Medicine & Treatments ENT Issues paling lengkap hanya di Halodoc. Konsultasi obat dengan dokter ? Order obat di Halodoc ? #TenangAdaHalodoc,bahasa_indonesia,"2023-03-14 11:14:32","2023-03-14 11:14:32",Dev,Dev
265,1716,265,meta_keywords,Produk Masalah THT Obat Perawatan Halodoc,bahasa_indonesia,"2023-03-14 11:14:32","2023-03-14 11:14:32",Dev,Dev
265,2449,265,meta_title,"265",bahasa_indonesia,"2023-03-14 14:13:52","2023-03-14 14:13:52",CC Token,CC Token
265,1717,265,name,Masalah THT,bahasa_indonesia,"2023-03-14 11:14:32","2023-03-14 11:14:32",Dev,Dev
265,1715,265,name,ENT Issues,english,"2023-03-14 11:14:32","2023-03-14 11:14:32",Dev,Dev
265,2450,265,seo_url,"",english,"2023-03-14 14:13:52","2024-07-11 13:43:45",CC Token,CC Token
265,4571,265,tokopedia_category_ids,"",bahasa_indonesia,"2023-10-05 14:06:19","2024-07-11 13:43:45",CC Token,CC Token
266,4784,266,blibli_category_ids,"",bahasa_indonesia,"2024-02-07 10:45:42","2024-02-07 10:45:42",CC Token,CC Token
266,1718,266,meta_description,Beli Obat Mata di Halodoc melalui web dan aplikasi. Gratis Ongkir ✓ 1 Jam Sampai ✓ Rekomendasi Resep dari Dokter Tepercaya.,bahasa_indonesia,"2023-03-14 11:14:32","2024-02-07 11:45:38",Dev,CC Token
266,1720,266,meta_keywords,Produk Masalah Mata Obat Perawatan Halodoc,bahasa_indonesia,"2023-03-14 11:14:32","2023-03-14 11:14:32",Dev,Dev
266,2452,266,meta_title,Masalah Mata - Halodoc,bahasa_indonesia,"2023-03-14 14:14:26","2024-02-07 11:45:38",CC Token,CC Token
266,1721,266,name,Masalah Mata,bahasa_indonesia,"2023-03-14 11:14:32","2023-03-14 11:14:32",Dev,Dev
266,1719,266,name,Eye Concerns,english,"2023-03-14 11:14:32","2023-03-14 11:14:32",Dev,Dev
266,2451,266,seo_url,"",english,"2023-03-14 14:14:26","2024-02-07 10:45:42",CC Token,CC Token
266,4785,266,tokopedia_category_ids,"",bahasa_indonesia,"2024-02-07 10:45:42","2024-02-07 10:45:42",CC Token,CC Token
270,4670,270,blibli_category_ids,"",bahasa_indonesia,"2023-10-30 19:00:58","2023-10-30 19:00:58",CC Token,CC Token
270,1734,270,meta_description,"Dapatkan informasi Produk Medicine & Treatments UTIs, Fertility & More paling lengkap hanya di Halodoc. Konsultasi obat dengan dokter ? Order obat di Halodoc ? #TenangAdaHalodoc",bahasa_indonesia,"2023-03-14 11:14:32","2023-03-14 11:14:32",Dev,Dev
270,1736,270,meta_keywords,Produk Kesuburan & Lainnya Obat Perawatan Halodoc,bahasa_indonesia,"2023-03-14 11:14:32","2023-03-14 11:14:32",Dev,Dev
270,2459,270,meta_title,"UTIs, Fertility & More",bahasa_indonesia,"2023-03-14 14:19:28","2023-03-14 14:19:28",CC Token,CC Token
270,1737,270,name,Kesuburan & Lainnya,bahasa_indonesia,"2023-03-14 11:14:32","2023-03-14 11:14:32",Dev,Dev
270,1735,270,name,"UTIs, Fertility & More",english,"2023-03-14 11:14:32","2023-03-14 11:14:32",Dev,Dev
270,2460,270,seo_url,"",english,"2023-03-14 14:19:28","2023-10-30 19:00:58",CC Token,CC Token
270,4669,270,tokopedia_category_ids,"",bahasa_indonesia,"2023-10-30 19:00:58","2023-10-30 19:00:58",CC Token,CC Token
262,4577,262,blibli_category_ids,"",bahasa_indonesia,"2023-10-05 14:14:57","2023-11-06 14:23:01",CC Token,CC Token
262,1702,262,meta_description,"Dapatkan obat lengkap Demam & Nyeri di Halodoc: dosis, aturan pakai, dan efek samping. 1 Jam Sampai, Dikirim dari Apotek Tepercaya, Buka 24 Jam*",bahasa_indonesia,"2023-03-14 11:14:32","2025-05-06 15:01:02",Dev,Dev
262,1704,262,meta_keywords,Produk Demam & Nyeri Obat Perawatan Halodoc,bahasa_indonesia,"2023-03-14 11:14:32","2023-03-14 11:14:32",Dev,Dev
262,2444,262,meta_title,Beli Obat Demam & Nyeri di Halodoc - 100% Produk Asli,bahasa_indonesia,"2023-03-14 14:06:53","2025-05-06 15:11:50",CC Token,CC Token
262,1705,262,name,Demam & Nyeri,bahasa_indonesia,"2023-03-14 11:14:32","2023-03-14 11:14:32",Dev,Dev
262,1703,262,name,Fever & Pain Killers,english,"2023-03-14 11:14:32","2023-03-14 11:14:32",Dev,Dev
262,2443,262,seo_url,"",english,"2023-03-14 14:06:53","2023-11-06 14:23:01",CC Token,CC Token
262,4578,262,tokopedia_category_ids,"",bahasa_indonesia,"2023-10-05 14:14:57","2023-11-06 14:23:01",CC Token,CC Token
268,1726,268,meta_description,Dapatkan informasi Produk Medicine & Treatments Infections paling lengkap hanya di Halodoc. Konsultasi obat dengan dokter ? Order obat di Halodoc ? #TenangAdaHalodoc,bahasa_indonesia,"2023-03-14 11:14:32","2023-03-14 11:14:32",Dev,Dev
268,1728,268,meta_keywords,Produk Infeksi Obat Perawatan Halodoc,bahasa_indonesia,"2023-03-14 11:14:32","2023-03-14 11:14:32",Dev,Dev
268,2455,268,meta_title,"268",bahasa_indonesia,"2023-03-14 14:16:40","2023-03-14 14:16:40",CC Token,CC Token
268,1729,268,name,Infeksi,bahasa_indonesia,"2023-03-14 11:14:32","2023-03-14 11:14:32",Dev,Dev
268,1727,268,name,Infections,english,"2023-03-14 11:14:32","2023-03-14 11:14:32",Dev,Dev
268,2456,268,seo_url, ,english,"2023-03-14 14:16:40","2023-03-14 14:16:40",CC Token,CC Token
271,4946,271,blibli_category_ids,"",bahasa_indonesia,"2024-06-05 13:25:33","2024-06-05 13:25:33",CC Token,CC Token
271,1738,271,meta_description,Dapatkan informasi Produk Medicine & Treatments Others Medications paling lengkap hanya di Halodoc. Konsultasi obat dengan dokter ? Order obat di Halodoc ? #TenangAdaHalodoc,bahasa_indonesia,"2023-03-14 11:14:32","2023-03-14 11:14:32",Dev,Dev
271,1740,271,meta_keywords,Produk Obat Lainnya Obat Perawatan Halodoc,bahasa_indonesia,"2023-03-14 11:14:32","2023-03-14 11:14:32",Dev,Dev
271,2462,271,meta_title,Others Medications,bahasa_indonesia,"2023-03-14 14:20:56","2023-03-14 14:20:56",CC Token,CC Token
271,1741,271,name,Obat Lainnya,bahasa_indonesia,"2023-03-14 11:14:32","2023-03-14 11:14:32",Dev,Dev
271,1739,271,name,Others Medications,english,"2023-03-14 11:14:32","2023-03-14 11:14:32",Dev,Dev
271,2461,271,seo_url,"",english,"2023-03-14 14:20:56","2024-06-05 13:25:33",CC Token,CC Token
271,4947,271,tokopedia_category_ids,"",bahasa_indonesia,"2024-06-05 13:25:33","2024-06-05 13:25:33",CC Token,CC Token
267,4581,267,blibli_category_ids,"",bahasa_indonesia,"2023-10-05 14:30:05","2023-11-06 15:09:15",CC Token,CC Token
267,1722,267,meta_description,"Dapatkan produk lengkap Kondisi Kulit di Halodoc: dosis, aturan pakai, dan efek samping. 1 Jam Sampai, Dikirim dari Apotek Tepercaya, Buka 24 Jam*",bahasa_indonesia,"2023-03-14 11:14:32","2025-05-06 15:01:02",Dev,Dev
267,1724,267,meta_keywords,Produk Kondisi Kulit Obat Perawatan Halodoc,bahasa_indonesia,"2023-03-14 11:14:32","2023-03-14 11:14:32",Dev,Dev
267,2454,267,meta_title,Beli Produk Kondisi Kulit di Halodoc - 100% Produk Asli,bahasa_indonesia,"2023-03-14 14:14:56","2025-05-06 15:12:16",CC Token,CC Token
267,1725,267,name,Kondisi Kulit,bahasa_indonesia,"2023-03-14 11:14:32","2023-03-14 11:14:32",Dev,Dev
267,1723,267,name,Skin Conditions,english,"2023-03-14 11:14:32","2023-03-14 11:14:32",Dev,Dev
267,2453,267,seo_url,"",english,"2023-03-14 14:14:56","2023-11-06 15:09:15",CC Token,CC Token
267,4582,267,tokopedia_category_ids,"",bahasa_indonesia,"2023-10-05 14:30:05","2023-11-06 15:09:15",CC Token,CC Token
435,4336,435,blibli_category_ids,"",bahasa_indonesia,"2023-09-27 17:58:38","2024-01-10 16:49:47",CC Token,CC Token
435,2383,435,meta_description,Dapatkan informasi Produk Milk Adult Milk paling lengkap hanya di Halodoc. Konsultasi obat dengan dokter ? Order obat di Halodoc ? #TenangAdaHalodoc,bahasa_indonesia,"2023-03-14 11:56:52","2023-03-14 11:56:52",Dev,Dev
435,2386,435,meta_keywords,Produk Susu Dewasa Halodoc,bahasa_indonesia,"2023-03-14 11:56:52","2023-03-14 11:56:52",Dev,Dev
435,2606,435,meta_title,Daftar Informasi obat dan vitamin - Halodoc - Kategori Susu Dewasa,bahasa_indonesia,"2023-04-11 10:40:12","2023-04-11 10:40:12",CC Token,CC Token
435,2384,435,name,Susu Dewasa,bahasa_indonesia,"2023-03-14 11:56:52","2023-03-14 11:56:52",Dev,Dev
435,2385,435,name,Adult Milk,english,"2023-03-14 11:56:52","2023-03-14 11:56:52",Dev,Dev
435,2607,435,seo_url,"",english,"2023-04-11 10:40:12","2024-01-10 16:49:47",CC Token,CC Token
435,4337,435,tokopedia_category_ids,"",bahasa_indonesia,"2023-09-27 17:58:38","2024-01-10 16:49:47",CC Token,CC Token
436,2387,436,meta_description,Dapatkan informasi Produk Milk For Baby & Kids paling lengkap hanya di Halodoc. Konsultasi obat dengan dokter ? Order obat di Halodoc ? #TenangAdaHalodoc,bahasa_indonesia,"2023-03-14 11:56:52","2023-03-14 11:56:52",Dev,Dev
436,2390,436,meta_keywords,Produk Susu Bayi & Anak Halodoc,bahasa_indonesia,"2023-03-14 11:56:52","2023-03-14 11:56:52",Dev,Dev
436,2609,436,meta_title,Daftar Informasi obat dan vitamin - Halodoc - Kategori Bayi & Anak,bahasa_indonesia,"2023-04-11 10:50:24","2023-04-11 10:50:24",CC Token,CC Token
436,2388,436,name,Bayi & Anak,bahasa_indonesia,"2023-03-14 11:56:52","2023-03-14 11:56:52",Dev,Dev
436,2389,436,name,For Baby & Kids,english,"2023-03-14 11:56:52","2023-03-14 11:56:52",Dev,Dev
436,2608,436,seo_url,"",english,"2023-04-11 10:50:24","2024-07-18 11:09:58",CC Token,CC Token
437,2391,437,meta_description,Dapatkan informasi Produk Milk Miscellaneous paling lengkap hanya di Halodoc. Konsultasi obat dengan dokter ? Order obat di Halodoc ? #TenangAdaHalodoc,bahasa_indonesia,"2023-03-14 11:56:53","2023-03-14 11:56:53",Dev,Dev
437,2394,437,meta_keywords,Produk Susu lainnya Halodoc,bahasa_indonesia,"2023-03-14 11:56:53","2023-03-14 11:56:53",Dev,Dev
437,2629,437,meta_title,-,bahasa_indonesia,"2023-04-12 13:14:01","2023-04-12 13:14:01",CC Token,CC Token
437,2392,437,name,Lainnya,bahasa_indonesia,"2023-03-14 11:56:53","2023-03-14 11:56:53",Dev,Dev
437,2393,437,name,Miscellaneous,english,"2023-03-14 11:56:53","2023-03-14 11:56:53",Dev,Dev
437,2628,437,seo_url, ,english,"2023-04-12 13:14:01","2023-04-12 13:14:01",CC Token,CC Token
92,4594,92,blibli_category_ids,"",bahasa_indonesia,"2023-10-06 14:46:59","2024-07-18 10:57:48",CC Token,CC Token
92,873,92,meta_description,Dapatkan informasi Produk Medicine & Treatments Specialty Milk paling lengkap hanya di Halodoc. Konsultasi obat dengan dokter ? Order obat di Halodoc ? #TenangAdaHalodoc,bahasa_indonesia,"2022-05-18 17:56:51","2023-10-06 14:15:57",CC Token,Dev
92,876,92,meta_keywords,Specialty Milk Obat Perawatan Halodoc,bahasa_indonesia,"2022-05-18 17:56:51","2023-10-06 14:15:57",CC Token,Dev
92,871,92,meta_title,"Informasi Susu Medis Khusus, Dosis, Efek Samping - Halodoc",bahasa_indonesia,"2022-05-18 17:56:51","2022-05-18 17:56:51",CC Token,CC Token
92,875,92,name,Susu Medis Khusus,bahasa_indonesia,"2022-05-18 17:56:51","2022-05-18 17:56:51",CC Token,CC Token
92,872,92,name,Specialty Milk,english,"2022-05-18 17:56:51","2022-05-18 17:56:51",CC Token,CC Token
92,874,92,seo_url,"",bahasa_indonesia,"2022-05-18 17:56:51","2024-07-18 10:57:48",CC Token,CC Token
92,877,92,seo_url,"",english,"2022-05-19 16:18:50","2024-07-18 10:57:48",CC Token,CC Token
92,4593,92,tokopedia_category_ids,"",bahasa_indonesia,"2023-10-06 14:46:59","2024-07-18 10:57:48",CC Token,CC Token
383,4496,383,blibli_category_ids,"",bahasa_indonesia,"2023-10-04 14:11:22","2023-11-03 09:55:42",CC Token,CC Token
383,2195,383,meta_description,Dapatkan informasi Produk Mom & Kids Baby & Kids' Care paling lengkap hanya di Halodoc. Konsultasi obat dengan dokter ? Order obat di Halodoc ? #TenangAdaHalodoc,bahasa_indonesia,"2023-03-14 11:45:34","2023-03-14 11:45:34",Dev,Dev
383,2196,383,meta_keywords,Produk Bayi & Anak Ibu dan Anak Halodoc,bahasa_indonesia,"2023-03-14 11:45:34","2023-03-14 11:45:34",Dev,Dev
383,2500,383,meta_title,Baby & Kids' Care,bahasa_indonesia,"2023-03-14 15:01:41","2023-03-14 15:01:41",CC Token,CC Token
383,2197,383,name,Bayi & Anak,bahasa_indonesia,"2023-03-14 11:45:34","2023-03-14 11:45:34",Dev,Dev
383,2198,383,name,Baby & Kids' Care,english,"2023-03-14 11:45:34","2023-03-14 11:45:34",Dev,Dev
383,2499,383,seo_url,"",english,"2023-03-14 15:01:41","2023-11-03 09:55:42",CC Token,CC Token
383,4495,383,tokopedia_category_ids,"",bahasa_indonesia,"2023-10-04 14:11:22","2023-11-03 09:55:42",CC Token,CC Token
386,2207,386,meta_description,Dapatkan informasi Produk Mom & Kids Baby & Kids' Health paling lengkap hanya di Halodoc. Konsultasi obat dengan dokter ? Order obat di Halodoc ? #TenangAdaHalodoc,bahasa_indonesia,"2023-03-14 11:45:34","2023-03-14 11:45:34",Dev,Dev
386,2208,386,meta_keywords,Produk Kesehatan Bayi & Anak Ibu dan Anak Halodoc,bahasa_indonesia,"2023-03-14 11:45:34","2023-03-14 11:45:34",Dev,Dev
386,2506,386,meta_title,Baby & Kids' Health,bahasa_indonesia,"2023-03-14 15:11:16","2023-03-14 15:11:16",CC Token,CC Token
386,2209,386,name,Kesehatan Bayi & Anak,bahasa_indonesia,"2023-03-14 11:45:34","2023-03-14 11:45:34",Dev,Dev
386,2210,386,name,Baby & Kids' Health,english,"2023-03-14 11:45:34","2023-03-14 11:45:34",Dev,Dev
386,2505,386,seo_url, ,english,"2023-03-14 15:11:16","2023-03-14 15:11:16",CC Token,CC Token
384,2199,384,meta_description,Dapatkan informasi Produk Mom & Kids Diapers & Wipes paling lengkap hanya di Halodoc. Konsultasi obat dengan dokter ? Order obat di Halodoc ? #TenangAdaHalodoc,bahasa_indonesia,"2023-03-14 11:45:34","2023-03-14 11:45:34",Dev,Dev
384,2200,384,meta_keywords,Produk Popok & Tisu Basah Ibu dan Anak Halodoc,bahasa_indonesia,"2023-03-14 11:45:34","2023-03-14 11:45:34",Dev,Dev
384,2502,384,meta_title,Diapers & Wipes,bahasa_indonesia,"2023-03-14 15:03:50","2023-03-14 15:03:50",CC Token,CC Token
384,2201,384,name,Popok & Tisu Basah,bahasa_indonesia,"2023-03-14 11:45:34","2023-03-14 11:45:34",Dev,Dev
384,2202,384,name,Diapers & Wipes,english,"2023-03-14 11:45:34","2023-03-14 11:45:34",Dev,Dev
384,2501,384,seo_url, ,english,"2023-03-14 15:03:50","2023-03-14 15:03:50",CC Token,CC Token
385,2203,385,meta_description,Dapatkan informasi Produk Mom & Kids Nutrition paling lengkap hanya di Halodoc. Konsultasi obat dengan dokter ? Order obat di Halodoc ? #TenangAdaHalodoc,bahasa_indonesia,"2023-03-14 11:45:34","2023-03-14 11:45:34",Dev,Dev
385,2204,385,meta_keywords,Produk Nutrisi Ibu dan Anak Halodoc,bahasa_indonesia,"2023-03-14 11:45:34","2023-03-14 11:45:34",Dev,Dev
385,2504,385,meta_title,Nutrition,bahasa_indonesia,"2023-03-14 15:06:09","2023-03-14 15:06:09",CC Token,CC Token
385,2205,385,name,Nutrisi,bahasa_indonesia,"2023-03-14 11:45:34","2023-03-14 11:45:34",Dev,Dev
385,2206,385,name,Nutrition,english,"2023-03-14 11:45:34","2023-03-14 11:45:34",Dev,Dev
385,2503,385,seo_url, ,english,"2023-03-14 15:06:09","2023-03-14 15:06:09",CC Token,CC Token
388,2215,388,meta_description,Dapatkan informasi Produk Mom & Kids Others paling lengkap hanya di Halodoc. Konsultasi obat dengan dokter ? Order obat di Halodoc ? #TenangAdaHalodoc,bahasa_indonesia,"2023-03-14 11:45:35","2023-03-14 11:45:35",Dev,Dev
388,2216,388,meta_keywords,Produk Lainnya Ibu dan Anak Halodoc,bahasa_indonesia,"2023-03-14 11:45:35","2023-03-14 11:45:35",Dev,Dev
388,2509,388,meta_title,Others,bahasa_indonesia,"2023-03-14 15:14:02","2023-03-14 15:14:02",CC Token,CC Token
388,2217,388,name,Lainnya,bahasa_indonesia,"2023-03-14 11:45:35","2023-03-14 11:45:35",Dev,Dev
388,2218,388,name,Others,english,"2023-03-14 11:45:35","2023-03-14 11:45:35",Dev,Dev
388,2510,388,seo_url, ,english,"2023-03-14 15:14:02","2023-03-14 15:14:02",CC Token,CC Token
387,2211,387,meta_description,Dapatkan informasi Produk Mom & Kids Pregnancy & Nursing paling lengkap hanya di Halodoc. Konsultasi obat dengan dokter ? Order obat di Halodoc ? #TenangAdaHalodoc,bahasa_indonesia,"2023-03-14 11:45:35","2023-03-14 11:45:35",Dev,Dev
387,2212,387,meta_keywords,Produk Kehamilan & Menyusui Ibu dan Anak Halodoc,bahasa_indonesia,"2023-03-14 11:45:35","2023-03-14 11:45:35",Dev,Dev
387,2507,387,meta_title,Pregnancy & Nursing,bahasa_indonesia,"2023-03-14 15:12:39","2023-03-14 15:12:39",CC Token,CC Token
387,2213,387,name,Kehamilan & Menyusui,bahasa_indonesia,"2023-03-14 11:45:35","2023-03-14 11:45:35",Dev,Dev
387,2214,387,name,Pregnancy & Nursing,english,"2023-03-14 11:45:35","2023-03-14 11:45:35",Dev,Dev
387,2508,387,seo_url, ,english,"2023-03-14 15:12:39","2023-03-14 15:12:39",CC Token,CC Token
464,2654,464,meta_description,Dapatkan informasi Produk Nasal Care Adult paling lengkap hanya di Halodoc. Konsultasi obat dengan dokter ? Order obat di Halodoc ? #TenangAdaHalodoc,bahasa_indonesia,"2023-06-12 17:29:33","2023-06-12 17:29:33",Dev,Dev
464,2652,464,meta_keywords,Produk Nasal Care Dewasa Obat Perawatan Halodoc,bahasa_indonesia,"2023-06-12 17:29:33","2023-06-12 17:29:33",Dev,Dev
464,2660,464,meta_title,Daftar Informasi obat dan vitamin - Halodoc - Kategori Nasal Care Adul,bahasa_indonesia,"2023-06-12 17:41:41","2023-06-12 17:41:41",CC Token,CC Token
464,2651,464,name,Dewasa,bahasa_indonesia,"2023-06-12 17:29:33","2023-06-12 17:29:33",Dev,Dev
464,2653,464,name,Adult,english,"2023-06-12 17:29:33","2023-06-12 17:29:33",Dev,Dev
464,2659,464,seo_url, ,english,"2023-06-12 17:41:41","2023-06-12 17:41:41",CC Token,CC Token
465,2655,465,meta_description,Dapatkan informasi Produk Nasal Care Child paling lengkap hanya di Halodoc. Konsultasi obat dengan dokter ? Order obat di Halodoc ? #TenangAdaHalodoc,bahasa_indonesia,"2023-06-12 17:29:34","2023-06-12 17:29:34",Dev,Dev
465,2656,465,meta_keywords,Produk Nasal Care Anak Obat Perawatan Halodoc,bahasa_indonesia,"2023-06-12 17:29:34","2023-06-12 17:29:34",Dev,Dev
465,2661,465,meta_title,Daftar Informasi obat dan vitamin - Halodoc - Kategori Nasal Care Chil,bahasa_indonesia,"2023-06-12 17:42:30","2023-06-12 17:42:30",CC Token,CC Token
465,2658,465,name,Anak,bahasa_indonesia,"2023-06-12 17:29:34","2023-06-12 17:29:34",Dev,Dev
465,2657,465,name,Child,english,"2023-06-12 17:29:34","2023-06-12 17:29:34",Dev,Dev
465,2662,465,seo_url, ,english,"2023-06-12 17:42:30","2023-06-12 17:42:30",CC Token,CC Token
899,5373,899,meta_description,Temukan Nutrisi & Suplemen paling lengkap hanya di Halodoc. Konsultasi obat dengan dokter Order obat di Halodoc ? #TenangMenjaga,bahasa_indonesia,"2024-10-29 17:27:15","2024-10-29 17:27:15",Dev,Dev
899,5370,899,meta_keywords,Produk Nutrisi & Suplemen Halodoc,bahasa_indonesia,"2024-10-29 17:27:15","2024-10-29 17:27:15",Dev,Dev
899,5381,899,meta_title,Nutrition & Supplement,bahasa_indonesia,"2024-10-29 17:29:18","2024-10-29 17:29:18",CC Token,CC Token
899,5371,899,name,Nutrisi & Suplemen,bahasa_indonesia,"2024-10-29 17:27:15","2024-10-29 17:27:15",Dev,Dev
899,5372,899,name,Nutrition & Supplement,english,"2024-10-29 17:27:15","2024-10-29 17:27:15",Dev,Dev
899,5380,899,seo_url,"",english,"2024-10-29 17:29:18","2024-10-29 17:29:18",CC Token,CC Token
766,4552,766,blibli_category_ids, ,bahasa_indonesia,"2023-10-05 10:46:08","2023-10-05 10:46:08",CC Token,CC Token
766,4538,766,meta_description,"Temukan berbagai macam jenis obat dan vitamin berdasarkan Kategori Obat Rutin Asma. Ketahui juga manfaat, dosis, cara konsumsi, aturan pakai dan efek samping obat dan vitamin di Halodoc.",bahasa_indonesia,"2023-10-05 10:32:39","2023-10-05 10:32:39",Dev,Dev
766,4537,766,meta_keywords,Kategori Obat Rutin Asma,bahasa_indonesia,"2023-10-05 10:32:39","2023-10-05 10:32:39",Dev,Dev
766,4549,766,meta_title,-,bahasa_indonesia,"2023-10-05 10:46:08","2023-10-05 10:46:08",CC Token,CC Token
766,4540,766,name,Asma,bahasa_indonesia,"2023-10-05 10:32:39","2023-10-05 11:48:41",Dev,CC Token
766,4539,766,name,Asthma,english,"2023-10-05 10:32:39","2023-10-05 11:48:41",Dev,CC Token
766,4550,766,seo_url, ,english,"2023-10-05 10:46:08","2023-10-05 10:46:08",CC Token,CC Token
766,4551,766,tokopedia_category_ids, ,bahasa_indonesia,"2023-10-05 10:46:08","2023-10-05 10:46:08",CC Token,CC Token
767,4554,767,blibli_category_ids, ,bahasa_indonesia,"2023-10-05 10:51:31","2023-10-05 10:51:31",CC Token,CC Token
767,4542,767,meta_description,"Temukan berbagai macam jenis obat dan vitamin berdasarkan Kategori Obat Rutin Diabetes. Ketahui juga manfaat, dosis, cara konsumsi, aturan pakai dan efek samping obat dan vitamin di Halodoc.",bahasa_indonesia,"2023-10-05 10:32:40","2023-10-05 10:32:40",Dev,Dev
767,4541,767,meta_keywords,Kategori Obat Rutin Diabetes,bahasa_indonesia,"2023-10-05 10:32:40","2023-10-05 10:32:40",Dev,Dev
767,4553,767,meta_title,-,bahasa_indonesia,"2023-10-05 10:51:31","2023-10-05 10:51:31",CC Token,CC Token
767,4544,767,name,Diabetes,bahasa_indonesia,"2023-10-05 10:32:40","2023-10-05 11:49:02",Dev,CC Token
767,4543,767,name,Diabetes,english,"2023-10-05 10:32:40","2023-10-05 11:49:02",Dev,CC Token
767,4556,767,seo_url, ,english,"2023-10-05 10:51:31","2023-10-05 10:51:31",CC Token,CC Token
767,4555,767,tokopedia_category_ids, ,bahasa_indonesia,"2023-10-05 10:51:31","2023-10-05 10:51:31",CC Token,CC Token
768,4559,768,blibli_category_ids, ,bahasa_indonesia,"2023-10-05 10:55:34","2023-10-05 10:55:34",CC Token,CC Token
768,4547,768,meta_description,"Temukan berbagai macam jenis obat dan vitamin berdasarkan Kategori Obat Rutin Penyakit Jantung. Ketahui juga manfaat, dosis, cara konsumsi, aturan pakai dan efek samping obat dan vitamin di Halodoc.",bahasa_indonesia,"2023-10-05 10:32:40","2023-10-05 10:32:40",Dev,Dev
768,4545,768,meta_keywords,Kategori Obat Rutin Penyakit Jantung,bahasa_indonesia,"2023-10-05 10:32:40","2023-10-05 10:32:40",Dev,Dev
768,4557,768,meta_title,-,bahasa_indonesia,"2023-10-05 10:55:34","2023-10-05 10:55:34",CC Token,CC Token
768,4546,768,name,Penyakit Jantung,bahasa_indonesia,"2023-10-05 10:32:40","2023-10-05 11:51:07",Dev,CC Token
768,4548,768,name,Heart Disease,english,"2023-10-05 10:32:40","2023-10-05 11:51:07",Dev,CC Token
768,4560,768,seo_url, ,english,"2023-10-05 10:55:34","2023-10-05 10:55:34",CC Token,CC Token
768,4558,768,tokopedia_category_ids, ,bahasa_indonesia,"2023-10-05 10:55:34","2023-10-05 10:55:34",CC Token,CC Token
894,5343,894,meta_description,Dapatkan informasi Produk Obat Kanker paling lengkap hanya di Halodoc. Konsultasi obat dengan dokter ? Order obat di Halodoc ? #TenangAdaHalodoc,bahasa_indonesia,"2024-08-22 11:41:14","2024-08-22 11:41:14",Dev,Dev
894,5351,894,meta_keywords,Obat Kanker,bahasa_indonesia,"2024-08-22 11:44:43","2024-08-22 11:44:43",CC Token,CC Token
894,5352,894,meta_title,Obat Kanker,bahasa_indonesia,"2024-08-22 11:44:43","2024-08-22 11:44:43",CC Token,CC Token
894,5342,894,name,Obat Kanker,bahasa_indonesia,"2024-08-22 11:41:14","2024-08-22 11:41:14",Dev,Dev
894,5344,894,name,Cancer Medicine,english,"2024-08-22 11:41:14","2024-08-22 11:41:14",Dev,Dev
894,5353,894,seo_url,"",english,"2024-08-22 11:44:43","2024-08-22 11:44:44",CC Token,CC Token
895,5346,895,meta_description,Dapatkan informasi Produk Obat Kanker paling lengkap hanya di Halodoc. Konsultasi obat dengan dokter ? Order obat di Halodoc ? #TenangAdaHalodoc,bahasa_indonesia,"2024-08-22 11:41:14","2024-08-22 11:41:14",Dev,Dev
895,5350,895,meta_keywords,Obat Imunosupresan,bahasa_indonesia,"2024-08-22 11:44:28","2024-08-22 11:44:28",CC Token,CC Token
895,5349,895,meta_title,Obat Imunosupresan,bahasa_indonesia,"2024-08-22 11:44:28","2024-08-22 11:44:28",CC Token,CC Token
895,5345,895,name,Obat Imunosupresan,bahasa_indonesia,"2024-08-22 11:41:14","2024-08-22 11:41:14",Dev,Dev
895,5347,895,name,Immunosuppressants,english,"2024-08-22 11:41:14","2024-08-23 13:35:53",Dev,CC Token
895,5348,895,seo_url,"",english,"2024-08-22 11:44:28","2024-08-22 11:44:28",CC Token,CC Token
937,5609,937,meta_description,"Dapatkan informasi Perawatan DBD paling lengkap hanya di Halodoc. Konsultasi obat dengan dokter ? Order obat di Halodoc ? 
#TenangAdaHalodoc",bahasa_indonesia,"2025-06-20 10:10:05","2025-06-20 10:10:05",Dev,Dev
937,5608,937,meta_keywords,Perawatan DBD Halodoc,bahasa_indonesia,"2025-06-20 10:10:05","2025-06-20 10:10:05",Dev,Dev
937,5936,937,meta_title,-,bahasa_indonesia,"2025-06-24 16:17:51","2025-06-24 16:17:51",CC Token,CC Token
937,5606,937,name,Perawatan DBD,bahasa_indonesia,"2025-06-20 10:10:05","2025-06-20 10:10:05",Dev,Dev
937,5607,937,name,Dengue Treatment,english,"2025-06-20 10:10:05","2025-06-20 10:10:05",Dev,Dev
937,5937,937,seo_url,"",english,"2025-06-24 16:17:51","2025-06-24 16:17:51",CC Token,CC Token
936,5605,936,meta_description,"Dapatkan informasi Perlindungan dari Nyamuk paling lengkap hanya di Halodoc. Konsultasi obat dengan dokter ? Order obat di Halodoc ? 
#TenangAdaHalodoc",bahasa_indonesia,"2025-06-20 10:10:05","2025-06-20 10:10:05",Dev,Dev
936,5604,936,meta_keywords,Perlindungan dari Nyamuk Halodoc,bahasa_indonesia,"2025-06-20 10:10:05","2025-06-20 10:10:05",Dev,Dev
936,5934,936,meta_title,-,bahasa_indonesia,"2025-06-24 16:15:40","2025-06-24 16:15:40",CC Token,CC Token
936,5602,936,name,Perlindungan dari Nyamuk,bahasa_indonesia,"2025-06-20 10:10:05","2025-06-20 10:10:05",Dev,Dev
936,5603,936,name,Mosquito Repellent,english,"2025-06-20 10:10:05","2025-06-20 10:10:05",Dev,Dev
936,5935,936,seo_url,"",english,"2025-06-24 16:15:40","2025-06-24 16:15:40",CC Token,CC Token
447,2539,447,meta_description,"Dapatkan informasi Produk Pet Care Accessories paling lengkap hanya di Halodoc. Konsultasi obat dengan dokter ? Order obat di Halodoc ? #TenangAdaHalodoc""",bahasa_indonesia,"2023-03-15 11:32:52","2023-03-15 11:32:52",Dev,Dev
447,2537,447,meta_keywords,Produk Aksesoris Hewan Halodoc,bahasa_indonesia,"2023-03-15 11:32:52","2023-03-15 11:32:52",Dev,Dev
447,2626,447,meta_title,-,bahasa_indonesia,"2023-04-12 11:35:45","2023-04-12 11:35:45",CC Token,CC Token
447,2536,447,name,Aksesoris,bahasa_indonesia,"2023-03-15 11:32:52","2023-03-15 11:32:52",Dev,Dev
447,2538,447,name,Accessories,english,"2023-03-15 11:32:52","2023-03-15 11:32:52",Dev,Dev
447,2627,447,seo_url, ,english,"2023-04-12 11:35:45","2023-04-12 11:35:45",CC Token,CC Token
183,1381,183,meta_description,-,bahasa_indonesia,"2023-03-11 13:33:24","2023-03-11 13:33:24",CC Token,CC Token
183,1378,183,meta_keywords,-,bahasa_indonesia,"2023-03-11 13:33:24","2023-03-11 13:33:24",CC Token,CC Token
183,1379,183,meta_title,-,bahasa_indonesia,"2023-03-11 13:33:24","2023-03-11 13:33:24",CC Token,CC Token
183,1375,183,name,Makanan,bahasa_indonesia,"2023-03-10 21:20:03","2023-03-10 21:20:03",Dev,Dev
183,1374,183,name,Food,english,"2023-03-10 21:20:03","2023-03-10 21:20:03",Dev,Dev
183,1380,183,seo_url, ,english,"2023-03-11 13:33:24","2023-03-11 13:33:24",CC Token,CC Token
446,2535,446,meta_description,"Dapatkan informasi Produk Pet Care Grooming paling lengkap hanya di Halodoc. Konsultasi obat dengan dokter ? Order obat di Halodoc ? #TenangAdaHalodoc""",bahasa_indonesia,"2023-03-15 11:32:52","2023-03-15 11:32:52",Dev,Dev
446,2533,446,meta_keywords,Produk Grooming Hewan Halodoc,bahasa_indonesia,"2023-03-15 11:32:52","2023-03-15 11:32:52",Dev,Dev
446,2624,446,meta_title,-,bahasa_indonesia,"2023-04-12 11:35:14","2023-04-12 11:35:14",CC Token,CC Token
446,2532,446,name,Grooming,bahasa_indonesia,"2023-03-15 11:32:52","2023-03-15 11:32:52",Dev,Dev
446,2534,446,name,Grooming,english,"2023-03-15 11:32:52","2023-03-15 11:32:52",Dev,Dev
446,2625,446,seo_url, ,english,"2023-04-12 11:35:14","2023-04-12 11:35:14",CC Token,CC Token
445,2531,445,meta_description,"Dapatkan informasi Produk Pet Care Medicine & Supplements paling lengkap hanya di Halodoc. Konsultasi obat dengan dokter ? Order obat di Halodoc ? #TenangAdaHalodoc""",bahasa_indonesia,"2023-03-15 11:32:51","2023-03-15 11:32:51",Dev,Dev
445,2529,445,meta_keywords,Produk Obat & Suplemen Hewan Halodoc,bahasa_indonesia,"2023-03-15 11:32:51","2023-03-15 11:32:51",Dev,Dev
445,2623,445,meta_title,-,bahasa_indonesia,"2023-04-12 11:34:29","2023-04-12 11:34:29",CC Token,CC Token
445,2528,445,name,Obat & Suplemen,bahasa_indonesia,"2023-03-15 11:32:51","2023-03-15 11:32:51",Dev,Dev
445,2530,445,name,Medicine & Supplements,english,"2023-03-15 11:32:51","2023-03-15 11:32:51",Dev,Dev
445,2622,445,seo_url, ,english,"2023-04-12 11:34:29","2023-04-12 11:34:29",CC Token,CC Token
917,5470,917,meta_description,Temukan Produk Kesehatan Dewasa Obat Perawatan Halodoc paling lengkap,bahasa_indonesia,"2025-02-18 12:01:25","2025-02-18 12:01:25",Dev,Dev
917,5471,917,meta_keywords,Produk Kesehatan Dewasa Obat Perawatan Halodoc,bahasa_indonesia,"2025-02-18 12:01:25","2025-02-18 12:01:25",Dev,Dev
917,5500,917,meta_title,Common Illness Adult,bahasa_indonesia,"2025-02-18 16:48:17","2025-02-18 16:48:17",CC Token,CC Token
917,5473,917,name,Flu & Batuk Dewasa,bahasa_indonesia,"2025-02-18 12:01:25","2025-02-18 16:48:17",Dev,CC Token
917,5472,917,name,Common Illness Adult,english,"2025-02-18 12:01:25","2025-02-18 12:01:25",Dev,Dev
917,5501,917,seo_url,"",english,"2025-02-18 16:48:17","2025-02-18 16:48:17",CC Token,CC Token
920,5478,920,meta_description,Temukan Produk Kesehatan Anak Obat Perawatan Halodoc paling lengkap,bahasa_indonesia,"2025-02-18 12:01:26","2025-02-18 12:01:26",Dev,Dev
920,5479,920,meta_keywords,Produk Kesehatan Anak Obat Perawatan Halodoc,bahasa_indonesia,"2025-02-18 12:01:26","2025-02-18 12:01:26",Dev,Dev
920,5506,920,meta_title,Common Illness Kids,bahasa_indonesia,"2025-02-18 16:49:56","2025-02-18 16:49:56",CC Token,CC Token
920,5481,920,name,Obat & Vitamin Anak,bahasa_indonesia,"2025-02-18 12:01:26","2025-02-18 16:49:56",Dev,CC Token
920,5480,920,name,Common Illness Kids,english,"2025-02-18 12:01:26","2025-02-18 12:01:26",Dev,Dev
920,5507,920,seo_url,"",english,"2025-02-18 16:49:56","2025-02-18 16:49:56",CC Token,CC Token
787,4900,787,blibli_category_ids,"",bahasa_indonesia,"2024-02-27 14:44:18","2024-02-27 14:44:19",CC Token,CC Token
787,4807,787,meta_description,"Dapatkan obat lengkap Kesehatan Pencernaan di Halodoc: dosis, aturan pakai, dan efek samping. 1 Jam Sampai, Dikirim dari Apotek Tepercaya, Buka 24 Jam*",bahasa_indonesia,"2024-02-23 17:22:10","2025-05-06 15:01:02",Dev,Dev
787,4808,787,meta_keywords,Produk Kesehatan Pencernaan Obat Perawatan Halodoc,bahasa_indonesia,"2024-02-23 17:22:10","2024-02-23 17:22:10",Dev,Dev
787,4898,787,meta_title,Beli Obat Kesehatan Pencernaan di Halodoc - 100% Produk Asli,bahasa_indonesia,"2024-02-27 14:44:18","2025-05-06 15:12:39",CC Token,CC Token
787,4806,787,name,Kesehatan Pencernaan,bahasa_indonesia,"2024-02-23 17:22:10","2024-02-23 17:22:10",Dev,Dev
787,4809,787,name,Digestive Health,english,"2024-02-23 17:22:10","2024-02-23 17:22:10",Dev,Dev
787,4899,787,seo_url,"",english,"2024-02-27 14:44:18","2024-02-27 14:44:19",CC Token,CC Token
787,4901,787,tokopedia_category_ids,"",bahasa_indonesia,"2024-02-27 14:44:18","2024-02-27 14:44:19",CC Token,CC Token
923,5492,923,meta_description,Temukan Produk Kesehatan Pencernaan Obat Perawatan Halodoc paling lengkap,bahasa_indonesia,"2025-02-18 12:05:23","2025-02-18 12:05:23",Dev,Dev
923,5491,923,meta_keywords,Produk Kesehatan Pencernaan Obat Perawatan Halodoc,bahasa_indonesia,"2025-02-18 12:05:23","2025-02-18 12:05:23",Dev,Dev
923,5502,923,meta_title,Digestive,bahasa_indonesia,"2025-02-18 16:48:53","2025-02-18 16:48:53",CC Token,CC Token
923,5490,923,name,Obat & Vitamin Pencernaan,bahasa_indonesia,"2025-02-18 12:05:23","2025-02-18 16:48:54",Dev,CC Token
923,5493,923,name,Digestive,english,"2025-02-18 12:05:23","2025-02-18 12:05:23",Dev,Dev
923,5503,923,seo_url,"",english,"2025-02-18 16:48:53","2025-02-18 16:48:54",CC Token,CC Token
789,4906,789,blibli_category_ids,"",bahasa_indonesia,"2024-02-27 14:56:34","2024-02-27 14:56:34",CC Token,CC Token
789,4815,789,meta_description,Temukan obat Demam & Sakit Kepala paling lengkap hanya di Halodoc. Konsultasi obat dengan dokter Order obat di Halodoc ? #TenangMenjaga,bahasa_indonesia,"2024-02-23 17:22:10","2024-02-23 17:22:10",Dev,Dev
789,4816,789,meta_keywords,Produk Demam & Sakit Kepala Obat Perawatan Halodoc,bahasa_indonesia,"2024-02-23 17:22:10","2024-02-23 17:22:10",Dev,Dev
789,4907,789,meta_title,Demam & Sakit Kepala,bahasa_indonesia,"2024-02-27 14:56:34","2024-02-27 14:56:34",CC Token,CC Token
789,4814,789,name,Demam & Sakit Kepala,bahasa_indonesia,"2024-02-23 17:22:10","2024-02-23 17:22:10",Dev,Dev
789,4817,789,name,Fever & Headache,english,"2024-02-23 17:22:10","2024-02-23 17:22:10",Dev,Dev
789,4909,789,seo_url,"",english,"2024-02-27 14:56:34","2024-02-27 14:56:34",CC Token,CC Token
789,4908,789,tokopedia_category_ids,"",bahasa_indonesia,"2024-02-27 14:56:34","2024-02-27 14:56:34",CC Token,CC Token
916,5466,916,meta_description,Temukan Produk Lainnya Obat Perawatan Halodoc paling lengkap,bahasa_indonesia,"2025-02-18 12:01:25","2025-02-18 12:01:25",Dev,Dev
916,5467,916,meta_keywords,Produk Lainnya Obat Perawatan Halodoc,bahasa_indonesia,"2025-02-18 12:01:25","2025-02-18 12:01:25",Dev,Dev
916,5498,916,meta_title,Health products,bahasa_indonesia,"2025-02-18 16:47:32","2025-02-18 16:47:32",CC Token,CC Token
916,5469,916,name,Produk Dikonsumsi,bahasa_indonesia,"2025-02-18 12:01:25","2025-02-18 16:47:32",Dev,CC Token
916,5468,916,name,Health products,english,"2025-02-18 12:01:25","2025-02-18 12:01:25",Dev,Dev
916,5499,916,seo_url,"",english,"2025-02-18 16:47:32","2025-02-18 16:47:32",CC Token,CC Token
788,4904,788,blibli_category_ids,"",bahasa_indonesia,"2024-02-27 14:48:44","2024-02-27 14:48:44",CC Token,CC Token
788,4811,788,meta_description,Temukan obat Suplemen Kesehatan paling lengkap hanya di Halodoc. Konsultasi obat dengan dokter Order obat di Halodoc ? #TenangMenjaga,bahasa_indonesia,"2024-02-23 17:22:10","2024-02-23 17:22:10",Dev,Dev
788,4812,788,meta_keywords,Produk Suplemen Kesehatan Obat Perawatan Halodoc,bahasa_indonesia,"2024-02-23 17:22:10","2024-02-23 17:22:10",Dev,Dev
788,4902,788,meta_title,Suplemen Kesehatan,bahasa_indonesia,"2024-02-27 14:48:44","2024-02-27 14:48:44",CC Token,CC Token
788,4810,788,name,Suplemen Kesehatan,bahasa_indonesia,"2024-02-23 17:22:10","2024-02-23 17:22:10",Dev,Dev
788,4813,788,name,Health Supplement,english,"2024-02-23 17:22:10","2024-02-23 17:22:10",Dev,Dev
788,4903,788,seo_url,"",english,"2024-02-27 14:48:44","2024-02-27 14:48:44",CC Token,CC Token
788,4905,788,tokopedia_category_ids,"",bahasa_indonesia,"2024-02-27 14:48:44","2024-02-27 14:48:44",CC Token,CC Token
791,4895,791,blibli_category_ids,"",bahasa_indonesia,"2024-02-26 08:45:22","2024-02-26 08:45:22",CC Token,CC Token
791,4823,791,meta_description,Temukan obat Lainnya paling lengkap hanya di Halodoc. Konsultasi obat dengan dokter Order obat di Halodoc ? #TenangMenjaga,bahasa_indonesia,"2024-02-23 17:22:10","2024-02-23 17:22:10",Dev,Dev
791,4824,791,meta_keywords,Produk Lainnya Obat Perawatan Halodoc,bahasa_indonesia,"2024-02-23 17:22:10","2024-02-23 17:22:10",Dev,Dev
791,4894,791,meta_title,Lainnya,bahasa_indonesia,"2024-02-26 08:45:22","2024-02-26 08:45:22",CC Token,CC Token
791,4822,791,name,Lainnya,bahasa_indonesia,"2024-02-23 17:22:10","2024-02-23 17:22:10",Dev,Dev
791,4825,791,name,Miscellaneous,english,"2024-02-23 17:22:10","2024-02-23 17:22:10",Dev,Dev
791,4897,791,seo_url,"",english,"2024-02-26 08:45:22","2024-02-26 08:45:22",CC Token,CC Token
791,4896,791,tokopedia_category_ids,"",bahasa_indonesia,"2024-02-26 08:45:22","2024-02-26 08:45:22",CC Token,CC Token
790,4910,790,blibli_category_ids,"",bahasa_indonesia,"2024-02-27 15:05:50","2024-02-27 15:05:50",CC Token,CC Token
790,4819,790,meta_description,Temukan obat Kesehatan Mulut & Tenggorokan paling lengkap hanya di Halodoc. Konsultasi obat dengan dokter Order obat di Halodoc ? #TenangMenjaga,bahasa_indonesia,"2024-02-23 17:22:10","2024-02-23 17:22:10",Dev,Dev
790,4820,790,meta_keywords,Produk Kesehatan Mulut & Tenggorokan Obat Perawatan Halodoc,bahasa_indonesia,"2024-02-23 17:22:10","2024-02-23 17:22:10",Dev,Dev
790,4911,790,meta_title,Mouth & Throat,bahasa_indonesia,"2024-02-27 15:05:50","2024-02-27 15:05:50",CC Token,CC Token
790,4818,790,name,Kesehatan Mulut & Tenggorokan,bahasa_indonesia,"2024-02-23 17:22:10","2024-02-23 17:22:10",Dev,Dev
790,4821,790,name,Mouth & Throat,english,"2024-02-23 17:22:10","2024-02-23 17:22:10",Dev,Dev
790,4913,790,seo_url,"",english,"2024-02-27 15:05:50","2024-02-27 15:05:50",CC Token,CC Token
790,4912,790,tokopedia_category_ids,"",bahasa_indonesia,"2024-02-27 15:05:50","2024-02-27 15:05:50",CC Token,CC Token
921,5482,921,meta_description,Temukan Produk Kesehatan Mulut & Tenggorokan Obat Perawatan Halodoc paling lengkap,bahasa_indonesia,"2025-02-18 12:01:26","2025-02-18 12:01:26",Dev,Dev
921,5483,921,meta_keywords,Produk Kesehatan Mulut & Tenggorokan Obat Perawatan Halodoc,bahasa_indonesia,"2025-02-18 12:01:26","2025-02-18 12:01:26",Dev,Dev
921,5527,921,meta_title,Mulut & Tenggorokan,bahasa_indonesia,"2025-03-24 15:17:02","2025-03-24 15:17:02",CC Token,CC Token
921,5485,921,name,Mulut & Tenggorokan,bahasa_indonesia,"2025-02-18 12:01:26","2025-02-18 12:01:26",Dev,Dev
921,5484,921,name,Mouth & Throat,english,"2025-02-18 12:01:26","2025-02-18 12:01:26",Dev,Dev
921,5526,921,seo_url,"",english,"2025-03-24 15:17:02","2025-03-24 15:17:02",CC Token,CC Token
922,5486,922,meta_description,Temukan Produk Kesehatan Obat Rutin/Kronis Obat Perawatan Halodoc paling lengkap,bahasa_indonesia,"2025-02-18 12:01:26","2025-02-18 12:01:26",Dev,Dev
922,5487,922,meta_keywords,Produk Kesehatan Obat Rutin/Kronis Obat Perawatan Halodoc,bahasa_indonesia,"2025-02-18 12:01:26","2025-02-18 12:01:26",Dev,Dev
922,5508,922,meta_title,Obat Rutin (NCD),bahasa_indonesia,"2025-02-18 16:50:39","2025-02-18 16:50:39",CC Token,CC Token
922,5489,922,name,Obat Rutin,bahasa_indonesia,"2025-02-18 12:01:26","2025-02-18 16:50:39",Dev,CC Token
922,5488,922,name,Obat Rutin (NCD),english,"2025-02-18 12:01:26","2025-02-18 12:01:26",Dev,Dev
922,5509,922,seo_url,"",english,"2025-02-18 16:50:39","2025-02-18 16:50:39",CC Token,CC Token
924,5497,924,meta_description,Temukan Paket Hemat Obat Perawatan Halodoc paling lengkap,bahasa_indonesia,"2025-02-18 15:47:40","2025-02-18 15:47:40",Dev,Dev
924,5496,924,meta_keywords,Paket Hemat Obat Perawatan Halodoc,bahasa_indonesia,"2025-02-18 15:47:40","2025-02-18 15:47:40",Dev,Dev
924,5513,924,meta_title,Paket Hemat Ramdhan,bahasa_indonesia,"2025-02-19 12:42:00","2025-02-19 12:42:00",CC Token,CC Token
924,5495,924,name,Paket Hemat,bahasa_indonesia,"2025-02-18 15:47:40","2025-02-18 15:47:40",Dev,Dev
924,5494,924,name,Paket Hemat,english,"2025-02-18 15:47:40","2025-02-18 15:47:40",Dev,Dev
924,5512,924,seo_url,"",english,"2025-02-19 12:42:00","2025-02-19 12:42:00",CC Token,CC Token
919,5474,919,meta_description,Temukan Produk Suplemen Kesehatan Obat Perawatan Halodoc paling lengkap,bahasa_indonesia,"2025-02-18 12:01:26","2025-02-18 12:01:26",Dev,Dev
919,5475,919,meta_keywords,Produk Suplemen Kesehatan Obat Perawatan Halodoc,bahasa_indonesia,"2025-02-18 12:01:26","2025-02-18 12:01:26",Dev,Dev
919,5504,919,meta_title,Vitamin,bahasa_indonesia,"2025-02-18 16:49:22","2025-02-18 16:49:22",CC Token,CC Token
919,5477,919,name,Vitamin Imunitas,bahasa_indonesia,"2025-02-18 12:01:26","2025-02-18 16:49:22",Dev,CC Token
919,5476,919,name,Vitamin,english,"2025-02-18 12:01:26","2025-02-18 12:01:26",Dev,Dev
919,5505,919,seo_url,"",english,"2025-02-18 16:49:22","2025-02-18 16:49:22",CC Token,CC Token
773,4660,773,blibli_category_ids,"",bahasa_indonesia,"2023-10-30 18:55:30","2023-10-30 18:55:30",CC Token,CC Token
773,4628,773,meta_description,Dapatkan informasi Produk Medicine & Treatments Kesehatan Seksual & Reproduksi paling lengkap hanya di Halodoc. Konsultasi obat dengan dokter ? Order obat di Halodoc ? #TenangAdaHalodoc,bahasa_indonesia,"2023-10-30 18:06:02","2023-10-30 18:06:02",Dev,Dev
773,4625,773,meta_keywords,Produk Kesehatan Kondom & Pelumas Obat Perawatan Halodoc,bahasa_indonesia,"2023-10-30 18:06:02","2023-10-30 18:06:02",Dev,Dev
773,4658,773,meta_title,-,bahasa_indonesia,"2023-10-30 18:55:30","2023-10-30 18:55:30",CC Token,CC Token
773,4626,773,name,Kondom & Pelumas,bahasa_indonesia,"2023-10-30 18:06:02","2023-10-30 18:06:02",Dev,Dev
773,4627,773,name,Condoms & Lubricant,english,"2023-10-30 18:06:02","2023-10-30 18:06:02",Dev,Dev
773,4659,773,seo_url,"",english,"2023-10-30 18:55:30","2023-10-30 18:55:30",CC Token,CC Token
773,4657,773,tokopedia_category_ids,"",bahasa_indonesia,"2023-10-30 18:55:30","2023-10-30 18:55:30",CC Token,CC Token
772,4650,772,blibli_category_ids,"",bahasa_indonesia,"2023-10-30 18:50:16","2023-10-30 18:50:16",CC Token,CC Token
772,4624,772,meta_description,"Dapatkan obat lengkap Disfungsi Ereksi di Halodoc: dosis, aturan pakai, dan efek samping. 1 Jam Sampai, Dikirim dari Apotek Tepercaya, Buka 24 Jam*",bahasa_indonesia,"2023-10-30 18:06:02","2025-05-06 15:01:02",Dev,Dev
772,4621,772,meta_keywords,Produk Kesehatan Disfungsi Ereksi Obat Perawatan Halodoc,bahasa_indonesia,"2023-10-30 18:06:02","2023-10-30 18:06:02",Dev,Dev
772,4651,772,meta_title,Beli Obat Disfungsi Ereksi di Halodoc - 100% Produk Asli,bahasa_indonesia,"2023-10-30 18:50:16","2025-05-06 15:12:57",CC Token,CC Token
772,4622,772,name,Disfungsi Ereksi,bahasa_indonesia,"2023-10-30 18:06:02","2023-10-30 18:06:02",Dev,Dev
772,4623,772,name,Erectile Dysfunction,english,"2023-10-30 18:06:02","2023-10-30 18:06:02",Dev,Dev
772,4652,772,seo_url,"",english,"2023-10-30 18:50:16","2023-10-30 18:50:16",CC Token,CC Token
772,4649,772,tokopedia_category_ids,"",bahasa_indonesia,"2023-10-30 18:50:16","2023-10-30 18:50:16",CC Token,CC Token
774,4664,774,blibli_category_ids,"",bahasa_indonesia,"2023-10-30 18:56:29","2023-10-30 18:56:29",CC Token,CC Token
774,4632,774,meta_description,Dapatkan informasi Produk Medicine & Treatments Kesehatan Seksual & Reproduksi paling lengkap hanya di Halodoc. Konsultasi obat dengan dokter ? Order obat di Halodoc ? #TenangAdaHalodoc,bahasa_indonesia,"2023-10-30 18:06:02","2023-10-30 18:06:02",Dev,Dev
774,4629,774,meta_keywords,Produk Kesehatan Perawatan Kewanitaan Obat Perawatan Halodoc,bahasa_indonesia,"2023-10-30 18:06:02","2023-10-30 18:06:02",Dev,Dev
774,4663,774,meta_title,-,bahasa_indonesia,"2023-10-30 18:56:29","2023-10-30 18:56:29",CC Token,CC Token
774,4630,774,name,Perawatan Kewanitaan,bahasa_indonesia,"2023-10-30 18:06:02","2023-10-30 18:06:02",Dev,Dev
774,4631,774,name,Feminine Care,english,"2023-10-30 18:06:02","2023-10-30 18:06:02",Dev,Dev
774,4662,774,seo_url,"",english,"2023-10-30 18:56:29","2023-10-30 18:56:29",CC Token,CC Token
774,4661,774,tokopedia_category_ids,"",bahasa_indonesia,"2023-10-30 18:56:29","2023-10-30 18:56:29",CC Token,CC Token
770,4642,770,blibli_category_ids,"",bahasa_indonesia,"2023-10-30 18:48:19","2023-10-30 18:48:20",CC Token,CC Token
770,4616,770,meta_description,Dapatkan informasi Produk Medicine & Treatments Kesehatan Seksual & Reproduksi paling lengkap hanya di Halodoc. Konsultasi obat dengan dokter ? Order obat di Halodoc ? #TenangAdaHalodoc,bahasa_indonesia,"2023-10-30 18:06:02","2023-10-30 18:06:02",Dev,Dev
770,4613,770,meta_keywords,Produk Kesehatan Hormon & Kesuburan Wanita Obat Perawatan Halodoc,bahasa_indonesia,"2023-10-30 18:06:02","2023-10-30 18:06:02",Dev,Dev
770,4643,770,meta_title,-,bahasa_indonesia,"2023-10-30 18:48:19","2023-10-30 18:48:19",CC Token,CC Token
770,4614,770,name,Hormon Wanita,bahasa_indonesia,"2023-10-30 18:06:02","2023-10-31 11:34:00",Dev,CC Token
770,4615,770,name,Hormones Female,english,"2023-10-30 18:06:02","2023-10-31 10:33:14",Dev,CC Token
770,4644,770,seo_url,"",english,"2023-10-30 18:48:19","2023-10-30 18:48:20",CC Token,CC Token
770,4641,770,tokopedia_category_ids,"",bahasa_indonesia,"2023-10-30 18:48:19","2023-10-30 18:48:20",CC Token,CC Token
775,4666,775,blibli_category_ids,"",bahasa_indonesia,"2023-10-30 18:58:38","2023-10-30 18:58:38",CC Token,CC Token
775,4636,775,meta_description,Dapatkan informasi Produk Medicine & Treatments Kesehatan Seksual & Reproduksi paling lengkap hanya di Halodoc. Konsultasi obat dengan dokter ? Order obat di Halodoc ? #TenangAdaHalodoc,bahasa_indonesia,"2023-10-30 18:06:02","2023-10-30 18:06:02",Dev,Dev
775,4633,775,meta_keywords,Produk Kesehatan Supplement Pria Obat Perawatan Halodoc,bahasa_indonesia,"2023-10-30 18:06:02","2023-10-30 18:06:02",Dev,Dev
775,4668,775,meta_title,-,bahasa_indonesia,"2023-10-30 18:58:38","2023-10-30 18:58:38",CC Token,CC Token
775,4634,775,name,Supplement Pria,bahasa_indonesia,"2023-10-30 18:06:02","2023-10-30 18:06:02",Dev,Dev
775,4635,775,name,Men's Supplements,english,"2023-10-30 18:06:02","2023-10-30 18:06:02",Dev,Dev
775,4667,775,seo_url,"",english,"2023-10-30 18:58:38","2023-10-30 18:58:38",CC Token,CC Token
775,4665,775,tokopedia_category_ids,"",bahasa_indonesia,"2023-10-30 18:58:38","2023-10-30 18:58:38",CC Token,CC Token
771,4648,771,blibli_category_ids,"",bahasa_indonesia,"2023-10-30 18:49:12","2023-10-30 18:49:12",CC Token,CC Token
771,4620,771,meta_description,"Dapatkan Pil KB dan Postpil di Halodoc: dosis, aturan pakai, dan efek samping. 1 Jam Sampai, Dikirim dari Apotek Tepercaya, Buka 24 Jam*",bahasa_indonesia,"2023-10-30 18:06:02","2025-05-06 15:01:02",Dev,Dev
771,4617,771,meta_keywords,Produk Kesehatan Kontrasepsi Oral Obat Perawatan Halodoc,bahasa_indonesia,"2023-10-30 18:06:02","2023-10-30 18:06:02",Dev,Dev
771,4646,771,meta_title,Beli Obat Kontrasepsi Oral di Halodoc - 100% Produk Asli,bahasa_indonesia,"2023-10-30 18:49:12","2025-05-06 15:13:20",CC Token,CC Token
771,4618,771,name,Kontrasepsi Oral,bahasa_indonesia,"2023-10-30 18:06:02","2023-10-30 18:06:02",Dev,Dev
771,4619,771,name,Oral Contraception,english,"2023-10-30 18:06:02","2023-10-30 18:06:02",Dev,Dev
771,4647,771,seo_url,"",english,"2023-10-30 18:49:12","2023-10-30 18:49:12",CC Token,CC Token
771,4645,771,tokopedia_category_ids,"",bahasa_indonesia,"2023-10-30 18:49:12","2023-10-30 18:49:12",CC Token,CC Token
776,4654,776,blibli_category_ids,"",bahasa_indonesia,"2023-10-30 18:51:20","2023-10-30 18:51:20",CC Token,CC Token
776,4640,776,meta_description,Dapatkan informasi Produk Medicine & Treatments Kesehatan Seksual & Reproduksi paling lengkap hanya di Halodoc. Konsultasi obat dengan dokter ? Order obat di Halodoc ? #TenangAdaHalodoc,bahasa_indonesia,"2023-10-30 18:06:02","2023-10-30 18:06:02",Dev,Dev
776,4637,776,meta_keywords,Produk Kesehatan Test Pack Obat Perawatan Halodoc,bahasa_indonesia,"2023-10-30 18:06:02","2023-10-30 18:06:02",Dev,Dev
776,4655,776,meta_title,-,bahasa_indonesia,"2023-10-30 18:51:20","2023-10-30 18:51:20",CC Token,CC Token
776,4638,776,name,Test Pack,bahasa_indonesia,"2023-10-30 18:06:02","2023-10-30 18:06:02",Dev,Dev
776,4639,776,name,Test Pack,english,"2023-10-30 18:06:02","2023-10-30 18:06:02",Dev,Dev
776,4656,776,seo_url,"",english,"2023-10-30 18:51:20","2023-10-30 18:51:20",CC Token,CC Token
776,4653,776,tokopedia_category_ids,"",bahasa_indonesia,"2023-10-30 18:51:20","2023-10-30 18:51:20",CC Token,CC Token
472,4306,472,blibli_category_ids,"",bahasa_indonesia,"2023-09-25 10:46:14","2023-10-26 10:15:05",CC Token,CC Token
472,2702,472,meta_description,Dapatkan informasi Produk Medicine & Treatments Produk Alat Kesehatan paling lengkap hanya di Halodoc. Konsultasi obat dengan dokter ✓ Order obat di Halodoc ✓ #TenangAdaHalodoc,bahasa_indonesia,"2023-07-11 15:01:01","2024-12-03 09:56:26",Dev,CC Token
472,2699,472,meta_keywords,Produk Alat Kesehatan Obat Perawatan Halodoc,bahasa_indonesia,"2023-07-11 15:01:01","2024-12-03 09:56:26",Dev,CC Token
472,2704,472,meta_title,Produk Alat Kesehatan,bahasa_indonesia,"2023-07-11 15:10:19","2024-12-03 09:56:26",CC Token,CC Token
472,2700,472,name,Alat Kesehatan,bahasa_indonesia,"2023-07-11 15:01:01","2024-12-03 09:56:26",Dev,CC Token
472,2701,472,name,Alat Kesehatan,english,"2023-07-11 15:01:01","2024-12-03 09:56:26",Dev,CC Token
472,2703,472,seo_url,"",english,"2023-07-11 15:10:19","2023-10-26 10:15:05",CC Token,CC Token
472,4307,472,tokopedia_category_ids,"",bahasa_indonesia,"2023-09-25 10:46:14","2023-10-26 10:15:05",CC Token,CC Token
473,4317,473,blibli_category_ids,"",bahasa_indonesia,"2023-09-25 11:11:46","2023-10-24 11:02:23",CC Token,CC Token
473,2705,473,meta_description,Dapatkan informasi Produk Medicine & Treatments Rekomendasi ISPA paling lengkap hanya di Halodoc. Konsultasi obat dengan dokter ? Order obat di Halodoc ? #TenangAdaHalodoc,bahasa_indonesia,"2023-07-17 09:09:05","2024-08-06 14:53:42",Dev,CC Token
473,2707,473,meta_keywords,Rekomendasi ISPA Obat Perawatan Halodoc,bahasa_indonesia,"2023-07-17 09:09:06","2024-08-06 14:53:42",Dev,CC Token
473,2713,473,meta_title,Produk flu & batuk,bahasa_indonesia,"2023-07-17 09:26:04","2024-11-04 16:52:06",CC Token,CC Token
473,2708,473,name,Batuk & Flu,bahasa_indonesia,"2023-07-17 09:09:06","2024-11-11 17:08:22",Dev,CC Token
473,2706,473,name,Batuk & Flu,english,"2023-07-17 09:09:06","2024-11-11 17:08:22",Dev,CC Token
473,2714,473,seo_url,"",english,"2023-07-17 09:26:04","2023-10-24 11:02:23",CC Token,CC Token
473,4316,473,tokopedia_category_ids,"",bahasa_indonesia,"2023-09-25 11:11:46","2023-10-24 11:02:23",CC Token,CC Token
553,4596,553,blibli_category_ids,"",bahasa_indonesia,"2023-10-09 13:38:41","2023-10-16 09:47:12",CC Token,CC Token
553,3253,553,meta_description,Dapatkan informasi Produk Medicine & Treatments Best Deals sd 50% paling lengkap hanya di Halodoc. Konsultasi obat dengan dokter ✓ Order obat di Halodoc ✓ #TenangAdaHalodoc,bahasa_indonesia,"2023-08-15 09:53:06","2024-08-06 14:53:05",Dev,CC Token
553,3254,553,meta_keywords,Produk Best Deals sd 50% Obat Perawatan Halodoc,bahasa_indonesia,"2023-08-15 09:53:06","2024-08-06 14:53:05",Dev,CC Token
553,3257,553,meta_title,Best Deals sd 50%,bahasa_indonesia,"2023-08-15 10:01:14","2024-08-06 14:53:05",CC Token,CC Token
553,3256,553,name,Best Deals sd 50%,bahasa_indonesia,"2023-08-15 09:53:06","2024-08-06 14:53:05",Dev,CC Token
553,3255,553,name,Best Deals sd 50%,english,"2023-08-15 09:53:06","2024-08-06 14:53:05",Dev,CC Token
553,3258,553,seo_url,"",english,"2023-08-15 10:01:14","2023-10-16 09:47:12",CC Token,CC Token
553,4595,553,tokopedia_category_ids,"",bahasa_indonesia,"2023-10-09 13:38:41","2023-10-16 09:47:12",CC Token,CC Token
470,4940,470,blibli_category_ids,"",bahasa_indonesia,"2024-03-21 08:23:00","2024-03-21 08:23:00",CC Token,CC Token
470,2690,470,meta_description,Dapatkan informasi Produk Medicine & Treatments FREE ONGKIR  paling lengkap hanya di Halodoc. Konsultasi obat dengan dokter? Order obat di Halodoc? #TenangAdaHalodoc,bahasa_indonesia,"2023-07-10 18:50:57","2025-04-21 14:54:11",Dev,CC Token
470,2687,470,meta_keywords,Produk FREE ONGKIR Obat Perawatan Halodoc,bahasa_indonesia,"2023-07-10 18:50:57","2025-04-21 14:54:11",Dev,CC Token
470,2692,470,meta_title,FREE ONGKIR,bahasa_indonesia,"2023-07-10 18:56:20","2025-04-21 14:53:54",CC Token,CC Token
470,2688,470,name,FREE ONGKIR,bahasa_indonesia,"2023-07-10 18:50:57","2025-04-21 14:53:54",Dev,CC Token
470,2689,470,name,FREE ONGKIR,english,"2023-07-10 18:50:57","2025-04-21 14:53:54",Dev,CC Token
470,2691,470,seo_url,"",english,"2023-07-10 18:56:20","2024-03-21 08:23:00",CC Token,CC Token
470,4939,470,tokopedia_category_ids,"",bahasa_indonesia,"2024-03-21 08:23:00","2024-03-21 08:23:00",CC Token,CC Token
469,4491,469,blibli_category_ids,"",bahasa_indonesia,"2023-10-02 13:28:56","2023-11-01 09:23:31",CC Token,CC Token
469,2682,469,meta_description,Dapatkan informasi Produk Paket Hemat sd 40% paling lengkap hanya di Halodoc. Konsultasi obat dengan dokter ? Order obat di Halodoc ? #TenangAdaHalodoc,bahasa_indonesia,"2023-06-30 19:12:17","2025-05-19 16:57:34",Dev,CC Token
469,2681,469,meta_keywords,Produk Paket Hemat sd 40% Obat Perawatan Halodoc,bahasa_indonesia,"2023-06-30 19:12:17","2025-05-19 16:57:34",Dev,CC Token
469,2686,469,meta_title,Paket Hemat sd 40%,bahasa_indonesia,"2023-06-30 19:18:57","2025-05-19 16:57:34",CC Token,CC Token
469,2684,469,name,Paket Hemat sd 40%,bahasa_indonesia,"2023-06-30 19:12:17","2025-05-19 16:57:34",Dev,CC Token
469,2683,469,name,Paket Hemat sd 40%,english,"2023-06-30 19:12:17","2025-05-19 16:57:34",Dev,CC Token
469,2685,469,seo_url,"",english,"2023-06-30 19:18:57","2023-11-01 09:23:31",CC Token,CC Token
469,4492,469,tokopedia_category_ids,"",bahasa_indonesia,"2023-10-02 13:28:56","2023-11-01 09:23:31",CC Token,CC Token
519,4751,519,blibli_category_ids,"",bahasa_indonesia,"2024-01-15 16:46:45","2024-01-15 16:46:45",CC Token,CC Token
519,3015,519,meta_description,"Dapatkan informasi Produk Medicine & Treatments Lawan Lemak, Jaga Berat Badan paling lengkap hanya di Halodoc. Konsultasi obat dengan dokter ✓ Order obat di Halodoc ✓ #TenangAdaHalodoc",bahasa_indonesia,"2023-08-07 15:47:41","2025-06-16 15:20:34",Dev,CC Token
519,3018,519,meta_keywords,"Produk Rekomendasi Lawan Lemak, Jaga Berat Badan Obat Perawatan Halodoc",bahasa_indonesia,"2023-08-07 15:47:41","2025-06-16 15:20:34",Dev,CC Token
519,3020,519,meta_title,"Lawan Lemak, Jaga Berat Badan",bahasa_indonesia,"2023-08-07 15:51:19","2025-06-16 15:20:34",CC Token,CC Token
519,3017,519,name,"Lawan Lemak, Jaga Berat Badan",bahasa_indonesia,"2023-08-07 15:47:41","2025-06-16 15:20:34",Dev,CC Token
519,3016,519,name,"Lawan Lemak, Jaga Berat Badan",english,"2023-08-07 15:47:41","2025-06-16 15:20:34",Dev,CC Token
519,3019,519,seo_url,"",english,"2023-08-07 15:51:19","2024-01-15 16:46:45",CC Token,CC Token
519,4750,519,tokopedia_category_ids,"",bahasa_indonesia,"2024-01-15 16:46:45","2024-01-15 16:46:45",CC Token,CC Token
780,4712,780,blibli_category_ids,"",bahasa_indonesia,"2023-12-01 18:43:30","2023-12-01 18:43:31",CC Token,CC Token
780,4706,780,meta_description,Dapatkan informasi Payday Deals sd 45% paling lengkap hanya di Halodoc. Konsultasi obat dengan dokter ? Order obat di Halodoc ? #TenangAdaHalodoc,bahasa_indonesia,"2023-12-01 18:18:16","2025-07-25 11:43:58",Dev,CC Token
780,4708,780,meta_keywords,Payday Deals sd 45% Perawatan Halodoc,bahasa_indonesia,"2023-12-01 18:18:16","2025-07-25 11:43:58",Dev,CC Token
780,4710,780,meta_title,Payday Deals sd 45%,bahasa_indonesia,"2023-12-01 18:43:30","2025-07-25 11:43:58",CC Token,CC Token
780,4705,780,name,Payday Deals sd 45%,bahasa_indonesia,"2023-12-01 18:18:16","2025-07-25 11:43:58",Dev,CC Token
780,4707,780,name,Payday Deals sd 45%,english,"2023-12-01 18:18:16","2025-07-25 11:43:58",Dev,CC Token
780,4709,780,seo_url,"",english,"2023-12-01 18:43:30","2023-12-01 18:43:31",CC Token,CC Token
780,4711,780,tokopedia_category_ids,"",bahasa_indonesia,"2023-12-01 18:43:30","2023-12-01 18:43:31",CC Token,CC Token
783,4765,783,blibli_category_ids,"",bahasa_indonesia,"2024-01-25 09:43:32","2024-01-25 09:43:32",CC Token,CC Token
783,4760,783,meta_description,Dapatkan informasi Produk Medicine & Treatments Payday Deals paling lengkap hanya di Halodoc. Konsultasi obat dengan dokter ? Order obat di Halodoc ? #TenangAdaHalodoc,bahasa_indonesia,"2024-01-25 09:34:40","2024-08-26 10:11:46",Dev,CC Token
783,4763,783,meta_keywords,Produk Payday Deals Obat Perawatan Halodoc,bahasa_indonesia,"2024-01-25 09:34:40","2024-08-26 10:11:46",Dev,CC Token
783,4767,783,meta_title,Payday Deals,bahasa_indonesia,"2024-01-25 09:43:32","2024-08-26 10:11:46",CC Token,CC Token
783,4762,783,name,Payday Deals sd 50%,bahasa_indonesia,"2024-01-25 09:34:40","2024-08-26 10:12:12",Dev,CC Token
783,4761,783,name,Payday Deals sd 50%,english,"2024-01-25 09:34:40","2024-08-26 10:12:12",Dev,CC Token
783,4766,783,seo_url,"",english,"2024-01-25 09:43:32","2024-01-25 09:43:32",CC Token,CC Token
783,4764,783,tokopedia_category_ids,"",bahasa_indonesia,"2024-01-25 09:43:32","2024-01-25 09:43:32",CC Token,CC Token
468,4600,468,blibli_category_ids,"",bahasa_indonesia,"2023-10-16 09:40:02","2023-10-16 09:40:02",CC Token,CC Token
468,2672,468,meta_description,Dapatkan informasi Produk Medicine & Treatments Produk Produk Baru Hemat sd 15% paling lengkap hanya di Halodoc. Konsultasi obat dengan dokter ✓ Order obat di Halodoc ✓ #TenangAdaHalodoc,bahasa_indonesia,"2023-06-22 13:27:18","2025-02-12 19:27:45",Dev,CC Token
468,2673,468,meta_keywords,Produk Baru Hemat sd 15% Obat Perawatan Halodoc,bahasa_indonesia,"2023-06-22 13:27:18","2025-02-12 19:27:45",Dev,CC Token
468,2680,468,meta_title,Produk Baru Hemat sd 15%,bahasa_indonesia,"2023-06-23 10:51:27","2025-02-12 19:27:45",CC Token,CC Token
468,2674,468,name,Produk Baru Hemat sd 15%,bahasa_indonesia,"2023-06-22 13:27:18","2025-02-12 19:27:45",Dev,CC Token
468,2671,468,name,Produk Baru Hemat sd 15%,english,"2023-06-22 13:27:18","2025-02-12 19:27:45",Dev,CC Token
468,2679,468,seo_url,"",english,"2023-06-23 10:51:27","2023-10-16 09:40:02",CC Token,CC Token
468,4599,468,tokopedia_category_ids,"",bahasa_indonesia,"2023-10-16 09:40:02","2023-10-16 09:40:02",CC Token,CC Token
778,4689,778,blibli_category_ids,"",bahasa_indonesia,"2023-11-08 10:14:39","2023-11-08 10:14:40",CC Token,CC Token
778,4687,778,meta_description,Dapatkan informasi Produk Medicine & Treatments Produk Kesehatan Kulit Pilihan hanya di Halodoc. Konsultasi obat dengan dokter ? Order obat di Halodoc ? #TenangAdaHalodoc,bahasa_indonesia,"2023-11-08 10:14:07","2025-04-14 10:31:38",Dev,CC Token
778,4686,778,meta_keywords,Produk Kesehatan Kulit Pilihan Obat Perawatan Halodoc,bahasa_indonesia,"2023-11-08 10:14:07","2025-04-14 10:31:38",Dev,CC Token
778,4690,778,meta_title,Produk Kesehatan Kulit Pilihan,bahasa_indonesia,"2023-11-08 10:14:39","2025-04-14 10:31:38",CC Token,CC Token
778,4688,778,name,Produk Kesehatan Kulit Pilihan,bahasa_indonesia,"2023-11-08 10:14:07","2025-04-14 10:31:38",Dev,CC Token
778,4685,778,name,Produk Kesehatan Kulit Pilihan,english,"2023-11-08 10:14:07","2025-04-14 10:31:38",Dev,CC Token
778,4691,778,seo_url,"",english,"2023-11-08 10:14:39","2023-11-08 10:14:40",CC Token,CC Token
778,4692,778,tokopedia_category_ids,"",bahasa_indonesia,"2023-11-08 10:14:39","2023-11-08 10:14:40",CC Token,CC Token
518,4602,518,blibli_category_ids,"",bahasa_indonesia,"2023-10-24 11:02:19","2023-10-24 11:02:19",CC Token,CC Token
518,3012,518,meta_description,Dapatkan informasi Produk Medicine & Treatments Produk Kesuburan & Kehamilan sd 30% paling lengkap hanya di Halodoc. Konsultasi obat dengan dokter ? Order obat di Halodoc ? #TenangAdaHalodoc,bahasa_indonesia,"2023-08-01 09:39:52","2025-01-07 14:24:11",Dev,CC Token
518,3011,518,meta_keywords,Produk Kesuburan & Kehamilan sd 30% Obat Perawatan Halodoc,bahasa_indonesia,"2023-08-01 09:39:52","2025-01-13 17:13:26",Dev,CC Token
518,3014,518,meta_title,Produk Kesuburan & Kehamilan sd 30%,bahasa_indonesia,"2023-08-01 09:54:14","2025-01-07 14:24:11",CC Token,CC Token
518,3009,518,name,Produk Kesuburan & Kehamilan sd 30%,bahasa_indonesia,"2023-08-01 09:39:52","2025-01-07 14:24:11",Dev,CC Token
518,3010,518,name,Produk Kesuburan & Kehamilan sd 30%,english,"2023-08-01 09:39:52","2025-01-07 14:24:11",Dev,CC Token
518,3013,518,seo_url,"",english,"2023-08-01 09:54:14","2023-10-24 11:02:19",CC Token,CC Token
518,4601,518,tokopedia_category_ids,"",bahasa_indonesia,"2023-10-24 11:02:19","2023-10-24 11:02:19",CC Token,CC Token
467,4598,467,blibli_category_ids,"",bahasa_indonesia,"2023-10-09 13:49:04","2023-10-16 14:59:02",CC Token,CC Token
467,2667,467,meta_description,Dapatkan informasi Produk Lambung PIlihan paling lengkap hanya di Halodoc. Konsultasi obat dengan dokter ? Order obat di Halodoc ? #TenangAdaHalodoc,bahasa_indonesia,"2023-06-22 13:27:17","2025-02-18 15:43:03",Dev,CC Token
467,2668,467,meta_keywords,Rekomendasi Produk Lambung PIlihan Obat Perawatan Halodoc,bahasa_indonesia,"2023-06-22 13:27:17","2025-02-18 15:43:03",Dev,CC Token
467,2676,467,meta_title,Produk Lambung PIlihan,bahasa_indonesia,"2023-06-23 10:24:49","2025-02-18 15:43:03",CC Token,CC Token
467,2670,467,name,Produk Lambung PIlihan,bahasa_indonesia,"2023-06-22 13:27:17","2025-02-18 15:43:03",Dev,CC Token
467,2669,467,name,Produk Lambung PIlihan,english,"2023-06-22 13:27:17","2025-02-18 15:43:03",Dev,CC Token
467,2675,467,seo_url,"",english,"2023-06-23 10:24:49","2023-10-16 14:59:02",CC Token,CC Token
467,4597,467,tokopedia_category_ids,"",bahasa_indonesia,"2023-10-09 13:49:04","2023-10-16 14:59:02",CC Token,CC Token
516,4309,516,blibli_category_ids,"",bahasa_indonesia,"2023-09-25 10:47:02","2023-10-25 13:45:44",CC Token,CC Token
516,2998,516,meta_description,Dapatkan informasi Produk Medicine & Treatments Produk Kebutuhan Olahragamu Hemat sd 20% paling lengkap hanya di Halodoc. Konsultasi obat dengan dokter? Order obat di Halodoc? #TenangAdaHalodoc,bahasa_indonesia,"2023-07-25 10:05:12","2025-07-21 13:24:00",Dev,CC Token
516,2997,516,meta_keywords,Produk Rekomendasi Produk Kebutuhan Olahragamu Hemat sd 20% Obat Perawatan Halodoc,bahasa_indonesia,"2023-07-25 10:05:12","2025-07-21 13:24:00",Dev,CC Token
516,3005,516,meta_title,Produk Kebutuhan Olahragamu Hemat sd 20%,bahasa_indonesia,"2023-07-25 10:15:45","2025-07-21 13:24:00",CC Token,CC Token
516,3000,516,name,Produk Kebutuhan Olahragamu Hemat sd 20%,bahasa_indonesia,"2023-07-25 10:05:12","2025-07-21 13:24:00",Dev,CC Token
516,2999,516,name,Produk Kebutuhan Olahragamu Hemat sd 20%,english,"2023-07-25 10:05:12","2025-07-21 13:24:00",Dev,CC Token
516,3006,516,seo_url,"",english,"2023-07-25 10:15:45","2023-10-25 13:45:44",CC Token,CC Token
516,4308,516,tokopedia_category_ids,"",bahasa_indonesia,"2023-09-25 10:47:02","2023-10-25 13:45:44",CC Token,CC Token
466,4702,466,blibli_category_ids,"",bahasa_indonesia,"2023-11-27 12:04:59","2023-11-27 12:04:59",CC Token,CC Token
466,2666,466,meta_description,Dapatkan informasi Produk Semurah harga e-commerce Pilihan paling lengkap hanya di Halodoc. Konsultasi obat dengan dokter ✓ Order obat di Halodoc ✓ #TenangAdaHalodoc,bahasa_indonesia,"2023-06-22 13:27:17","2025-07-07 18:02:43",Dev,CC Token
466,2665,466,meta_keywords,Semurah harga e-commerce,bahasa_indonesia,"2023-06-22 13:27:17","2025-07-07 18:02:43",Dev,CC Token
466,2678,466,meta_title,Semurah harga e-commerce,bahasa_indonesia,"2023-06-23 10:51:11","2025-07-07 18:02:43",CC Token,CC Token
466,2663,466,name,Semurah harga e-commerce,bahasa_indonesia,"2023-06-22 13:27:16","2025-07-07 18:02:43",Dev,CC Token
466,2664,466,name,Semurah harga e-commerce,english,"2023-06-22 13:27:17","2025-07-07 18:02:43",Dev,CC Token
466,2677,466,seo_url,"",english,"2023-06-23 10:51:11","2023-11-27 12:04:59",CC Token,CC Token
466,4701,466,tokopedia_category_ids,"",bahasa_indonesia,"2023-11-27 12:04:59","2023-11-27 12:04:59",CC Token,CC Token
471,4748,471,blibli_category_ids,"",bahasa_indonesia,"2024-01-15 16:46:17","2024-01-15 16:46:17",CC Token,CC Token
471,2693,471,meta_description,Dapatkan informasi Produk Medicine & Treatments Paket Hemat sd 40% paling lengkap hanya di Halodoc. Konsultasi obat dengan dokter? Order obat di Halodoc? #TenangAdaHalodoc,bahasa_indonesia,"2023-07-11 13:44:34","2025-04-08 12:11:43",Dev,CC Token
471,2696,471,meta_keywords,Paket Hemat sd 40% Obat Perawatan Halodoc,bahasa_indonesia,"2023-07-11 13:44:34","2025-04-08 12:11:43",Dev,CC Token
471,2698,471,meta_title,Paket Hemat sd 40%,bahasa_indonesia,"2023-07-11 14:01:54","2025-04-08 12:11:43",CC Token,CC Token
471,2695,471,name,Special Ulang Tahun sd 45%,bahasa_indonesia,"2023-07-11 13:44:34","2025-04-21 14:51:30",Dev,CC Token
471,2694,471,name,Special Ulang Tahun sd 45%,english,"2023-07-11 13:44:34","2025-04-21 14:51:30",Dev,CC Token
471,2697,471,seo_url,"",english,"2023-07-11 14:01:54","2024-01-15 16:46:17",CC Token,CC Token
471,4749,471,tokopedia_category_ids,"",bahasa_indonesia,"2024-01-15 16:46:17","2024-01-15 16:46:17",CC Token,CC Token
474,4752,474,blibli_category_ids,"",bahasa_indonesia,"2024-01-15 16:46:57","2024-01-15 16:46:57",CC Token,CC Token
474,2710,474,meta_description,Dapatkan informasi Produk Medicine & Treatments Produk Susu Dewasa Pilihan paling lengkap hanya di Halodoc. Konsultasi obat dengan dokter ? Order obat di Halodoc ? #TenangAdaHalodoc,bahasa_indonesia,"2023-07-17 09:18:17","2025-01-07 17:18:56",Dev,CC Token
474,2709,474,meta_keywords,Produk Susu Dewasa Pilihan Obat Perawatan Halodoc,bahasa_indonesia,"2023-07-17 09:18:17","2025-01-07 17:18:56",Dev,CC Token
474,2716,474,meta_title,Susu Dewasa,bahasa_indonesia,"2023-07-17 09:29:39","2025-01-07 17:18:56",CC Token,CC Token
474,2711,474,name,Susu Dewasa,bahasa_indonesia,"2023-07-17 09:18:17","2025-01-07 17:18:56",Dev,CC Token
474,2712,474,name,Susu Dewasa,english,"2023-07-17 09:18:17","2025-01-07 17:18:56",Dev,CC Token
474,2715,474,seo_url,"",english,"2023-07-17 09:29:39","2024-01-15 16:46:57",CC Token,CC Token
474,4753,474,tokopedia_category_ids,"",bahasa_indonesia,"2024-01-15 16:46:57","2024-01-15 16:46:57",CC Token,CC Token
580,4735,580,blibli_category_ids,"",bahasa_indonesia,"2024-01-04 18:08:27","2024-01-04 18:08:27",CC Token,CC Token
580,3442,580,meta_description,Dapatkan informasi Produk Medicine & Treatments Vitamin Anak Hemat s.d. 35% paling lengkap hanya di Halodoc. Konsultasi obat dengan dokter ? Order obat di Halodoc ? #TenangAdaHalodoc,bahasa_indonesia,"2023-08-22 09:34:41","2024-01-04 18:08:27",Dev,CC Token
580,3444,580,meta_keywords,Produk Vitamin Anak Hemat s.d. 35% Obat Perawatan Halodoc,bahasa_indonesia,"2023-08-22 09:34:41","2024-01-04 18:08:27",Dev,CC Token
580,3454,580,meta_title,Vitamin Anak Hemat s.d. 35%,bahasa_indonesia,"2023-08-22 09:50:50","2024-01-04 18:08:27",CC Token,CC Token
580,3445,580,name,Vitamin Anak Hemat s.d. 35%,bahasa_indonesia,"2023-08-22 09:34:41","2024-01-04 18:08:27",Dev,CC Token
580,3443,580,name,Vitamin Anak Hemat s.d. 35%,english,"2023-08-22 09:34:41","2024-01-04 18:08:27",Dev,CC Token
580,3453,580,seo_url,"",english,"2023-08-22 09:50:50","2024-01-04 18:08:27",CC Token,CC Token
580,4736,580,tokopedia_category_ids,"",bahasa_indonesia,"2024-01-04 18:08:27","2024-01-04 18:08:27",CC Token,CC Token
765,4321,765,blibli_category_ids,"",bahasa_indonesia,"2023-09-25 11:13:07","2023-11-16 11:54:17",CC Token,CC Token
765,4315,765,meta_description,Dapatkan informasi Produk Medicine & Treatments Produk Rekomendasi Vitamin Kulit & Rambut sd 30% paling lengkap hanya di Halodoc. Konsultasi obat dengan dokter ? Order obat di Halodoc ? #TenangAdaHalodoc,bahasa_indonesia,"2023-09-25 11:06:59","2024-08-20 09:48:55",Dev,CC Token
765,4313,765,meta_keywords,Produk Rekomendasi Vitamin Kulit & Rambut sd 30% Perawatan Halodoc,bahasa_indonesia,"2023-09-25 11:06:59","2024-08-20 09:48:55",Dev,CC Token
765,4318,765,meta_title,Produk Rekomendasi Vitamin Kulit & Rambut sd 30%t,bahasa_indonesia,"2023-09-25 11:13:07","2024-08-20 09:48:55",CC Token,CC Token
765,4312,765,name,Vitamin Kulit & Rambut sd 30%,bahasa_indonesia,"2023-09-25 11:06:59","2024-08-20 09:48:55",Dev,CC Token
765,4314,765,name,Vitamin Kulit & Rambut sd 30%,english,"2023-09-25 11:06:59","2024-08-20 09:48:55",Dev,CC Token
765,4319,765,seo_url,"",english,"2023-09-25 11:13:07","2023-11-16 11:54:17",CC Token,CC Token
765,4320,765,tokopedia_category_ids,"",bahasa_indonesia,"2023-09-25 11:13:07","2023-11-16 11:54:17",CC Token,CC Token
777,4681,777,blibli_category_ids,"",bahasa_indonesia,"2023-11-08 09:53:08","2023-11-08 09:53:08",CC Token,CC Token
777,4679,777,meta_description,Dapatkan informasi Produk Medicine & Treatments paling lengkap Solusi Aman Disfungsi Ereksi hanya di Halodoc. Konsultasi obat dengan dokter ? Order obat di Halodoc ? #TenangAdaHalodoc,bahasa_indonesia,"2023-11-08 09:52:20","2023-11-08 09:52:20",Dev,Dev
777,4678,777,meta_keywords,Produk Solusi Aman Disfungsi Ereksi Obat Perawatan Halodoc,bahasa_indonesia,"2023-11-08 09:52:20","2023-11-08 09:52:20",Dev,Dev
777,4684,777,meta_title,Solusi Aman Disfungsi Ereksi,bahasa_indonesia,"2023-11-08 09:53:08","2023-11-08 09:53:08",CC Token,CC Token
777,4680,777,name,Solusi Aman Disfungsi Ereksi,bahasa_indonesia,"2023-11-08 09:52:20","2023-11-08 09:52:20",Dev,Dev
777,4677,777,name,Solusi Aman Disfungsi Ereksi,english,"2023-11-08 09:52:20","2023-11-08 09:52:20",Dev,Dev
777,4683,777,seo_url,"",english,"2023-11-08 09:53:08","2023-11-08 09:53:08",CC Token,CC Token
777,4682,777,tokopedia_category_ids,"",bahasa_indonesia,"2023-11-08 09:53:08","2023-11-08 09:53:08",CC Token,CC Token
932,5574,932,meta_description,Dapatkan informasi Produk Sports Others paling lengkap hanya di Halodoc. Konsultasi obat dengan dokter ? Order obat di Halodoc ? #TenangAdaHalodoc,bahasa_indonesia,"2025-05-23 11:28:09","2025-05-23 11:28:09",Dev,Dev
932,5572,932,meta_keywords,Produk Lainnya Olahraga Halodoc,bahasa_indonesia,"2025-05-23 11:28:09","2025-05-23 11:28:09",Dev,Dev
932,5591,932,meta_title,Others,bahasa_indonesia,"2025-05-30 18:19:03","2025-05-30 18:19:03",CC Token,CC Token
932,5573,932,name,Lainnya,bahasa_indonesia,"2025-05-23 11:28:09","2025-05-23 11:28:09",Dev,Dev
932,5575,932,name,Others,english,"2025-05-23 11:28:09","2025-05-23 11:28:09",Dev,Dev
932,5590,932,seo_url,"",english,"2025-05-30 18:19:03","2025-05-30 18:19:03",CC Token,CC Token
931,5570,931,meta_description,Dapatkan informasi Produk Sports Pain Relief paling lengkap hanya di Halodoc. Konsultasi obat dengan dokter ? Order obat di Halodoc ? #TenangAdaHalodoc,bahasa_indonesia,"2025-05-23 11:28:09","2025-05-23 11:28:09",Dev,Dev
931,5568,931,meta_keywords,Produk Pereda Nyeri Olahraga Halodoc,bahasa_indonesia,"2025-05-23 11:28:09","2025-05-23 11:28:09",Dev,Dev
931,5589,931,meta_title,Pain Relief,bahasa_indonesia,"2025-05-30 18:18:37","2025-05-30 18:18:37",CC Token,CC Token
931,5569,931,name,Pereda Nyeri,bahasa_indonesia,"2025-05-23 11:28:09","2025-05-23 11:28:09",Dev,Dev
931,5571,931,name,Pain Relief,english,"2025-05-23 11:28:09","2025-05-23 11:28:09",Dev,Dev
931,5588,931,seo_url,"",english,"2025-05-30 18:18:37","2025-05-30 18:18:37",CC Token,CC Token
930,5566,930,meta_description,Dapatkan informasi Produk Sports Sport Energy paling lengkap hanya di Halodoc. Konsultasi obat dengan dokter ? Order obat di Halodoc ? #TenangAdaHalodoc,bahasa_indonesia,"2025-05-23 11:28:09","2025-06-05 16:54:57",Dev,CC Token
930,5564,930,meta_keywords,Produk Sport Energy Olahraga Halodoc,bahasa_indonesia,"2025-05-23 11:28:09","2025-06-05 16:54:57",Dev,CC Token
930,5587,930,meta_title,Sport Energy,bahasa_indonesia,"2025-05-30 18:17:46","2025-06-05 16:54:57",CC Token,CC Token
930,5565,930,name,Sport Energy,bahasa_indonesia,"2025-05-23 11:28:09","2025-06-05 16:54:57",Dev,CC Token
930,5567,930,name,Sport Energy,english,"2025-05-23 11:28:09","2025-06-05 16:54:57",Dev,CC Token
930,5586,930,seo_url,"",english,"2025-05-30 18:17:46","2025-05-30 18:17:46",CC Token,CC Token
933,5578,933,meta_description,Dapatkan informasi Produk Sports Suncare paling lengkap hanya di Halodoc. Konsultasi obat dengan dokter ? Order obat di Halodoc ? #TenangAdaHalodoc,bahasa_indonesia,"2025-05-23 11:28:09","2025-05-23 11:28:09",Dev,Dev
933,5576,933,meta_keywords,Produk Suncare Olahraga Halodoc,bahasa_indonesia,"2025-05-23 11:28:09","2025-05-23 11:28:09",Dev,Dev
933,5593,933,meta_title,Suncare,bahasa_indonesia,"2025-05-30 18:19:23","2025-05-30 18:19:23",CC Token,CC Token
933,5577,933,name,Suncare,bahasa_indonesia,"2025-05-23 11:28:09","2025-05-23 11:28:09",Dev,Dev
933,5579,933,name,Suncare,english,"2025-05-23 11:28:09","2025-05-23 11:28:09",Dev,Dev
933,5592,933,seo_url,"",english,"2025-05-30 18:19:23","2025-05-30 18:19:23",CC Token,CC Token
929,5562,929,meta_description,Dapatkan informasi Produk Sports Supplements paling lengkap hanya di Halodoc. Konsultasi obat dengan dokter ? Order obat di Halodoc ? #TenangAdaHalodoc,bahasa_indonesia,"2025-05-23 11:28:09","2025-05-23 11:28:09",Dev,Dev
929,5560,929,meta_keywords,Produk Suplemen Olahraga Halodoc,bahasa_indonesia,"2025-05-23 11:28:09","2025-05-23 11:28:09",Dev,Dev
929,5585,929,meta_title,Supplements,bahasa_indonesia,"2025-05-30 18:17:16","2025-05-30 18:17:16",CC Token,CC Token
929,5561,929,name,Suplemen,bahasa_indonesia,"2025-05-23 11:28:09","2025-05-23 11:28:09",Dev,Dev
929,5563,929,name,Supplements,english,"2025-05-23 11:28:09","2025-05-23 11:28:09",Dev,Dev
929,5584,929,seo_url,"",english,"2025-05-30 18:17:16","2025-05-30 18:17:16",CC Token,CC Token
928,5558,928,meta_description,Dapatkan informasi Produk Sports Workout paling lengkap hanya di Halodoc. Konsultasi obat dengan dokter ? Order obat di Halodoc ? #TenangAdaHalodoc,bahasa_indonesia,"2025-05-23 11:28:08","2025-05-23 11:28:08",Dev,Dev
928,5556,928,meta_keywords,Produk Workout Olahraga Halodoc,bahasa_indonesia,"2025-05-23 11:28:08","2025-05-23 11:28:08",Dev,Dev
928,5583,928,meta_title,Workout,bahasa_indonesia,"2025-05-30 18:14:56","2025-05-30 18:14:56",CC Token,CC Token
928,5557,928,name,Workout,bahasa_indonesia,"2025-05-23 11:28:08","2025-05-23 11:28:08",Dev,Dev
928,5559,928,name,Workout,english,"2025-05-23 11:28:08","2025-05-23 11:28:08",Dev,Dev
928,5582,928,seo_url,"",english,"2025-05-30 18:14:56","2025-05-30 18:14:56",CC Token,CC Token
900,5377,900,meta_description,Temukan Alat Penunjang paling lengkap hanya di Halodoc. Konsultasi obat dengan dokter Order obat di Halodoc ? #TenangMenjaga,bahasa_indonesia,"2024-10-29 17:27:15","2024-10-29 17:27:15",Dev,Dev
900,5374,900,meta_keywords,Produk Alat Penunjang Halodoc,bahasa_indonesia,"2024-10-29 17:27:15","2024-10-29 17:27:15",Dev,Dev
900,5383,900,meta_title,Support Equipment,bahasa_indonesia,"2024-10-29 17:29:33","2024-10-29 17:29:33",CC Token,CC Token
900,5375,900,name,Alat Penunjang,bahasa_indonesia,"2024-10-29 17:27:15","2024-10-29 17:27:15",Dev,Dev
900,5376,900,name,Support Equipment,english,"2024-10-29 17:27:15","2024-10-29 17:27:15",Dev,Dev
900,5382,900,seo_url,"",english,"2024-10-29 17:29:33","2024-10-29 17:29:33",CC Token,CC Token
517,4754,517,blibli_category_ids,"",bahasa_indonesia,"2024-01-15 16:47:09","2024-01-15 16:47:09",CC Token,CC Token
517,3002,517,meta_description,Dapatkan informasi Produk Swisse Semurah Harga Ecommerce Pilihan paling lengkap hanya di Halodoc. Konsultasi obat dengan dokter ✓ Order obat di Halodoc ✓ #TenangAdaHalodoc,bahasa_indonesia,"2023-07-25 10:05:12","2025-07-21 13:25:02",Dev,CC Token
517,3003,517,meta_keywords,Produk Rekomendasi Swisse Semurah Harga Ecommerce Perawatan Halodoc,bahasa_indonesia,"2023-07-25 10:05:12","2025-07-21 13:25:02",Dev,CC Token
517,3008,517,meta_title,Swisse Semurah Harga Ecommerce,bahasa_indonesia,"2023-07-25 10:24:26","2025-07-21 13:25:02",CC Token,CC Token
517,3001,517,name,Swisse Semurah Harga Ecommerce,bahasa_indonesia,"2023-07-25 10:05:12","2025-07-21 13:25:02",Dev,CC Token
517,3004,517,name,Swisse Semurah Harga Ecommerce,english,"2023-07-25 10:05:12","2025-07-21 13:25:02",Dev,CC Token
517,3007,517,seo_url,"",english,"2023-07-25 10:24:26","2024-01-15 16:47:09",CC Token,CC Token
517,4755,517,tokopedia_category_ids,"",bahasa_indonesia,"2024-01-15 16:47:09","2024-01-15 16:47:09",CC Token,CC Token
209,4720,209,blibli_category_ids,"",bahasa_indonesia,"2023-12-04 19:03:56","2023-12-04 19:03:56",CC Token,CC Token
209,1493,209,meta_description,Dapatkan informasi Produk Vitamin & Supplements For Baby & Kids paling lengkap hanya di Halodoc. Konsultasi obat dengan dokter ? Order obat di Halodoc ? #TenangAdaHalodoc,bahasa_indonesia,"2023-03-14 11:08:31","2023-03-14 11:08:31",Dev,Dev
209,1491,209,meta_keywords,Produk Bayi dan Anak Vitamin Suplemen Halodoc,bahasa_indonesia,"2023-03-14 11:08:31","2023-03-14 11:08:31",Dev,Dev
209,2424,209,meta_title,"209",bahasa_indonesia,"2023-03-14 13:55:58","2023-03-14 13:55:58",CC Token,CC Token
209,1492,209,name,Bayi & Anak,bahasa_indonesia,"2023-03-14 11:08:31","2023-03-14 11:08:31",Dev,Dev
209,1490,209,name,For Baby & Kids,english,"2023-03-14 11:08:31","2023-03-14 11:08:31",Dev,Dev
209,2423,209,seo_url,"",english,"2023-03-14 13:55:58","2023-12-04 19:03:56",CC Token,CC Token
209,4719,209,tokopedia_category_ids,"",bahasa_indonesia,"2023-12-04 19:03:56","2023-12-04 19:03:56",CC Token,CC Token
210,4721,210,blibli_category_ids,"",bahasa_indonesia,"2023-12-04 19:08:03","2023-12-04 19:08:03",CC Token,CC Token
210,1497,210,meta_description,Dapatkan informasi Produk Vitamin & Supplements Beauty paling lengkap hanya di Halodoc. Konsultasi obat dengan dokter ? Order obat di Halodoc ? #TenangAdaHalodoc,bahasa_indonesia,"2023-03-14 11:08:32","2023-03-14 11:08:32",Dev,Dev
210,1495,210,meta_keywords,Produk Kecantikan Vitamin Suplemen Halodoc,bahasa_indonesia,"2023-03-14 11:08:32","2023-03-14 11:08:32",Dev,Dev
210,2425,210,meta_title,"210",bahasa_indonesia,"2023-03-14 13:56:35","2023-03-14 13:56:35",CC Token,CC Token
210,1496,210,name,Kecantikan,bahasa_indonesia,"2023-03-14 11:08:32","2023-03-14 11:08:32",Dev,Dev
210,1494,210,name,Beauty,english,"2023-03-14 11:08:32","2023-03-14 11:08:32",Dev,Dev
210,2426,210,seo_url,"",english,"2023-03-14 13:56:35","2023-12-04 19:08:03",CC Token,CC Token
210,4722,210,tokopedia_category_ids,"",bahasa_indonesia,"2023-12-04 19:08:03","2023-12-04 19:08:03",CC Token,CC Token
213,4716,213,blibli_category_ids,"",bahasa_indonesia,"2023-12-04 18:52:43","2023-12-04 18:52:44",CC Token,CC Token
213,1509,213,meta_description,Dapatkan informasi Produk Vitamin & Supplements Bones & Joints paling lengkap hanya di Halodoc. Konsultasi obat dengan dokter ? Order obat di Halodoc ? #TenangAdaHalodoc,bahasa_indonesia,"2023-03-14 11:08:32","2023-03-14 11:08:32",Dev,Dev
213,1507,213,meta_keywords,Produk Tulang dan Sendi Vitamin Suplemen Halodoc,bahasa_indonesia,"2023-03-14 11:08:32","2023-03-14 11:08:32",Dev,Dev
213,2432,213,meta_title,"213",bahasa_indonesia,"2023-03-14 13:58:19","2023-03-14 13:58:19",CC Token,CC Token
213,1508,213,name,Tulang & Sendi,bahasa_indonesia,"2023-03-14 11:08:32","2023-03-14 11:08:32",Dev,Dev
213,1506,213,name,Bones & Joints,english,"2023-03-14 11:08:32","2023-03-14 11:08:32",Dev,Dev
213,2431,213,seo_url,"",english,"2023-03-14 13:58:19","2023-12-04 18:52:44",CC Token,CC Token
213,4715,213,tokopedia_category_ids,"",bahasa_indonesia,"2023-12-04 18:52:43","2023-12-04 18:52:44",CC Token,CC Token
214,4730,214,blibli_category_ids,"",bahasa_indonesia,"2023-12-04 19:17:29","2023-12-04 19:17:29",CC Token,CC Token
214,1513,214,meta_description,"Dapatkan informasi Produk Vitamin & Supplements Diet, Health & Fitness paling lengkap hanya di Halodoc. Konsultasi obat dengan dokter ? Order obat di Halodoc ? #TenangAdaHalodoc",bahasa_indonesia,"2023-03-14 11:08:32","2023-03-14 11:08:32",Dev,Dev
214,1511,214,meta_keywords,"Produk Diet, Sehat & Bugar Vitamin Suplemen Halodoc",bahasa_indonesia,"2023-03-14 11:08:32","2023-03-14 11:08:32",Dev,Dev
214,2433,214,meta_title,"214",bahasa_indonesia,"2023-03-14 13:58:49","2023-03-14 13:58:49",CC Token,CC Token
214,1512,214,name,"Diet, Sehat & Bugar",bahasa_indonesia,"2023-03-14 11:08:32","2023-03-14 11:08:32",Dev,Dev
214,1510,214,name,"Diet, Health & Fitness",english,"2023-03-14 11:08:32","2023-03-14 11:08:32",Dev,Dev
214,2434,214,seo_url,"",english,"2023-03-14 13:58:49","2023-12-04 19:17:29",CC Token,CC Token
214,4729,214,tokopedia_category_ids,"",bahasa_indonesia,"2023-12-04 19:17:29","2023-12-04 19:17:29",CC Token,CC Token
212,4726,212,blibli_category_ids,"",bahasa_indonesia,"2023-12-04 19:13:39","2023-12-04 19:13:40",CC Token,CC Token
212,1505,212,meta_description,"Dapatkan obat lengkap Kesehatan Pencernaan di Halodoc: dosis, aturan pakai, dan efek samping. 1 Jam Sampai, Dikirim dari Apotek Tepercaya, Buka 24 Jam*",bahasa_indonesia,"2023-03-14 11:08:32","2025-05-06 15:01:02",Dev,Dev
212,1503,212,meta_keywords,Produk Kesehatan Pencernaan Vitamin Suplemen Halodoc,bahasa_indonesia,"2023-03-14 11:08:32","2023-03-14 11:08:32",Dev,Dev
212,2430,212,meta_title,Beli Obat Kesehatan Pencernaan di Halodoc - 100% Produk Asli,bahasa_indonesia,"2023-03-14 13:57:40","2025-05-06 15:13:42",CC Token,CC Token
212,1504,212,name,Kesehatan Pencernaan,bahasa_indonesia,"2023-03-14 11:08:32","2023-03-14 11:08:32",Dev,Dev
212,1502,212,name,Digestive Health,english,"2023-03-14 11:08:32","2023-03-14 11:08:32",Dev,Dev
212,2429,212,seo_url,"",english,"2023-03-14 13:57:40","2023-12-04 19:13:40",CC Token,CC Token
212,4725,212,tokopedia_category_ids,"",bahasa_indonesia,"2023-12-04 19:13:39","2023-12-04 19:13:40",CC Token,CC Token
217,4531,217,blibli_category_ids, ,bahasa_indonesia,"2023-10-04 17:32:21","2023-10-04 17:32:21",CC Token,CC Token
217,1525,217,meta_description,Dapatkan informasi Produk Vitamin & Supplements Halofit paling lengkap hanya di Halodoc. Konsultasi obat dengan dokter ? Order obat di Halodoc ? #TenangAdaHalodoc,bahasa_indonesia,"2023-03-14 11:08:32","2023-03-14 11:08:32",Dev,Dev
217,1523,217,meta_keywords,Produk Produk Alami Vitamin Suplemen Halodoc,bahasa_indonesia,"2023-03-14 11:08:32","2023-03-14 11:08:32",Dev,Dev
217,2439,217,meta_title,"217",bahasa_indonesia,"2023-03-14 14:01:10","2023-03-14 14:01:10",CC Token,CC Token
217,1524,217,name,Halofit,bahasa_indonesia,"2023-03-14 11:08:32","2023-10-04 17:32:21",Dev,CC Token
217,1522,217,name,Halofit,english,"2023-03-14 11:08:32","2023-03-14 11:08:32",Dev,Dev
217,2440,217,seo_url, ,english,"2023-03-14 14:01:10","2023-03-14 14:01:10",CC Token,CC Token
217,4532,217,tokopedia_category_ids, ,bahasa_indonesia,"2023-10-04 17:32:21","2023-10-04 17:32:21",CC Token,CC Token
211,4724,211,blibli_category_ids,"",bahasa_indonesia,"2023-12-04 19:11:59","2023-12-04 19:11:59",CC Token,CC Token
211,1501,211,meta_description,"Dapatkan Vitamin & Suplemen Pria di Halodoc: dosis, aturan pakai, dan efek samping. 1 Jam Sampai, Dikirim dari Apotek Tepercaya, Buka 24 Jam*",bahasa_indonesia,"2023-03-14 11:08:32","2025-05-06 15:01:02",Dev,Dev
211,1499,211,meta_keywords,Produk Pria Vitamin Suplemen Halodoc,bahasa_indonesia,"2023-03-14 11:08:32","2023-03-14 11:08:32",Dev,Dev
211,2427,211,meta_title,Beli Vitamin & Suplemen Pria di Halodoc - 100% Produk Asli,bahasa_indonesia,"2023-03-14 13:57:00","2025-05-06 15:13:58",CC Token,CC Token
211,1500,211,name,Pria,bahasa_indonesia,"2023-03-14 11:08:32","2023-03-14 11:08:32",Dev,Dev
211,1498,211,name,For Men,english,"2023-03-14 11:08:32","2023-03-15 19:35:41",Dev,Dev
211,2428,211,seo_url,"",english,"2023-03-14 13:57:00","2023-12-04 19:11:59",CC Token,CC Token
211,4723,211,tokopedia_category_ids,"",bahasa_indonesia,"2023-12-04 19:11:59","2023-12-04 19:11:59",CC Token,CC Token
216,4728,216,blibli_category_ids,"",bahasa_indonesia,"2023-12-04 19:15:45","2023-12-04 19:15:45",CC Token,CC Token
216,1521,216,meta_description,Dapatkan informasi Produk Vitamin & Supplements Natural Products paling lengkap hanya di Halodoc. Konsultasi obat dengan dokter ? Order obat di Halodoc ? #TenangAdaHalodoc,bahasa_indonesia,"2023-03-14 11:08:32","2023-03-14 11:08:32",Dev,Dev
216,1519,216,meta_keywords,Produk Produk Alami Vitamin Suplemen Halodoc,bahasa_indonesia,"2023-03-14 11:08:32","2023-03-14 11:08:32",Dev,Dev
216,2438,216,meta_title,"216",bahasa_indonesia,"2023-03-14 14:00:08","2023-03-14 14:00:08",CC Token,CC Token
216,1520,216,name,Produk Alami,bahasa_indonesia,"2023-03-14 11:08:32","2023-03-14 11:08:32",Dev,Dev
216,1518,216,name,Natural Products,english,"2023-03-14 11:08:32","2023-03-14 11:08:32",Dev,Dev
216,2437,216,seo_url,"",english,"2023-03-14 14:00:08","2023-12-04 19:15:45",CC Token,CC Token
216,4727,216,tokopedia_category_ids,"",bahasa_indonesia,"2023-12-04 19:15:45","2023-12-04 19:15:45",CC Token,CC Token
215,1517,215,meta_description,Dapatkan informasi Produk Vitamin & Supplements Specialty Supplements paling lengkap hanya di Halodoc. Konsultasi obat dengan dokter ? Order obat di Halodoc ? #TenangAdaHalodoc,bahasa_indonesia,"2023-03-14 11:08:32","2023-03-14 11:08:32",Dev,Dev
215,1515,215,meta_keywords,Produk Suplemen Khusus Vitamin Suplemen Halodoc,bahasa_indonesia,"2023-03-14 11:08:32","2023-03-14 11:08:32",Dev,Dev
215,2435,215,meta_title,"215",bahasa_indonesia,"2023-03-14 13:59:21","2023-03-14 13:59:21",CC Token,CC Token
215,1516,215,name,Suplemen Khusus,bahasa_indonesia,"2023-03-14 11:08:32","2023-03-14 11:08:32",Dev,Dev
215,1514,215,name,Specialty Supplements,english,"2023-03-14 11:08:32","2023-03-14 11:08:32",Dev,Dev
215,2436,215,seo_url, ,english,"2023-03-14 13:59:21","2023-03-14 13:59:21",CC Token,CC Token
207,4731,207,blibli_category_ids,"",bahasa_indonesia,"2023-12-04 19:19:10","2023-12-04 19:19:10",CC Token,CC Token
207,1485,207,meta_description,Dapatkan informasi Produk Vitamin & Supplements Wellness & Immunity paling lengkap hanya di Halodoc. Konsultasi obat dengan dokter ? Order obat di Halodoc ? #TenangAdaHalodoc,bahasa_indonesia,"2023-03-14 11:08:31","2023-03-14 11:08:31",Dev,Dev
207,1483,207,meta_keywords,Produk Kesehatan Vitamin Suplemen Halodoc,bahasa_indonesia,"2023-03-14 11:08:31","2023-03-14 11:08:31",Dev,Dev
207,2413,207,meta_title,Wellness & Immunity,bahasa_indonesia,"2023-03-14 13:42:30","2023-03-14 13:42:30",CC Token,CC Token
207,1484,207,name,Kesehatan & Imun,bahasa_indonesia,"2023-03-14 11:08:31","2023-03-14 11:08:31",Dev,Dev
207,1482,207,name,Wellness & Immunity,english,"2023-03-14 11:08:31","2023-03-14 11:08:31",Dev,Dev
207,2414,207,seo_url,"",english,"2023-03-14 13:42:30","2023-12-04 19:19:10",CC Token,CC Token
207,4732,207,tokopedia_category_ids,"",bahasa_indonesia,"2023-12-04 19:19:10","2023-12-04 19:19:10",CC Token,CC Token
208,4717,208,blibli_category_ids,"",bahasa_indonesia,"2023-12-04 19:00:43","2023-12-04 19:00:43",CC Token,CC Token
208,1489,208,meta_description,Dapatkan informasi Produk Vitamin & Supplements For Women paling lengkap hanya di Halodoc. Konsultasi obat dengan dokter ? Order obat di Halodoc ? #TenangAdaHalodoc,bahasa_indonesia,"2023-03-14 11:08:31","2023-03-14 11:08:31",Dev,Dev
208,1487,208,meta_keywords,Produk Wanita Vitamin Suplemen Halodoc,bahasa_indonesia,"2023-03-14 11:08:31","2023-03-14 11:08:31",Dev,Dev
208,2422,208,meta_title,Supplements & Herbal,bahasa_indonesia,"2023-03-14 13:54:38","2023-03-14 13:54:38",CC Token,CC Token
208,1488,208,name,Wanita,bahasa_indonesia,"2023-03-14 11:08:31","2023-03-14 11:08:31",Dev,Dev
208,1486,208,name,For Women,english,"2023-03-14 11:08:31","2023-03-14 11:08:31",Dev,Dev
208,2421,208,seo_url,"",english,"2023-03-14 13:54:38","2023-12-04 19:00:43",CC Token,CC Token
208,4718,208,tokopedia_category_ids,"",bahasa_indonesia,"2023-12-04 19:00:43","2023-12-04 19:00:43",CC Token,CC Token
944,5635,944,meta_description,"Dapatkan informasi Alat Tes Mandiri paling lengkap hanya di Halodoc. Konsultasi obat dengan dokter ? Order obat di Halodoc ? 
#TenangAdaHalodoc",bahasa_indonesia,"2025-06-20 10:17:12","2025-06-20 10:17:12",Dev,Dev
944,5634,944,meta_keywords,Alat Tes Mandiri Halodoc,bahasa_indonesia,"2025-06-20 10:17:12","2025-06-20 10:17:12",Dev,Dev
944,5636,944,name,Alat Tes Mandiri,bahasa_indonesia,"2025-06-20 10:17:12","2025-06-20 10:17:12",Dev,Dev
944,5637,944,name,Self-Test Kits,english,"2025-06-20 10:17:12","2025-06-20 10:17:12",Dev,Dev
376,2165,376,meta_description,Dapatkan informasi Produk Asthma Device & Accessories paling lengkap hanya di Halodoc. Konsultasi obat dengan dokter ? Order obat di Halodoc ? #TenangAdaHalodoc,bahasa_indonesia,"2023-03-14 11:42:46","2023-03-14 11:42:46",Dev,Dev
376,2166,376,meta_keywords,Produk Perangkat & Aksesoris Asma Halodoc,bahasa_indonesia,"2023-03-14 11:42:46","2023-03-14 11:42:46",Dev,Dev
376,2167,376,name,Perangkat & Aksesoris,bahasa_indonesia,"2023-03-14 11:42:46","2023-03-14 11:42:46",Dev,Dev
376,2168,376,name,Device & Accessories,english,"2023-03-14 11:42:46","2023-03-14 11:42:46",Dev,Dev
377,2169,377,meta_description,Dapatkan informasi Produk Asthma Oxygen Cans paling lengkap hanya di Halodoc. Konsultasi obat dengan dokter ? Order obat di Halodoc ? #TenangAdaHalodoc,bahasa_indonesia,"2023-03-14 11:42:46","2023-03-14 11:42:46",Dev,Dev
377,2170,377,meta_keywords,Produk Kaleng Oksigen Asma Halodoc,bahasa_indonesia,"2023-03-14 11:42:46","2023-03-14 11:42:46",Dev,Dev
377,2171,377,name,Kaleng Oksigen,bahasa_indonesia,"2023-03-14 11:42:46","2023-03-14 11:42:46",Dev,Dev
377,2172,377,name,Oxygen Cans,english,"2023-03-14 11:42:46","2023-03-14 11:42:46",Dev,Dev
434,2379,434,meta_description,Dapatkan informasi Produk Beauty & Personal Care Acne Patch & Gel paling lengkap hanya di Halodoc. Konsultasi obat dengan dokter ? Order obat di Halodoc ? #TenangAdaHalodoc,bahasa_indonesia,"2023-03-14 11:56:35","2023-09-13 14:56:12",Dev,CC Token
434,2382,434,meta_keywords,Produk Acne Patch & Gel Kecantikan dan Perawatan Diri Halodoc,bahasa_indonesia,"2023-03-14 11:56:35","2023-09-13 15:49:41",Dev,Dev
434,4163,434,meta_title,Acne Patch & Gel,bahasa_indonesia,"2023-09-13 14:56:12","2023-09-13 14:56:12",CC Token,CC Token
434,2380,434,name,Acne Patch & Gel,bahasa_indonesia,"2023-03-14 11:56:35","2023-09-13 14:56:12",Dev,CC Token
434,2381,434,name,Acne Patch & Gel,english,"2023-03-14 11:56:35","2023-09-13 14:56:12",Dev,CC Token
434,4162,434,seo_url, ,english,"2023-09-13 14:56:12","2023-09-13 14:56:12",CC Token,CC Token
433,2375,433,meta_description,Dapatkan informasi Produk Beauty & Personal Care Treatment paling lengkap hanya di Halodoc. Konsultasi obat dengan dokter ? Order obat di Halodoc ? #TenangAdaHalodoc,bahasa_indonesia,"2023-03-14 11:56:35","2023-09-13 17:00:58",Dev,Dev
433,2378,433,meta_keywords,Produk Perawatan Kecantikan dan Perawatan Diri Halodoc,bahasa_indonesia,"2023-03-14 11:56:35","2023-03-14 11:56:35",Dev,Dev
433,4165,433,meta_title,Treatment,bahasa_indonesia,"2023-09-13 14:57:53","2023-09-13 14:57:53",CC Token,CC Token
433,2376,433,name,Perawatan,bahasa_indonesia,"2023-03-14 11:56:35","2023-09-13 17:00:58",Dev,Dev
433,2377,433,name,Treatment,english,"2023-03-14 11:56:35","2023-03-14 11:56:35",Dev,Dev
433,4164,433,seo_url, ,english,"2023-09-13 14:57:53","2023-09-13 14:57:53",CC Token,CC Token
432,2371,432,meta_description,Dapatkan informasi Produk Beauty & Personal Care Accessories paling lengkap hanya di Halodoc. Konsultasi obat dengan dokter ? Order obat di Halodoc ? #TenangAdaHalodoc,bahasa_indonesia,"2023-03-14 11:56:35","2023-03-14 11:56:35",Dev,Dev
432,2374,432,meta_keywords,Produk Aksesoris Kecantikan dan Perawatan Diri Halodoc,bahasa_indonesia,"2023-03-14 11:56:35","2023-03-14 11:56:35",Dev,Dev
432,2372,432,name,Aksesoris,bahasa_indonesia,"2023-03-14 11:56:35","2023-03-14 11:56:35",Dev,Dev
432,2373,432,name,Accessories,english,"2023-03-14 11:56:35","2023-03-14 11:56:35",Dev,Dev
430,2363,430,meta_description,Dapatkan informasi Produk Beauty & Personal Care Lips paling lengkap hanya di Halodoc. Konsultasi obat dengan dokter ? Order obat di Halodoc ? #TenangAdaHalodoc,bahasa_indonesia,"2023-03-14 11:56:34","2023-03-14 11:56:34",Dev,Dev
430,2366,430,meta_keywords,Produk Bibir Kecantikan dan Perawatan Diri Halodoc,bahasa_indonesia,"2023-03-14 11:56:34","2023-03-14 11:56:34",Dev,Dev
430,4304,430,meta_title,Eye & Lips,bahasa_indonesia,"2023-09-20 15:39:26","2023-09-20 15:39:26",CC Token,CC Token
430,2364,430,name,Mata & Bibir,bahasa_indonesia,"2023-03-14 11:56:34","2023-09-20 15:39:26",Dev,CC Token
430,2365,430,name,Eye & Lips,english,"2023-03-14 11:56:34","2023-09-20 15:39:26",Dev,CC Token
430,4305,430,seo_url, ,english,"2023-09-20 15:39:26","2023-09-20 15:39:26",CC Token,CC Token
429,2359,429,meta_description,Dapatkan informasi Produk Beauty & Personal Care Face paling lengkap hanya di Halodoc. Konsultasi obat dengan dokter ? Order obat di Halodoc ? #TenangAdaHalodoc,bahasa_indonesia,"2023-03-14 11:56:34","2023-03-14 11:56:34",Dev,Dev
429,2362,429,meta_keywords,Produk Wajah Kecantikan dan Perawatan Diri Halodoc,bahasa_indonesia,"2023-03-14 11:56:34","2023-03-14 11:56:34",Dev,Dev
429,2360,429,name,Wajah,bahasa_indonesia,"2023-03-14 11:56:34","2023-03-14 11:56:34",Dev,Dev
429,2361,429,name,Face,english,"2023-03-14 11:56:34","2023-03-14 11:56:34",Dev,Dev
431,2367,431,meta_description,Dapatkan informasi Produk Beauty & Personal Care Nails paling lengkap hanya di Halodoc. Konsultasi obat dengan dokter ? Order obat di Halodoc ? #TenangAdaHalodoc,bahasa_indonesia,"2023-03-14 11:56:34","2023-03-14 11:56:34",Dev,Dev
431,2370,431,meta_keywords,Produk Kuku Kecantikan dan Perawatan Diri Halodoc,bahasa_indonesia,"2023-03-14 11:56:34","2023-03-14 11:56:34",Dev,Dev
431,2368,431,name,Kuku,bahasa_indonesia,"2023-03-14 11:56:34","2023-03-14 11:56:34",Dev,Dev
431,2369,431,name,Nails,english,"2023-03-14 11:56:34","2023-03-14 11:56:34",Dev,Dev
424,2339,424,meta_description,Dapatkan informasi Produk Beauty & Personal Care Body Care paling lengkap hanya di Halodoc. Konsultasi obat dengan dokter ? Order obat di Halodoc ? #TenangAdaHalodoc,bahasa_indonesia,"2023-03-14 11:56:34","2023-03-14 11:56:34",Dev,Dev
424,2342,424,meta_keywords,Produk Perawatan Tubuh Kecantikan dan Perawatan Diri Halodoc,bahasa_indonesia,"2023-03-14 11:56:34","2023-03-14 11:56:34",Dev,Dev
424,2340,424,name,Perawatan Tubuh,bahasa_indonesia,"2023-03-14 11:56:34","2023-03-14 11:56:34",Dev,Dev
424,2341,424,name,Body Care,english,"2023-03-14 11:56:34","2023-03-14 11:56:34",Dev,Dev
426,2347,426,meta_description,Dapatkan informasi Produk Beauty & Personal Care Deo & Fragrances paling lengkap hanya di Halodoc. Konsultasi obat dengan dokter ? Order obat di Halodoc ? #TenangAdaHalodoc,bahasa_indonesia,"2023-03-14 11:56:34","2023-03-14 11:56:34",Dev,Dev
426,2350,426,meta_keywords,Produk Deodoran & Pewangi Kecantikan dan Perawatan Diri Halodoc,bahasa_indonesia,"2023-03-14 11:56:34","2023-03-14 11:56:34",Dev,Dev
426,2348,426,name,Deodoran & Pewangi,bahasa_indonesia,"2023-03-14 11:56:34","2023-03-14 11:56:34",Dev,Dev
426,2349,426,name,Deo & Fragrances,english,"2023-03-14 11:56:34","2023-03-14 11:56:34",Dev,Dev
423,2335,423,meta_description,Dapatkan informasi Produk Beauty & Personal Care Face Care paling lengkap hanya di Halodoc. Konsultasi obat dengan dokter ? Order obat di Halodoc ? #TenangAdaHalodoc,bahasa_indonesia,"2023-03-14 11:56:34","2023-03-14 11:56:34",Dev,Dev
423,2338,423,meta_keywords,Produk Perawatan Wajah Kecantikan dan Perawatan Diri Halodoc,bahasa_indonesia,"2023-03-14 11:56:34","2023-03-14 11:56:34",Dev,Dev
423,2336,423,name,Perawatan Wajah,bahasa_indonesia,"2023-03-14 11:56:34","2023-03-14 11:56:34",Dev,Dev
423,2337,423,name,Face Care,english,"2023-03-14 11:56:34","2023-03-14 11:56:34",Dev,Dev
425,2343,425,meta_description,Dapatkan informasi Produk Beauty & Personal Care Hair Care paling lengkap hanya di Halodoc. Konsultasi obat dengan dokter ? Order obat di Halodoc ? #TenangAdaHalodoc,bahasa_indonesia,"2023-03-14 11:56:34","2023-03-14 11:56:34",Dev,Dev
425,2346,425,meta_keywords,Produk Perawatan Rambut Kecantikan dan Perawatan Diri Halodoc,bahasa_indonesia,"2023-03-14 11:56:34","2023-03-14 11:56:34",Dev,Dev
425,2344,425,name,Perawatan Rambut,bahasa_indonesia,"2023-03-14 11:56:34","2023-03-14 11:56:34",Dev,Dev
425,2345,425,name,Hair Care,english,"2023-03-14 11:56:34","2023-03-14 11:56:34",Dev,Dev
428,2355,428,meta_description,Dapatkan informasi Produk Beauty & Personal Care Miscellaneous paling lengkap hanya di Halodoc. Konsultasi obat dengan dokter ? Order obat di Halodoc ? #TenangAdaHalodoc,bahasa_indonesia,"2023-03-14 11:56:34","2023-03-14 11:56:34",Dev,Dev
428,2358,428,meta_keywords,Produk Lainnya Kecantikan dan Perawatan Diri Halodoc,bahasa_indonesia,"2023-03-14 11:56:34","2023-03-14 11:56:34",Dev,Dev
428,2356,428,name,Lainnya,bahasa_indonesia,"2023-03-14 11:56:34","2023-03-14 11:56:34",Dev,Dev
428,2357,428,name,Miscellaneous,english,"2023-03-14 11:56:34","2023-03-14 11:56:34",Dev,Dev
427,2351,427,meta_description,Dapatkan informasi Produk Beauty & Personal Care Razor & Blades paling lengkap hanya di Halodoc. Konsultasi obat dengan dokter ? Order obat di Halodoc ? #TenangAdaHalodoc,bahasa_indonesia,"2023-03-14 11:56:34","2023-03-14 11:56:34",Dev,Dev
427,2354,427,meta_keywords,Produk Pisau Cukur Kecantikan dan Perawatan Diri Halodoc,bahasa_indonesia,"2023-03-14 11:56:34","2023-03-14 11:56:34",Dev,Dev
427,2352,427,name,Pisau Cukur,bahasa_indonesia,"2023-03-14 11:56:34","2023-03-14 11:56:34",Dev,Dev
427,2353,427,name,Razor & Blades,english,"2023-03-14 11:56:34","2023-03-14 11:56:34",Dev,Dev
414,2299,414,meta_description,"Dapatkan informasi Produk Beauty & Personal Care Bath, Hair & Dental paling lengkap hanya di Halodoc. Konsultasi obat dengan dokter ? Order obat di Halodoc ? #TenangAdaHalodoc",bahasa_indonesia,"2023-03-14 11:56:34","2023-03-14 11:56:34",Dev,Dev
414,2302,414,meta_keywords,"Produk Badan, Gigi, Rambut Kecantikan dan Perawatan Diri Halodoc",bahasa_indonesia,"2023-03-14 11:56:34","2023-03-14 11:56:34",Dev,Dev
414,2300,414,name,"Badan, Gigi, Rambut",bahasa_indonesia,"2023-03-14 11:56:34","2023-03-14 11:56:34",Dev,Dev
414,2301,414,name,"Bath, Hair & Dental",english,"2023-03-14 11:56:34","2023-03-14 11:56:34",Dev,Dev
416,2307,416,meta_description,Dapatkan informasi Produk Beauty & Personal Care Deo & Fragrance paling lengkap hanya di Halodoc. Konsultasi obat dengan dokter ? Order obat di Halodoc ? #TenangAdaHalodoc,bahasa_indonesia,"2023-03-14 11:56:34","2023-03-14 11:56:34",Dev,Dev
416,2310,416,meta_keywords,Produk Deodoran & Pewangi Kecantikan dan Perawatan Diri Halodoc,bahasa_indonesia,"2023-03-14 11:56:34","2023-03-14 11:56:34",Dev,Dev
416,2308,416,name,Deodoran & Pewangi,bahasa_indonesia,"2023-03-14 11:56:34","2023-03-14 11:56:34",Dev,Dev
416,2309,416,name,Deo & Fragrance,english,"2023-03-14 11:56:34","2023-03-14 11:56:34",Dev,Dev
417,2311,417,meta_description,Dapatkan informasi Produk Beauty & Personal Care Disposables paling lengkap hanya di Halodoc. Konsultasi obat dengan dokter ? Order obat di Halodoc ? #TenangAdaHalodoc,bahasa_indonesia,"2023-03-14 11:56:34","2023-03-14 11:56:34",Dev,Dev
417,2314,417,meta_keywords,Produk Produk Sekali Pakai Kecantikan dan Perawatan Diri Halodoc,bahasa_indonesia,"2023-03-14 11:56:34","2023-03-14 11:56:34",Dev,Dev
417,2312,417,name,Produk Sekali Pakai,bahasa_indonesia,"2023-03-14 11:56:34","2023-03-14 11:56:34",Dev,Dev
417,2313,417,name,Disposables,english,"2023-03-14 11:56:34","2023-03-14 11:56:34",Dev,Dev
415,2303,415,meta_description,"Temukan berbagai macam jenis obat dan vitamin berdasarkan Kategori Feminine Care. Ketahui juga manfaat, dosis, cara konsumsi, aturan pakai dan efek samping obat dan vitamin di Halodoc.",bahasa_indonesia,"2023-03-14 11:56:34","2023-08-10 16:59:47",Dev,Dev
415,2306,415,meta_keywords,Produk Perawatan Kewanitaan Kecantikan dan Perawatan Diri Halodoc,bahasa_indonesia,"2023-03-14 11:56:34","2023-03-14 11:56:34",Dev,Dev
415,2304,415,name,Perawatan Kewanitaan,bahasa_indonesia,"2023-03-14 11:56:34","2023-03-14 11:56:34",Dev,Dev
415,2305,415,name,Feminine Care,english,"2023-03-14 11:56:34","2023-03-14 11:56:34",Dev,Dev
418,2315,418,meta_description,Dapatkan informasi Produk Beauty & Personal Care Hand Wash & Sanitizers paling lengkap hanya di Halodoc. Konsultasi obat dengan dokter ? Order obat di Halodoc ? #TenangAdaHalodoc,bahasa_indonesia,"2023-03-14 11:56:34","2023-03-14 11:56:34",Dev,Dev
418,2318,418,meta_keywords,Produk Perawatan Tangan Kecantikan dan Perawatan Diri Halodoc,bahasa_indonesia,"2023-03-14 11:56:34","2023-03-14 11:56:34",Dev,Dev
418,2316,418,name,Perawatan Tangan,bahasa_indonesia,"2023-03-14 11:56:34","2023-03-14 11:56:34",Dev,Dev
418,2317,418,name,Hand Wash & Sanitizers,english,"2023-03-14 11:56:34","2023-03-14 11:56:34",Dev,Dev
419,2319,419,meta_description,Dapatkan informasi Produk Beauty & Personal Care Miscellaneous paling lengkap hanya di Halodoc. Konsultasi obat dengan dokter ? Order obat di Halodoc ? #TenangAdaHalodoc,bahasa_indonesia,"2023-03-14 11:56:34","2023-03-14 11:56:34",Dev,Dev
419,2322,419,meta_keywords,Produk Lainnya Kecantikan dan Perawatan Diri Halodoc,bahasa_indonesia,"2023-03-14 11:56:34","2023-03-14 11:56:34",Dev,Dev
419,2320,419,name,Lainnya,bahasa_indonesia,"2023-03-14 11:56:34","2023-03-14 11:56:34",Dev,Dev
419,2321,419,name,Miscellaneous,english,"2023-03-14 11:56:34","2023-03-14 11:56:34",Dev,Dev
422,2331,422,meta_description,Dapatkan informasi Produk Beauty & Personal Care Acne Care paling lengkap hanya di Halodoc. Konsultasi obat dengan dokter ? Order obat di Halodoc ? #TenangAdaHalodoc,bahasa_indonesia,"2023-03-14 11:56:34","2023-03-14 11:56:34",Dev,Dev
422,2334,422,meta_keywords,Produk Perawatan Kulit Berjerawat Kecantikan dan Perawatan Diri Halodoc,bahasa_indonesia,"2023-03-14 11:56:34","2023-03-14 11:56:34",Dev,Dev
422,2332,422,name,Perawatan Kulit Berjerawat,bahasa_indonesia,"2023-03-14 11:56:34","2023-03-14 11:56:34",Dev,Dev
422,2333,422,name,Acne Care,english,"2023-03-14 11:56:34","2023-03-14 11:56:34",Dev,Dev
421,2327,421,meta_description,Temukan Produk Beauty dan Perawatan Tubuh paling lengkap hanya di Halodoc. Konsultasi obat dengan dokter ? Order obat di Halodoc ? #TenangMenjaga,bahasa_indonesia,"2023-03-14 11:56:34","2023-08-10 16:59:48",Dev,Dev
421,2330,421,meta_keywords,Produk Perawatan Tubuh Kecantikan dan Perawatan Diri Halodoc,bahasa_indonesia,"2023-03-14 11:56:34","2023-03-14 11:56:34",Dev,Dev
421,2328,421,name,Perawatan Tubuh,bahasa_indonesia,"2023-03-14 11:56:34","2023-03-14 11:56:34",Dev,Dev
421,2329,421,name,Body Care,english,"2023-03-14 11:56:34","2023-03-14 11:56:34",Dev,Dev
420,2323,420,meta_description,Temukan Produk Beauty dan Perawatan Wajah paling lengkap hanya di Halodoc. Konsultasi obat dengan dokter ? Order obat di Halodoc ? #TenangMenjaga,bahasa_indonesia,"2023-03-14 11:56:34","2023-08-10 16:59:48",Dev,Dev
420,2326,420,meta_keywords,Produk Perawatan Wajah Kecantikan dan Perawatan Diri Halodoc,bahasa_indonesia,"2023-03-14 11:56:34","2023-03-14 11:56:34",Dev,Dev
420,2324,420,name,Perawatan Wajah,bahasa_indonesia,"2023-03-14 11:56:34","2023-03-14 11:56:34",Dev,Dev
420,2325,420,name,Face Care,english,"2023-03-14 11:56:34","2023-03-14 11:56:34",Dev,Dev
381,2190,381,meta_description,Dapatkan informasi Produk Contact Lenses Contact Lens Minus paling lengkap hanya di Halodoc. Konsultasi obat dengan dokter ? Order obat di Halodoc ? #TenangAdaHalodoc,bahasa_indonesia,"2023-03-14 11:43:49","2023-03-14 11:43:49",Dev,Dev
381,2187,381,meta_keywords,Produk Lensa Kontak Minus Lensa Kontak Halodoc,bahasa_indonesia,"2023-03-14 11:43:49","2023-03-14 11:43:49",Dev,Dev
381,2188,381,name,Lensa Kontak Minus,bahasa_indonesia,"2023-03-14 11:43:49","2023-03-14 11:43:49",Dev,Dev
381,2189,381,name,Contact Lens Minus,english,"2023-03-14 11:43:49","2023-03-14 11:43:49",Dev,Dev
382,2194,382,meta_description,Dapatkan informasi Produk Contact Lenses Contact Lens Plano paling lengkap hanya di Halodoc. Konsultasi obat dengan dokter ? Order obat di Halodoc ? #TenangAdaHalodoc,bahasa_indonesia,"2023-03-14 11:43:49","2023-03-14 11:43:49",Dev,Dev
382,2191,382,meta_keywords,Produk Lensa Kontak Plano Lensa Kontak Halodoc,bahasa_indonesia,"2023-03-14 11:43:49","2023-03-14 11:43:49",Dev,Dev
382,2192,382,name,Lensa Kontak Plano,bahasa_indonesia,"2023-03-14 11:43:49","2023-03-14 11:43:49",Dev,Dev
382,2193,382,name,Contact Lens Plano,english,"2023-03-14 11:43:49","2023-03-14 11:43:49",Dev,Dev
201,1461,201,meta_description,Dapatkan informasi Produk Covid Masks & Protective Gear paling lengkap hanya di Halodoc. Konsultasi obat dengan dokter ? Order obat di Halodoc ? #TenangAdaHalodoc,bahasa_indonesia,"2023-03-14 11:06:00","2023-03-14 11:06:00",Dev,Dev
201,1458,201,meta_keywords,Produk Masker Covid Halodoc,bahasa_indonesia,"2023-03-14 11:06:00","2023-03-14 11:06:00",Dev,Dev
201,2420,201,meta_title,Supplements & Herbal,bahasa_indonesia,"2023-03-14 13:52:33","2023-03-14 13:52:33",CC Token,CC Token
201,1459,201,name,Masker & Pelindung,bahasa_indonesia,"2023-03-14 11:06:00","2023-03-14 11:06:00",Dev,Dev
201,1460,201,name,Masks & Protective Gear,english,"2023-03-14 11:06:00","2023-03-14 11:06:00",Dev,Dev
201,2419,201,seo_url, ,english,"2023-03-14 13:52:33","2023-03-14 13:52:33",CC Token,CC Token
204,1473,204,meta_description,Dapatkan informasi Produk Covid Oxygen paling lengkap hanya di Halodoc. Konsultasi obat dengan dokter ? Order obat di Halodoc ? #TenangAdaHalodoc,bahasa_indonesia,"2023-03-14 11:06:00","2023-03-14 11:06:00",Dev,Dev
204,1470,204,meta_keywords,Produk Oksigen Covid Halodoc,bahasa_indonesia,"2023-03-14 11:06:00","2023-03-14 11:06:00",Dev,Dev
204,1471,204,name,Kaleng Oksigen,bahasa_indonesia,"2023-03-14 11:06:00","2023-03-14 11:06:00",Dev,Dev
204,1472,204,name,Oxygen Cans,english,"2023-03-14 11:06:00","2023-03-14 11:06:00",Dev,Dev
206,1481,206,meta_description,Dapatkan informasi Produk Covid Oximeter paling lengkap hanya di Halodoc. Konsultasi obat dengan dokter ? Order obat di Halodoc ? #TenangAdaHalodoc,bahasa_indonesia,"2023-03-14 11:06:00","2023-03-14 11:06:00",Dev,Dev
206,1478,206,meta_keywords,Produk Oximeter Covid Halodoc,bahasa_indonesia,"2023-03-14 11:06:00","2023-03-14 11:06:00",Dev,Dev
206,1479,206,name,Oximeter,bahasa_indonesia,"2023-03-14 11:06:00","2023-03-14 11:06:00",Dev,Dev
206,1480,206,name,Oximeter,english,"2023-03-14 11:06:00","2023-03-14 11:06:00",Dev,Dev
202,1465,202,meta_description,Dapatkan informasi Produk Covid Sanitizers & Antiseptics paling lengkap hanya di Halodoc. Konsultasi obat dengan dokter ? Order obat di Halodoc ? #TenangAdaHalodoc,bahasa_indonesia,"2023-03-14 11:06:00","2023-03-14 11:06:00",Dev,Dev
202,1462,202,meta_keywords,Produk Sanitizer Covid Halodoc,bahasa_indonesia,"2023-03-14 11:06:00","2023-03-14 11:06:00",Dev,Dev
202,1463,202,name,Sanitizer & Antiseptik,bahasa_indonesia,"2023-03-14 11:06:00","2023-03-14 11:06:00",Dev,Dev
202,1464,202,name,Sanitizers & Antiseptics,english,"2023-03-14 11:06:00","2023-03-14 11:06:00",Dev,Dev
203,1469,203,meta_description,Dapatkan informasi Produk Covid Self-Test Kits paling lengkap hanya di Halodoc. Konsultasi obat dengan dokter ? Order obat di Halodoc ? #TenangAdaHalodoc,bahasa_indonesia,"2023-03-14 11:06:00","2023-03-14 11:06:00",Dev,Dev
203,1466,203,meta_keywords,Produk Alat Tes Mandiri Covid Halodoc,bahasa_indonesia,"2023-03-14 11:06:00","2023-03-14 11:06:00",Dev,Dev
203,1467,203,name,Alat Tes Mandiri,bahasa_indonesia,"2023-03-14 11:06:00","2023-03-14 11:06:00",Dev,Dev
203,1468,203,name,Self-Test Kits,english,"2023-03-14 11:06:00","2023-03-14 11:06:00",Dev,Dev
200,1457,200,meta_description,Dapatkan informasi Produk Covid Supplements & Herbal paling lengkap hanya di Halodoc. Konsultasi obat dengan dokter ? Order obat di Halodoc ? #TenangAdaHalodoc,bahasa_indonesia,"2023-03-14 11:05:59","2023-03-14 11:05:59",Dev,Dev
200,1454,200,meta_keywords,Produk Suplemen Covid Halodoc,bahasa_indonesia,"2023-03-14 11:05:59","2023-03-14 11:05:59",Dev,Dev
200,2417,200,meta_title,Supplements & Herbal,bahasa_indonesia,"2023-03-14 13:51:33","2023-03-14 13:51:33",CC Token,CC Token
200,1455,200,name,Suplemen & Herbal,bahasa_indonesia,"2023-03-14 11:05:59","2023-03-14 11:05:59",Dev,Dev
200,1456,200,name,Supplements & Herbal,english,"2023-03-14 11:05:59","2023-03-14 11:05:59",Dev,Dev
200,2418,200,seo_url, ,english,"2023-03-14 13:51:33","2023-03-14 13:51:33",CC Token,CC Token
205,1477,205,meta_description,Dapatkan informasi Produk Covid Thermometer paling lengkap hanya di Halodoc. Konsultasi obat dengan dokter ? Order obat di Halodoc ? #TenangAdaHalodoc,bahasa_indonesia,"2023-03-14 11:06:00","2023-03-14 11:06:00",Dev,Dev
205,1474,205,meta_keywords,Produk Thermometer Covid Halodoc,bahasa_indonesia,"2023-03-14 11:06:00","2023-03-14 11:06:00",Dev,Dev
205,1475,205,name,Termometer,bahasa_indonesia,"2023-03-14 11:06:00","2023-03-14 11:06:00",Dev,Dev
205,1476,205,name,Thermometer,english,"2023-03-14 11:06:00","2023-03-14 11:06:00",Dev,Dev
199,1453,199,meta_description,Dapatkan informasi Produk Covid Treatments paling lengkap hanya di Halodoc. Konsultasi obat dengan dokter Order obat di Halodoc  #TenangAdaHalodoc,bahasa_indonesia,"2023-03-14 11:05:59","2023-04-17 16:20:04",Dev,CC Token
199,1450,199,meta_keywords,Produk Covid Treatments Halodoc,bahasa_indonesia,"2023-03-14 11:05:59","2023-04-17 16:20:04",Dev,CC Token
199,2416,199,meta_title,Covid Treatments,bahasa_indonesia,"2023-03-14 13:50:37","2023-04-17 16:20:04",CC Token,CC Token
199,1451,199,name,Pengobatan Covid,bahasa_indonesia,"2023-03-14 11:05:59","2023-04-17 16:20:04",Dev,CC Token
199,1452,199,name,Covid Treatments,english,"2023-03-14 11:05:59","2023-04-17 16:20:04",Dev,CC Token
199,2415,199,seo_url, ,english,"2023-03-14 13:50:37","2023-03-14 13:50:37",CC Token,CC Token
327,1972,327,meta_description,Dapatkan informasi Produk Devices & Equipment Antiseptics & Disinfectants paling lengkap hanya di Halodoc. Konsultasi obat dengan dokter ? Order obat di Halodoc ? #TenangAdaHalodoc,bahasa_indonesia,"2023-03-14 11:31:07","2023-03-14 11:31:07",Dev,Dev
327,1974,327,meta_keywords,"Produk Antiseptik & Disinfektan Alat Kesehatan, Bahan Medis Habis Pakai Halodoc",bahasa_indonesia,"2023-03-14 11:31:07","2023-03-14 11:31:07",Dev,Dev
327,1975,327,name,Antiseptik & Disinfektan,bahasa_indonesia,"2023-03-14 11:31:07","2023-03-14 11:31:07",Dev,Dev
327,1973,327,name,Antiseptics & Disinfectants,english,"2023-03-14 11:31:07","2023-03-14 11:31:07",Dev,Dev
326,1968,326,meta_description,Dapatkan informasi Produk Devices & Equipment Protective Equipment paling lengkap hanya di Halodoc. Konsultasi obat dengan dokter ? Order obat di Halodoc ? #TenangAdaHalodoc,bahasa_indonesia,"2023-03-14 11:31:07","2023-03-14 11:31:07",Dev,Dev
326,1970,326,meta_keywords,"Produk Pelindung Alat Kesehatan, Bahan Medis Habis Pakai Halodoc",bahasa_indonesia,"2023-03-14 11:31:07","2023-03-14 11:31:07",Dev,Dev
326,1971,326,name,Pelindung,bahasa_indonesia,"2023-03-14 11:31:07","2023-03-14 11:31:07",Dev,Dev
326,1969,326,name,Protective Equipment,english,"2023-03-14 11:31:07","2023-03-14 11:31:07",Dev,Dev
340,2027,340,meta_description,"Temukan berbagai macam jenis obat dan vitamin berdasarkan Kategori Antiseptik. Ketahui juga manfaat, dosis, cara konsumsi, aturan pakai dan efek samping obat dan vitamin di Halodoc.",bahasa_indonesia,"2023-03-14 11:31:08","2023-08-10 16:59:48",Dev,Dev
340,2024,340,meta_keywords,"Produk Antiseptik Alat Kesehatan, Bahan Medis Habis Pakai Halodoc",bahasa_indonesia,"2023-03-14 11:31:08","2023-03-14 11:31:08",Dev,Dev
340,2025,340,name,Antiseptik,bahasa_indonesia,"2023-03-14 11:31:08","2023-03-14 11:31:08",Dev,Dev
340,2026,340,name,Antiseptics,english,"2023-03-14 11:31:08","2023-03-14 11:31:08",Dev,Dev
341,2031,341,meta_description,Dapatkan informasi Produk Devices & Equipment Bandages paling lengkap hanya di Halodoc. Konsultasi obat dengan dokter ? Order obat di Halodoc ? #TenangAdaHalodoc,bahasa_indonesia,"2023-03-14 11:31:08","2023-03-14 11:31:08",Dev,Dev
341,2028,341,meta_keywords,"Produk Perban Alat Kesehatan, Bahan Medis Habis Pakai Halodoc",bahasa_indonesia,"2023-03-14 11:31:08","2023-03-14 11:31:08",Dev,Dev
341,2029,341,name,Perban,bahasa_indonesia,"2023-03-14 11:31:08","2023-03-14 11:31:08",Dev,Dev
341,2030,341,name,Bandages,english,"2023-03-14 11:31:08","2023-03-14 11:31:08",Dev,Dev
342,2035,342,meta_description,Dapatkan informasi Produk Devices & Equipment Wound Care paling lengkap hanya di Halodoc. Konsultasi obat dengan dokter ? Order obat di Halodoc ? #TenangAdaHalodoc,bahasa_indonesia,"2023-03-14 11:31:08","2023-03-14 11:31:08",Dev,Dev
342,2032,342,meta_keywords,"Produk Perawatan Luka Alat Kesehatan, Bahan Medis Habis Pakai Halodoc",bahasa_indonesia,"2023-03-14 11:31:08","2023-03-14 11:31:08",Dev,Dev
342,2033,342,name,Perawatan Luka,bahasa_indonesia,"2023-03-14 11:31:08","2023-03-14 11:31:08",Dev,Dev
342,2034,342,name,Wound Care,english,"2023-03-14 11:31:08","2023-03-14 11:31:08",Dev,Dev
347,2055,347,meta_description,Dapatkan informasi Produk Devices & Equipment Accessories paling lengkap hanya di Halodoc. Konsultasi obat dengan dokter ? Order obat di Halodoc ? #TenangAdaHalodoc,bahasa_indonesia,"2023-03-14 11:31:08","2023-03-14 11:31:08",Dev,Dev
347,2052,347,meta_keywords,"Produk Aksesoris Alat Kesehatan, Bahan Medis Habis Pakai Halodoc",bahasa_indonesia,"2023-03-14 11:31:08","2023-03-14 11:31:08",Dev,Dev
347,2053,347,name,Aksesoris,bahasa_indonesia,"2023-03-14 11:31:08","2023-03-14 11:31:08",Dev,Dev
347,2054,347,name,Accessories,english,"2023-03-14 11:31:08","2023-03-14 11:31:08",Dev,Dev
346,2051,346,meta_description,Dapatkan informasi Produk Devices & Equipment Hearing aids paling lengkap hanya di Halodoc. Konsultasi obat dengan dokter ? Order obat di Halodoc ? #TenangAdaHalodoc,bahasa_indonesia,"2023-03-14 11:31:08","2023-03-14 11:31:08",Dev,Dev
346,2048,346,meta_keywords,"Produk Alat Bantu Dengar Alat Kesehatan, Bahan Medis Habis Pakai Halodoc",bahasa_indonesia,"2023-03-14 11:31:08","2023-03-14 11:31:08",Dev,Dev
346,2049,346,name,Alat Bantu Dengar,bahasa_indonesia,"2023-03-14 11:31:08","2023-03-14 11:31:08",Dev,Dev
346,2050,346,name,Hearing aids,english,"2023-03-14 11:31:08","2023-03-14 11:31:08",Dev,Dev
333,1996,333,meta_description,Dapatkan informasi Produk Devices & Equipment BP Monitors paling lengkap hanya di Halodoc. Konsultasi obat dengan dokter ? Order obat di Halodoc ? #TenangAdaHalodoc,bahasa_indonesia,"2023-03-14 11:31:08","2023-03-14 11:31:08",Dev,Dev
333,1998,333,meta_keywords,"Produk Pengukur Tekanan Darah Alat Kesehatan, Bahan Medis Habis Pakai Halodoc",bahasa_indonesia,"2023-03-14 11:31:08","2023-03-14 11:31:08",Dev,Dev
333,1999,333,name,Pengukur Tekanan Darah,bahasa_indonesia,"2023-03-14 11:31:08","2023-03-14 11:31:08",Dev,Dev
333,1997,333,name,BP Monitors,english,"2023-03-14 11:31:08","2023-03-14 11:31:08",Dev,Dev
334,2000,334,meta_description,Dapatkan informasi Produk Devices & Equipment Glucose Tests paling lengkap hanya di Halodoc. Konsultasi obat dengan dokter ? Order obat di Halodoc ? #TenangAdaHalodoc,bahasa_indonesia,"2023-03-14 11:31:08","2023-03-14 11:31:08",Dev,Dev
334,2002,334,meta_keywords,"Produk Tes Gula Darah Alat Kesehatan, Bahan Medis Habis Pakai Halodoc",bahasa_indonesia,"2023-03-14 11:31:08","2023-03-14 11:31:08",Dev,Dev
334,2003,334,name,Tes Gula Darah,bahasa_indonesia,"2023-03-14 11:31:08","2023-03-14 11:31:08",Dev,Dev
334,2001,334,name,Glucose Tests,english,"2023-03-14 11:31:08","2023-03-14 11:31:08",Dev,Dev
336,2008,336,meta_description,Dapatkan informasi Produk Devices & Equipment Miscellaneous paling lengkap hanya di Halodoc. Konsultasi obat dengan dokter ? Order obat di Halodoc ? #TenangAdaHalodoc,bahasa_indonesia,"2023-03-14 11:31:08","2023-03-14 11:31:08",Dev,Dev
336,2010,336,meta_keywords,"Produk Lainnya Alat Kesehatan, Bahan Medis Habis Pakai Halodoc",bahasa_indonesia,"2023-03-14 11:31:08","2023-03-14 11:31:08",Dev,Dev
336,2011,336,name,Lainnya,bahasa_indonesia,"2023-03-14 11:31:08","2023-03-14 11:31:08",Dev,Dev
336,2009,336,name,Miscellaneous,english,"2023-03-14 11:31:08","2023-03-14 11:31:08",Dev,Dev
332,1992,332,meta_description,Dapatkan informasi Produk Devices & Equipment Oximeters paling lengkap hanya di Halodoc. Konsultasi obat dengan dokter ? Order obat di Halodoc ? #TenangAdaHalodoc,bahasa_indonesia,"2023-03-14 11:31:08","2023-03-14 11:31:08",Dev,Dev
332,1994,332,meta_keywords,"Produk Oksimeter Alat Kesehatan, Bahan Medis Habis Pakai Halodoc",bahasa_indonesia,"2023-03-14 11:31:08","2023-03-14 11:31:08",Dev,Dev
332,1995,332,name,Oksimeter,bahasa_indonesia,"2023-03-14 11:31:08","2023-03-14 11:31:08",Dev,Dev
332,1993,332,name,Oximeters,english,"2023-03-14 11:31:08","2023-03-14 11:31:08",Dev,Dev
331,1988,331,meta_description,Dapatkan informasi Produk Devices & Equipment Thermometers paling lengkap hanya di Halodoc. Konsultasi obat dengan dokter ? Order obat di Halodoc ? #TenangAdaHalodoc,bahasa_indonesia,"2023-03-14 11:31:08","2023-03-14 11:31:08",Dev,Dev
331,1990,331,meta_keywords,"Produk Termometer Alat Kesehatan, Bahan Medis Habis Pakai Halodoc",bahasa_indonesia,"2023-03-14 11:31:08","2023-03-14 11:31:08",Dev,Dev
331,1991,331,name,Termometer,bahasa_indonesia,"2023-03-14 11:31:08","2023-03-14 11:31:08",Dev,Dev
331,1989,331,name,Thermometers,english,"2023-03-14 11:31:08","2023-03-14 11:31:08",Dev,Dev
335,2004,335,meta_description,Dapatkan informasi Produk Devices & Equipment Weighing Scales paling lengkap hanya di Halodoc. Konsultasi obat dengan dokter ? Order obat di Halodoc ? #TenangAdaHalodoc,bahasa_indonesia,"2023-03-14 11:31:08","2023-03-14 11:31:08",Dev,Dev
335,2006,335,meta_keywords,"Produk Timbangan Alat Kesehatan, Bahan Medis Habis Pakai Halodoc",bahasa_indonesia,"2023-03-14 11:31:08","2023-03-14 11:31:08",Dev,Dev
335,2007,335,name,Timbangan,bahasa_indonesia,"2023-03-14 11:31:08","2023-03-14 11:31:08",Dev,Dev
335,2005,335,name,Weighing Scales,english,"2023-03-14 11:31:08","2023-03-14 11:31:08",Dev,Dev
349,2063,349,meta_description,Dapatkan informasi Produk Devices & Equipment Circumcision Pants paling lengkap hanya di Halodoc. Konsultasi obat dengan dokter ? Order obat di Halodoc ? #TenangAdaHalodoc,bahasa_indonesia,"2023-03-14 11:31:08","2023-03-14 11:31:08",Dev,Dev
349,2060,349,meta_keywords,"Produk Celana Sunat Alat Kesehatan, Bahan Medis Habis Pakai Halodoc",bahasa_indonesia,"2023-03-14 11:31:08","2023-03-14 11:31:08",Dev,Dev
349,2061,349,name,Celana Sunat,bahasa_indonesia,"2023-03-14 11:31:08","2023-03-14 11:31:08",Dev,Dev
349,2062,349,name,Circumcision Pants,english,"2023-03-14 11:31:08","2023-03-14 11:31:08",Dev,Dev
352,2075,352,meta_description,Dapatkan informasi Produk Devices & Equipment Miscellaneous paling lengkap hanya di Halodoc. Konsultasi obat dengan dokter ? Order obat di Halodoc ? #TenangAdaHalodoc,bahasa_indonesia,"2023-03-14 11:31:08","2023-03-14 11:31:08",Dev,Dev
352,2072,352,meta_keywords,"Produk Lainnya Alat Kesehatan, Bahan Medis Habis Pakai Halodoc",bahasa_indonesia,"2023-03-14 11:31:08","2023-03-14 11:31:08",Dev,Dev
352,2073,352,name,Lainnya,bahasa_indonesia,"2023-03-14 11:31:08","2023-03-14 11:31:08",Dev,Dev
352,2074,352,name,Miscellaneous,english,"2023-03-14 11:31:08","2023-03-14 11:31:08",Dev,Dev
351,2071,351,meta_description,Dapatkan informasi Produk Devices & Equipment Mobility Aids paling lengkap hanya di Halodoc. Konsultasi obat dengan dokter ? Order obat di Halodoc ? #TenangAdaHalodoc,bahasa_indonesia,"2023-03-14 11:31:08","2023-03-14 11:31:08",Dev,Dev
351,2068,351,meta_keywords,"Produk Alat Bantu Mobilitas Alat Kesehatan, Bahan Medis Habis Pakai Halodoc",bahasa_indonesia,"2023-03-14 11:31:08","2023-03-14 11:31:08",Dev,Dev
351,2069,351,name,Alat Bantu Mobilitas,bahasa_indonesia,"2023-03-14 11:31:08","2023-03-14 11:31:08",Dev,Dev
351,2070,351,name,Mobility Aids,english,"2023-03-14 11:31:08","2023-03-14 11:31:08",Dev,Dev
350,2067,350,meta_description,Dapatkan informasi Produk Devices & Equipment Underpad & Adult Diapers paling lengkap hanya di Halodoc. Konsultasi obat dengan dokter ? Order obat di Halodoc ? #TenangAdaHalodoc,bahasa_indonesia,"2023-03-14 11:31:08","2023-03-14 11:31:08",Dev,Dev
350,2064,350,meta_keywords,"Produk Perlak & Popok Dewasa Alat Kesehatan, Bahan Medis Habis Pakai Halodoc",bahasa_indonesia,"2023-03-14 11:31:08","2023-03-14 11:31:08",Dev,Dev
350,2065,350,name,Perlak & Popok Dewasa,bahasa_indonesia,"2023-03-14 11:31:08","2023-03-14 11:31:08",Dev,Dev
350,2066,350,name,Underpad & Adult Diapers,english,"2023-03-14 11:31:08","2023-03-14 11:31:08",Dev,Dev
348,2059,348,meta_description,Dapatkan informasi Produk Devices & Equipment Urinals paling lengkap hanya di Halodoc. Konsultasi obat dengan dokter ? Order obat di Halodoc ? #TenangAdaHalodoc,bahasa_indonesia,"2023-03-14 11:31:08","2023-03-14 11:31:08",Dev,Dev
348,2056,348,meta_keywords,"Produk Urinal Alat Kesehatan, Bahan Medis Habis Pakai Halodoc",bahasa_indonesia,"2023-03-14 11:31:08","2023-03-14 11:31:08",Dev,Dev
348,2057,348,name,Urinal,bahasa_indonesia,"2023-03-14 11:31:08","2023-03-14 11:31:08",Dev,Dev
348,2058,348,name,Urinals,english,"2023-03-14 11:31:08","2023-03-14 11:31:08",Dev,Dev
329,1980,329,meta_description,Dapatkan informasi Produk Devices & Equipment Covid-19 paling lengkap hanya di Halodoc. Konsultasi obat dengan dokter ? Order obat di Halodoc ? #TenangAdaHalodoc,bahasa_indonesia,"2023-03-14 11:31:08","2023-03-14 11:31:08",Dev,Dev
329,1982,329,meta_keywords,"Produk Covid-19 Alat Kesehatan, Bahan Medis Habis Pakai Halodoc",bahasa_indonesia,"2023-03-14 11:31:08","2023-03-14 11:31:08",Dev,Dev
329,1983,329,name,Covid-19,bahasa_indonesia,"2023-03-14 11:31:08","2023-03-14 11:31:08",Dev,Dev
329,1981,329,name,Covid-19,english,"2023-03-14 11:31:08","2023-03-14 11:31:08",Dev,Dev
330,1984,330,meta_description,Dapatkan informasi Produk Devices & Equipment Miscellaneous paling lengkap hanya di Halodoc. Konsultasi obat dengan dokter ? Order obat di Halodoc ? #TenangAdaHalodoc,bahasa_indonesia,"2023-03-14 11:31:08","2023-03-14 11:31:08",Dev,Dev
330,1986,330,meta_keywords,"Produk Lainnya Alat Kesehatan, Bahan Medis Habis Pakai Halodoc",bahasa_indonesia,"2023-03-14 11:31:08","2023-03-14 11:31:08",Dev,Dev
330,1987,330,name,Lainnya,bahasa_indonesia,"2023-03-14 11:31:08","2023-03-14 11:31:08",Dev,Dev
330,1985,330,name,Miscellaneous,english,"2023-03-14 11:31:08","2023-03-14 11:31:08",Dev,Dev
328,1976,328,meta_description,Dapatkan informasi Produk Devices & Equipment Fertility & Pregnancy paling lengkap hanya di Halodoc. Konsultasi obat dengan dokter ? Order obat di Halodoc ? #TenangAdaHalodoc,bahasa_indonesia,"2023-03-14 11:31:07","2023-03-14 11:31:07",Dev,Dev
328,1978,328,meta_keywords,"Produk Kesuburan & Kehamilan Alat Kesehatan, Bahan Medis Habis Pakai Halodoc",bahasa_indonesia,"2023-03-14 11:31:07","2023-03-14 11:31:07",Dev,Dev
328,1979,328,name,Kesuburan & Kehamilan,bahasa_indonesia,"2023-03-14 11:31:07","2023-03-14 11:31:07",Dev,Dev
328,1977,328,name,Fertility & Pregnancy,english,"2023-03-14 11:31:07","2023-03-14 11:31:07",Dev,Dev
343,2039,343,meta_description,Dapatkan informasi Produk Devices & Equipment Braces paling lengkap hanya di Halodoc. Konsultasi obat dengan dokter ? Order obat di Halodoc ? #TenangAdaHalodoc,bahasa_indonesia,"2023-03-14 11:31:08","2023-03-14 11:31:08",Dev,Dev
343,2036,343,meta_keywords,"Produk Pelindung Lutut Alat Kesehatan, Bahan Medis Habis Pakai Halodoc",bahasa_indonesia,"2023-03-14 11:31:08","2023-03-14 11:31:08",Dev,Dev
343,2037,343,name,Pelindung Lutut,bahasa_indonesia,"2023-03-14 11:31:08","2023-03-14 11:31:08",Dev,Dev
343,2038,343,name,Braces,english,"2023-03-14 11:31:08","2023-03-14 11:31:08",Dev,Dev
345,2047,345,meta_description,Dapatkan informasi Produk Devices & Equipment Sling & Wraps paling lengkap hanya di Halodoc. Konsultasi obat dengan dokter ? Order obat di Halodoc ? #TenangAdaHalodoc,bahasa_indonesia,"2023-03-14 11:31:08","2023-03-14 11:31:08",Dev,Dev
345,2044,345,meta_keywords,"Produk Penyangga Tangan Alat Kesehatan, Bahan Medis Habis Pakai Halodoc",bahasa_indonesia,"2023-03-14 11:31:08","2023-03-14 11:31:08",Dev,Dev
345,2045,345,name,Penyangga Tangan,bahasa_indonesia,"2023-03-14 11:31:08","2023-03-14 11:31:08",Dev,Dev
345,2046,345,name,Sling & Wraps,english,"2023-03-14 11:31:08","2023-03-14 11:31:08",Dev,Dev
344,2043,344,meta_description,Dapatkan informasi Produk Devices & Equipment Compression Stockings paling lengkap hanya di Halodoc. Konsultasi obat dengan dokter ? Order obat di Halodoc ? #TenangAdaHalodoc,bahasa_indonesia,"2023-03-14 11:31:08","2023-03-14 11:31:08",Dev,Dev
344,2040,344,meta_keywords,"Produk Stoking Kompresi Alat Kesehatan, Bahan Medis Habis Pakai Halodoc",bahasa_indonesia,"2023-03-14 11:31:08","2023-03-14 11:31:08",Dev,Dev
344,2041,344,name,Stoking Kompresi,bahasa_indonesia,"2023-03-14 11:31:08","2023-03-14 11:31:08",Dev,Dev
344,2042,344,name,Compression Stockings,english,"2023-03-14 11:31:08","2023-03-14 11:31:08",Dev,Dev
338,2016,338,meta_description,Dapatkan informasi Produk Devices & Equipment Alcohol Swabs paling lengkap hanya di Halodoc. Konsultasi obat dengan dokter ? Order obat di Halodoc ? #TenangAdaHalodoc,bahasa_indonesia,"2023-03-14 11:31:08","2023-03-14 11:31:08",Dev,Dev
338,2018,338,meta_keywords,"Produk Swab Alkohol Alat Kesehatan, Bahan Medis Habis Pakai Halodoc",bahasa_indonesia,"2023-03-14 11:31:08","2023-03-14 11:31:08",Dev,Dev
338,2019,338,name,Swab Alkohol,bahasa_indonesia,"2023-03-14 11:31:08","2023-03-14 11:31:08",Dev,Dev
338,2017,338,name,Alcohol Swabs,english,"2023-03-14 11:31:08","2023-03-14 11:31:08",Dev,Dev
339,2023,339,meta_description,Dapatkan informasi Produk Devices & Equipment Insulin Needles paling lengkap hanya di Halodoc. Konsultasi obat dengan dokter ? Order obat di Halodoc ? #TenangAdaHalodoc,bahasa_indonesia,"2023-03-14 11:31:08","2023-03-14 11:31:08",Dev,Dev
339,2020,339,meta_keywords,"Produk Jarum Insulin Alat Kesehatan, Bahan Medis Habis Pakai Halodoc",bahasa_indonesia,"2023-03-14 11:31:08","2023-03-14 11:31:08",Dev,Dev
339,2021,339,name,Jarum Insulin,bahasa_indonesia,"2023-03-14 11:31:08","2023-03-14 11:31:08",Dev,Dev
339,2022,339,name,Insulin Needles,english,"2023-03-14 11:31:08","2023-03-14 11:31:08",Dev,Dev
337,2012,337,meta_description,Dapatkan informasi Produk Devices & Equipment Test Needles paling lengkap hanya di Halodoc. Konsultasi obat dengan dokter ? Order obat di Halodoc ? #TenangAdaHalodoc,bahasa_indonesia,"2023-03-14 11:31:08","2023-03-14 11:31:08",Dev,Dev
337,2014,337,meta_keywords,"Produk Jarum Tes Alat Kesehatan, Bahan Medis Habis Pakai Halodoc",bahasa_indonesia,"2023-03-14 11:31:08","2023-03-14 11:31:08",Dev,Dev
337,2015,337,name,Jarum Tes,bahasa_indonesia,"2023-03-14 11:31:08","2023-03-14 11:31:08",Dev,Dev
337,2013,337,name,Test Needles,english,"2023-03-14 11:31:08","2023-03-14 11:31:08",Dev,Dev
360,4518,360,blibli_category_ids, ,bahasa_indonesia,"2023-10-04 17:14:07","2023-10-04 17:14:07",CC Token,CC Token
360,2104,360,meta_description,Dapatkan informasi Produk Diabetes Monitoring Devices paling lengkap hanya di Halodoc. Konsultasi obat dengan dokter ? Order obat di Halodoc ? #TenangAdaHalodoc,bahasa_indonesia,"2023-03-14 11:35:03","2023-03-14 11:35:03",Dev,Dev
360,2106,360,meta_keywords,Produk Alat Monitoring Diabetes Halodoc,bahasa_indonesia,"2023-03-14 11:35:03","2023-03-14 11:35:03",Dev,Dev
360,4520,360,meta_title,Monitoring Devices,bahasa_indonesia,"2023-10-04 17:14:07","2023-10-04 17:14:07",CC Token,CC Token
360,2107,360,name,Alat Monitoring,bahasa_indonesia,"2023-03-14 11:35:03","2023-03-14 11:35:03",Dev,Dev
360,2105,360,name,Monitoring Devices,english,"2023-03-14 11:35:03","2023-03-14 11:35:03",Dev,Dev
360,4519,360,seo_url, ,english,"2023-10-04 17:14:07","2023-10-04 17:14:07",CC Token,CC Token
360,4517,360,tokopedia_category_ids, ,bahasa_indonesia,"2023-10-04 17:14:07","2023-10-04 17:14:07",CC Token,CC Token
362,4507,362,blibli_category_ids, ,bahasa_indonesia,"2023-10-04 17:13:47","2023-10-04 17:13:47",CC Token,CC Token
362,2112,362,meta_description,"Dapatkan informasi Produk Diabetes Lancets, Needles & Swabs paling lengkap hanya di Halodoc. Konsultasi obat dengan dokter ? Order obat di Halodoc ? #TenangAdaHalodoc",bahasa_indonesia,"2023-03-14 11:36:46","2023-03-14 11:36:46",Dev,Dev
362,2114,362,meta_keywords,"Produk Lanset, Jarum dan Swab Diabetes Halodoc",bahasa_indonesia,"2023-03-14 11:36:46","2023-03-14 11:36:46",Dev,Dev
362,2604,362,meta_title,"Daftar Informasi obat dan vitamin - Halodoc - Kategori Lanset, Jarum 
",bahasa_indonesia,"2023-03-29 16:11:44","2023-03-29 16:11:44",CC Token,CC Token
362,2115,362,name,"Lanset, Jarum & Swab",bahasa_indonesia,"2023-03-14 11:36:46","2023-03-14 11:36:46",Dev,Dev
362,2113,362,name,"Lancets, Needles & Swabs",english,"2023-03-14 11:36:46","2023-03-14 11:36:46",Dev,Dev
362,2605,362,seo_url, ,english,"2023-03-29 16:11:44","2023-03-29 16:11:44",CC Token,CC Token
362,4508,362,tokopedia_category_ids, ,bahasa_indonesia,"2023-10-04 17:13:47","2023-10-04 17:13:47",CC Token,CC Token
361,4505,361,blibli_category_ids, ,bahasa_indonesia,"2023-10-04 17:13:32","2023-10-04 17:13:32",CC Token,CC Token
361,2108,361,meta_description,Dapatkan informasi Produk Diabetes Miscellaneous paling lengkap hanya di Halodoc. Konsultasi obat dengan dokter ? Order obat di Halodoc ? #TenangAdaHalodoc,bahasa_indonesia,"2023-03-14 11:35:03","2023-03-14 11:35:03",Dev,Dev
361,2110,361,meta_keywords,Produk Lainnya Diabetes Halodoc,bahasa_indonesia,"2023-03-14 11:35:03","2023-03-14 11:35:03",Dev,Dev
361,2603,361,meta_title,Daftar Informasi obat dan vitamin - Halodoc - Kategori Lainnya,bahasa_indonesia,"2023-03-29 16:11:28","2023-03-29 16:11:28",CC Token,CC Token
361,2111,361,name,Lainnya,bahasa_indonesia,"2023-03-14 11:35:03","2023-03-14 11:35:03",Dev,Dev
361,2109,361,name,Miscellaneous,english,"2023-03-14 11:35:03","2023-03-14 11:35:03",Dev,Dev
361,2602,361,seo_url, ,english,"2023-03-29 16:11:28","2023-03-29 16:11:28",CC Token,CC Token
361,4506,361,tokopedia_category_ids, ,bahasa_indonesia,"2023-10-04 17:13:32","2023-10-04 17:13:32",CC Token,CC Token
358,4514,358,blibli_category_ids, ,bahasa_indonesia,"2023-10-04 17:14:07","2023-10-04 17:14:07",CC Token,CC Token
358,2096,358,meta_description,Dapatkan informasi Produk Diabetes Diabetic Sweeteners paling lengkap hanya di Halodoc. Konsultasi obat dengan dokter ? Order obat di Halodoc ? #TenangAdaHalodoc,bahasa_indonesia,"2023-03-14 11:35:03","2023-03-14 11:35:03",Dev,Dev
358,2098,358,meta_keywords,Produk Gula Khusus Diabetes Halodoc,bahasa_indonesia,"2023-03-14 11:35:03","2023-03-14 11:35:03",Dev,Dev
358,4513,358,meta_title,Diabetic Sweeteners,bahasa_indonesia,"2023-10-04 17:14:07","2023-10-04 17:14:07",CC Token,CC Token
358,2099,358,name,Gula Diabetes,bahasa_indonesia,"2023-03-14 11:35:03","2023-03-14 11:35:03",Dev,Dev
358,2097,358,name,Diabetic Sweeteners,english,"2023-03-14 11:35:03","2023-03-14 11:35:03",Dev,Dev
358,4516,358,seo_url, ,english,"2023-10-04 17:14:07","2023-10-04 17:14:07",CC Token,CC Token
358,4515,358,tokopedia_category_ids, ,bahasa_indonesia,"2023-10-04 17:14:07","2023-10-04 17:14:07",CC Token,CC Token
359,4523,359,blibli_category_ids, ,bahasa_indonesia,"2023-10-04 17:14:22","2023-10-04 17:14:22",CC Token,CC Token
359,2100,359,meta_description,Dapatkan informasi Produk Diabetes Diabetic Food & Nutrition paling lengkap hanya di Halodoc. Konsultasi obat dengan dokter ? Order obat di Halodoc ? #TenangAdaHalodoc,bahasa_indonesia,"2023-03-14 11:35:03","2023-03-14 11:35:03",Dev,Dev
359,2102,359,meta_keywords,Produk Nutrisi Diabetes Halodoc,bahasa_indonesia,"2023-03-14 11:35:03","2023-03-14 11:35:03",Dev,Dev
359,4526,359,meta_title,Diabetic Food & Nutrition,bahasa_indonesia,"2023-10-04 17:14:22","2023-10-04 17:14:22",CC Token,CC Token
359,2103,359,name,Nutrisi Diabetes,bahasa_indonesia,"2023-03-14 11:35:03","2023-03-14 11:35:03",Dev,Dev
359,2101,359,name,Diabetic Food & Nutrition,english,"2023-03-14 11:35:03","2023-03-14 11:35:03",Dev,Dev
359,4524,359,seo_url, ,english,"2023-10-04 17:14:22","2023-10-04 17:14:22",CC Token,CC Token
359,4525,359,tokopedia_category_ids, ,bahasa_indonesia,"2023-10-04 17:14:22","2023-10-04 17:14:22",CC Token,CC Token
357,4510,357,blibli_category_ids,"",bahasa_indonesia,"2023-10-04 17:13:49","2025-05-06 15:14:19",CC Token,CC Token
357,2092,357,meta_description,"Dapatkan produk lengkap Vitamin & Herbal di Halodoc: dosis, aturan pakai, dan efek samping. 1 Jam Sampai, Dikirim dari Apotek Tepercaya, Buka 24 Jam*",bahasa_indonesia,"2023-03-14 11:35:03","2025-05-06 15:01:02",Dev,Dev
357,2094,357,meta_keywords,Produk Vitamin & Herbal Diabetes Halodoc,bahasa_indonesia,"2023-03-14 11:35:03","2023-03-14 11:35:03",Dev,Dev
357,4512,357,meta_title,Beli Produk Vitamin & Herbal di Halodoc - 100% Produk Asli,bahasa_indonesia,"2023-10-04 17:13:49","2025-05-06 15:14:19",CC Token,CC Token
357,2095,357,name,Vitamin & Herbal,bahasa_indonesia,"2023-03-14 11:35:03","2023-03-14 11:35:03",Dev,Dev
357,2093,357,name,Vitamins & Herbal,english,"2023-03-14 11:35:03","2023-03-14 11:35:03",Dev,Dev
357,4511,357,seo_url,"",english,"2023-10-04 17:13:49","2025-05-06 15:14:19",CC Token,CC Token
357,4509,357,tokopedia_category_ids,"",bahasa_indonesia,"2023-10-04 17:13:49","2025-05-06 15:14:19",CC Token,CC Token
367,2135,367,meta_description,Dapatkan informasi Produk Heart Health Cholesterol paling lengkap hanya di Halodoc. Konsultasi obat dengan dokter ? Order obat di Halodoc ? #TenangAdaHalodoc,bahasa_indonesia,"2023-03-14 11:40:25","2023-03-14 11:40:25",Dev,Dev
367,2133,367,meta_keywords,Produk Obat Kolesterol Halodoc,bahasa_indonesia,"2023-03-14 11:40:25","2023-03-14 11:40:25",Dev,Dev
367,2132,367,name,Kolesterol,bahasa_indonesia,"2023-03-14 11:40:25","2023-03-14 11:40:25",Dev,Dev
367,2134,367,name,Cholesterol,english,"2023-03-14 11:40:25","2023-03-14 11:40:25",Dev,Dev
368,2139,368,meta_description,Dapatkan informasi Produk Heart Health Heart Disesase paling lengkap hanya di Halodoc. Konsultasi obat dengan dokter ? Order obat di Halodoc ? #TenangAdaHalodoc,bahasa_indonesia,"2023-03-14 11:40:26","2023-03-14 11:40:26",Dev,Dev
368,2137,368,meta_keywords,Produk Obat Penyakit Jantung Halodoc,bahasa_indonesia,"2023-03-14 11:40:26","2023-03-14 11:40:26",Dev,Dev
368,2136,368,name,Penyakit Jantung,bahasa_indonesia,"2023-03-14 11:40:26","2023-03-14 11:40:26",Dev,Dev
368,2138,368,name,Heart Disesase,english,"2023-03-14 11:40:26","2023-03-14 11:40:26",Dev,Dev
366,4778,366,blibli_category_ids,"",bahasa_indonesia,"2024-02-06 15:02:50","2024-02-06 15:02:50",CC Token,CC Token
366,2131,366,meta_description,Beli Obat Hipertensi di Halodoc melalui web dan aplikasi. Gratis Ongkir ✓ 1 Jam Sampai ✓ Rekomendasi Resep dari Dokter Tepercaya.,bahasa_indonesia,"2023-03-14 11:40:24","2024-02-06 15:02:50",Dev,CC Token
366,2129,366,meta_keywords,Produk Obat Hipertensi Halodoc,bahasa_indonesia,"2023-03-14 11:40:24","2023-03-14 11:40:24",Dev,Dev
366,4777,366,meta_title,Obat Hipertensi - Halodoc,bahasa_indonesia,"2024-02-06 15:02:50","2024-02-06 15:02:50",CC Token,CC Token
366,2128,366,name,Hipertensi,bahasa_indonesia,"2023-03-14 11:40:24","2023-03-14 11:40:24",Dev,Dev
366,2130,366,name,Hypertension,english,"2023-03-14 11:40:24","2023-03-14 11:40:24",Dev,Dev
366,4776,366,seo_url,"",english,"2024-02-06 15:02:50","2024-02-06 15:02:50",CC Token,CC Token
366,4779,366,tokopedia_category_ids,"",bahasa_indonesia,"2024-02-06 15:02:50","2024-02-06 15:02:50",CC Token,CC Token
371,2151,371,meta_description,Dapatkan informasi Produk Heart Health Monitoring Devices paling lengkap hanya di Halodoc. Konsultasi obat dengan dokter ? Order obat di Halodoc ? #TenangAdaHalodoc,bahasa_indonesia,"2023-03-14 11:40:26","2023-03-14 11:40:26",Dev,Dev
371,2149,371,meta_keywords,Produk Alat kesehatan & Monitoring Kesehatan Jantung Halodoc,bahasa_indonesia,"2023-03-14 11:40:26","2023-03-14 11:40:26",Dev,Dev
371,2148,371,name,Alat Monitoring,bahasa_indonesia,"2023-03-14 11:40:26","2023-03-14 11:40:26",Dev,Dev
371,2150,371,name,Monitoring Devices,english,"2023-03-14 11:40:26","2023-03-14 11:40:26",Dev,Dev
372,2155,372,meta_description,"Dapatkan informasi Produk Heart Health Lancets, Needles & Swabs paling lengkap hanya di Halodoc. Konsultasi obat dengan dokter ? Order obat di Halodoc ? #TenangAdaHalodoc",bahasa_indonesia,"2023-03-14 11:40:26","2023-03-14 11:40:26",Dev,Dev
372,2153,372,meta_keywords,"Produk Lanset, Jarum dan Swab Kesehatan Jantung Halodoc",bahasa_indonesia,"2023-03-14 11:40:26","2023-03-14 11:40:26",Dev,Dev
372,2152,372,name,"Lanset, Jarum & Swab",bahasa_indonesia,"2023-03-14 11:40:26","2023-03-14 11:40:26",Dev,Dev
372,2154,372,name,"Lancets, Needles & Swabs",english,"2023-03-14 11:40:26","2023-03-14 11:40:26",Dev,Dev
370,2147,370,meta_description,Dapatkan informasi Produk Heart Health Food & Nutrition paling lengkap hanya di Halodoc. Konsultasi obat dengan dokter ? Order obat di Halodoc ? #TenangAdaHalodoc,bahasa_indonesia,"2023-03-14 11:40:26","2023-03-14 11:40:26",Dev,Dev
370,2145,370,meta_keywords,Produk Makanan & Nutrisi Jantung Halodoc,bahasa_indonesia,"2023-03-14 11:40:26","2023-03-14 11:40:26",Dev,Dev
370,2144,370,name,Makanan & Nutrisi,bahasa_indonesia,"2023-03-14 11:40:26","2023-03-14 11:40:26",Dev,Dev
370,2146,370,name,Food & Nutrition,english,"2023-03-14 11:40:26","2023-03-14 11:40:26",Dev,Dev
369,2143,369,meta_description,"Dapatkan produk lengkap Vitamin & Herbal di Halodoc: dosis, aturan pakai, dan efek samping. 1 Jam Sampai, Dikirim dari Apotek Tepercaya, Buka 24 Jam*",bahasa_indonesia,"2023-03-14 11:40:26","2025-05-06 15:01:02",Dev,Dev
369,2141,369,meta_keywords,Produk Vitamin & Suplemen Jantung Halodoc,bahasa_indonesia,"2023-03-14 11:40:26","2023-03-14 11:40:26",Dev,Dev
369,5529,369,meta_title,Beli Produk Vitamin & Herbal di Halodoc - 100% Produk Asli,bahasa_indonesia,"2025-05-06 15:14:41","2025-05-06 15:14:41",CC Token,CC Token
369,2140,369,name,Vitamin & Herbal,bahasa_indonesia,"2023-03-14 11:40:26","2023-03-14 11:40:26",Dev,Dev
369,2142,369,name,Vitamins & Herbal,english,"2023-03-14 11:40:26","2023-03-14 11:40:26",Dev,Dev
369,5528,369,seo_url,"",english,"2025-05-06 15:14:41","2025-05-06 15:14:41",CC Token,CC Token
943,5631,943,meta_description,"Dapatkan informasi Isotonik paling lengkap hanya di Halodoc. Konsultasi obat dengan dokter ? Order obat di Halodoc ? 
#TenangAdaHalodoc",bahasa_indonesia,"2025-06-20 10:17:11","2025-06-20 10:17:11",Dev,Dev
943,5630,943,meta_keywords,Isotonik Halodoc,bahasa_indonesia,"2025-06-20 10:17:11","2025-06-20 10:17:11",Dev,Dev
943,5632,943,name,Isotonik,bahasa_indonesia,"2025-06-20 10:17:11","2025-06-20 10:17:11",Dev,Dev
943,5633,943,name,Isotonics,english,"2025-06-20 10:17:11","2025-06-20 10:17:11",Dev,Dev
939,5615,939,meta_description,"Dapatkan informasi Lotion & Spray paling lengkap hanya di Halodoc. Konsultasi obat dengan dokter ? Order obat di Halodoc ? 
#TenangAdaHalodoc",bahasa_indonesia,"2025-06-20 10:17:11","2025-06-20 10:17:11",Dev,Dev
939,5614,939,meta_keywords,Lotion & Spray Halodoc,bahasa_indonesia,"2025-06-20 10:17:11","2025-06-20 10:17:11",Dev,Dev
939,5616,939,name,Lotion & Spray,bahasa_indonesia,"2025-06-20 10:17:11","2025-06-20 10:17:11",Dev,Dev
939,5617,939,name,Lotion & Spray,english,"2025-06-20 10:17:11","2025-06-20 10:17:11",Dev,Dev
286,1805,286,meta_description,Dapatkan informasi Produk Medicine & Treatments Itch Relief paling lengkap hanya di Halodoc. Konsultasi obat dengan dokter ? Order obat di Halodoc ? #TenangAdaHalodoc,bahasa_indonesia,"2023-03-14 11:20:00","2023-03-14 11:20:00",Dev,Dev
286,1802,286,meta_keywords,Produk Pereda Gatal Obat Perawatan Halodoc,bahasa_indonesia,"2023-03-14 11:20:00","2023-03-14 11:20:00",Dev,Dev
286,1803,286,name,Pereda Gatal,bahasa_indonesia,"2023-03-14 11:20:00","2023-03-14 11:20:00",Dev,Dev
286,1804,286,name,Itch Relief,english,"2023-03-14 11:20:00","2023-03-14 11:20:00",Dev,Dev
285,1801,285,meta_description,Dapatkan informasi Produk Medicine & Treatments Allergy Medications paling lengkap hanya di Halodoc. Konsultasi obat dengan dokter ? Order obat di Halodoc ? #TenangAdaHalodoc,bahasa_indonesia,"2023-03-14 11:20:00","2023-03-14 11:20:00",Dev,Dev
285,1798,285,meta_keywords,Produk Obat Alergi Obat Perawatan Halodoc,bahasa_indonesia,"2023-03-14 11:20:00","2023-03-14 11:20:00",Dev,Dev
285,2522,285,meta_title,Obat Alergi,bahasa_indonesia,"2023-03-15 11:12:22","2023-03-15 11:12:22",CC Token,CC Token
285,1799,285,name,Obat Alergi,bahasa_indonesia,"2023-03-14 11:20:00","2023-03-14 11:20:00",Dev,Dev
285,1800,285,name,Allergy Medications,english,"2023-03-14 11:20:00","2023-03-14 11:20:00",Dev,Dev
285,2523,285,seo_url, ,english,"2023-03-15 11:12:22","2023-03-15 11:12:22",CC Token,CC Token
304,1873,304,meta_description,Dapatkan informasi Produk Medicine & Treatments Balms & Medicated Oils paling lengkap hanya di Halodoc. Konsultasi obat dengan dokter ? Order obat di Halodoc ? #TenangAdaHalodoc,bahasa_indonesia,"2023-03-14 11:20:01","2023-03-14 11:20:01",Dev,Dev
304,1870,304,meta_keywords,Produk Balsem & Minyak Obat Perawatan Halodoc,bahasa_indonesia,"2023-03-14 11:20:01","2023-03-14 11:20:01",Dev,Dev
304,1871,304,name,Balsem & Minyak,bahasa_indonesia,"2023-03-14 11:20:01","2023-03-14 11:20:01",Dev,Dev
304,1872,304,name,Balms & Medicated Oils,english,"2023-03-14 11:20:01","2023-03-14 11:20:01",Dev,Dev
302,1865,302,meta_description,Dapatkan informasi Produk Medicine & Treatments Gout & Arthritis paling lengkap hanya di Halodoc. Konsultasi obat dengan dokter ? Order obat di Halodoc ? #TenangAdaHalodoc,bahasa_indonesia,"2023-03-14 11:20:01","2023-03-14 11:20:01",Dev,Dev
302,1862,302,meta_keywords,Produk Asam Urat & Radang Sendi Obat Perawatan Halodoc,bahasa_indonesia,"2023-03-14 11:20:01","2023-03-14 11:20:01",Dev,Dev
302,1863,302,name,Asam Urat & Radang Sendi,bahasa_indonesia,"2023-03-14 11:20:01","2023-03-14 11:20:01",Dev,Dev
302,1864,302,name,Gout & Arthritis,english,"2023-03-14 11:20:01","2023-03-14 11:20:01",Dev,Dev
303,1869,303,meta_description,Dapatkan informasi Produk Medicine & Treatments Muscle Relaxants paling lengkap hanya di Halodoc. Konsultasi obat dengan dokter ? Order obat di Halodoc ? #TenangAdaHalodoc,bahasa_indonesia,"2023-03-14 11:20:01","2023-03-14 11:20:01",Dev,Dev
303,1866,303,meta_keywords,Produk Relaksan Otot Obat Perawatan Halodoc,bahasa_indonesia,"2023-03-14 11:20:01","2023-03-14 11:20:01",Dev,Dev
303,1867,303,name,Relaksan Otot,bahasa_indonesia,"2023-03-14 11:20:01","2023-03-14 11:20:01",Dev,Dev
303,1868,303,name,Muscle Relaxants,english,"2023-03-14 11:20:01","2023-03-14 11:20:01",Dev,Dev
301,1861,301,meta_description,Dapatkan informasi Produk Medicine & Treatments Bones & Osteoporosis paling lengkap hanya di Halodoc. Konsultasi obat dengan dokter ? Order obat di Halodoc ? #TenangAdaHalodoc,bahasa_indonesia,"2023-03-14 11:20:01","2023-03-14 11:20:01",Dev,Dev
301,1858,301,meta_keywords,Produk Tulang & Osteoporosis Obat Perawatan Halodoc,bahasa_indonesia,"2023-03-14 11:20:01","2023-03-14 11:20:01",Dev,Dev
301,1859,301,name,Tulang & Osteoporosis,bahasa_indonesia,"2023-03-14 11:20:01","2023-03-14 11:20:01",Dev,Dev
301,1860,301,name,Bones & Osteoporosis,english,"2023-03-14 11:20:01","2023-03-14 11:20:01",Dev,Dev
275,1761,275,meta_description,Dapatkan informasi Produk Medicine & Treatments For Baby & Kids paling lengkap hanya di Halodoc. Konsultasi obat dengan dokter ? Order obat di Halodoc ? #TenangAdaHalodoc,bahasa_indonesia,"2023-03-14 11:20:00","2023-03-14 11:20:00",Dev,Dev
275,1758,275,meta_keywords,Produk Untuk Bayi & Anak Obat Perawatan Halodoc,bahasa_indonesia,"2023-03-14 11:20:00","2023-03-14 11:20:00",Dev,Dev
275,1759,275,name,Untuk Bayi & Anak,bahasa_indonesia,"2023-03-14 11:20:00","2023-03-14 11:20:00",Dev,Dev
275,1760,275,name,For Baby & Kids,english,"2023-03-14 11:20:00","2023-03-14 11:20:00",Dev,Dev
274,1757,274,meta_description,Dapatkan informasi Produk Medicine & Treatments Balms & Essential Oils paling lengkap hanya di Halodoc. Konsultasi obat dengan dokter ? Order obat di Halodoc ? #TenangAdaHalodoc,bahasa_indonesia,"2023-03-14 11:20:00","2023-03-14 11:20:00",Dev,Dev
274,1754,274,meta_keywords,Produk Balsem & Minyak Esensial Obat Perawatan Halodoc,bahasa_indonesia,"2023-03-14 11:20:00","2023-03-14 11:20:00",Dev,Dev
274,1755,274,name,Balsem & Minyak Esensial,bahasa_indonesia,"2023-03-14 11:20:00","2023-03-14 11:20:00",Dev,Dev
274,1756,274,name,Balms & Essential Oils,english,"2023-03-14 11:20:00","2023-03-14 11:20:00",Dev,Dev
276,1765,276,meta_description,Dapatkan informasi Produk Medicine & Treatments Herbal Treatments paling lengkap hanya di Halodoc. Konsultasi obat dengan dokter ? Order obat di Halodoc ? #TenangAdaHalodoc,bahasa_indonesia,"2023-03-14 11:20:00","2023-03-14 11:20:00",Dev,Dev
276,1762,276,meta_keywords,Produk Perawatan Herbal Obat Perawatan Halodoc,bahasa_indonesia,"2023-03-14 11:20:00","2023-03-14 11:20:00",Dev,Dev
276,1763,276,name,Perawatan Herbal,bahasa_indonesia,"2023-03-14 11:20:00","2023-03-14 11:20:00",Dev,Dev
276,1764,276,name,Herbal Treatments,english,"2023-03-14 11:20:00","2023-03-14 11:20:00",Dev,Dev
273,1753,273,meta_description,Dapatkan informasi Produk Medicine & Treatments Nasal Spray & Decongestants paling lengkap hanya di Halodoc. Konsultasi obat dengan dokter ? Order obat di Halodoc ? #TenangAdaHalodoc,bahasa_indonesia,"2023-03-14 11:20:00","2023-03-14 11:20:00",Dev,Dev
273,1750,273,meta_keywords,Produk Nasal Spray & Dekongestan Obat Perawatan Halodoc,bahasa_indonesia,"2023-03-14 11:20:00","2023-03-14 11:20:00",Dev,Dev
273,1751,273,name,Nasal Spray & Dekongestan,bahasa_indonesia,"2023-03-14 11:20:00","2023-03-14 11:20:00",Dev,Dev
273,1752,273,name,Nasal Spray & Decongestants,english,"2023-03-14 11:20:00","2023-03-14 11:20:00",Dev,Dev
272,1749,272,meta_description,"Dapatkan obat lengkap Batuk & Flu di Halodoc: dosis, aturan pakai, dan efek samping. 1 Jam Sampai, Dikirim dari Apotek Tepercaya, Buka 24 Jam*",bahasa_indonesia,"2023-03-14 11:19:59","2025-05-06 15:01:02",Dev,Dev
272,1746,272,meta_keywords,Produk Batuk & Flu Obat Perawatan Halodoc,bahasa_indonesia,"2023-03-14 11:19:59","2023-03-14 11:19:59",Dev,Dev
272,1966,272,meta_title,Beli Obat Batuk & Flu di Halodoc - 100% Produk Asli,bahasa_indonesia,"2023-03-14 11:30:56","2025-05-06 15:15:06",CC Token,CC Token
272,1747,272,name,Batuk & Flu,bahasa_indonesia,"2023-03-14 11:19:59","2023-03-14 11:19:59",Dev,Dev
272,1748,272,name,Cough & Flu Relief,english,"2023-03-14 11:19:59","2023-03-14 11:19:59",Dev,Dev
272,1967,272,seo_url,"",english,"2023-03-14 11:30:56","2025-05-06 15:15:06",CC Token,CC Token
317,1929,317,meta_description,Dapatkan informasi Produk Medicine & Treatments Constipation & Hemorrhoids paling lengkap hanya di Halodoc. Konsultasi obat dengan dokter ? Order obat di Halodoc ? #TenangAdaHalodoc,bahasa_indonesia,"2023-03-14 11:26:47","2023-03-14 11:26:47",Dev,Dev
317,1926,317,meta_keywords,Produk Sembelit & Wasir Obat Perawatan Halodoc,bahasa_indonesia,"2023-03-14 11:26:47","2023-03-14 11:26:47",Dev,Dev
317,1927,317,name,Sembelit & Wasir,bahasa_indonesia,"2023-03-14 11:26:47","2023-03-14 11:26:47",Dev,Dev
317,1928,317,name,Constipation & Hemorrhoids,english,"2023-03-14 11:26:47","2023-03-14 11:26:47",Dev,Dev
283,1793,283,meta_description,Dapatkan informasi Produk Medicine & Treatments Diarrhea paling lengkap hanya di Halodoc. Konsultasi obat dengan dokter ? Order obat di Halodoc ? #TenangAdaHalodoc,bahasa_indonesia,"2023-03-14 11:20:00","2023-03-14 11:20:00",Dev,Dev
283,1790,283,meta_keywords,Produk Diare Obat Perawatan Halodoc,bahasa_indonesia,"2023-03-14 11:20:00","2023-03-14 11:20:00",Dev,Dev
283,1791,283,name,Diare,bahasa_indonesia,"2023-03-14 11:20:00","2023-03-14 11:20:00",Dev,Dev
283,1792,283,name,Diarrhea,english,"2023-03-14 11:20:00","2023-03-14 11:20:00",Dev,Dev
281,1785,281,meta_description,Dapatkan informasi Produk Medicine & Treatments Acid Reflex & GERD paling lengkap hanya di Halodoc. Konsultasi obat dengan dokter ? Order obat di Halodoc ? #TenangAdaHalodoc,bahasa_indonesia,"2023-03-14 11:20:00","2023-03-14 11:20:00",Dev,Dev
281,1782,281,meta_keywords,Produk Asam Lambung & GERD Obat Perawatan Halodoc,bahasa_indonesia,"2023-03-14 11:20:00","2023-03-14 11:20:00",Dev,Dev
281,1783,281,name,Asam Lambung & GERD,bahasa_indonesia,"2023-03-14 11:20:00","2023-03-14 11:20:00",Dev,Dev
281,1784,281,name,Acid Reflex & GERD,english,"2023-03-14 11:20:00","2023-03-14 11:20:00",Dev,Dev
282,1789,282,meta_description,Dapatkan informasi Produk Medicine & Treatments Nausea & Vomiting paling lengkap hanya di Halodoc. Konsultasi obat dengan dokter ? Order obat di Halodoc ? #TenangAdaHalodoc,bahasa_indonesia,"2023-03-14 11:20:00","2023-03-14 11:20:00",Dev,Dev
282,1786,282,meta_keywords,Produk Mual & Muntah Obat Perawatan Halodoc,bahasa_indonesia,"2023-03-14 11:20:00","2023-03-14 11:20:00",Dev,Dev
282,5460,282,meta_title,Nausea & Vomiting,bahasa_indonesia,"2025-02-14 10:43:48","2025-02-14 10:43:48",CC Token,CC Token
282,1787,282,name,Mual & Muntah,bahasa_indonesia,"2023-03-14 11:20:00","2023-03-14 11:20:00",Dev,Dev
282,1788,282,name,Nausea & Vomiting,english,"2023-03-14 11:20:00","2023-03-14 11:20:00",Dev,Dev
282,5461,282,seo_url,"",english,"2025-02-14 10:43:48","2025-02-14 10:43:48",CC Token,CC Token
284,1797,284,meta_description,Dapatkan informasi Produk Medicine & Treatments Worm Infections paling lengkap hanya di Halodoc. Konsultasi obat dengan dokter ? Order obat di Halodoc ? #TenangAdaHalodoc,bahasa_indonesia,"2023-03-14 11:20:00","2023-03-14 11:20:00",Dev,Dev
284,1794,284,meta_keywords,Produk Infeksi Cacing Obat Perawatan Halodoc,bahasa_indonesia,"2023-03-14 11:20:00","2023-03-14 11:20:00",Dev,Dev
284,1795,284,name,Infeksi Cacing,bahasa_indonesia,"2023-03-14 11:20:00","2023-03-14 11:20:00",Dev,Dev
284,1796,284,name,Worm Infections,english,"2023-03-14 11:20:00","2023-03-14 11:20:00",Dev,Dev
288,1813,288,meta_description,Dapatkan informasi Produk Medicine & Treatments Ear Drops paling lengkap hanya di Halodoc. Konsultasi obat dengan dokter ? Order obat di Halodoc ? #TenangAdaHalodoc,bahasa_indonesia,"2023-03-14 11:20:00","2023-03-14 11:20:00",Dev,Dev
288,1810,288,meta_keywords,Produk Obat Tetes Telinga Obat Perawatan Halodoc,bahasa_indonesia,"2023-03-14 11:20:00","2023-03-14 11:20:00",Dev,Dev
288,1811,288,name,Obat Tetes Telinga,bahasa_indonesia,"2023-03-14 11:20:00","2023-03-14 11:20:00",Dev,Dev
288,1812,288,name,Ear Drops,english,"2023-03-14 11:20:00","2023-03-14 11:20:00",Dev,Dev
291,1825,291,meta_description,Dapatkan informasi Produk Medicine & Treatments Lozenges paling lengkap hanya di Halodoc. Konsultasi obat dengan dokter ? Order obat di Halodoc ? #TenangAdaHalodoc,bahasa_indonesia,"2023-03-14 11:20:00","2023-03-14 11:20:00",Dev,Dev
291,1822,291,meta_keywords,Produk Pelega Tenggorokan Obat Perawatan Halodoc,bahasa_indonesia,"2023-03-14 11:20:00","2023-03-14 11:20:00",Dev,Dev
291,1823,291,name,Pelega Tenggorokan,bahasa_indonesia,"2023-03-14 11:20:00","2023-03-14 11:20:00",Dev,Dev
291,1824,291,name,Lozenges,english,"2023-03-14 11:20:00","2023-03-14 11:20:00",Dev,Dev
289,1817,289,meta_description,Dapatkan informasi Produk Medicine & Treatments Antiseptic Mouthwash paling lengkap hanya di Halodoc. Konsultasi obat dengan dokter ? Order obat di Halodoc ? #TenangAdaHalodoc,bahasa_indonesia,"2023-03-14 11:20:00","2023-03-14 11:20:00",Dev,Dev
289,1814,289,meta_keywords,Produk Obat Kumur Antiseptik Obat Perawatan Halodoc,bahasa_indonesia,"2023-03-14 11:20:00","2023-03-14 11:20:00",Dev,Dev
289,1815,289,name,Obat Kumur Antiseptik,bahasa_indonesia,"2023-03-14 11:20:00","2023-03-14 11:20:00",Dev,Dev
289,1816,289,name,Antiseptic Mouthwash,english,"2023-03-14 11:20:00","2023-03-14 11:20:00",Dev,Dev
290,1821,290,meta_description,Dapatkan informasi Produk Medicine & Treatments Nasal Hygiene paling lengkap hanya di Halodoc. Konsultasi obat dengan dokter ? Order obat di Halodoc ? #TenangAdaHalodoc,bahasa_indonesia,"2023-03-14 11:20:00","2023-03-14 11:20:00",Dev,Dev
290,1818,290,meta_keywords,Produk Kebersihan Hidung Obat Perawatan Halodoc,bahasa_indonesia,"2023-03-14 11:20:00","2023-03-14 11:20:00",Dev,Dev
290,1819,290,name,Kebersihan Hidung,bahasa_indonesia,"2023-03-14 11:20:00","2023-03-14 11:20:00",Dev,Dev
290,1820,290,name,Nasal Hygiene,english,"2023-03-14 11:20:00","2023-03-14 11:20:00",Dev,Dev
287,1809,287,meta_description,Dapatkan informasi Produk Medicine & Treatments Ulcers & Cold Sores paling lengkap hanya di Halodoc. Konsultasi obat dengan dokter ? Order obat di Halodoc ? #TenangAdaHalodoc,bahasa_indonesia,"2023-03-14 11:20:00","2023-03-14 11:20:00",Dev,Dev
287,1806,287,meta_keywords,Produk Sariawan & Herpes Mulut Obat Perawatan Halodoc,bahasa_indonesia,"2023-03-14 11:20:00","2023-03-14 11:20:00",Dev,Dev
287,1807,287,name,Sariawan & Herpes Mulut,bahasa_indonesia,"2023-03-14 11:20:00","2023-03-14 11:20:00",Dev,Dev
287,1808,287,name,Ulcers & Cold Sores,english,"2023-03-14 11:20:00","2023-03-14 11:20:00",Dev,Dev
292,1829,292,meta_description,"Dapatkan informasi Produk Medicine & Treatments Itchy, Dry & Red Eyes paling lengkap hanya di Halodoc. Konsultasi obat dengan dokter ? Order obat di Halodoc ? #TenangAdaHalodoc",bahasa_indonesia,"2023-03-14 11:20:00","2023-03-14 11:20:00",Dev,Dev
292,1826,292,meta_keywords,"Produk Gatal, Kering & Merah Obat Perawatan Halodoc",bahasa_indonesia,"2023-03-14 11:20:00","2023-03-14 11:20:00",Dev,Dev
292,1827,292,name,"Gatal, Kering & Merah",bahasa_indonesia,"2023-03-14 11:20:00","2023-03-14 11:20:00",Dev,Dev
292,1828,292,name,"Itchy, Dry & Red Eyes",english,"2023-03-14 11:20:00","2023-03-14 11:20:00",Dev,Dev
316,1925,316,meta_description,Dapatkan informasi Produk Medicine & Treatments Miscellaneous paling lengkap hanya di Halodoc. Konsultasi obat dengan dokter ? Order obat di Halodoc ? #TenangAdaHalodoc,bahasa_indonesia,"2023-03-14 11:26:47","2023-03-14 11:26:47",Dev,Dev
316,1922,316,meta_keywords,Produk Lainnya Obat Perawatan Halodoc,bahasa_indonesia,"2023-03-14 11:26:47","2023-03-14 11:26:47",Dev,Dev
316,1923,316,name,Lainnya,bahasa_indonesia,"2023-03-14 11:26:47","2023-03-14 11:26:47",Dev,Dev
316,1924,316,name,Miscellaneous,english,"2023-03-14 11:26:47","2023-03-14 11:26:47",Dev,Dev
305,1877,305,meta_description,Dapatkan informasi Produk Medicine & Treatments Bladder & Kidney Issues paling lengkap hanya di Halodoc. Konsultasi obat dengan dokter ? Order obat di Halodoc ? #TenangAdaHalodoc,bahasa_indonesia,"2023-03-14 11:20:01","2023-03-14 11:20:01",Dev,Dev
305,1874,305,meta_keywords,Produk Kandung Kemih & Ginjal Obat Perawatan Halodoc,bahasa_indonesia,"2023-03-14 11:20:01","2023-03-14 11:20:01",Dev,Dev
305,1875,305,name,Kandung Kemih & Ginjal,bahasa_indonesia,"2023-03-14 11:20:01","2023-03-14 11:20:01",Dev,Dev
305,1876,305,name,Bladder & Kidney Issues,english,"2023-03-14 11:20:01","2023-03-14 11:20:01",Dev,Dev
308,1889,308,meta_description,"Dapatkan produk lengkap Pil Kontrasepsi di Halodoc: dosis, aturan pakai, dan efek samping. 1 Jam Sampai, Dikirim dari Apotek Tepercaya, Buka 24 Jam*",bahasa_indonesia,"2023-03-14 11:20:01","2025-05-06 15:01:02",Dev,Dev
308,1886,308,meta_keywords,Produk Pil Kontrasepsi Obat Perawatan Halodoc,bahasa_indonesia,"2023-03-14 11:20:01","2023-03-14 11:20:01",Dev,Dev
308,5530,308,meta_title,Beli Produk Pil Kontrasepsi di Halodoc - 100% Produk Asli,bahasa_indonesia,"2025-05-06 15:15:22","2025-05-06 15:15:22",CC Token,CC Token
308,1887,308,name,Pil Kontrasepsi,bahasa_indonesia,"2023-03-14 11:20:01","2023-03-14 11:20:01",Dev,Dev
308,1888,308,name,Contraceptions Pills,english,"2023-03-14 11:20:01","2023-03-14 11:20:01",Dev,Dev
308,5531,308,seo_url,"",english,"2025-05-06 15:15:22","2025-05-06 15:15:22",CC Token,CC Token
306,1881,306,meta_description,Dapatkan informasi Produk Medicine & Treatments For Men paling lengkap hanya di Halodoc. Konsultasi obat dengan dokter ? Order obat di Halodoc ? #TenangAdaHalodoc,bahasa_indonesia,"2023-03-14 11:20:01","2023-03-14 11:20:01",Dev,Dev
306,1878,306,meta_keywords,Produk Pria Obat Perawatan Halodoc,bahasa_indonesia,"2023-03-14 11:20:01","2023-03-14 11:20:01",Dev,Dev
306,1879,306,name,Pria,bahasa_indonesia,"2023-03-14 11:20:01","2023-03-14 11:20:01",Dev,Dev
306,1880,306,name,For Men,english,"2023-03-14 11:20:01","2023-03-14 11:20:01",Dev,Dev
309,1893,309,meta_description,Dapatkan informasi Produk Medicine & Treatments Miscellaneous paling lengkap hanya di Halodoc. Konsultasi obat dengan dokter ? Order obat di Halodoc ? #TenangAdaHalodoc,bahasa_indonesia,"2023-03-14 11:20:01","2023-03-14 11:20:01",Dev,Dev
309,1890,309,meta_keywords,Produk Lainnya Obat Perawatan Halodoc,bahasa_indonesia,"2023-03-14 11:20:01","2023-03-14 11:20:01",Dev,Dev
309,1891,309,name,Lainnya,bahasa_indonesia,"2023-03-14 11:20:01","2023-03-14 11:20:01",Dev,Dev
309,1892,309,name,Miscellaneous,english,"2023-03-14 11:20:01","2023-03-14 11:20:01",Dev,Dev
307,1885,307,meta_description,Dapatkan informasi Produk Medicine & Treatments For Women paling lengkap hanya di Halodoc. Konsultasi obat dengan dokter ? Order obat di Halodoc ? #TenangAdaHalodoc,bahasa_indonesia,"2023-03-14 11:20:01","2023-03-14 11:20:01",Dev,Dev
307,1882,307,meta_keywords,Produk Wanita Obat Perawatan Halodoc,bahasa_indonesia,"2023-03-14 11:20:01","2023-03-14 11:20:01",Dev,Dev
307,1883,307,name,Wanita,bahasa_indonesia,"2023-03-14 11:20:01","2023-03-14 11:20:01",Dev,Dev
307,1884,307,name,For Women,english,"2023-03-14 11:20:01","2023-03-14 11:20:01",Dev,Dev
278,1773,278,meta_description,Dapatkan informasi Produk Medicine & Treatments For Baby & Kids paling lengkap hanya di Halodoc. Konsultasi obat dengan dokter ? Order obat di Halodoc ? #TenangAdaHalodoc,bahasa_indonesia,"2023-03-14 11:20:00","2023-03-14 11:20:00",Dev,Dev
278,1770,278,meta_keywords,Produk Untuk Bayi & Anak Obat Perawatan Halodoc,bahasa_indonesia,"2023-03-14 11:20:00","2023-03-14 11:20:00",Dev,Dev
278,1771,278,name,Untuk Bayi & Anak,bahasa_indonesia,"2023-03-14 11:20:00","2023-03-14 11:20:00",Dev,Dev
278,1772,278,name,For Baby & Kids,english,"2023-03-14 11:20:00","2023-03-14 11:20:00",Dev,Dev
280,1781,280,meta_description,Dapatkan informasi Produk Medicine & Treatments Herbal Treatments paling lengkap hanya di Halodoc. Konsultasi obat dengan dokter ? Order obat di Halodoc ? #TenangAdaHalodoc,bahasa_indonesia,"2023-03-14 11:20:00","2023-03-14 11:20:00",Dev,Dev
280,1778,280,meta_keywords,Produk Perawatan Herbal Obat Perawatan Halodoc,bahasa_indonesia,"2023-03-14 11:20:00","2023-03-14 11:20:00",Dev,Dev
280,1779,280,name,Perawatan Herbal,bahasa_indonesia,"2023-03-14 11:20:00","2023-03-14 11:20:00",Dev,Dev
280,1780,280,name,Herbal Treatments,english,"2023-03-14 11:20:00","2023-03-14 11:20:00",Dev,Dev
279,1777,279,meta_description,Dapatkan informasi Produk Medicine & Treatments Hot & Cold Therapy paling lengkap hanya di Halodoc. Konsultasi obat dengan dokter ? Order obat di Halodoc ? #TenangAdaHalodoc,bahasa_indonesia,"2023-03-14 11:20:00","2023-03-14 11:20:00",Dev,Dev
279,1774,279,meta_keywords,Produk Terapi Panas & Dingin Obat Perawatan Halodoc,bahasa_indonesia,"2023-03-14 11:20:00","2023-03-14 11:20:00",Dev,Dev
279,1775,279,name,Terapi Panas & Dingin,bahasa_indonesia,"2023-03-14 11:20:00","2023-03-14 11:20:00",Dev,Dev
279,1776,279,name,Hot & Cold Therapy,english,"2023-03-14 11:20:00","2023-03-14 11:20:00",Dev,Dev
277,4788,277,blibli_category_ids,"",bahasa_indonesia,"2024-02-07 11:47:27","2024-02-07 11:47:27",CC Token,CC Token
277,1769,277,meta_description,"Dapatkan obat lengkap Pereda Demam & Nyeri di Halodoc: dosis, aturan pakai, dan efek samping. 1 Jam Sampai, Dikirim dari Apotek Tepercaya, Buka 24 Jam*",bahasa_indonesia,"2023-03-14 11:20:00","2025-05-06 15:01:02",Dev,Dev
277,1766,277,meta_keywords,Produk Pereda Demam & Nyeri Obat Perawatan Halodoc,bahasa_indonesia,"2023-03-14 11:20:00","2023-03-14 11:20:00",Dev,Dev
277,4786,277,meta_title,Beli Obat Pereda Demam & Nyeri di Halodoc - 100% Produk Asli,bahasa_indonesia,"2024-02-07 11:47:27","2025-05-06 15:15:40",CC Token,CC Token
277,1767,277,name,Pereda Demam & Nyeri,bahasa_indonesia,"2023-03-14 11:20:00","2023-03-14 11:20:00",Dev,Dev
277,1768,277,name,Fever & Pain Relief,english,"2023-03-14 11:20:00","2023-03-14 11:20:00",Dev,Dev
277,4787,277,seo_url,"",english,"2024-02-07 11:47:27","2024-02-07 11:47:27",CC Token,CC Token
277,4789,277,tokopedia_category_ids,"",bahasa_indonesia,"2024-02-07 11:47:27","2024-02-07 11:47:27",CC Token,CC Token
298,1849,298,meta_description,Dapatkan informasi Produk Medicine & Treatments Antibiotics paling lengkap hanya di Halodoc. Konsultasi obat dengan dokter ? Order obat di Halodoc ? #TenangAdaHalodoc,bahasa_indonesia,"2023-03-14 11:20:01","2023-03-14 11:20:01",Dev,Dev
298,1846,298,meta_keywords,Produk Antibiotik Obat Perawatan Halodoc,bahasa_indonesia,"2023-03-14 11:20:01","2023-03-14 11:20:01",Dev,Dev
298,1847,298,name,Antibiotik,bahasa_indonesia,"2023-03-14 11:20:01","2023-03-14 11:20:01",Dev,Dev
298,1848,298,name,Antibiotics,english,"2023-03-14 11:20:01","2023-03-14 11:20:01",Dev,Dev
299,1853,299,meta_description,Dapatkan informasi Produk Medicine & Treatments Antifungals paling lengkap hanya di Halodoc. Konsultasi obat dengan dokter ? Order obat di Halodoc ? #TenangAdaHalodoc,bahasa_indonesia,"2023-03-14 11:20:01","2023-03-14 11:20:01",Dev,Dev
299,1850,299,meta_keywords,Produk Antijamur Obat Perawatan Halodoc,bahasa_indonesia,"2023-03-14 11:20:01","2023-03-14 11:20:01",Dev,Dev
299,1851,299,name,Antijamur,bahasa_indonesia,"2023-03-14 11:20:01","2023-03-14 11:20:01",Dev,Dev
299,1852,299,name,Antifungals,english,"2023-03-14 11:20:01","2023-03-14 11:20:01",Dev,Dev
300,1857,300,meta_description,Dapatkan informasi Produk Medicine & Treatments Antivirals paling lengkap hanya di Halodoc. Konsultasi obat dengan dokter ? Order obat di Halodoc ? #TenangAdaHalodoc,bahasa_indonesia,"2023-03-14 11:20:01","2023-03-14 11:20:01",Dev,Dev
300,1854,300,meta_keywords,Produk Antivirus Obat Perawatan Halodoc,bahasa_indonesia,"2023-03-14 11:20:01","2023-03-14 11:20:01",Dev,Dev
300,1855,300,name,Antivirus,bahasa_indonesia,"2023-03-14 11:20:01","2023-03-14 11:20:01",Dev,Dev
300,1856,300,name,Antivirals,english,"2023-03-14 11:20:01","2023-03-14 11:20:01",Dev,Dev
310,1897,310,meta_description,"Temukan berbagai macam jenis obat dan vitamin berdasarkan Kategori Anti Inflamasi. Ketahui juga manfaat, dosis, cara konsumsi, aturan pakai dan efek samping obat dan vitamin di Halodoc.",bahasa_indonesia,"2023-03-14 11:20:01","2023-08-10 16:59:47",Dev,Dev
310,1894,310,meta_keywords,Produk Anti Inflamasi Obat Perawatan Halodoc,bahasa_indonesia,"2023-03-14 11:20:01","2023-03-14 11:20:01",Dev,Dev
310,1895,310,name,Anti Inflamasi,bahasa_indonesia,"2023-03-14 11:20:01","2023-03-14 11:20:01",Dev,Dev
310,1896,310,name,Anti-inflammatory,english,"2023-03-14 11:20:01","2023-03-14 11:20:01",Dev,Dev
314,1913,314,meta_description,Dapatkan informasi Produk Medicine & Treatments Blood Disorders paling lengkap hanya di Halodoc. Konsultasi obat dengan dokter ? Order obat di Halodoc ? #TenangAdaHalodoc,bahasa_indonesia,"2023-03-14 11:20:01","2023-03-14 11:20:01",Dev,Dev
314,1910,314,meta_keywords,Produk Kelainan Darah Obat Perawatan Halodoc,bahasa_indonesia,"2023-03-14 11:20:01","2023-03-14 11:20:01",Dev,Dev
314,1911,314,name,Kelainan Darah,bahasa_indonesia,"2023-03-14 11:20:01","2023-03-14 11:20:01",Dev,Dev
314,1912,314,name,Blood Disorders,english,"2023-03-14 11:20:01","2023-03-14 11:20:01",Dev,Dev
311,1901,311,meta_description,Dapatkan informasi Produk Medicine & Treatments Brain & Nerves paling lengkap hanya di Halodoc. Konsultasi obat dengan dokter ? Order obat di Halodoc ? #TenangAdaHalodoc,bahasa_indonesia,"2023-03-14 11:20:01","2023-03-14 11:20:01",Dev,Dev
311,1898,311,meta_keywords,Produk Otak & Saraf Obat Perawatan Halodoc,bahasa_indonesia,"2023-03-14 11:20:01","2023-03-14 11:20:01",Dev,Dev
311,5550,311,meta_title,Brain & Nerves,bahasa_indonesia,"2025-05-07 17:18:04","2025-05-07 17:18:04",CC Token,CC Token
311,1899,311,name,Otak & Saraf,bahasa_indonesia,"2023-03-14 11:20:01","2023-03-14 11:20:01",Dev,Dev
311,1900,311,name,Brain & Nerves,english,"2023-03-14 11:20:01","2023-03-14 11:20:01",Dev,Dev
311,5551,311,seo_url,"",english,"2025-05-07 17:18:04","2025-05-07 17:18:04",CC Token,CC Token
313,1909,313,meta_description,Temukan cek kesehatan mental paling lengkap hanya di Halodoc. Konsultasi obat dengan dokter ? Order obat di Halodoc ? #TenangAdaHalodoc!,bahasa_indonesia,"2023-03-14 11:20:01","2023-08-10 16:59:48",Dev,Dev
313,1906,313,meta_keywords,Produk Kesehatan Mental Obat Perawatan Halodoc,bahasa_indonesia,"2023-03-14 11:20:01","2023-03-14 11:20:01",Dev,Dev
313,1907,313,name,Kesehatan Mental,bahasa_indonesia,"2023-03-14 11:20:01","2023-03-14 11:20:01",Dev,Dev
313,1908,313,name,Mental Health,english,"2023-03-14 11:20:01","2023-03-14 11:20:01",Dev,Dev
315,1917,315,meta_description,Dapatkan informasi Produk Medicine & Treatments Miscellaneous paling lengkap hanya di Halodoc. Konsultasi obat dengan dokter ? Order obat di Halodoc ? #TenangAdaHalodoc,bahasa_indonesia,"2023-03-14 11:20:01","2023-03-14 11:20:01",Dev,Dev
315,1914,315,meta_keywords,Produk Lainnya Obat Perawatan Halodoc,bahasa_indonesia,"2023-03-14 11:20:01","2023-03-14 11:20:01",Dev,Dev
315,1915,315,name,Lainnya,bahasa_indonesia,"2023-03-14 11:20:01","2023-03-14 11:20:01",Dev,Dev
315,1916,315,name,Miscellaneous,english,"2023-03-14 11:20:01","2023-03-14 11:20:01",Dev,Dev
312,1905,312,meta_description,Dapatkan informasi Produk Medicine & Treatments Sleep Disorders paling lengkap hanya di Halodoc. Konsultasi obat dengan dokter ? Order obat di Halodoc ? #TenangAdaHalodoc,bahasa_indonesia,"2023-03-14 11:20:01","2023-03-14 11:20:01",Dev,Dev
312,1902,312,meta_keywords,Produk Gangguan Tidur Obat Perawatan Halodoc,bahasa_indonesia,"2023-03-14 11:20:01","2023-03-14 11:20:01",Dev,Dev
312,1903,312,name,Gangguan Tidur,bahasa_indonesia,"2023-03-14 11:20:01","2023-03-14 11:20:01",Dev,Dev
312,1904,312,name,Sleep Disorders,english,"2023-03-14 11:20:01","2023-03-14 11:20:01",Dev,Dev
294,1833,294,meta_description,Dapatkan informasi Produk Medicine & Treatments Acne paling lengkap hanya di Halodoc. Konsultasi obat dengan dokter ? Order obat di Halodoc ? #TenangAdaHalodoc,bahasa_indonesia,"2023-03-14 11:20:01","2023-03-14 11:20:01",Dev,Dev
294,1830,294,meta_keywords,Produk Jerawat Obat Perawatan Halodoc,bahasa_indonesia,"2023-03-14 11:20:01","2023-03-14 11:20:01",Dev,Dev
294,1831,294,name,Jerawat,bahasa_indonesia,"2023-03-14 11:20:01","2023-03-14 11:20:01",Dev,Dev
294,1832,294,name,Acne,english,"2023-03-14 11:20:01","2023-03-14 11:20:01",Dev,Dev
295,1837,295,meta_description,"Dapatkan obat lengkap Dermatitis & Eksim di Halodoc: dosis, aturan pakai, dan efek samping. 1 Jam Sampai, Dikirim dari Apotek Tepercaya, Buka 24 Jam*",bahasa_indonesia,"2023-03-14 11:20:01","2025-05-06 15:01:02",Dev,Dev
295,1834,295,meta_keywords,Produk Dermatitis & Eksim Obat Perawatan Halodoc,bahasa_indonesia,"2023-03-14 11:20:01","2023-03-14 11:20:01",Dev,Dev
295,5532,295,meta_title,Beli Obat Dermatitis & Eksim di Halodoc - 100% Produk Asli,bahasa_indonesia,"2025-05-06 15:15:57","2025-05-06 15:15:57",CC Token,CC Token
295,1835,295,name,Dermatitis & Eksim,bahasa_indonesia,"2023-03-14 11:20:01","2023-03-14 11:20:01",Dev,Dev
295,1836,295,name,Dermatitis & Eczema,english,"2023-03-14 11:20:01","2023-03-14 11:20:01",Dev,Dev
295,5533,295,seo_url,"",english,"2025-05-06 15:15:57","2025-05-06 15:15:57",CC Token,CC Token
296,1841,296,meta_description,"Dapatkan obat lengkap Infeksi Kulit di Halodoc: dosis, aturan pakai, dan efek samping. 1 Jam Sampai, Dikirim dari Apotek Tepercaya, Buka 24 Jam*",bahasa_indonesia,"2023-03-14 11:20:01","2025-05-06 15:01:02",Dev,Dev
296,1838,296,meta_keywords,Produk Infeksi Kulit Obat Perawatan Halodoc,bahasa_indonesia,"2023-03-14 11:20:01","2023-03-14 11:20:01",Dev,Dev
296,5534,296,meta_title,Beli Obat Infeksi Kulit di Halodoc - 100% Produk Asli,bahasa_indonesia,"2025-05-06 15:16:11","2025-05-06 15:16:11",CC Token,CC Token
296,1839,296,name,Infeksi Kulit,bahasa_indonesia,"2023-03-14 11:20:01","2023-03-14 11:20:01",Dev,Dev
296,1840,296,name,Skin Infections,english,"2023-03-14 11:20:01","2023-03-14 11:20:01",Dev,Dev
296,5535,296,seo_url,"",english,"2025-05-06 15:16:11","2025-05-06 15:16:12",CC Token,CC Token
297,1845,297,meta_description,Dapatkan informasi Produk Medicine & Treatments Miscellaneous paling lengkap hanya di Halodoc. Konsultasi obat dengan dokter ? Order obat di Halodoc ? #TenangAdaHalodoc,bahasa_indonesia,"2023-03-14 11:20:01","2023-03-14 11:20:01",Dev,Dev
297,1842,297,meta_keywords,Produk Lainnya Obat Perawatan Halodoc,bahasa_indonesia,"2023-03-14 11:20:01","2023-03-14 11:20:01",Dev,Dev
297,1843,297,name,Lainnya,bahasa_indonesia,"2023-03-14 11:20:01","2023-03-14 11:20:01",Dev,Dev
297,1844,297,name,Miscellaneous,english,"2023-03-14 11:20:01","2023-03-14 11:20:01",Dev,Dev
782,4756,782,meta_description,Dapatkan informasi Produk Medicine & Treatments Stomachache paling lengkap hanya di Halodoc. Konsultasi obat dengan dokter ? Order obat di Halodoc ? #TenangAdaHalodoc,bahasa_indonesia,"2024-01-19 17:20:41","2024-01-19 17:20:41",Dev,Dev
782,4757,782,meta_keywords,Produk Nyeri Perut Obat Perawatan Halodoc,bahasa_indonesia,"2024-01-19 17:20:41","2024-01-19 17:20:41",Dev,Dev
782,4759,782,name,Nyeri Perut,bahasa_indonesia,"2024-01-19 17:20:41","2024-01-19 17:20:41",Dev,Dev
782,4758,782,name,Stomachache,english,"2024-01-19 17:20:41","2024-01-19 17:20:41",Dev,Dev
438,2397,438,meta_description,Dapatkan informasi Produk Milk For Adults paling lengkap hanya di Halodoc. Konsultasi obat dengan dokter ? Order obat di Halodoc ? #TenangAdaHalodoc,bahasa_indonesia,"2023-03-14 11:58:39","2023-03-14 11:58:39",Dev,Dev
438,2395,438,name,Orang Dewasa,bahasa_indonesia,"2023-03-14 11:58:39","2023-03-14 11:58:39",Dev,Dev
438,2396,438,name,For Adults,english,"2023-03-14 11:58:39","2023-03-14 11:58:39",Dev,Dev
439,2400,439,meta_description,Dapatkan informasi Produk Milk For Elderly paling lengkap hanya di Halodoc. Konsultasi obat dengan dokter ? Order obat di Halodoc ? #TenangAdaHalodoc,bahasa_indonesia,"2023-03-14 11:58:39","2023-03-14 11:58:39",Dev,Dev
439,2398,439,name,Lansia,bahasa_indonesia,"2023-03-14 11:58:39","2023-03-14 11:58:39",Dev,Dev
439,2399,439,name,For Elderly,english,"2023-03-14 11:58:39","2023-03-14 11:58:39",Dev,Dev
440,4584,440,blibli_category_ids, ,bahasa_indonesia,"2023-10-06 11:57:48","2023-10-06 11:57:48",CC Token,CC Token
440,2403,440,meta_description,Dapatkan informasi Produk Milk Specialty Milk paling lengkap hanya di Halodoc. Konsultasi obat dengan dokter ? Order obat di Halodoc ? #TenangAdaHalodoc,bahasa_indonesia,"2023-03-14 11:58:39","2023-03-14 11:58:39",Dev,Dev
440,4587,440,meta_keywords,Specialty Milk,bahasa_indonesia,"2023-10-06 11:57:48","2023-10-06 11:57:48",CC Token,CC Token
440,4586,440,meta_title,Specialty Milk,bahasa_indonesia,"2023-10-06 11:57:48","2023-10-06 11:57:48",CC Token,CC Token
440,2401,440,name,Susu Khusus,bahasa_indonesia,"2023-03-14 11:58:39","2023-03-14 11:58:39",Dev,Dev
440,2402,440,name,Specialty Milk,english,"2023-03-14 11:58:39","2023-03-14 11:58:39",Dev,Dev
440,4585,440,seo_url, ,english,"2023-10-06 11:57:48","2023-10-06 11:57:48",CC Token,CC Token
440,4583,440,tokopedia_category_ids, ,bahasa_indonesia,"2023-10-06 11:57:48","2023-10-06 11:57:48",CC Token,CC Token
441,2406,441,meta_description,Dapatkan informasi Produk Milk Baby Formula paling lengkap hanya di Halodoc. Konsultasi obat dengan dokter ? Order obat di Halodoc ? #TenangAdaHalodoc,bahasa_indonesia,"2023-03-14 11:58:39","2023-03-14 11:58:39",Dev,Dev
441,2404,441,name,Susu Formula Bayi,bahasa_indonesia,"2023-03-14 11:58:39","2023-03-14 11:58:39",Dev,Dev
441,2405,441,name,Baby Formula,english,"2023-03-14 11:58:39","2023-03-14 11:58:39",Dev,Dev
442,2409,442,meta_description,Dapatkan informasi Produk Milk Kids' Formula paling lengkap hanya di Halodoc. Konsultasi obat dengan dokter ? Order obat di Halodoc ? #TenangAdaHalodoc,bahasa_indonesia,"2023-03-14 11:58:39","2023-03-14 11:58:39",Dev,Dev
442,2407,442,name,Susu Formula Anak,bahasa_indonesia,"2023-03-14 11:58:39","2023-03-14 11:58:39",Dev,Dev
442,2408,442,name,Kids' Formula,english,"2023-03-14 11:58:39","2023-03-14 11:58:39",Dev,Dev
443,4589,443,blibli_category_ids, ,bahasa_indonesia,"2023-10-06 14:18:25","2023-10-06 14:18:25",CC Token,CC Token
443,2412,443,meta_description,Dapatkan informasi Produk Milk Specialty Milk paling lengkap hanya di Halodoc. Konsultasi obat dengan dokter ? Order obat di Halodoc ? #TenangAdaHalodoc,bahasa_indonesia,"2023-03-14 11:58:39","2023-03-14 11:58:39",Dev,Dev
443,4588,443,meta_keywords,Specialty Milk,bahasa_indonesia,"2023-10-06 14:18:25","2023-10-06 14:18:25",CC Token,CC Token
443,4592,443,meta_title,Specialty Milk,bahasa_indonesia,"2023-10-06 14:18:25","2023-10-06 14:18:25",CC Token,CC Token
443,2410,443,name,Susu Khusus,bahasa_indonesia,"2023-03-14 11:58:39","2023-03-14 11:58:39",Dev,Dev
443,2411,443,name,Specialty Milk,english,"2023-03-14 11:58:39","2023-03-14 11:58:39",Dev,Dev
443,4591,443,seo_url, ,english,"2023-10-06 14:18:25","2023-10-06 14:18:25",CC Token,CC Token
443,4590,443,tokopedia_category_ids, ,bahasa_indonesia,"2023-10-06 14:18:25","2023-10-06 14:18:25",CC Token,CC Token
390,2222,390,meta_description,Dapatkan informasi Produk Mom & Kids Body Care paling lengkap hanya di Halodoc. Konsultasi obat dengan dokter ? Order obat di Halodoc ? #TenangAdaHalodoc,bahasa_indonesia,"2023-03-14 11:48:32","2023-03-14 11:48:32",Dev,Dev
390,2224,390,name,Perawatan kulit,bahasa_indonesia,"2023-03-14 11:48:32","2023-03-14 11:48:32",Dev,Dev
390,2223,390,name,Body Care,english,"2023-03-14 11:48:32","2023-03-14 11:48:32",Dev,Dev
389,2219,389,meta_description,Dapatkan informasi Produk Mom & Kids Hair & Bath Care paling lengkap hanya di Halodoc. Konsultasi obat dengan dokter ? Order obat di Halodoc ? #TenangAdaHalodoc,bahasa_indonesia,"2023-03-14 11:48:32","2023-03-14 11:48:32",Dev,Dev
389,2221,389,name,Perlengkapan Mandi,bahasa_indonesia,"2023-03-14 11:48:32","2023-03-14 11:48:32",Dev,Dev
389,2220,389,name,Hair & Bath Care,english,"2023-03-14 11:48:32","2023-03-14 11:48:32",Dev,Dev
392,2228,392,meta_description,Dapatkan informasi Produk Mom & Kids Miscellaneous paling lengkap hanya di Halodoc. Konsultasi obat dengan dokter ? Order obat di Halodoc ? #TenangAdaHalodoc,bahasa_indonesia,"2023-03-14 11:48:32","2023-03-14 11:48:32",Dev,Dev
392,2597,392,meta_keywords, ,bahasa_indonesia,"2023-03-28 16:09:03","2023-03-28 16:09:03",CC Token,CC Token
392,2599,392,meta_title, ,bahasa_indonesia,"2023-03-28 16:09:03","2023-03-28 16:09:03",CC Token,CC Token
392,2230,392,name,Lainnya,bahasa_indonesia,"2023-03-14 11:48:32","2023-03-28 16:09:03",Dev,CC Token
392,2229,392,name,Miscellaneous,english,"2023-03-14 11:48:32","2023-03-14 11:48:32",Dev,Dev
392,2598,392,seo_url, ,english,"2023-03-28 16:09:03","2023-03-28 16:09:03",CC Token,CC Token
391,2225,391,meta_description,Dapatkan informasi Produk Mom & Kids Rash Creams paling lengkap hanya di Halodoc. Konsultasi obat dengan dokter ? Order obat di Halodoc ? #TenangAdaHalodoc,bahasa_indonesia,"2023-03-14 11:48:32","2023-03-14 11:48:32",Dev,Dev
391,2227,391,name,Krim Ruam,bahasa_indonesia,"2023-03-14 11:48:32","2023-03-14 11:48:32",Dev,Dev
391,2226,391,name,Rash Creams,english,"2023-03-14 11:48:32","2023-03-14 11:48:32",Dev,Dev
393,2231,393,meta_description,Dapatkan informasi Produk Mom & Kids Telon & Kayu Putih paling lengkap hanya di Halodoc. Konsultasi obat dengan dokter ? Order obat di Halodoc ? #TenangAdaHalodoc,bahasa_indonesia,"2023-03-14 11:48:32","2023-03-14 11:48:32",Dev,Dev
393,2594,393,meta_keywords,-,bahasa_indonesia,"2023-03-28 16:08:29","2023-03-28 16:08:29",CC Token,CC Token
393,2596,393,meta_title,-,bahasa_indonesia,"2023-03-28 16:08:29","2023-03-28 16:08:29",CC Token,CC Token
393,2233,393,name,Telon & Kayu Putih,bahasa_indonesia,"2023-03-14 11:48:32","2023-03-28 16:08:30",Dev,CC Token
393,2232,393,name,Telon & Kayu Putih,english,"2023-03-14 11:48:32","2023-03-14 11:48:32",Dev,Dev
393,2595,393,seo_url, ,english,"2023-03-28 16:08:29","2023-03-28 16:08:29",CC Token,CC Token
401,2255,401,meta_description,Dapatkan informasi Produk Mom & Kids Decongestants & Oils paling lengkap hanya di Halodoc. Konsultasi obat dengan dokter ? Order obat di Halodoc ? #TenangAdaHalodoc,bahasa_indonesia,"2023-03-14 11:48:32","2023-03-14 11:48:32",Dev,Dev
401,2257,401,name,Dekongestan & Minyak,bahasa_indonesia,"2023-03-14 11:48:32","2023-03-14 11:48:32",Dev,Dev
401,2256,401,name,Decongestants & Oils,english,"2023-03-14 11:48:32","2023-03-14 11:48:32",Dev,Dev
400,2252,400,meta_description,"Dapatkan produk lengkap Plester Penurun Panas di Halodoc: dosis, aturan pakai, dan efek samping. 1 Jam Sampai, Dikirim dari Apotek Tepercaya, Buka 24 Jam*",bahasa_indonesia,"2023-03-14 11:48:32","2025-05-06 15:01:02",Dev,Dev
400,2254,400,name,Plester Penurun Panas,bahasa_indonesia,"2023-03-14 11:48:32","2023-03-14 11:48:32",Dev,Dev
400,2253,400,name,Fever Patch,english,"2023-03-14 11:48:32","2023-03-14 11:48:32",Dev,Dev
402,2258,402,meta_description,Dapatkan informasi Produk Mom & Kids Nasal Care paling lengkap hanya di Halodoc. Konsultasi obat dengan dokter ? Order obat di Halodoc ? #TenangAdaHalodoc,bahasa_indonesia,"2023-03-14 11:48:32","2023-03-14 11:48:32",Dev,Dev
402,2260,402,name,Hidung Tersumbat,bahasa_indonesia,"2023-03-14 11:48:32","2023-03-14 11:48:32",Dev,Dev
402,2259,402,name,Nasal Care,english,"2023-03-14 11:48:32","2023-03-14 11:48:32",Dev,Dev
394,2234,394,meta_description,Dapatkan informasi Produk Mom & Kids Diapers paling lengkap hanya di Halodoc. Konsultasi obat dengan dokter ? Order obat di Halodoc ? #TenangAdaHalodoc,bahasa_indonesia,"2023-03-14 11:48:32","2023-03-14 11:48:32",Dev,Dev
394,2236,394,name,Popok,bahasa_indonesia,"2023-03-14 11:48:32","2023-03-14 11:48:32",Dev,Dev
394,2235,394,name,Diapers,english,"2023-03-14 11:48:32","2023-03-14 11:48:32",Dev,Dev
395,2237,395,meta_description,Dapatkan informasi Produk Mom & Kids Wipes paling lengkap hanya di Halodoc. Konsultasi obat dengan dokter ? Order obat di Halodoc ? #TenangAdaHalodoc,bahasa_indonesia,"2023-03-14 11:48:32","2023-03-14 11:48:32",Dev,Dev
395,2239,395,name,Tisu Basah,bahasa_indonesia,"2023-03-14 11:48:32","2023-03-14 11:48:32",Dev,Dev
395,2238,395,name,Wipes,english,"2023-03-14 11:48:32","2023-03-14 11:48:32",Dev,Dev
397,2243,397,meta_description,Dapatkan informasi Produk Mom & Kids Feeding Accessories paling lengkap hanya di Halodoc. Konsultasi obat dengan dokter ? Order obat di Halodoc ? #TenangAdaHalodoc,bahasa_indonesia,"2023-03-14 11:48:32","2023-03-14 11:48:32",Dev,Dev
397,2245,397,name,Peralatan Makan,bahasa_indonesia,"2023-03-14 11:48:32","2023-03-14 11:48:32",Dev,Dev
397,2244,397,name,Feeding Accessories,english,"2023-03-14 11:48:32","2023-03-14 11:48:32",Dev,Dev
396,2240,396,meta_description,Dapatkan informasi Produk Mom & Kids Food & Snacks paling lengkap hanya di Halodoc. Konsultasi obat dengan dokter ? Order obat di Halodoc ? #TenangAdaHalodoc,bahasa_indonesia,"2023-03-14 11:48:32","2023-03-14 11:48:32",Dev,Dev
396,2242,396,name,Makanan & Snack,bahasa_indonesia,"2023-03-14 11:48:32","2023-03-14 11:48:32",Dev,Dev
396,2241,396,name,Food & Snacks,english,"2023-03-14 11:48:32","2023-03-14 11:48:32",Dev,Dev
398,2246,398,meta_description,Dapatkan informasi Produk Mom & Kids Milk paling lengkap hanya di Halodoc. Konsultasi obat dengan dokter ? Order obat di Halodoc ? #TenangAdaHalodoc,bahasa_indonesia,"2023-03-14 11:48:32","2023-03-14 11:48:32",Dev,Dev
398,2248,398,name,Susu,bahasa_indonesia,"2023-03-14 11:48:32","2023-03-14 11:48:32",Dev,Dev
398,2247,398,name,Milk,english,"2023-03-14 11:48:32","2023-03-14 11:48:32",Dev,Dev
399,2249,399,meta_description,Dapatkan informasi Produk Mom & Kids Specialty Milk paling lengkap hanya di Halodoc. Konsultasi obat dengan dokter ? Order obat di Halodoc ? #TenangAdaHalodoc,bahasa_indonesia,"2023-03-14 11:48:32","2023-03-14 11:48:32",Dev,Dev
399,2251,399,name,Susu Khusus,bahasa_indonesia,"2023-03-14 11:48:32","2023-03-14 11:48:32",Dev,Dev
399,2250,399,name,Specialty Milk,english,"2023-03-14 11:48:32","2023-03-14 11:48:32",Dev,Dev
406,2270,406,meta_description,Dapatkan informasi Produk Mom & Kids Cleaning Tools paling lengkap hanya di Halodoc. Konsultasi obat dengan dokter ? Order obat di Halodoc ? #TenangAdaHalodoc,bahasa_indonesia,"2023-03-14 11:48:33","2023-03-14 11:48:33",Dev,Dev
406,2272,406,name,Perlengkapan Pembersih,bahasa_indonesia,"2023-03-14 11:48:33","2023-03-14 11:48:33",Dev,Dev
406,2271,406,name,Cleaning Tools,english,"2023-03-14 11:48:33","2023-03-14 11:48:33",Dev,Dev
408,2276,408,meta_description,Dapatkan informasi Produk Mom & Kids Miscellaneous paling lengkap hanya di Halodoc. Konsultasi obat dengan dokter ? Order obat di Halodoc ? #TenangAdaHalodoc,bahasa_indonesia,"2023-03-14 11:48:33","2023-03-14 11:48:33",Dev,Dev
408,4167,408,meta_keywords,Produk Lainnya Ibu dan Anak Halodoc,bahasa_indonesia,"2023-09-13 15:28:53","2023-09-13 15:28:53",CC Token,CC Token
408,4166,408,meta_title,Miscellaneous,bahasa_indonesia,"2023-09-13 15:28:53","2023-09-13 15:28:53",CC Token,CC Token
408,2278,408,name,Lainnya,bahasa_indonesia,"2023-03-14 11:48:33","2023-03-14 11:48:33",Dev,Dev
408,2277,408,name,Miscellaneous,english,"2023-03-14 11:48:33","2023-03-14 11:48:33",Dev,Dev
408,4168,408,seo_url, ,english,"2023-09-13 15:28:53","2023-09-13 15:28:53",CC Token,CC Token
407,2273,407,meta_description,Dapatkan informasi Produk Mom & Kids Sanitizers & Antiseptics paling lengkap hanya di Halodoc. Konsultasi obat dengan dokter ? Order obat di Halodoc ? #TenangAdaHalodoc,bahasa_indonesia,"2023-03-14 11:48:33","2023-03-14 11:48:33",Dev,Dev
407,4169,407,meta_keywords,Produk Sanitizer & Antiseptik Ibu dan Anak Halodoc,bahasa_indonesia,"2023-09-13 15:30:30","2023-09-13 15:30:30",CC Token,CC Token
407,4170,407,meta_title,Sanitizers & Antiseptics,bahasa_indonesia,"2023-09-13 15:30:30","2023-09-13 15:30:30",CC Token,CC Token
407,2275,407,name,Sanitizer & Antiseptik,bahasa_indonesia,"2023-03-14 11:48:33","2023-03-14 11:48:33",Dev,Dev
407,2274,407,name,Sanitizers & Antiseptics,english,"2023-03-14 11:48:33","2023-03-14 11:48:33",Dev,Dev
407,4171,407,seo_url, ,english,"2023-09-13 15:30:30","2023-09-13 15:30:30",CC Token,CC Token
403,2261,403,meta_description,Dapatkan informasi Produk Mom & Kids For Moms paling lengkap hanya di Halodoc. Konsultasi obat dengan dokter ? Order obat di Halodoc ? #TenangAdaHalodoc,bahasa_indonesia,"2023-03-14 11:48:33","2023-03-14 11:48:33",Dev,Dev
403,2263,403,name,Perawatan Ibu,bahasa_indonesia,"2023-03-14 11:48:33","2023-03-14 11:48:33",Dev,Dev
403,2262,403,name,For Moms,english,"2023-03-14 11:48:33","2023-03-14 11:48:33",Dev,Dev
404,2264,404,meta_description,Dapatkan informasi Produk Mom & Kids Maternity Nutrition paling lengkap hanya di Halodoc. Konsultasi obat dengan dokter ? Order obat di Halodoc ? #TenangAdaHalodoc,bahasa_indonesia,"2023-03-14 11:48:33","2023-03-14 11:48:33",Dev,Dev
404,2266,404,name,Nutrisi Bersalin,bahasa_indonesia,"2023-03-14 11:48:33","2023-03-14 11:48:33",Dev,Dev
404,2265,404,name,Maternity Nutrition,english,"2023-03-14 11:48:33","2023-03-14 11:48:33",Dev,Dev
405,2267,405,meta_description,Dapatkan informasi Produk Mom & Kids Nursing Accessories paling lengkap hanya di Halodoc. Konsultasi obat dengan dokter ? Order obat di Halodoc ? #TenangAdaHalodoc,bahasa_indonesia,"2023-03-14 11:48:33","2023-03-14 11:48:33",Dev,Dev
405,2269,405,name,Perlengkapan Menyusui,bahasa_indonesia,"2023-03-14 11:48:33","2023-03-14 11:48:33",Dev,Dev
405,2268,405,name,Nursing Accessories,english,"2023-03-14 11:48:33","2023-03-14 11:48:33",Dev,Dev
940,5619,940,meta_description,"Dapatkan informasi Pembasmi Jentik Nyamuk paling lengkap hanya di Halodoc. Konsultasi obat dengan dokter ? Order obat di Halodoc ? 
#TenangAdaHalodoc",bahasa_indonesia,"2025-06-20 10:17:11","2025-06-20 10:17:11",Dev,Dev
940,5618,940,meta_keywords,Pembasmi Jentik Nyamuk Halodoc,bahasa_indonesia,"2025-06-20 10:17:11","2025-06-20 10:17:11",Dev,Dev
940,5620,940,name,Pembasmi Jentik Nyamuk,bahasa_indonesia,"2025-06-20 10:17:11","2025-06-20 10:17:11",Dev,Dev
940,5621,940,name,Pembasmi Jentik Nyamuk,english,"2025-06-20 10:17:11","2025-06-20 10:17:11",Dev,Dev
941,5623,941,meta_description,"Dapatkan informasi Pereda Demam & Nyeri paling lengkap hanya di Halodoc. Konsultasi obat dengan dokter ? Order obat di Halodoc ? 
#TenangAdaHalodoc",bahasa_indonesia,"2025-06-20 10:17:11","2025-06-20 10:17:11",Dev,Dev
941,5622,941,meta_keywords,Pereda Demam & Nyeri Halodoc,bahasa_indonesia,"2025-06-20 10:17:11","2025-06-20 10:17:11",Dev,Dev
941,5624,941,name,Pereda Demam & Nyeri,bahasa_indonesia,"2025-06-20 10:17:11","2025-06-20 10:17:11",Dev,Dev
941,5625,941,name,Fever & Pain Reliefs,english,"2025-06-20 10:17:11","2025-06-20 10:17:11",Dev,Dev
459,2584,459,meta_description,"Dapatkan informasi Produk Pet Care Antiseptics & Disinfectants paling lengkap hanya di Halodoc. Konsultasi obat dengan dokter ? Order obat di Halodoc ? #TenangAdaHalodoc""",bahasa_indonesia,"2023-03-15 11:36:39","2023-03-15 11:36:39",Dev,Dev
459,2587,459,meta_keywords,Produk Antiseptik & Disinfektan Hewan Halodoc,bahasa_indonesia,"2023-03-15 11:36:39","2023-03-15 11:36:39",Dev,Dev
459,2586,459,name,Antiseptik & Disinfektan,bahasa_indonesia,"2023-03-15 11:36:39","2023-03-15 11:36:39",Dev,Dev
459,2585,459,name,Antiseptics & Disinfectants,english,"2023-03-15 11:36:39","2023-03-15 11:36:39",Dev,Dev
457,2576,457,meta_description,"Dapatkan informasi Produk Pet Care Accessories Feeding Tools paling lengkap hanya di Halodoc. Konsultasi obat dengan dokter ? Order obat di Halodoc ? #TenangAdaHalodoc""",bahasa_indonesia,"2023-03-15 11:36:39","2023-03-15 11:36:39",Dev,Dev
457,2579,457,meta_keywords,Produk Peralatan Makan Hewan Halodoc,bahasa_indonesia,"2023-03-15 11:36:39","2023-03-15 11:36:39",Dev,Dev
457,2578,457,name,Peralatan Makan,bahasa_indonesia,"2023-03-15 11:36:39","2023-03-15 11:36:39",Dev,Dev
457,2577,457,name,Feeding Tools,english,"2023-03-15 11:36:39","2023-03-15 11:36:39",Dev,Dev
460,2588,460,meta_description,"Dapatkan informasi Produk Pet Care Accessories Others paling lengkap hanya di Halodoc. Konsultasi obat dengan dokter ? Order obat di Halodoc ? #TenangAdaHalodoc""",bahasa_indonesia,"2023-03-15 11:36:39","2023-03-15 11:36:39",Dev,Dev
460,2591,460,meta_keywords,Produk Aksesoris Hewan lainnya Halodoc,bahasa_indonesia,"2023-03-15 11:36:39","2023-03-15 11:36:39",Dev,Dev
460,2590,460,name,Lainnya,bahasa_indonesia,"2023-03-15 11:36:39","2023-03-15 11:36:39",Dev,Dev
460,2589,460,name,Others,english,"2023-03-15 11:36:39","2023-03-15 11:36:39",Dev,Dev
458,2580,458,meta_description,"Dapatkan informasi Produk Pet Care Accessories Toys paling lengkap hanya di Halodoc. Konsultasi obat dengan dokter ? Order obat di Halodoc ? #TenangAdaHalodoc""",bahasa_indonesia,"2023-03-15 11:36:39","2023-03-15 11:36:39",Dev,Dev
458,2583,458,meta_keywords,Produk Mainan Hewan Halodoc,bahasa_indonesia,"2023-03-15 11:36:39","2023-03-15 11:36:39",Dev,Dev
458,2582,458,name,Mainan,bahasa_indonesia,"2023-03-15 11:36:39","2023-03-15 11:36:39",Dev,Dev
458,2581,458,name,Toys,english,"2023-03-15 11:36:39","2023-03-15 11:36:39",Dev,Dev
448,2540,448,meta_description,"Dapatkan informasi Produk Pet Care Foods For Cats paling lengkap hanya di Halodoc. Konsultasi obat dengan dokter ? Order obat di Halodoc ? #TenangAdaHalodoc""",bahasa_indonesia,"2023-03-15 11:36:39","2023-03-15 11:36:39",Dev,Dev
448,2543,448,meta_keywords,Produk Makanan Kucing Halodoc,bahasa_indonesia,"2023-03-15 11:36:39","2023-03-15 11:36:39",Dev,Dev
448,2542,448,name,Makanan Kucing,bahasa_indonesia,"2023-03-15 11:36:39","2023-03-15 11:36:39",Dev,Dev
448,2541,448,name,For Cats,english,"2023-03-15 11:36:39","2023-03-15 11:36:39",Dev,Dev
449,2544,449,meta_description,"Dapatkan informasi Produk Pet Care Foods For Dogs paling lengkap hanya di Halodoc. Konsultasi obat dengan dokter ? Order obat di Halodoc ? #TenangAdaHalodoc""",bahasa_indonesia,"2023-03-15 11:36:39","2023-03-15 11:36:39",Dev,Dev
449,2547,449,meta_keywords,Produk Makanan Anjing Halodoc,bahasa_indonesia,"2023-03-15 11:36:39","2023-03-15 11:36:39",Dev,Dev
449,2546,449,name,Makanan Anjing,bahasa_indonesia,"2023-03-15 11:36:39","2023-03-15 11:36:39",Dev,Dev
449,2545,449,name,For Dogs,english,"2023-03-15 11:36:39","2023-03-15 11:36:39",Dev,Dev
450,2548,450,meta_description,"Dapatkan informasi Produk Pet Care Foods Miscellaneous paling lengkap hanya di Halodoc. Konsultasi obat dengan dokter ? Order obat di Halodoc ? #TenangAdaHalodoc""",bahasa_indonesia,"2023-03-15 11:36:39","2023-03-15 11:36:39",Dev,Dev
450,2551,450,meta_keywords,Produk Makanan Hewan lainnya Halodoc,bahasa_indonesia,"2023-03-15 11:36:39","2023-03-15 11:36:39",Dev,Dev
450,2550,450,name,Lainnya,bahasa_indonesia,"2023-03-15 11:36:39","2023-03-15 11:36:39",Dev,Dev
450,2549,450,name,Miscellaneous,english,"2023-03-15 11:36:39","2023-03-15 11:36:39",Dev,Dev
184,2524,184,meta_description,Dapatkan informasi Produk Specialty Pet Food paling lengkap hanya di Halodoc. Konsultasi obat dengan dokter ? Order obat di Halodoc ? #TenangAdaHalodoc,bahasa_indonesia,"2023-03-15 11:28:42","2023-03-15 11:28:42",CC Token,CC Token
184,2526,184,meta_keywords,Produk Makanan Hewan Halodoc,bahasa_indonesia,"2023-03-15 11:28:43","2023-03-15 11:28:43",CC Token,CC Token
184,2525,184,meta_title,Specialty Pet Food,bahasa_indonesia,"2023-03-15 11:28:43","2023-03-15 11:28:43",CC Token,CC Token
184,1377,184,name,Makanan Khusus,bahasa_indonesia,"2023-03-10 21:26:06","2023-03-10 21:26:06",Dev,Dev
184,1376,184,name,Specialty Food,english,"2023-03-10 21:26:06","2023-03-10 21:26:06",Dev,Dev
184,2527,184,seo_url, ,english,"2023-03-15 11:28:43","2023-03-15 11:28:43",CC Token,CC Token
455,2568,455,meta_description,"Dapatkan informasi Produk Pet Care Grooming Conditioner paling lengkap hanya di Halodoc. Konsultasi obat dengan dokter ? Order obat di Halodoc ? #TenangAdaHalodoc""",bahasa_indonesia,"2023-03-15 11:36:39","2023-03-15 11:36:39",Dev,Dev
455,2571,455,meta_keywords,Produk Kondisioner Hewan Halodoc,bahasa_indonesia,"2023-03-15 11:36:39","2023-03-15 11:36:39",Dev,Dev
455,2570,455,name,Kondisioner,bahasa_indonesia,"2023-03-15 11:36:39","2023-03-15 11:36:39",Dev,Dev
455,2569,455,name,Conditioner,english,"2023-03-15 11:36:39","2023-03-15 11:36:39",Dev,Dev
456,2572,456,meta_description,"Dapatkan informasi Produk Pet Care Grooming Others paling lengkap hanya di Halodoc. Konsultasi obat dengan dokter ? Order obat di Halodoc ? #TenangAdaHalodoc""",bahasa_indonesia,"2023-03-15 11:36:39","2023-03-15 11:36:39",Dev,Dev
456,2575,456,meta_keywords,Produk Grooming Hewan lainnya Halodoc,bahasa_indonesia,"2023-03-15 11:36:39","2023-03-15 11:36:39",Dev,Dev
456,2574,456,name,Lainnya,bahasa_indonesia,"2023-03-15 11:36:39","2023-03-15 11:36:39",Dev,Dev
456,2573,456,name,Others,english,"2023-03-15 11:36:39","2023-03-15 11:36:39",Dev,Dev
454,2564,454,meta_description,"Dapatkan informasi Produk Pet Care Grooming Shampoo paling lengkap hanya di Halodoc. Konsultasi obat dengan dokter ? Order obat di Halodoc ? #TenangAdaHalodoc""",bahasa_indonesia,"2023-03-15 11:36:39","2023-03-15 11:36:39",Dev,Dev
454,2567,454,meta_keywords,Produk Shampoo Hewan Halodoc,bahasa_indonesia,"2023-03-15 11:36:39","2023-03-15 11:36:39",Dev,Dev
454,2566,454,name,Shampoo,bahasa_indonesia,"2023-03-15 11:36:39","2023-03-15 11:36:39",Dev,Dev
454,2565,454,name,Shampoo,english,"2023-03-15 11:36:39","2023-03-15 11:36:39",Dev,Dev
451,2552,451,meta_description,"Dapatkan informasi Produk Pet Care Medicines paling lengkap hanya di Halodoc. Konsultasi obat dengan dokter ? Order obat di Halodoc ? #TenangAdaHalodoc""",bahasa_indonesia,"2023-03-15 11:36:39","2023-03-15 11:36:39",Dev,Dev
451,2555,451,meta_keywords,Produk Obat Hewan Halodoc,bahasa_indonesia,"2023-03-15 11:36:39","2023-03-15 11:36:39",Dev,Dev
451,2554,451,name,Obat,bahasa_indonesia,"2023-03-15 11:36:39","2023-03-15 11:36:39",Dev,Dev
451,2553,451,name,Medicines,english,"2023-03-15 11:36:39","2023-03-15 11:36:39",Dev,Dev
453,2560,453,meta_description,"Dapatkan informasi Produk Pet Care Medicine & Supplements Miscellaneous paling lengkap hanya di Halodoc. Konsultasi obat dengan dokter ? Order obat di Halodoc ? #TenangAdaHalodoc""",bahasa_indonesia,"2023-03-15 11:36:39","2023-03-15 11:36:39",Dev,Dev
453,2563,453,meta_keywords,Produk Obat & Suplemen lainnya Hewan Halodoc,bahasa_indonesia,"2023-03-15 11:36:39","2023-03-15 11:36:39",Dev,Dev
453,2562,453,name,Lainnya,bahasa_indonesia,"2023-03-15 11:36:39","2023-03-15 11:36:39",Dev,Dev
453,2561,453,name,Miscellaneous,english,"2023-03-15 11:36:39","2023-03-15 11:36:39",Dev,Dev
452,2556,452,meta_description,"Dapatkan informasi Produk Pet Care Supplements paling lengkap hanya di Halodoc. Konsultasi obat dengan dokter ? Order obat di Halodoc ? #TenangAdaHalodoc""",bahasa_indonesia,"2023-03-15 11:36:39","2023-03-15 11:36:39",Dev,Dev
452,2559,452,meta_keywords,Produk Suplemen Hewan Halodoc,bahasa_indonesia,"2023-03-15 11:36:39","2023-03-15 11:36:39",Dev,Dev
452,2558,452,name,Suplemen,bahasa_indonesia,"2023-03-15 11:36:39","2023-03-15 11:36:39",Dev,Dev
452,2557,452,name,Supplements,english,"2023-03-15 11:36:39","2023-03-15 11:36:39",Dev,Dev
794,4835,794,meta_description,Temukan obat Sembelit & Wasir paling lengkap hanya di Halodoc. Konsultasi obat dengan dokter Order obat di Halodoc ? #TenangMenjaga,bahasa_indonesia,"2024-02-23 17:25:56","2024-02-23 17:25:56",Dev,Dev
794,4834,794,meta_keywords,Produk Sembelit & Wasir Obat Perawatan Halodoc,bahasa_indonesia,"2024-02-23 17:25:56","2024-02-23 17:25:56",Dev,Dev
794,4837,794,name,Sembelit & Wasir,bahasa_indonesia,"2024-02-23 17:25:56","2024-02-23 17:25:56",Dev,Dev
794,4836,794,name,Constipation & Hemorrhoids,english,"2024-02-23 17:25:56","2024-02-23 17:25:56",Dev,Dev
793,4831,793,meta_description,Temukan obat Diare paling lengkap hanya di Halodoc. Konsultasi obat dengan dokter Order obat di Halodoc ? #TenangMenjaga,bahasa_indonesia,"2024-02-23 17:25:56","2024-02-23 17:25:56",Dev,Dev
793,4830,793,meta_keywords,Produk Diare Obat Perawatan Halodoc,bahasa_indonesia,"2024-02-23 17:25:56","2024-02-23 17:25:56",Dev,Dev
793,4833,793,name,Diare,bahasa_indonesia,"2024-02-23 17:25:56","2024-02-23 17:25:56",Dev,Dev
793,4832,793,name,Diarrhea,english,"2024-02-23 17:25:56","2024-02-23 17:25:56",Dev,Dev
792,4827,792,meta_description,Temukan obat Asam Lambung paling lengkap hanya di Halodoc. Konsultasi obat dengan dokter Order obat di Halodoc ? #TenangMenjaga,bahasa_indonesia,"2024-02-23 17:25:56","2024-02-23 17:25:56",Dev,Dev
792,4826,792,meta_keywords,Produk Asam Lambung Obat Perawatan Halodoc,bahasa_indonesia,"2024-02-23 17:25:56","2024-02-23 17:25:56",Dev,Dev
792,4829,792,name,Asam Lambung,bahasa_indonesia,"2024-02-23 17:25:56","2024-02-23 17:25:56",Dev,Dev
792,4828,792,name,Acid Reflex & GERD,english,"2024-02-23 17:25:56","2024-02-23 17:25:56",Dev,Dev
795,4839,795,meta_description,Temukan obat Mual & muntah paling lengkap hanya di Halodoc. Konsultasi obat dengan dokter Order obat di Halodoc ? #TenangMenjaga,bahasa_indonesia,"2024-02-23 17:25:56","2024-02-23 17:25:56",Dev,Dev
795,4838,795,meta_keywords,Produk Mual & muntah Obat Perawatan Halodoc,bahasa_indonesia,"2024-02-23 17:25:56","2024-02-23 17:25:56",Dev,Dev
795,4841,795,name,Mual & muntah,bahasa_indonesia,"2024-02-23 17:25:56","2024-02-23 17:25:56",Dev,Dev
795,4840,795,name,Nausea & Vomiting,english,"2024-02-23 17:25:56","2024-02-23 17:25:56",Dev,Dev
796,4843,796,meta_description,Temukan obat Probiotik paling lengkap hanya di Halodoc. Konsultasi obat dengan dokter Order obat di Halodoc ? #TenangMenjaga,bahasa_indonesia,"2024-02-23 17:25:56","2024-02-23 17:25:56",Dev,Dev
796,4842,796,meta_keywords,Produk Probiotik Obat Perawatan Halodoc,bahasa_indonesia,"2024-02-23 17:25:56","2024-02-23 17:25:56",Dev,Dev
796,4845,796,name,Probiotik,bahasa_indonesia,"2024-02-23 17:25:56","2024-02-23 17:25:56",Dev,Dev
796,4844,796,name,Probiotics,english,"2024-02-23 17:25:56","2024-02-23 17:25:56",Dev,Dev
804,4875,804,meta_description,Temukan obat Terapi Panas & Dingin paling lengkap hanya di Halodoc. Konsultasi obat dengan dokter Order obat di Halodoc ? #TenangMenjaga,bahasa_indonesia,"2024-02-23 17:25:57","2024-02-23 17:25:57",Dev,Dev
804,4874,804,meta_keywords,Produk Terapi Panas & Dingin Obat Perawatan Halodoc,bahasa_indonesia,"2024-02-23 17:25:57","2024-02-23 17:25:57",Dev,Dev
804,4877,804,name,Terapi Panas & Dingin,bahasa_indonesia,"2024-02-23 17:25:57","2024-02-23 17:25:57",Dev,Dev
804,4876,804,name,Hot & Cold Therapy,english,"2024-02-23 17:25:57","2024-02-23 17:25:57",Dev,Dev
803,4871,803,meta_description,"Dapatkan obat lengkap Pereda Demam & Nyeri di Halodoc: dosis, aturan pakai, dan efek samping. 1 Jam Sampai, Dikirim dari Apotek Tepercaya, Buka 24 Jam*",bahasa_indonesia,"2024-02-23 17:25:57","2025-05-06 15:01:02",Dev,Dev
803,4870,803,meta_keywords,Produk Pereda Demam & Nyeri Obat Perawatan Halodoc,bahasa_indonesia,"2024-02-23 17:25:57","2024-02-23 17:25:57",Dev,Dev
803,5536,803,meta_title,Beli Obat Pereda Demam & Nyeri di Halodoc - 100% Produk Asli,bahasa_indonesia,"2025-05-06 15:16:50","2025-05-06 15:16:50",CC Token,CC Token
803,4873,803,name,Pereda Demam & Nyeri,bahasa_indonesia,"2024-02-23 17:25:57","2024-02-23 17:25:57",Dev,Dev
803,4872,803,name,Fever & Pain Relief,english,"2024-02-23 17:25:57","2024-02-23 17:25:57",Dev,Dev
803,5537,803,seo_url,"",english,"2025-05-06 15:16:50","2025-05-06 15:16:50",CC Token,CC Token
798,4851,798,meta_description,Temukan obat Vitamin Anak paling lengkap hanya di Halodoc. Konsultasi obat dengan dokter Order obat di Halodoc ? #TenangMenjaga,bahasa_indonesia,"2024-02-23 17:25:56","2024-02-23 17:25:56",Dev,Dev
798,4850,798,meta_keywords,Produk Vitamin Anak Obat Perawatan Halodoc,bahasa_indonesia,"2024-02-23 17:25:56","2024-02-23 17:25:56",Dev,Dev
798,4853,798,name,Vitamin Anak,bahasa_indonesia,"2024-02-23 17:25:56","2024-02-23 17:25:56",Dev,Dev
798,4852,798,name,For Baby & KIds,english,"2024-02-23 17:25:56","2024-02-23 17:25:56",Dev,Dev
799,4855,799,meta_description,Temukan obat Vitamin Tulang & Otot paling lengkap hanya di Halodoc. Konsultasi obat dengan dokter Order obat di Halodoc ? #TenangMenjaga,bahasa_indonesia,"2024-02-23 17:25:56","2024-02-23 17:25:56",Dev,Dev
799,4854,799,meta_keywords,Produk Vitamin Tulang & Otot Obat Perawatan Halodoc,bahasa_indonesia,"2024-02-23 17:25:56","2024-02-23 17:25:56",Dev,Dev
799,4857,799,name,Vitamin Tulang & Otot,bahasa_indonesia,"2024-02-23 17:25:56","2024-02-23 17:25:56",Dev,Dev
799,4856,799,name,Bone & Joint,english,"2024-02-23 17:25:56","2024-02-23 17:25:56",Dev,Dev
801,4863,801,meta_description,Temukan obat Madu paling lengkap hanya di Halodoc. Konsultasi obat dengan dokter Order obat di Halodoc ? #TenangMenjaga,bahasa_indonesia,"2024-02-23 17:25:56","2024-02-23 17:25:56",Dev,Dev
801,4862,801,meta_keywords,Produk Madu Obat Perawatan Halodoc,bahasa_indonesia,"2024-02-23 17:25:56","2024-02-23 17:25:56",Dev,Dev
801,4865,801,name,Madu,bahasa_indonesia,"2024-02-23 17:25:56","2024-02-23 17:25:56",Dev,Dev
801,4864,801,name,Honey,english,"2024-02-23 17:25:56","2024-02-23 17:25:56",Dev,Dev
802,4867,802,meta_description,Temukan obat Multivitamin paling lengkap hanya di Halodoc. Konsultasi obat dengan dokter Order obat di Halodoc ? #TenangMenjaga,bahasa_indonesia,"2024-02-23 17:25:57","2024-02-23 17:25:57",Dev,Dev
802,4866,802,meta_keywords,Produk Multivitamin Obat Perawatan Halodoc,bahasa_indonesia,"2024-02-23 17:25:57","2024-02-23 17:25:57",Dev,Dev
802,4869,802,name,Multivitamin,bahasa_indonesia,"2024-02-23 17:25:57","2024-02-23 17:25:57",Dev,Dev
802,4868,802,name,Multivitamins,english,"2024-02-23 17:25:57","2024-02-23 17:25:57",Dev,Dev
800,4859,800,meta_description,Temukan obat Produk Alami paling lengkap hanya di Halodoc. Konsultasi obat dengan dokter Order obat di Halodoc ? #TenangMenjaga,bahasa_indonesia,"2024-02-23 17:25:56","2024-02-23 17:25:56",Dev,Dev
800,4858,800,meta_keywords,Produk Produk Alami Obat Perawatan Halodoc,bahasa_indonesia,"2024-02-23 17:25:56","2024-02-23 17:25:56",Dev,Dev
800,4861,800,name,Produk Alami,bahasa_indonesia,"2024-02-23 17:25:56","2024-02-23 17:25:56",Dev,Dev
800,4860,800,name,Natural Products,english,"2024-02-23 17:25:56","2024-02-23 17:25:56",Dev,Dev
797,4847,797,meta_description,Temukan obat Imunitas paling lengkap hanya di Halodoc. Konsultasi obat dengan dokter Order obat di Halodoc ? #TenangMenjaga,bahasa_indonesia,"2024-02-23 17:25:56","2024-02-23 17:25:56",Dev,Dev
797,4846,797,meta_keywords,Produk Imunitas Obat Perawatan Halodoc,bahasa_indonesia,"2024-02-23 17:25:56","2024-02-23 17:25:56",Dev,Dev
797,4849,797,name,Imunitas,bahasa_indonesia,"2024-02-23 17:25:56","2024-02-23 17:25:56",Dev,Dev
797,4848,797,name,Wellness & Immunity,english,"2024-02-23 17:25:56","2024-02-23 17:25:56",Dev,Dev
805,4879,805,meta_description,Temukan obat Obat Kumur Antiseptik paling lengkap hanya di Halodoc. Konsultasi obat dengan dokter Order obat di Halodoc ? #TenangMenjaga,bahasa_indonesia,"2024-02-23 17:25:57","2024-02-23 17:25:57",Dev,Dev
805,4878,805,meta_keywords,Produk Obat Kumur Antiseptik Obat Perawatan Halodoc,bahasa_indonesia,"2024-02-23 17:25:57","2024-02-23 17:25:57",Dev,Dev
805,4881,805,name,Obat Kumur Antiseptik,bahasa_indonesia,"2024-02-23 17:25:57","2024-02-23 17:25:57",Dev,Dev
805,4880,805,name,Antiseptic Mouthwash,english,"2024-02-23 17:25:57","2024-02-23 17:25:57",Dev,Dev
807,4887,807,meta_description,Temukan obat Pelega Tenggorokan paling lengkap hanya di Halodoc. Konsultasi obat dengan dokter Order obat di Halodoc ? #TenangMenjaga,bahasa_indonesia,"2024-02-23 17:25:57","2024-02-23 17:25:57",Dev,Dev
807,4886,807,meta_keywords,Produk Pelega Tenggorokan Obat Perawatan Halodoc,bahasa_indonesia,"2024-02-23 17:25:57","2024-02-23 17:25:57",Dev,Dev
807,4889,807,name,Pelega Tenggorokan,bahasa_indonesia,"2024-02-23 17:25:57","2024-02-23 17:25:57",Dev,Dev
807,4888,807,name,Lozenges,english,"2024-02-23 17:25:57","2024-02-23 17:25:57",Dev,Dev
806,4883,806,meta_description,Temukan obat Sariawan paling lengkap hanya di Halodoc. Konsultasi obat dengan dokter Order obat di Halodoc ? #TenangMenjaga,bahasa_indonesia,"2024-02-23 17:25:57","2024-02-23 17:25:57",Dev,Dev
806,4882,806,meta_keywords,Produk Sariawan Obat Perawatan Halodoc,bahasa_indonesia,"2024-02-23 17:25:57","2024-02-23 17:25:57",Dev,Dev
806,4885,806,name,Sariawan,bahasa_indonesia,"2024-02-23 17:25:57","2024-02-23 17:25:57",Dev,Dev
806,4884,806,name,Mouth Ulcers,english,"2024-02-23 17:25:57","2024-02-23 17:25:57",Dev,Dev
942,5627,942,meta_description,"Dapatkan informasi Suplemen paling lengkap hanya di Halodoc. Konsultasi obat dengan dokter ? Order obat di Halodoc ? 
#TenangAdaHalodoc",bahasa_indonesia,"2025-06-20 10:17:11","2025-06-20 10:17:11",Dev,Dev
942,5626,942,meta_keywords,Suplemen Halodoc,bahasa_indonesia,"2025-06-20 10:17:11","2025-06-20 10:17:11",Dev,Dev
942,5628,942,name,Suplemen,bahasa_indonesia,"2025-06-20 10:17:11","2025-06-20 10:17:11",Dev,Dev
942,5629,942,name,Supplements,english,"2025-06-20 10:17:11","2025-06-20 10:17:11",Dev,Dev
945,5639,945,meta_description,"Dapatkan informasi Termometer paling lengkap hanya di Halodoc. Konsultasi obat dengan dokter ? Order obat di Halodoc ? 
#TenangAdaHalodoc",bahasa_indonesia,"2025-06-20 10:17:12","2025-06-20 10:17:12",Dev,Dev
945,5638,945,meta_keywords,Termometer Halodoc,bahasa_indonesia,"2025-06-20 10:17:12","2025-06-20 10:17:12",Dev,Dev
945,5640,945,name,Termometer,bahasa_indonesia,"2025-06-20 10:17:12","2025-06-20 10:17:12",Dev,Dev
945,5641,945,name,Thermometer,english,"2025-06-20 10:17:12","2025-06-20 10:17:12",Dev,Dev
229,1571,229,meta_description,Dapatkan informasi Produk Vitamin & Supplements Anemia paling lengkap hanya di Halodoc. Konsultasi obat dengan dokter ? Order obat di Halodoc ? #TenangAdaHalodoc,bahasa_indonesia,"2023-03-14 11:12:53","2023-03-14 11:12:53",Dev,Dev
229,1570,229,meta_keywords,Produk Anemia Vitamin Suplemen Halodoc,bahasa_indonesia,"2023-03-14 11:12:53","2023-03-14 11:12:53",Dev,Dev
229,1572,229,name,Anemia,bahasa_indonesia,"2023-03-14 11:12:53","2023-03-14 11:12:53",Dev,Dev
229,1573,229,name,Anemia,english,"2023-03-14 11:12:53","2023-03-14 11:12:53",Dev,Dev
230,1575,230,meta_description,Dapatkan informasi Produk Vitamin & Supplements Appetite Boosters paling lengkap hanya di Halodoc. Konsultasi obat dengan dokter ? Order obat di Halodoc ? #TenangAdaHalodoc,bahasa_indonesia,"2023-03-14 11:12:53","2023-03-14 11:12:53",Dev,Dev
230,1574,230,meta_keywords,Produk Penambah Nafsu Makan Vitamin Suplemen Halodoc,bahasa_indonesia,"2023-03-14 11:12:53","2023-03-14 11:12:53",Dev,Dev
230,1576,230,name,Penambah Nafsu Makan,bahasa_indonesia,"2023-03-14 11:12:53","2023-03-14 11:12:53",Dev,Dev
230,1577,230,name,Appetite Boosters,english,"2023-03-14 11:12:53","2023-03-14 11:12:53",Dev,Dev
228,1567,228,meta_description,Dapatkan informasi Produk Vitamin & Supplements Immunity Boosters paling lengkap hanya di Halodoc. Konsultasi obat dengan dokter ? Order obat di Halodoc ? #TenangAdaHalodoc,bahasa_indonesia,"2023-03-14 11:12:53","2023-03-14 11:12:53",Dev,Dev
228,1566,228,meta_keywords,Produk Imun Booster Vitamin Suplemen Halodoc,bahasa_indonesia,"2023-03-14 11:12:53","2023-03-14 11:12:53",Dev,Dev
228,1568,228,name,Imun Booster,bahasa_indonesia,"2023-03-14 11:12:53","2023-03-14 11:12:53",Dev,Dev
228,1569,228,name,Immunity Boosters,english,"2023-03-14 11:12:53","2023-03-14 11:12:53",Dev,Dev
227,1563,227,meta_description,Dapatkan informasi Produk Vitamin & Supplements Multivitamins paling lengkap hanya di Halodoc. Konsultasi obat dengan dokter ? Order obat di Halodoc ? #TenangAdaHalodoc,bahasa_indonesia,"2023-03-14 11:12:53","2023-03-14 11:12:53",Dev,Dev
227,1562,227,meta_keywords,Produk Multivitamin Vitamin Suplemen Halodoc,bahasa_indonesia,"2023-03-14 11:12:53","2023-03-14 11:12:53",Dev,Dev
227,1564,227,name,Multivitamin,bahasa_indonesia,"2023-03-14 11:12:53","2023-03-14 11:12:53",Dev,Dev
227,1565,227,name,Multivitamins,english,"2023-03-14 11:12:53","2023-03-14 11:12:53",Dev,Dev
233,1587,233,meta_description,Dapatkan informasi Produk Vitamin & Supplements Antioxidants paling lengkap hanya di Halodoc. Konsultasi obat dengan dokter ? Order obat di Halodoc ? #TenangAdaHalodoc,bahasa_indonesia,"2023-03-14 11:12:53","2023-03-14 11:12:53",Dev,Dev
233,1586,233,meta_keywords,Produk Antioksidan Vitamin Suplemen Halodoc,bahasa_indonesia,"2023-03-14 11:12:53","2023-03-14 11:12:53",Dev,Dev
233,1588,233,name,Antioksidan,bahasa_indonesia,"2023-03-14 11:12:53","2023-03-14 11:12:53",Dev,Dev
233,1589,233,name,Antioxidants,english,"2023-03-14 11:12:53","2023-03-14 11:12:53",Dev,Dev
231,1579,231,meta_description,"Dapatkan produk lengkap Rambut, Kulit & Kuku di Halodoc: dosis, aturan pakai, dan efek samping. 1 Jam Sampai, Dikirim dari Apotek Tepercaya, Buka 24 Jam*",bahasa_indonesia,"2023-03-14 11:12:53","2025-05-06 15:01:03",Dev,Dev
231,1578,231,meta_keywords,"Produk Rambut, Kulit & Kuku Vitamin Suplemen Halodoc",bahasa_indonesia,"2023-03-14 11:12:53","2023-03-14 11:12:53",Dev,Dev
231,5538,231,meta_title,"Beli Produk Kesehatan Rambut, Kulit & Kuku di Halodoc-100% Produk Asli",bahasa_indonesia,"2025-05-06 15:18:02","2025-05-06 15:18:02",CC Token,CC Token
231,1580,231,name,"Rambut, Kulit & Kuku",bahasa_indonesia,"2023-03-14 11:12:53","2023-03-14 11:12:53",Dev,Dev
231,1581,231,name,"Hair, Skin & Nails",english,"2023-03-14 11:12:53","2023-03-14 11:12:53",Dev,Dev
231,5539,231,seo_url,"",english,"2025-05-06 15:18:02","2025-05-06 15:18:02",CC Token,CC Token
232,1583,232,meta_description,"Dapatkan produk lengkap Vitamin E di Halodoc: dosis, aturan pakai, dan efek samping. 1 Jam Sampai, Dikirim dari Apotek Tepercaya, Buka 24 Jam*",bahasa_indonesia,"2023-03-14 11:12:53","2025-05-06 15:01:03",Dev,Dev
232,1582,232,meta_keywords,Produk Vitamin E Vitamin Suplemen Halodoc,bahasa_indonesia,"2023-03-14 11:12:53","2023-03-14 11:12:53",Dev,Dev
232,5541,232,meta_title,Beli Produk Vitamin E di Halodoc - 100% Produk Asli,bahasa_indonesia,"2025-05-06 15:18:23","2025-05-06 15:18:23",CC Token,CC Token
232,1584,232,name,Vitamin E,bahasa_indonesia,"2023-03-14 11:12:53","2023-03-14 11:12:53",Dev,Dev
232,1585,232,name,Vitamin E,english,"2023-03-14 11:12:53","2023-03-14 11:12:53",Dev,Dev
232,5540,232,seo_url,"",english,"2025-05-06 15:18:23","2025-05-06 15:18:23",CC Token,CC Token
239,1611,239,meta_description,Dapatkan informasi Produk Vitamin & Supplements Bones & Dental paling lengkap hanya di Halodoc. Konsultasi obat dengan dokter ? Order obat di Halodoc ? #TenangAdaHalodoc,bahasa_indonesia,"2023-03-14 11:12:54","2023-03-14 11:12:54",Dev,Dev
239,1610,239,meta_keywords,Produk Tulang & Gigi Vitamin Suplemen Halodoc,bahasa_indonesia,"2023-03-14 11:12:54","2023-03-14 11:12:54",Dev,Dev
239,1612,239,name,Tulang & Gigi,bahasa_indonesia,"2023-03-14 11:12:54","2023-03-14 11:12:54",Dev,Dev
239,1613,239,name,Bones & Dental,english,"2023-03-14 11:12:54","2023-03-14 11:12:54",Dev,Dev
240,1615,240,meta_description,Dapatkan informasi Produk Vitamin & Supplements Joint Support paling lengkap hanya di Halodoc. Konsultasi obat dengan dokter ? Order obat di Halodoc ? #TenangAdaHalodoc,bahasa_indonesia,"2023-03-14 11:12:54","2023-03-14 11:12:54",Dev,Dev
240,1614,240,meta_keywords,Produk Persendian Vitamin Suplemen Halodoc,bahasa_indonesia,"2023-03-14 11:12:54","2023-03-14 11:12:54",Dev,Dev
240,1616,240,name,Persendian,bahasa_indonesia,"2023-03-14 11:12:54","2023-03-14 11:12:54",Dev,Dev
240,1617,240,name,Joint Support,english,"2023-03-14 11:12:54","2023-03-14 11:12:54",Dev,Dev
245,1635,245,meta_description,Dapatkan informasi Produk Vitamin & Supplements Drinks paling lengkap hanya di Halodoc. Konsultasi obat dengan dokter ? Order obat di Halodoc ? #TenangAdaHalodoc,bahasa_indonesia,"2023-03-14 11:12:54","2023-03-14 11:12:54",Dev,Dev
245,1634,245,meta_keywords,Produk Produk Minuman Vitamin Suplemen Halodoc,bahasa_indonesia,"2023-03-14 11:12:54","2023-03-14 11:12:54",Dev,Dev
245,1636,245,name,Produk Minuman,bahasa_indonesia,"2023-03-14 11:12:54","2023-03-14 11:12:54",Dev,Dev
245,1637,245,name,Drinks,english,"2023-03-14 11:12:54","2023-03-14 11:12:54",Dev,Dev
243,1627,243,meta_description,Dapatkan informasi Produk Vitamin & Supplements Other Nutrition paling lengkap hanya di Halodoc. Konsultasi obat dengan dokter ? Order obat di Halodoc ? #TenangAdaHalodoc,bahasa_indonesia,"2023-03-14 11:12:54","2023-03-14 11:12:54",Dev,Dev
243,1626,243,meta_keywords,Produk Nutrisi Lainnya Vitamin Suplemen Halodoc,bahasa_indonesia,"2023-03-14 11:12:54","2023-03-14 11:12:54",Dev,Dev
243,1628,243,name,Nutrisi Lainnya,bahasa_indonesia,"2023-03-14 11:12:54","2023-03-14 11:12:54",Dev,Dev
243,1629,243,name,Other Nutrition,english,"2023-03-14 11:12:54","2023-03-14 11:12:54",Dev,Dev
244,1631,244,meta_description,Dapatkan informasi Produk Vitamin & Supplements Bars & Snacks paling lengkap hanya di Halodoc. Konsultasi obat dengan dokter ? Order obat di Halodoc ? #TenangAdaHalodoc,bahasa_indonesia,"2023-03-14 11:12:54","2023-03-14 11:12:54",Dev,Dev
244,1630,244,meta_keywords,Produk Snack Sehat Vitamin Suplemen Halodoc,bahasa_indonesia,"2023-03-14 11:12:54","2023-03-14 11:12:54",Dev,Dev
244,1632,244,name,Snack Sehat,bahasa_indonesia,"2023-03-14 11:12:54","2023-03-14 11:12:54",Dev,Dev
244,1633,244,name,Bars & Snacks,english,"2023-03-14 11:12:54","2023-03-14 11:12:54",Dev,Dev
242,1623,242,meta_description,Dapatkan informasi Produk Vitamin & Supplements Weight & Muscle Gainers paling lengkap hanya di Halodoc. Konsultasi obat dengan dokter ? Order obat di Halodoc ? #TenangAdaHalodoc,bahasa_indonesia,"2023-03-14 11:12:54","2023-03-14 11:12:54",Dev,Dev
242,1622,242,meta_keywords,Produk Penambah Berat & Otot Vitamin Suplemen Halodoc,bahasa_indonesia,"2023-03-14 11:12:54","2023-03-14 11:12:54",Dev,Dev
242,1624,242,name,Penambah Berat & Otot,bahasa_indonesia,"2023-03-14 11:12:54","2023-03-14 11:12:54",Dev,Dev
242,1625,242,name,Weight & Muscle Gainers,english,"2023-03-14 11:12:54","2023-03-14 11:12:54",Dev,Dev
241,1619,241,meta_description,"Dapatkan produk lengkap Penurun Berat Badan di Halodoc: dosis, aturan pakai, dan efek samping. 1 Jam Sampai, Dikirim dari Apotek Tepercaya, Buka 24 Jam*",bahasa_indonesia,"2023-03-14 11:12:54","2025-05-06 15:01:03",Dev,Dev
241,1618,241,meta_keywords,Produk Penurun Berat Badan Vitamin Suplemen Halodoc,bahasa_indonesia,"2023-03-14 11:12:54","2023-03-14 11:12:54",Dev,Dev
241,5543,241,meta_title,Beli Produk Penurun Berat Badan di Halodoc - 100% Produk Asli,bahasa_indonesia,"2025-05-06 15:18:45","2025-05-06 15:18:45",CC Token,CC Token
241,1620,241,name,Penurun Berat Badan,bahasa_indonesia,"2023-03-14 11:12:54","2023-03-14 11:12:54",Dev,Dev
241,1621,241,name,Weight Loss,english,"2023-03-14 11:12:54","2023-03-14 11:12:54",Dev,Dev
241,5542,241,seo_url,"",english,"2025-05-06 15:18:45","2025-05-06 15:18:45",CC Token,CC Token
237,1603,237,meta_description,"Dapatkan produk lengkap Enzim Pencernaan di Halodoc: dosis, aturan pakai, dan efek samping. 1 Jam Sampai, Dikirim dari Apotek Tepercaya, Buka 24 Jam*",bahasa_indonesia,"2023-03-14 11:12:53","2025-05-06 15:01:03",Dev,Dev
237,1602,237,meta_keywords,Produk Enzim Pencernaan Vitamin Suplemen Halodoc,bahasa_indonesia,"2023-03-14 11:12:53","2023-03-14 11:12:53",Dev,Dev
237,5545,237,meta_title,Beli Produk Enzim Pencernaan di Halodoc - 100% Produk Asli,bahasa_indonesia,"2025-05-06 15:19:05","2025-05-06 15:19:05",CC Token,CC Token
237,1604,237,name,Enzim Pencernaan,bahasa_indonesia,"2023-03-14 11:12:53","2023-03-14 11:12:53",Dev,Dev
237,1605,237,name,Digestive Enzymes,english,"2023-03-14 11:12:53","2023-03-14 11:12:53",Dev,Dev
237,5544,237,seo_url,"",english,"2025-05-06 15:19:05","2025-05-06 15:19:05",CC Token,CC Token
238,1607,238,meta_description,Dapatkan informasi Produk Vitamin & Supplements Fiber paling lengkap hanya di Halodoc. Konsultasi obat dengan dokter ? Order obat di Halodoc ? #TenangAdaHalodoc,bahasa_indonesia,"2023-03-14 11:12:53","2023-03-14 11:12:53",Dev,Dev
238,1606,238,meta_keywords,Produk Serat Vitamin Suplemen Halodoc,bahasa_indonesia,"2023-03-14 11:12:53","2023-03-14 11:12:53",Dev,Dev
238,1608,238,name,Serat,bahasa_indonesia,"2023-03-14 11:12:54","2023-03-14 11:12:54",Dev,Dev
238,1609,238,name,Fiber,english,"2023-03-14 11:12:54","2023-03-14 11:12:54",Dev,Dev
236,1599,236,meta_description,Dapatkan informasi Produk Vitamin & Supplements Probiotics paling lengkap hanya di Halodoc. Konsultasi obat dengan dokter ? Order obat di Halodoc ? #TenangAdaHalodoc,bahasa_indonesia,"2023-03-14 11:12:53","2023-03-14 11:12:53",Dev,Dev
236,1598,236,meta_keywords,Produk Probiotik Vitamin Suplemen Halodoc,bahasa_indonesia,"2023-03-14 11:12:53","2023-03-14 11:12:53",Dev,Dev
236,1600,236,name,Probiotik,bahasa_indonesia,"2023-03-14 11:12:53","2023-03-14 11:12:53",Dev,Dev
236,1601,236,name,Probiotics,english,"2023-03-14 11:12:53","2023-03-14 11:12:53",Dev,Dev
257,1683,257,meta_description,Dapatkan informasi Produk Vitamin & Supplements For Baby & Kids paling lengkap hanya di Halodoc. Konsultasi obat dengan dokter ? Order obat di Halodoc ? #TenangAdaHalodoc,bahasa_indonesia,"2023-03-14 11:12:54","2023-03-14 11:12:54",Dev,Dev
257,1682,257,meta_keywords,Produk Untuk Bayi & Anak Vitamin Suplemen Halodoc,bahasa_indonesia,"2023-03-14 11:12:54","2023-03-14 11:12:54",Dev,Dev
257,1684,257,name,Untuk Bayi & Anak,bahasa_indonesia,"2023-03-14 11:12:54","2023-03-14 11:12:54",Dev,Dev
257,1685,257,name,For Baby & Kids,english,"2023-03-14 11:12:54","2023-03-14 11:12:54",Dev,Dev
256,1679,256,meta_description,Dapatkan informasi Produk Vitamin & Supplements Bones & Dental paling lengkap hanya di Halodoc. Konsultasi obat dengan dokter ? Order obat di Halodoc ? #TenangAdaHalodoc,bahasa_indonesia,"2023-03-14 11:12:54","2023-03-14 11:12:54",Dev,Dev
256,1678,256,meta_keywords,Produk Tulang & Gigi Vitamin Suplemen Halodoc,bahasa_indonesia,"2023-03-14 11:12:54","2023-03-14 11:12:54",Dev,Dev
256,1680,256,name,Tulang & Gigi,bahasa_indonesia,"2023-03-14 11:12:54","2023-03-14 11:12:54",Dev,Dev
256,1681,256,name,Bones & Dental,english,"2023-03-14 11:12:54","2023-03-14 11:12:54",Dev,Dev
259,1691,259,meta_description,Dapatkan informasi Produk Vitamin & Supplements For Men paling lengkap hanya di Halodoc. Konsultasi obat dengan dokter ? Order obat di Halodoc ? #TenangAdaHalodoc,bahasa_indonesia,"2023-03-14 11:12:54","2023-03-14 11:12:54",Dev,Dev
259,1690,259,meta_keywords,Produk Untuk Pria Vitamin Suplemen Halodoc,bahasa_indonesia,"2023-03-14 11:12:54","2023-03-14 11:12:54",Dev,Dev
259,1692,259,name,Untuk Pria,bahasa_indonesia,"2023-03-14 11:12:54","2023-03-14 11:12:54",Dev,Dev
259,1693,259,name,For Men,english,"2023-03-14 11:12:54","2023-03-14 11:12:54",Dev,Dev
260,1695,260,meta_description,Dapatkan informasi Produk Vitamin & Supplements Miscellaneous paling lengkap hanya di Halodoc. Konsultasi obat dengan dokter ? Order obat di Halodoc ? #TenangAdaHalodoc,bahasa_indonesia,"2023-03-14 11:12:54","2023-03-14 11:12:54",Dev,Dev
260,1694,260,meta_keywords,Produk Lainnya Vitamin Suplemen Halodoc,bahasa_indonesia,"2023-03-14 11:12:54","2023-03-14 11:12:54",Dev,Dev
260,1696,260,name,Lainnya,bahasa_indonesia,"2023-03-14 11:12:54","2023-03-14 11:12:54",Dev,Dev
260,1697,260,name,Miscellaneous,english,"2023-03-14 11:12:54","2023-03-14 11:12:54",Dev,Dev
255,1675,255,meta_description,Dapatkan informasi Produk Vitamin & Supplements Wellness & Immunity paling lengkap hanya di Halodoc. Konsultasi obat dengan dokter ? Order obat di Halodoc ? #TenangAdaHalodoc,bahasa_indonesia,"2023-03-14 11:12:54","2023-03-14 11:12:54",Dev,Dev
255,1674,255,meta_keywords,Produk Kesehatan & Imunitas Vitamin Suplemen Halodoc,bahasa_indonesia,"2023-03-14 11:12:54","2023-03-14 11:12:54",Dev,Dev
255,1676,255,name,Kesehatan & Imunitas,bahasa_indonesia,"2023-03-14 11:12:54","2023-03-14 11:12:54",Dev,Dev
255,1677,255,name,Wellness & Immunity,english,"2023-03-14 11:12:54","2023-03-14 11:12:54",Dev,Dev
258,1687,258,meta_description,Dapatkan informasi Produk Vitamin & Supplements For Women paling lengkap hanya di Halodoc. Konsultasi obat dengan dokter ? Order obat di Halodoc ? #TenangAdaHalodoc,bahasa_indonesia,"2023-03-14 11:12:54","2023-03-14 11:12:54",Dev,Dev
258,1686,258,meta_keywords,Produk Untuk Wanita Vitamin Suplemen Halodoc,bahasa_indonesia,"2023-03-14 11:12:54","2023-03-14 11:12:54",Dev,Dev
258,1688,258,name,Untuk Wanita,bahasa_indonesia,"2023-03-14 11:12:54","2023-03-14 11:12:54",Dev,Dev
258,1689,258,name,For Women,english,"2023-03-14 11:12:54","2023-03-14 11:12:54",Dev,Dev
234,1591,234,meta_description,Dapatkan informasi Produk Vitamin & Supplements Prostate Health paling lengkap hanya di Halodoc. Konsultasi obat dengan dokter ? Order obat di Halodoc ? #TenangAdaHalodoc,bahasa_indonesia,"2023-03-14 11:12:53","2023-03-14 11:12:53",Dev,Dev
234,1590,234,meta_keywords,Produk Kesehatan Prostat Vitamin Suplemen Halodoc,bahasa_indonesia,"2023-03-14 11:12:53","2023-03-14 11:12:53",Dev,Dev
234,1592,234,name,Kesehatan Prostat,bahasa_indonesia,"2023-03-14 11:12:53","2023-03-14 11:12:53",Dev,Dev
234,1593,234,name,Prostate Health,english,"2023-03-14 11:12:53","2023-03-14 11:12:53",Dev,Dev
235,1595,235,meta_description,Dapatkan informasi Produk Vitamin & Supplements Vitality & Stamina paling lengkap hanya di Halodoc. Konsultasi obat dengan dokter ? Order obat di Halodoc ? #TenangAdaHalodoc,bahasa_indonesia,"2023-03-14 11:12:53","2023-03-14 11:12:53",Dev,Dev
235,1594,235,meta_keywords,Produk Vitalitas & Stamina Vitamin Suplemen Halodoc,bahasa_indonesia,"2023-03-14 11:12:53","2023-03-14 11:12:53",Dev,Dev
235,1596,235,name,Vitalitas & Stamina,bahasa_indonesia,"2023-03-14 11:12:53","2023-03-14 11:12:53",Dev,Dev
235,1597,235,name,Vitality & Stamina,english,"2023-03-14 11:12:53","2023-03-14 11:12:53",Dev,Dev
252,1663,252,meta_description,Dapatkan informasi Produk Vitamin & Supplements Cumin & Olive Oils paling lengkap hanya di Halodoc. Konsultasi obat dengan dokter ? Order obat di Halodoc ? #TenangAdaHalodoc,bahasa_indonesia,"2023-03-14 11:12:54","2023-03-14 11:12:54",Dev,Dev
252,1662,252,meta_keywords,Produk Habbatussauda & Zaitun Vitamin Suplemen Halodoc,bahasa_indonesia,"2023-03-14 11:12:54","2023-03-14 11:12:54",Dev,Dev
252,1664,252,name,Habbatussauda & Zaitun,bahasa_indonesia,"2023-03-14 11:12:54","2023-03-14 11:12:54",Dev,Dev
252,1665,252,name,Cumin & Olive Oils,english,"2023-03-14 11:12:54","2023-03-14 11:12:54",Dev,Dev
251,1659,251,meta_description,Dapatkan informasi Produk Vitamin & Supplements Herbal paling lengkap hanya di Halodoc. Konsultasi obat dengan dokter ? Order obat di Halodoc ? #TenangAdaHalodoc,bahasa_indonesia,"2023-03-14 11:12:54","2023-03-14 11:12:54",Dev,Dev
251,1658,251,meta_keywords,Produk Obat Herbal Vitamin Suplemen Halodoc,bahasa_indonesia,"2023-03-14 11:12:54","2023-03-14 11:12:54",Dev,Dev
251,1660,251,name,Obat Herbal,bahasa_indonesia,"2023-03-14 11:12:54","2023-03-14 11:12:54",Dev,Dev
251,1661,251,name,Herbal,english,"2023-03-14 11:12:54","2023-03-14 11:12:54",Dev,Dev
253,1667,253,meta_description,"Dapatkan informasi Produk Vitamin & Supplements Honey, Propolis & Dates paling lengkap hanya di Halodoc. Konsultasi obat dengan dokter ? Order obat di Halodoc ? #TenangAdaHalodoc",bahasa_indonesia,"2023-03-14 11:12:54","2023-03-14 11:12:54",Dev,Dev
253,1666,253,meta_keywords,Produk Madu & Kurma Vitamin Suplemen Halodoc,bahasa_indonesia,"2023-03-14 11:12:54","2023-03-14 11:12:54",Dev,Dev
253,1668,253,name,Madu & Kurma,bahasa_indonesia,"2023-03-14 11:12:54","2023-03-14 11:12:54",Dev,Dev
253,1669,253,name,"Honey, Propolis & Dates",english,"2023-03-14 11:12:54","2023-03-14 11:12:54",Dev,Dev
254,1671,254,meta_description,Dapatkan informasi Produk Vitamin & Supplements Miscellaneous paling lengkap hanya di Halodoc. Konsultasi obat dengan dokter ? Order obat di Halodoc ? #TenangAdaHalodoc,bahasa_indonesia,"2023-03-14 11:12:54","2023-03-14 11:12:54",Dev,Dev
254,1670,254,meta_keywords,Produk Lainnya Vitamin Suplemen Halodoc,bahasa_indonesia,"2023-03-14 11:12:54","2023-03-14 11:12:54",Dev,Dev
254,1672,254,name,Lainnya,bahasa_indonesia,"2023-03-14 11:12:54","2023-03-14 11:12:54",Dev,Dev
254,1673,254,name,Miscellaneous,english,"2023-03-14 11:12:54","2023-03-14 11:12:54",Dev,Dev
250,1655,250,meta_description,Dapatkan informasi Produk Vitamin & Supplements Brain Health paling lengkap hanya di Halodoc. Konsultasi obat dengan dokter ? Order obat di Halodoc ? #TenangAdaHalodoc,bahasa_indonesia,"2023-03-14 11:12:54","2023-03-14 11:12:54",Dev,Dev
250,1654,250,meta_keywords,Produk Otak Vitamin Suplemen Halodoc,bahasa_indonesia,"2023-03-14 11:12:54","2023-03-14 11:12:54",Dev,Dev
250,1656,250,name,Otak,bahasa_indonesia,"2023-03-14 11:12:54","2023-03-14 11:12:54",Dev,Dev
250,1657,250,name,Brain Health,english,"2023-03-14 11:12:54","2023-03-14 11:12:54",Dev,Dev
246,1639,246,meta_description,Dapatkan informasi Produk Vitamin & Supplements Fish Oil paling lengkap hanya di Halodoc. Konsultasi obat dengan dokter ? Order obat di Halodoc ? #TenangAdaHalodoc,bahasa_indonesia,"2023-03-14 11:12:54","2023-03-14 11:12:54",Dev,Dev
246,1638,246,meta_keywords,Produk Minyak Ikan Vitamin Suplemen Halodoc,bahasa_indonesia,"2023-03-14 11:12:54","2023-03-14 11:12:54",Dev,Dev
246,1640,246,name,Minyak Ikan,bahasa_indonesia,"2023-03-14 11:12:54","2023-03-14 11:12:54",Dev,Dev
246,1641,246,name,Fish Oil,english,"2023-03-14 11:12:54","2023-03-14 11:12:54",Dev,Dev
248,1647,248,meta_description,Dapatkan informasi Produk Vitamin & Supplements For Heart & Liver paling lengkap hanya di Halodoc. Konsultasi obat dengan dokter ? Order obat di Halodoc ? #TenangAdaHalodoc,bahasa_indonesia,"2023-03-14 11:12:54","2023-03-14 11:12:54",Dev,Dev
248,1646,248,meta_keywords,Produk Jantung & Hati Vitamin Suplemen Halodoc,bahasa_indonesia,"2023-03-14 11:12:54","2023-03-14 11:12:54",Dev,Dev
248,1648,248,name,Jantung & Hati,bahasa_indonesia,"2023-03-14 11:12:54","2023-03-14 11:12:54",Dev,Dev
248,1649,248,name,For Heart & Liver,english,"2023-03-14 11:12:54","2023-03-14 11:12:54",Dev,Dev
249,1651,249,meta_description,Dapatkan informasi Produk Vitamin & Supplements For Kidney & Bladder paling lengkap hanya di Halodoc. Konsultasi obat dengan dokter ? Order obat di Halodoc ? #TenangAdaHalodoc,bahasa_indonesia,"2023-03-14 11:12:54","2023-03-14 11:12:54",Dev,Dev
249,1650,249,meta_keywords,Produk Ginjal & Kandung Kemih Vitamin Suplemen Halodoc,bahasa_indonesia,"2023-03-14 11:12:54","2023-03-14 11:12:54",Dev,Dev
249,1652,249,name,Ginjal & Kandung Kemih,bahasa_indonesia,"2023-03-14 11:12:54","2023-03-14 11:12:54",Dev,Dev
249,1653,249,name,For Kidney & Bladder,english,"2023-03-14 11:12:54","2023-03-14 11:12:54",Dev,Dev
247,1643,247,meta_description,Dapatkan informasi Produk Vitamin & Supplements Vision Support paling lengkap hanya di Halodoc. Konsultasi obat dengan dokter ? Order obat di Halodoc ? #TenangAdaHalodoc,bahasa_indonesia,"2023-03-14 11:12:54","2023-03-14 11:12:54",Dev,Dev
247,1642,247,meta_keywords,Produk Mata Vitamin Suplemen Halodoc,bahasa_indonesia,"2023-03-14 11:12:54","2023-03-14 11:12:54",Dev,Dev
247,1644,247,name,Mata,bahasa_indonesia,"2023-03-14 11:12:54","2023-03-14 11:12:54",Dev,Dev
247,1645,247,name,Vision Support,english,"2023-03-14 11:12:54","2023-03-14 11:12:54",Dev,Dev
223,1547,223,meta_description,Dapatkan informasi Produk Vitamin & Supplements Immunity & Antioxidants paling lengkap hanya di Halodoc. Konsultasi obat dengan dokter ? Order obat di Halodoc ? #TenangAdaHalodoc,bahasa_indonesia,"2023-03-14 11:12:53","2023-03-14 11:12:53",Dev,Dev
223,1546,223,meta_keywords,Produk Imunitas & Antioksidan Vitamin Suplemen Halodoc,bahasa_indonesia,"2023-03-14 11:12:53","2023-03-14 11:12:53",Dev,Dev
223,1548,223,name,Imunitas & Antioksidan,bahasa_indonesia,"2023-03-14 11:12:53","2023-03-14 11:12:53",Dev,Dev
223,1549,223,name,Immunity & Antioxidants,english,"2023-03-14 11:12:53","2023-03-14 11:12:53",Dev,Dev
218,1527,218,meta_description,"Dapatkan produk lengkap Vitamin A, B & E di Halodoc: dosis, aturan pakai, dan efek samping. 1 Jam Sampai, Dikirim dari Apotek Tepercaya, Buka 24 Jam*",bahasa_indonesia,"2023-03-14 11:12:53","2025-05-06 15:01:03",Dev,Dev
218,1526,218,meta_keywords,"Produk Vitamin A, B & E Vitamin Suplemen Halodoc",bahasa_indonesia,"2023-03-14 11:12:53","2023-03-14 11:12:53",Dev,Dev
218,5547,218,meta_title,"Beli Produk Vitamin A, B & E di Halodoc - 100% Produk Asli",bahasa_indonesia,"2025-05-06 15:20:10","2025-05-06 15:20:10",CC Token,CC Token
218,1528,218,name,"Vitamin A, B & E",bahasa_indonesia,"2023-03-14 11:12:53","2023-03-14 11:12:53",Dev,Dev
218,1529,218,name,"Vitamin A, B & E",english,"2023-03-14 11:12:53","2023-03-14 11:12:53",Dev,Dev
218,5546,218,seo_url,"",english,"2025-05-06 15:20:10","2025-05-06 15:20:10",CC Token,CC Token
219,1531,219,meta_description,"Dapatkan produk lengkap Vitamin C di Halodoc: dosis, aturan pakai, dan efek samping. 1 Jam Sampai, Dikirim dari Apotek Tepercaya, Buka 24 Jam*",bahasa_indonesia,"2023-03-14 11:12:53","2025-05-06 15:01:03",Dev,Dev
219,1530,219,meta_keywords,Produk Vitamin C Vitamin Suplemen Halodoc,bahasa_indonesia,"2023-03-14 11:12:53","2023-03-14 11:12:53",Dev,Dev
219,2610,219,meta_title,Beli Produk Vitamin C di Halodoc - 100% Produk Asli,bahasa_indonesia,"2023-04-11 11:30:18","2025-05-06 15:20:29",CC Token,CC Token
219,1532,219,name,Vitamin C,bahasa_indonesia,"2023-03-14 11:12:53","2023-03-14 11:12:53",Dev,Dev
219,1533,219,name,Vitamin C,english,"2023-03-14 11:12:53","2023-03-14 11:12:53",Dev,Dev
219,2611,219,seo_url,"",english,"2023-04-11 11:30:18","2025-05-06 15:20:29",CC Token,CC Token
220,1535,220,meta_description,"Dapatkan produk lengkap Vitamin D di Halodoc: dosis, aturan pakai, dan efek samping. 1 Jam Sampai, Dikirim dari Apotek Tepercaya, Buka 24 Jam*",bahasa_indonesia,"2023-03-14 11:12:53","2025-05-06 15:01:03",Dev,Dev
220,1534,220,meta_keywords,Produk Vitamin D Vitamin Suplemen Halodoc,bahasa_indonesia,"2023-03-14 11:12:53","2023-03-14 11:12:53",Dev,Dev
220,5548,220,meta_title,Beli Produk Vitamin D di Halodoc - 100% Produk Asli,bahasa_indonesia,"2025-05-06 15:20:46","2025-05-06 15:20:46",CC Token,CC Token
220,1536,220,name,Vitamin D,bahasa_indonesia,"2023-03-14 11:12:53","2023-03-14 11:12:53",Dev,Dev
220,1537,220,name,Vitamin D,english,"2023-03-14 11:12:53","2023-03-14 11:12:53",Dev,Dev
220,5549,220,seo_url,"",english,"2025-05-06 15:20:46","2025-05-06 15:20:46",CC Token,CC Token
222,1543,222,meta_description,Dapatkan informasi Produk Vitamin & Supplements Minerals paling lengkap hanya di Halodoc. Konsultasi obat dengan dokter ? Order obat di Halodoc ? #TenangAdaHalodoc,bahasa_indonesia,"2023-03-14 11:12:53","2023-03-14 11:12:53",Dev,Dev
222,1542,222,meta_keywords,Produk Mineral Vitamin Suplemen Halodoc,bahasa_indonesia,"2023-03-14 11:12:53","2023-03-14 11:12:53",Dev,Dev
222,1544,222,name,Mineral,bahasa_indonesia,"2023-03-14 11:12:53","2023-03-14 11:12:53",Dev,Dev
222,1545,222,name,Minerals,english,"2023-03-14 11:12:53","2023-03-14 11:12:53",Dev,Dev
221,1539,221,meta_description,Dapatkan informasi Produk Vitamin & Supplements Multivitamins paling lengkap hanya di Halodoc. Konsultasi obat dengan dokter ? Order obat di Halodoc ? #TenangAdaHalodoc,bahasa_indonesia,"2023-03-14 11:12:53","2023-03-14 11:12:53",Dev,Dev
221,1538,221,meta_keywords,Produk Multivitamin Vitamin Suplemen Halodoc,bahasa_indonesia,"2023-03-14 11:12:53","2023-03-14 11:12:53",Dev,Dev
221,1540,221,name,Multivitamin,bahasa_indonesia,"2023-03-14 11:12:53","2023-03-14 11:12:53",Dev,Dev
221,1541,221,name,Multivitamins,english,"2023-03-14 11:12:53","2023-03-14 11:12:53",Dev,Dev
225,1555,225,meta_description,Dapatkan informasi Produk Vitamin & Supplements Anemia paling lengkap hanya di Halodoc. Konsultasi obat dengan dokter ? Order obat di Halodoc ? #TenangAdaHalodoc,bahasa_indonesia,"2023-03-14 11:12:53","2023-03-14 11:12:53",Dev,Dev
225,1554,225,meta_keywords,Produk Anemia Vitamin Suplemen Halodoc,bahasa_indonesia,"2023-03-14 11:12:53","2023-03-14 11:12:53",Dev,Dev
225,1556,225,name,Anemia,bahasa_indonesia,"2023-03-14 11:12:53","2023-03-14 11:12:53",Dev,Dev
225,1557,225,name,Anemia,english,"2023-03-14 11:12:53","2023-03-14 11:12:53",Dev,Dev
226,1559,226,meta_description,Dapatkan informasi Produk Vitamin & Supplements Menopause paling lengkap hanya di Halodoc. Konsultasi obat dengan dokter ? Order obat di Halodoc ? #TenangAdaHalodoc,bahasa_indonesia,"2023-03-14 11:12:53","2023-03-14 11:12:53",Dev,Dev
226,1558,226,meta_keywords,Produk Menopause Vitamin Suplemen Halodoc,bahasa_indonesia,"2023-03-14 11:12:53","2023-03-14 11:12:53",Dev,Dev
226,1560,226,name,Menopause,bahasa_indonesia,"2023-03-14 11:12:53","2023-03-14 11:12:53",Dev,Dev
226,1561,226,name,Menopause,english,"2023-03-14 11:12:53","2023-03-14 11:12:53",Dev,Dev
224,1551,224,meta_description,Dapatkan informasi Produk Vitamin & Supplements Pregnancy & Nursing paling lengkap hanya di Halodoc. Konsultasi obat dengan dokter ? Order obat di Halodoc ? #TenangAdaHalodoc,bahasa_indonesia,"2023-03-14 11:12:53","2023-03-14 11:12:53",Dev,Dev
224,1550,224,meta_keywords,Produk Kehamilan & Menyusui Vitamin Suplemen Halodoc,bahasa_indonesia,"2023-03-14 11:12:53","2023-03-14 11:12:53",Dev,Dev
224,1552,224,name,Kehamilan & Menyusui,bahasa_indonesia,"2023-03-14 11:12:53","2023-03-14 11:12:53",Dev,Dev
224,1553,224,name,Pregnancy & Nursing,english,"2023-03-14 11:12:53","2023-03-14 11:12:53",Dev,Dev
902,5388,902,meta_description,Temukan Nutrisi & Detoks paling lengkap hanya di Halodoc. Konsultasi obat dengan dokter Order obat di Halodoc ? #TenangMenjaga,bahasa_indonesia,"2024-10-29 17:38:19","2024-10-29 17:38:19",Dev,Dev
902,5391,902,meta_keywords,Produk Nutrisi & Detoks Halodoc,bahasa_indonesia,"2024-10-29 17:38:19","2024-10-29 17:38:19",Dev,Dev
902,5401,902,meta_title,Nutrition & Detox,bahasa_indonesia,"2024-11-18 10:21:13","2024-11-18 10:21:13",CC Token,CC Token
902,5390,902,name,Nutrisi & Detoks,bahasa_indonesia,"2024-10-29 17:38:19","2024-10-29 17:38:19",Dev,Dev
902,5389,902,name,Nutrition & Detox,english,"2024-10-29 17:38:19","2024-10-29 17:38:19",Dev,Dev
902,5400,902,seo_url,"",english,"2024-11-18 10:21:13","2024-11-18 10:21:13",CC Token,CC Token
901,5384,901,meta_description,Temukan Suplemen paling lengkap hanya di Halodoc. Konsultasi obat dengan dokter Order obat di Halodoc ? #TenangMenjaga,bahasa_indonesia,"2024-10-29 17:38:19","2024-10-29 17:38:19",Dev,Dev
901,5387,901,meta_keywords,Produk Suplemen Halodoc,bahasa_indonesia,"2024-10-29 17:38:19","2024-10-29 17:38:19",Dev,Dev
901,5399,901,meta_title,Supplements,bahasa_indonesia,"2024-11-18 10:20:59","2024-11-18 10:20:59",CC Token,CC Token
901,5386,901,name,Suplemen,bahasa_indonesia,"2024-10-29 17:38:19","2024-10-29 17:38:19",Dev,Dev
901,5385,901,name,Supplements,english,"2024-10-29 17:38:19","2024-10-29 17:38:19",Dev,Dev
901,5398,901,seo_url,"",english,"2024-11-18 10:20:59","2024-11-18 10:20:59",CC Token,CC Token
734,4407,734,blibli_category_ids,LA-1000085,bahasa_indonesia,"2023-09-29 13:52:13","2023-09-29 13:52:13",Dev,Dev
734,4174,734,meta_description,Temukan Produk Kesehatan & Kecantikan > Peralatan Medis > Alat Monitor Kesehatan > Lainnya paling lengkap hanya di Halodoc. Konsultasi obat dengan dokter ? Order obat di Halodoc ? #TenangMenjaga,bahasa_indonesia,"2023-09-19 16:49:18","2023-09-19 16:49:18",Dev,Dev
734,4173,734,meta_keywords,Produk Kesehatan & Kecantikan > Peralatan Medis > Alat Monitor Kesehatan > Lainnya Obat Perawatan Halodoc,bahasa_indonesia,"2023-09-19 16:49:18","2023-09-19 16:49:18",Dev,Dev
734,4172,734,name,Kesehatan & Kecantikan > Peralatan Medis > Alat Monitor Kesehatan > Lainnya,bahasa_indonesia,"2023-09-19 16:49:18","2023-09-19 16:49:18",Dev,Dev
734,4175,734,name,Kesehatan & Kecantikan > Peralatan Medis > Alat Monitor Kesehatan > Lainnya,english,"2023-09-19 16:49:18","2023-09-19 16:49:18",Dev,Dev
722,4357,722,blibli_category_ids,LA-1000086,bahasa_indonesia,"2023-09-29 13:52:10","2023-09-29 13:52:10",Dev,Dev
722,4108,722,meta_description,Temukan Produk Kesehatan & Kecantikan > Peralatan Medis > Perlengkapan Medis > Lainnya paling lengkap hanya di Halodoc. Konsultasi obat dengan dokter ? Order obat di Halodoc ? #TenangMenjaga,bahasa_indonesia,"2023-09-05 09:57:39","2023-09-05 09:57:39",Dev,Dev
722,4109,722,meta_keywords,Produk Kesehatan & Kecantikan > Peralatan Medis > Perlengkapan Medis > Lainnya Obat Perawatan Halodoc,bahasa_indonesia,"2023-09-05 09:57:39","2023-09-05 09:57:39",Dev,Dev
722,4110,722,name,Kesehatan & Kecantikan > Peralatan Medis > Perlengkapan Medis > Lainnya,bahasa_indonesia,"2023-09-05 09:57:39","2023-09-05 09:57:39",Dev,Dev
722,4111,722,name,Kesehatan & Kecantikan > Peralatan Medis > Perlengkapan Medis > Lainnya,english,"2023-09-05 09:57:39","2023-09-05 09:57:39",Dev,Dev
25,226,25,meta_description,"Temukan berbagai macam jenis obat dan vitamin berdasarkan Kategori Obat dan Vitamin. Ketahui juga manfaat, dosis, cara konsumsi, aturan pakai dan efek samping obat dan vitamin di Halodoc.",bahasa_indonesia,"2019-03-01 17:06:51","2019-03-01 17:06:51",Dev,Dev
25,223,25,meta_description, ,english,"2019-03-01 17:06:51","2019-03-01 17:06:51",Dev,Dev
25,222,25,meta_keywords,Kategori Obat dan Vitamin Lainnya,bahasa_indonesia,"2019-03-01 17:06:51","2019-03-01 17:06:51",Dev,Dev
25,225,25,meta_keywords, ,english,"2019-03-01 17:06:51","2019-03-01 17:06:51",Dev,Dev
25,224,25,meta_title,Daftar Informasi obat dan vitamin - Halodoc - Kategori Obat Lainnya,bahasa_indonesia,"2019-03-01 17:06:51","2019-03-01 17:06:51",Dev,Dev
25,221,25,meta_title, ,english,"2019-03-01 17:06:51","2019-03-01 17:06:51",Dev,Dev
25,54,25,name,Lainnya,bahasa_indonesia,"2017-10-31 20:52:58","2017-10-31 20:52:58",Dev,Dev
25,25,25,name,Others,english,"2017-10-31 20:52:56","2018-06-06 13:19:50",Dev,Control Center
25,367,25,seo_url, ,bahasa_indonesia,"2019-03-14 17:15:47","2019-03-14 17:15:47",Dev,Dev
25,329,25,seo_url,https://halodoc-sumba.s3.ap-southeast-1.amazonaws.com/product-category-seo-information/product_category_seo_information_Lainnya.html,english,"2019-03-08 17:21:20","2020-03-20 08:07:37",Dev,Control Center
444,4746,444,blibli_category_ids,"",bahasa_indonesia,"2024-01-12 21:27:30","2024-01-12 21:27:30",CC Token,CC Token
444,2519,444,meta_description,Dapatkan informasi paket obat paling lengkap hanya di Halodoc. Konsultasi obat dengan dokter ✓ Order obat di Halodoc ✓ #TenangAdaHalodoc!,bahasa_indonesia,"2023-03-15 10:20:18","2023-03-15 10:20:18",CC Token,CC Token
444,2518,444,meta_keywords,Kebutuhan Lebaran,bahasa_indonesia,"2023-03-15 10:20:18","2023-04-24 17:28:50",CC Token,CC Token
444,2515,444,meta_title,"Informasi Paket Produk Ramadan, Dosis, Efek Samping - Halodoc",bahasa_indonesia,"2023-03-15 10:20:18","2023-03-15 10:20:18",CC Token,CC Token
444,2517,444,name,Lebaran,bahasa_indonesia,"2023-03-15 10:20:18","2023-04-24 17:28:50",CC Token,CC Token
444,2520,444,name,Lebaran,english,"2023-03-15 10:20:18","2023-04-24 17:28:50",CC Token,CC Token
444,2516,444,seo_url, ,bahasa_indonesia,"2023-03-15 10:20:18","2023-03-15 10:20:18",CC Token,CC Token
444,2521,444,seo_url,"",english,"2023-03-15 10:24:15","2024-01-12 21:27:30",CC Token,CC Token
444,4747,444,tokopedia_category_ids,"",bahasa_indonesia,"2024-01-12 21:27:30","2024-01-12 21:27:30",CC Token,CC Token
755,4465,755,blibli_category_ids,LI-1000028,bahasa_indonesia,"2023-09-29 13:52:16","2023-09-29 13:52:16",Dev,Dev
755,4256,755,meta_description,Temukan Produk Kesehatan & Kecantikan > Make Up > Riasan Bibir > Lip Balm paling lengkap hanya di Halodoc. Konsultasi obat dengan dokter ? Order obat di Halodoc ? #TenangMenjaga,bahasa_indonesia,"2023-09-19 16:49:20","2023-09-19 16:49:20",Dev,Dev
755,4257,755,meta_keywords,Produk Kesehatan & Kecantikan > Make Up > Riasan Bibir > Lip Balm Obat Perawatan Halodoc,bahasa_indonesia,"2023-09-19 16:49:20","2023-09-19 16:49:20",Dev,Dev
755,4258,755,name,Kesehatan & Kecantikan > Make Up > Riasan Bibir > Lip Balm,bahasa_indonesia,"2023-09-19 16:49:20","2023-09-19 16:49:20",Dev,Dev
755,4259,755,name,Kesehatan & Kecantikan > Make Up > Riasan Bibir > Lip Balm,english,"2023-09-19 16:49:20","2023-09-19 16:49:20",Dev,Dev
665,4400,665,blibli_category_ids,LO-1000024,bahasa_indonesia,"2023-09-29 13:52:12","2023-09-29 13:52:12",Dev,Dev
665,3880,665,meta_description,Temukan Produk Kesehatan & Kecantikan > Perawatan Tubuh > Pelembab Tubuh > Body Lotion paling lengkap hanya di Halodoc. Konsultasi obat dengan dokter ? Order obat di Halodoc ? #TenangMenjaga,bahasa_indonesia,"2023-09-05 09:57:36","2023-09-05 09:57:36",Dev,Dev
665,3883,665,meta_keywords,Produk Kesehatan & Kecantikan > Perawatan Tubuh > Pelembab Tubuh > Body Lotion Obat Perawatan Halodoc,bahasa_indonesia,"2023-09-05 09:57:36","2023-09-05 09:57:36",Dev,Dev
665,3882,665,name,Kesehatan & Kecantikan > Perawatan Tubuh > Pelembab Tubuh > Body Lotion,bahasa_indonesia,"2023-09-05 09:57:36","2023-09-05 09:57:36",Dev,Dev
665,3881,665,name,Kesehatan & Kecantikan > Perawatan Tubuh > Pelembab Tubuh > Body Lotion,english,"2023-09-05 09:57:36","2023-09-05 09:57:36",Dev,Dev
720,4480,720,blibli_category_ids,LO-1000025,bahasa_indonesia,"2023-09-29 13:52:17","2023-09-29 13:52:17",Dev,Dev
720,4102,720,meta_description,Temukan Produk Kesehatan & Kecantikan > Perawatan Wajah > Pembersih Wajah > Cleanser > Lotion paling lengkap hanya di Halodoc. Konsultasi obat dengan dokter ? Order obat di Halodoc ? #TenangMenjaga,bahasa_indonesia,"2023-09-05 09:57:39","2023-09-05 09:57:39",Dev,Dev
720,4103,720,meta_keywords,Produk Kesehatan & Kecantikan > Perawatan Wajah > Pembersih Wajah > Cleanser > Lotion Obat Perawatan Halodoc,bahasa_indonesia,"2023-09-05 09:57:39","2023-09-05 09:57:39",Dev,Dev
720,4100,720,name,Kesehatan & Kecantikan > Perawatan Wajah > Pembersih Wajah > Cleanser > Lotion,bahasa_indonesia,"2023-09-05 09:57:39","2023-09-05 09:57:39",Dev,Dev
720,4101,720,name,Kesehatan & Kecantikan > Perawatan Wajah > Pembersih Wajah > Cleanser > Lotion,english,"2023-09-05 09:57:39","2023-09-05 09:57:39",Dev,Dev
716,4434,716,blibli_category_ids,LU-1000019,bahasa_indonesia,"2023-09-29 13:52:14","2023-09-29 13:52:14",Dev,Dev
716,4084,716,meta_description,Temukan Produk Bliblimart > 21+ > Kesehatan Seksual > Lubricants paling lengkap hanya di Halodoc. Konsultasi obat dengan dokter ? Order obat di Halodoc ? #TenangMenjaga,bahasa_indonesia,"2023-09-05 09:57:38","2023-09-05 09:57:38",Dev,Dev
716,4085,716,meta_keywords,Produk Bliblimart > 21+ > Kesehatan Seksual > Lubricants Obat Perawatan Halodoc,bahasa_indonesia,"2023-09-05 09:57:38","2023-09-05 09:57:38",Dev,Dev
716,4086,716,name,Bliblimart > 21+ > Kesehatan Seksual > Lubricants,bahasa_indonesia,"2023-09-05 09:57:38","2023-09-05 09:57:38",Dev,Dev
716,4087,716,name,Bliblimart > 21+ > Kesehatan Seksual > Lubricants,english,"2023-09-05 09:57:38","2023-09-05 09:57:38",Dev,Dev
643,4369,643,blibli_category_ids,MA-1000094,bahasa_indonesia,"2023-09-29 13:52:11","2023-09-29 13:52:11",Dev,Dev
643,3794,643,meta_description,Temukan Produk Kesehatan & Kecantikan > Vitamin & Suplemen > Madu & Bee Pollen paling lengkap hanya di Halodoc. Konsultasi obat dengan dokter ? Order obat di Halodoc ? #TenangMenjaga,bahasa_indonesia,"2023-09-05 09:57:35","2023-09-05 09:57:35",Dev,Dev
643,3795,643,meta_keywords,Produk Kesehatan & Kecantikan > Vitamin & Suplemen > Madu & Bee Pollen Obat Perawatan Halodoc,bahasa_indonesia,"2023-09-05 09:57:35","2023-09-05 09:57:35",Dev,Dev
643,3792,643,name,Kesehatan & Kecantikan > Vitamin & Suplemen > Madu & Bee Pollen,bahasa_indonesia,"2023-09-05 09:57:35","2023-09-05 09:57:35",Dev,Dev
643,3793,643,name,Kesehatan & Kecantikan > Vitamin & Suplemen > Madu & Bee Pollen,english,"2023-09-05 09:57:35","2023-09-05 09:57:35",Dev,Dev
758,4386,758,blibli_category_ids,MA-1000095,bahasa_indonesia,"2023-09-29 13:52:12","2023-09-29 13:52:12",Dev,Dev
758,4270,758,meta_description,Temukan Produk Kesehatan & Kecantikan > Vitamin & Suplemen > Makanan Sehat paling lengkap hanya di Halodoc. Konsultasi obat dengan dokter ? Order obat di Halodoc ? #TenangMenjaga,bahasa_indonesia,"2023-09-19 16:49:20","2023-09-19 16:49:20",Dev,Dev
758,4269,758,meta_keywords,Produk Kesehatan & Kecantikan > Vitamin & Suplemen > Makanan Sehat Obat Perawatan Halodoc,bahasa_indonesia,"2023-09-19 16:49:20","2023-09-19 16:49:20",Dev,Dev
758,4268,758,name,Kesehatan & Kecantikan > Vitamin & Suplemen > Makanan Sehat,bahasa_indonesia,"2023-09-19 16:49:20","2023-09-19 16:49:20",Dev,Dev
758,4271,758,name,Kesehatan & Kecantikan > Vitamin & Suplemen > Makanan Sehat,english,"2023-09-19 16:49:20","2023-09-19 16:49:20",Dev,Dev
637,4446,637,blibli_category_ids,MA-1000148,bahasa_indonesia,"2023-09-29 13:52:15","2023-09-29 13:52:15",Dev,Dev
637,3770,637,meta_description,Temukan Produk Bliblimart > Minuman > Sirup & Madu > Madu paling lengkap hanya di Halodoc. Konsultasi obat dengan dokter ? Order obat di Halodoc ? #TenangMenjaga,bahasa_indonesia,"2023-09-05 09:57:34","2023-09-05 09:57:34",Dev,Dev
637,3771,637,meta_keywords,Produk Bliblimart > Minuman > Sirup & Madu > Madu Obat Perawatan Halodoc,bahasa_indonesia,"2023-09-05 09:57:34","2023-09-05 09:57:34",Dev,Dev
637,3768,637,name,Bliblimart > Minuman > Sirup & Madu > Madu,bahasa_indonesia,"2023-09-05 09:57:34","2023-09-05 09:57:34",Dev,Dev
637,3769,637,name,Bliblimart > Minuman > Sirup & Madu > Madu,english,"2023-09-05 09:57:34","2023-09-05 09:57:34",Dev,Dev
683,4457,683,blibli_category_ids,MA-1000151,bahasa_indonesia,"2023-09-29 13:52:16","2023-09-29 13:52:16",Dev,Dev
683,3952,683,meta_description,Temukan Produk Bliblimart > Kebutuhan Ibu & Anak > Susu Formula & Makanan Bayi > Cereal & Snack Bayi paling lengkap hanya di Halodoc. Konsultasi obat dengan dokter ? Order obat di Halodoc ? #TenangMenjaga,bahasa_indonesia,"2023-09-05 09:57:37","2023-09-05 09:57:37",Dev,Dev
683,3955,683,meta_keywords,Produk Bliblimart > Kebutuhan Ibu & Anak > Susu Formula & Makanan Bayi > Cereal & Snack Bayi Obat Perawatan Halodoc,bahasa_indonesia,"2023-09-05 09:57:37","2023-09-05 09:57:37",Dev,Dev
683,3954,683,name,Bliblimart > Kebutuhan Ibu & Anak > Susu Formula & Makanan Bayi > Cereal & Snack Bayi,bahasa_indonesia,"2023-09-05 09:57:37","2023-09-05 09:57:37",Dev,Dev
683,3953,683,name,Bliblimart > Kebutuhan Ibu & Anak > Susu Formula & Makanan Bayi > Cereal & Snack Bayi,english,"2023-09-05 09:57:37","2023-09-05 09:57:37",Dev,Dev
629,4436,629,blibli_category_ids,MA-1000152,bahasa_indonesia,"2023-09-29 13:52:15","2023-09-29 13:52:15",Dev,Dev
629,3737,629,meta_description,Temukan Produk Bliblimart > Kebutuhan Ibu & Anak > Susu Formula & Makanan Bayi > Susu Formula di Bawah 1 Tahun paling lengkap hanya di Halodoc. Konsultasi obat dengan dokter ? Order obat di Halodoc ? #TenangMenjaga,bahasa_indonesia,"2023-09-05 09:57:34","2023-09-05 09:57:34",Dev,Dev
629,3738,629,meta_keywords,Produk Bliblimart > Kebutuhan Ibu & Anak > Susu Formula & Makanan Bayi > Susu Formula di Bawah 1 Tahun Obat Perawatan Halodoc,bahasa_indonesia,"2023-09-05 09:57:34","2023-09-05 09:57:34",Dev,Dev
629,3739,629,name,Bliblimart > Kebutuhan Ibu & Anak > Susu Formula & Makanan Bayi > Susu Formula di Bawah 1 Tahun,bahasa_indonesia,"2023-09-05 09:57:34","2023-09-05 09:57:34",Dev,Dev
629,3736,629,name,Bliblimart > Kebutuhan Ibu & Anak > Susu Formula & Makanan Bayi > Susu Formula di Bawah 1 Tahun,english,"2023-09-05 09:57:34","2023-09-05 09:57:34",Dev,Dev
757,4414,757,blibli_category_ids,MA-1000159,bahasa_indonesia,"2023-09-29 13:52:13","2023-09-29 13:52:13",Dev,Dev
757,4267,757,meta_description,Temukan Produk Bliblimart > Perawatan Kulit Tubuh > Perawatan Kulit Wajah > Perawatan Intensif Wajah > Masker Wajah paling lengkap hanya di Halodoc. Konsultasi obat dengan dokter ? Order obat di Halodoc ? #TenangMenjaga,bahasa_indonesia,"2023-09-19 16:49:20","2023-09-19 16:49:20",Dev,Dev
757,4265,757,meta_keywords,Produk Bliblimart > Perawatan Kulit Tubuh > Perawatan Kulit Wajah > Perawatan Intensif Wajah > Masker Wajah Obat Perawatan Halodoc,bahasa_indonesia,"2023-09-19 16:49:20","2023-09-19 16:49:20",Dev,Dev
757,4264,757,name,Bliblimart > Perawatan Kulit Tubuh > Perawatan Kulit Wajah > Perawatan Intensif Wajah > Masker Wajah,bahasa_indonesia,"2023-09-19 16:49:20","2023-09-19 16:49:20",Dev,Dev
757,4266,757,name,Bliblimart > Perawatan Kulit Tubuh > Perawatan Kulit Wajah > Perawatan Intensif Wajah > Masker Wajah,english,"2023-09-19 16:49:20","2023-09-19 16:49:20",Dev,Dev
652,4365,652,blibli_category_ids,MA-1000207,bahasa_indonesia,"2023-09-29 13:52:10","2023-09-29 13:52:10",Dev,Dev
652,3828,652,meta_description,Temukan Produk Bliblimart > Kebutuhan Ibu & Anak > Susu Formula & Makanan Bayi > Makanan Bayi paling lengkap hanya di Halodoc. Konsultasi obat dengan dokter ? Order obat di Halodoc ? #TenangMenjaga,bahasa_indonesia,"2023-09-05 09:57:35","2023-09-05 09:57:35",Dev,Dev
652,3829,652,meta_keywords,Produk Bliblimart > Kebutuhan Ibu & Anak > Susu Formula & Makanan Bayi > Makanan Bayi Obat Perawatan Halodoc,bahasa_indonesia,"2023-09-05 09:57:35","2023-09-05 09:57:35",Dev,Dev
652,3830,652,name,Bliblimart > Kebutuhan Ibu & Anak > Susu Formula & Makanan Bayi > Makanan Bayi,bahasa_indonesia,"2023-09-05 09:57:35","2023-09-05 09:57:35",Dev,Dev
652,3831,652,name,Bliblimart > Kebutuhan Ibu & Anak > Susu Formula & Makanan Bayi > Makanan Bayi,english,"2023-09-05 09:57:35","2023-09-05 09:57:35",Dev,Dev
705,4380,705,blibli_category_ids,MA-1000287,bahasa_indonesia,"2023-09-29 13:52:11","2023-09-29 13:52:11",Dev,Dev
705,4040,705,meta_description,Temukan Produk Ibu & Anak > Keamanan Bayi dan Balita > Masker Anak paling lengkap hanya di Halodoc. Konsultasi obat dengan dokter ? Order obat di Halodoc ? #TenangMenjaga,bahasa_indonesia,"2023-09-05 09:57:38","2023-09-05 09:57:38",Dev,Dev
705,4041,705,meta_keywords,Produk Ibu & Anak > Keamanan Bayi dan Balita > Masker Anak Obat Perawatan Halodoc,bahasa_indonesia,"2023-09-05 09:57:38","2023-09-05 09:57:38",Dev,Dev
705,4042,705,name,Ibu & Anak > Keamanan Bayi dan Balita > Masker Anak,bahasa_indonesia,"2023-09-05 09:57:38","2023-09-05 09:57:38",Dev,Dev
705,4043,705,name,Ibu & Anak > Keamanan Bayi dan Balita > Masker Anak,english,"2023-09-05 09:57:38","2023-09-05 09:57:38",Dev,Dev
37,298,37,meta_description,"Temukan berbagai macam jenis obat dan vitamin berdasarkan Kategori Makanan dan Minuman. Ketahui juga manfaat, dosis, cara konsumsi, aturan pakai dan efek samping obat dan vitamin di Halodoc.",bahasa_indonesia,"2019-03-01 17:06:51","2019-03-01 17:06:51",Dev,Dev
37,295,37,meta_description, ,english,"2019-03-01 17:06:51","2019-03-01 17:06:51",Dev,Dev
37,294,37,meta_keywords,Kategori Makanan dan Minuman,bahasa_indonesia,"2019-03-01 17:06:51","2019-03-01 17:06:51",Dev,Dev
37,297,37,meta_keywords, ,english,"2019-03-01 17:06:51","2019-03-01 17:06:51",Dev,Dev
37,296,37,meta_title,Daftar Informasi obat dan vitamin - Kategori Makanan Minuman,bahasa_indonesia,"2019-03-01 17:06:51","2020-03-04 13:24:39",Dev,Control Center
37,293,37,meta_title, ,english,"2019-03-01 17:06:51","2019-03-01 17:06:51",Dev,Dev
37,73,37,name,Makanan & Minuman,bahasa_indonesia,"2018-11-16 17:00:22","2018-11-16 17:00:22",Control Center,Control Center
37,74,37,name,Food & Beverages,english,"2018-11-16 17:00:22","2018-11-16 17:00:22",Control Center,Control Center
37,379,37,seo_url,https://halodoc-sumba.s3-ap-southeast-1.amazonaws.com/product-category-seo-information/product_category_seo_information_Makanan%20dan%20Minuman.html,bahasa_indonesia,"2019-03-14 17:15:47","2019-03-19 16:38:24",Dev,Control Center
37,341,37,seo_url,https://halodoc-sumba.s3.ap-southeast-1.amazonaws.com/product-category-seo-information/product_category_seo_information_Makanan%20dan%20Minuman.html,english,"2019-03-08 17:21:20","2020-03-20 08:06:33",Dev,Control Center
85,827,85,meta_description,"Temukan berbagai macam jenis obat dan vitamin berdasarkan Kategori Makeup. Ketahui juga manfaat, dosis, cara konsumsi, aturan pakai dan efek samping obat dan vitamin di Halodoc.",bahasa_indonesia,"2021-09-09 09:45:21","2021-09-09 09:45:21",CC Token,CC Token
85,826,85,meta_keywords,Kategori Makeup,bahasa_indonesia,"2021-09-09 09:45:21","2021-09-09 09:45:21",CC Token,CC Token
85,822,85,meta_title,Daftar Informasi obat dan vitamin - Halodoc - Kategori Makeup,bahasa_indonesia,"2021-09-09 09:45:21","2021-09-09 09:45:21",CC Token,CC Token
85,825,85,name,Riasan,bahasa_indonesia,"2021-09-09 09:45:21","2021-09-09 09:45:21",CC Token,CC Token
85,824,85,name,Makeup,english,"2021-09-09 09:45:21","2021-09-09 09:45:21",CC Token,CC Token
85,823,85,seo_url, ,bahasa_indonesia,"2021-09-09 09:45:21","2021-09-09 09:45:21",CC Token,CC Token
85,841,85,seo_url, ,english,"2021-09-09 14:00:47","2021-09-09 14:00:47",CC Token,CC Token
67,697,67,meta_description,Dapatkan informasi minyak angin paling lengkap hanya di Halodoc. Konsultasi obat dengan dokter ✓ Order obat di Halodoc ✓ #TenangAdaHalodoc!,bahasa_indonesia,"2021-05-27 16:51:01","2022-04-06 14:23:05",CC Token,CC Token
67,700,67,meta_keywords,minyak angin dan balsam,bahasa_indonesia,"2021-05-27 16:51:01","2022-04-06 14:23:05",CC Token,CC Token
67,698,67,meta_title,"Informasi Minyak Angin, Dosis, Efek Samping - Halodoc",bahasa_indonesia,"2021-05-27 16:51:01","2022-04-06 14:23:05",CC Token,CC Token
67,696,67,name,Minyak Angin & Balsam,bahasa_indonesia,"2021-05-27 16:51:01","2021-05-27 16:51:01",CC Token,CC Token
67,699,67,name,Medicated Oil & Balm,english,"2021-05-27 16:51:01","2021-05-27 16:51:01",CC Token,CC Token
67,701,67,seo_url, ,bahasa_indonesia,"2021-05-27 16:51:01","2021-05-27 16:51:01",CC Token,CC Token
67,702,67,seo_url, ,english,"2021-05-27 16:51:29","2021-05-27 16:51:29",CC Token,CC Token
87,838,87,meta_description,"Temukan berbagai macam jenis obat dan vitamin berdasarkan Kategori Medicated Skin. Ketahui juga manfaat, dosis, cara konsumsi, aturan pakai dan efek samping obat dan vitamin di Halodoc.",bahasa_indonesia,"2021-09-09 09:53:43","2021-09-17 15:37:42",CC Token,CC Token
87,839,87,meta_keywords,Kategori Medicated Skin,bahasa_indonesia,"2021-09-09 09:53:43","2021-09-17 15:37:42",CC Token,CC Token
87,834,87,meta_title,Daftar Informasi obat dan vitamin - Halodoc - Kategori Medicated Skin,bahasa_indonesia,"2021-09-09 09:53:43","2021-09-17 15:37:42",CC Token,CC Token
87,836,87,name,Medicated Skin,bahasa_indonesia,"2021-09-09 09:53:43","2021-09-17 15:37:42",CC Token,CC Token
87,835,87,name,Medicated Skin,english,"2021-09-09 09:53:43","2021-09-17 15:37:42",CC Token,CC Token
87,837,87,seo_url, ,bahasa_indonesia,"2021-09-09 09:53:43","2021-09-09 09:53:43",CC Token,CC Token
87,842,87,seo_url, ,english,"2021-09-09 14:00:55","2021-09-09 14:00:55",CC Token,CC Token
55,498,55,meta_description,"Temukan berbagai macam jenis obat dan vitamin berdasarkan Kategori Medisend. Ketahui juga manfaat, dosis, cara konsumsi, aturan pakai dan efek samping obat dan vitamin di Halodoc.",bahasa_indonesia,"2020-12-30 11:33:40","2020-12-30 11:33:40",CC Token,CC Token
55,497,55,meta_keywords,Kategori Medisend,bahasa_indonesia,"2020-12-30 11:33:40","2020-12-30 11:33:40",CC Token,CC Token
55,493,55,meta_title,Daftar Informasi obat dan vitamin - Halodoc - Medisend,bahasa_indonesia,"2020-12-30 11:33:40","2020-12-30 11:33:40",CC Token,CC Token
55,495,55,name,Medisend,bahasa_indonesia,"2020-12-30 11:33:40","2020-12-30 11:33:40",CC Token,CC Token
55,494,55,name,Medisend,english,"2020-12-30 11:33:40","2020-12-30 11:33:40",CC Token,CC Token
55,496,55,seo_url, ,bahasa_indonesia,"2020-12-30 11:33:40","2020-12-30 11:33:40",CC Token,CC Token
55,688,55,seo_url, ,english,"2021-04-09 16:10:21","2021-04-09 16:10:21",CC Token,CC Token
50,457,50,meta_description,"Temukan berbagai macam jenis obat dan vitamin berdasarkan Kategori Menstruasi. Ketahui juga manfaat, dosis, cara konsumsi, aturan pakai dan efek samping obat dan vitamin di Halodoc.",bahasa_indonesia,"2020-10-06 00:15:08","2020-10-06 00:16:34",CC Token,CC Token
50,460,50,meta_keywords,Kategori Menstruasi,bahasa_indonesia,"2020-10-06 00:15:08","2020-10-06 00:16:34",CC Token,CC Token
50,461,50,meta_title,Daftar Informasi obat dan vitamin - Kategori Menstruasi,bahasa_indonesia,"2020-10-06 00:15:08","2020-10-06 00:16:34",CC Token,CC Token
50,462,50,name,Menstruasi,bahasa_indonesia,"2020-10-06 00:15:08","2020-10-06 00:15:08",CC Token,CC Token
50,458,50,name,Menstruation,english,"2020-10-06 00:15:08","2020-10-06 00:15:08",CC Token,CC Token
50,459,50,seo_url, ,bahasa_indonesia,"2020-10-06 00:15:08","2020-10-06 00:15:08",CC Token,CC Token
50,463,50,seo_url, ,english,"2020-10-06 00:16:34","2020-10-06 00:16:34",CC Token,CC Token
49,452,49,meta_description,"Temukan berbagai macam jenis obat dan vitamin berdasarkan Kategori Menstruasi dan Kehamilan. Ketahui juga manfaat, dosis, cara konsumsi, aturan pakai dan efek samping obat dan vitamin di Halodoc.",bahasa_indonesia,"2020-10-06 00:12:24","2020-10-06 00:12:24",CC Token,CC Token
49,456,49,meta_keywords,Kategori Menstruasi dan Kehamilan,bahasa_indonesia,"2020-10-06 00:12:24","2020-10-06 00:12:24",CC Token,CC Token
49,454,49,meta_title,Daftar Informasi obat dan vitamin - Kategori Menstruasi dan Kehamilan,bahasa_indonesia,"2020-10-06 00:12:24","2020-10-06 00:12:24",CC Token,CC Token
49,453,49,name,Menstruasi dan Kehamilan,bahasa_indonesia,"2020-10-06 00:12:24","2020-10-06 00:12:24",CC Token,CC Token
49,455,49,name,Menstruation and Pregnancy,english,"2020-10-06 00:12:24","2020-10-06 00:12:24",CC Token,CC Token
49,451,49,seo_url, ,bahasa_indonesia,"2020-10-06 00:12:24","2020-10-06 00:12:24",CC Token,CC Token
49,470,49,seo_url, ,english,"2020-10-06 00:19:22","2020-10-06 00:19:22",CC Token,CC Token
51,464,51,meta_description,"Temukan berbagai macam jenis obat dan vitamin berdasarkan Kategori Menstruasi, Kontrasepsi dan Hormon. Ketahui juga manfaat, dosis, cara konsumsi, aturan pakai dan efek samping obat dan vitamin di Halodoc.",bahasa_indonesia,"2020-10-06 00:19:15","2020-10-06 00:19:15",CC Token,CC Token
51,469,51,meta_keywords,"Kategori Menstruasi, Kontrasepsi dan Hormon",bahasa_indonesia,"2020-10-06 00:19:15","2020-10-06 00:19:15",CC Token,CC Token
51,465,51,meta_title,Daftar Informasi obat dan vitamin - Kategori Kontrasepsi dan Hormon,bahasa_indonesia,"2020-10-06 00:19:15","2020-10-06 00:19:15",CC Token,CC Token
51,467,51,name,"Menstruasi, Kontrasepsi dan Hormon",bahasa_indonesia,"2020-10-06 00:19:15","2020-10-06 00:19:15",CC Token,CC Token
51,468,51,name,"Menstruation, Contraception and Hormone",english,"2020-10-06 00:19:15","2020-10-06 00:19:15",CC Token,CC Token
51,466,51,seo_url, ,bahasa_indonesia,"2020-10-06 00:19:15","2020-10-06 00:19:15",CC Token,CC Token
51,471,51,seo_url, ,english,"2020-10-08 15:46:16","2020-10-08 15:46:16",CC Token,CC Token
660,4391,660,blibli_category_ids,MI-1000065,bahasa_indonesia,"2023-09-29 13:52:12","2023-09-29 13:52:12",Dev,Dev
660,3860,660,meta_description,Temukan Produk Kesehatan & Kecantikan > Vitamin & Suplemen > Minuman Kesehatan paling lengkap hanya di Halodoc. Konsultasi obat dengan dokter ? Order obat di Halodoc ? #TenangMenjaga,bahasa_indonesia,"2023-09-05 09:57:36","2023-09-05 09:57:36",Dev,Dev
660,3861,660,meta_keywords,Produk Kesehatan & Kecantikan > Vitamin & Suplemen > Minuman Kesehatan Obat Perawatan Halodoc,bahasa_indonesia,"2023-09-05 09:57:36","2023-09-05 09:57:36",Dev,Dev
660,3862,660,name,Kesehatan & Kecantikan > Vitamin & Suplemen > Minuman Kesehatan,bahasa_indonesia,"2023-09-05 09:57:36","2023-09-05 09:57:36",Dev,Dev
660,3863,660,name,Kesehatan & Kecantikan > Vitamin & Suplemen > Minuman Kesehatan,english,"2023-09-05 09:57:36","2023-09-05 09:57:36",Dev,Dev
690,4404,690,blibli_category_ids,MI-1000089,bahasa_indonesia,"2023-09-29 13:52:13","2023-09-29 13:52:13",Dev,Dev
690,3980,690,meta_description,Temukan Produk Bliblimart > Minuman > Minuman Stamina paling lengkap hanya di Halodoc. Konsultasi obat dengan dokter ? Order obat di Halodoc ? #TenangMenjaga,bahasa_indonesia,"2023-09-05 09:57:37","2023-09-05 09:57:37",Dev,Dev
690,3981,690,meta_keywords,Produk Bliblimart > Minuman > Minuman Stamina Obat Perawatan Halodoc,bahasa_indonesia,"2023-09-05 09:57:37","2023-09-05 09:57:37",Dev,Dev
690,3982,690,name,Bliblimart > Minuman > Minuman Stamina,bahasa_indonesia,"2023-09-05 09:57:37","2023-09-05 09:57:37",Dev,Dev
690,3983,690,name,Bliblimart > Minuman > Minuman Stamina,english,"2023-09-05 09:57:37","2023-09-05 09:57:37",Dev,Dev
621,4445,621,blibli_category_ids,MI-1000198,bahasa_indonesia,"2023-09-29 13:52:15","2023-09-29 13:52:15",Dev,Dev
621,3706,621,meta_description,Temukan Produk Kesehatan & Kecantikan > P3K > Minyak Angin dan Inhaler paling lengkap hanya di Halodoc. Konsultasi obat dengan dokter ? Order obat di Halodoc ? #TenangMenjaga,bahasa_indonesia,"2023-09-05 09:57:33","2023-09-05 09:57:33",Dev,Dev
621,3707,621,meta_keywords,Produk Kesehatan & Kecantikan > P3K > Minyak Angin dan Inhaler Obat Perawatan Halodoc,bahasa_indonesia,"2023-09-05 09:57:33","2023-09-05 09:57:33",Dev,Dev
621,3704,621,name,Kesehatan & Kecantikan > P3K > Minyak Angin dan Inhaler,bahasa_indonesia,"2023-09-05 09:57:33","2023-09-05 09:57:33",Dev,Dev
621,3705,621,name,Kesehatan & Kecantikan > P3K > Minyak Angin dan Inhaler,english,"2023-09-05 09:57:33","2023-09-05 09:57:33",Dev,Dev
618,4360,618,blibli_category_ids,MU-1000035,bahasa_indonesia,"2023-09-29 13:52:10","2023-09-29 13:52:10",Dev,Dev
618,3692,618,meta_description,Temukan Produk Ibu & Anak > Nutrisi & Vitamin Anak > Vitamin Anak paling lengkap hanya di Halodoc. Konsultasi obat dengan dokter ? Order obat di Halodoc ? #TenangMenjaga,bahasa_indonesia,"2023-09-05 09:57:32","2023-09-05 09:57:32",Dev,Dev
618,3695,618,meta_keywords,Produk Ibu & Anak > Nutrisi & Vitamin Anak > Vitamin Anak Obat Perawatan Halodoc,bahasa_indonesia,"2023-09-05 09:57:32","2023-09-05 09:57:32",Dev,Dev
618,3694,618,name,Ibu & Anak > Nutrisi & Vitamin Anak > Vitamin Anak,bahasa_indonesia,"2023-09-05 09:57:32","2023-09-05 09:57:32",Dev,Dev
618,3693,618,name,Ibu & Anak > Nutrisi & Vitamin Anak > Vitamin Anak,english,"2023-09-05 09:57:32","2023-09-05 09:57:32",Dev,Dev
613,4397,613,blibli_category_ids,MU-1000040,bahasa_indonesia,"2023-09-29 13:52:12","2023-09-29 13:52:12",Dev,Dev
613,3674,613,meta_description,Temukan Produk Kesehatan & Kecantikan > Vitamin & Suplemen > Vitamin paling lengkap hanya di Halodoc. Konsultasi obat dengan dokter ? Order obat di Halodoc ? #TenangMenjaga,bahasa_indonesia,"2023-09-05 09:57:31","2023-09-05 09:57:31",Dev,Dev
613,3675,613,meta_keywords,Produk Kesehatan & Kecantikan > Vitamin & Suplemen > Vitamin Obat Perawatan Halodoc,bahasa_indonesia,"2023-09-05 09:57:31","2023-09-05 09:57:31",Dev,Dev
613,4156,613,meta_title,Kesehatan & Kecantikan > Vitamin & Suplemen > Vitamin,bahasa_indonesia,"2023-09-05 10:00:50","2023-09-05 10:00:50",CC Token,CC Token
613,3672,613,name,Kesehatan & Kecantikan > Vitamin & Suplemen > Vitamin,bahasa_indonesia,"2023-09-05 09:57:31","2023-09-05 09:57:31",Dev,Dev
613,3673,613,name,Kesehatan & Kecantikan > Vitamin & Suplemen > Vitamin,english,"2023-09-05 09:57:31","2023-09-05 09:57:31",Dev,Dev
613,4157,613,seo_url, ,english,"2023-09-05 10:00:50","2023-09-05 10:00:50",CC Token,CC Token
613,4490,613,tokopedia_category_ids, ,bahasa_indonesia,"2023-09-29 17:00:49","2023-09-29 17:00:49",CC Token,CC Token
617,4468,617,blibli_category_ids,MU-1000043,bahasa_indonesia,"2023-09-29 13:52:16","2023-09-29 13:52:16",Dev,Dev
617,3688,617,meta_description,Temukan Produk Kesehatan & Kecantikan > P3K > Pereda Nyeri Otot paling lengkap hanya di Halodoc. Konsultasi obat dengan dokter ? Order obat di Halodoc ? #TenangMenjaga,bahasa_indonesia,"2023-09-05 09:57:32","2023-09-05 09:57:32",Dev,Dev
617,3689,617,meta_keywords,Produk Kesehatan & Kecantikan > P3K > Pereda Nyeri Otot Obat Perawatan Halodoc,bahasa_indonesia,"2023-09-05 09:57:32","2023-09-05 09:57:32",Dev,Dev
617,3690,617,name,Kesehatan & Kecantikan > P3K > Pereda Nyeri Otot,bahasa_indonesia,"2023-09-05 09:57:32","2023-09-05 09:57:32",Dev,Dev
617,3691,617,name,Kesehatan & Kecantikan > P3K > Pereda Nyeri Otot,english,"2023-09-05 09:57:32","2023-09-05 09:57:32",Dev,Dev
35,286,35,meta_description,Dapatkan informasi obat mulut paling lengkap hanya di Halodoc. Konsultasi obat dengan dokter ✓ Order obat di Halodoc ✓ #TenangAdaHalodoc!,bahasa_indonesia,"2019-03-01 17:06:51","2022-04-06 14:25:01",Dev,CC Token
35,283,35,meta_description, ,english,"2019-03-01 17:06:51","2019-03-01 17:06:51",Dev,Dev
35,282,35,meta_keywords,Kategori Mulut dan Tenggorokan,bahasa_indonesia,"2019-03-01 17:06:51","2019-03-01 17:06:51",Dev,Dev
35,285,35,meta_keywords, ,english,"2019-03-01 17:06:51","2019-03-01 17:06:51",Dev,Dev
35,284,35,meta_title,"Informasi Obat Mulut, Dosis, Efek Samping - Halodoc",bahasa_indonesia,"2019-03-01 17:06:51","2022-04-06 14:25:01",Dev,CC Token
35,281,35,meta_title, ,english,"2019-03-01 17:06:51","2019-03-01 17:06:51",Dev,Dev
35,69,35,name,Mulut & Tenggorokan,bahasa_indonesia,"2018-11-16 16:49:40","2018-11-16 16:49:40",Control Center,Control Center
35,70,35,name,Mouth & Throat,english,"2018-11-16 16:49:40","2018-11-16 16:49:40",Control Center,Control Center
35,377,35,seo_url, ,bahasa_indonesia,"2019-03-14 17:15:47","2019-03-14 17:15:47",Dev,Dev
35,339,35,seo_url,https://halodoc-sumba.s3.ap-southeast-1.amazonaws.com/product-category-seo-information/product_category_seo_information_Mulut%20dan%20Tenggorokan.html,english,"2019-03-08 17:21:20","2020-03-21 15:17:08",Dev,Control Center
624,4398,624,blibli_category_ids,NU-1000017,bahasa_indonesia,"2023-09-29 13:52:12","2023-09-29 13:52:12",Dev,Dev
624,3716,624,meta_description,Temukan Produk Ibu & Anak > Ibu Hamil & Menyusui > Nutrisi & Vitamin Ibu Hamil paling lengkap hanya di Halodoc. Konsultasi obat dengan dokter ? Order obat di Halodoc ? #TenangMenjaga,bahasa_indonesia,"2023-09-05 09:57:33","2023-09-05 09:57:33",Dev,Dev
624,3717,624,meta_keywords,Produk Ibu & Anak > Ibu Hamil & Menyusui > Nutrisi & Vitamin Ibu Hamil Obat Perawatan Halodoc,bahasa_indonesia,"2023-09-05 09:57:33","2023-09-05 09:57:33",Dev,Dev
624,3718,624,name,Ibu & Anak > Ibu Hamil & Menyusui > Nutrisi & Vitamin Ibu Hamil,bahasa_indonesia,"2023-09-05 09:57:33","2023-09-05 09:57:33",Dev,Dev
624,3719,624,name,Ibu & Anak > Ibu Hamil & Menyusui > Nutrisi & Vitamin Ibu Hamil,english,"2023-09-05 09:57:33","2023-09-05 09:57:33",Dev,Dev
671,4420,671,blibli_category_ids,NU-1000018,bahasa_indonesia,"2023-09-29 13:52:14","2023-09-29 13:52:14",Dev,Dev
671,3904,671,meta_description,Temukan Produk Ibu & Anak > Ibu Hamil & Menyusui > Nutrisi & Vitamin Ibu Menyusui paling lengkap hanya di Halodoc. Konsultasi obat dengan dokter ? Order obat di Halodoc ? #TenangMenjaga,bahasa_indonesia,"2023-09-05 09:57:36","2023-09-05 09:57:36",Dev,Dev
671,3907,671,meta_keywords,Produk Ibu & Anak > Ibu Hamil & Menyusui > Nutrisi & Vitamin Ibu Menyusui Obat Perawatan Halodoc,bahasa_indonesia,"2023-09-05 09:57:36","2023-09-05 09:57:36",Dev,Dev
671,3906,671,name,Ibu & Anak > Ibu Hamil & Menyusui > Nutrisi & Vitamin Ibu Menyusui,bahasa_indonesia,"2023-09-05 09:57:36","2023-09-05 09:57:36",Dev,Dev
671,3905,671,name,Ibu & Anak > Ibu Hamil & Menyusui > Nutrisi & Vitamin Ibu Menyusui,english,"2023-09-05 09:57:36","2023-09-05 09:57:36",Dev,Dev
42,404,42,meta_description,"Temukan berbagai macam jenis obat dan vitamin berdasarkan Kategori Nutrimax. Ketahui juga manfaat, dosis, cara konsumsi, aturan pakai dan efek samping obat dan vitamin di Halodoc.",bahasa_indonesia,"2020-03-11 11:50:34","2020-03-11 11:50:34",Control Center,Control Center
42,407,42,meta_keywords,Kategori Nutrimax,bahasa_indonesia,"2020-03-11 11:50:34","2020-03-11 11:50:34",Control Center,Control Center
42,402,42,meta_title,Daftar Informasi obat dan vitamin - Halodoc - Kategori Nutrimax,bahasa_indonesia,"2020-03-11 11:50:34","2020-03-11 11:50:34",Control Center,Control Center
42,406,42,name,Nutrimax,bahasa_indonesia,"2020-03-11 11:50:34","2020-03-11 11:50:34",Control Center,Control Center
42,403,42,name,Nutrimax,english,"2020-03-11 11:50:34","2020-03-11 11:50:34",Control Center,Control Center
42,405,42,seo_url, ,bahasa_indonesia,"2020-03-11 11:50:34","2020-03-11 11:50:34",Control Center,Control Center
42,408,42,seo_url, ,english,"2020-03-11 11:50:51","2020-03-11 11:50:51",Control Center,Control Center
62,540,62,meta_description,"Temukan berbagai macam jenis obat dan vitamin berdasarkan Kategori Alat Kesehatan. Ketahui juga manfaat, dosis, cara konsumsi, aturan pakai dan efek samping obat dan vitamin di Halodoc.",bahasa_indonesia,"2021-01-25 17:14:44","2021-01-25 17:14:44",CC Token,CC Token
62,539,62,meta_keywords,Kategori Nutrisi,bahasa_indonesia,"2021-01-25 17:14:44","2021-01-25 17:14:44",CC Token,CC Token
62,538,62,meta_title,Daftar Informasi obat dan vitamin - Halodoc - Kategori Nutrisi,bahasa_indonesia,"2021-01-25 17:14:44","2021-01-25 17:14:44",CC Token,CC Token
62,536,62,name,Nutrisi,bahasa_indonesia,"2021-01-25 17:14:44","2021-01-25 17:14:44",CC Token,CC Token
62,537,62,name,Nutrition,english,"2021-01-25 17:14:44","2021-01-25 17:14:44",CC Token,CC Token
62,541,62,seo_url, ,bahasa_indonesia,"2021-01-25 17:14:44","2021-01-25 17:14:44",CC Token,CC Token
62,666,62,seo_url, ,english,"2021-01-28 13:12:48","2021-01-28 13:12:48",CC Token,CC Token
692,4450,692,blibli_category_ids,OB-1000007,bahasa_indonesia,"2023-09-29 13:52:15","2023-09-29 13:52:15",Dev,Dev
692,3988,692,meta_description,Temukan Produk Kesehatan & Kecantikan > Fitness Supplement > Diet & Nutrisi paling lengkap hanya di Halodoc. Konsultasi obat dengan dokter ? Order obat di Halodoc ? #TenangMenjaga,bahasa_indonesia,"2023-09-05 09:57:37","2023-09-05 09:57:37",Dev,Dev
692,3991,692,meta_keywords,Produk Kesehatan & Kecantikan > Fitness Supplement > Diet & Nutrisi Obat Perawatan Halodoc,bahasa_indonesia,"2023-09-05 09:57:37","2023-09-05 09:57:37",Dev,Dev
692,3990,692,name,Kesehatan & Kecantikan > Fitness Supplement > Diet & Nutrisi,bahasa_indonesia,"2023-09-05 09:57:37","2023-09-05 09:57:37",Dev,Dev
692,3989,692,name,Kesehatan & Kecantikan > Fitness Supplement > Diet & Nutrisi,english,"2023-09-05 09:57:37","2023-09-05 09:57:37",Dev,Dev
779,4695,779,blibli_category_ids,OB-1000008,bahasa_indonesia,"2023-11-20 12:21:51","2023-11-20 12:21:51",CC Token,CC Token
779,4698,779,meta_description,Temukan Produk Kesehatan & Kecantikan > Farmasi & Suplemen Kesehatan > Obat Resep Dokter paling lengkap hanya di Halodoc. Konsultasi obat dengan dokter ? Order obat di Halodoc ? #TenangMenjaga,bahasa_indonesia,"2023-11-20 12:21:51","2023-11-20 12:21:51",CC Token,CC Token
779,4699,779,meta_keywords,Produk Kesehatan & Kecantikan > Farmasi & Suplemen Kesehatan > Obat Resep Dokter Obat Perawatan Halodoc,bahasa_indonesia,"2023-11-20 12:21:51","2023-11-20 12:21:51",CC Token,CC Token
779,4696,779,meta_title,OB-1000008,bahasa_indonesia,"2023-11-20 12:21:51","2023-11-20 12:21:51",CC Token,CC Token
779,4693,779,name,Kesehatan & Kecantikan > Farmasi & Suplemen Kesehatan > Obat Resep Dokter,bahasa_indonesia,"2023-11-20 12:21:51","2023-11-20 12:21:51",CC Token,CC Token
779,4697,779,name,Kesehatan & Kecantikan > Farmasi & Suplemen Kesehatan > Obat Resep Dokter,english,"2023-11-20 12:21:51","2023-11-20 12:21:51",CC Token,CC Token
779,4700,779,seo_url,"",bahasa_indonesia,"2023-11-20 12:21:51","2023-11-20 12:21:51",CC Token,CC Token
779,4694,779,tokopedia_category_ids,OB-1000008,bahasa_indonesia,"2023-11-20 12:21:51","2023-11-20 12:21:51",CC Token,CC Token
616,4485,616,blibli_category_ids,OB-1000009,bahasa_indonesia,"2023-09-29 13:52:17","2023-09-29 13:52:17",Dev,Dev
616,3684,616,meta_description,Temukan Produk Kesehatan & Kecantikan > Vitamin & Suplemen > Herbal > Obat paling lengkap hanya di Halodoc. Konsultasi obat dengan dokter ? Order obat di Halodoc ? #TenangMenjaga,bahasa_indonesia,"2023-09-05 09:57:32","2023-09-05 09:57:32",Dev,Dev
616,3685,616,meta_keywords,Produk Kesehatan & Kecantikan > Vitamin & Suplemen > Herbal > Obat Obat Perawatan Halodoc,bahasa_indonesia,"2023-09-05 09:57:32","2023-09-05 09:57:32",Dev,Dev
616,4299,616,meta_title,Kesehatan & Kecantikan > Vitamin & Suplemen > Herbal > Obat,bahasa_indonesia,"2023-09-19 17:34:05","2023-09-19 17:34:05",CC Token,CC Token
616,3686,616,name,Kesehatan & Kecantikan > Vitamin & Suplemen > Herbal > Obat,bahasa_indonesia,"2023-09-05 09:57:32","2023-09-05 09:57:32",Dev,Dev
616,3687,616,name,Kesehatan & Kecantikan > Vitamin & Suplemen > Herbal > Obat,english,"2023-09-05 09:57:32","2023-09-05 09:57:32",Dev,Dev
616,4298,616,seo_url, ,english,"2023-09-19 17:34:05","2023-09-19 17:34:05",CC Token,CC Token
745,4435,745,blibli_category_ids,OB-1000010,bahasa_indonesia,"2023-09-29 13:52:14","2023-09-29 13:52:14",Dev,Dev
745,4216,745,meta_description,Temukan Produk Kesehatan & Kecantikan > Perawatan Wajah > Perawatan Jerawat > Obat Jerawat paling lengkap hanya di Halodoc. Konsultasi obat dengan dokter ? Order obat di Halodoc ? #TenangMenjaga,bahasa_indonesia,"2023-09-19 16:49:19","2023-09-19 16:49:19",Dev,Dev
745,4218,745,meta_keywords,Produk Kesehatan & Kecantikan > Perawatan Wajah > Perawatan Jerawat > Obat Jerawat Obat Perawatan Halodoc,bahasa_indonesia,"2023-09-19 16:49:19","2023-09-19 16:49:19",Dev,Dev
745,4217,745,name,Kesehatan & Kecantikan > Perawatan Wajah > Perawatan Jerawat > Obat Jerawat,bahasa_indonesia,"2023-09-19 16:49:19","2023-09-19 16:49:19",Dev,Dev
745,4219,745,name,Kesehatan & Kecantikan > Perawatan Wajah > Perawatan Jerawat > Obat Jerawat,english,"2023-09-19 16:49:19","2023-09-19 16:49:19",Dev,Dev
614,4330,614,blibli_category_ids,OB-1000030,bahasa_indonesia,"2023-09-27 12:20:25","2023-09-27 12:21:03",CC Token,CC Token
614,3676,614,meta_description,Temukan Produk Kesehatan & Kecantikan > Farmasi & Suplemen Kesehatan > Obat Bebas paling lengkap hanya di Halodoc. Konsultasi obat dengan dokter ? Order obat di Halodoc ? #TenangMenjaga,bahasa_indonesia,"2023-09-05 09:57:32","2023-09-05 09:57:32",Dev,Dev
614,3677,614,meta_keywords,Produk Kesehatan & Kecantikan > Farmasi & Suplemen Kesehatan > Obat Bebas Obat Perawatan Halodoc,bahasa_indonesia,"2023-09-05 09:57:32","2023-09-05 09:57:32",Dev,Dev
614,4158,614,meta_title,Kesehatan & Kecantikan > Farmasi & Suplemen Kesehatan > Obat Bebas,bahasa_indonesia,"2023-09-05 10:01:42","2023-09-05 10:01:42",CC Token,CC Token
614,3678,614,name,Kesehatan & Kecantikan > Farmasi & Suplemen Kesehatan > Obat Bebas,bahasa_indonesia,"2023-09-05 09:57:32","2023-09-05 09:57:32",Dev,Dev
614,3679,614,name,Kesehatan & Kecantikan > Farmasi & Suplemen Kesehatan > Obat Bebas,english,"2023-09-05 09:57:32","2023-09-05 09:57:32",Dev,Dev
614,4159,614,seo_url, ,english,"2023-09-05 10:01:42","2023-09-05 10:01:42",CC Token,CC Token
614,4331,614,tokopedia_category_ids, ,bahasa_indonesia,"2023-09-27 12:20:25","2023-09-27 12:20:25",CC Token,CC Token
620,4367,620,blibli_category_ids,OB-1000031,bahasa_indonesia,"2023-09-29 13:52:10","2023-09-29 13:52:10",Dev,Dev
620,3702,620,meta_description,Temukan Produk Kesehatan & Kecantikan > P3K > Obat Luka dan Perban paling lengkap hanya di Halodoc. Konsultasi obat dengan dokter ? Order obat di Halodoc ? #TenangMenjaga,bahasa_indonesia,"2023-09-05 09:57:33","2023-09-05 09:57:33",Dev,Dev
620,3703,620,meta_keywords,Produk Kesehatan & Kecantikan > P3K > Obat Luka dan Perban Obat Perawatan Halodoc,bahasa_indonesia,"2023-09-05 09:57:33","2023-09-05 09:57:33",Dev,Dev
620,3700,620,name,Kesehatan & Kecantikan > P3K > Obat Luka dan Perban,bahasa_indonesia,"2023-09-05 09:57:33","2023-09-05 09:57:33",Dev,Dev
620,3701,620,name,Kesehatan & Kecantikan > P3K > Obat Luka dan Perban,english,"2023-09-05 09:57:33","2023-09-05 09:57:33",Dev,Dev
638,4342,638,blibli_category_ids,OB-1000032,bahasa_indonesia,"2023-09-29 13:52:09","2023-09-29 13:52:09",Dev,Dev
638,3773,638,meta_description,"Temukan Produk Kesehatan & Kecantikan > Kesehatan Mulut & Gigi, Mata, Telinga > Obat Kumur paling lengkap hanya di Halodoc. Konsultasi obat dengan dokter ? Order obat di Halodoc ? #TenangMenjaga",bahasa_indonesia,"2023-09-05 09:57:34","2023-09-05 09:57:34",Dev,Dev
638,3774,638,meta_keywords,"Produk Kesehatan & Kecantikan > Kesehatan Mulut & Gigi, Mata, Telinga > Obat Kumur Obat Perawatan Halodoc",bahasa_indonesia,"2023-09-05 09:57:34","2023-09-05 09:57:34",Dev,Dev
638,3775,638,name,"Kesehatan & Kecantikan > Kesehatan Mulut & Gigi, Mata, Telinga > Obat Kumur",bahasa_indonesia,"2023-09-05 09:57:34","2023-09-05 09:57:34",Dev,Dev
638,3772,638,name,"Kesehatan & Kecantikan > Kesehatan Mulut & Gigi, Mata, Telinga > Obat Kumur",english,"2023-09-05 09:57:34","2023-09-05 09:57:34",Dev,Dev
72,4534,72,blibli_category_ids, ,bahasa_indonesia,"2023-10-04 18:35:47","2023-10-04 18:35:47",CC Token,CC Token
72,734,72,meta_description,"Temukan berbagai macam jenis obat dan vitamin berdasarkan Kategori Obat Diabetes. Ketahui juga manfaat, dosis, cara konsumsi, aturan pakai dan efek samping obat dan vitamin di Halodoc.",bahasa_indonesia,"2021-06-22 10:14:10","2021-06-22 10:14:10",CC Token,CC Token
72,735,72,meta_keywords,Kategori Obat Diabetes,bahasa_indonesia,"2021-06-22 10:14:10","2021-06-22 10:14:10",CC Token,CC Token
72,731,72,meta_title,Daftar Informasi obat dan vitamin - Halodoc - Kategori Obat Diabetes,bahasa_indonesia,"2021-06-22 10:14:10","2021-06-22 10:14:10",CC Token,CC Token
72,732,72,name,Obat Diabetes,bahasa_indonesia,"2021-06-22 10:14:10","2021-06-22 10:14:10",CC Token,CC Token
72,736,72,name,Diabetes Medicine,english,"2021-06-22 10:14:10","2021-06-22 10:14:10",CC Token,CC Token
72,733,72,seo_url, ,bahasa_indonesia,"2021-06-22 10:14:10","2021-06-22 10:14:10",CC Token,CC Token
72,756,72,seo_url, ,english,"2021-06-22 17:02:38","2021-06-22 17:02:38",CC Token,CC Token
72,4533,72,tokopedia_category_ids, ,bahasa_indonesia,"2023-10-04 18:35:47","2023-10-04 18:35:47",CC Token,CC Token
82,805,82,meta_description,"Temukan berbagai macam jenis obat dan vitamin berdasarkan Kategori Obat Jantung. Ketahui juga manfaat, dosis, cara konsumsi, aturan pakai dan efek samping obat dan vitamin di Halodoc.",bahasa_indonesia,"2021-08-27 16:30:06","2021-08-27 16:30:06",CC Token,CC Token
82,800,82,meta_keywords,Kategori Obat Jantung,bahasa_indonesia,"2021-08-27 16:30:06","2021-08-27 16:30:06",CC Token,CC Token
82,803,82,meta_title,Daftar Informasi obat dan vitamin - Halodoc - Kategori Obat Jantung,bahasa_indonesia,"2021-08-27 16:30:06","2021-08-27 16:30:06",CC Token,CC Token
82,802,82,name,Obat Jantung,bahasa_indonesia,"2021-08-27 16:30:06","2021-08-27 16:30:06",CC Token,CC Token
82,804,82,name,Heart Diseases Medicine,english,"2021-08-27 16:30:06","2021-08-27 16:30:06",CC Token,CC Token
82,801,82,seo_url, ,bahasa_indonesia,"2021-08-27 16:30:06","2021-08-27 16:30:06",CC Token,CC Token
82,820,82,seo_url, ,english,"2021-08-27 16:54:58","2021-08-27 16:54:58",CC Token,CC Token
686,4449,686,blibli_category_ids,OI-1000004,bahasa_indonesia,"2023-09-29 13:52:15","2023-09-29 13:52:15",Dev,Dev
686,3964,686,meta_description,Temukan Produk Kesehatan & Kecantikan > Perawatan Tubuh > Pelembab Tubuh > Body oil paling lengkap hanya di Halodoc. Konsultasi obat dengan dokter ? Order obat di Halodoc ? #TenangMenjaga,bahasa_indonesia,"2023-09-05 09:57:37","2023-09-05 09:57:37",Dev,Dev
686,3967,686,meta_keywords,Produk Kesehatan & Kecantikan > Perawatan Tubuh > Pelembab Tubuh > Body oil Obat Perawatan Halodoc,bahasa_indonesia,"2023-09-05 09:57:37","2023-09-05 09:57:37",Dev,Dev
686,3966,686,name,Kesehatan & Kecantikan > Perawatan Tubuh > Pelembab Tubuh > Body oil,bahasa_indonesia,"2023-09-05 09:57:37","2023-09-05 09:57:37",Dev,Dev
686,3965,686,name,Kesehatan & Kecantikan > Perawatan Tubuh > Pelembab Tubuh > Body oil,english,"2023-09-05 09:57:37","2023-09-05 09:57:37",Dev,Dev
7,118,7,meta_description,"Temukan berbagai macam jenis obat dan vitamin berdasarkan Kategori Otot Tulang dan Sendi. Ketahui juga manfaat, dosis, cara konsumsi, aturan pakai dan efek samping obat dan vitamin di Halodoc.",bahasa_indonesia,"2019-03-01 17:06:49","2019-03-01 17:06:49",Dev,Dev
7,115,7,meta_description, ,english,"2019-03-01 17:06:49","2019-03-01 17:06:49",Dev,Dev
7,114,7,meta_keywords,Kategori Otot Tulang dan Sendi,bahasa_indonesia,"2019-03-01 17:06:49","2019-03-01 17:06:49",Dev,Dev
7,117,7,meta_keywords, ,english,"2019-03-01 17:06:49","2019-03-01 17:06:49",Dev,Dev
7,116,7,meta_title,Daftar Informasi obat dan vitamin - Kategori Otot Tulang dan Sendi,bahasa_indonesia,"2019-03-01 17:06:49","2020-03-04 13:24:19",Dev,Control Center
7,113,7,meta_title, ,english,"2019-03-01 17:06:49","2019-03-01 17:06:49",Dev,Dev
7,36,7,name,"Otot, Tulang dan Sendi",bahasa_indonesia,"2017-10-31 20:52:57","2018-11-16 17:30:12",Dev,Control Center
7,7,7,name,"Muscles, Bone & Joint",english,"2017-10-31 20:52:54","2018-11-16 17:30:12",Dev,Control Center
7,349,7,seo_url,https://halodoc-sumba.s3-ap-southeast-1.amazonaws.com/product-category-seo-information/product_category_seo_information_otot%20dan%20sendi.html,bahasa_indonesia,"2019-03-14 17:15:46","2019-03-19 13:30:00",Dev,Control Center
7,311,7,seo_url,https://halodoc-sumba.s3.ap-southeast-1.amazonaws.com/product-category-seo-information/product_category_seo_information_otot%20dan%20sendi.html,english,"2019-03-08 17:21:19","2020-03-20 07:59:35",Dev,Control Center
657,4366,657,blibli_category_ids,PA-1000128,bahasa_indonesia,"2023-09-29 13:52:10","2023-09-29 13:52:10",Dev,Dev
657,3850,657,meta_description,Temukan Produk Kesehatan & Kecantikan > Pengharum & Parfum > Parfum Anak paling lengkap hanya di Halodoc. Konsultasi obat dengan dokter ? Order obat di Halodoc ? #TenangMenjaga,bahasa_indonesia,"2023-09-05 09:57:36","2023-09-05 09:57:36",Dev,Dev
657,3851,657,meta_keywords,Produk Kesehatan & Kecantikan > Pengharum & Parfum > Parfum Anak Obat Perawatan Halodoc,bahasa_indonesia,"2023-09-05 09:57:36","2023-09-05 09:57:36",Dev,Dev
657,3848,657,name,Kesehatan & Kecantikan > Pengharum & Parfum > Parfum Anak,bahasa_indonesia,"2023-09-05 09:57:36","2023-09-05 09:57:36",Dev,Dev
657,3849,657,name,Kesehatan & Kecantikan > Pengharum & Parfum > Parfum Anak,english,"2023-09-05 09:57:36","2023-09-05 09:57:36",Dev,Dev
752,4385,752,blibli_category_ids,PA-1000154,bahasa_indonesia,"2023-09-29 13:52:12","2023-09-29 13:52:12",Dev,Dev
752,4247,752,meta_description,Temukan Produk Kesehatan & Kecantikan > Perawatan Tubuh > Perawatan Mulut & Gigi > Pasta Gigi paling lengkap hanya di Halodoc. Konsultasi obat dengan dokter ? Order obat di Halodoc ? #TenangMenjaga,bahasa_indonesia,"2023-09-19 16:49:20","2023-09-19 16:49:20",Dev,Dev
752,4245,752,meta_keywords,Produk Kesehatan & Kecantikan > Perawatan Tubuh > Perawatan Mulut & Gigi > Pasta Gigi Obat Perawatan Halodoc,bahasa_indonesia,"2023-09-19 16:49:20","2023-09-19 16:49:20",Dev,Dev
752,4244,752,name,Kesehatan & Kecantikan > Perawatan Tubuh > Perawatan Mulut & Gigi > Pasta Gigi,bahasa_indonesia,"2023-09-19 16:49:20","2023-09-19 16:49:20",Dev,Dev
752,4246,752,name,Kesehatan & Kecantikan > Perawatan Tubuh > Perawatan Mulut & Gigi > Pasta Gigi,english,"2023-09-19 16:49:20","2023-09-19 16:49:20",Dev,Dev
89,852,89,meta_description,"Temukan berbagai macam jenis obat dan vitamin berdasarkan Kategori Paket Nebulizer. Ketahui juga manfaat, dosis, cara konsumsi, aturan pakai dan efek samping obat dan vitamin di Halodoc.",bahasa_indonesia,"2021-09-17 10:14:49","2021-09-17 10:14:49",CC Token,CC Token
89,853,89,meta_keywords,"Kategori Paket Nebulizer
",bahasa_indonesia,"2021-09-17 10:14:49","2021-09-17 10:14:49",CC Token,CC Token
89,855,89,meta_title,"Daftar Informasi obat dan vitamin - Halodoc - Kategori Paket Nebulize
",bahasa_indonesia,"2021-09-17 10:14:49","2021-09-17 10:14:49",CC Token,CC Token
89,854,89,name,Paket Nebulizer,bahasa_indonesia,"2021-09-17 10:14:49","2021-09-17 10:14:49",CC Token,CC Token
89,851,89,name,Nebulizer Package,english,"2021-09-17 10:14:49","2021-09-17 10:14:49",CC Token,CC Token
89,850,89,seo_url, ,bahasa_indonesia,"2021-09-17 10:14:49","2021-09-17 10:14:49",CC Token,CC Token
89,856,89,seo_url, ,english,"2021-09-17 17:35:36","2021-09-17 17:35:36",CC Token,CC Token
682,4422,682,blibli_category_ids,PE-1000344,bahasa_indonesia,"2023-09-29 13:52:14","2023-09-29 13:52:14",Dev,Dev
682,3949,682,meta_description,Temukan Produk Ibu & Anak > Ibu Hamil & Menyusui > Perlengkapan Menyusui paling lengkap hanya di Halodoc. Konsultasi obat dengan dokter ? Order obat di Halodoc ? #TenangMenjaga,bahasa_indonesia,"2023-09-05 09:57:37","2023-09-05 09:57:37",Dev,Dev
682,3950,682,meta_keywords,Produk Ibu & Anak > Ibu Hamil & Menyusui > Perlengkapan Menyusui Obat Perawatan Halodoc,bahasa_indonesia,"2023-09-05 09:57:37","2023-09-05 09:57:37",Dev,Dev
682,3951,682,name,Ibu & Anak > Ibu Hamil & Menyusui > Perlengkapan Menyusui,bahasa_indonesia,"2023-09-05 09:57:37","2023-09-05 09:57:37",Dev,Dev
682,3948,682,name,Ibu & Anak > Ibu Hamil & Menyusui > Perlengkapan Menyusui,english,"2023-09-05 09:57:37","2023-09-05 09:57:37",Dev,Dev
667,4473,667,blibli_category_ids,PE-1000347,bahasa_indonesia,"2023-09-29 13:52:17","2023-09-29 13:52:17",Dev,Dev
667,3890,667,meta_description,Temukan Produk Ibu & Anak > Peralatan Mandi & Perawatan Kulit > Sikat Gigi & Pasta Gigi Khusus Anak paling lengkap hanya di Halodoc. Konsultasi obat dengan dokter ? Order obat di Halodoc ? #TenangMenjaga,bahasa_indonesia,"2023-09-05 09:57:36","2023-09-05 09:57:36",Dev,Dev
667,3891,667,meta_keywords,Produk Ibu & Anak > Peralatan Mandi & Perawatan Kulit > Sikat Gigi & Pasta Gigi Khusus Anak Obat Perawatan Halodoc,bahasa_indonesia,"2023-09-05 09:57:36","2023-09-05 09:57:36",Dev,Dev
667,3888,667,name,Ibu & Anak > Peralatan Mandi & Perawatan Kulit > Sikat Gigi & Pasta Gigi Khusus Anak,bahasa_indonesia,"2023-09-05 09:57:36","2023-09-05 09:57:36",Dev,Dev
667,3889,667,name,Ibu & Anak > Peralatan Mandi & Perawatan Kulit > Sikat Gigi & Pasta Gigi Khusus Anak,english,"2023-09-05 09:57:36","2023-09-05 09:57:36",Dev,Dev
714,4478,714,blibli_category_ids,PE-1000349,bahasa_indonesia,"2023-09-29 13:52:17","2023-09-29 13:52:17",Dev,Dev
714,4078,714,meta_description,Temukan Produk Ibu & Anak > Perlengkapan Makan Anak > Peralatan Makan paling lengkap hanya di Halodoc. Konsultasi obat dengan dokter ? Order obat di Halodoc ? #TenangMenjaga,bahasa_indonesia,"2023-09-05 09:57:38","2023-09-05 09:57:38",Dev,Dev
714,4079,714,meta_keywords,Produk Ibu & Anak > Perlengkapan Makan Anak > Peralatan Makan Obat Perawatan Halodoc,bahasa_indonesia,"2023-09-05 09:57:38","2023-09-05 09:57:38",Dev,Dev
714,4076,714,name,Ibu & Anak > Perlengkapan Makan Anak > Peralatan Makan,bahasa_indonesia,"2023-09-05 09:57:38","2023-09-05 09:57:38",Dev,Dev
714,4077,714,name,Ibu & Anak > Perlengkapan Makan Anak > Peralatan Makan,english,"2023-09-05 09:57:38","2023-09-05 09:57:38",Dev,Dev
656,4351,656,blibli_category_ids,PE-1000463,bahasa_indonesia,"2023-09-29 13:52:09","2023-09-29 13:52:09",Dev,Dev
656,3844,656,meta_description,Temukan Produk Kesehatan & Kecantikan > Pembalut & Produk Kewanitaan paling lengkap hanya di Halodoc. Konsultasi obat dengan dokter ? Order obat di Halodoc ? #TenangMenjaga,bahasa_indonesia,"2023-09-05 09:57:35","2023-09-05 09:57:35",Dev,Dev
656,3847,656,meta_keywords,Produk Kesehatan & Kecantikan > Pembalut & Produk Kewanitaan Obat Perawatan Halodoc,bahasa_indonesia,"2023-09-05 09:57:35","2023-09-05 09:57:35",Dev,Dev
656,3846,656,name,Kesehatan & Kecantikan > Pembalut & Produk Kewanitaan,bahasa_indonesia,"2023-09-05 09:57:35","2023-09-05 09:57:35",Dev,Dev
656,3845,656,name,Kesehatan & Kecantikan > Pembalut & Produk Kewanitaan,english,"2023-09-05 09:57:35","2023-09-05 09:57:35",Dev,Dev
731,4453,731,blibli_category_ids,PE-1000467,bahasa_indonesia,"2023-09-29 13:52:15","2023-09-29 13:52:15",Dev,Dev
731,4144,731,meta_description,Temukan Produk Kesehatan & Kecantikan > Kutek & Perawatan Kuku > Perawatan Kuku paling lengkap hanya di Halodoc. Konsultasi obat dengan dokter ? Order obat di Halodoc ? #TenangMenjaga,bahasa_indonesia,"2023-09-05 09:57:39","2023-09-05 09:57:39",Dev,Dev
731,4147,731,meta_keywords,Produk Kesehatan & Kecantikan > Kutek & Perawatan Kuku > Perawatan Kuku Obat Perawatan Halodoc,bahasa_indonesia,"2023-09-05 09:57:39","2023-09-05 09:57:39",Dev,Dev
731,4146,731,name,Kesehatan & Kecantikan > Kutek & Perawatan Kuku > Perawatan Kuku,bahasa_indonesia,"2023-09-05 09:57:39","2023-09-05 09:57:39",Dev,Dev
731,4145,731,name,Kesehatan & Kecantikan > Kutek & Perawatan Kuku > Perawatan Kuku,english,"2023-09-05 09:57:39","2023-09-05 09:57:39",Dev,Dev
703,4431,703,blibli_category_ids,PE-1000477,bahasa_indonesia,"2023-09-29 13:52:14","2023-09-29 13:52:14",Dev,Dev
703,4033,703,meta_description,Temukan Produk Kesehatan & Kecantikan > Perawatan Tubuh > Pelembab Tubuh paling lengkap hanya di Halodoc. Konsultasi obat dengan dokter ? Order obat di Halodoc ? #TenangMenjaga,bahasa_indonesia,"2023-09-05 09:57:38","2023-09-05 09:57:38",Dev,Dev
703,4034,703,meta_keywords,Produk Kesehatan & Kecantikan > Perawatan Tubuh > Pelembab Tubuh Obat Perawatan Halodoc,bahasa_indonesia,"2023-09-05 09:57:38","2023-09-05 09:57:38",Dev,Dev
703,4035,703,name,Kesehatan & Kecantikan > Perawatan Tubuh > Pelembab Tubuh,bahasa_indonesia,"2023-09-05 09:57:38","2023-09-05 09:57:38",Dev,Dev
703,4032,703,name,Kesehatan & Kecantikan > Perawatan Tubuh > Pelembab Tubuh,english,"2023-09-05 09:57:38","2023-09-05 09:57:38",Dev,Dev
674,4356,674,blibli_category_ids,PE-1000479,bahasa_indonesia,"2023-09-29 13:52:10","2023-09-29 13:52:10",Dev,Dev
674,3916,674,meta_description,Temukan Produk Kesehatan & Kecantikan > Perawatan Tubuh > Perawatan Mulut & Gigi paling lengkap hanya di Halodoc. Konsultasi obat dengan dokter ? Order obat di Halodoc ? #TenangMenjaga,bahasa_indonesia,"2023-09-05 09:57:36","2023-09-05 09:57:36",Dev,Dev
674,3919,674,meta_keywords,Produk Kesehatan & Kecantikan > Perawatan Tubuh > Perawatan Mulut & Gigi Obat Perawatan Halodoc,bahasa_indonesia,"2023-09-05 09:57:36","2023-09-05 09:57:36",Dev,Dev
674,3918,674,name,Kesehatan & Kecantikan > Perawatan Tubuh > Perawatan Mulut & Gigi,bahasa_indonesia,"2023-09-05 09:57:36","2023-09-05 09:57:36",Dev,Dev
674,3917,674,name,Kesehatan & Kecantikan > Perawatan Tubuh > Perawatan Mulut & Gigi,english,"2023-09-05 09:57:36","2023-09-05 09:57:36",Dev,Dev
756,4413,756,blibli_category_ids,PE-1000483,bahasa_indonesia,"2023-09-29 13:52:13","2023-09-29 13:52:13",Dev,Dev
756,4262,756,meta_description,Temukan Produk Kesehatan & Kecantikan > Perawatan Wajah > Pelembab Wajah paling lengkap hanya di Halodoc. Konsultasi obat dengan dokter ? Order obat di Halodoc ? #TenangMenjaga,bahasa_indonesia,"2023-09-19 16:49:20","2023-09-19 16:49:20",Dev,Dev
756,4261,756,meta_keywords,Produk Kesehatan & Kecantikan > Perawatan Wajah > Pelembab Wajah Obat Perawatan Halodoc,bahasa_indonesia,"2023-09-19 16:49:20","2023-09-19 16:49:20",Dev,Dev
756,4260,756,name,Kesehatan & Kecantikan > Perawatan Wajah > Pelembab Wajah,bahasa_indonesia,"2023-09-19 16:49:20","2023-09-19 16:49:20",Dev,Dev
756,4263,756,name,Kesehatan & Kecantikan > Perawatan Wajah > Pelembab Wajah,english,"2023-09-19 16:49:20","2023-09-19 16:49:20",Dev,Dev
717,4463,717,blibli_category_ids,PE-1000484,bahasa_indonesia,"2023-09-29 13:52:16","2023-09-29 13:52:16",Dev,Dev
717,4089,717,meta_description,Temukan Produk Kesehatan & Kecantikan > Perawatan Wajah > Pembersih Wajah paling lengkap hanya di Halodoc. Konsultasi obat dengan dokter ? Order obat di Halodoc ? #TenangMenjaga,bahasa_indonesia,"2023-09-05 09:57:38","2023-09-05 09:57:38",Dev,Dev
717,4090,717,meta_keywords,Produk Kesehatan & Kecantikan > Perawatan Wajah > Pembersih Wajah Obat Perawatan Halodoc,bahasa_indonesia,"2023-09-05 09:57:38","2023-09-05 09:57:38",Dev,Dev
717,4091,717,name,Kesehatan & Kecantikan > Perawatan Wajah > Pembersih Wajah,bahasa_indonesia,"2023-09-05 09:57:38","2023-09-05 09:57:38",Dev,Dev
717,4088,717,name,Kesehatan & Kecantikan > Perawatan Wajah > Pembersih Wajah,english,"2023-09-05 09:57:38","2023-09-05 09:57:38",Dev,Dev
644,4471,644,blibli_category_ids,PE-1000524,bahasa_indonesia,"2023-09-29 13:52:17","2023-09-29 13:52:17",Dev,Dev
644,3796,644,meta_description,Temukan Produk Kesehatan & Kecantikan > Peralatan Medis > Perlengkapan Medis > Perban & Alat Terapi paling lengkap hanya di Halodoc. Konsultasi obat dengan dokter ? Order obat di Halodoc ? #TenangMenjaga,bahasa_indonesia,"2023-09-05 09:57:35","2023-09-05 09:57:35",Dev,Dev
644,3797,644,meta_keywords,Produk Kesehatan & Kecantikan > Peralatan Medis > Perlengkapan Medis > Perban & Alat Terapi Obat Perawatan Halodoc,bahasa_indonesia,"2023-09-05 09:57:35","2023-09-05 09:57:35",Dev,Dev
644,3798,644,name,Kesehatan & Kecantikan > Peralatan Medis > Perlengkapan Medis > Perban & Alat Terapi,bahasa_indonesia,"2023-09-05 09:57:35","2023-09-05 09:57:35",Dev,Dev
644,3799,644,name,Kesehatan & Kecantikan > Peralatan Medis > Perlengkapan Medis > Perban & Alat Terapi,english,"2023-09-05 09:57:35","2023-09-05 09:57:35",Dev,Dev
694,4372,694,blibli_category_ids,PE-1000529,bahasa_indonesia,"2023-09-29 13:52:11","2023-09-29 13:52:11",Dev,Dev
694,3997,694,meta_description,Temukan Produk Kesehatan & Kecantikan > Perawatan Tubuh > Perawatan Mulut & Gigi > Perawatan Mulut & gigi paling lengkap hanya di Halodoc. Konsultasi obat dengan dokter ? Order obat di Halodoc ? #TenangMenjaga,bahasa_indonesia,"2023-09-05 09:57:37","2023-09-05 09:57:37",Dev,Dev
694,3998,694,meta_keywords,Produk Kesehatan & Kecantikan > Perawatan Tubuh > Perawatan Mulut & Gigi > Perawatan Mulut & gigi Obat Perawatan Halodoc,bahasa_indonesia,"2023-09-05 09:57:37","2023-09-05 09:57:37",Dev,Dev
694,3999,694,name,Kesehatan & Kecantikan > Perawatan Tubuh > Perawatan Mulut & Gigi > Perawatan Mulut & gigi,bahasa_indonesia,"2023-09-05 09:57:37","2023-09-05 09:57:37",Dev,Dev
694,3996,694,name,Kesehatan & Kecantikan > Perawatan Tubuh > Perawatan Mulut & Gigi > Perawatan Mulut & gigi,english,"2023-09-05 09:57:37","2023-09-05 09:57:37",Dev,Dev
685,4402,685,blibli_category_ids,PE-1000531,bahasa_indonesia,"2023-09-29 13:52:12","2023-09-29 13:52:12",Dev,Dev
685,3962,685,meta_description,Temukan Produk Kesehatan & Kecantikan > Perawatan Wajah > Perawatan Jerawat > Acne Serum & Moisturizer paling lengkap hanya di Halodoc. Konsultasi obat dengan dokter ? Order obat di Halodoc ? #TenangMenjaga,bahasa_indonesia,"2023-09-05 09:57:37","2023-09-05 09:57:37",Dev,Dev
685,3963,685,meta_keywords,Produk Kesehatan & Kecantikan > Perawatan Wajah > Perawatan Jerawat > Acne Serum & Moisturizer Obat Perawatan Halodoc,bahasa_indonesia,"2023-09-05 09:57:37","2023-09-05 09:57:37",Dev,Dev
685,3960,685,name,Kesehatan & Kecantikan > Perawatan Wajah > Perawatan Jerawat > Acne Serum & Moisturizer,bahasa_indonesia,"2023-09-05 09:57:37","2023-09-05 09:57:37",Dev,Dev
685,3961,685,name,Kesehatan & Kecantikan > Perawatan Wajah > Perawatan Jerawat > Acne Serum & Moisturizer,english,"2023-09-05 09:57:37","2023-09-05 09:57:37",Dev,Dev
673,4442,673,blibli_category_ids,PE-1000532,bahasa_indonesia,"2023-09-29 13:52:15","2023-09-29 13:52:15",Dev,Dev
673,3912,673,meta_description,Temukan Produk Kesehatan & Kecantikan > Perawatan Wajah > Perawatan Jerawat > Acne Cleanser paling lengkap hanya di Halodoc. Konsultasi obat dengan dokter ? Order obat di Halodoc ? #TenangMenjaga,bahasa_indonesia,"2023-09-05 09:57:36","2023-09-05 09:57:36",Dev,Dev
673,3913,673,meta_keywords,Produk Kesehatan & Kecantikan > Perawatan Wajah > Perawatan Jerawat > Acne Cleanser Obat Perawatan Halodoc,bahasa_indonesia,"2023-09-05 09:57:36","2023-09-05 09:57:36",Dev,Dev
673,3914,673,name,Kesehatan & Kecantikan > Perawatan Wajah > Perawatan Jerawat > Acne Cleanser,bahasa_indonesia,"2023-09-05 09:57:36","2023-09-05 09:57:36",Dev,Dev
673,3915,673,name,Kesehatan & Kecantikan > Perawatan Wajah > Perawatan Jerawat > Acne Cleanser,english,"2023-09-05 09:57:36","2023-09-05 09:57:36",Dev,Dev
646,4439,646,blibli_category_ids,PE-1000533,bahasa_indonesia,"2023-09-29 13:52:15","2023-09-29 13:52:15",Dev,Dev
646,3805,646,meta_description,Temukan Produk Kesehatan & Kecantikan > Perawatan Wajah > Perawatan Jerawat > Acne Treatments paling lengkap hanya di Halodoc. Konsultasi obat dengan dokter ? Order obat di Halodoc ? #TenangMenjaga,bahasa_indonesia,"2023-09-05 09:57:35","2023-09-05 09:57:35",Dev,Dev
646,3806,646,meta_keywords,Produk Kesehatan & Kecantikan > Perawatan Wajah > Perawatan Jerawat > Acne Treatments Obat Perawatan Halodoc,bahasa_indonesia,"2023-09-05 09:57:35","2023-09-05 09:57:35",Dev,Dev
646,3807,646,name,Kesehatan & Kecantikan > Perawatan Wajah > Perawatan Jerawat > Acne Treatments,bahasa_indonesia,"2023-09-05 09:57:35","2023-09-05 09:57:35",Dev,Dev
646,3804,646,name,Kesehatan & Kecantikan > Perawatan Wajah > Perawatan Jerawat > Acne Treatments,english,"2023-09-05 09:57:35","2023-09-05 09:57:35",Dev,Dev
746,4455,746,blibli_category_ids,PE-1000595,bahasa_indonesia,"2023-09-29 13:52:16","2023-09-29 13:52:16",Dev,Dev
746,4223,746,meta_description,Temukan Produk Bliblimart > Perawatan Rumah Tangga > Pembersih Lantai paling lengkap hanya di Halodoc. Konsultasi obat dengan dokter ? Order obat di Halodoc ? #TenangMenjaga,bahasa_indonesia,"2023-09-19 16:49:19","2023-09-19 16:49:19",Dev,Dev
746,4221,746,meta_keywords,Produk Bliblimart > Perawatan Rumah Tangga > Pembersih Lantai Obat Perawatan Halodoc,bahasa_indonesia,"2023-09-19 16:49:19","2023-09-19 16:49:19",Dev,Dev
746,4220,746,name,Bliblimart > Perawatan Rumah Tangga > Pembersih Lantai,bahasa_indonesia,"2023-09-19 16:49:19","2023-09-19 16:49:19",Dev,Dev
746,4222,746,name,Bliblimart > Perawatan Rumah Tangga > Pembersih Lantai,english,"2023-09-19 16:49:19","2023-09-19 16:49:19",Dev,Dev
684,4458,684,blibli_category_ids,PE-1000598,bahasa_indonesia,"2023-09-29 13:52:16","2023-09-29 13:52:16",Dev,Dev
684,3956,684,meta_description,Temukan Produk Bliblimart > Perawatan Kulit Tubuh > Pembalut & Popok Dewasa paling lengkap hanya di Halodoc. Konsultasi obat dengan dokter ? Order obat di Halodoc ? #TenangMenjaga,bahasa_indonesia,"2023-09-05 09:57:37","2023-09-05 09:57:37",Dev,Dev
684,3957,684,meta_keywords,Produk Bliblimart > Perawatan Kulit Tubuh > Pembalut & Popok Dewasa Obat Perawatan Halodoc,bahasa_indonesia,"2023-09-05 09:57:37","2023-09-05 09:57:37",Dev,Dev
684,3958,684,name,Bliblimart > Perawatan Kulit Tubuh > Pembalut & Popok Dewasa,bahasa_indonesia,"2023-09-05 09:57:37","2023-09-05 09:57:37",Dev,Dev
684,3959,684,name,Bliblimart > Perawatan Kulit Tubuh > Pembalut & Popok Dewasa,english,"2023-09-05 09:57:37","2023-09-05 09:57:37",Dev,Dev
640,4363,640,blibli_category_ids,PE-1000599,bahasa_indonesia,"2023-09-29 13:52:10","2023-09-29 13:52:10",Dev,Dev
640,3780,640,meta_description,Temukan Produk Bliblimart > Perawatan Kulit Tubuh > Perawatan Kulit Badan paling lengkap hanya di Halodoc. Konsultasi obat dengan dokter ? Order obat di Halodoc ? #TenangMenjaga,bahasa_indonesia,"2023-09-05 09:57:35","2023-09-05 09:57:35",Dev,Dev
640,3781,640,meta_keywords,Produk Bliblimart > Perawatan Kulit Tubuh > Perawatan Kulit Badan Obat Perawatan Halodoc,bahasa_indonesia,"2023-09-05 09:57:35","2023-09-05 09:57:35",Dev,Dev
640,4303,640,meta_title,Bliblimart > Perawatan Kulit Tubuh > Perawatan Kulit Badan,bahasa_indonesia,"2023-09-19 17:34:49","2023-09-19 17:34:49",CC Token,CC Token
640,3782,640,name,Bliblimart > Perawatan Kulit Tubuh > Perawatan Kulit Badan,bahasa_indonesia,"2023-09-05 09:57:35","2023-09-05 09:57:35",Dev,Dev
640,3783,640,name,Bliblimart > Perawatan Kulit Tubuh > Perawatan Kulit Badan,english,"2023-09-05 09:57:35","2023-09-05 09:57:35",Dev,Dev
640,4302,640,seo_url, ,english,"2023-09-19 17:34:49","2023-09-19 17:34:49",CC Token,CC Token
743,4483,743,blibli_category_ids,PE-1000605,bahasa_indonesia,"2023-09-29 13:52:17","2023-09-29 13:52:17",Dev,Dev
743,4208,743,meta_description,Temukan Produk Bliblimart > Kebutuhan Ibu & Anak > Perawatan Mandi & Kulit Anak paling lengkap hanya di Halodoc. Konsultasi obat dengan dokter ? Order obat di Halodoc ? #TenangMenjaga,bahasa_indonesia,"2023-09-19 16:49:19","2023-09-19 16:49:19",Dev,Dev
743,4209,743,meta_keywords,Produk Bliblimart > Kebutuhan Ibu & Anak > Perawatan Mandi & Kulit Anak Obat Perawatan Halodoc,bahasa_indonesia,"2023-09-19 16:49:19","2023-09-19 16:49:19",Dev,Dev
743,4210,743,name,Bliblimart > Kebutuhan Ibu & Anak > Perawatan Mandi & Kulit Anak,bahasa_indonesia,"2023-09-19 16:49:19","2023-09-19 16:49:19",Dev,Dev
743,4211,743,name,Bliblimart > Kebutuhan Ibu & Anak > Perawatan Mandi & Kulit Anak,english,"2023-09-19 16:49:19","2023-09-19 16:49:19",Dev,Dev
742,4408,742,blibli_category_ids,PE-1000610,bahasa_indonesia,"2023-09-29 13:52:13","2023-09-29 13:52:13",Dev,Dev
742,4207,742,meta_description,Temukan Produk Bliblimart > Perawatan Rumah Tangga > Pembasmi Hama & Serangga > Pembasmi Hama & Serangga Lainnya paling lengkap hanya di Halodoc. Konsultasi obat dengan dokter ? Order obat di Halodoc ? #TenangMenjaga,bahasa_indonesia,"2023-09-19 16:49:19","2023-09-19 16:49:19",Dev,Dev
742,4205,742,meta_keywords,Produk Bliblimart > Perawatan Rumah Tangga > Pembasmi Hama & Serangga > Pembasmi Hama & Serangga Lainnya Obat Perawatan Halodoc,bahasa_indonesia,"2023-09-19 16:49:19","2023-09-19 16:49:19",Dev,Dev
742,4204,742,name,Bliblimart > Perawatan Rumah Tangga > Pembasmi Hama & Serangga > Pembasmi Hama & Serangga Lainnya,bahasa_indonesia,"2023-09-19 16:49:19","2023-09-19 16:49:19",Dev,Dev
742,4206,742,name,Bliblimart > Perawatan Rumah Tangga > Pembasmi Hama & Serangga > Pembasmi Hama & Serangga Lainnya,english,"2023-09-19 16:49:19","2023-09-19 16:49:19",Dev,Dev
764,4378,764,blibli_category_ids,PE-1000614,bahasa_indonesia,"2023-09-29 13:52:11","2023-09-29 13:52:11",Dev,Dev
764,4295,764,meta_description,Temukan Produk Bliblimart > Perawatan Kulit Tubuh > Pembalut & Popok Dewasa > Pembalut paling lengkap hanya di Halodoc. Konsultasi obat dengan dokter ? Order obat di Halodoc ? #TenangMenjaga,bahasa_indonesia,"2023-09-19 16:49:20","2023-09-19 16:49:20",Dev,Dev
764,4293,764,meta_keywords,Produk Bliblimart > Perawatan Kulit Tubuh > Pembalut & Popok Dewasa > Pembalut Obat Perawatan Halodoc,bahasa_indonesia,"2023-09-19 16:49:20","2023-09-19 16:49:20",Dev,Dev
764,4292,764,name,Bliblimart > Perawatan Kulit Tubuh > Pembalut & Popok Dewasa > Pembalut,bahasa_indonesia,"2023-09-19 16:49:20","2023-09-19 16:49:20",Dev,Dev
764,4294,764,name,Bliblimart > Perawatan Kulit Tubuh > Pembalut & Popok Dewasa > Pembalut,english,"2023-09-19 16:49:20","2023-09-19 16:49:20",Dev,Dev
751,4416,751,blibli_category_ids,PE-1000615,bahasa_indonesia,"2023-09-29 13:52:13","2023-09-29 13:52:13",Dev,Dev
751,4240,751,meta_description,Temukan Produk Bliblimart > Perawatan Kulit Tubuh > Pembalut & Popok Dewasa > Pembalut & Popok Dewasa Lainnya paling lengkap hanya di Halodoc. Konsultasi obat dengan dokter ? Order obat di Halodoc ? #TenangMenjaga,bahasa_indonesia,"2023-09-19 16:49:20","2023-09-19 16:49:20",Dev,Dev
751,4241,751,meta_keywords,Produk Bliblimart > Perawatan Kulit Tubuh > Pembalut & Popok Dewasa > Pembalut & Popok Dewasa Lainnya Obat Perawatan Halodoc,bahasa_indonesia,"2023-09-19 16:49:20","2023-09-19 16:49:20",Dev,Dev
751,4242,751,name,Bliblimart > Perawatan Kulit Tubuh > Pembalut & Popok Dewasa > Pembalut & Popok Dewasa Lainnya,bahasa_indonesia,"2023-09-19 16:49:20","2023-09-19 16:49:20",Dev,Dev
751,4243,751,name,Bliblimart > Perawatan Kulit Tubuh > Pembalut & Popok Dewasa > Pembalut & Popok Dewasa Lainnya,english,"2023-09-19 16:49:20","2023-09-19 16:49:20",Dev,Dev
645,4438,645,blibli_category_ids,PE-1000617,bahasa_indonesia,"2023-09-29 13:52:15","2023-09-29 13:52:15",Dev,Dev
645,3800,645,meta_description,Temukan Produk Bliblimart > Aneka Cemilan > Permen & Coklat > Permen paling lengkap hanya di Halodoc. Konsultasi obat dengan dokter ? Order obat di Halodoc ? #TenangMenjaga,bahasa_indonesia,"2023-09-05 09:57:35","2023-09-05 09:57:35",Dev,Dev
645,3801,645,meta_keywords,Produk Bliblimart > Aneka Cemilan > Permen & Coklat > Permen Obat Perawatan Halodoc,bahasa_indonesia,"2023-09-05 09:57:35","2023-09-05 09:57:35",Dev,Dev
645,3802,645,name,Bliblimart > Aneka Cemilan > Permen & Coklat > Permen,bahasa_indonesia,"2023-09-05 09:57:35","2023-09-05 09:57:35",Dev,Dev
645,3803,645,name,Bliblimart > Aneka Cemilan > Permen & Coklat > Permen,english,"2023-09-05 09:57:35","2023-09-05 09:57:35",Dev,Dev
650,4441,650,blibli_category_ids,PE-1000628,bahasa_indonesia,"2023-09-29 13:52:15","2023-09-29 13:52:15",Dev,Dev
650,3821,650,meta_description,Temukan Produk Bliblimart > Perawatan Kulit Tubuh > Perawatan Kulit Badan > Perawatan Kulit Badan Lainnya paling lengkap hanya di Halodoc. Konsultasi obat dengan dokter ? Order obat di Halodoc ? #TenangMenjaga,bahasa_indonesia,"2023-09-05 09:57:35","2023-09-05 09:57:35",Dev,Dev
650,3822,650,meta_keywords,Produk Bliblimart > Perawatan Kulit Tubuh > Perawatan Kulit Badan > Perawatan Kulit Badan Lainnya Obat Perawatan Halodoc,bahasa_indonesia,"2023-09-05 09:57:35","2023-09-05 09:57:35",Dev,Dev
650,3823,650,name,Bliblimart > Perawatan Kulit Tubuh > Perawatan Kulit Badan > Perawatan Kulit Badan Lainnya,bahasa_indonesia,"2023-09-05 09:57:35","2023-09-05 09:57:35",Dev,Dev
650,3820,650,name,Bliblimart > Perawatan Kulit Tubuh > Perawatan Kulit Badan > Perawatan Kulit Badan Lainnya,english,"2023-09-05 09:57:35","2023-09-05 09:57:35",Dev,Dev
713,4374,713,blibli_category_ids,PE-1000633,bahasa_indonesia,"2023-09-29 13:52:11","2023-09-29 13:52:11",Dev,Dev
713,4073,713,meta_description,Temukan Produk Bliblimart > Perawatan Kulit Tubuh > Perawatan Kulit Badan > Body Care > Pelembab Kulit Badan paling lengkap hanya di Halodoc. Konsultasi obat dengan dokter ? Order obat di Halodoc ? #TenangMenjaga,bahasa_indonesia,"2023-09-05 09:57:38","2023-09-05 09:57:38",Dev,Dev
713,4074,713,meta_keywords,Produk Bliblimart > Perawatan Kulit Tubuh > Perawatan Kulit Badan > Body Care > Pelembab Kulit Badan Obat Perawatan Halodoc,bahasa_indonesia,"2023-09-05 09:57:38","2023-09-05 09:57:38",Dev,Dev
713,4075,713,name,Bliblimart > Perawatan Kulit Tubuh > Perawatan Kulit Badan > Body Care > Pelembab Kulit Badan,bahasa_indonesia,"2023-09-05 09:57:38","2023-09-05 09:57:38",Dev,Dev
713,4072,713,name,Bliblimart > Perawatan Kulit Tubuh > Perawatan Kulit Badan > Body Care > Pelembab Kulit Badan,english,"2023-09-05 09:57:38","2023-09-05 09:57:38",Dev,Dev
740,4489,740,blibli_category_ids,PE-1000637,bahasa_indonesia,"2023-09-29 13:52:18","2023-09-29 13:52:18",Dev,Dev
740,4199,740,meta_description,Temukan Produk Bliblimart > Perawatan Kulit Tubuh > Kesehatan Mulut & Gigi > Perawatan Mulut & Gigi Lainnya paling lengkap hanya di Halodoc. Konsultasi obat dengan dokter ? Order obat di Halodoc ? #TenangMenjaga,bahasa_indonesia,"2023-09-19 16:49:19","2023-09-19 16:49:19",Dev,Dev
740,4197,740,meta_keywords,Produk Bliblimart > Perawatan Kulit Tubuh > Kesehatan Mulut & Gigi > Perawatan Mulut & Gigi Lainnya Obat Perawatan Halodoc,bahasa_indonesia,"2023-09-19 16:49:19","2023-09-19 16:49:19",Dev,Dev
740,4196,740,name,Bliblimart > Perawatan Kulit Tubuh > Kesehatan Mulut & Gigi > Perawatan Mulut & Gigi Lainnya,bahasa_indonesia,"2023-09-19 16:49:19","2023-09-19 16:49:19",Dev,Dev
740,4198,740,name,Bliblimart > Perawatan Kulit Tubuh > Kesehatan Mulut & Gigi > Perawatan Mulut & Gigi Lainnya,english,"2023-09-19 16:49:19","2023-09-19 16:49:19",Dev,Dev
670,4355,670,blibli_category_ids,PE-1000691,bahasa_indonesia,"2023-09-29 13:52:10","2023-09-29 13:52:10",Dev,Dev
670,3900,670,meta_description,Temukan Produk Ibu & Anak > Ibu Hamil & Menyusui > Pembalut Pasca Bersalin paling lengkap hanya di Halodoc. Konsultasi obat dengan dokter ? Order obat di Halodoc ? #TenangMenjaga,bahasa_indonesia,"2023-09-05 09:57:36","2023-09-05 09:57:36",Dev,Dev
670,3901,670,meta_keywords,Produk Ibu & Anak > Ibu Hamil & Menyusui > Pembalut Pasca Bersalin Obat Perawatan Halodoc,bahasa_indonesia,"2023-09-05 09:57:36","2023-09-05 09:57:36",Dev,Dev
670,3902,670,name,Ibu & Anak > Ibu Hamil & Menyusui > Pembalut Pasca Bersalin,bahasa_indonesia,"2023-09-05 09:57:36","2023-09-05 09:57:36",Dev,Dev
670,3903,670,name,Ibu & Anak > Ibu Hamil & Menyusui > Pembalut Pasca Bersalin,english,"2023-09-05 09:57:36","2023-09-05 09:57:36",Dev,Dev
631,4426,631,blibli_category_ids,PE-1000692,bahasa_indonesia,"2023-09-29 13:52:14","2023-09-29 13:52:14",Dev,Dev
631,3745,631,meta_description,Temukan Produk Ibu & Anak > Keamanan Bayi dan Balita > Peralatan Kesehatan Anak paling lengkap hanya di Halodoc. Konsultasi obat dengan dokter ? Order obat di Halodoc ? #TenangMenjaga,bahasa_indonesia,"2023-09-05 09:57:34","2023-09-05 09:57:34",Dev,Dev
631,3746,631,meta_keywords,Produk Ibu & Anak > Keamanan Bayi dan Balita > Peralatan Kesehatan Anak Obat Perawatan Halodoc,bahasa_indonesia,"2023-09-05 09:57:34","2023-09-05 09:57:34",Dev,Dev
631,3747,631,name,Ibu & Anak > Keamanan Bayi dan Balita > Peralatan Kesehatan Anak,bahasa_indonesia,"2023-09-05 09:57:34","2023-09-05 09:57:34",Dev,Dev
631,3744,631,name,Ibu & Anak > Keamanan Bayi dan Balita > Peralatan Kesehatan Anak,english,"2023-09-05 09:57:34","2023-09-05 09:57:34",Dev,Dev
712,4432,712,blibli_category_ids,PE-1000697,bahasa_indonesia,"2023-09-29 13:52:14","2023-09-29 13:52:14",Dev,Dev
712,4068,712,meta_description,Temukan Produk Ibu & Anak > Peralatan Mandi & Perawatan Kulit > Pembersih Hidung & Telinga Bayi paling lengkap hanya di Halodoc. Konsultasi obat dengan dokter ? Order obat di Halodoc ? #TenangMenjaga,bahasa_indonesia,"2023-09-05 09:57:38","2023-09-05 09:57:38",Dev,Dev
712,4071,712,meta_keywords,Produk Ibu & Anak > Peralatan Mandi & Perawatan Kulit > Pembersih Hidung & Telinga Bayi Obat Perawatan Halodoc,bahasa_indonesia,"2023-09-05 09:57:38","2023-09-05 09:57:38",Dev,Dev
712,4070,712,name,Ibu & Anak > Peralatan Mandi & Perawatan Kulit > Pembersih Hidung & Telinga Bayi,bahasa_indonesia,"2023-09-05 09:57:38","2023-09-05 09:57:38",Dev,Dev
712,4069,712,name,Ibu & Anak > Peralatan Mandi & Perawatan Kulit > Pembersih Hidung & Telinga Bayi,english,"2023-09-05 09:57:38","2023-09-05 09:57:38",Dev,Dev
659,4390,659,blibli_category_ids,PE-1001110,bahasa_indonesia,"2023-09-29 13:52:12","2023-09-29 13:52:12",Dev,Dev
659,3856,659,meta_description,"Temukan Produk Kesehatan & Kecantikan > Kesehatan Mulut & Gigi, Mata, Telinga > Pembersih Telinga paling lengkap hanya di Halodoc. Konsultasi obat dengan dokter ? Order obat di Halodoc ? #TenangMenjaga",bahasa_indonesia,"2023-09-05 09:57:36","2023-09-05 09:57:36",Dev,Dev
659,3859,659,meta_keywords,"Produk Kesehatan & Kecantikan > Kesehatan Mulut & Gigi, Mata, Telinga > Pembersih Telinga Obat Perawatan Halodoc",bahasa_indonesia,"2023-09-05 09:57:36","2023-09-05 09:57:36",Dev,Dev
659,3858,659,name,"Kesehatan & Kecantikan > Kesehatan Mulut & Gigi, Mata, Telinga > Pembersih Telinga",bahasa_indonesia,"2023-09-05 09:57:36","2023-09-05 09:57:36",Dev,Dev
659,3857,659,name,"Kesehatan & Kecantikan > Kesehatan Mulut & Gigi, Mata, Telinga > Pembersih Telinga",english,"2023-09-05 09:57:36","2023-09-05 09:57:36",Dev,Dev
719,4410,719,blibli_category_ids,PE-1001111,bahasa_indonesia,"2023-09-29 13:52:13","2023-09-29 13:52:13",Dev,Dev
719,4096,719,meta_description,"Temukan Produk Kesehatan & Kecantikan > Kesehatan Mulut & Gigi, Mata, Telinga > Dental Tools > Perekat Gigi dan Benang Gigi paling lengkap hanya di Halodoc. Konsultasi obat dengan dokter ? Order obat di Halodoc ? #TenangMenjaga",bahasa_indonesia,"2023-09-05 09:57:39","2023-09-05 09:57:39",Dev,Dev
719,4097,719,meta_keywords,"Produk Kesehatan & Kecantikan > Kesehatan Mulut & Gigi, Mata, Telinga > Dental Tools > Perekat Gigi dan Benang Gigi Obat Perawatan Halodoc",bahasa_indonesia,"2023-09-05 09:57:39","2023-09-05 09:57:39",Dev,Dev
719,4098,719,name,"Kesehatan & Kecantikan > Kesehatan Mulut & Gigi, Mata, Telinga > Dental Tools > Perekat Gigi dan Benang Gigi",bahasa_indonesia,"2023-09-05 09:57:39","2023-09-05 09:57:39",Dev,Dev
719,4099,719,name,"Kesehatan & Kecantikan > Kesehatan Mulut & Gigi, Mata, Telinga > Dental Tools > Perekat Gigi dan Benang Gigi",english,"2023-09-05 09:57:39","2023-09-05 09:57:39",Dev,Dev
31,262,31,meta_description, Dapatkan informasi perawatan kecantikan paling lengkap hanya di Halodoc. Konsultasi obat dengan dokter ✓ Order obat di Halodoc ✓ #TenangAdaHalodoc!,bahasa_indonesia,"2019-03-01 17:06:51","2022-04-06 14:21:03",Dev,CC Token
31,259,31,meta_description, ,english,"2019-03-01 17:06:51","2019-03-01 17:06:51",Dev,Dev
31,258,31,meta_keywords, perawatan kecantikan,bahasa_indonesia,"2019-03-01 17:06:51","2022-04-06 14:21:03",Dev,CC Token
31,261,31,meta_keywords, ,english,"2019-03-01 17:06:51","2019-03-01 17:06:51",Dev,Dev
31,260,31,meta_title,"Informasi Perawatan Kecantikan, Dosis, Efek Samping - Halodoc",bahasa_indonesia,"2019-03-01 17:06:51","2022-04-06 14:21:03",Dev,CC Token
31,257,31,meta_title, ,english,"2019-03-01 17:06:51","2019-03-01 17:06:51",Dev,Dev
31,61,31,name,Perawatan Kecantikan,bahasa_indonesia,"2018-05-24 16:40:08","2018-05-25 09:24:30",Control Center,Control Center
31,62,31,name,Beauty Care,english,"2018-05-24 16:40:08","2018-05-25 09:24:30",Control Center,Control Center
31,373,31,seo_url,https://halodoc-sumba.s3-ap-southeast-1.amazonaws.com/product-category-seo-information/product_category_seo_information_Perawatan%20Kecantikan.html,bahasa_indonesia,"2019-03-14 17:15:47","2019-03-19 13:57:23",Dev,Control Center
31,335,31,seo_url,https://halodoc-sumba.s3.ap-southeast-1.amazonaws.com/product-category-seo-information/product_category_seo_information_Perawatan%20Kecantikan.html,english,"2019-03-08 17:21:20","2020-03-20 08:07:17",Dev,Control Center
11,142,11,meta_description,Dapatkan informasi perawatan diri paling lengkap hanya di Halodoc. Konsultasi obat dengan dokter ✓ Order obat di Halodoc ✓ #TenangAdaHalodoc!,bahasa_indonesia,"2019-03-01 17:06:50","2022-04-06 14:20:26",Dev,CC Token
11,139,11,meta_description, ,english,"2019-03-01 17:06:50","2019-03-01 17:06:50",Dev,Dev
11,138,11,meta_keywords,perawatan diri,bahasa_indonesia,"2019-03-01 17:06:50","2022-04-06 14:20:26",Dev,CC Token
11,141,11,meta_keywords, ,english,"2019-03-01 17:06:50","2019-03-01 17:06:50",Dev,Dev
11,140,11,meta_title,"Informasi Perawatan Diri, Dosis, Efek Samping - Halodoc",bahasa_indonesia,"2019-03-01 17:06:50","2022-04-06 14:20:26",Dev,CC Token
11,137,11,meta_title, ,english,"2019-03-01 17:06:50","2019-03-01 17:06:50",Dev,Dev
11,40,11,name,Perawatan Diri,bahasa_indonesia,"2017-10-31 20:52:57","2021-05-27 16:53:15",Dev,CC Token
11,11,11,name,Personal Care,english,"2017-10-31 20:52:55","2021-05-27 16:53:15",Dev,CC Token
11,353,11,seo_url,https://halodoc-sumba.s3-ap-southeast-1.amazonaws.com/product-category-seo-information/product_category_seo_information_Consumer%20Goods.html,bahasa_indonesia,"2019-03-14 17:15:46","2019-03-19 13:23:04",Dev,Control Center
11,315,11,seo_url,https://halodoc-sumba.s3.ap-southeast-1.amazonaws.com/product-category-seo-information/product_category_seo_information_Consumer%20Goods.html,english,"2019-03-08 17:21:20","2020-03-20 07:56:27",Dev,Control Center
53,479,53,meta_description,Dapatkan informasi obat hewan paling lengkap hanya di Halodoc. Konsultasi obat dengan dokter ✓ Order obat di Halodoc ✓ #TenangAdaHalodoc!,bahasa_indonesia,"2020-11-19 10:54:56","2022-04-06 12:43:59",CC Token,CC Token
53,480,53,meta_keywords,"obat hewan, perawatan hewan",bahasa_indonesia,"2020-11-19 10:54:56","2022-04-06 12:43:59",CC Token,CC Token
53,484,53,meta_title,"Informasi Obat Hewan, Dosis, Efek Samping - Halodoc",bahasa_indonesia,"2020-11-19 10:54:56","2022-04-06 12:43:59",CC Token,CC Token
53,482,53,name,Perawatan Hewan,bahasa_indonesia,"2020-11-19 10:54:56","2020-11-19 10:54:56",CC Token,CC Token
53,483,53,name,Pet Care,english,"2020-11-19 10:54:56","2020-11-19 10:54:56",CC Token,CC Token
53,481,53,seo_url, ,bahasa_indonesia,"2020-11-19 10:54:56","2020-11-19 10:54:56",CC Token,CC Token
53,485,53,seo_url, ,english,"2020-11-22 19:22:19","2020-11-22 19:22:19",CC Token,CC Token
726,4481,726,blibli_category_ids,PO-1000035,bahasa_indonesia,"2023-09-29 13:52:17","2023-09-29 13:52:17",Dev,Dev
726,4125,726,meta_description,Temukan Produk Ibu & Anak > Ibu Hamil & Menyusui > Pompa ASI paling lengkap hanya di Halodoc. Konsultasi obat dengan dokter ? Order obat di Halodoc ? #TenangMenjaga,bahasa_indonesia,"2023-09-05 09:57:39","2023-09-05 09:57:39",Dev,Dev
726,4126,726,meta_keywords,Produk Ibu & Anak > Ibu Hamil & Menyusui > Pompa ASI Obat Perawatan Halodoc,bahasa_indonesia,"2023-09-05 09:57:39","2023-09-05 09:57:39",Dev,Dev
726,4127,726,name,Ibu & Anak > Ibu Hamil & Menyusui > Pompa ASI,bahasa_indonesia,"2023-09-05 09:57:39","2023-09-05 09:57:39",Dev,Dev
726,4124,726,name,Ibu & Anak > Ibu Hamil & Menyusui > Pompa ASI,english,"2023-09-05 09:57:39","2023-09-05 09:57:39",Dev,Dev
636,4389,636,blibli_category_ids,PO-1000065,bahasa_indonesia,"2023-09-29 13:52:12","2023-09-29 13:52:12",Dev,Dev
636,3764,636,meta_description,Temukan Produk Bliblimart > Kebutuhan Ibu & Anak > Popok Bayi & Anak paling lengkap hanya di Halodoc. Konsultasi obat dengan dokter ? Order obat di Halodoc ? #TenangMenjaga,bahasa_indonesia,"2023-09-05 09:57:34","2023-09-05 09:57:34",Dev,Dev
636,3765,636,meta_keywords,Produk Bliblimart > Kebutuhan Ibu & Anak > Popok Bayi & Anak Obat Perawatan Halodoc,bahasa_indonesia,"2023-09-05 09:57:34","2023-09-05 09:57:34",Dev,Dev
636,3766,636,name,Bliblimart > Kebutuhan Ibu & Anak > Popok Bayi & Anak,bahasa_indonesia,"2023-09-05 09:57:34","2023-09-05 09:57:34",Dev,Dev
636,3767,636,name,Bliblimart > Kebutuhan Ibu & Anak > Popok Bayi & Anak,english,"2023-09-05 09:57:34","2023-09-05 09:57:34",Dev,Dev
744,4409,744,blibli_category_ids,PO-1000069,bahasa_indonesia,"2023-09-29 13:52:13","2023-09-29 13:52:13",Dev,Dev
744,4214,744,meta_description,Temukan Produk Bliblimart > Perawatan Kulit Tubuh > Pembalut & Popok Dewasa > Popok Dewasa paling lengkap hanya di Halodoc. Konsultasi obat dengan dokter ? Order obat di Halodoc ? #TenangMenjaga,bahasa_indonesia,"2023-09-19 16:49:19","2023-09-19 16:49:19",Dev,Dev
744,4213,744,meta_keywords,Produk Bliblimart > Perawatan Kulit Tubuh > Pembalut & Popok Dewasa > Popok Dewasa Obat Perawatan Halodoc,bahasa_indonesia,"2023-09-19 16:49:19","2023-09-19 16:49:19",Dev,Dev
744,4212,744,name,Bliblimart > Perawatan Kulit Tubuh > Pembalut & Popok Dewasa > Popok Dewasa,bahasa_indonesia,"2023-09-19 16:49:19","2023-09-19 16:49:19",Dev,Dev
744,4215,744,name,Bliblimart > Perawatan Kulit Tubuh > Pembalut & Popok Dewasa > Popok Dewasa,english,"2023-09-19 16:49:19","2023-09-19 16:49:19",Dev,Dev
74,748,74,meta_description,"Temukan berbagai macam jenis obat dan vitamin berdasarkan Kategori Produk Konsumer Diabetes. Ketahui juga manfaat, dosis, cara konsumsi, aturan pakai dan efek samping obat dan vitamin di Halodoc.",bahasa_indonesia,"2021-06-22 11:08:06","2021-06-22 11:08:06",CC Token,CC Token
74,746,74,meta_keywords,Kategori Produk Konsumer Diabetes,bahasa_indonesia,"2021-06-22 11:08:06","2021-06-22 11:08:06",CC Token,CC Token
74,744,74,meta_title,Daftar Informasi obat dan vitamin - Halodoc - Kategori Konsumer Diabet,bahasa_indonesia,"2021-06-22 11:08:06","2021-06-22 11:08:06",CC Token,CC Token
74,747,74,name,Produk Konsumer Diabetes,bahasa_indonesia,"2021-06-22 11:08:06","2021-06-22 11:08:06",CC Token,CC Token
74,743,74,name,Diabetes Consumer Product,english,"2021-06-22 11:08:06","2021-06-22 11:08:06",CC Token,CC Token
74,745,74,seo_url, ,bahasa_indonesia,"2021-06-22 11:08:06","2021-06-22 11:08:06",CC Token,CC Token
74,757,74,seo_url, ,english,"2021-06-23 11:09:07","2021-06-23 11:09:07",CC Token,CC Token
83,811,83,meta_description,"Temukan berbagai macam jenis obat dan vitamin berdasarkan Kategori Produk Konsumer Penyakit Jantung. Ketahui juga manfaat, dosis, cara konsumsi, aturan pakai dan efek samping obat dan vitamin di Halodoc.",bahasa_indonesia,"2021-08-27 16:37:41","2021-08-27 16:37:41",CC Token,CC Token
83,806,83,meta_keywords,Kategori Produk Konsumer Penyakit Jantung,bahasa_indonesia,"2021-08-27 16:37:41","2021-08-27 16:37:41",CC Token,CC Token
83,809,83,meta_title,Daftar Informasi obat dan vitamin - Halodoc -  Kategori Konsum Jantung,bahasa_indonesia,"2021-08-27 16:37:41","2021-08-27 16:37:41",CC Token,CC Token
83,808,83,name,Produk Konsumer Penyakit Jantung,bahasa_indonesia,"2021-08-27 16:37:41","2021-08-27 16:37:41",CC Token,CC Token
83,810,83,name,Heart Diseases Consumer Product,english,"2021-08-27 16:37:41","2021-08-27 16:37:41",CC Token,CC Token
83,807,83,seo_url, ,bahasa_indonesia,"2021-08-27 16:37:41","2021-08-27 16:37:41",CC Token,CC Token
83,818,83,seo_url, ,english,"2021-08-27 16:51:28","2021-08-27 16:51:28",CC Token,CC Token
47,438,47,meta_description,"Temukan berbagai macam jenis obat dan vitamin berdasarkan Kategori Milk Products. Ketahui juga manfaat, dosis, cara konsumsi, aturan pakai dan efek samping obat dan vitamin di Halodoc.",bahasa_indonesia,"2020-09-04 16:02:27","2020-09-07 12:13:34",CC Token,CC Token
47,442,47,meta_keywords,Kategori Milk Products,bahasa_indonesia,"2020-09-04 16:02:27","2020-09-07 12:13:34",CC Token,CC Token
47,437,47,meta_title,Daftar Informasi obat dan vitamin - Halodoc - Kategori Milk Products,bahasa_indonesia,"2020-09-04 16:02:27","2020-09-07 12:13:34",CC Token,CC Token
47,440,47,name,Produk Susu,bahasa_indonesia,"2020-09-04 16:02:27","2020-09-11 10:35:48",CC Token,CC Token
47,439,47,name,Milk Products,english,"2020-09-04 16:02:27","2020-09-07 12:13:34",CC Token,CC Token
47,441,47,seo_url, ,bahasa_indonesia,"2020-09-04 16:02:27","2020-09-04 16:02:27",CC Token,CC Token
47,443,47,seo_url, ,english,"2020-09-06 22:53:08","2020-09-06 22:53:08",CC Token,CC Token
26,4801,26,blibli_category_ids, ,bahasa_indonesia,"2024-02-23 17:13:17","2024-02-23 17:13:17",CC Token,CC Token
26,232,26,meta_description,Dapatkan informasi paket obat paling lengkap hanya di Halodoc. Konsultasi obat dengan dokter ✓ Order obat di Halodoc ✓ #TenangAdaHalodoc!,bahasa_indonesia,"2019-03-01 17:06:51","2022-04-06 11:44:28",Dev,CC Token
26,229,26,meta_description, ,english,"2019-03-01 17:06:51","2019-03-01 17:06:51",Dev,Dev
26,228,26,meta_keywords,"Kebutuhan Ramadan, paket obat",bahasa_indonesia,"2019-03-01 17:06:51","2022-04-06 11:44:28",Dev,CC Token
26,231,26,meta_keywords, ,english,"2019-03-01 17:06:51","2019-03-01 17:06:51",Dev,Dev
26,230,26,meta_title,"Informasi Paket Obat Ramadan, Dosis, Efek Samping - Halodoc",bahasa_indonesia,"2019-03-01 17:06:51","2022-04-06 11:44:28",Dev,CC Token
26,227,26,meta_title, ,english,"2019-03-01 17:06:51","2019-03-01 17:06:51",Dev,Dev
26,55,26,name,Ramadhan (not used),bahasa_indonesia,"2017-10-31 20:52:58","2023-03-15 10:16:57",Dev,CC Token
26,26,26,name,Ramadhan (not used),english,"2017-10-31 20:52:56","2023-03-15 10:16:57",Dev,CC Token
26,368,26,seo_url, ,bahasa_indonesia,"2019-03-14 17:15:47","2019-03-14 17:15:47",Dev,Dev
26,330,26,seo_url, ,english,"2019-03-08 17:21:20","2019-03-08 17:21:20",Dev,Dev
26,4800,26,tokopedia_category_ids, ,bahasa_indonesia,"2024-02-23 17:13:17","2024-02-23 17:13:17",CC Token,CC Token
177,1357,177,meta_description,abcd,bahasa_indonesia,"2023-03-10 13:58:24","2023-03-10 13:58:24",Dev,Dev
177,1359,177,meta_keywords,abc,bahasa_indonesia,"2023-03-10 13:58:24","2023-03-10 13:58:24",Dev,Dev
177,1372,177,meta_title,abcd,bahasa_indonesia,"2023-03-10 14:26:34","2023-03-10 14:26:34",CC Token,CC Token
177,1358,177,name,Batuk dan Flu,bahasa_indonesia,"2023-03-10 13:58:24","2023-03-10 13:58:24",Dev,Dev
177,1356,177,name,Batuk dan Flu,english,"2023-03-10 13:58:24","2023-03-10 13:58:24",Dev,Dev
177,1373,177,seo_url, ,english,"2023-03-10 14:26:34","2023-03-10 14:26:34",CC Token,CC Token
179,1361,179,meta_description,abcd,bahasa_indonesia,"2023-03-10 14:01:31","2023-03-10 14:01:31",Dev,Dev
179,1363,179,meta_keywords,abc,bahasa_indonesia,"2023-03-10 14:01:31","2023-03-10 14:01:31",Dev,Dev
179,1371,179,meta_title,abcd,bahasa_indonesia,"2023-03-10 14:25:20","2023-03-10 14:25:20",CC Token,CC Token
179,1362,179,name,Batuk dan Flu,bahasa_indonesia,"2023-03-10 14:01:31","2023-03-10 14:01:31",Dev,Dev
179,1360,179,name,Batuk dan Flu,english,"2023-03-10 14:01:31","2023-03-10 14:01:31",Dev,Dev
179,1370,179,seo_url, ,english,"2023-03-10 14:25:20","2023-03-10 14:25:20",CC Token,CC Token
180,1366,180,meta_description,abcd,bahasa_indonesia,"2023-03-10 14:08:36","2023-03-10 14:08:36",Dev,Dev
180,1367,180,meta_keywords,abc,bahasa_indonesia,"2023-03-10 14:08:36","2023-03-10 14:08:36",Dev,Dev
180,1369,180,meta_title,abcd,bahasa_indonesia,"2023-03-10 14:24:30","2023-03-10 14:24:30",CC Token,CC Token
180,1364,180,name,Batuk dan Flu,bahasa_indonesia,"2023-03-10 14:08:36","2023-03-10 14:08:36",Dev,Dev
180,1365,180,name,Batuk dan Flu,english,"2023-03-10 14:08:36","2023-03-10 14:08:36",Dev,Dev
180,1368,180,seo_url, ,english,"2023-03-10 14:24:30","2023-03-10 14:24:30",CC Token,CC Token
721,4405,721,blibli_category_ids,SA-1000051,bahasa_indonesia,"2023-09-29 13:52:13","2023-09-29 13:52:13",Dev,Dev
721,4104,721,meta_description,Temukan Produk Kesehatan & Kecantikan > Perawatan Tubuh > Sabun Mandi paling lengkap hanya di Halodoc. Konsultasi obat dengan dokter ? Order obat di Halodoc ? #TenangMenjaga,bahasa_indonesia,"2023-09-05 09:57:39","2023-09-05 09:57:39",Dev,Dev
721,4107,721,meta_keywords,Produk Kesehatan & Kecantikan > Perawatan Tubuh > Sabun Mandi Obat Perawatan Halodoc,bahasa_indonesia,"2023-09-05 09:57:39","2023-09-05 09:57:39",Dev,Dev
721,4106,721,name,Kesehatan & Kecantikan > Perawatan Tubuh > Sabun Mandi,bahasa_indonesia,"2023-09-05 09:57:39","2023-09-05 09:57:39",Dev,Dev
721,4105,721,name,Kesehatan & Kecantikan > Perawatan Tubuh > Sabun Mandi,english,"2023-09-05 09:57:39","2023-09-05 09:57:39",Dev,Dev
725,4346,725,blibli_category_ids,SA-1000069,bahasa_indonesia,"2023-09-29 13:52:09","2023-09-29 13:52:09",Dev,Dev
725,4120,725,meta_description,Temukan Produk Bliblimart > Kebutuhan Ibu & Anak > Pembersih Alat Makan Anak > Sabun Khusus Peralatan Makan Anak paling lengkap hanya di Halodoc. Konsultasi obat dengan dokter ? Order obat di Halodoc ? #TenangMenjaga,bahasa_indonesia,"2023-09-05 09:57:39","2023-09-05 09:57:39",Dev,Dev
725,4123,725,meta_keywords,Produk Bliblimart > Kebutuhan Ibu & Anak > Pembersih Alat Makan Anak > Sabun Khusus Peralatan Makan Anak Obat Perawatan Halodoc,bahasa_indonesia,"2023-09-05 09:57:39","2023-09-05 09:57:39",Dev,Dev
725,4122,725,name,Bliblimart > Kebutuhan Ibu & Anak > Pembersih Alat Makan Anak > Sabun Khusus Peralatan Makan Anak,bahasa_indonesia,"2023-09-05 09:57:39","2023-09-05 09:57:39",Dev,Dev
725,4121,725,name,Bliblimart > Kebutuhan Ibu & Anak > Pembersih Alat Makan Anak > Sabun Khusus Peralatan Makan Anak,english,"2023-09-05 09:57:39","2023-09-05 09:57:39",Dev,Dev
754,4377,754,blibli_category_ids,SA-1000072,bahasa_indonesia,"2023-09-29 13:52:11","2023-09-29 13:52:11",Dev,Dev
754,4255,754,meta_description,Temukan Produk Bliblimart > Perawatan Kulit Tubuh > Perawatan Kulit Badan > Perawatan Kulit Tangan > Sabun Pencuci Tangan paling lengkap hanya di Halodoc. Konsultasi obat dengan dokter ? Order obat di Halodoc ? #TenangMenjaga,bahasa_indonesia,"2023-09-19 16:49:20","2023-09-19 16:49:20",Dev,Dev
754,4253,754,meta_keywords,Produk Bliblimart > Perawatan Kulit Tubuh > Perawatan Kulit Badan > Perawatan Kulit Tangan > Sabun Pencuci Tangan Obat Perawatan Halodoc,bahasa_indonesia,"2023-09-19 16:49:20","2023-09-19 16:49:20",Dev,Dev
754,4252,754,name,Bliblimart > Perawatan Kulit Tubuh > Perawatan Kulit Badan > Perawatan Kulit Tangan > Sabun Pencuci Tangan,bahasa_indonesia,"2023-09-19 16:49:20","2023-09-19 16:49:20",Dev,Dev
754,4254,754,name,Bliblimart > Perawatan Kulit Tubuh > Perawatan Kulit Badan > Perawatan Kulit Tangan > Sabun Pencuci Tangan,english,"2023-09-19 16:49:20","2023-09-19 16:49:20",Dev,Dev
762,4484,762,blibli_category_ids,SA-1000073,bahasa_indonesia,"2023-09-29 13:52:17","2023-09-29 13:52:17",Dev,Dev
762,4287,762,meta_description,Temukan Produk Bliblimart > Perawatan Kulit Tubuh > Perawatan Kulit Badan > Pembersih Badan > Sabun Cair paling lengkap hanya di Halodoc. Konsultasi obat dengan dokter ? Order obat di Halodoc ? #TenangMenjaga,bahasa_indonesia,"2023-09-19 16:49:20","2023-09-19 16:49:20",Dev,Dev
762,4285,762,meta_keywords,Produk Bliblimart > Perawatan Kulit Tubuh > Perawatan Kulit Badan > Pembersih Badan > Sabun Cair Obat Perawatan Halodoc,bahasa_indonesia,"2023-09-19 16:49:20","2023-09-19 16:49:20",Dev,Dev
762,4284,762,name,Bliblimart > Perawatan Kulit Tubuh > Perawatan Kulit Badan > Pembersih Badan > Sabun Cair,bahasa_indonesia,"2023-09-19 16:49:20","2023-09-19 16:49:20",Dev,Dev
762,4286,762,name,Bliblimart > Perawatan Kulit Tubuh > Perawatan Kulit Badan > Pembersih Badan > Sabun Cair,english,"2023-09-19 16:49:20","2023-09-19 16:49:20",Dev,Dev
704,4461,704,blibli_category_ids,SA-1000074,bahasa_indonesia,"2023-09-29 13:52:16","2023-09-29 13:52:16",Dev,Dev
704,4036,704,meta_description,Temukan Produk Bliblimart > Perawatan Kulit Tubuh > Perawatan Kulit Badan > Pembersih Badan > Sabun Batang paling lengkap hanya di Halodoc. Konsultasi obat dengan dokter ? Order obat di Halodoc ? #TenangMenjaga,bahasa_indonesia,"2023-09-05 09:57:38","2023-09-05 09:57:38",Dev,Dev
704,4039,704,meta_keywords,Produk Bliblimart > Perawatan Kulit Tubuh > Perawatan Kulit Badan > Pembersih Badan > Sabun Batang Obat Perawatan Halodoc,bahasa_indonesia,"2023-09-05 09:57:38","2023-09-05 09:57:38",Dev,Dev
704,4038,704,name,Bliblimart > Perawatan Kulit Tubuh > Perawatan Kulit Badan > Pembersih Badan > Sabun Batang,bahasa_indonesia,"2023-09-05 09:57:38","2023-09-05 09:57:38",Dev,Dev
704,4037,704,name,Bliblimart > Perawatan Kulit Tubuh > Perawatan Kulit Badan > Pembersih Badan > Sabun Batang,english,"2023-09-05 09:57:38","2023-09-05 09:57:38",Dev,Dev
709,4373,709,blibli_category_ids,SA-1000075,bahasa_indonesia,"2023-09-29 13:52:11","2023-09-29 13:52:11",Dev,Dev
709,4056,709,meta_description,Temukan Produk Bliblimart > Perawatan Kulit Tubuh > Perawatan Kulit Wajah > Pembersih Kulit Wajah > Sabun Wajah paling lengkap hanya di Halodoc. Konsultasi obat dengan dokter ? Order obat di Halodoc ? #TenangMenjaga,bahasa_indonesia,"2023-09-05 09:57:38","2023-09-05 09:57:38",Dev,Dev
709,4059,709,meta_keywords,Produk Bliblimart > Perawatan Kulit Tubuh > Perawatan Kulit Wajah > Pembersih Kulit Wajah > Sabun Wajah Obat Perawatan Halodoc,bahasa_indonesia,"2023-09-05 09:57:38","2023-09-05 09:57:38",Dev,Dev
709,4058,709,name,Bliblimart > Perawatan Kulit Tubuh > Perawatan Kulit Wajah > Pembersih Kulit Wajah > Sabun Wajah,bahasa_indonesia,"2023-09-05 09:57:38","2023-09-05 09:57:38",Dev,Dev
709,4057,709,name,Bliblimart > Perawatan Kulit Tubuh > Perawatan Kulit Wajah > Pembersih Kulit Wajah > Sabun Wajah,english,"2023-09-05 09:57:38","2023-09-05 09:57:38",Dev,Dev
36,292,36,meta_description,Dapatkan informasi obat prostat paling lengkap hanya di Halodoc. Konsultasi obat dengan dokter ✓ Order obat di Halodoc ✓ #TenangAdaHalodoc!,bahasa_indonesia,"2019-03-01 17:06:51","2022-04-07 09:05:49",Dev,CC Token
36,289,36,meta_description, ,english,"2019-03-01 17:06:51","2019-03-01 17:06:51",Dev,Dev
36,288,36,meta_keywords,Obat Prostat,bahasa_indonesia,"2019-03-01 17:06:51","2022-04-07 09:05:49",Dev,CC Token
36,291,36,meta_keywords, ,english,"2019-03-01 17:06:51","2019-03-01 17:06:51",Dev,Dev
36,290,36,meta_title,"Informasi Obat Prostat, Dosis, Efek Samping - Halodoc",bahasa_indonesia,"2019-03-01 17:06:51","2022-04-07 09:05:49",Dev,CC Token
36,287,36,meta_title, ,english,"2019-03-01 17:06:51","2019-03-01 17:06:51",Dev,Dev
36,71,36,name,Saluran Kemih & Prostat,bahasa_indonesia,"2018-11-16 16:56:43","2018-11-16 16:56:43",Control Center,Control Center
36,72,36,name,Genitourinary System,english,"2018-11-16 16:56:43","2018-11-16 16:56:43",Control Center,Control Center
36,378,36,seo_url,https://halodoc-sumba.s3-ap-southeast-1.amazonaws.com/product-category-seo-information/product_category_seo_information_Saluran%20Kemih%20dan%20Prostat.html,bahasa_indonesia,"2019-03-14 17:15:47","2019-03-19 16:56:29",Dev,Control Center
36,340,36,seo_url,https://halodoc-sumba.s3.ap-southeast-1.amazonaws.com/product-category-seo-information/product_category_seo_information_Saluran%20Kemih%20dan%20Prostat.html,english,"2019-03-08 17:21:20","2020-03-20 08:05:41",Dev,Control Center
708,4462,708,blibli_category_ids,SC-1000016,bahasa_indonesia,"2023-09-29 13:52:16","2023-09-29 13:52:16",Dev,Dev
708,4052,708,meta_description,"Temukan Produk Kesehatan & Kecantikan > Perawatan Wajah > Perawatan Kulit > Scrub, Peeling & Exfoliator paling lengkap hanya di Halodoc. Konsultasi obat dengan dokter ? Order obat di Halodoc ? #TenangMenjaga",bahasa_indonesia,"2023-09-05 09:57:38","2023-09-05 09:57:38",Dev,Dev
708,4053,708,meta_keywords,"Produk Kesehatan & Kecantikan > Perawatan Wajah > Perawatan Kulit > Scrub, Peeling & Exfoliator Obat Perawatan Halodoc",bahasa_indonesia,"2023-09-05 09:57:38","2023-09-05 09:57:38",Dev,Dev
708,4054,708,name,"Kesehatan & Kecantikan > Perawatan Wajah > Perawatan Kulit > Scrub, Peeling & Exfoliator",bahasa_indonesia,"2023-09-05 09:57:38","2023-09-05 09:57:38",Dev,Dev
708,4055,708,name,"Kesehatan & Kecantikan > Perawatan Wajah > Perawatan Kulit > Scrub, Peeling & Exfoliator",english,"2023-09-05 09:57:38","2023-09-05 09:57:38",Dev,Dev
626,4418,626,blibli_category_ids,SE-1000185,bahasa_indonesia,"2023-09-29 13:52:13","2023-09-29 13:52:13",Dev,Dev
626,3724,626,meta_description,Temukan Produk Bliblimart > Kebutuhan Ibu & Anak > Susu Formula & Makanan Bayi > Susu Formula di Atas 1 Tahun paling lengkap hanya di Halodoc. Konsultasi obat dengan dokter ? Order obat di Halodoc ? #TenangMenjaga,bahasa_indonesia,"2023-09-05 09:57:33","2023-09-05 09:57:33",Dev,Dev
626,3725,626,meta_keywords,Produk Bliblimart > Kebutuhan Ibu & Anak > Susu Formula & Makanan Bayi > Susu Formula di Atas 1 Tahun Obat Perawatan Halodoc,bahasa_indonesia,"2023-09-05 09:57:33","2023-09-05 09:57:33",Dev,Dev
626,3726,626,name,Bliblimart > Kebutuhan Ibu & Anak > Susu Formula & Makanan Bayi > Susu Formula di Atas 1 Tahun,bahasa_indonesia,"2023-09-05 09:57:33","2023-09-05 09:57:33",Dev,Dev
626,3727,626,name,Bliblimart > Kebutuhan Ibu & Anak > Susu Formula & Makanan Bayi > Susu Formula di Atas 1 Tahun,english,"2023-09-05 09:57:33","2023-09-05 09:57:33",Dev,Dev
647,4343,647,blibli_category_ids,SE-1000189,bahasa_indonesia,"2023-09-29 13:52:09","2023-09-29 13:52:09",Dev,Dev
647,3810,647,meta_description,Temukan Produk Bliblimart > Perawatan Kulit Tubuh > Perawatan Kulit Wajah > Serum Wajah paling lengkap hanya di Halodoc. Konsultasi obat dengan dokter ? Order obat di Halodoc ? #TenangMenjaga,bahasa_indonesia,"2023-09-05 09:57:35","2023-09-05 09:57:35",Dev,Dev
647,3811,647,meta_keywords,Produk Bliblimart > Perawatan Kulit Tubuh > Perawatan Kulit Wajah > Serum Wajah Obat Perawatan Halodoc,bahasa_indonesia,"2023-09-05 09:57:35","2023-09-05 09:57:35",Dev,Dev
647,3808,647,name,Bliblimart > Perawatan Kulit Tubuh > Perawatan Kulit Wajah > Serum Wajah,bahasa_indonesia,"2023-09-05 09:57:35","2023-09-05 09:57:35",Dev,Dev
647,3809,647,name,Bliblimart > Perawatan Kulit Tubuh > Perawatan Kulit Wajah > Serum Wajah,english,"2023-09-05 09:57:35","2023-09-05 09:57:35",Dev,Dev
750,4384,750,blibli_category_ids,SE-1000196,bahasa_indonesia,"2023-09-29 13:52:11","2023-09-29 13:52:11",Dev,Dev
750,4238,750,meta_description,Temukan Produk Ibu & Anak > Perlengkapan Makan Anak > Sendok Garpu Anak paling lengkap hanya di Halodoc. Konsultasi obat dengan dokter ? Order obat di Halodoc ? #TenangMenjaga,bahasa_indonesia,"2023-09-19 16:49:20","2023-09-19 16:49:20",Dev,Dev
750,4237,750,meta_keywords,Produk Ibu & Anak > Perlengkapan Makan Anak > Sendok Garpu Anak Obat Perawatan Halodoc,bahasa_indonesia,"2023-09-19 16:49:20","2023-09-19 16:49:20",Dev,Dev
750,4236,750,name,Ibu & Anak > Perlengkapan Makan Anak > Sendok Garpu Anak,bahasa_indonesia,"2023-09-19 16:49:20","2023-09-19 16:49:20",Dev,Dev
750,4239,750,name,Ibu & Anak > Perlengkapan Makan Anak > Sendok Garpu Anak,english,"2023-09-19 16:49:20","2023-09-19 16:49:20",Dev,Dev
66,693,66,meta_description,Dapatkan informasi paket sehat paling lengkap hanya di Halodoc. Konsultasi obat dengan dokter ✓ Order obat di Halodoc ✓ #TenangAdaHalodoc!,bahasa_indonesia,"2021-04-23 08:59:26","2022-04-06 14:24:03",CC Token,CC Token
66,690,66,meta_keywords,paket sehat,bahasa_indonesia,"2021-04-23 08:59:26","2022-04-06 14:24:03",CC Token,CC Token
66,692,66,meta_title,"Informasi Paket Sehat Hemat, Dosis, Efek Samping - Halodoc",bahasa_indonesia,"2021-04-23 08:59:26","2022-04-06 14:24:03",CC Token,CC Token
66,689,66,name,Sehat Hemat,bahasa_indonesia,"2021-04-23 08:59:26","2021-04-23 08:59:26",CC Token,CC Token
66,694,66,name,Sehat Hemat,english,"2021-04-23 08:59:26","2021-04-23 08:59:26",CC Token,CC Token
66,691,66,seo_url, ,bahasa_indonesia,"2021-04-23 08:59:26","2021-04-23 08:59:26",CC Token,CC Token
66,695,66,seo_url, ,english,"2021-04-23 08:59:38","2021-04-23 08:59:38",CC Token,CC Token
641,4470,641,blibli_category_ids,SH-1000016,bahasa_indonesia,"2023-09-29 13:52:16","2023-09-29 13:52:16",Dev,Dev
641,3786,641,meta_description,Temukan Produk Ibu & Anak > Peralatan Mandi & Perawatan Kulit > Shampoo Khusus Anak paling lengkap hanya di Halodoc. Konsultasi obat dengan dokter ? Order obat di Halodoc ? #TenangMenjaga,bahasa_indonesia,"2023-09-05 09:57:35","2023-09-05 09:57:35",Dev,Dev
641,3787,641,meta_keywords,Produk Ibu & Anak > Peralatan Mandi & Perawatan Kulit > Shampoo Khusus Anak Obat Perawatan Halodoc,bahasa_indonesia,"2023-09-05 09:57:35","2023-09-05 09:57:35",Dev,Dev
641,3784,641,name,Ibu & Anak > Peralatan Mandi & Perawatan Kulit > Shampoo Khusus Anak,bahasa_indonesia,"2023-09-05 09:57:35","2023-09-05 09:57:35",Dev,Dev
641,3785,641,name,Ibu & Anak > Peralatan Mandi & Perawatan Kulit > Shampoo Khusus Anak,english,"2023-09-05 09:57:35","2023-09-05 09:57:35",Dev,Dev
661,4352,661,blibli_category_ids,SH-1000023,bahasa_indonesia,"2023-09-29 13:52:09","2023-09-29 13:52:09",Dev,Dev
661,3864,661,meta_description,Temukan Produk Kesehatan & Kecantikan > Perawatan Rambut > Shampoo paling lengkap hanya di Halodoc. Konsultasi obat dengan dokter ? Order obat di Halodoc ? #TenangMenjaga,bahasa_indonesia,"2023-09-05 09:57:36","2023-09-05 09:57:36",Dev,Dev
661,3865,661,meta_keywords,Produk Kesehatan & Kecantikan > Perawatan Rambut > Shampoo Obat Perawatan Halodoc,bahasa_indonesia,"2023-09-05 09:57:36","2023-09-05 09:57:36",Dev,Dev
661,3866,661,name,Kesehatan & Kecantikan > Perawatan Rambut > Shampoo,bahasa_indonesia,"2023-09-05 09:57:36","2023-09-05 09:57:36",Dev,Dev
661,3867,661,name,Kesehatan & Kecantikan > Perawatan Rambut > Shampoo,english,"2023-09-05 09:57:36","2023-09-05 09:57:36",Dev,Dev
723,4345,723,blibli_category_ids,SH-1000029,bahasa_indonesia,"2023-09-29 13:52:09","2023-09-29 13:52:09",Dev,Dev
723,4112,723,meta_description,Temukan Produk Bliblimart > Minuman > Minuman Lainnya paling lengkap hanya di Halodoc. Konsultasi obat dengan dokter ? Order obat di Halodoc ? #TenangMenjaga,bahasa_indonesia,"2023-09-05 09:57:39","2023-09-05 09:57:39",Dev,Dev
723,4115,723,meta_keywords,Produk Bliblimart > Minuman > Minuman Lainnya Obat Perawatan Halodoc,bahasa_indonesia,"2023-09-05 09:57:39","2023-09-05 09:57:39",Dev,Dev
723,4114,723,name,Bliblimart > Minuman > Minuman Lainnya,bahasa_indonesia,"2023-09-05 09:57:39","2023-09-05 09:57:39",Dev,Dev
723,4113,723,name,Bliblimart > Minuman > Minuman Lainnya,english,"2023-09-05 09:57:39","2023-09-05 09:57:39",Dev,Dev
816,4949,816,meta_description,"Temukan obat Health/Food Supplement/Weight Management paling lengkap hanya di Halodoc. Konsultasi obat dengan dokter Order obat di Halodoc ? #TenangMenjaga""",bahasa_indonesia,"2024-06-24 11:02:17","2024-06-24 11:02:17",Dev,Dev
816,4952,816,meta_keywords,Produk Health/Food Supplement/Weight Management Obat Perawatan Halodoc,bahasa_indonesia,"2024-06-24 11:02:17","2024-06-24 11:02:17",Dev,Dev
816,4950,816,name,Health/Food Supplement/Weight Management,bahasa_indonesia,"2024-06-24 11:02:17","2024-06-24 11:02:17",Dev,Dev
816,4951,816,name,Health/Food Supplement/Weight Management,english,"2024-06-24 11:02:17","2024-06-24 11:02:17",Dev,Dev
816,4948,816,shopee_category_ids,"100003",bahasa_indonesia,"2024-06-24 11:02:17","2024-06-24 11:02:17",Dev,Dev
817,4954,817,meta_description,"Temukan obat Health/Food Supplement/Beauty Supplements paling lengkap hanya di Halodoc. Konsultasi obat dengan dokter Order obat di Halodoc ? #TenangMenjaga""",bahasa_indonesia,"2024-06-24 11:02:17","2024-06-24 11:02:17",Dev,Dev
817,4957,817,meta_keywords,Produk Health/Food Supplement/Beauty Supplements Obat Perawatan Halodoc,bahasa_indonesia,"2024-06-24 11:02:17","2024-06-24 11:02:17",Dev,Dev
817,4955,817,name,Health/Food Supplement/Beauty Supplements,bahasa_indonesia,"2024-06-24 11:02:17","2024-06-24 11:02:17",Dev,Dev
817,4956,817,name,Health/Food Supplement/Beauty Supplements,english,"2024-06-24 11:02:17","2024-06-24 11:02:17",Dev,Dev
817,4953,817,shopee_category_ids,"100004",bahasa_indonesia,"2024-06-24 11:02:17","2024-06-24 11:02:17",Dev,Dev
818,4959,818,meta_description,"Temukan obat Health/Food Supplement/Fitness paling lengkap hanya di Halodoc. Konsultasi obat dengan dokter Order obat di Halodoc ? #TenangMenjaga""",bahasa_indonesia,"2024-06-24 11:02:17","2024-06-24 11:02:17",Dev,Dev
818,4962,818,meta_keywords,Produk Health/Food Supplement/Fitness Obat Perawatan Halodoc,bahasa_indonesia,"2024-06-24 11:02:17","2024-06-24 11:02:17",Dev,Dev
818,4960,818,name,Health/Food Supplement/Fitness,bahasa_indonesia,"2024-06-24 11:02:17","2024-06-24 11:02:17",Dev,Dev
818,4961,818,name,Health/Food Supplement/Fitness,english,"2024-06-24 11:02:17","2024-06-24 11:02:17",Dev,Dev
818,4958,818,shopee_category_ids,"100005",bahasa_indonesia,"2024-06-24 11:02:17","2024-06-24 11:02:17",Dev,Dev
819,4964,819,meta_description,"Temukan obat Health/Food Supplement/Well Being paling lengkap hanya di Halodoc. Konsultasi obat dengan dokter Order obat di Halodoc ? #TenangMenjaga""",bahasa_indonesia,"2024-06-24 11:02:17","2024-06-24 11:02:17",Dev,Dev
819,4967,819,meta_keywords,Produk Health/Food Supplement/Well Being Obat Perawatan Halodoc,bahasa_indonesia,"2024-06-24 11:02:17","2024-06-24 11:02:17",Dev,Dev
819,4965,819,name,Health/Food Supplement/Well Being,bahasa_indonesia,"2024-06-24 11:02:17","2024-06-24 11:02:17",Dev,Dev
819,4966,819,name,Health/Food Supplement/Well Being,english,"2024-06-24 11:02:17","2024-06-24 11:02:17",Dev,Dev
819,4963,819,shopee_category_ids,"100006",bahasa_indonesia,"2024-06-24 11:02:17","2024-06-24 11:02:17",Dev,Dev
820,4969,820,meta_description,"Temukan obat Health/Food Supplement/Others paling lengkap hanya di Halodoc. Konsultasi obat dengan dokter Order obat di Halodoc ? #TenangMenjaga""",bahasa_indonesia,"2024-06-24 11:02:17","2024-06-24 11:02:17",Dev,Dev
820,4972,820,meta_keywords,Produk Health/Food Supplement/Others Obat Perawatan Halodoc,bahasa_indonesia,"2024-06-24 11:02:17","2024-06-24 11:02:17",Dev,Dev
820,4970,820,name,Health/Food Supplement/Others,bahasa_indonesia,"2024-06-24 11:02:17","2024-06-24 11:02:17",Dev,Dev
820,4971,820,name,Health/Food Supplement/Others,english,"2024-06-24 11:02:17","2024-06-24 11:02:17",Dev,Dev
820,4968,820,shopee_category_ids,"100007",bahasa_indonesia,"2024-06-24 11:02:17","2024-06-24 11:02:17",Dev,Dev
821,4974,821,meta_description,"Temukan obat Health/Others paling lengkap hanya di Halodoc. Konsultasi obat dengan dokter Order obat di Halodoc ? #TenangMenjaga""",bahasa_indonesia,"2024-06-24 11:02:17","2024-06-24 11:02:17",Dev,Dev
821,4977,821,meta_keywords,Produk Health/Others Obat Perawatan Halodoc,bahasa_indonesia,"2024-06-24 11:02:17","2024-06-24 11:02:17",Dev,Dev
821,4975,821,name,Health/Others,bahasa_indonesia,"2024-06-24 11:02:17","2024-06-24 11:02:17",Dev,Dev
821,4976,821,name,Health/Others,english,"2024-06-24 11:02:17","2024-06-24 11:02:17",Dev,Dev
821,4973,821,shopee_category_ids,"100008",bahasa_indonesia,"2024-06-24 11:02:17","2024-06-24 11:02:17",Dev,Dev
850,5119,850,meta_description,"Temukan obat Fashion Accessories/Hats & Caps paling lengkap hanya di Halodoc. Konsultasi obat dengan dokter Order obat di Halodoc ? #TenangMenjaga""",bahasa_indonesia,"2024-06-24 11:02:18","2024-06-24 11:02:18",Dev,Dev
850,5122,850,meta_keywords,Produk Fashion Accessories/Hats & Caps Obat Perawatan Halodoc,bahasa_indonesia,"2024-06-24 11:02:18","2024-06-24 11:02:18",Dev,Dev
850,5120,850,name,Fashion Accessories/Hats & Caps,bahasa_indonesia,"2024-06-24 11:02:18","2024-06-24 11:02:18",Dev,Dev
850,5121,850,name,Fashion Accessories/Hats & Caps,english,"2024-06-24 11:02:18","2024-06-24 11:02:18",Dev,Dev
850,5118,850,shopee_category_ids,"100028",bahasa_indonesia,"2024-06-24 11:02:18","2024-06-24 11:02:18",Dev,Dev
851,5124,851,meta_description,"Temukan obat Women Bags/Tote Bags paling lengkap hanya di Halodoc. Konsultasi obat dengan dokter Order obat di Halodoc ? #TenangMenjaga""",bahasa_indonesia,"2024-06-24 11:02:18","2024-06-24 11:02:18",Dev,Dev
851,5127,851,meta_keywords,Produk Women Bags/Tote Bags Obat Perawatan Halodoc,bahasa_indonesia,"2024-06-24 11:02:19","2024-06-24 11:02:19",Dev,Dev
851,5125,851,name,Women Bags/Tote Bags,bahasa_indonesia,"2024-06-24 11:02:18","2024-06-24 11:02:18",Dev,Dev
851,5126,851,name,Women Bags/Tote Bags,english,"2024-06-24 11:02:18","2024-06-24 11:02:18",Dev,Dev
851,5123,851,shopee_category_ids,"100093",bahasa_indonesia,"2024-06-24 11:02:18","2024-06-24 11:02:18",Dev,Dev
822,4979,822,meta_description,"Temukan obat Health/Medical Supplies/Over-the-counter Medicine paling lengkap hanya di Halodoc. Konsultasi obat dengan dokter Order obat di Halodoc ? #TenangMenjaga""",bahasa_indonesia,"2024-06-24 11:02:17","2024-06-24 11:02:17",Dev,Dev
822,4982,822,meta_keywords,Produk Health/Medical Supplies/Over-the-counter Medicine Obat Perawatan Halodoc,bahasa_indonesia,"2024-06-24 11:02:17","2024-06-24 11:02:17",Dev,Dev
822,4980,822,name,Health/Medical Supplies/Over-the-counter Medicine,bahasa_indonesia,"2024-06-24 11:02:17","2024-06-24 11:02:17",Dev,Dev
822,4981,822,name,Health/Medical Supplies/Over-the-counter Medicine,english,"2024-06-24 11:02:17","2024-06-24 11:02:17",Dev,Dev
822,4978,822,shopee_category_ids,"100119",bahasa_indonesia,"2024-06-24 11:02:17","2024-06-24 11:02:17",Dev,Dev
823,4984,823,meta_description,"Temukan obat Health/Medical Supplies/Traditional Medicine paling lengkap hanya di Halodoc. Konsultasi obat dengan dokter Order obat di Halodoc ? #TenangMenjaga""",bahasa_indonesia,"2024-06-24 11:02:17","2024-06-24 11:02:17",Dev,Dev
823,4987,823,meta_keywords,Produk Health/Medical Supplies/Traditional Medicine Obat Perawatan Halodoc,bahasa_indonesia,"2024-06-24 11:02:17","2024-06-24 11:02:17",Dev,Dev
823,4985,823,name,Health/Medical Supplies/Traditional Medicine,bahasa_indonesia,"2024-06-24 11:02:17","2024-06-24 11:02:17",Dev,Dev
823,4986,823,name,Health/Medical Supplies/Traditional Medicine,english,"2024-06-24 11:02:17","2024-06-24 11:02:17",Dev,Dev
823,4983,823,shopee_category_ids,"100120",bahasa_indonesia,"2024-06-24 11:02:17","2024-06-24 11:02:17",Dev,Dev
828,5009,828,meta_description,"Temukan obat Health/Medical Supplies/Nasal Care paling lengkap hanya di Halodoc. Konsultasi obat dengan dokter Order obat di Halodoc ? #TenangMenjaga""",bahasa_indonesia,"2024-06-24 11:02:18","2024-06-24 11:02:18",Dev,Dev
828,5012,828,meta_keywords,Produk Health/Medical Supplies/Nasal Care Obat Perawatan Halodoc,bahasa_indonesia,"2024-06-24 11:02:18","2024-06-24 11:02:18",Dev,Dev
828,5010,828,name,Health/Medical Supplies/Nasal Care,bahasa_indonesia,"2024-06-24 11:02:18","2024-06-24 11:02:18",Dev,Dev
828,5011,828,name,Health/Medical Supplies/Nasal Care,english,"2024-06-24 11:02:18","2024-06-24 11:02:18",Dev,Dev
828,5008,828,shopee_category_ids,"100123",bahasa_indonesia,"2024-06-24 11:02:18","2024-06-24 11:02:18",Dev,Dev
833,5034,833,meta_description,"Temukan obat Health/Medical Supplies/Pain Relievers paling lengkap hanya di Halodoc. Konsultasi obat dengan dokter Order obat di Halodoc ? #TenangMenjaga""",bahasa_indonesia,"2024-06-24 11:02:18","2024-06-24 11:02:18",Dev,Dev
833,5037,833,meta_keywords,Produk Health/Medical Supplies/Pain Relievers Obat Perawatan Halodoc,bahasa_indonesia,"2024-06-24 11:02:18","2024-06-24 11:02:18",Dev,Dev
833,5035,833,name,Health/Medical Supplies/Pain Relievers,bahasa_indonesia,"2024-06-24 11:02:18","2024-06-24 11:02:18",Dev,Dev
833,5036,833,name,Health/Medical Supplies/Pain Relievers,english,"2024-06-24 11:02:18","2024-06-24 11:02:18",Dev,Dev
833,5033,833,shopee_category_ids,"100126",bahasa_indonesia,"2024-06-24 11:02:18","2024-06-24 11:02:18",Dev,Dev
834,5039,834,meta_description,"Temukan obat Health/Medical Supplies/Medical Gloves & Masks paling lengkap hanya di Halodoc. Konsultasi obat dengan dokter Order obat di Halodoc ? #TenangMenjaga""",bahasa_indonesia,"2024-06-24 11:02:18","2024-06-24 11:02:18",Dev,Dev
834,5042,834,meta_keywords,Produk Health/Medical Supplies/Medical Gloves & Masks Obat Perawatan Halodoc,bahasa_indonesia,"2024-06-24 11:02:18","2024-06-24 11:02:18",Dev,Dev
834,5040,834,name,Health/Medical Supplies/Medical Gloves & Masks,bahasa_indonesia,"2024-06-24 11:02:18","2024-06-24 11:02:18",Dev,Dev
834,5041,834,name,Health/Medical Supplies/Medical Gloves & Masks,english,"2024-06-24 11:02:18","2024-06-24 11:02:18",Dev,Dev
834,5038,834,shopee_category_ids,"100128",bahasa_indonesia,"2024-06-24 11:02:18","2024-06-24 11:02:18",Dev,Dev
836,5049,836,meta_description,"Temukan obat Health/Personal Care/Hand Sanitizers paling lengkap hanya di Halodoc. Konsultasi obat dengan dokter Order obat di Halodoc ? #TenangMenjaga""",bahasa_indonesia,"2024-06-24 11:02:18","2024-06-24 11:02:18",Dev,Dev
836,5052,836,meta_keywords,Produk Health/Personal Care/Hand Sanitizers Obat Perawatan Halodoc,bahasa_indonesia,"2024-06-24 11:02:18","2024-06-24 11:02:18",Dev,Dev
836,5050,836,name,Health/Personal Care/Hand Sanitizers,bahasa_indonesia,"2024-06-24 11:02:18","2024-06-24 11:02:18",Dev,Dev
836,5051,836,name,Health/Personal Care/Hand Sanitizers,english,"2024-06-24 11:02:18","2024-06-24 11:02:18",Dev,Dev
836,5048,836,shopee_category_ids,"100131",bahasa_indonesia,"2024-06-24 11:02:18","2024-06-24 11:02:18",Dev,Dev
839,5064,839,meta_description,"Temukan obat Health/Personal Care/Ear Care paling lengkap hanya di Halodoc. Konsultasi obat dengan dokter Order obat di Halodoc ? #TenangMenjaga""",bahasa_indonesia,"2024-06-24 11:02:18","2024-06-24 11:02:18",Dev,Dev
839,5067,839,meta_keywords,Produk Health/Personal Care/Ear Care Obat Perawatan Halodoc,bahasa_indonesia,"2024-06-24 11:02:18","2024-06-24 11:02:18",Dev,Dev
839,5065,839,name,Health/Personal Care/Ear Care,bahasa_indonesia,"2024-06-24 11:02:18","2024-06-24 11:02:18",Dev,Dev
839,5066,839,name,Health/Personal Care/Ear Care,english,"2024-06-24 11:02:18","2024-06-24 11:02:18",Dev,Dev
839,5063,839,shopee_category_ids,"100133",bahasa_indonesia,"2024-06-24 11:02:18","2024-06-24 11:02:18",Dev,Dev
888,5310,888,meta_description,"Temukan obat Health/Personal Care/Adult Diapers & Incontinence paling lengkap hanya di Halodoc. Konsultasi obat dengan dokter Order obat di Halodoc ? #TenangMenjaga""",bahasa_indonesia,"2024-06-25 12:00:21","2024-06-25 12:00:21",CC Token,CC Token
888,5309,888,meta_keywords,Produk Health/Personal Care/Adult Diapers & Incontinence Obat Perawatan Halodoc,bahasa_indonesia,"2024-06-25 12:00:21","2024-06-25 12:00:21",CC Token,CC Token
888,5314,888,meta_title,Health/Personal Care/Adult Diapers & Incontinence,bahasa_indonesia,"2024-06-25 12:00:21","2024-06-25 12:00:21",CC Token,CC Token
888,5308,888,name,Health/Personal Care/Adult Diapers & Incontinence,bahasa_indonesia,"2024-06-25 12:00:21","2024-06-25 12:00:21",CC Token,CC Token
888,5311,888,name,Health/Personal Care/Adult Diapers & Incontinence,english,"2024-06-25 12:00:21","2024-06-25 12:00:21",CC Token,CC Token
888,5313,888,seo_url,"",bahasa_indonesia,"2024-06-25 12:00:21","2024-06-25 12:00:21",CC Token,CC Token
888,5312,888,shopee_category_ids,"100135",bahasa_indonesia,"2024-06-25 12:00:21","2024-06-25 13:46:44",CC Token,CC Token
971,5769,971,meta_description,Temukan obat Health/Personal Care/Insect Repellents paling lengkap hanya di Halodoc. Konsultasi obat dengan dokter Order obat di Halodoc ? #TenangMenjaga,bahasa_indonesia,"2025-06-20 15:54:10","2025-06-20 15:54:10",Dev,Dev
971,5773,971,meta_keywords,Produk Health/Personal Care/Insect Repellents Obat Perawatan Halodoc,bahasa_indonesia,"2025-06-20 15:54:10","2025-06-20 15:54:10",Dev,Dev
971,5772,971,name,Health/Personal Care/Insect Repellents,bahasa_indonesia,"2025-06-20 15:54:10","2025-06-20 15:54:10",Dev,Dev
971,5771,971,name,Health/Personal Care/Insect Repellents,english,"2025-06-20 15:54:10","2025-06-20 15:54:10",Dev,Dev
971,5770,971,shopee_category_ids,"100138",bahasa_indonesia,"2025-06-20 15:54:10","2025-06-20 15:54:10",Dev,Dev
847,5104,847,meta_description,"Temukan obat Health/Personal Care/Others paling lengkap hanya di Halodoc. Konsultasi obat dengan dokter Order obat di Halodoc ? #TenangMenjaga""",bahasa_indonesia,"2024-06-24 11:02:18","2024-06-24 11:02:18",Dev,Dev
847,5107,847,meta_keywords,Produk Health/Personal Care/Others Obat Perawatan Halodoc,bahasa_indonesia,"2024-06-24 11:02:18","2024-06-24 11:02:18",Dev,Dev
847,5105,847,name,Health/Personal Care/Others,bahasa_indonesia,"2024-06-24 11:02:18","2024-06-24 11:02:18",Dev,Dev
847,5106,847,name,Health/Personal Care/Others,english,"2024-06-24 11:02:18","2024-06-24 11:02:18",Dev,Dev
847,5103,847,shopee_category_ids,"100139",bahasa_indonesia,"2024-06-24 11:02:18","2024-06-24 11:02:18",Dev,Dev
848,5109,848,meta_description,"Temukan obat Health/Sexual Wellness/Condoms paling lengkap hanya di Halodoc. Konsultasi obat dengan dokter Order obat di Halodoc ? #TenangMenjaga""",bahasa_indonesia,"2024-06-24 11:02:18","2024-06-24 11:02:18",Dev,Dev
848,5112,848,meta_keywords,Produk Health/Sexual Wellness/Condoms Obat Perawatan Halodoc,bahasa_indonesia,"2024-06-24 11:02:18","2024-06-24 11:02:18",Dev,Dev
848,5110,848,name,Health/Sexual Wellness/Condoms,bahasa_indonesia,"2024-06-24 11:02:18","2024-06-24 11:02:18",Dev,Dev
848,5111,848,name,Health/Sexual Wellness/Condoms,english,"2024-06-24 11:02:18","2024-06-24 11:02:18",Dev,Dev
848,5108,848,shopee_category_ids,"100140",bahasa_indonesia,"2024-06-24 11:02:18","2024-06-24 11:02:18",Dev,Dev
849,5114,849,meta_description,"Temukan obat Health/Sexual Wellness/Lubricants paling lengkap hanya di Halodoc. Konsultasi obat dengan dokter Order obat di Halodoc ? #TenangMenjaga""",bahasa_indonesia,"2024-06-24 11:02:18","2024-06-24 11:02:18",Dev,Dev
849,5117,849,meta_keywords,Produk Health/Sexual Wellness/Lubricants Obat Perawatan Halodoc,bahasa_indonesia,"2024-06-24 11:02:18","2024-06-24 11:02:18",Dev,Dev
849,5115,849,name,Health/Sexual Wellness/Lubricants,bahasa_indonesia,"2024-06-24 11:02:18","2024-06-24 11:02:18",Dev,Dev
849,5116,849,name,Health/Sexual Wellness/Lubricants,english,"2024-06-24 11:02:18","2024-06-24 11:02:18",Dev,Dev
849,5113,849,shopee_category_ids,"100141",bahasa_indonesia,"2024-06-24 11:02:18","2024-06-24 11:02:18",Dev,Dev
892,5334,892,meta_description,Dapatkan informasi Produk Health/Sexual Wellness/Performance Enhancement paling lengkap hanya di Halodoc. Konsultasi obat dengan dokter ? Order obat di Halodoc ? #TenangAdaHalodoc,bahasa_indonesia,"2024-06-27 12:56:48","2024-06-27 12:56:48",CC Token,CC Token
892,5332,892,meta_keywords,Health/Sexual Wellness/Performance Enhancement,bahasa_indonesia,"2024-06-27 12:56:48","2024-06-27 12:56:48",CC Token,CC Token
892,5331,892,meta_title,"Health/Sexual Wellness/Performance Enh, Dosis, Efek Samping - Halodoc",bahasa_indonesia,"2024-06-27 12:56:48","2024-06-27 12:56:48",CC Token,CC Token
892,5330,892,name,Health/Sexual Wellness/Performance Enhancement,bahasa_indonesia,"2024-06-27 12:56:48","2024-06-27 12:56:48",CC Token,CC Token
892,5329,892,name,Health/Sexual Wellness/Performance Enhancement,english,"2024-06-27 12:56:48","2024-06-27 12:56:48",CC Token,CC Token
892,5333,892,seo_url,"",bahasa_indonesia,"2024-06-27 12:56:48","2024-06-27 12:56:48",CC Token,CC Token
892,5335,892,shopee_category_ids,"100143",bahasa_indonesia,"2024-06-27 12:56:48","2024-06-27 12:56:48",CC Token,CC Token
982,5824,982,meta_description,Temukan obat Women Clothes/Maternity Wear/Maternity Bottoms paling lengkap hanya di Halodoc. Konsultasi obat dengan dokter Order obat di Halodoc ? #TenangMenjaga,bahasa_indonesia,"2025-06-20 15:54:10","2025-06-20 15:54:10",Dev,Dev
982,5828,982,meta_keywords,Produk Women Clothes/Maternity Wear/Maternity Bottoms Obat Perawatan Halodoc,bahasa_indonesia,"2025-06-20 15:54:10","2025-06-20 15:54:10",Dev,Dev
982,5827,982,name,Women Clothes/Maternity Wear/Maternity Bottoms,bahasa_indonesia,"2025-06-20 15:54:10","2025-06-20 15:54:10",Dev,Dev
982,5826,982,name,Women Clothes/Maternity Wear/Maternity Bottoms,english,"2025-06-20 15:54:10","2025-06-20 15:54:10",Dev,Dev
982,5825,982,shopee_category_ids,"100398",bahasa_indonesia,"2025-06-20 15:54:10","2025-06-20 15:54:10",Dev,Dev
824,4989,824,meta_description,"Temukan obat Health/Medical Supplies/Health Monitors & Tests/Blood Glucose Monitors paling lengkap hanya di Halodoc. Konsultasi obat dengan dokter Order obat di Halodoc ? #TenangMenjaga""",bahasa_indonesia,"2024-06-24 11:02:17","2024-06-24 11:02:17",Dev,Dev
824,4992,824,meta_keywords,Produk Health/Medical Supplies/Health Monitors & Tests/Blood Glucose Monitors Obat Perawatan Halodoc,bahasa_indonesia,"2024-06-24 11:02:17","2024-06-24 11:02:17",Dev,Dev
824,4990,824,name,Health/Medical Supplies/Health Monitors & Tests/Blood Glucose Monitors,bahasa_indonesia,"2024-06-24 11:02:17","2024-06-24 11:02:17",Dev,Dev
824,4991,824,name,Health/Medical Supplies/Health Monitors & Tests/Blood Glucose Monitors,english,"2024-06-24 11:02:17","2024-06-24 11:02:17",Dev,Dev
824,4988,824,shopee_category_ids,"100421",bahasa_indonesia,"2024-06-24 11:02:17","2024-06-24 11:02:17",Dev,Dev
825,4994,825,meta_description,"Temukan obat Health/Medical Supplies/Health Monitors & Tests/Pulse Oximeters paling lengkap hanya di Halodoc. Konsultasi obat dengan dokter Order obat di Halodoc ? #TenangMenjaga""",bahasa_indonesia,"2024-06-24 11:02:17","2024-06-24 11:02:17",Dev,Dev
825,4997,825,meta_keywords,Produk Health/Medical Supplies/Health Monitors & Tests/Pulse Oximeters Obat Perawatan Halodoc,bahasa_indonesia,"2024-06-24 11:02:17","2024-06-24 11:02:17",Dev,Dev
825,4995,825,name,Health/Medical Supplies/Health Monitors & Tests/Pulse Oximeters,bahasa_indonesia,"2024-06-24 11:02:17","2024-06-24 11:02:17",Dev,Dev
825,4996,825,name,Health/Medical Supplies/Health Monitors & Tests/Pulse Oximeters,english,"2024-06-24 11:02:17","2024-06-24 11:02:17",Dev,Dev
825,4993,825,shopee_category_ids,"100422",bahasa_indonesia,"2024-06-24 11:02:17","2024-06-24 11:02:17",Dev,Dev
826,4999,826,meta_description,"Temukan obat Health/Medical Supplies/Health Monitors & Tests/Thermometers paling lengkap hanya di Halodoc. Konsultasi obat dengan dokter Order obat di Halodoc ? #TenangMenjaga""",bahasa_indonesia,"2024-06-24 11:02:17","2024-06-24 11:02:17",Dev,Dev
826,5002,826,meta_keywords,Produk Health/Medical Supplies/Health Monitors & Tests/Thermometers Obat Perawatan Halodoc,bahasa_indonesia,"2024-06-24 11:02:17","2024-06-24 11:02:17",Dev,Dev
826,5000,826,name,Health/Medical Supplies/Health Monitors & Tests/Thermometers,bahasa_indonesia,"2024-06-24 11:02:17","2024-06-24 11:02:17",Dev,Dev
826,5001,826,name,Health/Medical Supplies/Health Monitors & Tests/Thermometers,english,"2024-06-24 11:02:17","2024-06-24 11:02:17",Dev,Dev
826,4998,826,shopee_category_ids,"100423",bahasa_indonesia,"2024-06-24 11:02:17","2024-06-24 11:02:17",Dev,Dev
827,5004,827,meta_description,"Temukan obat Health/Medical Supplies/Health Monitors & Tests/Others paling lengkap hanya di Halodoc. Konsultasi obat dengan dokter Order obat di Halodoc ? #TenangMenjaga""",bahasa_indonesia,"2024-06-24 11:02:17","2024-06-24 11:02:17",Dev,Dev
827,5007,827,meta_keywords,Produk Health/Medical Supplies/Health Monitors & Tests/Others Obat Perawatan Halodoc,bahasa_indonesia,"2024-06-24 11:02:17","2024-06-24 11:02:17",Dev,Dev
827,5005,827,name,Health/Medical Supplies/Health Monitors & Tests/Others,bahasa_indonesia,"2024-06-24 11:02:17","2024-06-24 11:02:17",Dev,Dev
827,5006,827,name,Health/Medical Supplies/Health Monitors & Tests/Others,english,"2024-06-24 11:02:17","2024-06-24 11:02:17",Dev,Dev
827,5003,827,shopee_category_ids,"100424",bahasa_indonesia,"2024-06-24 11:02:17","2024-06-24 11:02:17",Dev,Dev
829,5014,829,meta_description,"Temukan obat Health/Medical Supplies/First Aid Supplies/Plasters & Bandages paling lengkap hanya di Halodoc. Konsultasi obat dengan dokter Order obat di Halodoc ? #TenangMenjaga""",bahasa_indonesia,"2024-06-24 11:02:18","2024-06-24 11:02:18",Dev,Dev
829,5017,829,meta_keywords,Produk Health/Medical Supplies/First Aid Supplies/Plasters & Bandages Obat Perawatan Halodoc,bahasa_indonesia,"2024-06-24 11:02:18","2024-06-24 11:02:18",Dev,Dev
829,5015,829,name,Health/Medical Supplies/First Aid Supplies/Plasters & Bandages,bahasa_indonesia,"2024-06-24 11:02:18","2024-06-24 11:02:18",Dev,Dev
829,5016,829,name,Health/Medical Supplies/First Aid Supplies/Plasters & Bandages,english,"2024-06-24 11:02:18","2024-06-24 11:02:18",Dev,Dev
829,5013,829,shopee_category_ids,"100425",bahasa_indonesia,"2024-06-24 11:02:18","2024-06-24 11:02:18",Dev,Dev
830,5019,830,meta_description,"Temukan obat Health/Medical Supplies/First Aid Supplies/First Aid Accessories paling lengkap hanya di Halodoc. Konsultasi obat dengan dokter Order obat di Halodoc ? #TenangMenjaga""",bahasa_indonesia,"2024-06-24 11:02:18","2024-06-24 11:02:18",Dev,Dev
830,5022,830,meta_keywords,Produk Health/Medical Supplies/First Aid Supplies/First Aid Accessories Obat Perawatan Halodoc,bahasa_indonesia,"2024-06-24 11:02:18","2024-06-24 11:02:18",Dev,Dev
830,5020,830,name,Health/Medical Supplies/First Aid Supplies/First Aid Accessories,bahasa_indonesia,"2024-06-24 11:02:18","2024-06-24 11:02:18",Dev,Dev
830,5021,830,name,Health/Medical Supplies/First Aid Supplies/First Aid Accessories,english,"2024-06-24 11:02:18","2024-06-24 11:02:18",Dev,Dev
830,5018,830,shopee_category_ids,"100426",bahasa_indonesia,"2024-06-24 11:02:18","2024-06-24 11:02:18",Dev,Dev
831,5024,831,meta_description,"Temukan obat Health/Medical Supplies/First Aid Supplies/Ointments & Creams paling lengkap hanya di Halodoc. Konsultasi obat dengan dokter Order obat di Halodoc ? #TenangMenjaga""",bahasa_indonesia,"2024-06-24 11:02:18","2024-06-24 11:02:18",Dev,Dev
831,5027,831,meta_keywords,Produk Health/Medical Supplies/First Aid Supplies/Ointments & Creams Obat Perawatan Halodoc,bahasa_indonesia,"2024-06-24 11:02:18","2024-06-24 11:02:18",Dev,Dev
831,5025,831,name,Health/Medical Supplies/First Aid Supplies/Ointments & Creams,bahasa_indonesia,"2024-06-24 11:02:18","2024-06-24 11:02:18",Dev,Dev
831,5026,831,name,Health/Medical Supplies/First Aid Supplies/Ointments & Creams,english,"2024-06-24 11:02:18","2024-06-24 11:02:18",Dev,Dev
831,5023,831,shopee_category_ids,"100427",bahasa_indonesia,"2024-06-24 11:02:18","2024-06-24 11:02:18",Dev,Dev
832,5029,832,meta_description,"Temukan obat Health/Medical Supplies/First Aid Supplies/Medical Antiseptics & Disinfectants paling lengkap hanya di Halodoc. Konsultasi obat dengan dokter Order obat di Halodoc ? #TenangMenjaga""",bahasa_indonesia,"2024-06-24 11:02:18","2024-06-24 11:02:18",Dev,Dev
832,5032,832,meta_keywords,Produk Health/Medical Supplies/First Aid Supplies/Medical Antiseptics & Disinfectants Obat Perawatan Halodoc,bahasa_indonesia,"2024-06-24 11:02:18","2024-06-24 11:02:18",Dev,Dev
832,5030,832,name,Health/Medical Supplies/First Aid Supplies/Medical Antiseptics & Disinfectants,bahasa_indonesia,"2024-06-24 11:02:18","2024-06-24 11:02:18",Dev,Dev
832,5031,832,name,Health/Medical Supplies/First Aid Supplies/Medical Antiseptics & Disinfectants,english,"2024-06-24 11:02:18","2024-06-24 11:02:18",Dev,Dev
832,5028,832,shopee_category_ids,"100428",bahasa_indonesia,"2024-06-24 11:02:18","2024-06-24 11:02:18",Dev,Dev
837,5054,837,meta_description,"Temukan obat Health/Personal Care/Eye Care/Lens Solutions & Eyedrops paling lengkap hanya di Halodoc. Konsultasi obat dengan dokter Order obat di Halodoc ? #TenangMenjaga""",bahasa_indonesia,"2024-06-24 11:02:18","2024-06-24 11:02:18",Dev,Dev
837,5057,837,meta_keywords,Produk Health/Personal Care/Eye Care/Lens Solutions & Eyedrops Obat Perawatan Halodoc,bahasa_indonesia,"2024-06-24 11:02:18","2024-06-24 11:02:18",Dev,Dev
837,5055,837,name,Health/Personal Care/Eye Care/Lens Solutions & Eyedrops,bahasa_indonesia,"2024-06-24 11:02:18","2024-06-24 11:02:18",Dev,Dev
837,5056,837,name,Health/Personal Care/Eye Care/Lens Solutions & Eyedrops,english,"2024-06-24 11:02:18","2024-06-24 11:02:18",Dev,Dev
837,5053,837,shopee_category_ids,"100436",bahasa_indonesia,"2024-06-24 11:02:18","2024-06-24 11:02:18",Dev,Dev
838,5059,838,meta_description,"Temukan obat Health/Personal Care/Eye Care/Others paling lengkap hanya di Halodoc. Konsultasi obat dengan dokter Order obat di Halodoc ? #TenangMenjaga""",bahasa_indonesia,"2024-06-24 11:02:18","2024-06-24 11:02:18",Dev,Dev
838,5062,838,meta_keywords,Produk Health/Personal Care/Eye Care/Others Obat Perawatan Halodoc,bahasa_indonesia,"2024-06-24 11:02:18","2024-06-24 11:02:18",Dev,Dev
838,5060,838,name,Health/Personal Care/Eye Care/Others,bahasa_indonesia,"2024-06-24 11:02:18","2024-06-24 11:02:18",Dev,Dev
838,5061,838,name,Health/Personal Care/Eye Care/Others,english,"2024-06-24 11:02:18","2024-06-24 11:02:18",Dev,Dev
838,5058,838,shopee_category_ids,"100437",bahasa_indonesia,"2024-06-24 11:02:18","2024-06-24 11:02:18",Dev,Dev
981,5819,981,meta_description,Temukan obat Health/Personal Care/Oral Care/Toothpastes paling lengkap hanya di Halodoc. Konsultasi obat dengan dokter Order obat di Halodoc ? #TenangMenjaga,bahasa_indonesia,"2025-06-20 15:54:10","2025-06-20 15:54:10",Dev,Dev
981,5823,981,meta_keywords,Produk Health/Personal Care/Oral Care/Toothpastes Obat Perawatan Halodoc,bahasa_indonesia,"2025-06-20 15:54:10","2025-06-20 15:54:10",Dev,Dev
981,5822,981,name,Health/Personal Care/Oral Care/Toothpastes,bahasa_indonesia,"2025-06-20 15:54:10","2025-06-20 15:54:10",Dev,Dev
981,5821,981,name,Health/Personal Care/Oral Care/Toothpastes,english,"2025-06-20 15:54:10","2025-06-20 15:54:10",Dev,Dev
981,5820,981,shopee_category_ids,"100440",bahasa_indonesia,"2025-06-20 15:54:10","2025-06-20 15:54:10",Dev,Dev
840,5069,840,meta_description,"Temukan obat Health/Personal Care/Oral Care/Dental Floss paling lengkap hanya di Halodoc. Konsultasi obat dengan dokter Order obat di Halodoc ? #TenangMenjaga""",bahasa_indonesia,"2024-06-24 11:02:18","2024-06-24 11:02:18",Dev,Dev
840,5072,840,meta_keywords,Produk Health/Personal Care/Oral Care/Dental Floss Obat Perawatan Halodoc,bahasa_indonesia,"2024-06-24 11:02:18","2024-06-24 11:02:18",Dev,Dev
840,5070,840,name,Health/Personal Care/Oral Care/Dental Floss,bahasa_indonesia,"2024-06-24 11:02:18","2024-06-24 11:02:18",Dev,Dev
840,5071,840,name,Health/Personal Care/Oral Care/Dental Floss,english,"2024-06-24 11:02:18","2024-06-24 11:02:18",Dev,Dev
840,5068,840,shopee_category_ids,"100441",bahasa_indonesia,"2024-06-24 11:02:18","2024-06-24 11:02:18",Dev,Dev
841,5074,841,meta_description,"Temukan obat Health/Personal Care/Oral Care/Mouth Wash paling lengkap hanya di Halodoc. Konsultasi obat dengan dokter Order obat di Halodoc ? #TenangMenjaga""",bahasa_indonesia,"2024-06-24 11:02:18","2024-06-24 11:02:18",Dev,Dev
841,5077,841,meta_keywords,Produk Health/Personal Care/Oral Care/Mouth Wash Obat Perawatan Halodoc,bahasa_indonesia,"2024-06-24 11:02:18","2024-06-24 11:02:18",Dev,Dev
841,5075,841,name,Health/Personal Care/Oral Care/Mouth Wash,bahasa_indonesia,"2024-06-24 11:02:18","2024-06-24 11:02:18",Dev,Dev
841,5076,841,name,Health/Personal Care/Oral Care/Mouth Wash,english,"2024-06-24 11:02:18","2024-06-24 11:02:18",Dev,Dev
841,5073,841,shopee_category_ids,"100442",bahasa_indonesia,"2024-06-24 11:02:18","2024-06-24 11:02:18",Dev,Dev
842,5079,842,meta_description,"Temukan obat Health/Personal Care/Oral Care/Denture Care paling lengkap hanya di Halodoc. Konsultasi obat dengan dokter Order obat di Halodoc ? #TenangMenjaga""",bahasa_indonesia,"2024-06-24 11:02:18","2024-06-24 11:02:18",Dev,Dev
842,5082,842,meta_keywords,Produk Health/Personal Care/Oral Care/Denture Care Obat Perawatan Halodoc,bahasa_indonesia,"2024-06-24 11:02:18","2024-06-24 11:02:18",Dev,Dev
842,5080,842,name,Health/Personal Care/Oral Care/Denture Care,bahasa_indonesia,"2024-06-24 11:02:18","2024-06-24 11:02:18",Dev,Dev
842,5081,842,name,Health/Personal Care/Oral Care/Denture Care,english,"2024-06-24 11:02:18","2024-06-24 11:02:18",Dev,Dev
842,5078,842,shopee_category_ids,"100443",bahasa_indonesia,"2024-06-24 11:02:18","2024-06-24 11:02:18",Dev,Dev
843,5084,843,meta_description,"Temukan obat Health/Personal Care/Oral Care/Others paling lengkap hanya di Halodoc. Konsultasi obat dengan dokter Order obat di Halodoc ? #TenangMenjaga""",bahasa_indonesia,"2024-06-24 11:02:18","2024-06-24 11:02:18",Dev,Dev
843,5087,843,meta_keywords,Produk Health/Personal Care/Oral Care/Others Obat Perawatan Halodoc,bahasa_indonesia,"2024-06-24 11:02:18","2024-06-24 11:02:18",Dev,Dev
843,5085,843,name,Health/Personal Care/Oral Care/Others,bahasa_indonesia,"2024-06-24 11:02:18","2024-06-24 11:02:18",Dev,Dev
843,5086,843,name,Health/Personal Care/Oral Care/Others,english,"2024-06-24 11:02:18","2024-06-24 11:02:18",Dev,Dev
843,5083,843,shopee_category_ids,"100446",bahasa_indonesia,"2024-06-24 11:02:18","2024-06-24 11:02:18",Dev,Dev
844,5089,844,meta_description,"Temukan obat Health/Personal Care/Feminine Care/Sanitary Napkins & Panty Liners paling lengkap hanya di Halodoc. Konsultasi obat dengan dokter Order obat di Halodoc ? #TenangMenjaga""",bahasa_indonesia,"2024-06-24 11:02:18","2024-06-24 11:02:18",Dev,Dev
844,5092,844,meta_keywords,Produk Health/Personal Care/Feminine Care/Sanitary Napkins & Panty Liners Obat Perawatan Halodoc,bahasa_indonesia,"2024-06-24 11:02:18","2024-06-24 11:02:18",Dev,Dev
844,5090,844,name,Health/Personal Care/Feminine Care/Sanitary Napkins & Panty Liners,bahasa_indonesia,"2024-06-24 11:02:18","2024-06-24 11:02:18",Dev,Dev
844,5091,844,name,Health/Personal Care/Feminine Care/Sanitary Napkins & Panty Liners,english,"2024-06-24 11:02:18","2024-06-24 11:02:18",Dev,Dev
844,5088,844,shopee_category_ids,"100447",bahasa_indonesia,"2024-06-24 11:02:18","2024-06-24 11:02:18",Dev,Dev
999,5909,999,meta_description,Temukan obat Health/Personal Care/Feminine Care/Tampons paling lengkap hanya di Halodoc. Konsultasi obat dengan dokter Order obat di Halodoc ? #TenangMenjaga,bahasa_indonesia,"2025-06-20 15:54:11","2025-06-20 15:54:11",Dev,Dev
999,5913,999,meta_keywords,Produk Health/Personal Care/Feminine Care/Tampons Obat Perawatan Halodoc,bahasa_indonesia,"2025-06-20 15:54:11","2025-06-20 15:54:11",Dev,Dev
999,5912,999,name,Health/Personal Care/Feminine Care/Tampons,bahasa_indonesia,"2025-06-20 15:54:11","2025-06-20 15:54:11",Dev,Dev
999,5911,999,name,Health/Personal Care/Feminine Care/Tampons,english,"2025-06-20 15:54:11","2025-06-20 15:54:11",Dev,Dev
999,5910,999,shopee_category_ids,"100448",bahasa_indonesia,"2025-06-20 15:54:11","2025-06-20 15:54:11",Dev,Dev
845,5094,845,meta_description,"Temukan obat Health/Personal Care/Feminine Care/Pregnancy & Fertility Tests paling lengkap hanya di Halodoc. Konsultasi obat dengan dokter Order obat di Halodoc ? #TenangMenjaga""",bahasa_indonesia,"2024-06-24 11:02:18","2024-06-24 11:02:18",Dev,Dev
845,5097,845,meta_keywords,Produk Health/Personal Care/Feminine Care/Pregnancy & Fertility Tests Obat Perawatan Halodoc,bahasa_indonesia,"2024-06-24 11:02:18","2024-06-24 11:02:18",Dev,Dev
845,5095,845,name,Health/Personal Care/Feminine Care/Pregnancy & Fertility Tests,bahasa_indonesia,"2024-06-24 11:02:18","2024-06-24 11:02:18",Dev,Dev
845,5096,845,name,Health/Personal Care/Feminine Care/Pregnancy & Fertility Tests,english,"2024-06-24 11:02:18","2024-06-24 11:02:18",Dev,Dev
845,5093,845,shopee_category_ids,"100449",bahasa_indonesia,"2024-06-24 11:02:18","2024-06-24 11:02:18",Dev,Dev
846,5099,846,meta_description,"Temukan obat Health/Personal Care/Feminine Care/Feminine Wash paling lengkap hanya di Halodoc. Konsultasi obat dengan dokter Order obat di Halodoc ? #TenangMenjaga""",bahasa_indonesia,"2024-06-24 11:02:18","2024-06-24 11:02:18",Dev,Dev
846,5102,846,meta_keywords,Produk Health/Personal Care/Feminine Care/Feminine Wash Obat Perawatan Halodoc,bahasa_indonesia,"2024-06-24 11:02:18","2024-06-24 11:02:18",Dev,Dev
846,5100,846,name,Health/Personal Care/Feminine Care/Feminine Wash,bahasa_indonesia,"2024-06-24 11:02:18","2024-06-24 11:02:18",Dev,Dev
846,5101,846,name,Health/Personal Care/Feminine Care/Feminine Wash,english,"2024-06-24 11:02:18","2024-06-24 11:02:18",Dev,Dev
846,5098,846,shopee_category_ids,"100451",bahasa_indonesia,"2024-06-24 11:02:18","2024-06-24 11:02:18",Dev,Dev
1002,5924,1002,meta_description,Temukan obat Health/Personal Care/Feminine Care/Vaginal Cream paling lengkap hanya di Halodoc. Konsultasi obat dengan dokter Order obat di Halodoc ? #TenangMenjaga,bahasa_indonesia,"2025-06-20 15:54:11","2025-06-20 15:54:11",Dev,Dev
1002,5928,1002,meta_keywords,Produk Health/Personal Care/Feminine Care/Vaginal Cream Obat Perawatan Halodoc,bahasa_indonesia,"2025-06-20 15:54:11","2025-06-20 15:54:11",Dev,Dev
1002,5927,1002,name,Health/Personal Care/Feminine Care/Vaginal Cream,bahasa_indonesia,"2025-06-20 15:54:11","2025-06-20 15:54:11",Dev,Dev
1002,5926,1002,name,Health/Personal Care/Feminine Care/Vaginal Cream,english,"2025-06-20 15:54:11","2025-06-20 15:54:11",Dev,Dev
1002,5925,1002,shopee_category_ids,"100452",bahasa_indonesia,"2025-06-20 15:54:11","2025-06-20 15:54:11",Dev,Dev
951,5669,951,meta_description,Temukan obat Health/Personal Care/Feminine Care/Others paling lengkap hanya di Halodoc. Konsultasi obat dengan dokter Order obat di Halodoc ? #TenangMenjaga,bahasa_indonesia,"2025-06-20 15:54:09","2025-06-20 15:54:09",Dev,Dev
951,5673,951,meta_keywords,Produk Health/Personal Care/Feminine Care/Others Obat Perawatan Halodoc,bahasa_indonesia,"2025-06-20 15:54:09","2025-06-20 15:54:09",Dev,Dev
951,5672,951,name,Health/Personal Care/Feminine Care/Others,bahasa_indonesia,"2025-06-20 15:54:09","2025-06-20 15:54:09",Dev,Dev
951,5671,951,name,Health/Personal Care/Feminine Care/Others,english,"2025-06-20 15:54:09","2025-06-20 15:54:09",Dev,Dev
951,5670,951,shopee_category_ids,"100453",bahasa_indonesia,"2025-06-20 15:54:09","2025-06-20 15:54:09",Dev,Dev
968,5754,968,meta_description,"Temukan obat Mobile & Gadgets/Accessories/Cases, Covers, & Skins/Others paling lengkap hanya di Halodoc. Konsultasi obat dengan dokter Order obat di Halodoc ? #TenangMenjaga",bahasa_indonesia,"2025-06-20 15:54:10","2025-06-20 15:54:10",Dev,Dev
968,5758,968,meta_keywords,"Produk Mobile & Gadgets/Accessories/Cases, Covers, & Skins/Others Obat Perawatan Halodoc",bahasa_indonesia,"2025-06-20 15:54:10","2025-06-20 15:54:10",Dev,Dev
968,5757,968,name,"Mobile & Gadgets/Accessories/Cases, Covers, & Skins/Others",bahasa_indonesia,"2025-06-20 15:54:10","2025-06-20 15:54:10",Dev,Dev
968,5756,968,name,"Mobile & Gadgets/Accessories/Cases, Covers, & Skins/Others",english,"2025-06-20 15:54:10","2025-06-20 15:54:10",Dev,Dev
968,5755,968,shopee_category_ids,"100491",bahasa_indonesia,"2025-06-20 15:54:10","2025-06-20 15:54:10",Dev,Dev
852,5129,852,meta_description,"Temukan obat Men Bags/Wallets/Coin Holders & Purses paling lengkap hanya di Halodoc. Konsultasi obat dengan dokter Order obat di Halodoc ? #TenangMenjaga""",bahasa_indonesia,"2024-06-24 11:02:19","2024-06-24 11:02:19",Dev,Dev
852,5132,852,meta_keywords,Produk Men Bags/Wallets/Coin Holders & Purses Obat Perawatan Halodoc,bahasa_indonesia,"2024-06-24 11:02:19","2024-06-24 11:02:19",Dev,Dev
852,5130,852,name,Men Bags/Wallets/Coin Holders & Purses,bahasa_indonesia,"2024-06-24 11:02:19","2024-06-24 11:02:19",Dev,Dev
852,5131,852,name,Men Bags/Wallets/Coin Holders & Purses,english,"2024-06-24 11:02:19","2024-06-24 11:02:19",Dev,Dev
852,5128,852,shopee_category_ids,"100609",bahasa_indonesia,"2024-06-24 11:02:19","2024-06-24 11:02:19",Dev,Dev
1003,5929,1003,meta_description,Temukan obat Beauty/Beauty Sets & Packages paling lengkap hanya di Halodoc. Konsultasi obat dengan dokter Order obat di Halodoc ? #TenangMenjaga,bahasa_indonesia,"2025-06-20 15:54:11","2025-06-20 15:54:11",Dev,Dev
1003,5933,1003,meta_keywords,Produk Beauty/Beauty Sets & Packages Obat Perawatan Halodoc,bahasa_indonesia,"2025-06-20 15:54:11","2025-06-20 15:54:11",Dev,Dev
1003,5932,1003,name,Beauty/Beauty Sets & Packages,bahasa_indonesia,"2025-06-20 15:54:11","2025-06-20 15:54:11",Dev,Dev
1003,5931,1003,name,Beauty/Beauty Sets & Packages,english,"2025-06-20 15:54:11","2025-06-20 15:54:11",Dev,Dev
1003,5930,1003,shopee_category_ids,"100665",bahasa_indonesia,"2025-06-20 15:54:11","2025-06-20 15:54:11",Dev,Dev
873,5234,873,meta_description,"Temukan obat Beauty/Others paling lengkap hanya di Halodoc. Konsultasi obat dengan dokter Order obat di Halodoc ? #TenangMenjaga""",bahasa_indonesia,"2024-06-24 11:02:19","2024-06-24 11:02:19",Dev,Dev
873,5237,873,meta_keywords,Produk Beauty/Others Obat Perawatan Halodoc,bahasa_indonesia,"2024-06-24 11:02:19","2024-06-24 11:02:19",Dev,Dev
873,5235,873,name,Beauty/Others,bahasa_indonesia,"2024-06-24 11:02:19","2024-06-24 11:02:19",Dev,Dev
873,5236,873,name,Beauty/Others,english,"2024-06-24 11:02:19","2024-06-24 11:02:19",Dev,Dev
873,5233,873,shopee_category_ids,"100666",bahasa_indonesia,"2024-06-24 11:02:19","2024-06-24 11:02:19",Dev,Dev
887,5304,887,meta_description,"Temukan obat Mom & Baby/Others paling lengkap hanya di Halodoc. Konsultasi obat dengan dokter Order obat di Halodoc ? #TenangMenjaga""",bahasa_indonesia,"2024-06-24 11:02:20","2024-06-24 11:02:20",Dev,Dev
887,5307,887,meta_keywords,Produk Mom & Baby/Others Obat Perawatan Halodoc,bahasa_indonesia,"2024-06-24 11:02:20","2024-06-24 11:02:20",Dev,Dev
887,5305,887,name,Mom & Baby/Others,bahasa_indonesia,"2024-06-24 11:02:20","2024-06-24 11:02:20",Dev,Dev
887,5306,887,name,Mom & Baby/Others,english,"2024-06-24 11:02:20","2024-06-24 11:02:20",Dev,Dev
887,5303,887,shopee_category_ids,"100686",bahasa_indonesia,"2024-06-24 11:02:20","2024-06-24 11:02:20",Dev,Dev
983,5829,983,meta_description,"Temukan obat Home & Living/Hand Warmers, Hot Water Bags & Ice Bags paling lengkap hanya di Halodoc. Konsultasi obat dengan dokter Order obat di Halodoc ? #TenangMenjaga",bahasa_indonesia,"2025-06-20 15:54:10","2025-06-20 15:54:10",Dev,Dev
983,5833,983,meta_keywords,"Produk Home & Living/Hand Warmers, Hot Water Bags & Ice Bags Obat Perawatan Halodoc",bahasa_indonesia,"2025-06-20 15:54:10","2025-06-20 15:54:10",Dev,Dev
983,5832,983,name,"Home & Living/Hand Warmers, Hot Water Bags & Ice Bags",bahasa_indonesia,"2025-06-20 15:54:10","2025-06-20 15:54:10",Dev,Dev
983,5831,983,name,"Home & Living/Hand Warmers, Hot Water Bags & Ice Bags",english,"2025-06-20 15:54:10","2025-06-20 15:54:10",Dev,Dev
983,5830,983,shopee_category_ids,"100712",bahasa_indonesia,"2025-06-20 15:54:10","2025-06-20 15:54:10",Dev,Dev
950,5664,950,meta_description,Temukan obat Food & Beverages/Baking Needs/Baking Flavoring paling lengkap hanya di Halodoc. Konsultasi obat dengan dokter Order obat di Halodoc ? #TenangMenjaga,bahasa_indonesia,"2025-06-20 15:54:09","2025-06-20 15:54:09",Dev,Dev
950,5668,950,meta_keywords,Produk Food & Beverages/Baking Needs/Baking Flavoring Obat Perawatan Halodoc,bahasa_indonesia,"2025-06-20 15:54:09","2025-06-20 15:54:09",Dev,Dev
950,5667,950,name,Food & Beverages/Baking Needs/Baking Flavoring,bahasa_indonesia,"2025-06-20 15:54:09","2025-06-20 15:54:09",Dev,Dev
950,5666,950,name,Food & Beverages/Baking Needs/Baking Flavoring,english,"2025-06-20 15:54:09","2025-06-20 15:54:09",Dev,Dev
950,5665,950,shopee_category_ids,"100812",bahasa_indonesia,"2025-06-20 15:54:09","2025-06-20 15:54:09",Dev,Dev
853,5134,853,meta_description,"Temukan obat Food & Beverages/Breakfast Cereals & Spread/Honey & Maple Syrups paling lengkap hanya di Halodoc. Konsultasi obat dengan dokter Order obat di Halodoc ? #TenangMenjaga""",bahasa_indonesia,"2024-06-24 11:02:19","2024-06-24 11:02:19",Dev,Dev
853,5137,853,meta_keywords,Produk Food & Beverages/Breakfast Cereals & Spread/Honey & Maple Syrups Obat Perawatan Halodoc,bahasa_indonesia,"2024-06-24 11:02:19","2024-06-24 11:02:19",Dev,Dev
853,5135,853,name,Food & Beverages/Breakfast Cereals & Spread/Honey & Maple Syrups,bahasa_indonesia,"2024-06-24 11:02:19","2024-06-24 11:02:19",Dev,Dev
853,5136,853,name,Food & Beverages/Breakfast Cereals & Spread/Honey & Maple Syrups,english,"2024-06-24 11:02:19","2024-06-24 11:02:19",Dev,Dev
853,5133,853,shopee_category_ids,"100819",bahasa_indonesia,"2024-06-24 11:02:19","2024-06-24 11:02:19",Dev,Dev
854,5139,854,meta_description,"Temukan obat Food & Beverages/Beverages/Energy & Isotonic Drinks paling lengkap hanya di Halodoc. Konsultasi obat dengan dokter Order obat di Halodoc ? #TenangMenjaga""",bahasa_indonesia,"2024-06-24 11:02:19","2024-06-24 11:02:19",Dev,Dev
854,5142,854,meta_keywords,Produk Food & Beverages/Beverages/Energy & Isotonic Drinks Obat Perawatan Halodoc,bahasa_indonesia,"2024-06-24 11:02:19","2024-06-24 11:02:19",Dev,Dev
854,5140,854,name,Food & Beverages/Beverages/Energy & Isotonic Drinks,bahasa_indonesia,"2024-06-24 11:02:19","2024-06-24 11:02:19",Dev,Dev
854,5141,854,name,Food & Beverages/Beverages/Energy & Isotonic Drinks,english,"2024-06-24 11:02:19","2024-06-24 11:02:19",Dev,Dev
854,5138,854,shopee_category_ids,"100827",bahasa_indonesia,"2024-06-24 11:02:19","2024-06-24 11:02:19",Dev,Dev
949,5659,949,meta_description,Temukan obat Food & Beverages/Beverages/Cordial & Syrups paling lengkap hanya di Halodoc. Konsultasi obat dengan dokter Order obat di Halodoc ? #TenangMenjaga,bahasa_indonesia,"2025-06-20 15:54:09","2025-06-20 15:54:09",Dev,Dev
949,5663,949,meta_keywords,Produk Food & Beverages/Beverages/Cordial & Syrups Obat Perawatan Halodoc,bahasa_indonesia,"2025-06-20 15:54:09","2025-06-20 15:54:09",Dev,Dev
949,5662,949,name,Food & Beverages/Beverages/Cordial & Syrups,bahasa_indonesia,"2025-06-20 15:54:09","2025-06-20 15:54:09",Dev,Dev
949,5661,949,name,Food & Beverages/Beverages/Cordial & Syrups,english,"2025-06-20 15:54:09","2025-06-20 15:54:09",Dev,Dev
949,5660,949,shopee_category_ids,"100830",bahasa_indonesia,"2025-06-20 15:54:09","2025-06-20 15:54:09",Dev,Dev
855,5144,855,meta_description,"Temukan obat Food & Beverages/Beverages/Powdered Drink Mixes paling lengkap hanya di Halodoc. Konsultasi obat dengan dokter Order obat di Halodoc ? #TenangMenjaga""",bahasa_indonesia,"2024-06-24 11:02:19","2024-06-24 11:02:19",Dev,Dev
855,5147,855,meta_keywords,Produk Food & Beverages/Beverages/Powdered Drink Mixes Obat Perawatan Halodoc,bahasa_indonesia,"2024-06-24 11:02:19","2024-06-24 11:02:19",Dev,Dev
855,5145,855,name,Food & Beverages/Beverages/Powdered Drink Mixes,bahasa_indonesia,"2024-06-24 11:02:19","2024-06-24 11:02:19",Dev,Dev
855,5146,855,name,Food & Beverages/Beverages/Powdered Drink Mixes,english,"2024-06-24 11:02:19","2024-06-24 11:02:19",Dev,Dev
855,5143,855,shopee_category_ids,"100832",bahasa_indonesia,"2024-06-24 11:02:19","2024-06-24 11:02:19",Dev,Dev
856,5149,856,meta_description,"Temukan obat Food & Beverages/Beverages/Traditional & Herbal Drinks paling lengkap hanya di Halodoc. Konsultasi obat dengan dokter Order obat di Halodoc ? #TenangMenjaga""",bahasa_indonesia,"2024-06-24 11:02:19","2024-06-24 11:02:19",Dev,Dev
856,5152,856,meta_keywords,Produk Food & Beverages/Beverages/Traditional & Herbal Drinks Obat Perawatan Halodoc,bahasa_indonesia,"2024-06-24 11:02:19","2024-06-24 11:02:19",Dev,Dev
856,5150,856,name,Food & Beverages/Beverages/Traditional & Herbal Drinks,bahasa_indonesia,"2024-06-24 11:02:19","2024-06-24 11:02:19",Dev,Dev
856,5151,856,name,Food & Beverages/Beverages/Traditional & Herbal Drinks,english,"2024-06-24 11:02:19","2024-06-24 11:02:19",Dev,Dev
856,5148,856,shopee_category_ids,"100834",bahasa_indonesia,"2024-06-24 11:02:19","2024-06-24 11:02:19",Dev,Dev
952,5674,952,meta_description,Temukan obat Food & Beverages/Beverages/Non paling lengkap hanya di Halodoc. Konsultasi obat dengan dokter Order obat di Halodoc ? #TenangMenjaga,bahasa_indonesia,"2025-06-20 15:54:09","2025-06-20 15:54:09",Dev,Dev
952,5678,952,meta_keywords,Produk Food & Beverages/Beverages/Non Obat Perawatan Halodoc,bahasa_indonesia,"2025-06-20 15:54:09","2025-06-20 15:54:09",Dev,Dev
952,5677,952,name,Food & Beverages/Beverages/Non,bahasa_indonesia,"2025-06-20 15:54:09","2025-06-20 15:54:09",Dev,Dev
952,5676,952,name,Food & Beverages/Beverages/Non,english,"2025-06-20 15:54:09","2025-06-20 15:54:09",Dev,Dev
952,5675,952,shopee_category_ids,"100836",bahasa_indonesia,"2025-06-20 15:54:09","2025-06-20 15:54:09",Dev,Dev
984,5834,984,meta_description,Temukan obat Food & Beverages/Dairy & Eggs/Yogurt & Cultured Milk paling lengkap hanya di Halodoc. Konsultasi obat dengan dokter Order obat di Halodoc ? #TenangMenjaga,bahasa_indonesia,"2025-06-20 15:54:10","2025-06-20 15:54:10",Dev,Dev
984,5838,984,meta_keywords,Produk Food & Beverages/Dairy & Eggs/Yogurt & Cultured Milk Obat Perawatan Halodoc,bahasa_indonesia,"2025-06-20 15:54:10","2025-06-20 15:54:10",Dev,Dev
984,5837,984,name,Food & Beverages/Dairy & Eggs/Yogurt & Cultured Milk,bahasa_indonesia,"2025-06-20 15:54:10","2025-06-20 15:54:10",Dev,Dev
984,5836,984,name,Food & Beverages/Dairy & Eggs/Yogurt & Cultured Milk,english,"2025-06-20 15:54:10","2025-06-20 15:54:10",Dev,Dev
984,5835,984,shopee_category_ids,"100839",bahasa_indonesia,"2025-06-20 15:54:10","2025-06-20 15:54:10",Dev,Dev
859,5164,859,meta_description,"Temukan obat Beauty/Hair Care/Shampoo paling lengkap hanya di Halodoc. Konsultasi obat dengan dokter Order obat di Halodoc ? #TenangMenjaga""",bahasa_indonesia,"2024-06-24 11:02:19","2024-06-24 11:02:19",Dev,Dev
859,5167,859,meta_keywords,Produk Beauty/Hair Care/Shampoo Obat Perawatan Halodoc,bahasa_indonesia,"2024-06-24 11:02:19","2024-06-24 11:02:19",Dev,Dev
859,5165,859,name,Beauty/Hair Care/Shampoo,bahasa_indonesia,"2024-06-24 11:02:19","2024-06-24 11:02:19",Dev,Dev
859,5166,859,name,Beauty/Hair Care/Shampoo,english,"2024-06-24 11:02:19","2024-06-24 11:02:19",Dev,Dev
859,5163,859,shopee_category_ids,"100869",bahasa_indonesia,"2024-06-24 11:02:19","2024-06-24 11:02:19",Dev,Dev
991,5869,991,meta_description,Temukan obat Beauty/Hair Care/Hair Colour paling lengkap hanya di Halodoc. Konsultasi obat dengan dokter Order obat di Halodoc ? #TenangMenjaga,bahasa_indonesia,"2025-06-20 15:54:10","2025-06-20 15:54:10",Dev,Dev
991,5873,991,meta_keywords,Produk Beauty/Hair Care/Hair Colour Obat Perawatan Halodoc,bahasa_indonesia,"2025-06-20 15:54:10","2025-06-20 15:54:10",Dev,Dev
991,5872,991,name,Beauty/Hair Care/Hair Colour,bahasa_indonesia,"2025-06-20 15:54:10","2025-06-20 15:54:10",Dev,Dev
991,5871,991,name,Beauty/Hair Care/Hair Colour,english,"2025-06-20 15:54:10","2025-06-20 15:54:10",Dev,Dev
991,5870,991,shopee_category_ids,"100870",bahasa_indonesia,"2025-06-20 15:54:10","2025-06-20 15:54:10",Dev,Dev
860,5169,860,meta_description,"Temukan obat Beauty/Hair Care/Hair Treatment paling lengkap hanya di Halodoc. Konsultasi obat dengan dokter Order obat di Halodoc ? #TenangMenjaga""",bahasa_indonesia,"2024-06-24 11:02:19","2024-06-24 11:02:19",Dev,Dev
860,5172,860,meta_keywords,Produk Beauty/Hair Care/Hair Treatment Obat Perawatan Halodoc,bahasa_indonesia,"2024-06-24 11:02:19","2024-06-24 11:02:19",Dev,Dev
860,5170,860,name,Beauty/Hair Care/Hair Treatment,bahasa_indonesia,"2024-06-24 11:02:19","2024-06-24 11:02:19",Dev,Dev
860,5171,860,name,Beauty/Hair Care/Hair Treatment,english,"2024-06-24 11:02:19","2024-06-24 11:02:19",Dev,Dev
860,5168,860,shopee_category_ids,"100871",bahasa_indonesia,"2024-06-24 11:02:19","2024-06-24 11:02:19",Dev,Dev
995,5889,995,meta_description,Temukan obat Beauty/Hair Care/Hair and Scalp Conditioner paling lengkap hanya di Halodoc. Konsultasi obat dengan dokter Order obat di Halodoc ? #TenangMenjaga,bahasa_indonesia,"2025-06-20 15:54:11","2025-06-20 15:54:11",Dev,Dev
995,5893,995,meta_keywords,Produk Beauty/Hair Care/Hair and Scalp Conditioner Obat Perawatan Halodoc,bahasa_indonesia,"2025-06-20 15:54:11","2025-06-20 15:54:11",Dev,Dev
995,5892,995,name,Beauty/Hair Care/Hair and Scalp Conditioner,bahasa_indonesia,"2025-06-20 15:54:11","2025-06-20 15:54:11",Dev,Dev
995,5891,995,name,Beauty/Hair Care/Hair and Scalp Conditioner,english,"2025-06-20 15:54:11","2025-06-20 15:54:11",Dev,Dev
995,5890,995,shopee_category_ids,"100872",bahasa_indonesia,"2025-06-20 15:54:11","2025-06-20 15:54:11",Dev,Dev
989,5859,989,meta_description,Temukan obat Beauty/Makeup/Makeup Removers paling lengkap hanya di Halodoc. Konsultasi obat dengan dokter Order obat di Halodoc ? #TenangMenjaga,bahasa_indonesia,"2025-06-20 15:54:10","2025-06-20 15:54:10",Dev,Dev
989,5863,989,meta_keywords,Produk Beauty/Makeup/Makeup Removers Obat Perawatan Halodoc,bahasa_indonesia,"2025-06-20 15:54:10","2025-06-20 15:54:10",Dev,Dev
989,5862,989,name,Beauty/Makeup/Makeup Removers,bahasa_indonesia,"2025-06-20 15:54:10","2025-06-20 15:54:10",Dev,Dev
989,5861,989,name,Beauty/Makeup/Makeup Removers,english,"2025-06-20 15:54:10","2025-06-20 15:54:10",Dev,Dev
989,5860,989,shopee_category_ids,"100884",bahasa_indonesia,"2025-06-20 15:54:10","2025-06-20 15:54:10",Dev,Dev
863,5184,863,meta_description,"Temukan obat Beauty/Skincare/Facial Cleanser paling lengkap hanya di Halodoc. Konsultasi obat dengan dokter Order obat di Halodoc ? #TenangMenjaga""",bahasa_indonesia,"2024-06-24 11:02:19","2024-06-24 11:02:19",Dev,Dev
863,5187,863,meta_keywords,Produk Beauty/Skincare/Facial Cleanser Obat Perawatan Halodoc,bahasa_indonesia,"2024-06-24 11:02:19","2024-06-24 11:02:19",Dev,Dev
863,5185,863,name,Beauty/Skincare/Facial Cleanser,bahasa_indonesia,"2024-06-24 11:02:19","2024-06-24 11:02:19",Dev,Dev
863,5186,863,name,Beauty/Skincare/Facial Cleanser,english,"2024-06-24 11:02:19","2024-06-24 11:02:19",Dev,Dev
863,5183,863,shopee_category_ids,"100891",bahasa_indonesia,"2024-06-24 11:02:19","2024-06-24 11:02:19",Dev,Dev
864,5189,864,meta_description,"Temukan obat Beauty/Skincare/Toner paling lengkap hanya di Halodoc. Konsultasi obat dengan dokter Order obat di Halodoc ? #TenangMenjaga""",bahasa_indonesia,"2024-06-24 11:02:19","2024-06-24 11:02:19",Dev,Dev
864,5192,864,meta_keywords,Produk Beauty/Skincare/Toner Obat Perawatan Halodoc,bahasa_indonesia,"2024-06-24 11:02:19","2024-06-24 11:02:19",Dev,Dev
864,5190,864,name,Beauty/Skincare/Toner,bahasa_indonesia,"2024-06-24 11:02:19","2024-06-24 11:02:19",Dev,Dev
864,5191,864,name,Beauty/Skincare/Toner,english,"2024-06-24 11:02:19","2024-06-24 11:02:19",Dev,Dev
864,5188,864,shopee_category_ids,"100892",bahasa_indonesia,"2024-06-24 11:02:19","2024-06-24 11:02:19",Dev,Dev
865,5194,865,meta_description,"Temukan obat Beauty/Skincare/Facial Moisturizer paling lengkap hanya di Halodoc. Konsultasi obat dengan dokter Order obat di Halodoc ? #TenangMenjaga""",bahasa_indonesia,"2024-06-24 11:02:19","2024-06-24 11:02:19",Dev,Dev
865,5197,865,meta_keywords,Produk Beauty/Skincare/Facial Moisturizer Obat Perawatan Halodoc,bahasa_indonesia,"2024-06-24 11:02:19","2024-06-24 11:02:19",Dev,Dev
865,5195,865,name,Beauty/Skincare/Facial Moisturizer,bahasa_indonesia,"2024-06-24 11:02:19","2024-06-24 11:02:19",Dev,Dev
865,5196,865,name,Beauty/Skincare/Facial Moisturizer,english,"2024-06-24 11:02:19","2024-06-24 11:02:19",Dev,Dev
865,5193,865,shopee_category_ids,"100893",bahasa_indonesia,"2024-06-24 11:02:19","2024-06-24 11:02:19",Dev,Dev
988,5854,988,meta_description,Temukan obat Beauty/Skincare/Facial Mist paling lengkap hanya di Halodoc. Konsultasi obat dengan dokter Order obat di Halodoc ? #TenangMenjaga,bahasa_indonesia,"2025-06-20 15:54:10","2025-06-20 15:54:10",Dev,Dev
988,5858,988,meta_keywords,Produk Beauty/Skincare/Facial Mist Obat Perawatan Halodoc,bahasa_indonesia,"2025-06-20 15:54:10","2025-06-20 15:54:10",Dev,Dev
988,5857,988,name,Beauty/Skincare/Facial Mist,bahasa_indonesia,"2025-06-20 15:54:10","2025-06-20 15:54:10",Dev,Dev
988,5856,988,name,Beauty/Skincare/Facial Mist,english,"2025-06-20 15:54:10","2025-06-20 15:54:10",Dev,Dev
988,5855,988,shopee_category_ids,"100895",bahasa_indonesia,"2025-06-20 15:54:10","2025-06-20 15:54:10",Dev,Dev
866,5199,866,meta_description,"Temukan obat Beauty/Skincare/Facial Serum & Essence paling lengkap hanya di Halodoc. Konsultasi obat dengan dokter Order obat di Halodoc ? #TenangMenjaga""",bahasa_indonesia,"2024-06-24 11:02:19","2024-06-24 11:02:19",Dev,Dev
866,5202,866,meta_keywords,Produk Beauty/Skincare/Facial Serum & Essence Obat Perawatan Halodoc,bahasa_indonesia,"2024-06-24 11:02:19","2024-06-24 11:02:19",Dev,Dev
866,5200,866,name,Beauty/Skincare/Facial Serum & Essence,bahasa_indonesia,"2024-06-24 11:02:19","2024-06-24 11:02:19",Dev,Dev
866,5201,866,name,Beauty/Skincare/Facial Serum & Essence,english,"2024-06-24 11:02:19","2024-06-24 11:02:19",Dev,Dev
866,5198,866,shopee_category_ids,"100896",bahasa_indonesia,"2024-06-24 11:02:19","2024-06-24 11:02:19",Dev,Dev
867,5204,867,meta_description,"Temukan obat Beauty/Skincare/Face Scrub & Peel paling lengkap hanya di Halodoc. Konsultasi obat dengan dokter Order obat di Halodoc ? #TenangMenjaga""",bahasa_indonesia,"2024-06-24 11:02:19","2024-06-24 11:02:19",Dev,Dev
867,5207,867,meta_keywords,Produk Beauty/Skincare/Face Scrub & Peel Obat Perawatan Halodoc,bahasa_indonesia,"2024-06-24 11:02:19","2024-06-24 11:02:19",Dev,Dev
867,5205,867,name,Beauty/Skincare/Face Scrub & Peel,bahasa_indonesia,"2024-06-24 11:02:19","2024-06-24 11:02:19",Dev,Dev
867,5206,867,name,Beauty/Skincare/Face Scrub & Peel,english,"2024-06-24 11:02:19","2024-06-24 11:02:19",Dev,Dev
867,5203,867,shopee_category_ids,"100897",bahasa_indonesia,"2024-06-24 11:02:19","2024-06-24 11:02:19",Dev,Dev
992,5874,992,meta_description,Temukan obat Beauty/Skincare/Face Mask & Packs paling lengkap hanya di Halodoc. Konsultasi obat dengan dokter Order obat di Halodoc ? #TenangMenjaga,bahasa_indonesia,"2025-06-20 15:54:10","2025-06-20 15:54:10",Dev,Dev
992,5878,992,meta_keywords,Produk Beauty/Skincare/Face Mask & Packs Obat Perawatan Halodoc,bahasa_indonesia,"2025-06-20 15:54:10","2025-06-20 15:54:10",Dev,Dev
992,5877,992,name,Beauty/Skincare/Face Mask & Packs,bahasa_indonesia,"2025-06-20 15:54:10","2025-06-20 15:54:10",Dev,Dev
992,5876,992,name,Beauty/Skincare/Face Mask & Packs,english,"2025-06-20 15:54:10","2025-06-20 15:54:10",Dev,Dev
992,5875,992,shopee_category_ids,"100898",bahasa_indonesia,"2025-06-20 15:54:10","2025-06-20 15:54:10",Dev,Dev
870,5219,870,meta_description,"Temukan obat Beauty/Skincare/Face Sunscreen paling lengkap hanya di Halodoc. Konsultasi obat dengan dokter Order obat di Halodoc ? #TenangMenjaga""",bahasa_indonesia,"2024-06-24 11:02:19","2024-06-24 11:02:19",Dev,Dev
870,5222,870,meta_keywords,Produk Beauty/Skincare/Face Sunscreen Obat Perawatan Halodoc,bahasa_indonesia,"2024-06-24 11:02:19","2024-06-24 11:02:19",Dev,Dev
870,5220,870,name,Beauty/Skincare/Face Sunscreen,bahasa_indonesia,"2024-06-24 11:02:19","2024-06-24 11:02:19",Dev,Dev
870,5221,870,name,Beauty/Skincare/Face Sunscreen,english,"2024-06-24 11:02:19","2024-06-24 11:02:19",Dev,Dev
870,5218,870,shopee_category_ids,"100901",bahasa_indonesia,"2024-06-24 11:02:19","2024-06-24 11:02:19",Dev,Dev
987,5849,987,meta_description,Temukan obat Beauty/Skincare/After Sun Face Care paling lengkap hanya di Halodoc. Konsultasi obat dengan dokter Order obat di Halodoc ? #TenangMenjaga,bahasa_indonesia,"2025-06-20 15:54:10","2025-06-20 15:54:10",Dev,Dev
987,5853,987,meta_keywords,Produk Beauty/Skincare/After Sun Face Care Obat Perawatan Halodoc,bahasa_indonesia,"2025-06-20 15:54:10","2025-06-20 15:54:10",Dev,Dev
987,5852,987,name,Beauty/Skincare/After Sun Face Care,bahasa_indonesia,"2025-06-20 15:54:10","2025-06-20 15:54:10",Dev,Dev
987,5851,987,name,Beauty/Skincare/After Sun Face Care,english,"2025-06-20 15:54:10","2025-06-20 15:54:10",Dev,Dev
987,5850,987,shopee_category_ids,"100902",bahasa_indonesia,"2025-06-20 15:54:10","2025-06-20 15:54:10",Dev,Dev
1001,5919,1001,meta_description,Temukan obat Beauty/Skincare/Blotting Paper paling lengkap hanya di Halodoc. Konsultasi obat dengan dokter Order obat di Halodoc ? #TenangMenjaga,bahasa_indonesia,"2025-06-20 15:54:11","2025-06-20 15:54:11",Dev,Dev
1001,5923,1001,meta_keywords,Produk Beauty/Skincare/Blotting Paper Obat Perawatan Halodoc,bahasa_indonesia,"2025-06-20 15:54:11","2025-06-20 15:54:11",Dev,Dev
1001,5922,1001,name,Beauty/Skincare/Blotting Paper,bahasa_indonesia,"2025-06-20 15:54:11","2025-06-20 15:54:11",Dev,Dev
1001,5921,1001,name,Beauty/Skincare/Blotting Paper,english,"2025-06-20 15:54:11","2025-06-20 15:54:11",Dev,Dev
1001,5920,1001,shopee_category_ids,"100903",bahasa_indonesia,"2025-06-20 15:54:11","2025-06-20 15:54:11",Dev,Dev
871,5224,871,meta_description,"Temukan obat Beauty/Skincare/Acne Treatment paling lengkap hanya di Halodoc. Konsultasi obat dengan dokter Order obat di Halodoc ? #TenangMenjaga""",bahasa_indonesia,"2024-06-24 11:02:19","2024-06-24 11:02:19",Dev,Dev
871,5227,871,meta_keywords,Produk Beauty/Skincare/Acne Treatment Obat Perawatan Halodoc,bahasa_indonesia,"2024-06-24 11:02:19","2024-06-24 11:02:19",Dev,Dev
871,5225,871,name,Beauty/Skincare/Acne Treatment,bahasa_indonesia,"2024-06-24 11:02:19","2024-06-24 11:02:19",Dev,Dev
871,5226,871,name,Beauty/Skincare/Acne Treatment,english,"2024-06-24 11:02:19","2024-06-24 11:02:19",Dev,Dev
871,5223,871,shopee_category_ids,"100904",bahasa_indonesia,"2024-06-24 11:02:19","2024-06-24 11:02:19",Dev,Dev
872,5229,872,meta_description,"Temukan obat Beauty/Skincare/Others paling lengkap hanya di Halodoc. Konsultasi obat dengan dokter Order obat di Halodoc ? #TenangMenjaga""",bahasa_indonesia,"2024-06-24 11:02:19","2024-06-24 11:02:19",Dev,Dev
872,5232,872,meta_keywords,Produk Beauty/Skincare/Others Obat Perawatan Halodoc,bahasa_indonesia,"2024-06-24 11:02:19","2024-06-24 11:02:19",Dev,Dev
872,5230,872,name,Beauty/Skincare/Others,bahasa_indonesia,"2024-06-24 11:02:19","2024-06-24 11:02:19",Dev,Dev
872,5231,872,name,Beauty/Skincare/Others,english,"2024-06-24 11:02:19","2024-06-24 11:02:19",Dev,Dev
872,5228,872,shopee_category_ids,"100905",bahasa_indonesia,"2024-06-24 11:02:19","2024-06-24 11:02:19",Dev,Dev
948,5654,948,meta_description,Temukan obat Pets/Pet Food/Dog Treats paling lengkap hanya di Halodoc. Konsultasi obat dengan dokter Order obat di Halodoc ? #TenangMenjaga,bahasa_indonesia,"2025-06-20 15:54:09","2025-06-20 15:54:09",Dev,Dev
948,5658,948,meta_keywords,Produk Pets/Pet Food/Dog Treats Obat Perawatan Halodoc,bahasa_indonesia,"2025-06-20 15:54:09","2025-06-20 15:54:09",Dev,Dev
948,5657,948,name,Pets/Pet Food/Dog Treats,bahasa_indonesia,"2025-06-20 15:54:09","2025-06-20 15:54:09",Dev,Dev
948,5656,948,name,Pets/Pet Food/Dog Treats,english,"2025-06-20 15:54:09","2025-06-20 15:54:09",Dev,Dev
948,5655,948,shopee_category_ids,"100907",bahasa_indonesia,"2025-06-20 15:54:09","2025-06-20 15:54:09",Dev,Dev
947,5649,947,meta_description,Temukan obat Pets/Pet Healthcare/Vitamins & Supplements paling lengkap hanya di Halodoc. Konsultasi obat dengan dokter Order obat di Halodoc ? #TenangMenjaga,bahasa_indonesia,"2025-06-20 15:54:09","2025-06-20 15:54:09",Dev,Dev
947,5653,947,meta_keywords,Produk Pets/Pet Healthcare/Vitamins & Supplements Obat Perawatan Halodoc,bahasa_indonesia,"2025-06-20 15:54:09","2025-06-20 15:54:09",Dev,Dev
947,5652,947,name,Pets/Pet Healthcare/Vitamins & Supplements,bahasa_indonesia,"2025-06-20 15:54:09","2025-06-20 15:54:09",Dev,Dev
947,5651,947,name,Pets/Pet Healthcare/Vitamins & Supplements,english,"2025-06-20 15:54:09","2025-06-20 15:54:09",Dev,Dev
947,5650,947,shopee_category_ids,"100944",bahasa_indonesia,"2025-06-20 15:54:09","2025-06-20 15:54:09",Dev,Dev
959,5709,959,meta_description,Temukan obat Mom & Baby/Feeding Essentials/Pacifiers paling lengkap hanya di Halodoc. Konsultasi obat dengan dokter Order obat di Halodoc ? #TenangMenjaga,bahasa_indonesia,"2025-06-20 15:54:09","2025-06-20 15:54:09",Dev,Dev
959,5713,959,meta_keywords,Produk Mom & Baby/Feeding Essentials/Pacifiers Obat Perawatan Halodoc,bahasa_indonesia,"2025-06-20 15:54:09","2025-06-20 15:54:09",Dev,Dev
959,5712,959,name,Mom & Baby/Feeding Essentials/Pacifiers,bahasa_indonesia,"2025-06-20 15:54:09","2025-06-20 15:54:09",Dev,Dev
959,5711,959,name,Mom & Baby/Feeding Essentials/Pacifiers,english,"2025-06-20 15:54:09","2025-06-20 15:54:09",Dev,Dev
959,5710,959,shopee_category_ids,"100958",bahasa_indonesia,"2025-06-20 15:54:09","2025-06-20 15:54:09",Dev,Dev
878,5259,878,meta_description,"Temukan obat Mom & Baby/Maternity Healthcare/Maternity Vitamins & Supplement paling lengkap hanya di Halodoc. Konsultasi obat dengan dokter Order obat di Halodoc ? #TenangMenjaga""",bahasa_indonesia,"2024-06-24 11:02:20","2024-06-24 11:02:20",Dev,Dev
878,5262,878,meta_keywords,Produk Mom & Baby/Maternity Healthcare/Maternity Vitamins & Supplement Obat Perawatan Halodoc,bahasa_indonesia,"2024-06-24 11:02:20","2024-06-24 11:02:20",Dev,Dev
878,5260,878,name,Mom & Baby/Maternity Healthcare/Maternity Vitamins & Supplement,bahasa_indonesia,"2024-06-24 11:02:20","2024-06-24 11:02:20",Dev,Dev
878,5261,878,name,Mom & Baby/Maternity Healthcare/Maternity Vitamins & Supplement,english,"2024-06-24 11:02:20","2024-06-24 11:02:20",Dev,Dev
878,5258,878,shopee_category_ids,"100965",bahasa_indonesia,"2024-06-24 11:02:20","2024-06-24 11:02:20",Dev,Dev
978,5804,978,meta_description,Temukan obat Mom & Baby/Maternity Healthcare/Moisturizers & Creams paling lengkap hanya di Halodoc. Konsultasi obat dengan dokter Order obat di Halodoc ? #TenangMenjaga,bahasa_indonesia,"2025-06-20 15:54:10","2025-06-20 15:54:10",Dev,Dev
978,5808,978,meta_keywords,Produk Mom & Baby/Maternity Healthcare/Moisturizers & Creams Obat Perawatan Halodoc,bahasa_indonesia,"2025-06-20 15:54:10","2025-06-20 15:54:10",Dev,Dev
978,5807,978,name,Mom & Baby/Maternity Healthcare/Moisturizers & Creams,bahasa_indonesia,"2025-06-20 15:54:10","2025-06-20 15:54:10",Dev,Dev
978,5806,978,name,Mom & Baby/Maternity Healthcare/Moisturizers & Creams,english,"2025-06-20 15:54:10","2025-06-20 15:54:10",Dev,Dev
978,5805,978,shopee_category_ids,"100966",bahasa_indonesia,"2025-06-20 15:54:10","2025-06-20 15:54:10",Dev,Dev
879,5264,879,meta_description,"Temukan obat Mom & Baby/Bath & Body Care/Hair Care & Body Wash paling lengkap hanya di Halodoc. Konsultasi obat dengan dokter Order obat di Halodoc ? #TenangMenjaga""",bahasa_indonesia,"2024-06-24 11:02:20","2024-06-24 11:02:20",Dev,Dev
879,5267,879,meta_keywords,Produk Mom & Baby/Bath & Body Care/Hair Care & Body Wash Obat Perawatan Halodoc,bahasa_indonesia,"2024-06-24 11:02:20","2024-06-24 11:02:20",Dev,Dev
879,5265,879,name,Mom & Baby/Bath & Body Care/Hair Care & Body Wash,bahasa_indonesia,"2024-06-24 11:02:20","2024-06-24 11:02:20",Dev,Dev
879,5266,879,name,Mom & Baby/Bath & Body Care/Hair Care & Body Wash,english,"2024-06-24 11:02:20","2024-06-24 11:02:20",Dev,Dev
879,5263,879,shopee_category_ids,"100972",bahasa_indonesia,"2024-06-24 11:02:20","2024-06-24 11:02:20",Dev,Dev
964,5734,964,meta_description,Temukan obat Mom & Baby/Bath & Body Care/Baby Colognes & Fragrances paling lengkap hanya di Halodoc. Konsultasi obat dengan dokter Order obat di Halodoc ? #TenangMenjaga,bahasa_indonesia,"2025-06-20 15:54:09","2025-06-20 15:54:09",Dev,Dev
964,5738,964,meta_keywords,Produk Mom & Baby/Bath & Body Care/Baby Colognes & Fragrances Obat Perawatan Halodoc,bahasa_indonesia,"2025-06-20 15:54:09","2025-06-20 15:54:09",Dev,Dev
964,5737,964,name,Mom & Baby/Bath & Body Care/Baby Colognes & Fragrances,bahasa_indonesia,"2025-06-20 15:54:09","2025-06-20 15:54:09",Dev,Dev
964,5736,964,name,Mom & Baby/Bath & Body Care/Baby Colognes & Fragrances,english,"2025-06-20 15:54:09","2025-06-20 15:54:09",Dev,Dev
964,5735,964,shopee_category_ids,"100973",bahasa_indonesia,"2025-06-20 15:54:09","2025-06-20 15:54:09",Dev,Dev
974,5784,974,meta_description,Temukan obat Mom & Baby/Bath & Body Care/Baby Grooming Tools paling lengkap hanya di Halodoc. Konsultasi obat dengan dokter Order obat di Halodoc ? #TenangMenjaga,bahasa_indonesia,"2025-06-20 15:54:10","2025-06-20 15:54:10",Dev,Dev
974,5788,974,meta_keywords,Produk Mom & Baby/Bath & Body Care/Baby Grooming Tools Obat Perawatan Halodoc,bahasa_indonesia,"2025-06-20 15:54:10","2025-06-20 15:54:10",Dev,Dev
974,5787,974,name,Mom & Baby/Bath & Body Care/Baby Grooming Tools,bahasa_indonesia,"2025-06-20 15:54:10","2025-06-20 15:54:10",Dev,Dev
974,5786,974,name,Mom & Baby/Bath & Body Care/Baby Grooming Tools,english,"2025-06-20 15:54:10","2025-06-20 15:54:10",Dev,Dev
974,5785,974,shopee_category_ids,"100974",bahasa_indonesia,"2025-06-20 15:54:10","2025-06-20 15:54:10",Dev,Dev
957,5699,957,meta_description,Temukan obat Mom & Baby/Bath & Body Care/Wipes paling lengkap hanya di Halodoc. Konsultasi obat dengan dokter Order obat di Halodoc ? #TenangMenjaga,bahasa_indonesia,"2025-06-20 15:54:09","2025-06-20 15:54:09",Dev,Dev
957,5703,957,meta_keywords,Produk Mom & Baby/Bath & Body Care/Wipes Obat Perawatan Halodoc,bahasa_indonesia,"2025-06-20 15:54:09","2025-06-20 15:54:09",Dev,Dev
957,5702,957,name,Mom & Baby/Bath & Body Care/Wipes,bahasa_indonesia,"2025-06-20 15:54:09","2025-06-20 15:54:09",Dev,Dev
957,5701,957,name,Mom & Baby/Bath & Body Care/Wipes,english,"2025-06-20 15:54:09","2025-06-20 15:54:09",Dev,Dev
957,5700,957,shopee_category_ids,"100975",bahasa_indonesia,"2025-06-20 15:54:09","2025-06-20 15:54:09",Dev,Dev
955,5689,955,meta_description,Temukan obat Mom & Baby/Bath & Body Care/Baby Laundry Detergent paling lengkap hanya di Halodoc. Konsultasi obat dengan dokter Order obat di Halodoc ? #TenangMenjaga,bahasa_indonesia,"2025-06-20 15:54:09","2025-06-20 15:54:09",Dev,Dev
955,5693,955,meta_keywords,Produk Mom & Baby/Bath & Body Care/Baby Laundry Detergent Obat Perawatan Halodoc,bahasa_indonesia,"2025-06-20 15:54:09","2025-06-20 15:54:09",Dev,Dev
955,5692,955,name,Mom & Baby/Bath & Body Care/Baby Laundry Detergent,bahasa_indonesia,"2025-06-20 15:54:09","2025-06-20 15:54:09",Dev,Dev
955,5691,955,name,Mom & Baby/Bath & Body Care/Baby Laundry Detergent,english,"2025-06-20 15:54:09","2025-06-20 15:54:09",Dev,Dev
955,5690,955,shopee_category_ids,"100976",bahasa_indonesia,"2025-06-20 15:54:09","2025-06-20 15:54:09",Dev,Dev
954,5684,954,meta_description,Temukan obat Mom & Baby/Bath & Body Care/Others paling lengkap hanya di Halodoc. Konsultasi obat dengan dokter Order obat di Halodoc ? #TenangMenjaga,bahasa_indonesia,"2025-06-20 15:54:09","2025-06-20 15:54:09",Dev,Dev
954,5688,954,meta_keywords,Produk Mom & Baby/Bath & Body Care/Others Obat Perawatan Halodoc,bahasa_indonesia,"2025-06-20 15:54:09","2025-06-20 15:54:09",Dev,Dev
954,5687,954,name,Mom & Baby/Bath & Body Care/Others,bahasa_indonesia,"2025-06-20 15:54:09","2025-06-20 15:54:09",Dev,Dev
954,5686,954,name,Mom & Baby/Bath & Body Care/Others,english,"2025-06-20 15:54:09","2025-06-20 15:54:09",Dev,Dev
954,5685,954,shopee_category_ids,"100977",bahasa_indonesia,"2025-06-20 15:54:09","2025-06-20 15:54:09",Dev,Dev
880,5269,880,meta_description,"Temukan obat Mom & Baby/Milk Formula & Baby Food/Milk Formula paling lengkap hanya di Halodoc. Konsultasi obat dengan dokter Order obat di Halodoc ? #TenangMenjaga""",bahasa_indonesia,"2024-06-24 11:02:20","2024-06-24 11:02:20",Dev,Dev
880,5272,880,meta_keywords,Produk Mom & Baby/Milk Formula & Baby Food/Milk Formula Obat Perawatan Halodoc,bahasa_indonesia,"2024-06-24 11:02:20","2024-06-24 11:02:20",Dev,Dev
880,5270,880,name,Mom & Baby/Milk Formula & Baby Food/Milk Formula,bahasa_indonesia,"2024-06-24 11:02:20","2024-06-24 11:02:20",Dev,Dev
880,5271,880,name,Mom & Baby/Milk Formula & Baby Food/Milk Formula,english,"2024-06-24 11:02:20","2024-06-24 11:02:20",Dev,Dev
880,5268,880,shopee_category_ids,"100991",bahasa_indonesia,"2024-06-24 11:02:20","2024-06-24 11:02:20",Dev,Dev
961,5719,961,meta_description,"Temukan obat Mom & Baby/Milk Formula & Baby Food/Baby Porridge, Puree & Cereal paling lengkap hanya di Halodoc. Konsultasi obat dengan dokter Order obat di Halodoc ? #TenangMenjaga",bahasa_indonesia,"2025-06-20 15:54:09","2025-06-20 15:54:09",Dev,Dev
961,5723,961,meta_keywords,"Produk Mom & Baby/Milk Formula & Baby Food/Baby Porridge, Puree & Cereal Obat Perawatan Halodoc",bahasa_indonesia,"2025-06-20 15:54:09","2025-06-20 15:54:09",Dev,Dev
961,5722,961,name,"Mom & Baby/Milk Formula & Baby Food/Baby Porridge, Puree & Cereal",bahasa_indonesia,"2025-06-20 15:54:09","2025-06-20 15:54:09",Dev,Dev
961,5721,961,name,"Mom & Baby/Milk Formula & Baby Food/Baby Porridge, Puree & Cereal",english,"2025-06-20 15:54:09","2025-06-20 15:54:09",Dev,Dev
961,5720,961,shopee_category_ids,"100992",bahasa_indonesia,"2025-06-20 15:54:09","2025-06-20 15:54:09",Dev,Dev
970,5764,970,meta_description,Temukan obat Mom & Baby/Milk Formula & Baby Food/Baby Snack paling lengkap hanya di Halodoc. Konsultasi obat dengan dokter Order obat di Halodoc ? #TenangMenjaga,bahasa_indonesia,"2025-06-20 15:54:10","2025-06-20 15:54:10",Dev,Dev
970,5768,970,meta_keywords,Produk Mom & Baby/Milk Formula & Baby Food/Baby Snack Obat Perawatan Halodoc,bahasa_indonesia,"2025-06-20 15:54:10","2025-06-20 15:54:10",Dev,Dev
970,5767,970,name,Mom & Baby/Milk Formula & Baby Food/Baby Snack,bahasa_indonesia,"2025-06-20 15:54:10","2025-06-20 15:54:10",Dev,Dev
970,5766,970,name,Mom & Baby/Milk Formula & Baby Food/Baby Snack,english,"2025-06-20 15:54:10","2025-06-20 15:54:10",Dev,Dev
970,5765,970,shopee_category_ids,"100993",bahasa_indonesia,"2025-06-20 15:54:10","2025-06-20 15:54:10",Dev,Dev
881,5274,881,meta_description,"Temukan obat Mom & Baby/Milk Formula & Baby Food/Others paling lengkap hanya di Halodoc. Konsultasi obat dengan dokter Order obat di Halodoc ? #TenangMenjaga""",bahasa_indonesia,"2024-06-24 11:02:20","2024-06-24 11:02:20",Dev,Dev
881,5277,881,meta_keywords,Produk Mom & Baby/Milk Formula & Baby Food/Others Obat Perawatan Halodoc,bahasa_indonesia,"2024-06-24 11:02:20","2024-06-24 11:02:20",Dev,Dev
881,5275,881,name,Mom & Baby/Milk Formula & Baby Food/Others,bahasa_indonesia,"2024-06-24 11:02:20","2024-06-24 11:02:20",Dev,Dev
881,5276,881,name,Mom & Baby/Milk Formula & Baby Food/Others,english,"2024-06-24 11:02:20","2024-06-24 11:02:20",Dev,Dev
881,5273,881,shopee_category_ids,"100994",bahasa_indonesia,"2024-06-24 11:02:20","2024-06-24 11:02:20",Dev,Dev
882,5279,882,meta_description,"Temukan obat Mom & Baby/Baby Healthcare/Baby Vitamins & Supplements paling lengkap hanya di Halodoc. Konsultasi obat dengan dokter Order obat di Halodoc ? #TenangMenjaga""",bahasa_indonesia,"2024-06-24 11:02:20","2024-06-24 11:02:20",Dev,Dev
882,5282,882,meta_keywords,Produk Mom & Baby/Baby Healthcare/Baby Vitamins & Supplements Obat Perawatan Halodoc,bahasa_indonesia,"2024-06-24 11:02:20","2024-06-24 11:02:20",Dev,Dev
882,5280,882,name,Mom & Baby/Baby Healthcare/Baby Vitamins & Supplements,bahasa_indonesia,"2024-06-24 11:02:20","2024-06-24 11:02:20",Dev,Dev
882,5281,882,name,Mom & Baby/Baby Healthcare/Baby Vitamins & Supplements,english,"2024-06-24 11:02:20","2024-06-24 11:02:20",Dev,Dev
882,5278,882,shopee_category_ids,"100995",bahasa_indonesia,"2024-06-24 11:02:20","2024-06-24 11:02:20",Dev,Dev
890,5317,890,meta_description,Temukan obat Mom & Baby/Baby Healthcare/Nasal Care paling lengkap hanya di Halodoc. Konsultasi obat dengan dokter Order obat di Halodoc ? #TenangMenjaga,bahasa_indonesia,"2024-06-25 13:47:48","2024-06-25 13:47:48",CC Token,CC Token
890,5316,890,meta_keywords,Produk Mom & Baby/Baby Healthcare/Nasal Care Obat Perawatan Halodoc,bahasa_indonesia,"2024-06-25 13:47:48","2024-06-25 13:47:48",CC Token,CC Token
890,5321,890,meta_title,Mom & Baby/Baby Healthcare/Nasal Care,bahasa_indonesia,"2024-06-25 13:47:48","2024-06-25 13:47:48",CC Token,CC Token
890,5315,890,name,Mom & Baby/Baby Healthcare/Nasal Care,bahasa_indonesia,"2024-06-25 13:47:48","2024-06-25 13:47:48",CC Token,CC Token
890,5318,890,name,Mom & Baby/Baby Healthcare/Nasal Care,english,"2024-06-25 13:47:48","2024-06-25 13:47:48",CC Token,CC Token
890,5320,890,seo_url,"",bahasa_indonesia,"2024-06-25 13:47:48","2024-06-25 13:47:48",CC Token,CC Token
890,5319,890,shopee_category_ids,"100996",bahasa_indonesia,"2024-06-25 13:47:48","2024-06-25 13:47:48",CC Token,CC Token
958,5704,958,meta_description,Temukan obat Mom & Baby/Baby Healthcare/Baby Oral Care paling lengkap hanya di Halodoc. Konsultasi obat dengan dokter Order obat di Halodoc ? #TenangMenjaga,bahasa_indonesia,"2025-06-20 15:54:09","2025-06-20 15:54:09",Dev,Dev
958,5708,958,meta_keywords,Produk Mom & Baby/Baby Healthcare/Baby Oral Care Obat Perawatan Halodoc,bahasa_indonesia,"2025-06-20 15:54:09","2025-06-20 15:54:09",Dev,Dev
958,5707,958,name,Mom & Baby/Baby Healthcare/Baby Oral Care,bahasa_indonesia,"2025-06-20 15:54:09","2025-06-20 15:54:09",Dev,Dev
958,5706,958,name,Mom & Baby/Baby Healthcare/Baby Oral Care,english,"2025-06-20 15:54:09","2025-06-20 15:54:09",Dev,Dev
958,5705,958,shopee_category_ids,"100998",bahasa_indonesia,"2025-06-20 15:54:09","2025-06-20 15:54:09",Dev,Dev
977,5799,977,meta_description,Temukan obat Mom & Baby/Baby Healthcare/Sun Care paling lengkap hanya di Halodoc. Konsultasi obat dengan dokter Order obat di Halodoc ? #TenangMenjaga,bahasa_indonesia,"2025-06-20 15:54:10","2025-06-20 15:54:10",Dev,Dev
977,5803,977,meta_keywords,Produk Mom & Baby/Baby Healthcare/Sun Care Obat Perawatan Halodoc,bahasa_indonesia,"2025-06-20 15:54:10","2025-06-20 15:54:10",Dev,Dev
977,5802,977,name,Mom & Baby/Baby Healthcare/Sun Care,bahasa_indonesia,"2025-06-20 15:54:10","2025-06-20 15:54:10",Dev,Dev
977,5801,977,name,Mom & Baby/Baby Healthcare/Sun Care,english,"2025-06-20 15:54:10","2025-06-20 15:54:10",Dev,Dev
977,5800,977,shopee_category_ids,"100999",bahasa_indonesia,"2025-06-20 15:54:10","2025-06-20 15:54:10",Dev,Dev
886,5299,886,meta_description,"Temukan obat Mom & Baby/Baby Healthcare/Others paling lengkap hanya di Halodoc. Konsultasi obat dengan dokter Order obat di Halodoc ? #TenangMenjaga""",bahasa_indonesia,"2024-06-24 11:02:20","2024-06-24 11:02:20",Dev,Dev
886,5302,886,meta_keywords,Produk Mom & Baby/Baby Healthcare/Others Obat Perawatan Halodoc,bahasa_indonesia,"2024-06-24 11:02:20","2024-06-24 11:02:20",Dev,Dev
886,5300,886,name,Mom & Baby/Baby Healthcare/Others,bahasa_indonesia,"2024-06-24 11:02:20","2024-06-24 11:02:20",Dev,Dev
886,5301,886,name,Mom & Baby/Baby Healthcare/Others,english,"2024-06-24 11:02:20","2024-06-24 11:02:20",Dev,Dev
886,5298,886,shopee_category_ids,"101000",bahasa_indonesia,"2024-06-24 11:02:20","2024-06-24 11:02:20",Dev,Dev
963,5729,963,meta_description,Temukan obat Mom & Baby/Diapering & Potty/Disposable Diapers paling lengkap hanya di Halodoc. Konsultasi obat dengan dokter Order obat di Halodoc ? #TenangMenjaga,bahasa_indonesia,"2025-06-20 15:54:09","2025-06-20 15:54:09",Dev,Dev
963,5733,963,meta_keywords,Produk Mom & Baby/Diapering & Potty/Disposable Diapers Obat Perawatan Halodoc,bahasa_indonesia,"2025-06-20 15:54:09","2025-06-20 15:54:09",Dev,Dev
963,5732,963,name,Mom & Baby/Diapering & Potty/Disposable Diapers,bahasa_indonesia,"2025-06-20 15:54:09","2025-06-20 15:54:09",Dev,Dev
963,5731,963,name,Mom & Baby/Diapering & Potty/Disposable Diapers,english,"2025-06-20 15:54:09","2025-06-20 15:54:09",Dev,Dev
963,5730,963,shopee_category_ids,"101003",bahasa_indonesia,"2025-06-20 15:54:09","2025-06-20 15:54:09",Dev,Dev
972,5774,972,meta_description,Temukan obat Mom & Baby/Diapering & Potty/Cloth Diapers & Accessories paling lengkap hanya di Halodoc. Konsultasi obat dengan dokter Order obat di Halodoc ? #TenangMenjaga,bahasa_indonesia,"2025-06-20 15:54:10","2025-06-20 15:54:10",Dev,Dev
972,5778,972,meta_keywords,Produk Mom & Baby/Diapering & Potty/Cloth Diapers & Accessories Obat Perawatan Halodoc,bahasa_indonesia,"2025-06-20 15:54:10","2025-06-20 15:54:10",Dev,Dev
972,5777,972,name,Mom & Baby/Diapering & Potty/Cloth Diapers & Accessories,bahasa_indonesia,"2025-06-20 15:54:10","2025-06-20 15:54:10",Dev,Dev
972,5776,972,name,Mom & Baby/Diapering & Potty/Cloth Diapers & Accessories,english,"2025-06-20 15:54:10","2025-06-20 15:54:10",Dev,Dev
972,5775,972,shopee_category_ids,"101004",bahasa_indonesia,"2025-06-20 15:54:10","2025-06-20 15:54:10",Dev,Dev
973,5779,973,meta_description,Temukan obat Home & Living/Home Fragrance & Aromatherapy/Essential Oils paling lengkap hanya di Halodoc. Konsultasi obat dengan dokter Order obat di Halodoc ? #TenangMenjaga,bahasa_indonesia,"2025-06-20 15:54:10","2025-06-20 15:54:10",Dev,Dev
973,5783,973,meta_keywords,Produk Home & Living/Home Fragrance & Aromatherapy/Essential Oils Obat Perawatan Halodoc,bahasa_indonesia,"2025-06-20 15:54:10","2025-06-20 15:54:10",Dev,Dev
973,5782,973,name,Home & Living/Home Fragrance & Aromatherapy/Essential Oils,bahasa_indonesia,"2025-06-20 15:54:10","2025-06-20 15:54:10",Dev,Dev
973,5781,973,name,Home & Living/Home Fragrance & Aromatherapy/Essential Oils,english,"2025-06-20 15:54:10","2025-06-20 15:54:10",Dev,Dev
973,5780,973,shopee_category_ids,"101128",bahasa_indonesia,"2025-06-20 15:54:10","2025-06-20 15:54:10",Dev,Dev
967,5749,967,meta_description,Temukan obat Home & Living/Gardening/Fertilizer paling lengkap hanya di Halodoc. Konsultasi obat dengan dokter Order obat di Halodoc ? #TenangMenjaga,bahasa_indonesia,"2025-06-20 15:54:10","2025-06-20 15:54:10",Dev,Dev
967,5753,967,meta_keywords,Produk Home & Living/Gardening/Fertilizer Obat Perawatan Halodoc,bahasa_indonesia,"2025-06-20 15:54:10","2025-06-20 15:54:10",Dev,Dev
967,5752,967,name,Home & Living/Gardening/Fertilizer,bahasa_indonesia,"2025-06-20 15:54:10","2025-06-20 15:54:10",Dev,Dev
967,5751,967,name,Home & Living/Gardening/Fertilizer,english,"2025-06-20 15:54:10","2025-06-20 15:54:10",Dev,Dev
967,5750,967,shopee_category_ids,"101179",bahasa_indonesia,"2025-06-20 15:54:10","2025-06-20 15:54:10",Dev,Dev
996,5894,996,meta_description,Temukan obat Home & Living/Home Care Supplies/Tissue & Paper Towels paling lengkap hanya di Halodoc. Konsultasi obat dengan dokter Order obat di Halodoc ? #TenangMenjaga,bahasa_indonesia,"2025-06-20 15:54:11","2025-06-20 15:54:11",Dev,Dev
996,5898,996,meta_keywords,Produk Home & Living/Home Care Supplies/Tissue & Paper Towels Obat Perawatan Halodoc,bahasa_indonesia,"2025-06-20 15:54:11","2025-06-20 15:54:11",Dev,Dev
996,5897,996,name,Home & Living/Home Care Supplies/Tissue & Paper Towels,bahasa_indonesia,"2025-06-20 15:54:11","2025-06-20 15:54:11",Dev,Dev
996,5896,996,name,Home & Living/Home Care Supplies/Tissue & Paper Towels,english,"2025-06-20 15:54:11","2025-06-20 15:54:11",Dev,Dev
996,5895,996,shopee_category_ids,"101211",bahasa_indonesia,"2025-06-20 15:54:11","2025-06-20 15:54:11",Dev,Dev
946,5644,946,meta_description,"Temukan obat Tickets, Vouchers & Services/Services/Others paling lengkap hanya di Halodoc. Konsultasi obat dengan dokter Order obat di Halodoc ? #TenangMenjaga",bahasa_indonesia,"2025-06-20 15:54:08","2025-06-20 15:54:08",Dev,Dev
946,5648,946,meta_keywords,"Produk Tickets, Vouchers & Services/Services/Others Obat Perawatan Halodoc",bahasa_indonesia,"2025-06-20 15:54:08","2025-06-20 15:54:08",Dev,Dev
946,5647,946,name,"Tickets, Vouchers & Services/Services/Others",bahasa_indonesia,"2025-06-20 15:54:08","2025-06-20 15:54:08",Dev,Dev
946,5646,946,name,"Tickets, Vouchers & Services/Services/Others",english,"2025-06-20 15:54:08","2025-06-20 15:54:08",Dev,Dev
946,5645,946,shopee_category_ids,"101514",bahasa_indonesia,"2025-06-20 15:54:08","2025-06-20 15:54:08",Dev,Dev
857,5154,857,meta_description,"Temukan obat Food & Beverages/Dairy & Eggs/Milk/UHT Milk paling lengkap hanya di Halodoc. Konsultasi obat dengan dokter Order obat di Halodoc ? #TenangMenjaga""",bahasa_indonesia,"2024-06-24 11:02:19","2024-06-24 11:02:19",Dev,Dev
857,5157,857,meta_keywords,Produk Food & Beverages/Dairy & Eggs/Milk/UHT Milk Obat Perawatan Halodoc,bahasa_indonesia,"2024-06-24 11:02:19","2024-06-24 11:02:19",Dev,Dev
857,5155,857,name,Food & Beverages/Dairy & Eggs/Milk/UHT Milk,bahasa_indonesia,"2024-06-24 11:02:19","2024-06-24 11:02:19",Dev,Dev
857,5156,857,name,Food & Beverages/Dairy & Eggs/Milk/UHT Milk,english,"2024-06-24 11:02:19","2024-06-24 11:02:19",Dev,Dev
857,5153,857,shopee_category_ids,"101594",bahasa_indonesia,"2024-06-24 11:02:19","2024-06-24 11:02:19",Dev,Dev
858,5159,858,meta_description,"Temukan obat Food & Beverages/Dairy & Eggs/Milk/Powdered Milk paling lengkap hanya di Halodoc. Konsultasi obat dengan dokter Order obat di Halodoc ? #TenangMenjaga""",bahasa_indonesia,"2024-06-24 11:02:19","2024-06-24 11:02:19",Dev,Dev
858,5162,858,meta_keywords,Produk Food & Beverages/Dairy & Eggs/Milk/Powdered Milk Obat Perawatan Halodoc,bahasa_indonesia,"2024-06-24 11:02:19","2024-06-24 11:02:19",Dev,Dev
858,5160,858,name,Food & Beverages/Dairy & Eggs/Milk/Powdered Milk,bahasa_indonesia,"2024-06-24 11:02:19","2024-06-24 11:02:19",Dev,Dev
858,5161,858,name,Food & Beverages/Dairy & Eggs/Milk/Powdered Milk,english,"2024-06-24 11:02:19","2024-06-24 11:02:19",Dev,Dev
858,5158,858,shopee_category_ids,"101596",bahasa_indonesia,"2024-06-24 11:02:19","2024-06-24 11:02:19",Dev,Dev
985,5839,985,meta_description,"Temukan obat Beauty/Hand, Foot & Nail Care/Hand Care/Hand Washes paling lengkap hanya di Halodoc. Konsultasi obat dengan dokter Order obat di Halodoc ? #TenangMenjaga",bahasa_indonesia,"2025-06-20 15:54:10","2025-06-20 15:54:10",Dev,Dev
985,5843,985,meta_keywords,"Produk Beauty/Hand, Foot & Nail Care/Hand Care/Hand Washes Obat Perawatan Halodoc",bahasa_indonesia,"2025-06-20 15:54:10","2025-06-20 15:54:10",Dev,Dev
985,5842,985,name,"Beauty/Hand, Foot & Nail Care/Hand Care/Hand Washes",bahasa_indonesia,"2025-06-20 15:54:10","2025-06-20 15:54:10",Dev,Dev
985,5841,985,name,"Beauty/Hand, Foot & Nail Care/Hand Care/Hand Washes",english,"2025-06-20 15:54:10","2025-06-20 15:54:10",Dev,Dev
985,5840,985,shopee_category_ids,"101609",bahasa_indonesia,"2025-06-20 15:54:10","2025-06-20 15:54:10",Dev,Dev
990,5864,990,meta_description,"Temukan obat Beauty/Hand, Foot & Nail Care/Foot Care/Lotion, Cream & Scrubs paling lengkap hanya di Halodoc. Konsultasi obat dengan dokter Order obat di Halodoc ? #TenangMenjaga",bahasa_indonesia,"2025-06-20 15:54:10","2025-06-20 15:54:10",Dev,Dev
990,5868,990,meta_keywords,"Produk Beauty/Hand, Foot & Nail Care/Foot Care/Lotion, Cream & Scrubs Obat Perawatan Halodoc",bahasa_indonesia,"2025-06-20 15:54:10","2025-06-20 15:54:10",Dev,Dev
990,5867,990,name,"Beauty/Hand, Foot & Nail Care/Foot Care/Lotion, Cream & Scrubs",bahasa_indonesia,"2025-06-20 15:54:10","2025-06-20 15:54:10",Dev,Dev
990,5866,990,name,"Beauty/Hand, Foot & Nail Care/Foot Care/Lotion, Cream & Scrubs",english,"2025-06-20 15:54:10","2025-06-20 15:54:10",Dev,Dev
990,5865,990,shopee_category_ids,"101613",bahasa_indonesia,"2025-06-20 15:54:10","2025-06-20 15:54:10",Dev,Dev
994,5884,994,meta_description,Temukan obat Beauty/Makeup/Face/BB & CC Cream paling lengkap hanya di Halodoc. Konsultasi obat dengan dokter Order obat di Halodoc ? #TenangMenjaga,bahasa_indonesia,"2025-06-20 15:54:11","2025-06-20 15:54:11",Dev,Dev
994,5888,994,meta_keywords,Produk Beauty/Makeup/Face/BB & CC Cream Obat Perawatan Halodoc,bahasa_indonesia,"2025-06-20 15:54:11","2025-06-20 15:54:11",Dev,Dev
994,5887,994,name,Beauty/Makeup/Face/BB & CC Cream,bahasa_indonesia,"2025-06-20 15:54:11","2025-06-20 15:54:11",Dev,Dev
994,5886,994,name,Beauty/Makeup/Face/BB & CC Cream,english,"2025-06-20 15:54:11","2025-06-20 15:54:11",Dev,Dev
994,5885,994,shopee_category_ids,"101629",bahasa_indonesia,"2025-06-20 15:54:11","2025-06-20 15:54:11",Dev,Dev
861,5174,861,meta_description,"Temukan obat Beauty/Makeup/Face/Powder paling lengkap hanya di Halodoc. Konsultasi obat dengan dokter Order obat di Halodoc ? #TenangMenjaga""",bahasa_indonesia,"2024-06-24 11:02:19","2024-06-24 11:02:19",Dev,Dev
861,5177,861,meta_keywords,Produk Beauty/Makeup/Face/Powder Obat Perawatan Halodoc,bahasa_indonesia,"2024-06-24 11:02:19","2024-06-24 11:02:19",Dev,Dev
861,5175,861,name,Beauty/Makeup/Face/Powder,bahasa_indonesia,"2024-06-24 11:02:19","2024-06-24 11:02:19",Dev,Dev
861,5176,861,name,Beauty/Makeup/Face/Powder,english,"2024-06-24 11:02:19","2024-06-24 11:02:19",Dev,Dev
861,5173,861,shopee_category_ids,"101630",bahasa_indonesia,"2024-06-24 11:02:19","2024-06-24 11:02:19",Dev,Dev
998,5904,998,meta_description,Temukan obat Beauty/Makeup/Eyes/Eyebrows paling lengkap hanya di Halodoc. Konsultasi obat dengan dokter Order obat di Halodoc ? #TenangMenjaga,bahasa_indonesia,"2025-06-20 15:54:11","2025-06-20 15:54:11",Dev,Dev
998,5908,998,meta_keywords,Produk Beauty/Makeup/Eyes/Eyebrows Obat Perawatan Halodoc,bahasa_indonesia,"2025-06-20 15:54:11","2025-06-20 15:54:11",Dev,Dev
998,5907,998,name,Beauty/Makeup/Eyes/Eyebrows,bahasa_indonesia,"2025-06-20 15:54:11","2025-06-20 15:54:11",Dev,Dev
998,5906,998,name,Beauty/Makeup/Eyes/Eyebrows,english,"2025-06-20 15:54:11","2025-06-20 15:54:11",Dev,Dev
998,5905,998,shopee_category_ids,"101640",bahasa_indonesia,"2025-06-20 15:54:11","2025-06-20 15:54:11",Dev,Dev
986,5844,986,meta_description,Temukan obat Beauty/Makeup/Lips/Lipstick paling lengkap hanya di Halodoc. Konsultasi obat dengan dokter Order obat di Halodoc ? #TenangMenjaga,bahasa_indonesia,"2025-06-20 15:54:10","2025-06-20 15:54:10",Dev,Dev
986,5848,986,meta_keywords,Produk Beauty/Makeup/Lips/Lipstick Obat Perawatan Halodoc,bahasa_indonesia,"2025-06-20 15:54:10","2025-06-20 15:54:10",Dev,Dev
986,5847,986,name,Beauty/Makeup/Lips/Lipstick,bahasa_indonesia,"2025-06-20 15:54:10","2025-06-20 15:54:10",Dev,Dev
986,5846,986,name,Beauty/Makeup/Lips/Lipstick,english,"2025-06-20 15:54:10","2025-06-20 15:54:10",Dev,Dev
986,5845,986,shopee_category_ids,"101642",bahasa_indonesia,"2025-06-20 15:54:10","2025-06-20 15:54:10",Dev,Dev
862,5179,862,meta_description,"Temukan obat Beauty/Beauty Tools/Makeup Accessories/Cotton Pads and Buds paling lengkap hanya di Halodoc. Konsultasi obat dengan dokter Order obat di Halodoc ? #TenangMenjaga""",bahasa_indonesia,"2024-06-24 11:02:19","2024-06-24 11:02:19",Dev,Dev
862,5182,862,meta_keywords,Produk Beauty/Beauty Tools/Makeup Accessories/Cotton Pads and Buds Obat Perawatan Halodoc,bahasa_indonesia,"2024-06-24 11:02:19","2024-06-24 11:02:19",Dev,Dev
862,5180,862,name,Beauty/Beauty Tools/Makeup Accessories/Cotton Pads and Buds,bahasa_indonesia,"2024-06-24 11:02:19","2024-06-24 11:02:19",Dev,Dev
862,5181,862,name,Beauty/Beauty Tools/Makeup Accessories/Cotton Pads and Buds,english,"2024-06-24 11:02:19","2024-06-24 11:02:19",Dev,Dev
862,5178,862,shopee_category_ids,"101649",bahasa_indonesia,"2024-06-24 11:02:19","2024-06-24 11:02:19",Dev,Dev
868,5209,868,meta_description,"Temukan obat Beauty/Skincare/Eye Treatment/Eye Cream paling lengkap hanya di Halodoc. Konsultasi obat dengan dokter Order obat di Halodoc ? #TenangMenjaga""",bahasa_indonesia,"2024-06-24 11:02:19","2024-06-24 11:02:19",Dev,Dev
868,5212,868,meta_keywords,Produk Beauty/Skincare/Eye Treatment/Eye Cream Obat Perawatan Halodoc,bahasa_indonesia,"2024-06-24 11:02:19","2024-06-24 11:02:19",Dev,Dev
868,5210,868,name,Beauty/Skincare/Eye Treatment/Eye Cream,bahasa_indonesia,"2024-06-24 11:02:19","2024-06-24 11:02:19",Dev,Dev
868,5211,868,name,Beauty/Skincare/Eye Treatment/Eye Cream,english,"2024-06-24 11:02:19","2024-06-24 11:02:19",Dev,Dev
868,5208,868,shopee_category_ids,"101669",bahasa_indonesia,"2024-06-24 11:02:19","2024-06-24 11:02:19",Dev,Dev
869,5214,869,meta_description,"Temukan obat Beauty/Skincare/Lip Treatment/Lip Balm paling lengkap hanya di Halodoc. Konsultasi obat dengan dokter Order obat di Halodoc ? #TenangMenjaga""",bahasa_indonesia,"2024-06-24 11:02:19","2024-06-24 11:02:19",Dev,Dev
869,5217,869,meta_keywords,Produk Beauty/Skincare/Lip Treatment/Lip Balm Obat Perawatan Halodoc,bahasa_indonesia,"2024-06-24 11:02:19","2024-06-24 11:02:19",Dev,Dev
869,5215,869,name,Beauty/Skincare/Lip Treatment/Lip Balm,bahasa_indonesia,"2024-06-24 11:02:19","2024-06-24 11:02:19",Dev,Dev
869,5216,869,name,Beauty/Skincare/Lip Treatment/Lip Balm,english,"2024-06-24 11:02:19","2024-06-24 11:02:19",Dev,Dev
869,5213,869,shopee_category_ids,"101673",bahasa_indonesia,"2024-06-24 11:02:19","2024-06-24 11:02:19",Dev,Dev
965,5739,965,meta_description,Temukan obat Mom & Baby/Feeding Essentials/Bottle paling lengkap hanya di Halodoc. Konsultasi obat dengan dokter Order obat di Halodoc ? #TenangMenjaga,bahasa_indonesia,"2025-06-20 15:54:10","2025-06-20 15:54:10",Dev,Dev
965,5743,965,meta_keywords,Produk Mom & Baby/Feeding Essentials/Bottle Obat Perawatan Halodoc,bahasa_indonesia,"2025-06-20 15:54:10","2025-06-20 15:54:10",Dev,Dev
965,5742,965,name,Mom & Baby/Feeding Essentials/Bottle,bahasa_indonesia,"2025-06-20 15:54:10","2025-06-20 15:54:10",Dev,Dev
965,5741,965,name,Mom & Baby/Feeding Essentials/Bottle,english,"2025-06-20 15:54:10","2025-06-20 15:54:10",Dev,Dev
965,5740,965,shopee_category_ids,"101692",bahasa_indonesia,"2025-06-20 15:54:10","2025-06-20 15:54:10",Dev,Dev
962,5724,962,meta_description,Temukan obat Mom & Baby/Feeding Essentials/Bottle paling lengkap hanya di Halodoc. Konsultasi obat dengan dokter Order obat di Halodoc ? #TenangMenjaga,bahasa_indonesia,"2025-06-20 15:54:09","2025-06-20 15:54:09",Dev,Dev
962,5728,962,meta_keywords,Produk Mom & Baby/Feeding Essentials/Bottle Obat Perawatan Halodoc,bahasa_indonesia,"2025-06-20 15:54:09","2025-06-20 15:54:09",Dev,Dev
962,5727,962,name,Mom & Baby/Feeding Essentials/Bottle,bahasa_indonesia,"2025-06-20 15:54:09","2025-06-20 15:54:09",Dev,Dev
962,5726,962,name,Mom & Baby/Feeding Essentials/Bottle,english,"2025-06-20 15:54:09","2025-06-20 15:54:09",Dev,Dev
962,5725,962,shopee_category_ids,"101693",bahasa_indonesia,"2025-06-20 15:54:09","2025-06-20 15:54:09",Dev,Dev
979,5809,979,meta_description,Temukan obat Mom & Baby/Feeding Essentials/Bottle paling lengkap hanya di Halodoc. Konsultasi obat dengan dokter Order obat di Halodoc ? #TenangMenjaga,bahasa_indonesia,"2025-06-20 15:54:10","2025-06-20 15:54:10",Dev,Dev
979,5813,979,meta_keywords,Produk Mom & Baby/Feeding Essentials/Bottle Obat Perawatan Halodoc,bahasa_indonesia,"2025-06-20 15:54:10","2025-06-20 15:54:10",Dev,Dev
979,5812,979,name,Mom & Baby/Feeding Essentials/Bottle,bahasa_indonesia,"2025-06-20 15:54:10","2025-06-20 15:54:10",Dev,Dev
979,5811,979,name,Mom & Baby/Feeding Essentials/Bottle,english,"2025-06-20 15:54:10","2025-06-20 15:54:10",Dev,Dev
979,5810,979,shopee_category_ids,"101694",bahasa_indonesia,"2025-06-20 15:54:10","2025-06-20 15:54:10",Dev,Dev
956,5694,956,meta_description,Temukan obat Mom & Baby/Feeding Essentials/Breastfeeding/Breast Pump & Accessories paling lengkap hanya di Halodoc. Konsultasi obat dengan dokter Order obat di Halodoc ? #TenangMenjaga,bahasa_indonesia,"2025-06-20 15:54:09","2025-06-20 15:54:09",Dev,Dev
956,5698,956,meta_keywords,Produk Mom & Baby/Feeding Essentials/Breastfeeding/Breast Pump & Accessories Obat Perawatan Halodoc,bahasa_indonesia,"2025-06-20 15:54:09","2025-06-20 15:54:09",Dev,Dev
956,5697,956,name,Mom & Baby/Feeding Essentials/Breastfeeding/Breast Pump & Accessories,bahasa_indonesia,"2025-06-20 15:54:09","2025-06-20 15:54:09",Dev,Dev
956,5696,956,name,Mom & Baby/Feeding Essentials/Breastfeeding/Breast Pump & Accessories,english,"2025-06-20 15:54:09","2025-06-20 15:54:09",Dev,Dev
956,5695,956,shopee_category_ids,"101697",bahasa_indonesia,"2025-06-20 15:54:09","2025-06-20 15:54:09",Dev,Dev
966,5744,966,meta_description,"Temukan obat Mom & Baby/Feeding Essentials/Breastfeeding/Breast Pads, Shells & Shields paling lengkap hanya di Halodoc. Konsultasi obat dengan dokter Order obat di Halodoc ? #TenangMenjaga",bahasa_indonesia,"2025-06-20 15:54:10","2025-06-20 15:54:10",Dev,Dev
966,5748,966,meta_keywords,"Produk Mom & Baby/Feeding Essentials/Breastfeeding/Breast Pads, Shells & Shields Obat Perawatan Halodoc",bahasa_indonesia,"2025-06-20 15:54:10","2025-06-20 15:54:10",Dev,Dev
966,5747,966,name,"Mom & Baby/Feeding Essentials/Breastfeeding/Breast Pads, Shells & Shields",bahasa_indonesia,"2025-06-20 15:54:10","2025-06-20 15:54:10",Dev,Dev
966,5746,966,name,"Mom & Baby/Feeding Essentials/Breastfeeding/Breast Pads, Shells & Shields",english,"2025-06-20 15:54:10","2025-06-20 15:54:10",Dev,Dev
966,5745,966,shopee_category_ids,"101698",bahasa_indonesia,"2025-06-20 15:54:10","2025-06-20 15:54:10",Dev,Dev
960,5714,960,meta_description,Temukan obat Mom & Baby/Feeding Essentials/Breastfeeding/Breastmilk Storage Bags paling lengkap hanya di Halodoc. Konsultasi obat dengan dokter Order obat di Halodoc ? #TenangMenjaga,bahasa_indonesia,"2025-06-20 15:54:09","2025-06-20 15:54:09",Dev,Dev
960,5718,960,meta_keywords,Produk Mom & Baby/Feeding Essentials/Breastfeeding/Breastmilk Storage Bags Obat Perawatan Halodoc,bahasa_indonesia,"2025-06-20 15:54:09","2025-06-20 15:54:09",Dev,Dev
960,5717,960,name,Mom & Baby/Feeding Essentials/Breastfeeding/Breastmilk Storage Bags,bahasa_indonesia,"2025-06-20 15:54:09","2025-06-20 15:54:09",Dev,Dev
960,5716,960,name,Mom & Baby/Feeding Essentials/Breastfeeding/Breastmilk Storage Bags,english,"2025-06-20 15:54:09","2025-06-20 15:54:09",Dev,Dev
960,5715,960,shopee_category_ids,"101700",bahasa_indonesia,"2025-06-20 15:54:09","2025-06-20 15:54:09",Dev,Dev
975,5789,975,meta_description,Temukan obat Mom & Baby/Feeding Essentials/Utensils/Baby Cups paling lengkap hanya di Halodoc. Konsultasi obat dengan dokter Order obat di Halodoc ? #TenangMenjaga,bahasa_indonesia,"2025-06-20 15:54:10","2025-06-20 15:54:10",Dev,Dev
975,5793,975,meta_keywords,Produk Mom & Baby/Feeding Essentials/Utensils/Baby Cups Obat Perawatan Halodoc,bahasa_indonesia,"2025-06-20 15:54:10","2025-06-20 15:54:10",Dev,Dev
975,5792,975,name,Mom & Baby/Feeding Essentials/Utensils/Baby Cups,bahasa_indonesia,"2025-06-20 15:54:10","2025-06-20 15:54:10",Dev,Dev
975,5791,975,name,Mom & Baby/Feeding Essentials/Utensils/Baby Cups,english,"2025-06-20 15:54:10","2025-06-20 15:54:10",Dev,Dev
975,5790,975,shopee_category_ids,"101702",bahasa_indonesia,"2025-06-20 15:54:10","2025-06-20 15:54:10",Dev,Dev
953,5679,953,meta_description,Temukan obat Mom & Baby/Feeding Essentials/Utensils/Baby Tableware paling lengkap hanya di Halodoc. Konsultasi obat dengan dokter Order obat di Halodoc ? #TenangMenjaga,bahasa_indonesia,"2025-06-20 15:54:09","2025-06-20 15:54:09",Dev,Dev
953,5683,953,meta_keywords,Produk Mom & Baby/Feeding Essentials/Utensils/Baby Tableware Obat Perawatan Halodoc,bahasa_indonesia,"2025-06-20 15:54:09","2025-06-20 15:54:09",Dev,Dev
953,5682,953,name,Mom & Baby/Feeding Essentials/Utensils/Baby Tableware,bahasa_indonesia,"2025-06-20 15:54:09","2025-06-20 15:54:09",Dev,Dev
953,5681,953,name,Mom & Baby/Feeding Essentials/Utensils/Baby Tableware,english,"2025-06-20 15:54:09","2025-06-20 15:54:09",Dev,Dev
953,5680,953,shopee_category_ids,"101703",bahasa_indonesia,"2025-06-20 15:54:09","2025-06-20 15:54:09",Dev,Dev
969,5759,969,meta_description,Temukan obat Mom & Baby/Feeding Essentials/Utensils/Baby Food Containers paling lengkap hanya di Halodoc. Konsultasi obat dengan dokter Order obat di Halodoc ? #TenangMenjaga,bahasa_indonesia,"2025-06-20 15:54:10","2025-06-20 15:54:10",Dev,Dev
969,5763,969,meta_keywords,Produk Mom & Baby/Feeding Essentials/Utensils/Baby Food Containers Obat Perawatan Halodoc,bahasa_indonesia,"2025-06-20 15:54:10","2025-06-20 15:54:10",Dev,Dev
969,5762,969,name,Mom & Baby/Feeding Essentials/Utensils/Baby Food Containers,bahasa_indonesia,"2025-06-20 15:54:10","2025-06-20 15:54:10",Dev,Dev
969,5761,969,name,Mom & Baby/Feeding Essentials/Utensils/Baby Food Containers,english,"2025-06-20 15:54:10","2025-06-20 15:54:10",Dev,Dev
969,5760,969,shopee_category_ids,"101704",bahasa_indonesia,"2025-06-20 15:54:10","2025-06-20 15:54:10",Dev,Dev
883,5284,883,meta_description,"Temukan obat Mom & Baby/Baby Healthcare/Baby Skincare/Lotion & Creams paling lengkap hanya di Halodoc. Konsultasi obat dengan dokter Order obat di Halodoc ? #TenangMenjaga""",bahasa_indonesia,"2024-06-24 11:02:20","2024-06-24 11:02:20",Dev,Dev
883,5287,883,meta_keywords,Produk Mom & Baby/Baby Healthcare/Baby Skincare/Lotion & Creams Obat Perawatan Halodoc,bahasa_indonesia,"2024-06-24 11:02:20","2024-06-24 11:02:20",Dev,Dev
883,5285,883,name,Mom & Baby/Baby Healthcare/Baby Skincare/Lotion & Creams,bahasa_indonesia,"2024-06-24 11:02:20","2024-06-24 11:02:20",Dev,Dev
883,5286,883,name,Mom & Baby/Baby Healthcare/Baby Skincare/Lotion & Creams,english,"2024-06-24 11:02:20","2024-06-24 11:02:20",Dev,Dev
883,5283,883,shopee_category_ids,"101710",bahasa_indonesia,"2024-06-24 11:02:20","2024-06-24 11:02:20",Dev,Dev
884,5289,884,meta_description,"Temukan obat Mom & Baby/Baby Healthcare/Baby Skincare/Oils paling lengkap hanya di Halodoc. Konsultasi obat dengan dokter Order obat di Halodoc ? #TenangMenjaga""",bahasa_indonesia,"2024-06-24 11:02:20","2024-06-24 11:02:20",Dev,Dev
884,5292,884,meta_keywords,Produk Mom & Baby/Baby Healthcare/Baby Skincare/Oils Obat Perawatan Halodoc,bahasa_indonesia,"2024-06-24 11:02:20","2024-06-24 11:02:20",Dev,Dev
884,5290,884,name,Mom & Baby/Baby Healthcare/Baby Skincare/Oils,bahasa_indonesia,"2024-06-24 11:02:20","2024-06-24 11:02:20",Dev,Dev
884,5291,884,name,Mom & Baby/Baby Healthcare/Baby Skincare/Oils,english,"2024-06-24 11:02:20","2024-06-24 11:02:20",Dev,Dev
884,5288,884,shopee_category_ids,"101711",bahasa_indonesia,"2024-06-24 11:02:20","2024-06-24 11:02:20",Dev,Dev
885,5294,885,meta_description,"Temukan obat Mom & Baby/Baby Healthcare/Baby Skincare/Powders paling lengkap hanya di Halodoc. Konsultasi obat dengan dokter Order obat di Halodoc ? #TenangMenjaga""",bahasa_indonesia,"2024-06-24 11:02:20","2024-06-24 11:02:20",Dev,Dev
885,5297,885,meta_keywords,Produk Mom & Baby/Baby Healthcare/Baby Skincare/Powders Obat Perawatan Halodoc,bahasa_indonesia,"2024-06-24 11:02:20","2024-06-24 11:02:20",Dev,Dev
885,5295,885,name,Mom & Baby/Baby Healthcare/Baby Skincare/Powders,bahasa_indonesia,"2024-06-24 11:02:20","2024-06-24 11:02:20",Dev,Dev
885,5296,885,name,Mom & Baby/Baby Healthcare/Baby Skincare/Powders,english,"2024-06-24 11:02:20","2024-06-24 11:02:20",Dev,Dev
885,5293,885,shopee_category_ids,"101712",bahasa_indonesia,"2024-06-24 11:02:20","2024-06-24 11:02:20",Dev,Dev
976,5794,976,meta_description,Temukan obat Mom & Baby/Baby Healthcare/Baby Skincare/Others paling lengkap hanya di Halodoc. Konsultasi obat dengan dokter Order obat di Halodoc ? #TenangMenjaga,bahasa_indonesia,"2025-06-20 15:54:10","2025-06-20 15:54:10",Dev,Dev
976,5798,976,meta_keywords,Produk Mom & Baby/Baby Healthcare/Baby Skincare/Others Obat Perawatan Halodoc,bahasa_indonesia,"2025-06-20 15:54:10","2025-06-20 15:54:10",Dev,Dev
976,5797,976,name,Mom & Baby/Baby Healthcare/Baby Skincare/Others,bahasa_indonesia,"2025-06-20 15:54:10","2025-06-20 15:54:10",Dev,Dev
976,5796,976,name,Mom & Baby/Baby Healthcare/Baby Skincare/Others,english,"2025-06-20 15:54:10","2025-06-20 15:54:10",Dev,Dev
976,5795,976,shopee_category_ids,"101713",bahasa_indonesia,"2025-06-20 15:54:10","2025-06-20 15:54:10",Dev,Dev
980,5814,980,meta_description,Temukan obat Mom & Baby/Toys/Baby & Toddler Toys/Teethers paling lengkap hanya di Halodoc. Konsultasi obat dengan dokter Order obat di Halodoc ? #TenangMenjaga,bahasa_indonesia,"2025-06-20 15:54:10","2025-06-20 15:54:10",Dev,Dev
980,5818,980,meta_keywords,Produk Mom & Baby/Toys/Baby & Toddler Toys/Teethers Obat Perawatan Halodoc,bahasa_indonesia,"2025-06-20 15:54:10","2025-06-20 15:54:10",Dev,Dev
980,5817,980,name,Mom & Baby/Toys/Baby & Toddler Toys/Teethers,bahasa_indonesia,"2025-06-20 15:54:10","2025-06-20 15:54:10",Dev,Dev
980,5816,980,name,Mom & Baby/Toys/Baby & Toddler Toys/Teethers,english,"2025-06-20 15:54:10","2025-06-20 15:54:10",Dev,Dev
980,5815,980,shopee_category_ids,"101718",bahasa_indonesia,"2025-06-20 15:54:10","2025-06-20 15:54:10",Dev,Dev
874,5239,874,meta_description,"Temukan obat Beauty/Bath & Body Care/Body Wash & Soap paling lengkap hanya di Halodoc. Konsultasi obat dengan dokter Order obat di Halodoc ? #TenangMenjaga""",bahasa_indonesia,"2024-06-24 11:02:20","2024-06-24 11:02:20",Dev,Dev
874,5242,874,meta_keywords,Produk Beauty/Bath & Body Care/Body Wash & Soap Obat Perawatan Halodoc,bahasa_indonesia,"2024-06-24 11:02:20","2024-06-24 11:02:20",Dev,Dev
874,5240,874,name,Beauty/Bath & Body Care/Body Wash & Soap,bahasa_indonesia,"2024-06-24 11:02:20","2024-06-24 11:02:20",Dev,Dev
874,5241,874,name,Beauty/Bath & Body Care/Body Wash & Soap,english,"2024-06-24 11:02:20","2024-06-24 11:02:20",Dev,Dev
874,5238,874,shopee_category_ids,"102003",bahasa_indonesia,"2024-06-24 11:02:20","2024-06-24 11:02:20",Dev,Dev
993,5879,993,meta_description,Temukan obat Beauty/Bath & Body Care/Body Oil paling lengkap hanya di Halodoc. Konsultasi obat dengan dokter Order obat di Halodoc ? #TenangMenjaga,bahasa_indonesia,"2025-06-20 15:54:10","2025-06-20 15:54:10",Dev,Dev
993,5883,993,meta_keywords,Produk Beauty/Bath & Body Care/Body Oil Obat Perawatan Halodoc,bahasa_indonesia,"2025-06-20 15:54:10","2025-06-20 15:54:10",Dev,Dev
993,5882,993,name,Beauty/Bath & Body Care/Body Oil,bahasa_indonesia,"2025-06-20 15:54:10","2025-06-20 15:54:10",Dev,Dev
993,5881,993,name,Beauty/Bath & Body Care/Body Oil,english,"2025-06-20 15:54:10","2025-06-20 15:54:10",Dev,Dev
993,5880,993,shopee_category_ids,"102006",bahasa_indonesia,"2025-06-20 15:54:10","2025-06-20 15:54:10",Dev,Dev
875,5244,875,meta_description,"Temukan obat Beauty/Bath & Body Care/Body Cream, Lotion & Butter paling lengkap hanya di Halodoc. Konsultasi obat dengan dokter Order obat di Halodoc ? #TenangMenjaga""",bahasa_indonesia,"2024-06-24 11:02:20","2024-06-24 11:02:20",Dev,Dev
875,5247,875,meta_keywords,"Produk Beauty/Bath & Body Care/Body Cream, Lotion & Butter Obat Perawatan Halodoc",bahasa_indonesia,"2024-06-24 11:02:20","2024-06-24 11:02:20",Dev,Dev
875,5245,875,name,"Beauty/Bath & Body Care/Body Cream, Lotion & Butter",bahasa_indonesia,"2024-06-24 11:02:20","2024-06-24 11:02:20",Dev,Dev
875,5246,875,name,"Beauty/Bath & Body Care/Body Cream, Lotion & Butter",english,"2024-06-24 11:02:20","2024-06-24 11:02:20",Dev,Dev
875,5243,875,shopee_category_ids,"102007",bahasa_indonesia,"2024-06-24 11:02:20","2024-06-24 11:02:20",Dev,Dev
891,5326,891,meta_description,Temukan obat Beauty/Bath & Body Care/Body Deodorants paling lengkap hanya di Halodoc. Konsultasi obat dengan dokter Order obat di Halodoc ? #TenangMenjaga,bahasa_indonesia,"2024-06-25 13:49:54","2024-06-25 13:49:54",CC Token,CC Token
891,5327,891,meta_keywords,Produk Beauty/Bath & Body Care/Body Deodorants Obat Perawatan Halodoc,bahasa_indonesia,"2024-06-25 13:49:54","2024-06-25 13:49:54",CC Token,CC Token
891,5324,891,meta_title,Beauty/Bath & Body Care/Body Deodorants,bahasa_indonesia,"2024-06-25 13:49:54","2024-06-25 13:49:54",CC Token,CC Token
891,5322,891,name,Beauty/Bath & Body Care/Body Deodorants,bahasa_indonesia,"2024-06-25 13:49:54","2024-06-25 13:49:54",CC Token,CC Token
891,5323,891,name,Beauty/Bath & Body Care/Body Deodorants,english,"2024-06-25 13:49:54","2024-06-25 13:49:54",CC Token,CC Token
891,5328,891,seo_url,"",bahasa_indonesia,"2024-06-25 13:49:54","2024-06-25 13:49:54",CC Token,CC Token
891,5325,891,shopee_category_ids,"102008",bahasa_indonesia,"2024-06-25 13:49:54","2024-06-25 13:49:54",CC Token,CC Token
876,5249,876,meta_description,"Temukan obat Beauty/Bath & Body Care/Massage Oil paling lengkap hanya di Halodoc. Konsultasi obat dengan dokter Order obat di Halodoc ? #TenangMenjaga""",bahasa_indonesia,"2024-06-24 11:02:20","2024-06-24 11:02:20",Dev,Dev
876,5252,876,meta_keywords,Produk Beauty/Bath & Body Care/Massage Oil Obat Perawatan Halodoc,bahasa_indonesia,"2024-06-24 11:02:20","2024-06-24 11:02:20",Dev,Dev
876,5250,876,name,Beauty/Bath & Body Care/Massage Oil,bahasa_indonesia,"2024-06-24 11:02:20","2024-06-24 11:02:20",Dev,Dev
876,5251,876,name,Beauty/Bath & Body Care/Massage Oil,english,"2024-06-24 11:02:20","2024-06-24 11:02:20",Dev,Dev
876,5248,876,shopee_category_ids,"102009",bahasa_indonesia,"2024-06-24 11:02:20","2024-06-24 11:02:20",Dev,Dev
997,5899,997,meta_description,Temukan obat Beauty/Bath & Body Care/Hair Removal Cream & Wax paling lengkap hanya di Halodoc. Konsultasi obat dengan dokter Order obat di Halodoc ? #TenangMenjaga,bahasa_indonesia,"2025-06-20 15:54:11","2025-06-20 15:54:11",Dev,Dev
997,5903,997,meta_keywords,Produk Beauty/Bath & Body Care/Hair Removal Cream & Wax Obat Perawatan Halodoc,bahasa_indonesia,"2025-06-20 15:54:11","2025-06-20 15:54:11",Dev,Dev
997,5902,997,name,Beauty/Bath & Body Care/Hair Removal Cream & Wax,bahasa_indonesia,"2025-06-20 15:54:11","2025-06-20 15:54:11",Dev,Dev
997,5901,997,name,Beauty/Bath & Body Care/Hair Removal Cream & Wax,english,"2025-06-20 15:54:11","2025-06-20 15:54:11",Dev,Dev
997,5900,997,shopee_category_ids,"102010",bahasa_indonesia,"2025-06-20 15:54:11","2025-06-20 15:54:11",Dev,Dev
877,5254,877,meta_description,"Temukan obat Beauty/Bath & Body Care/Sun Care/Body Sunscreen & After Sun paling lengkap hanya di Halodoc. Konsultasi obat dengan dokter Order obat di Halodoc ? #TenangMenjaga""",bahasa_indonesia,"2024-06-24 11:02:20","2024-06-24 11:02:20",Dev,Dev
877,5257,877,meta_keywords,Produk Beauty/Bath & Body Care/Sun Care/Body Sunscreen & After Sun Obat Perawatan Halodoc,bahasa_indonesia,"2024-06-24 11:02:20","2024-06-24 11:02:20",Dev,Dev
877,5255,877,name,Beauty/Bath & Body Care/Sun Care/Body Sunscreen & After Sun,bahasa_indonesia,"2024-06-24 11:02:20","2024-06-24 11:02:20",Dev,Dev
877,5256,877,name,Beauty/Bath & Body Care/Sun Care/Body Sunscreen & After Sun,english,"2024-06-24 11:02:20","2024-06-24 11:02:20",Dev,Dev
877,5253,877,shopee_category_ids,"102014",bahasa_indonesia,"2024-06-24 11:02:20","2024-06-24 11:02:20",Dev,Dev
1000,5914,1000,meta_description,"Temukan obat Beauty/Hand, Foot & Nail Care/Nail Care/Nail Polish Remover paling lengkap hanya di Halodoc. Konsultasi obat dengan dokter Order obat di Halodoc ? #TenangMenjaga",bahasa_indonesia,"2025-06-20 15:54:11","2025-06-20 15:54:11",Dev,Dev
1000,5918,1000,meta_keywords,"Produk Beauty/Hand, Foot & Nail Care/Nail Care/Nail Polish Remover Obat Perawatan Halodoc",bahasa_indonesia,"2025-06-20 15:54:11","2025-06-20 15:54:11",Dev,Dev
1000,5917,1000,name,"Beauty/Hand, Foot & Nail Care/Nail Care/Nail Polish Remover",bahasa_indonesia,"2025-06-20 15:54:11","2025-06-20 15:54:11",Dev,Dev
1000,5916,1000,name,"Beauty/Hand, Foot & Nail Care/Nail Care/Nail Polish Remover",english,"2025-06-20 15:54:11","2025-06-20 15:54:11",Dev,Dev
1000,5915,1000,shopee_category_ids,"102030",bahasa_indonesia,"2025-06-20 15:54:11","2025-06-20 15:54:11",Dev,Dev
835,5044,835,meta_description,"Temukan obat Health/Medical Supplies/Prescription Medicine paling lengkap hanya di Halodoc. Konsultasi obat dengan dokter Order obat di Halodoc ? #TenangMenjaga""",bahasa_indonesia,"2024-06-24 11:02:18","2024-06-24 11:02:18",Dev,Dev
835,5047,835,meta_keywords,Produk Health/Medical Supplies/Prescription Medicine Obat Perawatan Halodoc,bahasa_indonesia,"2024-06-24 11:02:18","2024-06-24 11:02:18",Dev,Dev
835,5045,835,name,Health/Medical Supplies/Prescription Medicine,bahasa_indonesia,"2024-06-24 11:02:18","2024-06-24 11:02:18",Dev,Dev
835,5046,835,name,Health/Medical Supplies/Prescription Medicine,english,"2024-06-24 11:02:18","2024-06-24 11:02:18",Dev,Dev
835,5043,835,shopee_category_ids,"102058",bahasa_indonesia,"2024-06-24 11:02:18","2024-06-24 11:02:18",Dev,Dev
749,4358,749,blibli_category_ids,SI-1000046,bahasa_indonesia,"2023-09-29 13:52:10","2023-09-29 13:52:10",Dev,Dev
749,4235,749,meta_description,Temukan Produk Kesehatan & Kecantikan > Perawatan Tubuh > Perawatan Mulut & Gigi > Sikat Gigi paling lengkap hanya di Halodoc. Konsultasi obat dengan dokter ? Order obat di Halodoc ? #TenangMenjaga,bahasa_indonesia,"2023-09-19 16:49:20","2023-09-19 16:49:20",Dev,Dev
749,4232,749,meta_keywords,Produk Kesehatan & Kecantikan > Perawatan Tubuh > Perawatan Mulut & Gigi > Sikat Gigi Obat Perawatan Halodoc,bahasa_indonesia,"2023-09-19 16:49:20","2023-09-19 16:49:20",Dev,Dev
749,4233,749,name,Kesehatan & Kecantikan > Perawatan Tubuh > Perawatan Mulut & Gigi > Sikat Gigi,bahasa_indonesia,"2023-09-19 16:49:20","2023-09-19 16:49:20",Dev,Dev
749,4234,749,name,Kesehatan & Kecantikan > Perawatan Tubuh > Perawatan Mulut & Gigi > Sikat Gigi,english,"2023-09-19 16:49:20","2023-09-19 16:49:20",Dev,Dev
676,4443,676,blibli_category_ids,SI-1000054,bahasa_indonesia,"2023-09-29 13:52:15","2023-09-29 13:52:15",Dev,Dev
676,3925,676,meta_description,Temukan Produk Ibu & Anak > Perlengkapan Makan Anak > Sikat & Pembersih Botol Susu paling lengkap hanya di Halodoc. Konsultasi obat dengan dokter ? Order obat di Halodoc ? #TenangMenjaga,bahasa_indonesia,"2023-09-05 09:57:37","2023-09-05 09:57:37",Dev,Dev
676,3926,676,meta_keywords,Produk Ibu & Anak > Perlengkapan Makan Anak > Sikat & Pembersih Botol Susu Obat Perawatan Halodoc,bahasa_indonesia,"2023-09-05 09:57:37","2023-09-05 09:57:37",Dev,Dev
676,3927,676,name,Ibu & Anak > Perlengkapan Makan Anak > Sikat & Pembersih Botol Susu,bahasa_indonesia,"2023-09-05 09:57:37","2023-09-05 09:57:37",Dev,Dev
676,3924,676,name,Ibu & Anak > Perlengkapan Makan Anak > Sikat & Pembersih Botol Susu,english,"2023-09-05 09:57:37","2023-09-05 09:57:37",Dev,Dev
86,833,86,meta_description,"Temukan berbagai macam jenis obat dan vitamin berdasarkan Kategori Skin Care. Ketahui juga manfaat, dosis, cara konsumsi, aturan pakai dan efek samping obat dan vitamin di Halodoc.",bahasa_indonesia,"2021-09-09 09:50:21","2021-09-09 09:50:21",CC Token,CC Token
86,830,86,meta_keywords,Kategori Skin Care,bahasa_indonesia,"2021-09-09 09:50:21","2021-09-09 09:50:21",CC Token,CC Token
86,832,86,meta_title,Daftar Informasi obat dan vitamin - Halodoc - Kategori Skin Care,bahasa_indonesia,"2021-09-09 09:50:21","2021-09-09 09:50:21",CC Token,CC Token
86,831,86,name,Perawatan Kulit,bahasa_indonesia,"2021-09-09 09:50:21","2021-09-09 09:50:21",CC Token,CC Token
86,829,86,name,Skin Care,english,"2021-09-09 09:50:21","2021-09-09 09:50:21",CC Token,CC Token
86,828,86,seo_url, ,bahasa_indonesia,"2021-09-09 09:50:21","2021-09-09 09:50:21",CC Token,CC Token
86,840,86,seo_url, ,english,"2021-09-09 13:59:29","2021-09-09 13:59:29",CC Token,CC Token
724,4381,724,blibli_category_ids,SL-1000010,bahasa_indonesia,"2023-09-29 13:52:11","2023-09-29 13:52:11",Dev,Dev
724,4117,724,meta_description,Temukan Produk Ibu & Anak > Perlengkapan Makan Anak > Slow Cooker dan Food Processor paling lengkap hanya di Halodoc. Konsultasi obat dengan dokter ? Order obat di Halodoc ? #TenangMenjaga,bahasa_indonesia,"2023-09-05 09:57:39","2023-09-05 09:57:39",Dev,Dev
724,4118,724,meta_keywords,Produk Ibu & Anak > Perlengkapan Makan Anak > Slow Cooker dan Food Processor Obat Perawatan Halodoc,bahasa_indonesia,"2023-09-05 09:57:39","2023-09-05 09:57:39",Dev,Dev
724,4119,724,name,Ibu & Anak > Perlengkapan Makan Anak > Slow Cooker dan Food Processor,bahasa_indonesia,"2023-09-05 09:57:39","2023-09-05 09:57:39",Dev,Dev
724,4116,724,name,Ibu & Anak > Perlengkapan Makan Anak > Slow Cooker dan Food Processor,english,"2023-09-05 09:57:39","2023-09-05 09:57:39",Dev,Dev
695,4487,695,blibli_category_ids,SN-1000010,bahasa_indonesia,"2023-09-29 13:52:17","2023-09-29 13:52:17",Dev,Dev
695,4000,695,meta_description,Temukan Produk Bliblimart > Kebutuhan Ibu & Anak > Susu Formula & Makanan Bayi > Susu Formula Anti Alergi paling lengkap hanya di Halodoc. Konsultasi obat dengan dokter ? Order obat di Halodoc ? #TenangMenjaga,bahasa_indonesia,"2023-09-05 09:57:37","2023-09-05 09:57:37",Dev,Dev
695,4003,695,meta_keywords,Produk Bliblimart > Kebutuhan Ibu & Anak > Susu Formula & Makanan Bayi > Susu Formula Anti Alergi Obat Perawatan Halodoc,bahasa_indonesia,"2023-09-05 09:57:37","2023-09-05 09:57:37",Dev,Dev
695,4002,695,name,Bliblimart > Kebutuhan Ibu & Anak > Susu Formula & Makanan Bayi > Susu Formula Anti Alergi,bahasa_indonesia,"2023-09-05 09:57:37","2023-09-05 09:57:37",Dev,Dev
695,4001,695,name,Bliblimart > Kebutuhan Ibu & Anak > Susu Formula & Makanan Bayi > Susu Formula Anti Alergi,english,"2023-09-05 09:57:37","2023-09-05 09:57:37",Dev,Dev
64,4676,64,blibli_category_ids,"",bahasa_indonesia,"2023-11-01 09:14:06","2023-11-01 09:14:06",CC Token,CC Token
64,679,64,meta_description,"Temukan berbagai macam jenis obat dan vitamin berdasarkan Kategori Special Offer. Ketahui juga manfaat, dosis, cara konsumsi, aturan pakai dan efek samping obat dan vitamin di Halodoc",bahasa_indonesia,"2021-03-23 15:29:46","2021-03-24 14:35:10",CC Token,CC Token
64,677,64,meta_keywords,Kategori Specoal Offer,bahasa_indonesia,"2021-03-23 15:29:46","2021-03-24 14:35:10",CC Token,CC Token
64,674,64,meta_title,Daftar Informasi obat dan vitamin - Halodoc - Kategori Special Offer,bahasa_indonesia,"2021-03-23 15:29:46","2021-03-24 14:35:10",CC Token,CC Token
64,675,64,name,Penawaran Special,bahasa_indonesia,"2021-03-23 15:29:46","2021-03-24 14:35:10",CC Token,CC Token
64,676,64,name,Special Offer,english,"2021-03-23 15:29:46","2021-03-24 14:35:10",CC Token,CC Token
64,678,64,seo_url, ,bahasa_indonesia,"2021-03-23 15:29:46","2021-03-23 15:29:46",CC Token,CC Token
64,680,64,seo_url,"",english,"2021-03-23 15:30:28","2023-11-01 09:14:06",CC Token,CC Token
64,4675,64,tokopedia_category_ids,"",bahasa_indonesia,"2023-11-01 09:14:06","2023-11-01 09:14:06",CC Token,CC Token
728,4347,728,blibli_category_ids,ST-1000073,bahasa_indonesia,"2023-09-29 13:52:09","2023-09-29 13:52:09",Dev,Dev
728,4132,728,meta_description,Temukan Produk Kesehatan & Kecantikan > Perawatan Tubuh > Body Care & Treatments > Body Care paling lengkap hanya di Halodoc. Konsultasi obat dengan dokter ? Order obat di Halodoc ? #TenangMenjaga,bahasa_indonesia,"2023-09-05 09:57:39","2023-09-05 09:57:39",Dev,Dev
728,4133,728,meta_keywords,Produk Kesehatan & Kecantikan > Perawatan Tubuh > Body Care & Treatments > Body Care Obat Perawatan Halodoc,bahasa_indonesia,"2023-09-05 09:57:39","2023-09-05 09:57:39",Dev,Dev
728,4134,728,name,Kesehatan & Kecantikan > Perawatan Tubuh > Body Care & Treatments > Body Care,bahasa_indonesia,"2023-09-05 09:57:39","2023-09-05 09:57:39",Dev,Dev
728,4135,728,name,Kesehatan & Kecantikan > Perawatan Tubuh > Body Care & Treatments > Body Care,english,"2023-09-05 09:57:39","2023-09-05 09:57:39",Dev,Dev
23,214,23,meta_description,"Temukan berbagai macam jenis obat dan vitamin berdasarkan Kategori Stamina. Ketahui juga manfaat, dosis, cara konsumsi, aturan pakai dan efek samping obat dan vitamin di Halodoc.",bahasa_indonesia,"2019-03-01 17:06:50","2019-03-01 17:06:50",Dev,Dev
23,211,23,meta_description, ,english,"2019-03-01 17:06:50","2019-03-01 17:06:50",Dev,Dev
23,210,23,meta_keywords,Kategori Stamina,bahasa_indonesia,"2019-03-01 17:06:50","2019-03-01 17:06:50",Dev,Dev
23,213,23,meta_keywords, ,english,"2019-03-01 17:06:50","2019-03-01 17:06:50",Dev,Dev
23,212,23,meta_title,Daftar Informasi obat dan vitamin - Halodoc - Kategori Stamina,bahasa_indonesia,"2019-03-01 17:06:50","2019-03-01 17:06:50",Dev,Dev
23,209,23,meta_title, ,english,"2019-03-01 17:06:50","2019-03-01 17:06:50",Dev,Dev
23,52,23,name,Stamina,bahasa_indonesia,"2017-10-31 20:52:58","2017-10-31 20:52:58",Dev,Dev
23,23,23,name,Stamina,english,"2017-10-31 20:52:56","2017-10-31 20:52:56",Dev,Dev
23,365,23,seo_url, ,bahasa_indonesia,"2019-03-14 17:15:47","2019-03-14 17:15:47",Dev,Dev
23,327,23,seo_url, ,english,"2019-03-08 17:21:20","2019-03-08 17:21:20",Dev,Dev
710,4395,710,blibli_category_ids,SU-1000073,bahasa_indonesia,"2023-09-29 13:52:12","2023-09-29 13:52:12",Dev,Dev
710,4061,710,meta_description,Temukan Produk Kesehatan & Kecantikan > Fitness Supplement > Suplemen Penambah Energi paling lengkap hanya di Halodoc. Konsultasi obat dengan dokter ? Order obat di Halodoc ? #TenangMenjaga,bahasa_indonesia,"2023-09-05 09:57:38","2023-09-05 09:57:38",Dev,Dev
710,4062,710,meta_keywords,Produk Kesehatan & Kecantikan > Fitness Supplement > Suplemen Penambah Energi Obat Perawatan Halodoc,bahasa_indonesia,"2023-09-05 09:57:38","2023-09-05 09:57:38",Dev,Dev
710,4063,710,name,Kesehatan & Kecantikan > Fitness Supplement > Suplemen Penambah Energi,bahasa_indonesia,"2023-09-05 09:57:38","2023-09-05 09:57:38",Dev,Dev
710,4060,710,name,Kesehatan & Kecantikan > Fitness Supplement > Suplemen Penambah Energi,english,"2023-09-05 09:57:38","2023-09-05 09:57:38",Dev,Dev
741,4482,741,blibli_category_ids,SU-1000074,bahasa_indonesia,"2023-09-29 13:52:17","2023-09-29 13:52:17",Dev,Dev
741,4200,741,meta_description,Temukan Produk Kesehatan & Kecantikan > Perawatan Tubuh > Sun Protection & Tanning paling lengkap hanya di Halodoc. Konsultasi obat dengan dokter ? Order obat di Halodoc ? #TenangMenjaga,bahasa_indonesia,"2023-09-19 16:49:19","2023-09-19 16:49:19",Dev,Dev
741,4201,741,meta_keywords,Produk Kesehatan & Kecantikan > Perawatan Tubuh > Sun Protection & Tanning Obat Perawatan Halodoc,bahasa_indonesia,"2023-09-19 16:49:19","2023-09-19 16:49:19",Dev,Dev
741,4202,741,name,Kesehatan & Kecantikan > Perawatan Tubuh > Sun Protection & Tanning,bahasa_indonesia,"2023-09-19 16:49:19","2023-09-19 16:49:19",Dev,Dev
741,4203,741,name,Kesehatan & Kecantikan > Perawatan Tubuh > Sun Protection & Tanning,english,"2023-09-19 16:49:19","2023-09-19 16:49:19",Dev,Dev
615,4467,615,blibli_category_ids,SU-1000077,bahasa_indonesia,"2023-09-29 13:52:16","2023-09-29 13:52:16",Dev,Dev
615,3680,615,meta_description,Temukan Produk Kesehatan & Kecantikan > Vitamin & Suplemen > Herbal > Suplemen paling lengkap hanya di Halodoc. Konsultasi obat dengan dokter ? Order obat di Halodoc ? #TenangMenjaga,bahasa_indonesia,"2023-09-05 09:57:32","2023-09-05 09:57:32",Dev,Dev
615,3681,615,meta_keywords,Produk Kesehatan & Kecantikan > Vitamin & Suplemen > Herbal > Suplemen Obat Perawatan Halodoc,bahasa_indonesia,"2023-09-05 09:57:32","2023-09-05 09:57:32",Dev,Dev
615,4296,615,meta_title,Kesehatan & Kecantikan > Vitamin & Suplemen > Herbal > Suplemen,bahasa_indonesia,"2023-09-19 17:33:40","2023-09-19 17:33:40",CC Token,CC Token
615,3682,615,name,Kesehatan & Kecantikan > Vitamin & Suplemen > Herbal > Suplemen,bahasa_indonesia,"2023-09-05 09:57:32","2023-09-05 09:57:32",Dev,Dev
615,3683,615,name,Kesehatan & Kecantikan > Vitamin & Suplemen > Herbal > Suplemen,english,"2023-09-05 09:57:32","2023-09-05 09:57:32",Dev,Dev
615,4297,615,seo_url, ,english,"2023-09-19 17:33:40","2023-09-19 17:33:40",CC Token,CC Token
627,4469,627,blibli_category_ids,SU-1000086,bahasa_indonesia,"2023-09-29 13:52:16","2023-09-29 13:52:16",Dev,Dev
627,3728,627,meta_description,Temukan Produk Bliblimart > Minuman > Susu & Olahan Lainnya > Susu Dewasa paling lengkap hanya di Halodoc. Konsultasi obat dengan dokter ? Order obat di Halodoc ? #TenangMenjaga,bahasa_indonesia,"2023-09-05 09:57:34","2023-09-05 09:57:34",Dev,Dev
627,3729,627,meta_keywords,Produk Bliblimart > Minuman > Susu & Olahan Lainnya > Susu Dewasa Obat Perawatan Halodoc,bahasa_indonesia,"2023-09-05 09:57:34","2023-09-05 09:57:34",Dev,Dev
627,3730,627,name,Bliblimart > Minuman > Susu & Olahan Lainnya > Susu Dewasa,bahasa_indonesia,"2023-09-05 09:57:34","2023-09-05 09:57:34",Dev,Dev
627,3731,627,name,Bliblimart > Minuman > Susu & Olahan Lainnya > Susu Dewasa,english,"2023-09-05 09:57:34","2023-09-05 09:57:34",Dev,Dev
678,4428,678,blibli_category_ids,SU-1000090,bahasa_indonesia,"2023-09-29 13:52:14","2023-09-29 13:52:14",Dev,Dev
678,3933,678,meta_description,Temukan Produk Bliblimart > Minuman > Susu & Olahan Lainnya > Susu Lainnya paling lengkap hanya di Halodoc. Konsultasi obat dengan dokter ? Order obat di Halodoc ? #TenangMenjaga,bahasa_indonesia,"2023-09-05 09:57:37","2023-09-05 09:57:37",Dev,Dev
678,3934,678,meta_keywords,Produk Bliblimart > Minuman > Susu & Olahan Lainnya > Susu Lainnya Obat Perawatan Halodoc,bahasa_indonesia,"2023-09-05 09:57:37","2023-09-05 09:57:37",Dev,Dev
678,3935,678,name,Bliblimart > Minuman > Susu & Olahan Lainnya > Susu Lainnya,bahasa_indonesia,"2023-09-05 09:57:37","2023-09-05 09:57:37",Dev,Dev
678,3932,678,name,Bliblimart > Minuman > Susu & Olahan Lainnya > Susu Lainnya,english,"2023-09-05 09:57:37","2023-09-05 09:57:37",Dev,Dev
649,4472,649,blibli_category_ids,SU-1000091,bahasa_indonesia,"2023-09-29 13:52:17","2023-09-29 13:52:17",Dev,Dev
649,3817,649,meta_description,Temukan Produk Bliblimart > Kebutuhan Ibu & Anak > Susu Ibu Hamil paling lengkap hanya di Halodoc. Konsultasi obat dengan dokter ? Order obat di Halodoc ? #TenangMenjaga,bahasa_indonesia,"2023-09-05 09:57:35","2023-09-05 09:57:35",Dev,Dev
649,3818,649,meta_keywords,Produk Bliblimart > Kebutuhan Ibu & Anak > Susu Ibu Hamil Obat Perawatan Halodoc,bahasa_indonesia,"2023-09-05 09:57:35","2023-09-05 09:57:35",Dev,Dev
649,3819,649,name,Bliblimart > Kebutuhan Ibu & Anak > Susu Ibu Hamil,bahasa_indonesia,"2023-09-05 09:57:35","2023-09-05 09:57:35",Dev,Dev
649,3816,649,name,Bliblimart > Kebutuhan Ibu & Anak > Susu Ibu Hamil,english,"2023-09-05 09:57:35","2023-09-05 09:57:35",Dev,Dev
88,4704,88,blibli_category_ids,"",bahasa_indonesia,"2023-12-01 14:25:08","2023-12-01 14:25:08",CC Token,CC Token
88,848,88,meta_description,"Temukan berbagai macam jenis obat dan vitamin berdasarkan Kategori Subscriptions. Ketahui juga manfaat, dosis, cara konsumsi, aturan pakai dan efek samping obat dan vitamin di Halodoc.",bahasa_indonesia,"2021-09-14 17:40:06","2021-09-14 17:40:06",CC Token,CC Token
88,846,88,meta_keywords,Kategori Subscriptions,bahasa_indonesia,"2021-09-14 17:40:06","2021-09-14 17:40:06",CC Token,CC Token
88,843,88,meta_title,Daftar Informasi obat dan vitamin - Halodoc - Subscriptions,bahasa_indonesia,"2021-09-14 17:40:06","2021-09-14 17:40:06",CC Token,CC Token
88,844,88,name,Langganan,bahasa_indonesia,"2021-09-14 17:40:06","2021-10-25 17:18:33",CC Token,CC Token
88,845,88,name,Subscriptions,english,"2021-09-14 17:40:06","2021-09-14 17:40:06",CC Token,CC Token
88,847,88,seo_url, ,bahasa_indonesia,"2021-09-14 17:40:06","2021-09-14 17:40:06",CC Token,CC Token
88,849,88,seo_url,"",english,"2021-09-14 17:40:28","2023-12-01 14:25:08",CC Token,CC Token
88,4703,88,tokopedia_category_ids,"",bahasa_indonesia,"2023-12-01 14:25:08","2023-12-01 14:25:08",CC Token,CC Token
73,739,73,meta_description,"Temukan berbagai macam jenis obat dan vitamin berdasarkan Kategori Supplement Diabetes. Ketahui juga manfaat, dosis, cara konsumsi, aturan pakai dan efek samping obat dan vitamin di Halodoc.",bahasa_indonesia,"2021-06-22 10:50:02","2021-06-22 10:50:02",CC Token,CC Token
73,742,73,meta_keywords,Kategori Suplemen Diabetes,bahasa_indonesia,"2021-06-22 10:50:02","2021-06-22 10:50:02",CC Token,CC Token
73,738,73,meta_title,Daftar Informasi obat dan vitamin - Halodoc - Kategori Suplemen Diabet,bahasa_indonesia,"2021-06-22 10:50:02","2021-06-22 10:50:02",CC Token,CC Token
73,737,73,name,Suplemen Diabetes,bahasa_indonesia,"2021-06-22 10:50:02","2021-06-22 10:50:02",CC Token,CC Token
73,740,73,name,Diabetes Supplement,english,"2021-06-22 10:50:02","2021-06-22 10:50:02",CC Token,CC Token
73,741,73,seo_url, ,bahasa_indonesia,"2021-06-22 10:50:02","2021-06-22 10:50:02",CC Token,CC Token
73,755,73,seo_url, ,english,"2021-06-22 16:51:51","2021-06-22 16:51:51",CC Token,CC Token
658,4427,658,blibli_category_ids,TA-1000069,bahasa_indonesia,"2023-09-29 13:52:14","2023-09-29 13:52:14",Dev,Dev
658,3853,658,meta_description,Temukan Produk Kesehatan & Kecantikan > Perawatan Wajah > Tabir Surya / Sunblock paling lengkap hanya di Halodoc. Konsultasi obat dengan dokter ? Order obat di Halodoc ? #TenangMenjaga,bahasa_indonesia,"2023-09-05 09:57:36","2023-09-05 09:57:36",Dev,Dev
658,3854,658,meta_keywords,Produk Kesehatan & Kecantikan > Perawatan Wajah > Tabir Surya / Sunblock Obat Perawatan Halodoc,bahasa_indonesia,"2023-09-05 09:57:36","2023-09-05 09:57:36",Dev,Dev
658,3855,658,name,Kesehatan & Kecantikan > Perawatan Wajah > Tabir Surya / Sunblock,bahasa_indonesia,"2023-09-05 09:57:36","2023-09-05 09:57:36",Dev,Dev
658,3852,658,name,Kesehatan & Kecantikan > Perawatan Wajah > Tabir Surya / Sunblock,english,"2023-09-05 09:57:36","2023-09-05 09:57:36",Dev,Dev
654,4344,654,blibli_category_ids,TE-1000053,bahasa_indonesia,"2023-09-29 13:52:09","2023-09-29 13:52:09",Dev,Dev
654,3836,654,meta_description,Temukan Produk Ibu & Anak > Keamanan Bayi dan Balita > Termometer paling lengkap hanya di Halodoc. Konsultasi obat dengan dokter ? Order obat di Halodoc ? #TenangMenjaga,bahasa_indonesia,"2023-09-05 09:57:35","2023-09-05 09:57:35",Dev,Dev
654,3837,654,meta_keywords,Produk Ibu & Anak > Keamanan Bayi dan Balita > Termometer Obat Perawatan Halodoc,bahasa_indonesia,"2023-09-05 09:57:35","2023-09-05 09:57:35",Dev,Dev
654,3838,654,name,Ibu & Anak > Keamanan Bayi dan Balita > Termometer,bahasa_indonesia,"2023-09-05 09:57:35","2023-09-05 09:57:35",Dev,Dev
654,3839,654,name,Ibu & Anak > Keamanan Bayi dan Balita > Termometer,english,"2023-09-05 09:57:35","2023-09-05 09:57:35",Dev,Dev
663,4353,663,blibli_category_ids,TE-1000080,bahasa_indonesia,"2023-09-29 13:52:09","2023-09-29 13:52:09",Dev,Dev
663,3873,663,meta_description,Temukan Produk Kesehatan & Kecantikan > Peralatan Medis > Alat Monitor Kesehatan > Tensimeter paling lengkap hanya di Halodoc. Konsultasi obat dengan dokter ? Order obat di Halodoc ? #TenangMenjaga,bahasa_indonesia,"2023-09-05 09:57:36","2023-09-05 09:57:36",Dev,Dev
663,3874,663,meta_keywords,Produk Kesehatan & Kecantikan > Peralatan Medis > Alat Monitor Kesehatan > Tensimeter Obat Perawatan Halodoc,bahasa_indonesia,"2023-09-05 09:57:36","2023-09-05 09:57:36",Dev,Dev
663,3875,663,name,Kesehatan & Kecantikan > Peralatan Medis > Alat Monitor Kesehatan > Tensimeter,bahasa_indonesia,"2023-09-05 09:57:36","2023-09-05 09:57:36",Dev,Dev
663,3872,663,name,Kesehatan & Kecantikan > Peralatan Medis > Alat Monitor Kesehatan > Tensimeter,english,"2023-09-05 09:57:36","2023-09-05 09:57:36",Dev,Dev
630,4425,630,blibli_category_ids,TE-1000081,bahasa_indonesia,"2023-09-29 13:52:14","2023-09-29 13:52:14",Dev,Dev
630,3740,630,meta_description,Temukan Produk Kesehatan & Kecantikan > Peralatan Medis > Alat Monitor Kesehatan > Tes Kehamilan paling lengkap hanya di Halodoc. Konsultasi obat dengan dokter ? Order obat di Halodoc ? #TenangMenjaga,bahasa_indonesia,"2023-09-05 09:57:34","2023-09-05 09:57:34",Dev,Dev
630,3741,630,meta_keywords,Produk Kesehatan & Kecantikan > Peralatan Medis > Alat Monitor Kesehatan > Tes Kehamilan Obat Perawatan Halodoc,bahasa_indonesia,"2023-09-05 09:57:34","2023-09-05 09:57:34",Dev,Dev
630,3742,630,name,Kesehatan & Kecantikan > Peralatan Medis > Alat Monitor Kesehatan > Tes Kehamilan,bahasa_indonesia,"2023-09-05 09:57:34","2023-09-05 09:57:34",Dev,Dev
630,3743,630,name,Kesehatan & Kecantikan > Peralatan Medis > Alat Monitor Kesehatan > Tes Kehamilan,english,"2023-09-05 09:57:34","2023-09-05 09:57:34",Dev,Dev
707,4423,707,blibli_category_ids,TE-1000082,bahasa_indonesia,"2023-09-29 13:52:14","2023-09-29 13:52:14",Dev,Dev
707,4048,707,meta_description,Temukan Produk Kesehatan & Kecantikan > Peralatan Medis > Alat Monitor Kesehatan > Tes Kesuburan paling lengkap hanya di Halodoc. Konsultasi obat dengan dokter ? Order obat di Halodoc ? #TenangMenjaga,bahasa_indonesia,"2023-09-05 09:57:38","2023-09-05 09:57:38",Dev,Dev
707,4049,707,meta_keywords,Produk Kesehatan & Kecantikan > Peralatan Medis > Alat Monitor Kesehatan > Tes Kesuburan Obat Perawatan Halodoc,bahasa_indonesia,"2023-09-05 09:57:38","2023-09-05 09:57:38",Dev,Dev
707,4050,707,name,Kesehatan & Kecantikan > Peralatan Medis > Alat Monitor Kesehatan > Tes Kesuburan,bahasa_indonesia,"2023-09-05 09:57:38","2023-09-05 09:57:38",Dev,Dev
707,4051,707,name,Kesehatan & Kecantikan > Peralatan Medis > Alat Monitor Kesehatan > Tes Kesuburan,english,"2023-09-05 09:57:38","2023-09-05 09:57:38",Dev,Dev
639,4368,639,blibli_category_ids,TE-1000083,bahasa_indonesia,"2023-09-29 13:52:10","2023-09-29 13:52:10",Dev,Dev
639,3777,639,meta_description,Temukan Produk Kesehatan & Kecantikan > Peralatan Medis > Alat Monitor Kesehatan > Tes Medis paling lengkap hanya di Halodoc. Konsultasi obat dengan dokter ? Order obat di Halodoc ? #TenangMenjaga,bahasa_indonesia,"2023-09-05 09:57:34","2023-09-05 09:57:34",Dev,Dev
639,3778,639,meta_keywords,Produk Kesehatan & Kecantikan > Peralatan Medis > Alat Monitor Kesehatan > Tes Medis Obat Perawatan Halodoc,bahasa_indonesia,"2023-09-05 09:57:34","2023-09-05 09:57:34",Dev,Dev
639,3779,639,name,Kesehatan & Kecantikan > Peralatan Medis > Alat Monitor Kesehatan > Tes Medis,bahasa_indonesia,"2023-09-05 09:57:34","2023-09-05 09:57:34",Dev,Dev
639,3776,639,name,Kesehatan & Kecantikan > Peralatan Medis > Alat Monitor Kesehatan > Tes Medis,english,"2023-09-05 09:57:34","2023-09-05 09:57:34",Dev,Dev
718,4327,718,blibli_category_ids,TE-1000094,bahasa_indonesia,"2023-09-27 12:19:06","2023-09-27 12:27:05",CC Token,Dev
718,4092,718,meta_description,Temukan Produk Bliblimart > Minuman > Teh > Teh Lainnya paling lengkap hanya di Halodoc. Konsultasi obat dengan dokter ? Order obat di Halodoc ? #TenangMenjaga,bahasa_indonesia,"2023-09-05 09:57:39","2023-09-05 09:57:39",Dev,Dev
718,4095,718,meta_keywords,Produk Bliblimart > Minuman > Teh > Teh Lainnya Obat Perawatan Halodoc,bahasa_indonesia,"2023-09-05 09:57:39","2023-09-05 09:57:39",Dev,Dev
718,4329,718,meta_title,TE-1000094,bahasa_indonesia,"2023-09-27 12:19:06","2023-09-27 12:19:06",CC Token,CC Token
718,4094,718,name,Bliblimart > Minuman > Teh > Teh Lainnya,bahasa_indonesia,"2023-09-05 09:57:39","2023-09-05 09:57:39",Dev,Dev
718,4093,718,name,Bliblimart > Minuman > Teh > Teh Lainnya,english,"2023-09-05 09:57:39","2023-09-05 09:57:39",Dev,Dev
718,4326,718,seo_url, ,english,"2023-09-27 12:19:06","2023-09-27 12:19:06",CC Token,CC Token
718,4328,718,tokopedia_category_ids, ,bahasa_indonesia,"2023-09-27 12:19:06","2023-09-27 12:19:06",CC Token,CC Token
680,4394,680,blibli_category_ids,TE-1000101,bahasa_indonesia,"2023-09-29 13:52:12","2023-09-29 13:52:12",Dev,Dev
680,3940,680,meta_description,Temukan Produk Ibu & Anak > Perlengkapan Makan Anak > Teether & Empeng paling lengkap hanya di Halodoc. Konsultasi obat dengan dokter ? Order obat di Halodoc ? #TenangMenjaga,bahasa_indonesia,"2023-09-05 09:57:37","2023-09-05 09:57:37",Dev,Dev
680,3943,680,meta_keywords,Produk Ibu & Anak > Perlengkapan Makan Anak > Teether & Empeng Obat Perawatan Halodoc,bahasa_indonesia,"2023-09-05 09:57:37","2023-09-05 09:57:37",Dev,Dev
680,3942,680,name,Ibu & Anak > Perlengkapan Makan Anak > Teether & Empeng,bahasa_indonesia,"2023-09-05 09:57:37","2023-09-05 09:57:37",Dev,Dev
680,3941,680,name,Ibu & Anak > Perlengkapan Makan Anak > Teether & Empeng,english,"2023-09-05 09:57:37","2023-09-05 09:57:37",Dev,Dev
715,4479,715,blibli_category_ids,TI-1000073,bahasa_indonesia,"2023-09-29 13:52:17","2023-09-29 13:52:17",Dev,Dev
715,4080,715,meta_description,Temukan Produk Kesehatan & Kecantikan > Peralatan Medis > Alat Monitor Kesehatan > Timbangan paling lengkap hanya di Halodoc. Konsultasi obat dengan dokter ? Order obat di Halodoc ? #TenangMenjaga,bahasa_indonesia,"2023-09-05 09:57:38","2023-09-05 09:57:38",Dev,Dev
715,4083,715,meta_keywords,Produk Kesehatan & Kecantikan > Peralatan Medis > Alat Monitor Kesehatan > Timbangan Obat Perawatan Halodoc,bahasa_indonesia,"2023-09-05 09:57:38","2023-09-05 09:57:38",Dev,Dev
715,4082,715,name,Kesehatan & Kecantikan > Peralatan Medis > Alat Monitor Kesehatan > Timbangan,bahasa_indonesia,"2023-09-05 09:57:38","2023-09-05 09:57:38",Dev,Dev
715,4081,715,name,Kesehatan & Kecantikan > Peralatan Medis > Alat Monitor Kesehatan > Timbangan,english,"2023-09-05 09:57:38","2023-09-05 09:57:38",Dev,Dev
687,4429,687,blibli_category_ids,TI-1000087,bahasa_indonesia,"2023-09-29 13:52:14","2023-09-29 13:52:14",Dev,Dev
687,3968,687,meta_description,Temukan Produk Bliblimart > Perawatan Rumah Tangga > Tisu > Tisu Basah paling lengkap hanya di Halodoc. Konsultasi obat dengan dokter ? Order obat di Halodoc ? #TenangMenjaga,bahasa_indonesia,"2023-09-05 09:57:37","2023-09-05 09:57:37",Dev,Dev
687,3969,687,meta_keywords,Produk Bliblimart > Perawatan Rumah Tangga > Tisu > Tisu Basah Obat Perawatan Halodoc,bahasa_indonesia,"2023-09-05 09:57:37","2023-09-05 09:57:37",Dev,Dev
687,3970,687,name,Bliblimart > Perawatan Rumah Tangga > Tisu > Tisu Basah,bahasa_indonesia,"2023-09-05 09:57:37","2023-09-05 09:57:37",Dev,Dev
687,3971,687,name,Bliblimart > Perawatan Rumah Tangga > Tisu > Tisu Basah,english,"2023-09-05 09:57:37","2023-09-05 09:57:37",Dev,Dev
735,4464,735,blibli_category_ids,TI-1000097,bahasa_indonesia,"2023-09-29 13:52:16","2023-09-29 13:52:16",Dev,Dev
735,4176,735,meta_description,Temukan Produk Ibu & Anak > Peralatan Mandi & Perawatan Kulit > Tissue Basah Khusus Anak paling lengkap hanya di Halodoc. Konsultasi obat dengan dokter ? Order obat di Halodoc ? #TenangMenjaga,bahasa_indonesia,"2023-09-19 16:49:18","2023-09-19 16:49:18",Dev,Dev
735,4177,735,meta_keywords,Produk Ibu & Anak > Peralatan Mandi & Perawatan Kulit > Tissue Basah Khusus Anak Obat Perawatan Halodoc,bahasa_indonesia,"2023-09-19 16:49:18","2023-09-19 16:49:18",Dev,Dev
735,4178,735,name,Ibu & Anak > Peralatan Mandi & Perawatan Kulit > Tissue Basah Khusus Anak,bahasa_indonesia,"2023-09-19 16:49:18","2023-09-19 16:49:18",Dev,Dev
735,4179,735,name,Ibu & Anak > Peralatan Mandi & Perawatan Kulit > Tissue Basah Khusus Anak,english,"2023-09-19 16:49:18","2023-09-19 16:49:18",Dev,Dev
111,1010,111,meta_description,Kesehatan/Lainnya,bahasa_indonesia,"2022-08-15 10:22:28","2022-08-15 10:22:28",CC Token,CC Token
111,1014,111,meta_keywords,Kesehatan/Lainnya,bahasa_indonesia,"2022-08-15 10:22:28","2022-08-15 10:22:28",CC Token,CC Token
111,1012,111,meta_title,Kesehatan/Lainnya,bahasa_indonesia,"2022-08-15 10:22:28","2022-08-15 10:22:28",CC Token,CC Token
111,1015,111,name,Kesehatan/Lainnya,bahasa_indonesia,"2022-08-15 10:22:28","2022-08-15 10:22:28",CC Token,CC Token
111,1009,111,name,Kesehatan/Lainnya,english,"2022-08-15 10:22:28","2022-08-15 10:22:28",CC Token,CC Token
111,1011,111,seo_url, ,bahasa_indonesia,"2022-08-15 10:22:28","2022-08-15 10:22:28",CC Token,CC Token
111,1261,111,seo_url, ,english,"2022-08-15 10:54:10","2022-08-15 10:54:10",CC Token,CC Token
111,1013,111,tokopedia_category_ids,"1129",bahasa_indonesia,"2022-08-15 10:22:28","2022-08-15 10:54:10",CC Token,CC Token
600,3582,600,meta_description,Makanan & Minuman/Bumbu & Bahan Masakan/Garam & Merica,bahasa_indonesia,"2023-08-22 13:52:29","2023-08-22 13:52:29",CC Token,CC Token
600,3584,600,meta_keywords,Makanan & Minuman/Bumbu & Bahan Masakan/Garam & Merica,bahasa_indonesia,"2023-08-22 13:52:29","2023-08-22 13:52:29",CC Token,CC Token
600,3583,600,meta_title,Makanan & Minuman/Bumbu & Bahan Masakan/Garam & Merica,bahasa_indonesia,"2023-08-22 13:52:29","2023-08-22 13:52:29",CC Token,CC Token
600,3587,600,name,Makanan & Minuman/Bumbu & Bahan Masakan/Garam & Merica,bahasa_indonesia,"2023-08-22 13:52:29","2023-08-22 13:52:29",CC Token,CC Token
600,3581,600,name,Makanan & Minuman/Bumbu & Bahan Masakan/Garam & Merica,english,"2023-08-22 13:52:29","2023-08-22 13:52:29",CC Token,CC Token
600,3586,600,seo_url, ,bahasa_indonesia,"2023-08-22 13:52:29","2023-08-22 13:52:29",CC Token,CC Token
600,3585,600,tokopedia_category_ids,"1161",bahasa_indonesia,"2023-08-22 13:52:29","2023-08-22 13:52:29",CC Token,CC Token
124,1104,124,meta_description,Kesehatan/Perlengkapan Medis/ ,bahasa_indonesia,"2022-08-15 10:39:18","2022-08-15 10:39:18",CC Token,CC Token
124,1105,124,meta_keywords,Kesehatan/Perlengkapan Medis/ ,bahasa_indonesia,"2022-08-15 10:39:18","2022-08-15 10:39:18",CC Token,CC Token
124,1100,124,meta_title,Kesehatan/Perlengkapan Medis/ ,bahasa_indonesia,"2022-08-15 10:39:18","2022-08-15 10:39:18",CC Token,CC Token
124,1102,124,name,Kesehatan/Perlengkapan Medis,bahasa_indonesia,"2022-08-15 10:39:18","2022-08-15 10:39:18",CC Token,CC Token
124,1101,124,name,Kesehatan/Perlengkapan Medis,english,"2022-08-15 10:39:18","2022-08-15 10:39:18",CC Token,CC Token
124,1103,124,seo_url, ,bahasa_indonesia,"2022-08-15 10:39:18","2022-08-15 10:39:18",CC Token,CC Token
124,1106,124,tokopedia_category_ids,"1742",bahasa_indonesia,"2022-08-15 10:39:18","2022-08-15 10:39:18",CC Token,CC Token
547,3211,547,meta_description,Kesehatan/Perlengkapan Medis/Alat Pijat,bahasa_indonesia,"2023-08-14 16:09:31","2023-08-14 16:09:31",CC Token,CC Token
547,3213,547,meta_keywords,Kesehatan/Perlengkapan Medis/Alat Pijat,bahasa_indonesia,"2023-08-14 16:09:31","2023-08-14 16:09:31",CC Token,CC Token
547,3216,547,meta_title,Kesehatan/Perlengkapan Medis/Alat Pijat,bahasa_indonesia,"2023-08-14 16:09:31","2023-08-14 16:09:31",CC Token,CC Token
547,3215,547,name,Kesehatan/Perlengkapan Medis/Alat Pijat,bahasa_indonesia,"2023-08-14 16:09:31","2023-08-14 16:09:31",CC Token,CC Token
547,3212,547,name,Kesehatan/Perlengkapan Medis/Alat Pijat,english,"2023-08-14 16:09:31","2023-08-14 16:09:31",CC Token,CC Token
547,3214,547,seo_url, ,bahasa_indonesia,"2023-08-14 16:09:31","2023-08-14 16:09:31",CC Token,CC Token
547,3217,547,tokopedia_category_ids,"1744",bahasa_indonesia,"2023-08-14 16:09:31","2023-08-14 16:09:31",CC Token,CC Token
548,3223,548,meta_description,Kesehatan/Perlengkapan Medis/Alat Terapi,bahasa_indonesia,"2023-08-14 16:10:16","2023-08-14 16:10:16",CC Token,CC Token
548,3221,548,meta_keywords,Kesehatan/Perlengkapan Medis/Alat Terapi,bahasa_indonesia,"2023-08-14 16:10:16","2023-08-14 16:10:16",CC Token,CC Token
548,3220,548,meta_title,Kesehatan/Perlengkapan Medis/Alat Terapi,bahasa_indonesia,"2023-08-14 16:10:16","2023-08-14 16:10:16",CC Token,CC Token
548,3219,548,name,Kesehatan/Perlengkapan Medis/Alat Terapi,bahasa_indonesia,"2023-08-14 16:10:16","2023-08-14 16:10:16",CC Token,CC Token
548,3218,548,name,Kesehatan/Perlengkapan Medis/Alat Terapi,english,"2023-08-14 16:10:16","2023-08-14 16:10:16",CC Token,CC Token
548,3222,548,seo_url, ,bahasa_indonesia,"2023-08-14 16:10:16","2023-08-14 16:10:16",CC Token,CC Token
548,3224,548,tokopedia_category_ids,"1745",bahasa_indonesia,"2023-08-14 16:10:16","2023-08-14 16:10:16",CC Token,CC Token
543,3186,543,meta_description,Kesehatan/Perlengkapan Medis/Alat Bantu Pendengaran,bahasa_indonesia,"2023-08-14 15:36:54","2023-08-14 15:36:54",CC Token,CC Token
543,3183,543,meta_keywords,Kesehatan/Perlengkapan Medis/Alat Bantu Pendengaran,bahasa_indonesia,"2023-08-14 15:36:54","2023-08-14 15:36:54",CC Token,CC Token
543,3188,543,meta_title,Kesehatan/Perlengkapan Medis/Alat Bantu Pendengaran,bahasa_indonesia,"2023-08-14 15:36:54","2023-08-14 15:36:54",CC Token,CC Token
543,3185,543,name,Kesehatan/Perlengkapan Medis/Alat Bantu Pendengaran,bahasa_indonesia,"2023-08-14 15:36:54","2023-08-14 15:36:54",CC Token,CC Token
543,3184,543,name,Kesehatan/Perlengkapan Medis/Alat Bantu Pendengaran,english,"2023-08-14 15:36:54","2023-08-14 15:36:54",CC Token,CC Token
543,3189,543,seo_url, ,bahasa_indonesia,"2023-08-14 15:36:54","2023-08-14 15:36:54",CC Token,CC Token
543,3187,543,tokopedia_category_ids,"1746",bahasa_indonesia,"2023-08-14 15:36:54","2023-08-14 15:36:54",CC Token,CC Token
546,3209,546,meta_description,Kesehatan/Perlengkapan Medis/Alat Penunjang Gerak,bahasa_indonesia,"2023-08-14 15:39:10","2023-08-14 15:39:10",CC Token,CC Token
546,3204,546,meta_keywords,Kesehatan/Perlengkapan Medis/Alat Penunjang Gerak,bahasa_indonesia,"2023-08-14 15:39:10","2023-08-14 15:39:10",CC Token,CC Token
546,3208,546,meta_title,Kesehatan/Perlengkapan Medis/Alat Penunjang Gerak,bahasa_indonesia,"2023-08-14 15:39:10","2023-08-14 15:39:10",CC Token,CC Token
546,3207,546,name,Kesehatan/Perlengkapan Medis/Alat Penunjang Gerak,bahasa_indonesia,"2023-08-14 15:39:10","2023-08-14 15:39:10",CC Token,CC Token
546,3206,546,name,Kesehatan/Perlengkapan Medis/Alat Penunjang Gerak,english,"2023-08-14 15:39:10","2023-08-14 15:39:10",CC Token,CC Token
546,3205,546,seo_url, ,bahasa_indonesia,"2023-08-14 15:39:10","2023-08-14 15:39:10",CC Token,CC Token
546,3210,546,tokopedia_category_ids,"1747",bahasa_indonesia,"2023-08-14 15:39:10","2023-08-14 15:39:10",CC Token,CC Token
545,3200,545,meta_description,Kesehatan/Perlengkapan Medis/Alat Pelangsing,bahasa_indonesia,"2023-08-14 15:38:22","2023-08-14 15:38:22",CC Token,CC Token
545,3197,545,meta_keywords,Kesehatan/Perlengkapan Medis/Alat Pelangsing,bahasa_indonesia,"2023-08-14 15:38:22","2023-08-14 15:38:22",CC Token,CC Token
545,3202,545,meta_title,Kesehatan/Perlengkapan Medis/Alat Pelangsing,bahasa_indonesia,"2023-08-14 15:38:22","2023-08-14 15:38:22",CC Token,CC Token
545,3203,545,name,Kesehatan/Perlengkapan Medis/Alat Pelangsing,bahasa_indonesia,"2023-08-14 15:38:22","2023-08-14 15:38:22",CC Token,CC Token
545,3198,545,name,Kesehatan/Perlengkapan Medis/Alat Pelangsing,english,"2023-08-14 15:38:22","2023-08-14 15:38:22",CC Token,CC Token
545,3199,545,seo_url, ,bahasa_indonesia,"2023-08-14 15:38:22","2023-08-14 15:38:22",CC Token,CC Token
545,3201,545,tokopedia_category_ids,"1748",bahasa_indonesia,"2023-08-14 15:38:22","2023-08-14 15:38:22",CC Token,CC Token
549,3228,549,meta_description,Kesehatan/Perlengkapan Medis/Timbangan Badan,bahasa_indonesia,"2023-08-14 16:11:32","2023-08-14 16:11:32",CC Token,CC Token
549,3229,549,meta_keywords,Kesehatan/Perlengkapan Medis/Timbangan Badan,bahasa_indonesia,"2023-08-14 16:11:32","2023-08-14 16:11:32",CC Token,CC Token
549,3227,549,meta_title,Kesehatan/Perlengkapan Medis/Timbangan Badan,bahasa_indonesia,"2023-08-14 16:11:32","2023-08-14 16:11:32",CC Token,CC Token
549,3231,549,name,Kesehatan/Perlengkapan Medis/Timbangan Badan,bahasa_indonesia,"2023-08-14 16:11:32","2023-08-14 16:11:32",CC Token,CC Token
549,3225,549,name,Kesehatan/Perlengkapan Medis/Timbangan Badan,english,"2023-08-14 16:11:32","2023-08-14 16:11:32",CC Token,CC Token
549,3230,549,seo_url, ,bahasa_indonesia,"2023-08-14 16:11:32","2023-08-14 16:11:32",CC Token,CC Token
549,3226,549,tokopedia_category_ids,"1750",bahasa_indonesia,"2023-08-14 16:11:32","2023-08-14 16:11:32",CC Token,CC Token
531,3099,531,meta_description,Ibu & Bayi/Perlengkapan Makan Bayi/Alat Makan Bayi,bahasa_indonesia,"2023-08-14 14:29:23","2023-08-14 14:29:23",CC Token,CC Token
531,3103,531,meta_keywords,Ibu & Bayi/Perlengkapan Makan Bayi/Alat Makan Bayi,bahasa_indonesia,"2023-08-14 14:29:23","2023-08-14 14:29:23",CC Token,CC Token
531,3105,531,meta_title,Ibu & Bayi/Perlengkapan Makan Bayi/Alat Makan Bayi,bahasa_indonesia,"2023-08-14 14:29:23","2023-08-14 14:29:23",CC Token,CC Token
531,3101,531,name,Ibu & Bayi/Perlengkapan Makan Bayi/Alat Makan Bayi,bahasa_indonesia,"2023-08-14 14:29:23","2023-08-14 14:29:23",CC Token,CC Token
531,3102,531,name,Ibu & Bayi/Perlengkapan Makan Bayi/Alat Makan Bayi,english,"2023-08-14 14:29:23","2023-08-14 14:29:23",CC Token,CC Token
531,3100,531,seo_url, ,bahasa_indonesia,"2023-08-14 14:29:23","2023-08-14 14:29:23",CC Token,CC Token
531,3104,531,tokopedia_category_ids,"2007",bahasa_indonesia,"2023-08-14 14:29:23","2023-08-14 14:29:23",CC Token,CC Token
532,3110,532,meta_description,Ibu & Bayi/Perlengkapan Makan Bayi/Botol Susu & Dot,bahasa_indonesia,"2023-08-14 14:31:28","2023-08-14 14:31:28",CC Token,CC Token
532,3108,532,meta_keywords,Ibu & Bayi/Perlengkapan Makan Bayi/Botol Susu & Dot,bahasa_indonesia,"2023-08-14 14:31:28","2023-08-14 14:31:28",CC Token,CC Token
532,3109,532,meta_title,Ibu & Bayi/Perlengkapan Makan Bayi/Botol Susu & Dot,bahasa_indonesia,"2023-08-14 14:31:28","2023-08-14 14:31:28",CC Token,CC Token
532,3106,532,name,Ibu & Bayi/Perlengkapan Makan Bayi/Botol Susu & Dot,bahasa_indonesia,"2023-08-14 14:31:28","2023-08-14 14:31:28",CC Token,CC Token
532,3112,532,name,Ibu & Bayi/Perlengkapan Makan Bayi/Botol Susu & Dot,english,"2023-08-14 14:31:28","2023-08-14 14:31:28",CC Token,CC Token
532,3111,532,seo_url, ,bahasa_indonesia,"2023-08-14 14:31:28","2023-08-14 14:31:28",CC Token,CC Token
532,3107,532,tokopedia_category_ids,"2008",bahasa_indonesia,"2023-08-14 14:31:28","2023-08-14 14:31:28",CC Token,CC Token
533,3117,533,meta_description,Ibu & Bayi/Perlengkapan Makan Bayi/Empeng,bahasa_indonesia,"2023-08-14 14:35:08","2023-08-14 14:35:08",CC Token,CC Token
533,3114,533,meta_keywords,Ibu & Bayi/Perlengkapan Makan Bayi/Empeng,bahasa_indonesia,"2023-08-14 14:35:08","2023-08-14 14:35:08",CC Token,CC Token
533,3118,533,meta_title,Ibu & Bayi/Perlengkapan Makan Bayi/Empeng,bahasa_indonesia,"2023-08-14 14:35:08","2023-08-14 14:35:08",CC Token,CC Token
533,3119,533,name,Ibu & Bayi/Perlengkapan Makan Bayi/Empeng,bahasa_indonesia,"2023-08-14 14:35:08","2023-08-14 14:35:08",CC Token,CC Token
533,3113,533,name,Ibu & Bayi/Perlengkapan Makan Bayi/Empeng,english,"2023-08-14 14:35:08","2023-08-14 14:35:08",CC Token,CC Token
533,3115,533,seo_url, ,bahasa_indonesia,"2023-08-14 14:35:08","2023-08-14 14:35:08",CC Token,CC Token
533,3116,533,tokopedia_category_ids,"2009",bahasa_indonesia,"2023-08-14 14:35:08","2023-08-14 14:35:08",CC Token,CC Token
504,2915,504,meta_description,Dapatkan informasi Produk Medicine & Treatments Ibu & Bayi/Makanan & Susu Bayi/Biskuit & Snack Bayi paling lengkap hanya di Halodoc. Konsultasi obat dengan dokter ? Order obat di Halodoc ? #TenangAdaHalodoc,bahasa_indonesia,"2023-07-18 13:08:19","2023-07-18 13:08:19",Dev,Dev
504,2916,504,meta_keywords,Produk Ibu & Bayi/Makanan & Susu Bayi/Biskuit & Snack Bayi Obat Perawatan Halodoc,bahasa_indonesia,"2023-07-18 13:08:19","2023-07-18 13:08:19",Dev,Dev
504,2961,504,meta_title,Ibu & Bayi/Makanan & Susu Bayi/Biskuit & Snack Bayi,bahasa_indonesia,"2023-07-18 13:49:47","2023-07-18 13:49:47",CC Token,CC Token
504,2913,504,name,Ibu & Bayi/Makanan & Susu Bayi/Biskuit & Snack Bayi,bahasa_indonesia,"2023-07-18 13:08:19","2023-07-18 13:08:19",Dev,Dev
504,2914,504,name,Ibu & Bayi/Makanan & Susu Bayi/Biskuit & Snack Bayi,english,"2023-07-18 13:08:19","2023-07-18 13:08:19",Dev,Dev
504,2962,504,seo_url, ,english,"2023-07-18 13:49:47","2023-07-18 13:49:47",CC Token,CC Token
504,2963,504,tokopedia_category_ids,"2011",bahasa_indonesia,"2023-07-18 13:49:47","2023-07-18 13:49:47",CC Token,CC Token
529,3089,529,meta_description,Ibu & Bayi/Perawatan Bayi/Shampoo & Sabun Bayi,bahasa_indonesia,"2023-08-14 14:24:44","2023-08-14 14:24:44",CC Token,CC Token
529,3086,529,meta_keywords,Ibu & Bayi/Perawatan Bayi/Shampoo & Sabun Bayi,bahasa_indonesia,"2023-08-14 14:24:44","2023-08-14 14:24:44",CC Token,CC Token
529,3090,529,meta_title,Ibu & Bayi/Perawatan Bayi/Shampoo & Sabun Bayi,bahasa_indonesia,"2023-08-14 14:24:44","2023-08-14 14:24:44",CC Token,CC Token
529,3091,529,name,Ibu & Bayi/Perawatan Bayi/Shampoo & Sabun Bayi,bahasa_indonesia,"2023-08-14 14:24:44","2023-08-14 14:24:44",CC Token,CC Token
529,3085,529,name,Ibu & Bayi/Perawatan Bayi/Shampoo & Sabun Bayi,english,"2023-08-14 14:24:44","2023-08-14 14:24:44",CC Token,CC Token
529,3087,529,seo_url, ,bahasa_indonesia,"2023-08-14 14:24:44","2023-08-14 14:24:44",CC Token,CC Token
529,3088,529,tokopedia_category_ids,"2020",bahasa_indonesia,"2023-08-14 14:24:44","2023-08-14 14:24:44",CC Token,CC Token
557,3285,557,meta_description,Ibu & Bayi/Perlengkapan Mandi Bayi/Pispot,bahasa_indonesia,"2023-08-15 13:55:40","2023-08-15 13:55:40",CC Token,CC Token
557,3282,557,meta_keywords,Ibu & Bayi/Perlengkapan Mandi Bayi/Pispot,bahasa_indonesia,"2023-08-15 13:55:40","2023-08-15 13:55:40",CC Token,CC Token
557,3283,557,meta_title,Ibu & Bayi/Perlengkapan Mandi Bayi/Pispot,bahasa_indonesia,"2023-08-15 13:55:40","2023-08-15 13:55:40",CC Token,CC Token
557,3280,557,name,Ibu & Bayi/Perlengkapan Mandi Bayi/Pispot,bahasa_indonesia,"2023-08-15 13:55:40","2023-08-15 13:55:40",CC Token,CC Token
557,3284,557,name,Ibu & Bayi/Perlengkapan Mandi Bayi/Pispot,english,"2023-08-15 13:55:40","2023-08-15 13:55:40",CC Token,CC Token
557,3281,557,seo_url, ,bahasa_indonesia,"2023-08-15 13:55:40","2023-08-15 13:55:40",CC Token,CC Token
557,3286,557,tokopedia_category_ids,"2026",bahasa_indonesia,"2023-08-15 13:55:40","2023-08-15 13:55:40",CC Token,CC Token
528,3079,528,meta_description,Ibu & Bayi/Perawatan Bayi/Minyak Telon,bahasa_indonesia,"2023-08-14 14:23:56","2023-08-14 14:23:56",CC Token,CC Token
528,3081,528,meta_keywords,Ibu & Bayi/Perawatan Bayi/Minyak Telon,bahasa_indonesia,"2023-08-14 14:23:56","2023-08-14 14:23:56",CC Token,CC Token
528,3080,528,meta_title,Ibu & Bayi/Perawatan Bayi/Minyak Telon,bahasa_indonesia,"2023-08-14 14:23:56","2023-08-14 14:23:56",CC Token,CC Token
528,3082,528,name,Ibu & Bayi/Perawatan Bayi/Minyak Telon,bahasa_indonesia,"2023-08-14 14:23:56","2023-08-14 14:23:56",CC Token,CC Token
528,3084,528,name,Ibu & Bayi/Perawatan Bayi/Minyak Telon,english,"2023-08-14 14:23:56","2023-08-14 14:23:56",CC Token,CC Token
528,3078,528,seo_url, ,bahasa_indonesia,"2023-08-14 14:23:56","2023-08-14 14:23:56",CC Token,CC Token
528,3083,528,tokopedia_category_ids,"2028",bahasa_indonesia,"2023-08-14 14:23:56","2023-08-14 14:23:56",CC Token,CC Token
525,3061,525,meta_description,Ibu & Bayi/Perawatan Bayi/Bedak Bayi,bahasa_indonesia,"2023-08-14 14:21:37","2023-08-14 14:21:37",CC Token,CC Token
525,3059,525,meta_keywords,Ibu & Bayi/Perawatan Bayi/Bedak Bayi,bahasa_indonesia,"2023-08-14 14:21:37","2023-08-14 14:21:37",CC Token,CC Token
525,3057,525,meta_title,Ibu & Bayi/Perawatan Bayi/Bedak Bayi,bahasa_indonesia,"2023-08-14 14:21:37","2023-08-14 14:21:37",CC Token,CC Token
525,3060,525,name,Ibu & Bayi/Perawatan Bayi/Bedak Bayi,bahasa_indonesia,"2023-08-14 14:21:37","2023-08-14 14:21:37",CC Token,CC Token
525,3063,525,name,Ibu & Bayi/Perawatan Bayi/Bedak Bayi,english,"2023-08-14 14:21:37","2023-08-14 14:21:37",CC Token,CC Token
525,3058,525,seo_url, ,bahasa_indonesia,"2023-08-14 14:21:37","2023-08-14 14:21:37",CC Token,CC Token
525,3062,525,tokopedia_category_ids,"2029",bahasa_indonesia,"2023-08-14 14:21:37","2023-08-14 14:21:37",CC Token,CC Token
526,3070,526,meta_description,Ibu & Bayi/Perawatan Bayi/Cream & Lotion Bayi,bahasa_indonesia,"2023-08-14 14:22:20","2023-08-14 14:22:20",CC Token,CC Token
526,3068,526,meta_keywords,Ibu & Bayi/Perawatan Bayi/Cream & Lotion Bayi,bahasa_indonesia,"2023-08-14 14:22:20","2023-08-14 14:22:20",CC Token,CC Token
526,3064,526,meta_title,Ibu & Bayi/Perawatan Bayi/Cream & Lotion Bayi,bahasa_indonesia,"2023-08-14 14:22:20","2023-08-14 14:22:20",CC Token,CC Token
526,3065,526,name,Ibu & Bayi/Perawatan Bayi/Cream & Lotion Bayi,bahasa_indonesia,"2023-08-14 14:22:20","2023-08-14 14:22:20",CC Token,CC Token
526,3066,526,name,Ibu & Bayi/Perawatan Bayi/Cream & Lotion Bayi,english,"2023-08-14 14:22:20","2023-08-14 14:22:20",CC Token,CC Token
526,3067,526,seo_url, ,bahasa_indonesia,"2023-08-14 14:22:20","2023-08-14 14:22:20",CC Token,CC Token
526,3069,526,tokopedia_category_ids,"2030",bahasa_indonesia,"2023-08-14 14:22:20","2023-08-14 14:22:20",CC Token,CC Token
527,3075,527,meta_description,Ibu & Bayi/Perawatan Bayi/Kapas & Tissue Bayi,bahasa_indonesia,"2023-08-14 14:23:10","2023-08-14 14:23:10",CC Token,CC Token
527,3073,527,meta_keywords,Ibu & Bayi/Perawatan Bayi/Kapas & Tissue Bayi,bahasa_indonesia,"2023-08-14 14:23:10","2023-08-14 14:23:10",CC Token,CC Token
527,3074,527,meta_title,Ibu & Bayi/Perawatan Bayi/Kapas & Tissue Bayi,bahasa_indonesia,"2023-08-14 14:23:10","2023-08-14 14:23:10",CC Token,CC Token
527,3071,527,name,Ibu & Bayi/Perawatan Bayi/Kapas & Tissue Bayi,bahasa_indonesia,"2023-08-14 14:23:10","2023-08-14 14:23:10",CC Token,CC Token
527,3077,527,name,Ibu & Bayi/Perawatan Bayi/Kapas & Tissue Bayi,english,"2023-08-14 14:23:10","2023-08-14 14:23:10",CC Token,CC Token
527,3076,527,seo_url, ,bahasa_indonesia,"2023-08-14 14:23:10","2023-08-14 14:23:10",CC Token,CC Token
527,3072,527,tokopedia_category_ids,"2031",bahasa_indonesia,"2023-08-14 14:23:10","2023-08-14 14:23:10",CC Token,CC Token
534,3124,534,meta_description,Ibu & Bayi/Popok/Popok Sekali Pakai,bahasa_indonesia,"2023-08-14 14:35:58","2023-08-14 14:35:58",CC Token,CC Token
534,3120,534,meta_keywords,Ibu & Bayi/Popok/Popok Sekali Pakai,bahasa_indonesia,"2023-08-14 14:35:58","2023-08-14 14:35:58",CC Token,CC Token
534,3125,534,meta_title,Ibu & Bayi/Popok/Popok Sekali Pakai,bahasa_indonesia,"2023-08-14 14:35:58","2023-08-14 14:35:58",CC Token,CC Token
534,3126,534,name,Ibu & Bayi/Popok/Popok Sekali Pakai,bahasa_indonesia,"2023-08-14 14:35:58","2023-08-14 14:35:58",CC Token,CC Token
534,3121,534,name,Ibu & Bayi/Popok/Popok Sekali Pakai,english,"2023-08-14 14:35:58","2023-08-14 14:35:58",CC Token,CC Token
534,3122,534,seo_url, ,bahasa_indonesia,"2023-08-14 14:35:58","2023-08-14 14:35:58",CC Token,CC Token
534,3123,534,tokopedia_category_ids,"2042",bahasa_indonesia,"2023-08-14 14:35:58","2023-08-14 14:35:58",CC Token,CC Token
569,3370,569,meta_description,Perawatan Tubuh/Perawatan Kulit/Body Lotion,bahasa_indonesia,"2023-08-21 15:33:10","2023-08-21 15:33:10",CC Token,CC Token
569,3367,569,meta_keywords,Perawatan Tubuh/Perawatan Kulit/Body Lotion,bahasa_indonesia,"2023-08-21 15:33:10","2023-08-21 15:33:10",CC Token,CC Token
569,3369,569,meta_title,Perawatan Tubuh/Perawatan Kulit/Body Lotion,bahasa_indonesia,"2023-08-21 15:33:10","2023-08-21 15:33:10",CC Token,CC Token
569,3366,569,name,Perawatan Tubuh/Perawatan Kulit/Body Lotion,bahasa_indonesia,"2023-08-21 15:33:10","2023-08-21 15:33:10",CC Token,CC Token
569,3368,569,name,Perawatan Tubuh/Perawatan Kulit/Body Lotion,english,"2023-08-21 15:33:10","2023-08-21 15:33:10",CC Token,CC Token
569,3365,569,seo_url, ,bahasa_indonesia,"2023-08-21 15:33:10","2023-08-21 15:33:10",CC Token,CC Token
569,3371,569,tokopedia_category_ids,"2136",bahasa_indonesia,"2023-08-21 15:33:10","2023-08-21 15:33:10",CC Token,CC Token
590,3517,590,meta_description,Perawatan Tubuh/Perawatan Kulit/Body Scrub,bahasa_indonesia,"2023-08-22 12:07:49","2023-08-22 12:07:49",CC Token,CC Token
590,3511,590,meta_keywords,Perawatan Tubuh/Perawatan Kulit/Body Scrub,bahasa_indonesia,"2023-08-22 12:07:49","2023-08-22 12:07:49",CC Token,CC Token
590,3515,590,meta_title,Perawatan Tubuh/Perawatan Kulit/Body Scrub,bahasa_indonesia,"2023-08-22 12:07:49","2023-08-22 12:07:49",CC Token,CC Token
590,3512,590,name,Perawatan Tubuh/Perawatan Kulit/Body Scrub,bahasa_indonesia,"2023-08-22 12:07:49","2023-08-22 12:07:49",CC Token,CC Token
590,3514,590,name,Perawatan Tubuh/Perawatan Kulit/Body Scrub,english,"2023-08-22 12:07:49","2023-08-22 12:07:49",CC Token,CC Token
590,3513,590,seo_url, ,bahasa_indonesia,"2023-08-22 12:07:49","2023-08-22 12:07:49",CC Token,CC Token
590,3516,590,tokopedia_category_ids,"2138",bahasa_indonesia,"2023-08-22 12:07:49","2023-08-22 12:07:49",CC Token,CC Token
596,3557,596,meta_description,Perawatan Tubuh/Perawatan Kulit/Deodorant,bahasa_indonesia,"2023-08-22 13:35:08","2023-08-22 13:35:08",CC Token,CC Token
596,3553,596,meta_keywords,Perawatan Tubuh/Perawatan Kulit/Deodorant,bahasa_indonesia,"2023-08-22 13:35:08","2023-08-22 13:35:08",CC Token,CC Token
596,3556,596,meta_title,Perawatan Tubuh/Perawatan Kulit/Deodorant,bahasa_indonesia,"2023-08-22 13:35:08","2023-08-22 13:35:08",CC Token,CC Token
596,3555,596,name,Perawatan Tubuh/Perawatan Kulit/Deodorant,bahasa_indonesia,"2023-08-22 13:35:08","2023-08-22 13:35:08",CC Token,CC Token
596,3559,596,name,Perawatan Tubuh/Perawatan Kulit/Deodorant,english,"2023-08-22 13:35:08","2023-08-22 13:35:08",CC Token,CC Token
596,3554,596,seo_url, ,bahasa_indonesia,"2023-08-22 13:35:08","2023-08-22 13:35:08",CC Token,CC Token
596,3558,596,tokopedia_category_ids,"2140",bahasa_indonesia,"2023-08-22 13:35:08","2023-08-22 13:35:08",CC Token,CC Token
592,3529,592,meta_description,Perawatan Tubuh/Perawatan Kulit/Sunblock Badan,bahasa_indonesia,"2023-08-22 13:12:46","2023-08-22 13:12:46",CC Token,CC Token
592,3525,592,meta_keywords,Perawatan Tubuh/Perawatan Kulit/Sunblock Badan,bahasa_indonesia,"2023-08-22 13:12:46","2023-08-22 13:12:46",CC Token,CC Token
592,3528,592,meta_title,Perawatan Tubuh/Perawatan Kulit/Sunblock Badan,bahasa_indonesia,"2023-08-22 13:12:46","2023-08-22 13:12:46",CC Token,CC Token
592,3527,592,name,Perawatan Tubuh/Perawatan Kulit/Sunblock Badan,bahasa_indonesia,"2023-08-22 13:12:46","2023-08-22 13:12:46",CC Token,CC Token
592,3531,592,name,Perawatan Tubuh/Perawatan Kulit/Sunblock Badan,english,"2023-08-22 13:12:46","2023-08-22 13:12:46",CC Token,CC Token
592,3526,592,seo_url, ,bahasa_indonesia,"2023-08-22 13:12:46","2023-08-22 13:12:46",CC Token,CC Token
592,3530,592,tokopedia_category_ids,"2141",bahasa_indonesia,"2023-08-22 13:12:46","2023-08-22 13:12:46",CC Token,CC Token
589,3504,589,meta_description,Perawatan Tubuh/Perawatan Kulit/Perontok Bulu,bahasa_indonesia,"2023-08-22 12:01:28","2023-08-22 12:01:28",CC Token,CC Token
589,3509,589,meta_keywords,Perawatan Tubuh/Perawatan Kulit/Perontok Bulu,bahasa_indonesia,"2023-08-22 12:01:28","2023-08-22 12:01:28",CC Token,CC Token
589,3508,589,meta_title,Perawatan Tubuh/Perawatan Kulit/Perontok Bulu,bahasa_indonesia,"2023-08-22 12:01:28","2023-08-22 12:01:28",CC Token,CC Token
589,3507,589,name,Perawatan Tubuh/Perawatan Kulit/Perontok Bulu,bahasa_indonesia,"2023-08-22 12:01:28","2023-08-22 12:01:28",CC Token,CC Token
589,3505,589,name,Perawatan Tubuh/Perawatan Kulit/Perontok Bulu,english,"2023-08-22 12:01:28","2023-08-22 12:01:28",CC Token,CC Token
589,3510,589,seo_url, ,bahasa_indonesia,"2023-08-22 12:01:28","2023-08-22 12:01:28",CC Token,CC Token
589,3506,589,tokopedia_category_ids,"2143",bahasa_indonesia,"2023-08-22 12:01:28","2023-08-22 12:01:28",CC Token,CC Token
572,3386,572,meta_description,Perawatan Tubuh/Perawatan Mata/Softlens,bahasa_indonesia,"2023-08-21 17:10:31","2023-08-21 17:10:31",CC Token,CC Token
572,3391,572,meta_keywords,Perawatan Tubuh/Perawatan Mata/Softlens,bahasa_indonesia,"2023-08-21 17:10:31","2023-08-21 17:10:31",CC Token,CC Token
572,3390,572,meta_title,Perawatan Tubuh/Perawatan Mata/Softlens,bahasa_indonesia,"2023-08-21 17:10:31","2023-08-21 17:10:31",CC Token,CC Token
572,3388,572,name,Perawatan Tubuh/Perawatan Mata/Softlens,bahasa_indonesia,"2023-08-21 17:10:31","2023-08-21 17:10:31",CC Token,CC Token
572,3389,572,name,Perawatan Tubuh/Perawatan Mata/Softlens,english,"2023-08-21 17:10:31","2023-08-21 17:10:31",CC Token,CC Token
572,3392,572,seo_url, ,bahasa_indonesia,"2023-08-21 17:10:31","2023-08-21 17:10:31",CC Token,CC Token
572,3387,572,tokopedia_category_ids,"2152",bahasa_indonesia,"2023-08-21 17:10:31","2023-08-21 17:10:31",CC Token,CC Token
571,3379,571,meta_description,Perawatan Tubuh/Perawatan Mata/Cairan Pembersih Sofltens,bahasa_indonesia,"2023-08-21 17:09:46","2023-08-21 17:09:46",CC Token,CC Token
571,3384,571,meta_keywords,Perawatan Tubuh/Perawatan Mata/Cairan Pembersih Sofltens,bahasa_indonesia,"2023-08-21 17:09:46","2023-08-21 17:09:46",CC Token,CC Token
571,3383,571,meta_title,Perawatan Tubuh/Perawatan Mata/Cairan Pembersih Sofltens,bahasa_indonesia,"2023-08-21 17:09:46","2023-08-21 17:09:46",CC Token,CC Token
571,3381,571,name,Perawatan Tubuh/Perawatan Mata/Cairan Pembersih Sofltens,bahasa_indonesia,"2023-08-21 17:09:46","2023-08-21 17:09:46",CC Token,CC Token
571,3382,571,name,Perawatan Tubuh/Perawatan Mata/Cairan Pembersih Sofltens,english,"2023-08-21 17:09:46","2023-08-21 17:09:46",CC Token,CC Token
571,3385,571,seo_url, ,bahasa_indonesia,"2023-08-21 17:09:46","2023-08-21 17:09:46",CC Token,CC Token
571,3380,571,tokopedia_category_ids,"2153",bahasa_indonesia,"2023-08-21 17:09:46","2023-08-21 17:09:46",CC Token,CC Token
573,3398,573,meta_description,Perawatan Tubuh/Perawatan Mata/Tetes Mata Softlens,bahasa_indonesia,"2023-08-21 17:11:16","2023-08-21 17:11:16",CC Token,CC Token
573,3396,573,meta_keywords,Perawatan Tubuh/Perawatan Mata/Tetes Mata Softlens,bahasa_indonesia,"2023-08-21 17:11:16","2023-08-21 17:11:16",CC Token,CC Token
573,3393,573,meta_title,Perawatan Tubuh/Perawatan Mata/Tetes Mata Softlens,bahasa_indonesia,"2023-08-21 17:11:16","2023-08-21 17:11:16",CC Token,CC Token
573,3394,573,name,Perawatan Tubuh/Perawatan Mata/Tetes Mata Softlens,bahasa_indonesia,"2023-08-21 17:11:16","2023-08-21 17:11:16",CC Token,CC Token
573,3399,573,name,Perawatan Tubuh/Perawatan Mata/Tetes Mata Softlens,english,"2023-08-21 17:11:16","2023-08-21 17:11:16",CC Token,CC Token
573,3397,573,seo_url, ,bahasa_indonesia,"2023-08-21 17:11:16","2023-08-21 17:11:16",CC Token,CC Token
573,3395,573,tokopedia_category_ids,"2154",bahasa_indonesia,"2023-08-21 17:11:16","2023-08-21 17:11:16",CC Token,CC Token
493,2789,493,meta_description,Dapatkan informasi Produk Medicine & Treatments Perawatan Tubuh/Kesehatan Gigi & Mulut/Obat kumur dan spray mulutpaling lengkap hanya di Halodoc. Konsultasi obat dengan dokter ? Order obat di Halodoc ? #TenangAdaHalodoc,bahasa_indonesia,"2023-07-17 13:57:52","2023-07-17 13:57:52",Dev,Dev
493,2790,493,meta_keywords,Produk Perawatan Tubuh/Kesehatan Gigi & Mulut/Obat kumur dan spray mulut Obat Perawatan Halodoc,bahasa_indonesia,"2023-07-17 13:57:52","2023-07-17 13:57:52",Dev,Dev
493,2892,493,meta_title,Perawatan Tubuh/Kesehatan Gigi & Mulut/Obat kumur dan spray mulut,bahasa_indonesia,"2023-07-17 14:35:34","2023-07-17 14:35:34",CC Token,CC Token
493,2792,493,name,Perawatan Tubuh/Kesehatan Gigi & Mulut/Obat kumur dan spray mulut,bahasa_indonesia,"2023-07-17 13:57:52","2023-07-17 13:57:52",Dev,Dev
493,2791,493,name,Perawatan Tubuh/Kesehatan Gigi & Mulut/Obat kumur dan spray mulut,english,"2023-07-17 13:57:52","2023-07-17 13:57:52",Dev,Dev
493,2891,493,seo_url, ,english,"2023-07-17 14:35:34","2023-07-17 14:35:34",CC Token,CC Token
493,2893,493,tokopedia_category_ids,"2163",bahasa_indonesia,"2023-07-17 14:35:34","2023-07-17 14:35:34",CC Token,CC Token
494,2793,494,meta_description,Dapatkan informasi Produk Medicine & Treatments Perawatan Tubuh/Kesehatan Gigi & Mulut/Pasta Gigipaling lengkap hanya di Halodoc. Konsultasi obat dengan dokter ? Order obat di Halodoc ? #TenangAdaHalodoc,bahasa_indonesia,"2023-07-17 13:57:52","2023-07-17 13:57:52",Dev,Dev
494,2795,494,meta_keywords,Produk Perawatan Tubuh/Kesehatan Gigi & Mulut/Pasta Gigi Obat Perawatan Halodoc,bahasa_indonesia,"2023-07-17 13:57:52","2023-07-17 13:57:52",Dev,Dev
494,2890,494,meta_title,Perawatan Tubuh/Kesehatan Gigi & Mulut/Pasta Gigi,bahasa_indonesia,"2023-07-17 14:35:15","2023-07-17 14:35:15",CC Token,CC Token
494,2796,494,name,Perawatan Tubuh/Kesehatan Gigi & Mulut/Pasta Gigi,bahasa_indonesia,"2023-07-17 13:57:52","2023-07-17 13:57:52",Dev,Dev
494,2794,494,name,Perawatan Tubuh/Kesehatan Gigi & Mulut/Pasta Gigi,english,"2023-07-17 13:57:52","2023-07-17 13:57:52",Dev,Dev
494,2889,494,seo_url, ,english,"2023-07-17 14:35:15","2023-07-17 14:35:15",CC Token,CC Token
494,2888,494,tokopedia_category_ids,"2164",bahasa_indonesia,"2023-07-17 14:35:15","2023-07-17 14:35:15",CC Token,CC Token
495,2797,495,meta_description,Dapatkan informasi Produk Medicine & Treatments Perawatan Tubuh/Kesehatan Gigi & Mulut/Pembersih Lidahpaling lengkap hanya di Halodoc. Konsultasi obat dengan dokter ? Order obat di Halodoc ? #TenangAdaHalodoc,bahasa_indonesia,"2023-07-17 13:57:52","2023-07-17 13:57:52",Dev,Dev
495,2798,495,meta_keywords,Produk Perawatan Tubuh/Kesehatan Gigi & Mulut/Pembersih Lidah Obat Perawatan Halodoc,bahasa_indonesia,"2023-07-17 13:57:52","2023-07-17 13:57:52",Dev,Dev
495,2871,495,meta_title,Perawatan Tubuh/Kesehatan Gigi & Mulut/Pembersih Lidah,bahasa_indonesia,"2023-07-17 14:32:46","2023-07-17 14:32:46",CC Token,CC Token
495,2800,495,name,Perawatan Tubuh/Kesehatan Gigi & Mulut/Pembersih Lidah,bahasa_indonesia,"2023-07-17 13:57:52","2023-07-17 13:57:52",Dev,Dev
495,2799,495,name,Perawatan Tubuh/Kesehatan Gigi & Mulut/Pembersih Lidah,english,"2023-07-17 13:57:52","2023-07-17 13:57:52",Dev,Dev
495,2870,495,seo_url, ,english,"2023-07-17 14:32:46","2023-07-17 14:32:46",CC Token,CC Token
495,2887,495,tokopedia_category_ids,"2165",bahasa_indonesia,"2023-07-17 14:34:54","2023-07-17 14:34:54",CC Token,CC Token
497,2806,497,meta_description,Dapatkan informasi Produk Medicine & Treatments Perawatan Tubuh/Kesehatan Gigi & Mulut/Sikat Gigipaling lengkap hanya di Halodoc. Konsultasi obat dengan dokter ? Order obat di Halodoc ? #TenangAdaHalodoc,bahasa_indonesia,"2023-07-17 13:57:52","2023-07-17 13:57:52",Dev,Dev
497,2805,497,meta_keywords,Produk Perawatan Tubuh/Kesehatan Gigi & Mulut/Sikat Gigi Obat Perawatan Halodoc,bahasa_indonesia,"2023-07-17 13:57:52","2023-07-17 13:57:52",Dev,Dev
497,2883,497,meta_title,Perawatan Tubuh/Kesehatan Gigi & Mulut/Sikat Gigi,bahasa_indonesia,"2023-07-17 14:33:52","2023-07-17 14:33:52",CC Token,CC Token
497,2807,497,name,Perawatan Tubuh/Kesehatan Gigi & Mulut/Sikat Gigi,bahasa_indonesia,"2023-07-17 13:57:52","2023-07-17 13:57:52",Dev,Dev
497,2808,497,name,Perawatan Tubuh/Kesehatan Gigi & Mulut/Sikat Gigi,english,"2023-07-17 13:57:52","2023-07-17 13:57:52",Dev,Dev
497,2882,497,seo_url, ,english,"2023-07-17 14:33:52","2023-07-17 14:33:52",CC Token,CC Token
497,2881,497,tokopedia_category_ids,"2166",bahasa_indonesia,"2023-07-17 14:33:52","2023-07-17 14:33:52",CC Token,CC Token
496,2801,496,meta_description,Dapatkan informasi Produk Medicine & Treatments Perawatan Tubuh/Kesehatan Gigi & Mulut/Pemutih Gigipaling lengkap hanya di Halodoc. Konsultasi obat dengan dokter ? Order obat di Halodoc ? #TenangAdaHalodoc,bahasa_indonesia,"2023-07-17 13:57:52","2023-07-17 13:57:52",Dev,Dev
496,2802,496,meta_keywords,Produk Perawatan Tubuh/Kesehatan Gigi & Mulut/Pemutih Gigi Obat Perawatan Halodoc,bahasa_indonesia,"2023-07-17 13:57:52","2023-07-17 13:57:52",Dev,Dev
496,2886,496,meta_title,Perawatan Tubuh/Kesehatan Gigi & Mulut/Pemutih Gigi,bahasa_indonesia,"2023-07-17 14:34:18","2023-07-17 14:34:18",CC Token,CC Token
496,2804,496,name,Perawatan Tubuh/Kesehatan Gigi & Mulut/Pemutih Gigi,bahasa_indonesia,"2023-07-17 13:57:52","2023-07-17 13:57:52",Dev,Dev
496,2803,496,name,Perawatan Tubuh/Kesehatan Gigi & Mulut/Pemutih Gigi,english,"2023-07-17 13:57:52","2023-07-17 13:57:52",Dev,Dev
496,2885,496,seo_url, ,english,"2023-07-17 14:34:18","2023-07-17 14:34:18",CC Token,CC Token
496,2884,496,tokopedia_category_ids,"2167",bahasa_indonesia,"2023-07-17 14:34:18","2023-07-17 14:34:18",CC Token,CC Token
498,2809,498,meta_description,Dapatkan informasi Produk Medicine & Treatments Perawatan Tubuh/Kesehatan Gigi & Mulut/benang dan tusuk gigipaling lengkap hanya di Halodoc. Konsultasi obat dengan dokter ? Order obat di Halodoc ? #TenangAdaHalodoc,bahasa_indonesia,"2023-07-17 13:57:52","2023-07-17 13:57:52",Dev,Dev
498,2810,498,meta_keywords,Produk Perawatan Tubuh/Kesehatan Gigi & Mulut/benang dan tusuk gigi Obat Perawatan Halodoc,bahasa_indonesia,"2023-07-17 13:57:52","2023-07-17 13:57:52",Dev,Dev
498,2880,498,meta_title,Perawatan Tubuh/Kesehatan Gigi & Mulut/benang dan tusuk gigi,bahasa_indonesia,"2023-07-17 14:33:35","2023-07-17 14:33:35",CC Token,CC Token
498,2812,498,name,Perawatan Tubuh/Kesehatan Gigi & Mulut/benang dan tusuk gigi,bahasa_indonesia,"2023-07-17 13:57:52","2023-07-17 13:57:52",Dev,Dev
498,2811,498,name,Perawatan Tubuh/Kesehatan Gigi & Mulut/benang dan tusuk gigi,english,"2023-07-17 13:57:52","2023-07-17 13:57:52",Dev,Dev
498,2879,498,seo_url, ,english,"2023-07-17 14:33:35","2023-07-17 14:33:35",CC Token,CC Token
498,2878,498,tokopedia_category_ids,"2168",bahasa_indonesia,"2023-07-17 14:33:35","2023-07-17 14:33:35",CC Token,CC Token
500,2818,500,meta_description,Dapatkan informasi Produk Medicine & Treatments Perawatan Tubuh/Produk Kewanitaan/Pembalutpaling lengkap hanya di Halodoc. Konsultasi obat dengan dokter ? Order obat di Halodoc ? #TenangAdaHalodoc,bahasa_indonesia,"2023-07-17 13:57:52","2023-07-17 13:57:52",Dev,Dev
500,2817,500,meta_keywords,Produk Perawatan Tubuh/Produk Kewanitaan/Pembalut Obat Perawatan Halodoc,bahasa_indonesia,"2023-07-17 13:57:52","2023-07-17 13:57:52",Dev,Dev
500,2866,500,meta_title,Perawatan Tubuh/Produk Kewanitaan/Pembalut,bahasa_indonesia,"2023-07-17 14:32:15","2023-07-17 14:32:15",CC Token,CC Token
500,2819,500,name,Perawatan Tubuh/Produk Kewanitaan/Pembalut,bahasa_indonesia,"2023-07-17 13:57:52","2023-07-17 13:57:52",Dev,Dev
500,2820,500,name,Perawatan Tubuh/Produk Kewanitaan/Pembalut,english,"2023-07-17 13:57:52","2023-07-17 13:57:52",Dev,Dev
500,2865,500,seo_url, ,english,"2023-07-17 14:32:15","2023-07-17 14:32:15",CC Token,CC Token
500,2864,500,tokopedia_category_ids,"2169",bahasa_indonesia,"2023-07-17 14:32:15","2023-07-17 14:32:15",CC Token,CC Token
502,2825,502,meta_description,Dapatkan informasi Produk Medicine & Treatments Perawatan Tubuh/Produk Kewanitaan/Sabun Kewanitaanpaling lengkap hanya di Halodoc. Konsultasi obat dengan dokter ? Order obat di Halodoc ? #TenangAdaHalodoc,bahasa_indonesia,"2023-07-17 13:57:52","2023-07-17 13:57:52",Dev,Dev
502,2827,502,meta_keywords,Produk Perawatan Tubuh/Produk Kewanitaan/Sabun Kewanitaan Obat Perawatan Halodoc,bahasa_indonesia,"2023-07-17 13:57:52","2023-07-17 13:57:52",Dev,Dev
502,2874,502,meta_title,Perawatan Tubuh/Produk Kewanitaan/Sabun Kewanitaan,bahasa_indonesia,"2023-07-17 14:32:49","2023-07-17 14:32:49",CC Token,CC Token
502,2828,502,name,Perawatan Tubuh/Produk Kewanitaan/Sabun Kewanitaan,bahasa_indonesia,"2023-07-17 13:57:52","2023-07-17 13:57:52",Dev,Dev
502,2826,502,name,Perawatan Tubuh/Produk Kewanitaan/Sabun Kewanitaan,english,"2023-07-17 13:57:52","2023-07-17 13:57:52",Dev,Dev
502,2873,502,seo_url, ,english,"2023-07-17 14:32:49","2023-07-17 14:32:49",CC Token,CC Token
502,2872,502,tokopedia_category_ids,"2170",bahasa_indonesia,"2023-07-17 14:32:49","2023-07-17 14:32:49",CC Token,CC Token
575,3412,575,meta_description,Perawatan Tubuh/Perawatan Rambut/Vitamin & Serum Rambut,bahasa_indonesia,"2023-08-21 17:49:49","2023-08-21 17:49:49",CC Token,CC Token
575,3407,575,meta_keywords,Perawatan Tubuh/Perawatan Rambut/Vitamin & Serum Rambut,bahasa_indonesia,"2023-08-21 17:49:49","2023-08-21 17:49:49",CC Token,CC Token
575,3410,575,meta_title,Perawatan Tubuh/Perawatan Rambut/Vitamin & Serum Rambut,bahasa_indonesia,"2023-08-21 17:49:49","2023-08-21 17:49:49",CC Token,CC Token
575,3408,575,name,Perawatan Tubuh/Perawatan Rambut/Vitamin & Serum Rambut,bahasa_indonesia,"2023-08-21 17:49:49","2023-08-21 17:49:49",CC Token,CC Token
575,3411,575,name,Perawatan Tubuh/Perawatan Rambut/Vitamin & Serum Rambut,english,"2023-08-21 17:49:49","2023-08-21 17:49:49",CC Token,CC Token
575,3409,575,seo_url, ,bahasa_indonesia,"2023-08-21 17:49:49","2023-08-21 17:49:49",CC Token,CC Token
575,3413,575,tokopedia_category_ids,"2172",bahasa_indonesia,"2023-08-21 17:49:49","2023-08-21 17:49:49",CC Token,CC Token
577,3426,577,meta_description,Perawatan Tubuh/Perawatan Rambut/Pewarna Rambut,bahasa_indonesia,"2023-08-21 18:04:30","2023-08-21 18:04:30",CC Token,CC Token
577,3424,577,meta_keywords,Perawatan Tubuh/Perawatan Rambut/Pewarna Rambut,bahasa_indonesia,"2023-08-21 18:04:30","2023-08-21 18:04:30",CC Token,CC Token
577,3421,577,meta_title,Perawatan Tubuh/Perawatan Rambut/Pewarna Rambut,bahasa_indonesia,"2023-08-21 18:04:30","2023-08-21 18:04:30",CC Token,CC Token
577,3422,577,name,Perawatan Tubuh/Perawatan Rambut/Pewarna Rambut,bahasa_indonesia,"2023-08-21 18:04:30","2023-08-21 18:04:30",CC Token,CC Token
577,3427,577,name,Perawatan Tubuh/Perawatan Rambut/Pewarna Rambut,english,"2023-08-21 18:04:30","2023-08-21 18:04:30",CC Token,CC Token
577,3425,577,seo_url, ,bahasa_indonesia,"2023-08-21 18:04:30","2023-08-21 18:04:30",CC Token,CC Token
577,3423,577,tokopedia_category_ids,"2173",bahasa_indonesia,"2023-08-21 18:04:30","2023-08-21 18:04:30",CC Token,CC Token
556,4944,556,blibli_category_ids,"",bahasa_indonesia,"2024-06-05 11:42:40","2024-06-05 11:42:40",CC Token,CC Token
556,3278,556,meta_description,[Perawatan Tubuh/Perawatan Rambut/Shampoo],bahasa_indonesia,"2023-08-15 13:55:36","2023-08-15 13:55:36",CC Token,CC Token
556,3275,556,meta_keywords,[Perawatan Tubuh/Perawatan Rambut/Shampoo],bahasa_indonesia,"2023-08-15 13:55:36","2023-08-15 13:55:36",CC Token,CC Token
556,3276,556,meta_title,[Perawatan Tubuh/Perawatan Rambut/Shampoo],bahasa_indonesia,"2023-08-15 13:55:36","2023-08-15 13:55:36",CC Token,CC Token
556,3273,556,name,Perawatan Tubuh/Perawatan Rambut/Shampoo,bahasa_indonesia,"2023-08-15 13:55:36","2024-06-05 11:42:40",CC Token,CC Token
556,3277,556,name,Perawatan Tubuh/Perawatan Rambut/Shampoo,english,"2023-08-15 13:55:36","2024-06-05 11:42:40",CC Token,CC Token
556,3274,556,seo_url, ,bahasa_indonesia,"2023-08-15 13:55:36","2023-08-15 13:55:36",CC Token,CC Token
556,4945,556,seo_url,"",english,"2024-06-05 11:42:40","2024-06-05 11:42:40",CC Token,CC Token
556,3279,556,tokopedia_category_ids,"2174",bahasa_indonesia,"2023-08-15 13:55:36","2023-08-15 13:55:36",CC Token,CC Token
574,3402,574,meta_description,Perawatan Tubuh/Perawatan Rambut/Hair tonic,bahasa_indonesia,"2023-08-21 17:32:29","2023-08-21 17:32:29",CC Token,CC Token
574,3400,574,meta_keywords,Perawatan Tubuh/Perawatan Rambut/Hair tonic,bahasa_indonesia,"2023-08-21 17:32:29","2023-08-21 17:32:29",CC Token,CC Token
574,3403,574,meta_title,Perawatan Tubuh/Perawatan Rambut/Hair tonic,bahasa_indonesia,"2023-08-21 17:32:29","2023-08-21 17:32:29",CC Token,CC Token
574,3406,574,name,Perawatan Tubuh/Perawatan Rambut/Hair tonic,bahasa_indonesia,"2023-08-21 17:32:29","2023-08-21 17:32:29",CC Token,CC Token
574,3405,574,name,Perawatan Tubuh/Perawatan Rambut/Hair tonic,english,"2023-08-21 17:32:29","2023-08-21 17:32:29",CC Token,CC Token
574,3404,574,seo_url, ,bahasa_indonesia,"2023-08-21 17:32:29","2023-08-21 17:32:29",CC Token,CC Token
574,3401,574,tokopedia_category_ids,"2177",bahasa_indonesia,"2023-08-21 17:32:29","2023-08-21 17:32:29",CC Token,CC Token
581,3452,581,meta_description,Perawatan Tubuh/Perawatan Kaki & Tangan/Hand Sanitizer,bahasa_indonesia,"2023-08-22 09:50:40","2023-08-22 09:50:40",CC Token,CC Token
581,3446,581,meta_keywords,Perawatan Tubuh/Perawatan Kaki & Tangan/Hand Sanitizer,bahasa_indonesia,"2023-08-22 09:50:40","2023-08-22 09:50:40",CC Token,CC Token
581,3450,581,meta_title,Perawatan Tubuh/Perawatan Kaki & Tangan/Hand Sanitizer,bahasa_indonesia,"2023-08-22 09:50:40","2023-08-22 09:50:40",CC Token,CC Token
581,3447,581,name,Perawatan Tubuh/Perawatan Kaki & Tangan/Hand Sanitizer,bahasa_indonesia,"2023-08-22 09:50:40","2023-08-22 09:50:40",CC Token,CC Token
581,3449,581,name,Perawatan Tubuh/Perawatan Kaki & Tangan/Hand Sanitizer,english,"2023-08-22 09:50:40","2023-08-22 09:50:40",CC Token,CC Token
581,3448,581,seo_url, ,bahasa_indonesia,"2023-08-22 09:50:40","2023-08-22 09:50:40",CC Token,CC Token
581,3451,581,tokopedia_category_ids,"2184",bahasa_indonesia,"2023-08-22 09:50:40","2023-08-22 09:50:40",CC Token,CC Token
588,3497,588,meta_description,Perawatan Tubuh/ Perawatan Kaki & Tangan/Sabun Cuci Tangan,bahasa_indonesia,"2023-08-22 11:06:38","2023-08-22 11:06:38",CC Token,CC Token
588,3502,588,meta_keywords,Perawatan Tubuh/ Perawatan Kaki & Tangan/Sabun Cuci Tangan,bahasa_indonesia,"2023-08-22 11:06:38","2023-08-22 11:06:38",CC Token,CC Token
588,3501,588,meta_title,Perawatan Tubuh/ Perawatan Kaki & Tangan/Sabun Cuci Tangan,bahasa_indonesia,"2023-08-22 11:06:38","2023-08-22 11:06:38",CC Token,CC Token
588,3500,588,name,Perawatan Tubuh/ Perawatan Kaki & Tangan/Sabun Cuci Tangan,bahasa_indonesia,"2023-08-22 11:06:38","2023-08-22 11:06:38",CC Token,CC Token
588,3498,588,name,Perawatan Tubuh/ Perawatan Kaki & Tangan/Sabun Cuci Tangan,english,"2023-08-22 11:06:38","2023-08-22 11:06:38",CC Token,CC Token
588,3503,588,seo_url, ,bahasa_indonesia,"2023-08-22 11:06:38","2023-08-22 11:06:38",CC Token,CC Token
588,3499,588,tokopedia_category_ids,"2187",bahasa_indonesia,"2023-08-22 11:06:38","2023-08-22 11:06:38",CC Token,CC Token
599,3576,599,meta_description,"Perawatan Tubuh/Parfum, Cologne, & Fragrance/Parfum & Cologne Wanita",bahasa_indonesia,"2023-08-22 13:44:07","2023-08-22 13:44:07",CC Token,CC Token
599,3580,599,meta_keywords,"Perawatan Tubuh/Parfum, Cologne, & Fragrance/Parfum & Cologne Wanita",bahasa_indonesia,"2023-08-22 13:44:07","2023-08-22 13:44:07",CC Token,CC Token
599,3579,599,meta_title,"Perawatan Tubuh/Parfum, Cologne, & Fragrance/Parfum & Cologne Wanita",bahasa_indonesia,"2023-08-22 13:44:07","2023-08-22 13:44:07",CC Token,CC Token
599,3578,599,name,"Perawatan Tubuh/Parfum, Cologne, & Fragrance/Parfum & Cologne Wanita",bahasa_indonesia,"2023-08-22 13:44:07","2023-08-22 13:44:07",CC Token,CC Token
599,3575,599,name,"Perawatan Tubuh/Parfum, Cologne, & Fragrance/Parfum & Cologne Wanita",english,"2023-08-22 13:44:07","2023-08-22 13:44:07",CC Token,CC Token
599,3574,599,seo_url, ,bahasa_indonesia,"2023-08-22 13:44:07","2023-08-22 13:44:07",CC Token,CC Token
599,3577,599,tokopedia_category_ids,"2189",bahasa_indonesia,"2023-08-22 13:44:07","2023-08-22 13:44:07",CC Token,CC Token
597,3560,597,meta_description,"Perawatan Tubuh/Parfum, Cologne, & Fragrance/Parfum & Cologne Pria",bahasa_indonesia,"2023-08-22 13:42:02","2023-08-22 13:42:02",CC Token,CC Token
597,3565,597,meta_keywords,"Perawatan Tubuh/Parfum, Cologne, & Fragrance/Parfum & Cologne Pria",bahasa_indonesia,"2023-08-22 13:42:02","2023-08-22 13:42:02",CC Token,CC Token
597,3564,597,meta_title,"Perawatan Tubuh/Parfum, Cologne, & Fragrance/Parfum & Cologne Pria",bahasa_indonesia,"2023-08-22 13:42:02","2023-08-22 13:42:02",CC Token,CC Token
597,3563,597,name,"Perawatan Tubuh/Parfum, Cologne, & Fragrance/Parfum & Cologne Pria",bahasa_indonesia,"2023-08-22 13:42:02","2023-08-22 13:42:02",CC Token,CC Token
597,3561,597,name,"Perawatan Tubuh/Parfum, Cologne, & Fragrance/Parfum & Cologne Pria",english,"2023-08-22 13:42:02","2023-08-22 13:42:02",CC Token,CC Token
597,3566,597,seo_url, ,bahasa_indonesia,"2023-08-22 13:42:02","2023-08-22 13:42:02",CC Token,CC Token
597,3562,597,tokopedia_category_ids,"2190",bahasa_indonesia,"2023-08-22 13:42:02","2023-08-22 13:42:02",CC Token,CC Token
598,3573,598,meta_description,"Perawatan Tubuh/Parfum, Cologne, & Fragrance/Parfum & Cologne Unisex",bahasa_indonesia,"2023-08-22 13:43:23","2023-08-22 13:43:23",CC Token,CC Token
598,3569,598,meta_keywords,"Perawatan Tubuh/Parfum, Cologne, & Fragrance/Parfum & Cologne Unisex",bahasa_indonesia,"2023-08-22 13:43:23","2023-08-22 13:43:23",CC Token,CC Token
598,3570,598,meta_title,"Perawatan Tubuh/Parfum, Cologne, & Fragrance/Parfum & Cologne Unisex",bahasa_indonesia,"2023-08-22 13:43:23","2023-08-22 13:43:23",CC Token,CC Token
598,3567,598,name,"Perawatan Tubuh/Parfum, Cologne, & Fragrance/Parfum & Cologne Unisex",bahasa_indonesia,"2023-08-22 13:43:23","2023-08-22 13:43:23",CC Token,CC Token
598,3571,598,name,"Perawatan Tubuh/Parfum, Cologne, & Fragrance/Parfum & Cologne Unisex",english,"2023-08-22 13:43:23","2023-08-22 13:43:23",CC Token,CC Token
598,3572,598,seo_url, ,bahasa_indonesia,"2023-08-22 13:43:23","2023-08-22 13:43:23",CC Token,CC Token
598,3568,598,tokopedia_category_ids,"2191",bahasa_indonesia,"2023-08-22 13:43:23","2023-08-22 13:43:23",CC Token,CC Token
606,3629,606,meta_description,Kecantikan/Make up Wajah/Cushion,bahasa_indonesia,"2023-08-22 16:07:11","2023-08-22 16:07:11",CC Token,CC Token
606,3623,606,meta_keywords,Kecantikan/Make up Wajah/Cushion,bahasa_indonesia,"2023-08-22 16:07:11","2023-08-22 16:07:11",CC Token,CC Token
606,3627,606,meta_title,Kecantikan/Make up Wajah/Cushion,bahasa_indonesia,"2023-08-22 16:07:11","2023-08-22 16:07:11",CC Token,CC Token
606,3624,606,name,Kecantikan/Make up Wajah/Cushion,bahasa_indonesia,"2023-08-22 16:07:11","2023-08-22 16:07:11",CC Token,CC Token
606,3626,606,name,Kecantikan/Make up Wajah/Cushion,english,"2023-08-22 16:07:11","2023-08-22 16:07:11",CC Token,CC Token
606,3625,606,seo_url, ,bahasa_indonesia,"2023-08-22 16:07:11","2023-08-22 16:07:11",CC Token,CC Token
606,3628,606,tokopedia_category_ids,"2209",bahasa_indonesia,"2023-08-22 16:07:11","2023-08-22 16:07:11",CC Token,CC Token
608,3643,608,meta_description,Kecantikan/Make up Wajah/Bedak Wajah,bahasa_indonesia,"2023-08-22 16:18:31","2023-08-22 16:18:31",CC Token,CC Token
608,3639,608,meta_keywords,Kecantikan/Make up Wajah/Bedak Wajah,bahasa_indonesia,"2023-08-22 16:18:31","2023-08-22 16:18:31",CC Token,CC Token
608,3640,608,meta_title,Kecantikan/Make up Wajah/Bedak Wajah,bahasa_indonesia,"2023-08-22 16:18:31","2023-08-22 16:18:31",CC Token,CC Token
608,3637,608,name,Kecantikan/Make up Wajah/Bedak Wajah,bahasa_indonesia,"2023-08-22 16:18:31","2023-08-22 16:18:31",CC Token,CC Token
608,3641,608,name,Kecantikan/Make up Wajah/Bedak Wajah,english,"2023-08-22 16:18:31","2023-08-22 16:18:31",CC Token,CC Token
608,3642,608,seo_url, ,bahasa_indonesia,"2023-08-22 16:18:31","2023-08-22 16:18:31",CC Token,CC Token
608,3638,608,tokopedia_category_ids,"2211",bahasa_indonesia,"2023-08-22 16:18:31","2023-08-22 16:18:31",CC Token,CC Token
610,3652,610,meta_description,Kecantikan/Eyebrow Kit/Pensil Alis,bahasa_indonesia,"2023-08-22 16:19:56","2023-08-22 16:19:56",CC Token,CC Token
610,3653,610,meta_keywords,Kecantikan/Eyebrow Kit/Pensil Alis,bahasa_indonesia,"2023-08-22 16:19:56","2023-08-22 16:19:56",CC Token,CC Token
610,3657,610,meta_title,Kecantikan/Eyebrow Kit/Pensil Alis,bahasa_indonesia,"2023-08-22 16:19:56","2023-08-22 16:19:56",CC Token,CC Token
610,3655,610,name,Kecantikan/Eyebrow Kit/Pensil Alis,bahasa_indonesia,"2023-08-22 16:19:56","2023-08-22 16:19:56",CC Token,CC Token
610,3656,610,name,Kecantikan/Eyebrow Kit/Pensil Alis,english,"2023-08-22 16:19:56","2023-08-22 16:19:56",CC Token,CC Token
610,3651,610,seo_url, ,bahasa_indonesia,"2023-08-22 16:19:56","2023-08-22 16:19:56",CC Token,CC Token
610,3654,610,tokopedia_category_ids,"2216",bahasa_indonesia,"2023-08-22 16:19:56","2023-08-22 16:19:56",CC Token,CC Token
611,3659,611,meta_description,Kecantikan/Make up Mata/Eyeshadow,bahasa_indonesia,"2023-08-22 16:24:36","2023-08-22 16:24:36",CC Token,CC Token
611,3660,611,meta_keywords,Kecantikan/Make up Mata/Eyeshadow,bahasa_indonesia,"2023-08-22 16:24:36","2023-08-22 16:24:36",CC Token,CC Token
611,3664,611,meta_title,Kecantikan/Make up Mata/Eyeshadow,bahasa_indonesia,"2023-08-22 16:24:36","2023-08-22 16:24:36",CC Token,CC Token
611,3662,611,name,Kecantikan/Make up Mata/Eyeshadow,bahasa_indonesia,"2023-08-22 16:24:36","2023-08-22 16:24:36",CC Token,CC Token
611,3663,611,name,Kecantikan/Make up Mata/Eyeshadow,english,"2023-08-22 16:24:36","2023-08-22 16:24:36",CC Token,CC Token
611,3658,611,seo_url, ,bahasa_indonesia,"2023-08-22 16:24:36","2023-08-22 16:24:36",CC Token,CC Token
611,3661,611,tokopedia_category_ids,"2221",bahasa_indonesia,"2023-08-22 16:24:36","2023-08-22 16:24:36",CC Token,CC Token
595,3546,595,meta_description,Kecantikan/Lip Color & Lip Care/Lipstik,bahasa_indonesia,"2023-08-22 13:33:25","2023-08-22 13:33:25",CC Token,CC Token
595,3550,595,meta_keywords,Kecantikan/Lip Color & Lip Care/Lipstik,bahasa_indonesia,"2023-08-22 13:33:25","2023-08-22 13:33:25",CC Token,CC Token
595,3548,595,meta_title,Kecantikan/Lip Color & Lip Care/Lipstik,bahasa_indonesia,"2023-08-22 13:33:25","2023-08-22 13:33:25",CC Token,CC Token
595,3549,595,name,Kecantikan/Lip Color & Lip Care/Lipstik,bahasa_indonesia,"2023-08-22 13:33:25","2023-08-22 13:33:25",CC Token,CC Token
595,3552,595,name,Kecantikan/Lip Color & Lip Care/Lipstik,english,"2023-08-22 13:33:25","2023-08-22 13:33:25",CC Token,CC Token
595,3547,595,seo_url, ,bahasa_indonesia,"2023-08-22 13:33:25","2023-08-22 13:33:25",CC Token,CC Token
595,3551,595,tokopedia_category_ids,"2227",bahasa_indonesia,"2023-08-22 13:33:25","2023-08-22 13:33:25",CC Token,CC Token
538,3148,538,meta_description,Kecantikan/Perawatan Wajah/Krim Wajah,bahasa_indonesia,"2023-08-14 15:11:10","2023-08-14 15:11:10",CC Token,CC Token
538,3152,538,meta_keywords,Kecantikan/Perawatan Wajah/Krim Wajah,bahasa_indonesia,"2023-08-14 15:11:10","2023-08-14 15:11:10",CC Token,CC Token
538,3149,538,meta_title,Kecantikan/Perawatan Wajah/Krim Wajah,bahasa_indonesia,"2023-08-14 15:11:10","2023-08-14 15:11:10",CC Token,CC Token
538,3151,538,name,Kecantikan/Perawatan Wajah/Krim Wajah,bahasa_indonesia,"2023-08-14 15:11:10","2023-08-14 15:11:10",CC Token,CC Token
538,3154,538,name,Kecantikan/Perawatan Wajah/Krim Wajah,english,"2023-08-14 15:11:10","2023-08-14 15:11:10",CC Token,CC Token
538,3150,538,seo_url, ,bahasa_indonesia,"2023-08-14 15:11:10","2023-08-14 15:11:10",CC Token,CC Token
538,3153,538,tokopedia_category_ids,"2261",bahasa_indonesia,"2023-08-14 15:11:10","2023-08-14 15:11:10",CC Token,CC Token
584,3469,584,meta_description,Kecantikan/Perawatan Wajah/Krim Mata,bahasa_indonesia,"2023-08-22 10:41:35","2023-08-22 10:41:35",CC Token,CC Token
584,3474,584,meta_keywords,Kecantikan/Perawatan Wajah/Krim Mata,bahasa_indonesia,"2023-08-22 10:41:35","2023-08-22 10:41:35",CC Token,CC Token
584,3473,584,meta_title,Kecantikan/Perawatan Wajah/Krim Mata,bahasa_indonesia,"2023-08-22 10:41:35","2023-08-22 10:41:35",CC Token,CC Token
584,3472,584,name,Kecantikan/Perawatan Wajah/Krim Mata,bahasa_indonesia,"2023-08-22 10:41:35","2023-08-22 10:41:35",CC Token,CC Token
584,3470,584,name,Kecantikan/Perawatan Wajah/Krim Mata,english,"2023-08-22 10:41:35","2023-08-22 10:41:35",CC Token,CC Token
584,3475,584,seo_url, ,bahasa_indonesia,"2023-08-22 10:41:35","2023-08-22 10:41:35",CC Token,CC Token
584,3471,584,tokopedia_category_ids,"2262",bahasa_indonesia,"2023-08-22 10:41:35","2023-08-22 10:41:35",CC Token,CC Token
583,3467,583,meta_description,Kecantikan/Perawatan Wajah/Serum Wajah,bahasa_indonesia,"2023-08-22 10:38:17","2023-08-22 10:38:17",CC Token,CC Token
583,3464,583,meta_keywords,Kecantikan/Perawatan Wajah/Serum Wajah,bahasa_indonesia,"2023-08-22 10:38:17","2023-08-22 10:38:17",CC Token,CC Token
583,3468,583,meta_title,Kecantikan/Perawatan Wajah/Serum Wajah,bahasa_indonesia,"2023-08-22 10:38:17","2023-08-22 10:38:17",CC Token,CC Token
583,3462,583,name,Kecantikan/Perawatan Wajah/Serum Wajah,bahasa_indonesia,"2023-08-22 10:38:17","2023-08-22 10:38:17",CC Token,CC Token
583,3463,583,name,Kecantikan/Perawatan Wajah/Serum Wajah,english,"2023-08-22 10:38:17","2023-08-22 10:38:17",CC Token,CC Token
583,3466,583,seo_url, ,bahasa_indonesia,"2023-08-22 10:38:17","2023-08-22 10:38:17",CC Token,CC Token
583,3465,583,tokopedia_category_ids,"2265",bahasa_indonesia,"2023-08-22 10:38:17","2023-08-22 10:38:17",CC Token,CC Token
536,3138,536,meta_description,Kecantikan/Perawatan Wajah/Cleanser Wajah,bahasa_indonesia,"2023-08-14 15:09:01","2023-08-14 15:09:01",CC Token,CC Token
536,3135,536,meta_keywords,Kecantikan/Perawatan Wajah/Cleanser Wajah,bahasa_indonesia,"2023-08-14 15:09:01","2023-08-14 15:09:01",CC Token,CC Token
536,3139,536,meta_title,Kecantikan/Perawatan Wajah/Cleanser Wajah,bahasa_indonesia,"2023-08-14 15:09:01","2023-08-14 15:09:01",CC Token,CC Token
536,3140,536,name,Kecantikan/Perawatan Wajah/Cleanser Wajah,bahasa_indonesia,"2023-08-14 15:09:01","2023-08-14 15:09:01",CC Token,CC Token
536,3134,536,name,Kecantikan/Perawatan Wajah/Cleanser Wajah,english,"2023-08-14 15:09:01","2023-08-14 15:09:01",CC Token,CC Token
536,3136,536,seo_url, ,bahasa_indonesia,"2023-08-14 15:09:01","2023-08-14 15:09:01",CC Token,CC Token
536,3137,536,tokopedia_category_ids,"2266",bahasa_indonesia,"2023-08-14 15:09:01","2023-08-14 15:09:01",CC Token,CC Token
562,3321,562,meta_description,Kecantikan/Perawatan Wajah/Scrub Wajah,bahasa_indonesia,"2023-08-18 14:53:07","2023-08-18 14:53:07",CC Token,CC Token
562,3320,562,meta_keywords,Kecantikan/Perawatan Wajah/Scrub Wajah,bahasa_indonesia,"2023-08-18 14:53:07","2023-08-18 14:53:07",CC Token,CC Token
562,3316,562,meta_title,Kecantikan/Perawatan Wajah/Scrub Wajah,bahasa_indonesia,"2023-08-18 14:53:07","2023-08-18 14:53:07",CC Token,CC Token
562,3318,562,name,Kecantikan/Perawatan Wajah/Scrub Wajah,bahasa_indonesia,"2023-08-18 14:53:07","2023-08-18 14:53:07",CC Token,CC Token
562,3319,562,name,Kecantikan/Perawatan Wajah/Scrub Wajah,english,"2023-08-18 14:53:07","2023-08-18 14:53:07",CC Token,CC Token
562,3317,562,seo_url, ,bahasa_indonesia,"2023-08-18 14:53:07","2023-08-18 14:53:07",CC Token,CC Token
562,3322,562,tokopedia_category_ids,"2269",bahasa_indonesia,"2023-08-18 14:53:07","2023-08-18 14:53:07",CC Token,CC Token
127,1121,127,meta_description,Kesehatan/Essential Oil,bahasa_indonesia,"2022-08-15 10:41:27","2022-08-15 10:41:27",CC Token,CC Token
127,1123,127,meta_keywords,Kesehatan/Essential Oil,bahasa_indonesia,"2022-08-15 10:41:27","2022-08-15 10:41:27",CC Token,CC Token
127,1126,127,meta_title,Kesehatan/Essential Oil,bahasa_indonesia,"2022-08-15 10:41:27","2022-08-15 10:41:27",CC Token,CC Token
127,1125,127,name,Kesehatan/Essential Oil,bahasa_indonesia,"2022-08-15 10:41:27","2022-08-15 10:41:27",CC Token,CC Token
127,1122,127,name,Kesehatan/Essential Oil,english,"2022-08-15 10:41:27","2022-08-15 10:41:27",CC Token,CC Token
127,1124,127,seo_url, ,bahasa_indonesia,"2022-08-15 10:41:27","2022-08-15 10:41:27",CC Token,CC Token
127,1341,127,seo_url, ,english,"2022-09-13 10:39:47","2022-09-13 10:39:47",CC Token,CC Token
127,1127,127,tokopedia_category_ids,"2272",bahasa_indonesia,"2022-08-15 10:41:27","2022-08-15 10:41:27",CC Token,CC Token
508,2932,508,meta_description,Dapatkan informasi Produk Medicine & Treatments Ibu & Bayi/Makanan & Susu Ibu Hamil/Asi Booster paling lengkap hanya di Halodoc. Konsultasi obat dengan dokter ? Order obat di Halodoc ? #TenangAdaHalodoc,bahasa_indonesia,"2023-07-18 13:08:20","2023-07-18 13:08:20",Dev,Dev
508,2929,508,meta_keywords,Produk Ibu & Bayi/Makanan & Susu Ibu Hamil/Asi Booster Obat Perawatan Halodoc,bahasa_indonesia,"2023-07-18 13:08:20","2023-07-18 13:08:20",Dev,Dev
508,2975,508,meta_title,Ibu & Bayi/Makanan & Susu Ibu Hamil/Asi Booster,bahasa_indonesia,"2023-07-18 13:52:22","2023-07-18 13:52:22",CC Token,CC Token
508,2931,508,name,Ibu & Bayi/Makanan & Susu Ibu Hamil/Asi Booster,bahasa_indonesia,"2023-07-18 13:08:20","2023-07-18 13:08:20",Dev,Dev
508,2930,508,name,Ibu & Bayi/Makanan & Susu Ibu Hamil/Asi Booster,english,"2023-07-18 13:08:20","2023-07-18 13:08:20",Dev,Dev
508,2974,508,seo_url, ,english,"2023-07-18 13:52:22","2023-07-18 13:52:22",CC Token,CC Token
508,2973,508,tokopedia_category_ids,"2273",bahasa_indonesia,"2023-07-18 13:52:22","2023-07-18 13:52:22",CC Token,CC Token
509,2936,509,meta_description,Dapatkan informasi Produk Medicine & Treatments Ibu & Bayi/Makanan & Susu Ibu Hamil/Susu Ibu Hamil paling lengkap hanya di Halodoc. Konsultasi obat dengan dokter ? Order obat di Halodoc ? #TenangAdaHalodoc,bahasa_indonesia,"2023-07-18 13:08:20","2023-07-18 13:08:20",Dev,Dev
509,2933,509,meta_keywords,Produk Ibu & Bayi/Makanan & Susu Ibu Hamil/Susu Ibu Hamil Obat Perawatan Halodoc,bahasa_indonesia,"2023-07-18 13:08:20","2023-07-18 13:08:20",Dev,Dev
509,2978,509,meta_title,Ibu & Bayi/Makanan & Susu Ibu Hamil/Susu Ibu Hamil,bahasa_indonesia,"2023-07-18 13:52:50","2023-07-18 13:52:50",CC Token,CC Token
509,2934,509,name,Ibu & Bayi/Makanan & Susu Ibu Hamil/Susu Ibu Hamil,bahasa_indonesia,"2023-07-18 13:08:20","2023-07-18 13:08:20",Dev,Dev
509,2935,509,name,Ibu & Bayi/Makanan & Susu Ibu Hamil/Susu Ibu Hamil,english,"2023-07-18 13:08:20","2023-07-18 13:08:20",Dev,Dev
509,2977,509,seo_url, ,english,"2023-07-18 13:52:50","2023-07-18 13:52:50",CC Token,CC Token
509,2976,509,tokopedia_category_ids,"2276",bahasa_indonesia,"2023-07-18 13:52:50","2023-07-18 13:52:50",CC Token,CC Token
129,1136,129,meta_description,Kesehatan/Obat - Obatan,bahasa_indonesia,"2022-08-15 10:42:23","2022-08-15 10:42:23",CC Token,CC Token
129,1141,129,meta_keywords,Kesehatan/Obat - Obatan,bahasa_indonesia,"2022-08-15 10:42:23","2022-08-15 10:42:23",CC Token,CC Token
129,1140,129,meta_title,Kesehatan/Obat - Obatan,bahasa_indonesia,"2022-08-15 10:42:23","2022-08-15 10:42:23",CC Token,CC Token
129,1138,129,name,Kesehatan/Obat - Obatan,bahasa_indonesia,"2022-08-15 10:42:23","2022-08-15 10:42:23",CC Token,CC Token
129,1137,129,name,Kesehatan/Obat - Obatan,english,"2022-08-15 10:42:23","2022-08-15 10:42:23",CC Token,CC Token
129,1135,129,seo_url, ,bahasa_indonesia,"2022-08-15 10:42:23","2022-08-15 10:42:23",CC Token,CC Token
129,1139,129,tokopedia_category_ids,"2279",bahasa_indonesia,"2022-08-15 10:42:23","2022-08-15 10:42:23",CC Token,CC Token
130,1146,130,meta_description,Kesehatan/Obat - Obatan/Obat Herbal,bahasa_indonesia,"2022-08-15 10:44:01","2022-08-15 10:44:01",CC Token,CC Token
130,1147,130,meta_keywords,Kesehatan/Obat - Obatan/Obat Herbal,bahasa_indonesia,"2022-08-15 10:44:01","2022-08-15 10:44:01",CC Token,CC Token
130,1145,130,meta_title,Kesehatan/Obat - Obatan/Obat Herbal,bahasa_indonesia,"2022-08-15 10:44:01","2022-08-15 10:44:01",CC Token,CC Token
130,1142,130,name,Kesehatan/Obat - Obatan/Obat Herbal,bahasa_indonesia,"2022-08-15 10:44:01","2022-08-15 10:44:01",CC Token,CC Token
130,1144,130,name,Kesehatan/Obat - Obatan/Obat Herbal,english,"2022-08-15 10:44:01","2022-08-15 10:44:01",CC Token,CC Token
130,1148,130,seo_url, ,bahasa_indonesia,"2022-08-15 10:44:01","2022-08-15 10:44:01",CC Token,CC Token
130,1340,130,seo_url, ,english,"2022-09-13 10:39:09","2022-09-13 10:39:09",CC Token,CC Token
130,1143,130,tokopedia_category_ids,"2289",bahasa_indonesia,"2022-08-15 10:44:01","2022-08-15 10:44:01",CC Token,CC Token
131,1152,131,meta_description,Kesehatan/Obat - Obatan/Obat Diabetes,bahasa_indonesia,"2022-08-15 10:44:49","2022-08-15 10:44:49",CC Token,CC Token
131,1155,131,meta_keywords,Kesehatan/Obat - Obatan/Obat Diabetes,bahasa_indonesia,"2022-08-15 10:44:49","2022-08-15 10:44:49",CC Token,CC Token
131,1151,131,meta_title,Kesehatan/Obat - Obatan/Obat Diabetes,bahasa_indonesia,"2022-08-15 10:44:49","2022-08-15 10:44:49",CC Token,CC Token
131,1154,131,name,Kesehatan/Obat - Obatan/Obat Diabetes,bahasa_indonesia,"2022-08-15 10:44:49","2022-08-15 10:44:49",CC Token,CC Token
131,1149,131,name,Kesehatan/Obat - Obatan/Obat Diabetes,english,"2022-08-15 10:44:49","2022-08-15 10:44:49",CC Token,CC Token
131,1153,131,seo_url, ,bahasa_indonesia,"2022-08-15 10:44:49","2022-08-15 10:44:49",CC Token,CC Token
131,1150,131,tokopedia_category_ids,"2291",bahasa_indonesia,"2022-08-15 10:44:49","2022-08-15 10:44:49",CC Token,CC Token
133,1166,133,meta_description,Kesehatan/Obat - Obatan/Obat Batuk & Pilek,bahasa_indonesia,"2022-08-15 10:45:34","2022-08-15 10:45:34",CC Token,CC Token
133,1169,133,meta_keywords,Kesehatan/Obat - Obatan/Obat Batuk & Pilek,bahasa_indonesia,"2022-08-15 10:45:34","2022-08-15 10:45:34",CC Token,CC Token
133,1165,133,meta_title,Kesehatan/Obat - Obatan/Obat Batuk & Pilek,bahasa_indonesia,"2022-08-15 10:45:34","2022-08-15 10:45:34",CC Token,CC Token
133,1168,133,name,Kesehatan/Obat - Obatan/Obat Batuk & Pilek,bahasa_indonesia,"2022-08-15 10:45:34","2022-08-15 10:45:34",CC Token,CC Token
133,1163,133,name,Kesehatan/Obat - Obatan/Obat Batuk & Pilek,english,"2022-08-15 10:45:34","2022-08-15 10:45:34",CC Token,CC Token
133,1167,133,seo_url, ,bahasa_indonesia,"2022-08-15 10:45:34","2022-08-15 10:45:34",CC Token,CC Token
133,1164,133,tokopedia_category_ids,"2292",bahasa_indonesia,"2022-08-15 10:45:34","2022-08-15 10:45:34",CC Token,CC Token
135,1180,135,meta_description,Kesehatan/Obat - Obatan/Obat Sakit Kepala & Demam,bahasa_indonesia,"2022-08-15 10:46:17","2022-08-15 10:46:17",CC Token,CC Token
135,1183,135,meta_keywords,Kesehatan/Obat - Obatan/Obat Sakit Kepala & Demam,bahasa_indonesia,"2022-08-15 10:46:17","2022-08-15 10:46:17",CC Token,CC Token
135,1179,135,meta_title,Kesehatan/Obat - Obatan/Obat Sakit Kepala & Demam,bahasa_indonesia,"2022-08-15 10:46:17","2022-08-15 10:46:17",CC Token,CC Token
135,1182,135,name,Kesehatan/Obat - Obatan/Obat Sakit Kepala & Demam,bahasa_indonesia,"2022-08-15 10:46:17","2022-08-15 10:46:17",CC Token,CC Token
135,1177,135,name,Kesehatan/Obat - Obatan/Obat Sakit Kepala & Demam,english,"2022-08-15 10:46:17","2022-08-15 10:46:17",CC Token,CC Token
135,1181,135,seo_url, ,bahasa_indonesia,"2022-08-15 10:46:17","2022-08-15 10:46:17",CC Token,CC Token
135,1178,135,tokopedia_category_ids,"2293",bahasa_indonesia,"2022-08-15 10:46:17","2022-08-15 10:46:17",CC Token,CC Token
136,1189,136,meta_description,Kesehatan/Obat - Obatan/Obat Jerawat,bahasa_indonesia,"2022-08-15 10:47:02","2022-08-15 10:47:02",CC Token,CC Token
136,1184,136,meta_keywords,Kesehatan/Obat - Obatan/Obat Jerawat,bahasa_indonesia,"2022-08-15 10:47:02","2022-08-15 10:47:02",CC Token,CC Token
136,1188,136,meta_title,Kesehatan/Obat - Obatan/Obat Jerawat,bahasa_indonesia,"2022-08-15 10:47:02","2022-08-15 10:47:02",CC Token,CC Token
136,1185,136,name,Kesehatan/Obat - Obatan/Obat Jerawat,bahasa_indonesia,"2022-08-15 10:47:02","2022-08-15 10:47:02",CC Token,CC Token
136,1187,136,name,Kesehatan/Obat - Obatan/Obat Jerawat,english,"2022-08-15 10:47:02","2022-08-15 10:47:02",CC Token,CC Token
136,1186,136,seo_url, ,bahasa_indonesia,"2022-08-15 10:47:02","2022-08-15 10:47:02",CC Token,CC Token
136,1190,136,tokopedia_category_ids,"2295",bahasa_indonesia,"2022-08-15 10:47:02","2022-08-15 10:47:02",CC Token,CC Token
138,1203,138,meta_description,Kesehatan/Obat - Obatan/Obat Pencernaan & Penyakit Lainnya,bahasa_indonesia,"2022-08-15 10:47:44","2022-08-15 10:47:44",CC Token,CC Token
138,1198,138,meta_keywords,Kesehatan/Obat - Obatan/Obat Pencernaan & Penyakit Lainnya,bahasa_indonesia,"2022-08-15 10:47:44","2022-08-15 10:47:44",CC Token,CC Token
138,1202,138,meta_title,Kesehatan/Obat - Obatan/Obat Pencernaan & Penyakit Lainnya,bahasa_indonesia,"2022-08-15 10:47:44","2022-08-15 10:47:44",CC Token,CC Token
138,1199,138,name,Kesehatan/Obat - Obatan/Obat Pencernaan & Penyakit Lainnya,bahasa_indonesia,"2022-08-15 10:47:44","2022-08-15 10:47:44",CC Token,CC Token
138,1201,138,name,Kesehatan/Obat - Obatan/Obat Pencernaan & Penyakit Lainnya,english,"2022-08-15 10:47:44","2022-08-15 10:47:44",CC Token,CC Token
138,1200,138,seo_url, ,bahasa_indonesia,"2022-08-15 10:47:44","2022-08-15 10:47:44",CC Token,CC Token
138,1204,138,tokopedia_category_ids,"2296",bahasa_indonesia,"2022-08-15 10:47:44","2022-08-15 10:47:44",CC Token,CC Token
140,1213,140,meta_description,Kesehatan/Obat - Obatan/Obat Kulit,bahasa_indonesia,"2022-08-15 10:48:30","2022-08-15 10:48:30",CC Token,CC Token
140,1218,140,meta_keywords,Kesehatan/Obat - Obatan/Obat Kulit,bahasa_indonesia,"2022-08-15 10:48:30","2022-08-15 10:48:30",CC Token,CC Token
140,1215,140,meta_title,Kesehatan/Obat - Obatan/Obat Kulit,bahasa_indonesia,"2022-08-15 10:48:30","2022-08-15 10:48:30",CC Token,CC Token
140,1217,140,name,Kesehatan/Obat - Obatan/Obat Kulit,bahasa_indonesia,"2022-08-15 10:48:30","2022-08-15 10:48:30",CC Token,CC Token
140,1212,140,name,Kesehatan/Obat - Obatan/Obat Kulit,english,"2022-08-15 10:48:30","2022-08-15 10:48:30",CC Token,CC Token
140,1216,140,seo_url, ,bahasa_indonesia,"2022-08-15 10:48:30","2022-08-15 10:48:30",CC Token,CC Token
140,1214,140,tokopedia_category_ids,"2297",bahasa_indonesia,"2022-08-15 10:48:30","2022-08-15 10:48:30",CC Token,CC Token
475,2717,475,meta_description,Dapatkan informasi Produk Medicine & Treatments Kesehatan/Kesehatan Wanita/Obat Menstruasipaling lengkap hanya di Halodoc. Konsultasi obat dengan dokter ? Order obat di Halodoc ? #TenangAdaHalodoc,bahasa_indonesia,"2023-07-17 13:57:50","2023-07-17 13:57:50",Dev,Dev
475,2718,475,meta_keywords,Produk Kesehatan/Kesehatan Wanita/Obat Menstruasi Obat Perawatan Halodoc,bahasa_indonesia,"2023-07-17 13:57:50","2023-07-17 13:57:50",Dev,Dev
475,2830,475,meta_title,Kesehatan/Kesehatan Wanita/Obat Menstruasi,bahasa_indonesia,"2023-07-17 14:12:47","2023-07-17 14:12:47",CC Token,CC Token
475,2720,475,name,Kesehatan/Kesehatan Wanita/Obat Menstruasi,bahasa_indonesia,"2023-07-17 13:57:50","2023-07-17 13:57:50",Dev,Dev
475,2719,475,name,Kesehatan/Kesehatan Wanita/Obat Menstruasi,english,"2023-07-17 13:57:50","2023-07-17 13:57:50",Dev,Dev
475,2831,475,seo_url, ,english,"2023-07-17 14:12:47","2023-07-17 14:12:47",CC Token,CC Token
475,2829,475,tokopedia_category_ids,"2300",bahasa_indonesia,"2023-07-17 14:12:47","2023-07-17 14:12:47",CC Token,CC Token
141,1220,141,meta_description,Kesehatan/Obat - Obatan/Obat Lainnya,bahasa_indonesia,"2022-08-15 10:49:14","2022-08-15 10:49:14",CC Token,CC Token
141,1225,141,meta_keywords,Kesehatan/Obat - Obatan/Obat Lainnya,bahasa_indonesia,"2022-08-15 10:49:14","2022-08-15 10:49:14",CC Token,CC Token
141,1222,141,meta_title,Kesehatan/Obat - Obatan/Obat Lainnya,bahasa_indonesia,"2022-08-15 10:49:14","2022-08-15 10:49:14",CC Token,CC Token
141,1224,141,name,Kesehatan/Obat - Obatan/Obat Lainnya,bahasa_indonesia,"2022-08-15 10:49:14","2022-08-15 10:49:14",CC Token,CC Token
141,1219,141,name,Kesehatan/Obat - Obatan/Obat Lainnya,english,"2022-08-15 10:49:14","2022-08-15 10:49:14",CC Token,CC Token
141,1223,141,seo_url, ,bahasa_indonesia,"2022-08-15 10:49:14","2022-08-15 10:49:14",CC Token,CC Token
141,1221,141,tokopedia_category_ids,"2301",bahasa_indonesia,"2022-08-15 10:49:14","2022-08-15 10:49:14",CC Token,CC Token
499,2813,499,meta_description,Dapatkan informasi Produk Medicine & Treatments Perawatan Tubuh/Produk Kewanitaan/Menstrual Cup & Tamponpaling lengkap hanya di Halodoc. Konsultasi obat dengan dokter ? Order obat di Halodoc ? #TenangAdaHalodoc,bahasa_indonesia,"2023-07-17 13:57:52","2023-07-17 13:57:52",Dev,Dev
499,2814,499,meta_keywords,Produk Perawatan Tubuh/Produk Kewanitaan/Menstrual Cup & Tampon Obat Perawatan Halodoc,bahasa_indonesia,"2023-07-17 13:57:52","2023-07-17 13:57:52",Dev,Dev
499,2877,499,meta_title,Perawatan Tubuh/Produk Kewanitaan/Menstrual Cup & Tampon,bahasa_indonesia,"2023-07-17 14:33:11","2023-07-17 14:33:11",CC Token,CC Token
499,2816,499,name,Perawatan Tubuh/Produk Kewanitaan/Menstrual Cup & Tampon,bahasa_indonesia,"2023-07-17 13:57:52","2023-07-17 13:57:52",Dev,Dev
499,2815,499,name,Perawatan Tubuh/Produk Kewanitaan/Menstrual Cup & Tampon,english,"2023-07-17 13:57:52","2023-07-17 13:57:52",Dev,Dev
499,2876,499,seo_url, ,english,"2023-07-17 14:33:11","2023-07-17 14:33:11",CC Token,CC Token
499,2875,499,tokopedia_category_ids,"2308",bahasa_indonesia,"2023-07-17 14:33:11","2023-07-17 14:33:11",CC Token,CC Token
144,1241,144,meta_description,Kesehatan/Perlengkapan Medis/Alat Diagnosa,bahasa_indonesia,"2022-08-15 10:50:30","2022-08-15 10:50:30",CC Token,CC Token
144,1242,144,meta_keywords,Kesehatan/Perlengkapan Medis/Alat Diagnosa,bahasa_indonesia,"2022-08-15 10:50:30","2022-08-15 10:50:30",CC Token,CC Token
144,1246,144,meta_title,Kesehatan/Perlengkapan Medis/Alat Diagnosa,bahasa_indonesia,"2022-08-15 10:50:30","2022-08-15 10:50:30",CC Token,CC Token
144,1243,144,name,Kesehatan/Perlengkapan Medis/Alat Diagnosa,bahasa_indonesia,"2022-08-15 10:50:30","2022-08-15 10:50:30",CC Token,CC Token
144,1245,144,name,Kesehatan/Perlengkapan Medis/Alat Diagnosa,english,"2022-08-15 10:50:30","2022-08-15 10:50:30",CC Token,CC Token
144,1240,144,seo_url, ,bahasa_indonesia,"2022-08-15 10:50:30","2022-08-15 10:50:30",CC Token,CC Token
144,1244,144,tokopedia_category_ids,"2310",bahasa_indonesia,"2022-08-15 10:50:30","2022-08-15 10:50:30",CC Token,CC Token
146,1255,146,meta_description,Kesehatan/Suplemen Diet/Obat Pelangsing,bahasa_indonesia,"2022-08-15 10:51:18","2022-08-15 10:51:18",CC Token,CC Token
146,1256,146,meta_keywords,Kesehatan/Suplemen Diet/Obat Pelangsing,bahasa_indonesia,"2022-08-15 10:51:18","2022-08-15 10:51:18",CC Token,CC Token
146,1260,146,meta_title,Kesehatan/Suplemen Diet/Obat Pelangsing,bahasa_indonesia,"2022-08-15 10:51:18","2022-08-15 10:51:18",CC Token,CC Token
146,1257,146,name,Kesehatan/Suplemen Diet/Obat Pelangsing,bahasa_indonesia,"2022-08-15 10:51:18","2022-08-15 10:51:18",CC Token,CC Token
146,1259,146,name,Kesehatan/Suplemen Diet/Obat Pelangsing,english,"2022-08-15 10:51:18","2022-08-15 10:51:18",CC Token,CC Token
146,1254,146,seo_url, ,bahasa_indonesia,"2022-08-15 10:51:18","2022-08-15 10:51:18",CC Token,CC Token
146,1258,146,tokopedia_category_ids,"2312",bahasa_indonesia,"2022-08-15 10:51:18","2022-08-15 10:51:18",CC Token,CC Token
157,1266,157,meta_description,Kesehatan/Vitamin & Multivitamin,bahasa_indonesia,"2022-08-15 10:57:50","2022-08-15 10:57:50",CC Token,CC Token
157,1264,157,meta_keywords,Kesehatan/Vitamin & Multivitamin,bahasa_indonesia,"2022-08-15 10:57:50","2022-08-15 10:57:50",CC Token,CC Token
157,1268,157,meta_title,Kesehatan/Vitamin & Multivitamin,bahasa_indonesia,"2022-08-15 10:57:50","2022-08-15 10:57:50",CC Token,CC Token
157,1262,157,name,Kesehatan/Vitamin & Multivitamin,bahasa_indonesia,"2022-08-15 10:57:50","2022-08-15 10:57:50",CC Token,CC Token
157,1265,157,name,Kesehatan/Vitamin & Multivitamin,english,"2022-08-15 10:57:50","2022-08-15 10:57:50",CC Token,CC Token
157,1267,157,seo_url, ,bahasa_indonesia,"2022-08-15 10:57:50","2022-08-15 10:57:50",CC Token,CC Token
157,1339,157,seo_url, ,english,"2022-09-13 09:59:00","2022-09-13 09:59:00",CC Token,CC Token
157,1263,157,tokopedia_category_ids,"2495",bahasa_indonesia,"2022-08-15 10:57:50","2022-08-15 10:57:50",CC Token,CC Token
165,1293,165,meta_description,Kesehatan/Produk Dewasa,bahasa_indonesia,"2022-08-15 11:06:42","2022-08-15 11:06:42",CC Token,CC Token
165,1294,165,meta_keywords,Kesehatan/Produk Dewasa,bahasa_indonesia,"2022-08-15 11:06:42","2022-08-15 11:06:42",CC Token,CC Token
165,1290,165,meta_title,Kesehatan/Produk Dewasa,bahasa_indonesia,"2022-08-15 11:06:42","2022-08-15 11:06:42",CC Token,CC Token
165,1295,165,name,Kesehatan/Produk Dewasa,bahasa_indonesia,"2022-08-15 11:06:42","2022-08-15 11:06:42",CC Token,CC Token
165,1291,165,name,Kesehatan/Produk Dewasa,english,"2022-08-15 11:06:42","2022-08-15 11:06:42",CC Token,CC Token
165,1292,165,seo_url, ,bahasa_indonesia,"2022-08-15 11:06:42","2022-08-15 11:06:42",CC Token,CC Token
165,1296,165,tokopedia_category_ids,"2496",bahasa_indonesia,"2022-08-15 11:06:42","2022-08-15 11:06:42",CC Token,CC Token
166,1300,166,meta_description,Kesehatan/Kesehatan Wanita/Obat Keputihan,bahasa_indonesia,"2022-08-15 11:07:25","2022-08-15 11:07:25",CC Token,CC Token
166,1301,166,meta_keywords,Kesehatan/Kesehatan Wanita/Obat Keputihan,bahasa_indonesia,"2022-08-15 11:07:25","2022-08-15 11:07:25",CC Token,CC Token
166,1297,166,meta_title,Kesehatan/Kesehatan Wanita/Obat Keputihan,bahasa_indonesia,"2022-08-15 11:07:25","2022-08-15 11:07:25",CC Token,CC Token
166,1302,166,name,Kesehatan/Kesehatan Wanita/Obat Keputihan,bahasa_indonesia,"2022-08-15 11:07:25","2022-08-15 11:07:25",CC Token,CC Token
166,1298,166,name,Kesehatan/Kesehatan Wanita/Obat Keputihan,english,"2022-08-15 11:07:25","2022-08-15 11:07:25",CC Token,CC Token
166,1299,166,seo_url, ,bahasa_indonesia,"2022-08-15 11:07:25","2022-08-15 11:07:25",CC Token,CC Token
166,1303,166,tokopedia_category_ids,"2498",bahasa_indonesia,"2022-08-15 11:07:25","2022-08-15 11:07:25",CC Token,CC Token
167,1308,167,meta_description,Kesehatan/Tes Kehamilan dan Masa Subur/Tes Masa Subur,bahasa_indonesia,"2022-08-15 11:08:26","2022-08-15 11:08:26",CC Token,CC Token
167,1306,167,meta_keywords,Kesehatan/Tes Kehamilan dan Masa Subur/Tes Masa Subur,bahasa_indonesia,"2022-08-15 11:08:26","2022-08-15 11:08:26",CC Token,CC Token
167,1304,167,meta_title,Kesehatan/Tes Kehamilan dan Masa Subur/Tes Masa Subur,bahasa_indonesia,"2022-08-15 11:08:26","2022-08-15 11:08:26",CC Token,CC Token
167,1309,167,name,Kesehatan/Tes Kehamilan dan Masa Subur/Tes Masa Subur,bahasa_indonesia,"2022-08-15 11:08:26","2022-08-15 11:08:26",CC Token,CC Token
167,1305,167,name,Kesehatan/Tes Kehamilan dan Masa Subur/Tes Masa Subur,english,"2022-08-15 11:08:26","2022-08-15 11:08:26",CC Token,CC Token
167,1307,167,seo_url, ,bahasa_indonesia,"2022-08-15 11:08:26","2022-08-15 11:08:26",CC Token,CC Token
167,1310,167,tokopedia_category_ids,"2499",bahasa_indonesia,"2022-08-15 11:08:26","2022-08-15 11:08:26",CC Token,CC Token
168,1315,168,meta_description,Kesehatan/Tes Kehamilan dan Masa Subur/Tes Kehamilan,bahasa_indonesia,"2022-08-15 11:09:10","2022-08-15 11:09:10",CC Token,CC Token
168,1313,168,meta_keywords,Kesehatan/Tes Kehamilan dan Masa Subur/Tes Kehamilan,bahasa_indonesia,"2022-08-15 11:09:10","2022-08-15 11:09:10",CC Token,CC Token
168,1311,168,meta_title,Kesehatan/Tes Kehamilan dan Masa Subur/Tes Kehamilan,bahasa_indonesia,"2022-08-15 11:09:10","2022-08-15 11:09:10",CC Token,CC Token
168,1316,168,name,Kesehatan/Tes Kehamilan dan Masa Subur/Tes Kehamilan,bahasa_indonesia,"2022-08-15 11:09:10","2022-08-15 11:09:10",CC Token,CC Token
168,1312,168,name,Kesehatan/Tes Kehamilan dan Masa Subur/Tes Kehamilan,english,"2022-08-15 11:09:10","2022-08-15 11:09:10",CC Token,CC Token
168,1314,168,seo_url, ,bahasa_indonesia,"2022-08-15 11:09:10","2022-08-15 11:09:10",CC Token,CC Token
168,1317,168,tokopedia_category_ids,"2500",bahasa_indonesia,"2022-08-15 11:09:10","2022-08-15 11:09:10",CC Token,CC Token
170,1329,170,meta_description,Kesehatan/Obat - Obatan/Obat Mata,bahasa_indonesia,"2022-08-15 11:09:45","2022-08-15 11:09:45",CC Token,CC Token
170,1327,170,meta_keywords,Kesehatan/Obat - Obatan/Obat Mata,bahasa_indonesia,"2022-08-15 11:09:45","2022-08-15 11:09:45",CC Token,CC Token
170,1331,170,meta_title,Kesehatan/Obat - Obatan/Obat Mata,bahasa_indonesia,"2022-08-15 11:09:45","2022-08-15 11:09:45",CC Token,CC Token
170,1325,170,name,Kesehatan/Obat - Obatan/Obat Mata,bahasa_indonesia,"2022-08-15 11:09:45","2022-08-15 11:09:45",CC Token,CC Token
170,1328,170,name,Kesehatan/Obat - Obatan/Obat Mata,english,"2022-08-15 11:09:45","2022-08-15 11:09:45",CC Token,CC Token
170,1330,170,seo_url, ,bahasa_indonesia,"2022-08-15 11:09:45","2022-08-15 11:09:45",CC Token,CC Token
170,1326,170,tokopedia_category_ids,"2501",bahasa_indonesia,"2022-08-15 11:09:45","2022-08-15 11:09:45",CC Token,CC Token
171,1334,171,meta_description,Kesehatan/Obat - Obatan/Obat Mulut,bahasa_indonesia,"2022-08-15 11:10:25","2022-08-15 11:10:25",CC Token,CC Token
171,1332,171,meta_keywords,Kesehatan/Obat - Obatan/Obat Mulut,bahasa_indonesia,"2022-08-15 11:10:25","2022-08-15 11:10:25",CC Token,CC Token
171,1336,171,meta_title,Kesehatan/Obat - Obatan/Obat Mulut,bahasa_indonesia,"2022-08-15 11:10:25","2022-08-15 11:10:25",CC Token,CC Token
171,1337,171,name,Kesehatan/Obat - Obatan/Obat Mulut,bahasa_indonesia,"2022-08-15 11:10:25","2022-08-15 11:10:25",CC Token,CC Token
171,1335,171,name,Kesehatan/Obat - Obatan/Obat Mulut,english,"2022-08-15 11:10:25","2022-08-15 11:10:25",CC Token,CC Token
171,1333,171,seo_url, ,bahasa_indonesia,"2022-08-15 11:10:25","2022-08-15 11:10:25",CC Token,CC Token
171,1338,171,tokopedia_category_ids,"2502",bahasa_indonesia,"2022-08-15 11:10:25","2022-08-15 11:10:25",CC Token,CC Token
169,1322,169,meta_description,Kesehatan/Obat - Obatan/Obat Alergi,bahasa_indonesia,"2022-08-15 11:09:41","2022-08-15 11:09:41",CC Token,CC Token
169,1320,169,meta_keywords,Kesehatan/Obat - Obatan/Obat Alergi,bahasa_indonesia,"2022-08-15 11:09:41","2022-08-15 11:09:41",CC Token,CC Token
169,1324,169,meta_title,Kesehatan/Obat - Obatan/Obat Alergi,bahasa_indonesia,"2022-08-15 11:09:41","2022-08-15 11:09:41",CC Token,CC Token
169,1318,169,name,Kesehatan/Obat - Obatan/Obat Alergi,bahasa_indonesia,"2022-08-15 11:09:41","2022-08-15 11:09:41",CC Token,CC Token
169,1321,169,name,Kesehatan/Obat - Obatan/Obat Alergi,english,"2022-08-15 11:09:41","2022-08-15 11:09:41",CC Token,CC Token
169,1323,169,seo_url, ,bahasa_indonesia,"2022-08-15 11:09:41","2022-08-15 11:09:41",CC Token,CC Token
169,1319,169,tokopedia_category_ids,"2503",bahasa_indonesia,"2022-08-15 11:09:41","2022-08-15 11:09:41",CC Token,CC Token
164,1284,164,meta_description,Kesehatan/Obat - Obatan/Obat Telinga,bahasa_indonesia,"2022-08-15 11:04:53","2022-08-15 11:04:53",CC Token,CC Token
164,1288,164,meta_keywords,Kesehatan/Obat - Obatan/Obat Telinga,bahasa_indonesia,"2022-08-15 11:04:53","2022-08-15 11:04:53",CC Token,CC Token
164,1285,164,meta_title,Kesehatan/Obat - Obatan/Obat Telinga,bahasa_indonesia,"2022-08-15 11:04:53","2022-08-15 11:04:53",CC Token,CC Token
164,1289,164,name,Kesehatan/Obat - Obatan/Obat Telinga,bahasa_indonesia,"2022-08-15 11:04:53","2022-08-15 11:04:53",CC Token,CC Token
164,1287,164,name,Kesehatan/Obat - Obatan/Obat Telinga,english,"2022-08-15 11:04:53","2022-08-15 11:04:53",CC Token,CC Token
164,1283,164,seo_url, ,bahasa_indonesia,"2022-08-15 11:04:53","2022-08-15 11:04:53",CC Token,CC Token
164,1286,164,tokopedia_category_ids,"2504",bahasa_indonesia,"2022-08-15 11:04:53","2022-08-15 11:04:53",CC Token,CC Token
161,1270,161,meta_description,Kesehatan/Obat - Obatan/Obat Ibu & Anak,bahasa_indonesia,"2022-08-15 11:02:00","2023-08-15 16:10:31",CC Token,CC Token
161,1271,161,meta_keywords,Kesehatan/Obat - Obatan/Obat Ibu & Anak,bahasa_indonesia,"2022-08-15 11:02:00","2023-08-15 16:10:31",CC Token,CC Token
161,1275,161,meta_title,Kesehatan/Obat - Obatan/Obat Ibu & Anak,bahasa_indonesia,"2022-08-15 11:02:00","2023-08-15 16:10:31",CC Token,CC Token
161,1273,161,name,Kesehatan/Obat - Obatan/Obat Ibu & Anak,bahasa_indonesia,"2022-08-15 11:02:00","2023-08-15 16:10:31",CC Token,CC Token
161,1269,161,name,Kesehatan/Obat - Obatan/Obat Ibu & Anak,english,"2022-08-15 11:02:00","2023-08-15 16:10:31",CC Token,CC Token
161,1272,161,seo_url, ,bahasa_indonesia,"2022-08-15 11:02:00","2022-08-15 11:02:00",CC Token,CC Token
161,3294,161,seo_url, ,english,"2023-08-15 16:10:31","2023-08-15 16:10:31",CC Token,CC Token
161,1274,161,tokopedia_category_ids,"2505",bahasa_indonesia,"2022-08-15 11:02:00","2022-08-15 11:02:00",CC Token,CC Token
117,1052,117,meta_description,Kesehatan/Vitamin & Multivitamin/Vitamin Anak,bahasa_indonesia,"2022-08-15 10:32:46","2022-08-15 10:32:46",CC Token,CC Token
117,1056,117,meta_keywords,Kesehatan/Vitamin & Multivitamin/Vitamin Anak,bahasa_indonesia,"2022-08-15 10:32:46","2022-08-15 10:32:46",CC Token,CC Token
117,1053,117,meta_title,Kesehatan/Vitamin & Multivitamin/Vitamin Anak,bahasa_indonesia,"2022-08-15 10:32:46","2022-08-15 10:32:46",CC Token,CC Token
117,1057,117,name,Kesehatan/Vitamin & Multivitamin/Vitamin Anak,bahasa_indonesia,"2022-08-15 10:32:46","2022-08-15 10:32:46",CC Token,CC Token
117,1055,117,name,Kesehatan/Vitamin & Multivitamin/Vitamin Anak,english,"2022-08-15 10:32:46","2022-08-15 10:32:46",CC Token,CC Token
117,1051,117,seo_url, ,bahasa_indonesia,"2022-08-15 10:32:46","2022-08-15 10:32:46",CC Token,CC Token
117,1054,117,tokopedia_category_ids,"2506",bahasa_indonesia,"2022-08-15 10:32:46","2022-08-15 10:32:46",CC Token,CC Token
118,1060,118,meta_description,Kesehatan/Vitamin & Multivitamin/Vitamin Bayi,bahasa_indonesia,"2022-08-15 10:35:09","2022-08-15 10:35:09",CC Token,CC Token
118,1058,118,meta_keywords,Kesehatan/Vitamin & Multivitamin/Vitamin Bayi,bahasa_indonesia,"2022-08-15 10:35:09","2022-08-15 10:35:09",CC Token,CC Token
118,1062,118,meta_title,Kesehatan/Vitamin & Multivitamin/Vitamin Bayi,bahasa_indonesia,"2022-08-15 10:35:09","2022-08-15 10:35:09",CC Token,CC Token
118,1063,118,name,Kesehatan/Vitamin & Multivitamin/Vitamin Bayi,bahasa_indonesia,"2022-08-15 10:35:09","2022-08-15 10:35:09",CC Token,CC Token
118,1061,118,name,Kesehatan/Vitamin & Multivitamin/Vitamin Bayi,english,"2022-08-15 10:35:09","2022-08-15 10:35:09",CC Token,CC Token
118,1064,118,seo_url, ,bahasa_indonesia,"2022-08-15 10:35:09","2022-08-15 10:35:09",CC Token,CC Token
118,1059,118,tokopedia_category_ids,"2507",bahasa_indonesia,"2022-08-15 10:35:09","2022-08-15 10:35:09",CC Token,CC Token
119,1065,119,meta_description,Kesehatan/Vitamin & Multivitamin/Vitamin Ibu Hamil,bahasa_indonesia,"2022-08-15 10:36:18","2022-08-15 10:36:18",CC Token,CC Token
119,1067,119,meta_keywords,Kesehatan/Vitamin & Multivitamin/Vitamin Ibu Hamil,bahasa_indonesia,"2022-08-15 10:36:18","2022-08-15 10:36:18",CC Token,CC Token
119,1070,119,meta_title,Kesehatan/Vitamin & Multivitamin/Vitamin Ibu Hamil,bahasa_indonesia,"2022-08-15 10:36:18","2022-08-15 10:36:18",CC Token,CC Token
119,1069,119,name,Kesehatan/Vitamin & Multivitamin/Vitamin Ibu Hamil,bahasa_indonesia,"2022-08-15 10:36:18","2022-08-15 10:36:18",CC Token,CC Token
119,1066,119,name,Kesehatan/Vitamin & Multivitamin/Vitamin Ibu Hamil,english,"2022-08-15 10:36:18","2022-08-15 10:36:18",CC Token,CC Token
119,1068,119,seo_url, ,bahasa_indonesia,"2022-08-15 10:36:18","2022-08-15 10:36:18",CC Token,CC Token
119,1071,119,tokopedia_category_ids,"2508",bahasa_indonesia,"2022-08-15 10:36:18","2022-08-15 10:36:18",CC Token,CC Token
120,1072,120,meta_description,Kesehatan/Vitamin & Multivitamin/Vitamin A,bahasa_indonesia,"2022-08-15 10:36:58","2022-08-15 10:36:58",CC Token,CC Token
120,1074,120,meta_keywords,Kesehatan/Vitamin & Multivitamin/Vitamin A,bahasa_indonesia,"2022-08-15 10:36:58","2022-08-15 10:36:58",CC Token,CC Token
120,1077,120,meta_title,Kesehatan/Vitamin & Multivitamin/Vitamin A,bahasa_indonesia,"2022-08-15 10:36:58","2022-08-15 10:36:58",CC Token,CC Token
120,1076,120,name,Kesehatan/Vitamin & Multivitamin/Vitamin A,bahasa_indonesia,"2022-08-15 10:36:58","2022-08-15 10:36:58",CC Token,CC Token
120,1073,120,name,Kesehatan/Vitamin & Multivitamin/Vitamin A,english,"2022-08-15 10:36:58","2022-08-15 10:36:58",CC Token,CC Token
120,1075,120,seo_url, ,bahasa_indonesia,"2022-08-15 10:36:58","2022-08-15 10:36:58",CC Token,CC Token
120,1078,120,tokopedia_category_ids,"2509",bahasa_indonesia,"2022-08-15 10:36:58","2022-08-15 10:36:58",CC Token,CC Token
145,1247,145,meta_description,Kesehatan/Vitamin & Multivitamin/Vitamin B,bahasa_indonesia,"2022-08-15 10:51:12","2022-08-15 10:51:12",CC Token,CC Token
145,1252,145,meta_keywords,Kesehatan/Vitamin & Multivitamin/Vitamin B,bahasa_indonesia,"2022-08-15 10:51:12","2022-08-15 10:51:12",CC Token,CC Token
145,1249,145,meta_title,Kesehatan/Vitamin & Multivitamin/Vitamin B,bahasa_indonesia,"2022-08-15 10:51:12","2022-08-15 10:51:12",CC Token,CC Token
145,1250,145,name,Kesehatan/Vitamin & Multivitamin/Vitamin B,bahasa_indonesia,"2022-08-15 10:51:12","2022-08-15 10:51:12",CC Token,CC Token
145,1253,145,name,Kesehatan/Vitamin & Multivitamin/Vitamin B,english,"2022-08-15 10:51:12","2022-08-15 10:51:12",CC Token,CC Token
145,1248,145,seo_url, ,bahasa_indonesia,"2022-08-15 10:51:12","2022-08-15 10:51:12",CC Token,CC Token
145,1251,145,tokopedia_category_ids,"2510",bahasa_indonesia,"2022-08-15 10:51:12","2022-08-15 10:51:12",CC Token,CC Token
143,1234,143,meta_description,Kesehatan/Vitamin & Multivitamin/Vitamin C,bahasa_indonesia,"2022-08-15 10:50:28","2022-08-15 10:50:28",CC Token,CC Token
143,1235,143,meta_keywords,Kesehatan/Vitamin & Multivitamin/Vitamin C,bahasa_indonesia,"2022-08-15 10:50:28","2022-08-15 10:50:28",CC Token,CC Token
143,1239,143,meta_title,Kesehatan/Vitamin & Multivitamin/Vitamin C,bahasa_indonesia,"2022-08-15 10:50:28","2022-08-15 10:50:28",CC Token,CC Token
143,1236,143,name,Kesehatan/Vitamin & Multivitamin/Vitamin C,bahasa_indonesia,"2022-08-15 10:50:28","2022-08-15 10:50:28",CC Token,CC Token
143,1238,143,name,Kesehatan/Vitamin & Multivitamin/Vitamin C,english,"2022-08-15 10:50:28","2022-08-15 10:50:28",CC Token,CC Token
143,1233,143,seo_url, ,bahasa_indonesia,"2022-08-15 10:50:28","2022-08-15 10:50:28",CC Token,CC Token
143,1237,143,tokopedia_category_ids,"2511",bahasa_indonesia,"2022-08-15 10:50:28","2022-08-15 10:50:28",CC Token,CC Token
142,1227,142,meta_description,Kesehatan/Vitamin & Multivitamin/Vitamin D,bahasa_indonesia,"2022-08-15 10:49:16","2022-08-15 10:49:16",CC Token,CC Token
142,1232,142,meta_keywords,Kesehatan/Vitamin & Multivitamin/Vitamin D,bahasa_indonesia,"2022-08-15 10:49:16","2022-08-15 10:49:16",CC Token,CC Token
142,1229,142,meta_title,Kesehatan/Vitamin & Multivitamin/Vitamin D,bahasa_indonesia,"2022-08-15 10:49:16","2022-08-15 10:49:16",CC Token,CC Token
142,1231,142,name,Kesehatan/Vitamin & Multivitamin/Vitamin D,bahasa_indonesia,"2022-08-15 10:49:16","2022-08-15 10:49:16",CC Token,CC Token
142,1226,142,name,Kesehatan/Vitamin & Multivitamin/Vitamin D,english,"2022-08-15 10:49:16","2022-08-15 10:49:16",CC Token,CC Token
142,1230,142,seo_url, ,bahasa_indonesia,"2022-08-15 10:49:16","2022-08-15 10:49:16",CC Token,CC Token
142,1228,142,tokopedia_category_ids,"2512",bahasa_indonesia,"2022-08-15 10:49:16","2022-08-15 10:49:16",CC Token,CC Token
139,1210,139,meta_description,Kesehatan/Vitamin & Multivitamin/Vitamin E,bahasa_indonesia,"2022-08-15 10:48:26","2022-08-15 10:48:26",CC Token,CC Token
139,1205,139,meta_keywords,Kesehatan/Vitamin & Multivitamin/Vitamin E,bahasa_indonesia,"2022-08-15 10:48:26","2022-08-15 10:48:26",CC Token,CC Token
139,1209,139,meta_title,Kesehatan/Vitamin & Multivitamin/Vitamin E,bahasa_indonesia,"2022-08-15 10:48:26","2022-08-15 10:48:26",CC Token,CC Token
139,1206,139,name,Kesehatan/Vitamin & Multivitamin/Vitamin E,bahasa_indonesia,"2022-08-15 10:48:26","2022-08-15 10:48:26",CC Token,CC Token
139,1208,139,name,Kesehatan/Vitamin & Multivitamin/Vitamin E,english,"2022-08-15 10:48:26","2022-08-15 10:48:26",CC Token,CC Token
139,1207,139,seo_url, ,bahasa_indonesia,"2022-08-15 10:48:26","2022-08-15 10:48:26",CC Token,CC Token
139,1211,139,tokopedia_category_ids,"2513",bahasa_indonesia,"2022-08-15 10:48:26","2022-08-15 10:48:26",CC Token,CC Token
137,1196,137,meta_description,Kesehatan/Vitamin & Multivitamin/Calcium,bahasa_indonesia,"2022-08-15 10:47:08","2022-08-15 10:47:08",CC Token,CC Token
137,1191,137,meta_keywords,Kesehatan/Vitamin & Multivitamin/Calcium,bahasa_indonesia,"2022-08-15 10:47:08","2022-08-15 10:47:08",CC Token,CC Token
137,1195,137,meta_title,Kesehatan/Vitamin & Multivitamin/Calcium,bahasa_indonesia,"2022-08-15 10:47:08","2022-08-15 10:47:08",CC Token,CC Token
137,1192,137,name,Kesehatan/Vitamin & Multivitamin/Calcium,bahasa_indonesia,"2022-08-15 10:47:08","2022-08-15 10:47:08",CC Token,CC Token
137,1194,137,name,Kesehatan/Vitamin & Multivitamin/Calcium,english,"2022-08-15 10:47:08","2022-08-15 10:47:08",CC Token,CC Token
137,1193,137,seo_url, ,bahasa_indonesia,"2022-08-15 10:47:08","2022-08-15 10:47:08",CC Token,CC Token
137,1197,137,tokopedia_category_ids,"2514",bahasa_indonesia,"2022-08-15 10:47:08","2022-08-15 10:47:08",CC Token,CC Token
134,1171,134,meta_description,Kesehatan/Tulang Otot & Sendi/Balsam,bahasa_indonesia,"2022-08-15 10:46:14","2022-08-15 10:46:14",CC Token,CC Token
134,1176,134,meta_keywords,Kesehatan/Tulang Otot & Sendi/Balsam,bahasa_indonesia,"2022-08-15 10:46:14","2022-08-15 10:46:14",CC Token,CC Token
134,1173,134,meta_title,Kesehatan/Tulang Otot & Sendi/Balsam,bahasa_indonesia,"2022-08-15 10:46:14","2022-08-15 10:46:14",CC Token,CC Token
134,1175,134,name,Kesehatan/Tulang Otot & Sendi/Balsam,bahasa_indonesia,"2022-08-15 10:46:14","2022-08-15 10:46:14",CC Token,CC Token
134,1170,134,name,Kesehatan/Tulang Otot & Sendi/Balsam,english,"2022-08-15 10:46:14","2022-08-15 10:46:14",CC Token,CC Token
134,1174,134,seo_url, ,bahasa_indonesia,"2022-08-15 10:46:14","2022-08-15 10:46:14",CC Token,CC Token
134,1172,134,tokopedia_category_ids,"2516",bahasa_indonesia,"2022-08-15 10:46:14","2022-08-15 10:46:14",CC Token,CC Token
132,1158,132,meta_description,Kesehatan/Tulang Otot & Sendi/Salep Otot,bahasa_indonesia,"2022-08-15 10:45:08","2022-08-15 10:45:08",CC Token,CC Token
132,1156,132,meta_keywords,Kesehatan/Tulang Otot & Sendi/Salep Otot,bahasa_indonesia,"2022-08-15 10:45:08","2022-08-15 10:45:08",CC Token,CC Token
132,1160,132,meta_title,Kesehatan/Tulang Otot & Sendi/Salep Otot,bahasa_indonesia,"2022-08-15 10:45:08","2022-08-15 10:45:08",CC Token,CC Token
132,1161,132,name,Kesehatan/Tulang Otot & Sendi/Salep Otot,bahasa_indonesia,"2022-08-15 10:45:08","2022-08-15 10:45:08",CC Token,CC Token
132,1159,132,name,Kesehatan/Tulang Otot & Sendi/Salep Otot,english,"2022-08-15 10:45:08","2022-08-15 10:45:08",CC Token,CC Token
132,1162,132,seo_url, ,bahasa_indonesia,"2022-08-15 10:45:08","2022-08-15 10:45:08",CC Token,CC Token
132,1157,132,tokopedia_category_ids,"2517",bahasa_indonesia,"2022-08-15 10:45:08","2022-08-15 10:45:08",CC Token,CC Token
128,1128,128,meta_description,Kesehatan/Tulang Otot & Sendi/Koyo,bahasa_indonesia,"2022-08-15 10:41:52","2022-08-15 10:41:52",CC Token,CC Token
128,1130,128,meta_keywords,Kesehatan/Tulang Otot & Sendi/Koyo,bahasa_indonesia,"2022-08-15 10:41:52","2022-08-15 10:41:52",CC Token,CC Token
128,1133,128,meta_title,Kesehatan/Tulang Otot & Sendi/Koyo,bahasa_indonesia,"2022-08-15 10:41:52","2022-08-15 10:41:52",CC Token,CC Token
128,1132,128,name,Kesehatan/Tulang Otot & Sendi/Koyo,bahasa_indonesia,"2022-08-15 10:41:52","2022-08-15 10:41:52",CC Token,CC Token
128,1129,128,name,Kesehatan/Tulang Otot & Sendi/Koyo,english,"2022-08-15 10:41:52","2022-08-15 10:41:52",CC Token,CC Token
128,1131,128,seo_url, ,bahasa_indonesia,"2022-08-15 10:41:52","2022-08-15 10:41:52",CC Token,CC Token
128,1134,128,tokopedia_category_ids,"2518",bahasa_indonesia,"2022-08-15 10:41:52","2022-08-15 10:41:52",CC Token,CC Token
126,1114,126,meta_description,Kesehatan/Tulang Otot & Sendi/Minyak Pijat,bahasa_indonesia,"2022-08-15 10:40:55","2022-08-15 10:40:55",CC Token,CC Token
126,1116,126,meta_keywords,Kesehatan/Tulang Otot & Sendi/Minyak Pijat,bahasa_indonesia,"2022-08-15 10:40:55","2022-08-15 10:40:55",CC Token,CC Token
126,1119,126,meta_title,Kesehatan/Tulang Otot & Sendi/Minyak Pijat,bahasa_indonesia,"2022-08-15 10:40:55","2022-08-15 10:40:55",CC Token,CC Token
126,1118,126,name,Kesehatan/Tulang Otot & Sendi/Minyak Pijat,bahasa_indonesia,"2022-08-15 10:40:55","2022-08-15 10:40:55",CC Token,CC Token
126,1115,126,name,Kesehatan/Tulang Otot & Sendi/Minyak Pijat,english,"2022-08-15 10:40:55","2022-08-15 10:40:55",CC Token,CC Token
126,1117,126,seo_url, ,bahasa_indonesia,"2022-08-15 10:40:55","2022-08-15 10:40:55",CC Token,CC Token
126,1120,126,tokopedia_category_ids,"2519",bahasa_indonesia,"2022-08-15 10:40:55","2022-08-15 10:40:55",CC Token,CC Token
125,1111,125,meta_description,Kesehatan/Perlengkapan Medis/Disposable Consumable,bahasa_indonesia,"2022-08-15 10:40:04","2022-08-15 10:40:04",CC Token,CC Token
125,1109,125,meta_keywords,Kesehatan/Perlengkapan Medis/Disposable Consumable,bahasa_indonesia,"2022-08-15 10:40:04","2022-08-15 10:40:04",CC Token,CC Token
125,1108,125,meta_title,Kesehatan/Perlengkapan Medis/Disposable Consumable,bahasa_indonesia,"2022-08-15 10:40:04","2022-08-15 10:40:04",CC Token,CC Token
125,1107,125,name,Kesehatan/Perlengkapan Medis/Disposable Consumable,bahasa_indonesia,"2022-08-15 10:40:04","2022-08-15 10:40:04",CC Token,CC Token
125,1112,125,name,Kesehatan/Perlengkapan Medis/Disposable Consumable,english,"2022-08-15 10:40:04","2022-08-15 10:40:04",CC Token,CC Token
125,1110,125,seo_url, ,bahasa_indonesia,"2022-08-15 10:40:04","2022-08-15 10:40:04",CC Token,CC Token
125,1113,125,tokopedia_category_ids,"2520",bahasa_indonesia,"2022-08-15 10:40:04","2022-08-15 10:40:04",CC Token,CC Token
123,1093,123,meta_description,Kesehatan/Perlengkapan Medis/Alat Bantu Pernafasan,bahasa_indonesia,"2022-08-15 10:39:08","2022-08-15 10:39:08",CC Token,CC Token
123,1095,123,meta_keywords,Kesehatan/Perlengkapan Medis/Alat Bantu Pernafasan,bahasa_indonesia,"2022-08-15 10:39:08","2022-08-15 10:39:08",CC Token,CC Token
123,1098,123,meta_title,Kesehatan/Perlengkapan Medis/Alat Bantu Pernafasan,bahasa_indonesia,"2022-08-15 10:39:08","2022-08-15 10:39:08",CC Token,CC Token
123,1097,123,name,Kesehatan/Perlengkapan Medis/Alat Bantu Pernafasan,bahasa_indonesia,"2022-08-15 10:39:08","2022-08-15 10:39:08",CC Token,CC Token
123,1094,123,name,Kesehatan/Perlengkapan Medis/Alat Bantu Pernafasan,english,"2022-08-15 10:39:08","2022-08-15 10:39:08",CC Token,CC Token
123,1096,123,seo_url, ,bahasa_indonesia,"2022-08-15 10:39:08","2022-08-15 10:39:08",CC Token,CC Token
123,1099,123,tokopedia_category_ids,"2521",bahasa_indonesia,"2022-08-15 10:39:08","2022-08-15 10:39:08",CC Token,CC Token
544,3196,544,meta_description,Kesehatan/Perlengkapan Medis/Alat Bantu Penglihatan,bahasa_indonesia,"2023-08-14 15:37:42","2023-08-14 15:37:42",CC Token,CC Token
544,3194,544,meta_keywords,Kesehatan/Perlengkapan Medis/Alat Bantu Penglihatan,bahasa_indonesia,"2023-08-14 15:37:42","2023-08-14 15:37:42",CC Token,CC Token
544,3192,544,meta_title,Kesehatan/Perlengkapan Medis/Alat Bantu Penglihatan,bahasa_indonesia,"2023-08-14 15:37:42","2023-08-14 15:37:42",CC Token,CC Token
544,3190,544,name,Kesehatan/Perlengkapan Medis/Alat Bantu Penglihatan,bahasa_indonesia,"2023-08-14 15:37:42","2023-08-14 15:37:42",CC Token,CC Token
544,3195,544,name,Kesehatan/Perlengkapan Medis/Alat Bantu Penglihatan,english,"2023-08-14 15:37:42","2023-08-14 15:37:42",CC Token,CC Token
544,3193,544,seo_url, ,bahasa_indonesia,"2023-08-14 15:37:42","2023-08-14 15:37:42",CC Token,CC Token
544,3191,544,tokopedia_category_ids,"2522",bahasa_indonesia,"2023-08-14 15:37:42","2023-08-14 15:37:42",CC Token,CC Token
558,3287,558,meta_description,Kesehatan/Perlengkapan Medis/Peralatan Rumah Sakit Emergency,bahasa_indonesia,"2023-08-15 14:06:21","2023-08-15 14:06:21",CC Token,CC Token
558,3291,558,meta_keywords,Kesehatan/Perlengkapan Medis/Peralatan Rumah Sakit Emergency,bahasa_indonesia,"2023-08-15 14:06:21","2023-08-15 14:06:21",CC Token,CC Token
558,3293,558,meta_title,Kesehatan/Perlengkapan Medis/Peralatan Rumah Sakit Emergency,bahasa_indonesia,"2023-08-15 14:06:21","2023-08-15 14:06:21",CC Token,CC Token
558,3290,558,name,Kesehatan/Perlengkapan Medis/Peralatan Rumah Sakit Emergency,bahasa_indonesia,"2023-08-15 14:06:21","2023-08-15 14:06:21",CC Token,CC Token
558,3289,558,name,Kesehatan/Perlengkapan Medis/Peralatan Rumah Sakit Emergency,english,"2023-08-15 14:06:21","2023-08-15 14:06:21",CC Token,CC Token
558,3288,558,seo_url, ,bahasa_indonesia,"2023-08-15 14:06:21","2023-08-15 14:06:21",CC Token,CC Token
558,3292,558,tokopedia_category_ids,"2523",bahasa_indonesia,"2023-08-15 14:06:21","2023-08-15 14:06:21",CC Token,CC Token
121,1083,121,meta_description,Kesehatan/Perlengkapan Medis/Termometer,bahasa_indonesia,"2022-08-15 10:37:41","2022-08-15 10:37:41",CC Token,CC Token
121,1084,121,meta_keywords,Kesehatan/Perlengkapan Medis/Termometer,bahasa_indonesia,"2022-08-15 10:37:41","2022-08-15 10:37:41",CC Token,CC Token
121,1079,121,meta_title,Kesehatan/Perlengkapan Medis/Termometer,bahasa_indonesia,"2022-08-15 10:37:41","2022-08-15 10:37:41",CC Token,CC Token
121,1081,121,name,Kesehatan/Perlengkapan Medis/Termometer,bahasa_indonesia,"2022-08-15 10:37:41","2022-08-15 10:37:41",CC Token,CC Token
121,1080,121,name,Kesehatan/Perlengkapan Medis/Termometer,english,"2022-08-15 10:37:41","2022-08-15 10:37:41",CC Token,CC Token
121,1082,121,seo_url, ,bahasa_indonesia,"2022-08-15 10:37:41","2022-08-15 10:37:41",CC Token,CC Token
121,1085,121,tokopedia_category_ids,"2526",bahasa_indonesia,"2022-08-15 10:37:41","2022-08-15 10:37:41",CC Token,CC Token
116,1050,116,meta_description,Kesehatan/Perlengkapan Medis/Diaper Dewasa,bahasa_indonesia,"2022-08-15 10:31:53","2022-08-15 10:31:53",CC Token,CC Token
116,1046,116,meta_keywords,Kesehatan/Perlengkapan Medis/Diaper Dewasa,bahasa_indonesia,"2022-08-15 10:31:53","2022-08-15 10:31:53",CC Token,CC Token
116,1049,116,meta_title,Kesehatan/Perlengkapan Medis/Diaper Dewasa,bahasa_indonesia,"2022-08-15 10:31:53","2022-08-15 10:31:53",CC Token,CC Token
116,1048,116,name,Kesehatan/Perlengkapan Medis/Diaper Dewasa,bahasa_indonesia,"2022-08-15 10:31:53","2022-08-15 10:31:53",CC Token,CC Token
116,1044,116,name,Kesehatan/Perlengkapan Medis/Diaper Dewasa,english,"2022-08-15 10:31:53","2022-08-15 10:31:53",CC Token,CC Token
116,1045,116,seo_url, ,bahasa_indonesia,"2022-08-15 10:31:53","2022-08-15 10:31:53",CC Token,CC Token
116,1047,116,tokopedia_category_ids,"2528",bahasa_indonesia,"2022-08-15 10:31:53","2022-08-15 10:31:53",CC Token,CC Token
492,2785,492,meta_description,Dapatkan informasi Produk Medicine & Treatments Kesehatan/Vitamin & Multivitamin/Suplemen Vitamin Rambutpaling lengkap hanya di Halodoc. Konsultasi obat dengan dokter ? Order obat di Halodoc ? #TenangAdaHalodoc,bahasa_indonesia,"2023-07-17 13:57:52","2023-07-17 13:57:52",Dev,Dev
492,2787,492,meta_keywords,Produk Kesehatan/Vitamin & Multivitamin/Suplemen Vitamin Rambut Obat Perawatan Halodoc,bahasa_indonesia,"2023-07-17 13:57:52","2023-07-17 13:57:52",Dev,Dev
492,2895,492,meta_title,Kesehatan/Vitamin & Multivitamin/Suplemen Vitamin Rambut,bahasa_indonesia,"2023-07-17 14:35:52","2023-07-17 14:35:52",CC Token,CC Token
492,2788,492,name,Kesehatan/Vitamin & Multivitamin/Suplemen Vitamin Rambut,bahasa_indonesia,"2023-07-17 13:57:52","2023-07-17 13:57:52",Dev,Dev
492,2786,492,name,Kesehatan/Vitamin & Multivitamin/Suplemen Vitamin Rambut,english,"2023-07-17 13:57:52","2023-07-17 13:57:52",Dev,Dev
492,2894,492,seo_url, ,english,"2023-07-17 14:35:52","2023-07-17 14:35:52",CC Token,CC Token
492,2896,492,tokopedia_category_ids,"2529",bahasa_indonesia,"2023-07-17 14:35:52","2023-07-17 14:35:52",CC Token,CC Token
524,3055,524,meta_description,Ibu & Bayi/Perawatan Bayi/Baby Oil,bahasa_indonesia,"2023-08-14 14:20:07","2023-08-14 14:20:07",CC Token,CC Token
524,3053,524,meta_keywords,Ibu & Bayi/Perawatan Bayi/Baby Oil,bahasa_indonesia,"2023-08-14 14:20:07","2023-08-14 14:20:07",CC Token,CC Token
524,3049,524,meta_title,Ibu & Bayi/Perawatan Bayi/Baby Oil,bahasa_indonesia,"2023-08-14 14:20:07","2023-08-14 14:20:07",CC Token,CC Token
524,3050,524,name,Ibu & Bayi/Perawatan Bayi/Baby Oil,bahasa_indonesia,"2023-08-14 14:20:07","2023-08-14 14:20:07",CC Token,CC Token
524,3051,524,name,Ibu & Bayi/Perawatan Bayi/Baby Oil,english,"2023-08-14 14:20:07","2023-08-14 14:20:07",CC Token,CC Token
524,3052,524,seo_url, ,bahasa_indonesia,"2023-08-14 14:20:07","2023-08-14 14:20:07",CC Token,CC Token
524,3056,524,seo_url, ,english,"2023-08-14 14:20:25","2023-08-14 14:20:25",CC Token,CC Token
524,3054,524,tokopedia_category_ids,"2534",bahasa_indonesia,"2023-08-14 14:20:07","2023-08-14 14:20:07",CC Token,CC Token
578,3429,578,meta_description,Ibu & Bayi/Perawatan Bayi/Gunting Kuku Bayi,bahasa_indonesia,"2023-08-22 09:25:11","2023-08-22 09:25:11",CC Token,CC Token
578,3431,578,meta_keywords,Ibu & Bayi/Perawatan Bayi/Gunting Kuku Bayi,bahasa_indonesia,"2023-08-22 09:25:11","2023-08-22 09:25:11",CC Token,CC Token
578,3430,578,meta_title,Ibu & Bayi/Perawatan Bayi/Gunting Kuku Bayi,bahasa_indonesia,"2023-08-22 09:25:11","2023-08-22 09:25:11",CC Token,CC Token
578,3434,578,name,Ibu & Bayi/Perawatan Bayi/Gunting Kuku Bayi,bahasa_indonesia,"2023-08-22 09:25:11","2023-08-22 09:25:11",CC Token,CC Token
578,3428,578,name,Ibu & Bayi/Perawatan Bayi/Gunting Kuku Bayi,english,"2023-08-22 09:25:11","2023-08-22 09:25:11",CC Token,CC Token
578,3433,578,seo_url, ,bahasa_indonesia,"2023-08-22 09:25:11","2023-08-22 09:25:11",CC Token,CC Token
578,3432,578,tokopedia_category_ids,"2536",bahasa_indonesia,"2023-08-22 09:25:11","2023-08-22 09:25:11",CC Token,CC Token
530,3098,530,meta_description,Ibu & Bayi/Perawatan Bayi/Sikat Gigi Pasta Gigi Bayi,bahasa_indonesia,"2023-08-14 14:25:35","2023-08-14 14:25:35",CC Token,CC Token
530,3096,530,meta_keywords,Ibu & Bayi/Perawatan Bayi/Sikat Gigi Pasta Gigi Bayi,bahasa_indonesia,"2023-08-14 14:25:35","2023-08-14 14:25:35",CC Token,CC Token
530,3092,530,meta_title,Ibu & Bayi/Perawatan Bayi/Sikat Gigi Pasta Gigi Bayi,bahasa_indonesia,"2023-08-14 14:25:35","2023-08-14 14:25:35",CC Token,CC Token
530,3093,530,name,Ibu & Bayi/Perawatan Bayi/Sikat Gigi Pasta Gigi Bayi,bahasa_indonesia,"2023-08-14 14:25:35","2023-08-14 14:25:35",CC Token,CC Token
530,3094,530,name,Ibu & Bayi/Perawatan Bayi/Sikat Gigi Pasta Gigi Bayi,english,"2023-08-14 14:25:35","2023-08-14 14:25:35",CC Token,CC Token
530,3095,530,seo_url, ,bahasa_indonesia,"2023-08-14 14:25:35","2023-08-14 14:25:35",CC Token,CC Token
530,3097,530,tokopedia_category_ids,"2542",bahasa_indonesia,"2023-08-14 14:25:35","2023-08-14 14:25:35",CC Token,CC Token
522,3035,522,meta_description,Ibu & Bayi/Peralatan Perlengkapan Menyusui/Breast Pump Aksesoris,bahasa_indonesia,"2023-08-14 14:14:22","2023-08-14 14:14:22",CC Token,CC Token
522,3037,522,meta_keywords,Ibu & Bayi/Peralatan Perlengkapan Menyusui/Breast Pump Aksesoris,bahasa_indonesia,"2023-08-14 14:14:22","2023-08-14 14:14:22",CC Token,CC Token
522,3036,522,meta_title,Ibu & Bayi/Peralatan Perlengkapan Menyusui/Breast Pump Aksesoris,bahasa_indonesia,"2023-08-14 14:14:22","2023-08-14 14:14:22",CC Token,CC Token
522,3038,522,name,Ibu & Bayi/Peralatan Perlengkapan Menyusui/Breast Pump Aksesoris,bahasa_indonesia,"2023-08-14 14:14:22","2023-08-14 14:14:22",CC Token,CC Token
522,3040,522,name,Ibu & Bayi/Peralatan Perlengkapan Menyusui/Breast Pump Aksesoris,english,"2023-08-14 14:14:22","2023-08-14 14:14:22",CC Token,CC Token
522,3034,522,seo_url, ,bahasa_indonesia,"2023-08-14 14:14:22","2023-08-14 14:14:22",CC Token,CC Token
522,3039,522,tokopedia_category_ids,"2551",bahasa_indonesia,"2023-08-14 14:14:22","2023-08-14 14:14:22",CC Token,CC Token
521,3031,521,meta_description,Ibu & Bayi/Peralatan Perlengkapan Menyusui/Breast Pad,bahasa_indonesia,"2023-08-14 14:13:03","2023-08-14 14:13:03",CC Token,CC Token
521,3029,521,meta_keywords,Ibu & Bayi/Peralatan Perlengkapan Menyusui/Breast Pad,bahasa_indonesia,"2023-08-14 14:13:03","2023-08-14 14:13:03",CC Token,CC Token
521,3027,521,meta_title,Ibu & Bayi/Peralatan Perlengkapan Menyusui/Breast Pad,bahasa_indonesia,"2023-08-14 14:13:03","2023-08-14 14:13:03",CC Token,CC Token
521,3030,521,name,Ibu & Bayi/Peralatan Perlengkapan Menyusui/Breast Pad,bahasa_indonesia,"2023-08-14 14:13:03","2023-08-14 14:13:03",CC Token,CC Token
521,3033,521,name,Ibu & Bayi/Peralatan Perlengkapan Menyusui/Breast Pad,english,"2023-08-14 14:13:03","2023-08-14 14:13:03",CC Token,CC Token
521,3028,521,seo_url, ,bahasa_indonesia,"2023-08-14 14:13:03","2023-08-14 14:13:03",CC Token,CC Token
521,3032,521,tokopedia_category_ids,"2552",bahasa_indonesia,"2023-08-14 14:13:03","2023-08-14 14:13:03",CC Token,CC Token
554,3262,554,meta_description,Ibu & Bayi/Peralatan Perlengkapan Menyusui/Kantong Botol ASI,bahasa_indonesia,"2023-08-15 12:50:13","2023-08-15 12:50:13",CC Token,CC Token
554,3263,554,meta_keywords,Ibu & Bayi/Peralatan Perlengkapan Menyusui/Kantong Botol ASI,bahasa_indonesia,"2023-08-15 12:50:13","2023-08-15 12:50:13",CC Token,CC Token
554,3261,554,meta_title,Ibu & Bayi/Peralatan Perlengkapan Menyusui/Kantong Botol ASI,bahasa_indonesia,"2023-08-15 12:50:13","2023-08-15 12:50:13",CC Token,CC Token
554,3265,554,name,Ibu & Bayi/Peralatan Perlengkapan Menyusui/Kantong Botol ASI,bahasa_indonesia,"2023-08-15 12:50:13","2023-08-15 12:50:13",CC Token,CC Token
554,3259,554,name,Ibu & Bayi/Peralatan Perlengkapan Menyusui/Kantong Botol ASI,english,"2023-08-15 12:50:13","2023-08-15 12:50:13",CC Token,CC Token
554,3264,554,seo_url, ,bahasa_indonesia,"2023-08-15 12:50:13","2023-08-15 12:50:13",CC Token,CC Token
554,3260,554,tokopedia_category_ids,"2553",bahasa_indonesia,"2023-08-15 12:50:13","2023-08-15 12:50:13",CC Token,CC Token
523,3046,523,meta_description,Ibu & Bayi/Peralatan Perlengkapan Menyusui/Nipple Cream,bahasa_indonesia,"2023-08-14 14:19:03","2023-08-14 14:19:03",CC Token,CC Token
523,3045,523,meta_keywords,Ibu & Bayi/Peralatan Perlengkapan Menyusui/Nipple Cream,bahasa_indonesia,"2023-08-14 14:19:03","2023-08-14 14:19:03",CC Token,CC Token
523,3041,523,meta_title,Ibu & Bayi/Peralatan Perlengkapan Menyusui/Nipple Cream,bahasa_indonesia,"2023-08-14 14:19:03","2023-08-14 14:19:03",CC Token,CC Token
523,3042,523,name,Ibu & Bayi/Peralatan Perlengkapan Menyusui/Nipple Cream,bahasa_indonesia,"2023-08-14 14:19:03","2023-08-14 14:19:03",CC Token,CC Token
523,3043,523,name,Ibu & Bayi/Peralatan Perlengkapan Menyusui/Nipple Cream,english,"2023-08-14 14:19:03","2023-08-14 14:19:03",CC Token,CC Token
523,3044,523,seo_url, ,bahasa_indonesia,"2023-08-14 14:19:03","2023-08-14 14:19:03",CC Token,CC Token
523,3048,523,seo_url, ,english,"2023-08-14 14:19:09","2023-08-14 14:19:09",CC Token,CC Token
523,3047,523,tokopedia_category_ids,"2556",bahasa_indonesia,"2023-08-14 14:19:09","2023-08-14 14:20:49",CC Token,CC Token
579,3439,579,meta_description,Ibu & Bayi/Peralatan Perlengkapan Menyusui/Ice Gel,bahasa_indonesia,"2023-08-22 09:28:02","2023-08-22 09:28:02",CC Token,CC Token
579,3435,579,meta_keywords,Ibu & Bayi/Peralatan Perlengkapan Menyusui/Ice Gel,bahasa_indonesia,"2023-08-22 09:28:02","2023-08-22 09:28:02",CC Token,CC Token
579,3438,579,meta_title,Ibu & Bayi/Peralatan Perlengkapan Menyusui/Ice Gel,bahasa_indonesia,"2023-08-22 09:28:02","2023-08-22 09:28:02",CC Token,CC Token
579,3437,579,name,Ibu & Bayi/Peralatan Perlengkapan Menyusui/Ice Gel,bahasa_indonesia,"2023-08-22 09:28:02","2023-08-22 09:28:02",CC Token,CC Token
579,3441,579,name,Ibu & Bayi/Peralatan Perlengkapan Menyusui/Ice Gel,english,"2023-08-22 09:28:02","2023-08-22 09:28:02",CC Token,CC Token
579,3436,579,seo_url, ,bahasa_indonesia,"2023-08-22 09:28:02","2023-08-22 09:28:02",CC Token,CC Token
579,3440,579,tokopedia_category_ids,"2559",bahasa_indonesia,"2023-08-22 09:28:02","2023-08-22 09:28:02",CC Token,CC Token
115,1038,115,meta_description,Kesehatan/Perlengkapan Medis/Peralatan P3K,bahasa_indonesia,"2022-08-15 10:30:53","2022-08-15 10:30:53",CC Token,CC Token
115,1039,115,meta_keywords,Kesehatan/Perlengkapan Medis/Peralatan P3K,bahasa_indonesia,"2022-08-15 10:30:53","2022-08-15 10:30:53",CC Token,CC Token
115,1043,115,meta_title,Kesehatan/Perlengkapan Medis/Peralatan P3K,bahasa_indonesia,"2022-08-15 10:30:53","2022-08-15 10:30:53",CC Token,CC Token
115,1040,115,name,Kesehatan/Perlengkapan Medis/Peralatan P3K,bahasa_indonesia,"2022-08-15 10:30:53","2022-08-15 10:30:53",CC Token,CC Token
115,1042,115,name,Kesehatan/Perlengkapan Medis/Peralatan P3K,english,"2022-08-15 10:30:53","2022-08-15 10:30:53",CC Token,CC Token
115,1037,115,seo_url, ,bahasa_indonesia,"2022-08-15 10:30:53","2022-08-15 10:30:53",CC Token,CC Token
115,1041,115,tokopedia_category_ids,"2577",bahasa_indonesia,"2022-08-15 10:30:53","2022-08-15 10:30:53",CC Token,CC Token
602,3596,602,meta_description,Kecantikan/Brush Applicator/Beauty Sponge,bahasa_indonesia,"2023-08-22 14:13:18","2023-08-22 14:13:18",CC Token,CC Token
602,3598,602,meta_keywords,Kecantikan/Brush Applicator/Beauty Sponge,bahasa_indonesia,"2023-08-22 14:13:18","2023-08-22 14:13:18",CC Token,CC Token
602,3597,602,meta_title,Kecantikan/Brush Applicator/Beauty Sponge,bahasa_indonesia,"2023-08-22 14:13:18","2023-08-22 14:13:18",CC Token,CC Token
602,3601,602,name,Kecantikan/Brush Applicator/Beauty Sponge,bahasa_indonesia,"2023-08-22 14:13:18","2023-08-22 14:13:18",CC Token,CC Token
602,3595,602,name,Kecantikan/Brush Applicator/Beauty Sponge,english,"2023-08-22 14:13:18","2023-08-22 14:13:18",CC Token,CC Token
602,3600,602,seo_url, ,bahasa_indonesia,"2023-08-22 14:13:18","2023-08-22 14:13:18",CC Token,CC Token
602,3599,602,tokopedia_category_ids,"2613",bahasa_indonesia,"2023-08-22 14:13:18","2023-08-22 14:13:18",CC Token,CC Token
537,3145,537,meta_description,Kecantikan/Perawatan Wajah/Face Mist,bahasa_indonesia,"2023-08-14 15:10:21","2023-08-14 15:10:21",CC Token,CC Token
537,3143,537,meta_keywords,Kecantikan/Perawatan Wajah/Face Mist,bahasa_indonesia,"2023-08-14 15:10:21","2023-08-14 15:10:21",CC Token,CC Token
537,3144,537,meta_title,Kecantikan/Perawatan Wajah/Face Mist,bahasa_indonesia,"2023-08-14 15:10:21","2023-08-14 15:10:21",CC Token,CC Token
537,3141,537,name,Kecantikan/Perawatan Wajah/Face Mist,bahasa_indonesia,"2023-08-14 15:10:21","2023-08-14 15:10:21",CC Token,CC Token
537,3147,537,name,Kecantikan/Perawatan Wajah/Face Mist,english,"2023-08-14 15:10:21","2023-08-14 15:10:21",CC Token,CC Token
537,3146,537,seo_url, ,bahasa_indonesia,"2023-08-14 15:10:21","2023-08-14 15:10:21",CC Token,CC Token
537,3142,537,tokopedia_category_ids,"2618",bahasa_indonesia,"2023-08-14 15:10:21","2023-08-14 15:10:21",CC Token,CC Token
593,3533,593,meta_description,Kecantikan/Perawatan Wajah/Kertas Minyak,bahasa_indonesia,"2023-08-22 13:19:27","2023-08-22 13:19:27",CC Token,CC Token
593,3534,593,meta_keywords,Kecantikan/Perawatan Wajah/Kertas Minyak,bahasa_indonesia,"2023-08-22 13:19:27","2023-08-22 13:19:27",CC Token,CC Token
593,3538,593,meta_title,Kecantikan/Perawatan Wajah/Kertas Minyak,bahasa_indonesia,"2023-08-22 13:19:27","2023-08-22 13:19:27",CC Token,CC Token
593,3536,593,name,Kecantikan/Perawatan Wajah/Kertas Minyak,bahasa_indonesia,"2023-08-22 13:19:27","2023-08-22 13:19:27",CC Token,CC Token
593,3537,593,name,Kecantikan/Perawatan Wajah/Kertas Minyak,english,"2023-08-22 13:19:27","2023-08-22 13:19:27",CC Token,CC Token
593,3532,593,seo_url, ,bahasa_indonesia,"2023-08-22 13:19:27","2023-08-22 13:19:27",CC Token,CC Token
593,3535,593,tokopedia_category_ids,"2619",bahasa_indonesia,"2023-08-22 13:19:27","2023-08-22 13:19:27",CC Token,CC Token
607,3634,607,meta_description,Kecantikan/Perawatan Wajah/Serum Bulu Mata & Alis,bahasa_indonesia,"2023-08-22 16:09:10","2023-08-22 16:09:10",CC Token,CC Token
607,3631,607,meta_keywords,Kecantikan/Perawatan Wajah/Serum Bulu Mata & Alis,bahasa_indonesia,"2023-08-22 16:09:10","2023-08-22 16:09:10",CC Token,CC Token
607,3636,607,meta_title,Kecantikan/Perawatan Wajah/Serum Bulu Mata & Alis,bahasa_indonesia,"2023-08-22 16:09:10","2023-08-22 16:09:10",CC Token,CC Token
607,3632,607,name,Kecantikan/Perawatan Wajah/Serum Bulu Mata & Alis,bahasa_indonesia,"2023-08-22 16:09:10","2023-08-22 16:09:10",CC Token,CC Token
607,3635,607,name,Kecantikan/Perawatan Wajah/Serum Bulu Mata & Alis,english,"2023-08-22 16:09:10","2023-08-22 16:09:10",CC Token,CC Token
607,3633,607,seo_url, ,bahasa_indonesia,"2023-08-22 16:09:10","2023-08-22 16:09:10",CC Token,CC Token
607,3630,607,tokopedia_category_ids,"2620",bahasa_indonesia,"2023-08-22 16:09:10","2023-08-22 16:09:10",CC Token,CC Token
564,3331,564,meta_description,Kecantikan/Pembersih Make Up/Kapas Wajah,bahasa_indonesia,"2023-08-18 15:03:35","2023-08-18 15:03:35",CC Token,CC Token
564,3333,564,meta_keywords,Kecantikan/Pembersih Make Up/Kapas Wajah,bahasa_indonesia,"2023-08-18 15:03:35","2023-08-18 15:03:35",CC Token,CC Token
564,3330,564,meta_title,Kecantikan/Pembersih Make Up/Kapas Wajah,bahasa_indonesia,"2023-08-18 15:03:35","2023-08-18 15:03:35",CC Token,CC Token
564,3334,564,name,Kecantikan/Pembersih Make Up/Kapas Wajah,bahasa_indonesia,"2023-08-18 15:03:35","2023-08-18 15:03:35",CC Token,CC Token
564,3335,564,name,Kecantikan/Pembersih Make Up/Kapas Wajah,english,"2023-08-18 15:03:35","2023-08-18 15:03:35",CC Token,CC Token
564,3336,564,seo_url, ,bahasa_indonesia,"2023-08-18 15:03:35","2023-08-18 15:03:35",CC Token,CC Token
564,3332,564,tokopedia_category_ids,"2621",bahasa_indonesia,"2023-08-18 15:03:35","2023-08-18 15:03:35",CC Token,CC Token
609,3650,609,meta_description,Kecantikan/Pembersih Make Up/Micellar Water,bahasa_indonesia,"2023-08-22 16:19:14","2023-08-22 16:19:14",CC Token,CC Token
609,3646,609,meta_keywords,Kecantikan/Pembersih Make Up/Micellar Water,bahasa_indonesia,"2023-08-22 16:19:14","2023-08-22 16:19:14",CC Token,CC Token
609,3647,609,meta_title,Kecantikan/Pembersih Make Up/Micellar Water,bahasa_indonesia,"2023-08-22 16:19:14","2023-08-22 16:19:14",CC Token,CC Token
609,3644,609,name,Kecantikan/Pembersih Make Up/Micellar Water,bahasa_indonesia,"2023-08-22 16:19:14","2023-08-22 16:19:14",CC Token,CC Token
609,3648,609,name,Kecantikan/Pembersih Make Up/Micellar Water,english,"2023-08-22 16:19:14","2023-08-22 16:19:14",CC Token,CC Token
609,3649,609,seo_url, ,bahasa_indonesia,"2023-08-22 16:19:14","2023-08-22 16:19:14",CC Token,CC Token
609,3645,609,tokopedia_category_ids,"2622",bahasa_indonesia,"2023-08-22 16:19:14","2023-08-22 16:19:14",CC Token,CC Token
605,3621,605,meta_description,Kecantikan/Masker Kecantikan/Masker Wajah,bahasa_indonesia,"2023-08-22 16:00:56","2023-08-22 16:00:56",CC Token,CC Token
605,3618,605,meta_keywords,Kecantikan/Masker Kecantikan/Masker Wajah,bahasa_indonesia,"2023-08-22 16:00:56","2023-08-22 16:00:56",CC Token,CC Token
605,3622,605,meta_title,Kecantikan/Masker Kecantikan/Masker Wajah,bahasa_indonesia,"2023-08-22 16:00:56","2023-08-22 16:00:56",CC Token,CC Token
605,3616,605,name,Kecantikan/Masker Kecantikan/Masker Wajah,bahasa_indonesia,"2023-08-22 16:00:56","2023-08-22 16:00:56",CC Token,CC Token
605,3617,605,name,Kecantikan/Masker Kecantikan/Masker Wajah,english,"2023-08-22 16:00:56","2023-08-22 16:00:56",CC Token,CC Token
605,3620,605,seo_url, ,bahasa_indonesia,"2023-08-22 16:00:56","2023-08-22 16:00:56",CC Token,CC Token
605,3619,605,tokopedia_category_ids,"2627",bahasa_indonesia,"2023-08-22 16:00:56","2023-08-22 16:00:56",CC Token,CC Token
566,3349,566,meta_description,Fashion Anak & Bayi/Pakaian Dalam Anak/Celana Dalam Anak,bahasa_indonesia,"2023-08-21 12:02:48","2023-08-21 12:02:48",CC Token,CC Token
566,3344,566,meta_keywords,Fashion Anak & Bayi/Pakaian Dalam Anak/Celana Dalam Anak,bahasa_indonesia,"2023-08-21 12:02:48","2023-08-21 12:02:48",CC Token,CC Token
566,3347,566,meta_title,Fashion Anak & Bayi/Pakaian Dalam Anak/Celana Dalam Anak,bahasa_indonesia,"2023-08-21 12:02:48","2023-08-21 12:02:48",CC Token,CC Token
566,3345,566,name,Fashion Anak & Bayi/Pakaian Dalam Anak/Celana Dalam Anak,bahasa_indonesia,"2023-08-21 12:02:48","2023-08-21 12:02:48",CC Token,CC Token
566,3348,566,name,Fashion Anak & Bayi/Pakaian Dalam Anak/Celana Dalam Anak,english,"2023-08-21 12:02:48","2023-08-21 12:02:48",CC Token,CC Token
566,3346,566,seo_url, ,bahasa_indonesia,"2023-08-21 12:02:48","2023-08-21 12:02:48",CC Token,CC Token
566,3350,566,tokopedia_category_ids,"2671",bahasa_indonesia,"2023-08-21 12:02:48","2023-08-21 12:02:48",CC Token,CC Token
514,2955,514,meta_description,Dapatkan informasi Produk Medicine & Treatments Makanan & Minuman/Susu & Olahan Susu/Susu segar & Pasteurisasi paling lengkap hanya di Halodoc. Konsultasi obat dengan dokter ? Order obat di Halodoc ? #TenangAdaHalodoc,bahasa_indonesia,"2023-07-18 13:08:20","2023-07-18 13:08:20",Dev,Dev
514,2954,514,meta_keywords,Produk Makanan & Minuman/Susu & Olahan Susu/Susu segar & Pasteurisasi Obat Perawatan Halodoc,bahasa_indonesia,"2023-07-18 13:08:20","2023-07-18 13:08:20",Dev,Dev
514,2991,514,meta_title,Makanan & Minuman/Susu & Olahan Susu/Susu segar & Pasteurisasi,bahasa_indonesia,"2023-07-18 13:56:36","2023-07-18 13:56:36",CC Token,CC Token
514,2953,514,name,Makanan & Minuman/Susu & Olahan Susu/Susu segar & Pasteurisasi,bahasa_indonesia,"2023-07-18 13:08:20","2023-07-18 13:08:20",Dev,Dev
514,2956,514,name,Makanan & Minuman/Susu & Olahan Susu/Susu segar & Pasteurisasi,english,"2023-07-18 13:08:20","2023-07-18 13:08:20",Dev,Dev
514,2992,514,seo_url, ,english,"2023-07-18 13:56:36","2023-07-18 13:56:36",CC Token,CC Token
514,2993,514,tokopedia_category_ids,"2715",bahasa_indonesia,"2023-07-18 13:56:36","2023-07-18 13:56:36",CC Token,CC Token
513,2950,513,meta_description,Dapatkan informasi Produk Medicine & Treatments Makanan & Minuman/Susu & Olahan Susu/Susu UHT paling lengkap hanya di Halodoc. Konsultasi obat dengan dokter ? Order obat di Halodoc ? #TenangAdaHalodoc,bahasa_indonesia,"2023-07-18 13:08:20","2023-07-18 13:08:20",Dev,Dev
513,2952,513,meta_keywords,Produk Makanan & Minuman/Susu & Olahan Susu/Susu UHT Obat Perawatan Halodoc,bahasa_indonesia,"2023-07-18 13:08:20","2023-07-18 13:08:20",Dev,Dev
513,2988,513,meta_title,Makanan & Minuman/Susu & Olahan Susu/Susu UHT,bahasa_indonesia,"2023-07-18 13:55:47","2023-07-18 13:55:47",CC Token,CC Token
513,2951,513,name,Makanan & Minuman/Susu & Olahan Susu/Susu UHT,bahasa_indonesia,"2023-07-18 13:08:20","2023-07-18 13:08:20",Dev,Dev
513,2949,513,name,Makanan & Minuman/Susu & Olahan Susu/Susu UHT,english,"2023-07-18 13:08:20","2023-07-18 13:08:20",Dev,Dev
513,2989,513,seo_url, ,english,"2023-07-18 13:55:47","2023-07-18 13:55:47",CC Token,CC Token
513,2990,513,tokopedia_category_ids,"2716",bahasa_indonesia,"2023-07-18 13:55:47","2023-07-18 13:55:47",CC Token,CC Token
510,2939,510,meta_description,Dapatkan informasi Produk Medicine & Treatments Makanan & Minuman/Susu & Olahan Susu/Susu Bubuk paling lengkap hanya di Halodoc. Konsultasi obat dengan dokter ? Order obat di Halodoc ? #TenangAdaHalodoc,bahasa_indonesia,"2023-07-18 13:08:20","2023-07-18 13:08:20",Dev,Dev
510,2940,510,meta_keywords,Produk Makanan & Minuman/Susu & Olahan Susu/Susu Bubuk Obat Perawatan Halodoc,bahasa_indonesia,"2023-07-18 13:08:20","2023-07-18 13:08:20",Dev,Dev
510,2981,510,meta_title,Makanan & Minuman/Susu & Olahan Susu/Susu Bubuk,bahasa_indonesia,"2023-07-18 13:53:20","2023-07-18 13:53:20",CC Token,CC Token
510,2937,510,name,Makanan & Minuman/Susu & Olahan Susu/Susu Bubuk,bahasa_indonesia,"2023-07-18 13:08:20","2023-07-18 13:08:20",Dev,Dev
510,2938,510,name,Makanan & Minuman/Susu & Olahan Susu/Susu Bubuk,english,"2023-07-18 13:08:20","2023-07-18 13:08:20",Dev,Dev
510,2980,510,seo_url, ,english,"2023-07-18 13:53:20","2023-07-18 13:53:20",CC Token,CC Token
510,2979,510,tokopedia_category_ids,"2717",bahasa_indonesia,"2023-07-18 13:53:20","2023-07-18 13:53:20",CC Token,CC Token
511,2944,511,meta_description,Dapatkan informasi Produk Medicine & Treatments Makanan & Minuman/Susu & Olahan Susu/Susu Lansia paling lengkap hanya di Halodoc. Konsultasi obat dengan dokter ? Order obat di Halodoc ? #TenangAdaHalodoc,bahasa_indonesia,"2023-07-18 13:08:20","2023-07-18 13:08:20",Dev,Dev
511,2941,511,meta_keywords,Produk Makanan & Minuman/Susu & Olahan Susu/Susu Lansia Obat Perawatan Halodoc,bahasa_indonesia,"2023-07-18 13:08:20","2023-07-18 13:08:20",Dev,Dev
511,2984,511,meta_title,Makanan & Minuman/Susu & Olahan Susu/Susu Lansia,bahasa_indonesia,"2023-07-18 13:54:40","2023-07-18 13:54:40",CC Token,CC Token
511,2942,511,name,Makanan & Minuman/Susu & Olahan Susu/Susu Lansia,bahasa_indonesia,"2023-07-18 13:08:20","2023-07-18 13:08:20",Dev,Dev
511,2943,511,name,Makanan & Minuman/Susu & Olahan Susu/Susu Lansia,english,"2023-07-18 13:08:20","2023-07-18 13:08:20",Dev,Dev
511,2983,511,seo_url, ,english,"2023-07-18 13:54:40","2023-07-18 13:54:40",CC Token,CC Token
511,2982,511,tokopedia_category_ids,"2718",bahasa_indonesia,"2023-07-18 13:54:40","2023-07-18 13:54:40",CC Token,CC Token
512,2947,512,meta_description,Dapatkan informasi Produk Medicine & Treatments Makanan & Minuman/Susu & Olahan Susu/Susu Non-Dairy paling lengkap hanya di Halodoc. Konsultasi obat dengan dokter ? Order obat di Halodoc ? #TenangAdaHalodoc,bahasa_indonesia,"2023-07-18 13:08:20","2023-07-18 13:08:20",Dev,Dev
512,2945,512,meta_keywords,Produk Makanan & Minuman/Susu & Olahan Susu/Susu Non-Dairy Obat Perawatan Halodoc,bahasa_indonesia,"2023-07-18 13:08:20","2023-07-18 13:08:20",Dev,Dev
512,2987,512,meta_title,Makanan & Minuman/Susu & Olahan Susu/Susu Non-Dairy,bahasa_indonesia,"2023-07-18 13:55:20","2023-07-18 13:55:20",CC Token,CC Token
512,2946,512,name,Makanan & Minuman/Susu & Olahan Susu/Susu Non-Dairy,bahasa_indonesia,"2023-07-18 13:08:20","2023-07-18 13:08:20",Dev,Dev
512,2948,512,name,Makanan & Minuman/Susu & Olahan Susu/Susu Non-Dairy,english,"2023-07-18 13:08:20","2023-07-18 13:08:20",Dev,Dev
512,2986,512,seo_url, ,english,"2023-07-18 13:55:20","2023-07-18 13:55:20",CC Token,CC Token
512,2985,512,tokopedia_category_ids,"2720",bahasa_indonesia,"2023-07-18 13:55:20","2023-07-18 13:55:20",CC Token,CC Token
515,2959,515,meta_description,Dapatkan informasi Produk Medicine & Treatments Makanan & Minuman/Susu & Olahan Susu/Yogurt paling lengkap hanya di Halodoc. Konsultasi obat dengan dokter ? Order obat di Halodoc ? #TenangAdaHalodoc,bahasa_indonesia,"2023-07-18 13:08:21","2023-07-18 13:08:21",Dev,Dev
515,2958,515,meta_keywords,Produk Makanan & Minuman/Susu & Olahan Susu/Yogurt Obat Perawatan Halodoc,bahasa_indonesia,"2023-07-18 13:08:21","2023-07-18 13:08:21",Dev,Dev
515,2996,515,meta_title,Makanan & Minuman/Susu & Olahan Susu/Yogurt,bahasa_indonesia,"2023-07-18 13:57:01","2023-07-18 13:57:01",CC Token,CC Token
515,2957,515,name,Makanan & Minuman/Susu & Olahan Susu/Yogurt,bahasa_indonesia,"2023-07-18 13:08:21","2023-07-18 13:08:21",Dev,Dev
515,2960,515,name,Makanan & Minuman/Susu & Olahan Susu/Yogurt,english,"2023-07-18 13:08:21","2023-07-18 13:08:21",Dev,Dev
515,2995,515,seo_url, ,english,"2023-07-18 13:57:01","2023-07-18 13:57:01",CC Token,CC Token
515,2994,515,tokopedia_category_ids,"2721",bahasa_indonesia,"2023-07-18 13:57:01","2023-07-18 13:57:01",CC Token,CC Token
561,3312,561,meta_description,Makanan & Minuman/Bumbu & Bahan Masakan/Gula,bahasa_indonesia,"2023-08-18 14:49:24","2023-08-18 14:49:24",CC Token,CC Token
561,3310,561,meta_keywords,Makanan & Minuman/Bumbu & Bahan Masakan/Gula,bahasa_indonesia,"2023-08-18 14:49:24","2023-08-18 14:49:24",CC Token,CC Token
561,3315,561,meta_title,Makanan & Minuman/Bumbu & Bahan Masakan/Gula,bahasa_indonesia,"2023-08-18 14:49:24","2023-08-18 14:49:24",CC Token,CC Token
561,3311,561,name,Makanan & Minuman/Bumbu & Bahan Masakan/Gula,bahasa_indonesia,"2023-08-18 14:49:24","2023-08-18 14:49:24",CC Token,CC Token
561,3314,561,name,Makanan & Minuman/Bumbu & Bahan Masakan/Gula,english,"2023-08-18 14:49:24","2023-08-18 14:49:24",CC Token,CC Token
561,3313,561,seo_url, ,bahasa_indonesia,"2023-08-18 14:49:24","2023-08-18 14:49:24",CC Token,CC Token
561,3309,561,tokopedia_category_ids,"2743",bahasa_indonesia,"2023-08-18 14:49:24","2023-08-18 14:49:24",CC Token,CC Token
570,3377,570,meta_description,Makanan & Minuman/Minuman/Ready to Drink (Siap Minum),bahasa_indonesia,"2023-08-21 16:06:37","2023-08-21 16:06:37",CC Token,CC Token
570,3374,570,meta_keywords,Makanan & Minuman/Minuman/Ready to Drink (Siap Minum),bahasa_indonesia,"2023-08-21 16:06:37","2023-08-21 16:06:37",CC Token,CC Token
570,3376,570,meta_title,Makanan & Minuman/Minuman/Ready to Drink (Siap Minum),bahasa_indonesia,"2023-08-21 16:06:37","2023-08-21 16:06:37",CC Token,CC Token
570,3373,570,name,Makanan & Minuman/Minuman/Ready to Drink (Siap Minum),bahasa_indonesia,"2023-08-21 16:06:37","2023-08-21 16:06:37",CC Token,CC Token
570,3375,570,name,Makanan & Minuman/Minuman/Ready to Drink (Siap Minum),english,"2023-08-21 16:06:37","2023-08-21 16:06:37",CC Token,CC Token
570,3372,570,seo_url, ,bahasa_indonesia,"2023-08-21 16:06:37","2023-08-21 16:06:37",CC Token,CC Token
570,3378,570,tokopedia_category_ids,"2780",bahasa_indonesia,"2023-08-21 16:06:37","2023-08-21 16:06:37",CC Token,CC Token
585,3476,585,meta_description,Makanan & Minuman/Minuman/Minuman Tradisional,bahasa_indonesia,"2023-08-22 10:46:35","2023-08-22 10:46:35",CC Token,CC Token
585,3480,585,meta_keywords,Makanan & Minuman/Minuman/Minuman Tradisional,bahasa_indonesia,"2023-08-22 10:46:35","2023-08-22 10:46:35",CC Token,CC Token
585,3478,585,meta_title,Makanan & Minuman/Minuman/Minuman Tradisional,bahasa_indonesia,"2023-08-22 10:46:35","2023-08-22 10:46:35",CC Token,CC Token
585,3479,585,name,Makanan & Minuman/Minuman/Minuman Tradisional,bahasa_indonesia,"2023-08-22 10:46:35","2023-08-22 10:46:35",CC Token,CC Token
585,3482,585,name,Makanan & Minuman/Minuman/Minuman Tradisional,english,"2023-08-22 10:46:35","2023-08-22 10:46:35",CC Token,CC Token
585,3477,585,seo_url, ,bahasa_indonesia,"2023-08-22 10:46:35","2023-08-22 10:46:35",CC Token,CC Token
585,3481,585,tokopedia_category_ids,"2781",bahasa_indonesia,"2023-08-22 10:46:35","2023-08-22 10:46:35",CC Token,CC Token
542,3181,542,meta_description,Makanan & Minuman/Minuman/Madu,bahasa_indonesia,"2023-08-14 15:29:29","2023-08-14 15:29:29",CC Token,CC Token
542,3176,542,meta_keywords,Makanan & Minuman/Minuman/Madu,bahasa_indonesia,"2023-08-14 15:29:29","2023-08-14 15:29:29",CC Token,CC Token
542,3182,542,meta_title,Makanan & Minuman/Minuman/Madu,bahasa_indonesia,"2023-08-14 15:29:29","2023-08-14 15:29:29",CC Token,CC Token
542,3179,542,name,Makanan & Minuman/Minuman/Madu,bahasa_indonesia,"2023-08-14 15:29:29","2023-08-14 15:29:29",CC Token,CC Token
542,3180,542,name,Makanan & Minuman/Minuman/Madu,english,"2023-08-14 15:29:29","2023-08-14 15:29:29",CC Token,CC Token
542,3178,542,seo_url, ,bahasa_indonesia,"2023-08-14 15:29:29","2023-08-14 15:29:29",CC Token,CC Token
542,3177,542,tokopedia_category_ids,"2782",bahasa_indonesia,"2023-08-14 15:29:29","2023-08-14 15:29:29",CC Token,CC Token
601,3592,601,meta_description,Makanan & Minuman/Makanan Sarapan/Oat,bahasa_indonesia,"2023-08-22 13:56:34","2023-08-22 13:56:34",CC Token,CC Token
601,3589,601,meta_keywords,Makanan & Minuman/Makanan Sarapan/Oat,bahasa_indonesia,"2023-08-22 13:56:34","2023-08-22 13:56:34",CC Token,CC Token
601,3594,601,meta_title,Makanan & Minuman/Makanan Sarapan/Oat,bahasa_indonesia,"2023-08-22 13:56:34","2023-08-22 13:56:34",CC Token,CC Token
601,3590,601,name,Makanan & Minuman/Makanan Sarapan/Oat,bahasa_indonesia,"2023-08-22 13:56:34","2023-08-22 13:56:34",CC Token,CC Token
601,3593,601,name,Makanan & Minuman/Makanan Sarapan/Oat,english,"2023-08-22 13:56:34","2023-08-22 13:56:34",CC Token,CC Token
601,3591,601,seo_url, ,bahasa_indonesia,"2023-08-22 13:56:34","2023-08-22 13:56:34",CC Token,CC Token
601,3588,601,tokopedia_category_ids,"2799",bahasa_indonesia,"2023-08-22 13:56:34","2023-08-22 13:56:34",CC Token,CC Token
560,3304,560,meta_description,Makanan & Minuman/Makanan Ringan/Permen,bahasa_indonesia,"2023-08-18 14:44:24","2023-08-18 14:44:24",CC Token,CC Token
560,3306,560,meta_keywords,Makanan & Minuman/Makanan Ringan/Permen,bahasa_indonesia,"2023-08-18 14:44:24","2023-08-18 14:44:24",CC Token,CC Token
560,3303,560,meta_title,Makanan & Minuman/Makanan Ringan/Permen,bahasa_indonesia,"2023-08-18 14:44:24","2023-08-18 14:44:24",CC Token,CC Token
560,3308,560,name,Makanan & Minuman/Makanan Ringan/Permen,bahasa_indonesia,"2023-08-18 14:44:24","2023-08-18 14:44:24",CC Token,CC Token
560,3302,560,name,Makanan & Minuman/Makanan Ringan/Permen,english,"2023-08-18 14:44:24","2023-08-18 14:44:24",CC Token,CC Token
560,3307,560,seo_url, ,bahasa_indonesia,"2023-08-18 14:44:24","2023-08-18 14:44:24",CC Token,CC Token
560,3305,560,tokopedia_category_ids,"2801",bahasa_indonesia,"2023-08-18 14:44:24","2023-08-18 14:44:24",CC Token,CC Token
594,3545,594,meta_description,Makanan & Minuman/Makanan Ringan/Biskuit & Wafer,bahasa_indonesia,"2023-08-22 13:31:11","2023-08-22 13:31:11",CC Token,CC Token
594,3541,594,meta_keywords,Makanan & Minuman/Makanan Ringan/Biskuit & Wafer,bahasa_indonesia,"2023-08-22 13:31:11","2023-08-22 13:31:11",CC Token,CC Token
594,3542,594,meta_title,Makanan & Minuman/Makanan Ringan/Biskuit & Wafer,bahasa_indonesia,"2023-08-22 13:31:11","2023-08-22 13:31:11",CC Token,CC Token
594,3539,594,name,Makanan & Minuman/Makanan Ringan/Biskuit & Wafer,bahasa_indonesia,"2023-08-22 13:31:11","2023-08-22 13:31:11",CC Token,CC Token
594,3543,594,name,Makanan & Minuman/Makanan Ringan/Biskuit & Wafer,english,"2023-08-22 13:31:11","2023-08-22 13:31:11",CC Token,CC Token
594,3544,594,seo_url, ,bahasa_indonesia,"2023-08-22 13:31:11","2023-08-22 13:31:11",CC Token,CC Token
594,3540,594,tokopedia_category_ids,"2803",bahasa_indonesia,"2023-08-22 13:31:11","2023-08-22 13:31:11",CC Token,CC Token
565,3337,565,meta_description,Makanan & Minuman/Kue/Kue Kering,bahasa_indonesia,"2023-08-21 11:54:06","2023-08-21 11:54:06",CC Token,CC Token
565,3342,565,meta_keywords,Makanan & Minuman/Kue/Kue Kering,bahasa_indonesia,"2023-08-21 11:54:06","2023-08-21 11:54:06",CC Token,CC Token
565,3341,565,meta_title,Makanan & Minuman/Kue/Kue Kering,bahasa_indonesia,"2023-08-21 11:54:06","2023-08-21 11:54:06",CC Token,CC Token
565,3339,565,name,Makanan & Minuman/Kue/Kue Kering,bahasa_indonesia,"2023-08-21 11:54:06","2023-08-21 11:54:06",CC Token,CC Token
565,3340,565,name,Makanan & Minuman/Kue/Kue Kering,english,"2023-08-21 11:54:06","2023-08-21 11:54:06",CC Token,CC Token
565,3343,565,seo_url, ,bahasa_indonesia,"2023-08-21 11:54:06","2023-08-21 11:54:06",CC Token,CC Token
565,3338,565,tokopedia_category_ids,"2808",bahasa_indonesia,"2023-08-21 11:54:06","2023-08-21 11:54:06",CC Token,CC Token
559,3298,559,meta_description,Perawatan Tubuh/Perlengkapan Mandi/Sabun Mandi,bahasa_indonesia,"2023-08-18 14:39:15","2023-08-18 14:39:15",CC Token,CC Token
559,3296,559,meta_keywords,Perawatan Tubuh/Perlengkapan Mandi/Sabun Mandi,bahasa_indonesia,"2023-08-18 14:39:15","2023-08-18 14:39:15",CC Token,CC Token
559,3301,559,meta_title,Perawatan Tubuh/Perlengkapan Mandi/Sabun Mandi,bahasa_indonesia,"2023-08-18 14:39:15","2023-08-18 14:39:15",CC Token,CC Token
559,3297,559,name,Perawatan Tubuh/Perlengkapan Mandi/Sabun Mandi,bahasa_indonesia,"2023-08-18 14:39:15","2023-08-18 14:39:15",CC Token,CC Token
559,3300,559,name,Perawatan Tubuh/Perlengkapan Mandi/Sabun Mandi,english,"2023-08-18 14:39:15","2023-08-18 14:39:15",CC Token,CC Token
559,3299,559,seo_url, ,bahasa_indonesia,"2023-08-18 14:39:15","2023-08-18 14:39:15",CC Token,CC Token
559,3295,559,tokopedia_category_ids,"3108",bahasa_indonesia,"2023-08-18 14:39:15","2023-08-18 14:39:15",CC Token,CC Token
591,3519,591,meta_description,Perawatan Tubuh/Perawatan Kulit/Body Oil,bahasa_indonesia,"2023-08-22 13:10:02","2023-08-22 13:10:02",CC Token,CC Token
591,3521,591,meta_keywords,Perawatan Tubuh/Perawatan Kulit/Body Oil,bahasa_indonesia,"2023-08-22 13:10:02","2023-08-22 13:10:02",CC Token,CC Token
591,3520,591,meta_title,Perawatan Tubuh/Perawatan Kulit/Body Oil,bahasa_indonesia,"2023-08-22 13:10:02","2023-08-22 13:10:02",CC Token,CC Token
591,3524,591,name,Perawatan Tubuh/Perawatan Kulit/Body Oil,bahasa_indonesia,"2023-08-22 13:10:02","2023-08-22 13:10:02",CC Token,CC Token
591,3518,591,name,Perawatan Tubuh/Perawatan Kulit/Body Oil,english,"2023-08-22 13:10:02","2023-08-22 13:10:02",CC Token,CC Token
591,3523,591,seo_url, ,bahasa_indonesia,"2023-08-22 13:10:02","2023-08-22 13:10:02",CC Token,CC Token
591,3522,591,tokopedia_category_ids,"3113",bahasa_indonesia,"2023-08-22 13:10:02","2023-08-22 13:10:02",CC Token,CC Token
567,3356,567,meta_description,Perawatan Tubuh/Perawatan Kulit/Stretchmark Cream,bahasa_indonesia,"2023-08-21 14:06:16","2023-08-21 14:06:16",CC Token,CC Token
567,3352,567,meta_keywords,Perawatan Tubuh/Perawatan Kulit/Stretchmark Cream,bahasa_indonesia,"2023-08-21 14:06:16","2023-08-21 14:06:16",CC Token,CC Token
567,3351,567,meta_title,Perawatan Tubuh/Perawatan Kulit/Stretchmark Cream,bahasa_indonesia,"2023-08-21 14:06:16","2023-08-21 14:06:16",CC Token,CC Token
567,3355,567,name,Perawatan Tubuh/Perawatan Kulit/Stretchmark Cream,bahasa_indonesia,"2023-08-21 14:06:16","2023-08-21 14:06:16",CC Token,CC Token
567,3353,567,name,Perawatan Tubuh/Perawatan Kulit/Stretchmark Cream,english,"2023-08-21 14:06:16","2023-08-21 14:06:16",CC Token,CC Token
567,3354,567,seo_url, ,bahasa_indonesia,"2023-08-21 14:06:16","2023-08-21 14:06:16",CC Token,CC Token
567,3357,567,tokopedia_category_ids,"3114",bahasa_indonesia,"2023-08-21 14:06:16","2023-08-21 14:06:16",CC Token,CC Token
568,3363,568,meta_description,Perawatan Tubuh/Perawatan Kulit/Penghilang Bekas Luka,bahasa_indonesia,"2023-08-21 14:31:41","2023-08-21 14:31:41",CC Token,CC Token
568,3361,568,meta_keywords,Perawatan Tubuh/Perawatan Kulit/Penghilang Bekas Luka,bahasa_indonesia,"2023-08-21 14:31:41","2023-08-21 14:31:41",CC Token,CC Token
568,3358,568,meta_title,Perawatan Tubuh/Perawatan Kulit/Penghilang Bekas Luka,bahasa_indonesia,"2023-08-21 14:31:41","2023-08-21 14:31:41",CC Token,CC Token
568,3359,568,name,Perawatan Tubuh/Perawatan Kulit/Penghilang Bekas Luka,bahasa_indonesia,"2023-08-21 14:31:41","2023-08-21 14:31:41",CC Token,CC Token
568,3364,568,name,Perawatan Tubuh/Perawatan Kulit/Penghilang Bekas Luka,english,"2023-08-21 14:31:41","2023-08-21 14:31:41",CC Token,CC Token
568,3362,568,seo_url, ,bahasa_indonesia,"2023-08-21 14:31:41","2023-08-21 14:31:41",CC Token,CC Token
568,3360,568,tokopedia_category_ids,"3115",bahasa_indonesia,"2023-08-21 14:31:41","2023-08-21 14:31:41",CC Token,CC Token
586,3484,586,meta_description,Perawatan Tubuh/Perawatan Kulit/Penghilang Bekas Jerawat,bahasa_indonesia,"2023-08-22 10:58:08","2023-08-22 10:58:08",CC Token,CC Token
586,3486,586,meta_keywords,Perawatan Tubuh/Perawatan Kulit/Penghilang Bekas Jerawat,bahasa_indonesia,"2023-08-22 10:58:08","2023-08-22 10:58:08",CC Token,CC Token
586,3485,586,meta_title,Perawatan Tubuh/Perawatan Kulit/Penghilang Bekas Jerawat,bahasa_indonesia,"2023-08-22 10:58:08","2023-08-22 10:58:08",CC Token,CC Token
586,3489,586,name,Perawatan Tubuh/Perawatan Kulit/Penghilang Bekas Jerawat,bahasa_indonesia,"2023-08-22 10:58:08","2023-08-22 10:58:08",CC Token,CC Token
586,3483,586,name,Perawatan Tubuh/Perawatan Kulit/Penghilang Bekas Jerawat,english,"2023-08-22 10:58:08","2023-08-22 10:58:08",CC Token,CC Token
586,3488,586,seo_url, ,bahasa_indonesia,"2023-08-22 10:58:08","2023-08-22 10:58:08",CC Token,CC Token
586,3487,586,tokopedia_category_ids,"3116",bahasa_indonesia,"2023-08-22 10:58:08","2023-08-22 10:58:08",CC Token,CC Token
501,2821,501,meta_description,Dapatkan informasi Produk Medicine & Treatments Perawatan Tubuh/Produk Kewanitaan/Perawatan Tubuh Wanitapaling lengkap hanya di Halodoc. Konsultasi obat dengan dokter ? Order obat di Halodoc ? #TenangAdaHalodoc,bahasa_indonesia,"2023-07-17 13:57:52","2023-07-17 13:57:52",Dev,Dev
501,2823,501,meta_keywords,Produk Perawatan Tubuh/Produk Kewanitaan/Perawatan Tubuh Wanita Obat Perawatan Halodoc,bahasa_indonesia,"2023-07-17 13:57:52","2023-07-17 13:57:52",Dev,Dev
501,2869,501,meta_title,Perawatan Tubuh/Produk Kewanitaan/Perawatan Tubuh Wanita,bahasa_indonesia,"2023-07-17 14:32:34","2023-07-17 14:32:34",CC Token,CC Token
501,2824,501,name,Perawatan Tubuh/Produk Kewanitaan/Perawatan Tubuh Wanita,bahasa_indonesia,"2023-07-17 13:57:52","2023-07-17 13:57:52",Dev,Dev
501,2822,501,name,Perawatan Tubuh/Produk Kewanitaan/Perawatan Tubuh Wanita,english,"2023-07-17 13:57:52","2023-07-17 13:57:52",Dev,Dev
501,2868,501,seo_url, ,english,"2023-07-17 14:32:34","2023-07-17 14:32:34",CC Token,CC Token
501,2867,501,tokopedia_category_ids,"3118",bahasa_indonesia,"2023-07-17 14:32:34","2023-07-17 14:32:34",CC Token,CC Token
535,3131,535,meta_description,Perawatan Tubuh/Perawatan Telinga/Cotton bud,bahasa_indonesia,"2023-08-14 14:46:14","2023-08-14 14:46:14",CC Token,CC Token
535,3129,535,meta_keywords,Perawatan Tubuh/Perawatan Telinga/Cotton bud,bahasa_indonesia,"2023-08-14 14:46:14","2023-08-14 14:46:14",CC Token,CC Token
535,3130,535,meta_title,Perawatan Tubuh/Perawatan Telinga/Cotton bud,bahasa_indonesia,"2023-08-14 14:46:14","2023-08-14 14:46:14",CC Token,CC Token
535,3127,535,name,Perawatan Tubuh/Perawatan Telinga/Cotton bud,bahasa_indonesia,"2023-08-14 14:46:14","2023-08-14 14:46:14",CC Token,CC Token
535,3133,535,name,Perawatan Tubuh/Perawatan Telinga/Cotton bud,english,"2023-08-14 14:46:14","2023-08-14 14:46:14",CC Token,CC Token
535,3132,535,seo_url, ,bahasa_indonesia,"2023-08-14 14:46:14","2023-08-14 14:46:14",CC Token,CC Token
535,3128,535,tokopedia_category_ids,"3120",bahasa_indonesia,"2023-08-14 14:46:14","2023-08-14 14:46:14",CC Token,CC Token
587,3490,587,meta_description,Perawatan Tubuh/Perawatan Kuku/Penghilang Cat Kuku,bahasa_indonesia,"2023-08-22 11:01:28","2023-08-22 11:01:28",CC Token,CC Token
587,3494,587,meta_keywords,Perawatan Tubuh/Perawatan Kuku/Penghilang Cat Kuku,bahasa_indonesia,"2023-08-22 11:01:28","2023-08-22 11:01:28",CC Token,CC Token
587,3492,587,meta_title,Perawatan Tubuh/Perawatan Kuku/Penghilang Cat Kuku,bahasa_indonesia,"2023-08-22 11:01:28","2023-08-22 11:01:28",CC Token,CC Token
587,3493,587,name,Perawatan Tubuh/Perawatan Kuku/Penghilang Cat Kuku,bahasa_indonesia,"2023-08-22 11:01:28","2023-08-22 11:01:28",CC Token,CC Token
587,3496,587,name,Perawatan Tubuh/Perawatan Kuku/Penghilang Cat Kuku,english,"2023-08-22 11:01:28","2023-08-22 11:01:28",CC Token,CC Token
587,3491,587,seo_url, ,bahasa_indonesia,"2023-08-22 11:01:28","2023-08-22 11:01:28",CC Token,CC Token
587,3495,587,tokopedia_category_ids,"3122",bahasa_indonesia,"2023-08-22 11:01:28","2023-08-22 11:01:28",CC Token,CC Token
563,3325,563,meta_description,Perawatan Tubuh/Perawatan Kaki & Tangan/Foot Cream,bahasa_indonesia,"2023-08-18 14:59:14","2023-08-18 14:59:14",CC Token,CC Token
563,3326,563,meta_keywords,Perawatan Tubuh/Perawatan Kaki & Tangan/Foot Cream,bahasa_indonesia,"2023-08-18 14:59:14","2023-08-18 14:59:14",CC Token,CC Token
563,3323,563,meta_title,Perawatan Tubuh/Perawatan Kaki & Tangan/Foot Cream,bahasa_indonesia,"2023-08-18 14:59:14","2023-08-18 14:59:14",CC Token,CC Token
563,3328,563,name,Perawatan Tubuh/Perawatan Kaki & Tangan/Foot Cream,bahasa_indonesia,"2023-08-18 14:59:14","2023-08-18 14:59:14",CC Token,CC Token
563,3327,563,name,Perawatan Tubuh/Perawatan Kaki & Tangan/Foot Cream,english,"2023-08-18 14:59:14","2023-08-18 14:59:14",CC Token,CC Token
563,3329,563,seo_url, ,bahasa_indonesia,"2023-08-18 14:59:14","2023-08-18 14:59:14",CC Token,CC Token
563,3324,563,tokopedia_category_ids,"3125",bahasa_indonesia,"2023-08-18 14:59:14","2023-08-18 14:59:14",CC Token,CC Token
114,1036,114,meta_description,Kesehatan/Perlengkapan Kebersihan/Karbol,bahasa_indonesia,"2022-08-15 10:29:06","2022-08-15 10:29:06",CC Token,CC Token
114,1032,114,meta_keywords,Kesehatan/Perlengkapan Kebersihan/Karbol,bahasa_indonesia,"2022-08-15 10:29:06","2022-08-15 10:29:06",CC Token,CC Token
114,1035,114,meta_title,Kesehatan/Perlengkapan Kebersihan/Karbol,bahasa_indonesia,"2022-08-15 10:29:06","2022-08-15 10:29:06",CC Token,CC Token
114,1034,114,name,Kesehatan/Perlengkapan Kebersihan/Karbol,bahasa_indonesia,"2022-08-15 10:29:06","2022-08-15 10:29:06",CC Token,CC Token
114,1030,114,name,Kesehatan/Perlengkapan Kebersihan/Karbol,english,"2022-08-15 10:29:06","2022-08-15 10:29:06",CC Token,CC Token
114,1031,114,seo_url, ,bahasa_indonesia,"2022-08-15 10:29:06","2022-08-15 10:29:06",CC Token,CC Token
114,1033,114,tokopedia_category_ids,"3770",bahasa_indonesia,"2022-08-15 10:29:06","2022-08-15 10:29:06",CC Token,CC Token
113,1024,113,meta_description,Kesehatan/Perlengkapan Kebersihan/Contact Cleaner,bahasa_indonesia,"2022-08-15 10:23:57","2022-08-15 10:23:57",CC Token,CC Token
113,1028,113,meta_keywords,Kesehatan/Perlengkapan Kebersihan/Contact Cleaner,bahasa_indonesia,"2022-08-15 10:23:57","2022-08-15 10:23:57",CC Token,CC Token
113,1026,113,meta_title,Kesehatan/Perlengkapan Kebersihan/Contact Cleaner,bahasa_indonesia,"2022-08-15 10:23:57","2022-08-15 10:23:57",CC Token,CC Token
113,1029,113,name,Kesehatan/Perlengkapan Kebersihan/Contact Cleaner,bahasa_indonesia,"2022-08-15 10:23:57","2022-08-15 10:23:57",CC Token,CC Token
113,1023,113,name,Kesehatan/Perlengkapan Kebersihan/Contact Cleaner,english,"2022-08-15 10:23:57","2022-08-15 10:23:57",CC Token,CC Token
113,1025,113,seo_url, ,bahasa_indonesia,"2022-08-15 10:23:57","2022-08-15 10:23:57",CC Token,CC Token
113,1027,113,tokopedia_category_ids,"3775",bahasa_indonesia,"2022-08-15 10:23:57","2022-08-15 10:23:57",CC Token,CC Token
112,1017,112,meta_description,Kesehatan/Perlengkapan Kebersihan/Tissue,bahasa_indonesia,"2022-08-15 10:23:03","2022-08-15 10:23:03",CC Token,CC Token
112,1021,112,meta_keywords,Kesehatan/Perlengkapan Kebersihan/Tissue,bahasa_indonesia,"2022-08-15 10:23:03","2022-08-15 10:23:03",CC Token,CC Token
112,1019,112,meta_title,Kesehatan/Perlengkapan Kebersihan/Tissue,bahasa_indonesia,"2022-08-15 10:23:03","2022-08-15 10:23:03",CC Token,CC Token
112,1022,112,name,Kesehatan/Perlengkapan Kebersihan/Tissue,bahasa_indonesia,"2022-08-15 10:23:03","2022-08-15 10:23:03",CC Token,CC Token
112,1016,112,name,Kesehatan/Perlengkapan Kebersihan/Tissue,english,"2022-08-15 10:23:03","2022-08-15 10:23:03",CC Token,CC Token
112,1018,112,seo_url, ,bahasa_indonesia,"2022-08-15 10:23:03","2022-08-15 10:23:03",CC Token,CC Token
112,1020,112,tokopedia_category_ids,"3779",bahasa_indonesia,"2022-08-15 10:23:03","2022-08-15 10:23:03",CC Token,CC Token
505,2920,505,meta_description,Dapatkan informasi Produk Medicine & Treatments Ibu & Bayi/Makanan & Susu Bayi/Sereal & Bubur Bayi paling lengkap hanya di Halodoc. Konsultasi obat dengan dokter ? Order obat di Halodoc ? #TenangAdaHalodoc,bahasa_indonesia,"2023-07-18 13:08:19","2023-07-18 13:08:19",Dev,Dev
505,2917,505,meta_keywords,Produk Ibu & Bayi/Makanan & Susu Bayi/Sereal & Bubur Bayi Obat Perawatan Halodoc,bahasa_indonesia,"2023-07-18 13:08:19","2023-07-18 13:08:19",Dev,Dev
505,2965,505,meta_title,Ibu & Bayi/Makanan & Susu Bayi/Sereal & Bubur Bayi,bahasa_indonesia,"2023-07-18 13:50:13","2023-07-18 13:50:13",CC Token,CC Token
505,2919,505,name,Ibu & Bayi/Makanan & Susu Bayi/Sereal & Bubur Bayi,bahasa_indonesia,"2023-07-18 13:08:19","2023-07-18 13:08:19",Dev,Dev
505,2918,505,name,Ibu & Bayi/Makanan & Susu Bayi/Sereal & Bubur Bayi,english,"2023-07-18 13:08:19","2023-07-18 13:08:19",Dev,Dev
505,2964,505,seo_url, ,english,"2023-07-18 13:50:13","2023-07-18 13:50:13",CC Token,CC Token
505,2966,505,tokopedia_category_ids,"395",bahasa_indonesia,"2023-07-18 13:50:13","2023-07-18 13:50:13",CC Token,CC Token
603,3606,603,meta_description,Pertukangan/Hand Tools/Pinset,bahasa_indonesia,"2023-08-22 14:22:48","2023-08-22 14:22:48",CC Token,CC Token
603,3602,603,meta_keywords,Pertukangan/Hand Tools/Pinset,bahasa_indonesia,"2023-08-22 14:22:48","2023-08-22 14:22:48",CC Token,CC Token
603,3605,603,meta_title,Pertukangan/Hand Tools/Pinset,bahasa_indonesia,"2023-08-22 14:22:48","2023-08-22 14:22:48",CC Token,CC Token
603,3604,603,name,Pertukangan/Hand Tools/Pinset,bahasa_indonesia,"2023-08-22 14:22:48","2023-08-22 14:22:48",CC Token,CC Token
603,3608,603,name,Pertukangan/Hand Tools/Pinset,english,"2023-08-22 14:22:48","2023-08-22 14:22:48",CC Token,CC Token
603,3603,603,seo_url, ,bahasa_indonesia,"2023-08-22 14:22:48","2023-08-22 14:22:48",CC Token,CC Token
603,3607,603,tokopedia_category_ids,"4115",bahasa_indonesia,"2023-08-22 14:22:48","2023-08-22 14:22:48",CC Token,CC Token
540,3162,540,meta_description,Kecantikan/Perawatan Wajah/Sunblock wajah,bahasa_indonesia,"2023-08-14 15:12:40","2023-08-14 15:12:40",CC Token,CC Token
540,3166,540,meta_keywords,Kecantikan/Perawatan Wajah/Sunblock wajah,bahasa_indonesia,"2023-08-14 15:12:40","2023-08-14 15:12:40",CC Token,CC Token
540,3168,540,meta_title,Kecantikan/Perawatan Wajah/Sunblock wajah,bahasa_indonesia,"2023-08-14 15:12:40","2023-08-14 15:12:40",CC Token,CC Token
540,3164,540,name,Kecantikan/Perawatan Wajah/Sunblock wajah,bahasa_indonesia,"2023-08-14 15:12:40","2023-08-14 15:12:40",CC Token,CC Token
540,3165,540,name,Kecantikan/Perawatan Wajah/Sunblock wajah,english,"2023-08-14 15:12:40","2023-08-14 15:12:40",CC Token,CC Token
540,3163,540,seo_url, ,bahasa_indonesia,"2023-08-14 15:12:40","2023-08-14 15:12:40",CC Token,CC Token
540,3167,540,tokopedia_category_ids,"421",bahasa_indonesia,"2023-08-14 15:12:40","2023-08-14 15:12:40",CC Token,CC Token
582,3461,582,meta_description,Kecantikan/Perawatan Wajah/Paket Perawatan Wajah,bahasa_indonesia,"2023-08-22 10:10:15","2023-08-22 10:10:15",CC Token,CC Token
582,3457,582,meta_keywords,Kecantikan/Perawatan Wajah/Paket Perawatan Wajah,bahasa_indonesia,"2023-08-22 10:10:15","2023-08-22 10:10:15",CC Token,CC Token
582,3458,582,meta_title,Kecantikan/Perawatan Wajah/Paket Perawatan Wajah,bahasa_indonesia,"2023-08-22 10:10:15","2023-08-22 10:10:15",CC Token,CC Token
582,3455,582,name,Kecantikan/Perawatan Wajah/Paket Perawatan Wajah,bahasa_indonesia,"2023-08-22 10:10:15","2023-08-22 10:10:15",CC Token,CC Token
582,3459,582,name,Kecantikan/Perawatan Wajah/Paket Perawatan Wajah,english,"2023-08-22 10:10:15","2023-08-22 10:10:15",CC Token,CC Token
582,3460,582,seo_url, ,bahasa_indonesia,"2023-08-22 10:10:15","2023-08-22 10:10:15",CC Token,CC Token
582,3456,582,tokopedia_category_ids,"425",bahasa_indonesia,"2023-08-22 10:10:15","2023-08-22 10:10:15",CC Token,CC Token
539,3156,539,meta_description,Kecantikan/Perawatan Wajah/Lainnya,bahasa_indonesia,"2023-08-14 15:11:58","2023-08-14 15:11:58",CC Token,CC Token
539,3158,539,meta_keywords,Kecantikan/Perawatan Wajah/Lainnya,bahasa_indonesia,"2023-08-14 15:11:58","2023-08-14 15:11:58",CC Token,CC Token
539,3157,539,meta_title,Kecantikan/Perawatan Wajah/Lainnya,bahasa_indonesia,"2023-08-14 15:11:58","2023-08-14 15:11:58",CC Token,CC Token
539,3159,539,name,Kecantikan/Perawatan Wajah/Lainnya,bahasa_indonesia,"2023-08-14 15:11:58","2023-08-14 15:11:58",CC Token,CC Token
539,3161,539,name,Kecantikan/Perawatan Wajah/Lainnya,english,"2023-08-14 15:11:58","2023-08-14 15:11:58",CC Token,CC Token
539,3155,539,seo_url, ,bahasa_indonesia,"2023-08-14 15:11:58","2023-08-14 15:11:58",CC Token,CC Token
539,3160,539,tokopedia_category_ids,"426",bahasa_indonesia,"2023-08-14 15:11:58","2023-08-14 15:11:58",CC Token,CC Token
576,3419,576,meta_description,Perawatan Tubuh/Perawatan Rambut/Produk Styling Rambut,bahasa_indonesia,"2023-08-21 17:54:19","2023-08-21 17:54:19",CC Token,CC Token
576,3415,576,meta_keywords,Perawatan Tubuh/Perawatan Rambut/Produk Styling Rambut,bahasa_indonesia,"2023-08-21 17:54:19","2023-08-21 17:54:19",CC Token,CC Token
576,3414,576,meta_title,Perawatan Tubuh/Perawatan Rambut/Produk Styling Rambut,bahasa_indonesia,"2023-08-21 17:54:19","2023-08-21 17:54:19",CC Token,CC Token
576,3418,576,name,Perawatan Tubuh/Perawatan Rambut/Produk Styling Rambut,bahasa_indonesia,"2023-08-21 17:54:19","2023-08-21 17:54:19",CC Token,CC Token
576,3416,576,name,Perawatan Tubuh/Perawatan Rambut/Produk Styling Rambut,english,"2023-08-21 17:54:19","2023-08-21 17:54:19",CC Token,CC Token
576,3417,576,seo_url, ,bahasa_indonesia,"2023-08-21 17:54:19","2023-08-21 17:54:19",CC Token,CC Token
576,3420,576,tokopedia_category_ids,"4383",bahasa_indonesia,"2023-08-21 17:54:19","2023-08-21 17:54:19",CC Token,CC Token
172,1348,172,meta_description,Kesehatan/Produk Dewasa/Produk Dewasa Lainnya,bahasa_indonesia,"2022-09-20 15:30:15","2022-09-20 15:30:15",CC Token,CC Token
172,1342,172,meta_keywords,Kesehatan/Produk Dewasa/Produk Dewasa Lainnya,bahasa_indonesia,"2022-09-20 15:30:14","2022-09-20 15:30:14",CC Token,CC Token
172,1346,172,meta_title,Kesehatan/Produk Dewasa/Produk Dewasa Lainnya,bahasa_indonesia,"2022-09-20 15:30:15","2022-09-20 15:30:15",CC Token,CC Token
172,1343,172,name,Kesehatan/Produk Dewasa/Produk Dewasa Lainnya,bahasa_indonesia,"2022-09-20 15:30:15","2022-09-20 15:30:15",CC Token,CC Token
172,1344,172,name,Kesehatan/Produk Dewasa/Produk Dewasa Lainnya,english,"2022-09-20 15:30:15","2022-09-20 15:30:15",CC Token,CC Token
172,1345,172,seo_url, ,bahasa_indonesia,"2022-09-20 15:30:15","2022-09-20 15:30:15",CC Token,CC Token
172,1347,172,tokopedia_category_ids,"4398",bahasa_indonesia,"2022-09-20 15:30:15","2022-09-20 15:30:15",CC Token,CC Token
107,981,107,meta_description,Kesehatan/Produk Dewasa/Alat Kontrasepsi,bahasa_indonesia,"2022-08-15 10:02:42","2022-08-15 10:02:42",CC Token,CC Token
107,984,107,meta_keywords,Kesehatan/Produk Dewasa/Alat Kontrasepsi,bahasa_indonesia,"2022-08-15 10:02:42","2022-08-15 10:02:42",CC Token,CC Token
107,983,107,meta_title,Kesehatan/Produk Dewasa/Alat Kontrasepsi,bahasa_indonesia,"2022-08-15 10:02:42","2022-08-15 10:02:42",CC Token,CC Token
107,987,107,name,Kesehatan/Produk Dewasa/Alat Kontrasepsi,bahasa_indonesia,"2022-08-15 10:02:42","2022-08-15 10:02:42",CC Token,CC Token
107,982,107,name,Kesehatan/Produk Dewasa/Alat Kontrasepsi,english,"2022-08-15 10:02:42","2022-08-15 10:02:42",CC Token,CC Token
107,985,107,seo_url, ,bahasa_indonesia,"2022-08-15 10:02:42","2022-08-15 10:02:42",CC Token,CC Token
107,986,107,tokopedia_category_ids,"4399",bahasa_indonesia,"2022-08-15 10:02:42","2022-08-15 10:02:42",CC Token,CC Token
106,974,106,meta_description,Kesehatan/Produk Dewasa/Pelumas,bahasa_indonesia,"2022-08-15 10:01:21","2022-08-15 10:01:21",CC Token,CC Token
106,977,106,meta_keywords,Kesehatan/Produk Dewasa/Pelumas,bahasa_indonesia,"2022-08-15 10:01:21","2022-08-15 10:01:21",CC Token,CC Token
106,976,106,meta_title,Kesehatan/Produk Dewasa/Pelumas,bahasa_indonesia,"2022-08-15 10:01:21","2022-08-15 10:01:21",CC Token,CC Token
106,980,106,name,Kesehatan/Produk Dewasa/Pelumas,bahasa_indonesia,"2022-08-15 10:01:21","2022-08-15 10:01:21",CC Token,CC Token
106,975,106,name,Kesehatan/Produk Dewasa/Pelumas,english,"2022-08-15 10:01:21","2022-08-15 10:01:21",CC Token,CC Token
106,978,106,seo_url, ,bahasa_indonesia,"2022-08-15 10:01:21","2022-08-15 10:01:21",CC Token,CC Token
106,979,106,tokopedia_category_ids,"4400",bahasa_indonesia,"2022-08-15 10:01:21","2022-08-15 10:01:21",CC Token,CC Token
105,973,105,meta_description,Kesehatan/Produk Dewasa/Alat Bantu Seksual,bahasa_indonesia,"2022-08-15 10:00:08","2022-08-15 10:00:08",CC Token,CC Token
105,969,105,meta_keywords,Kesehatan/Produk Dewasa/Alat Bantu Seksual,bahasa_indonesia,"2022-08-15 10:00:08","2022-08-15 10:00:08",CC Token,CC Token
105,972,105,meta_title,Kesehatan/Produk Dewasa/Alat Bantu Seksual,bahasa_indonesia,"2022-08-15 10:00:08","2022-08-15 10:00:08",CC Token,CC Token
105,971,105,name,Kesehatan/Produk Dewasa/Alat Bantu Seksual,bahasa_indonesia,"2022-08-15 10:00:08","2022-08-15 10:00:08",CC Token,CC Token
105,967,105,name,Kesehatan/Produk Dewasa/Alat Bantu Seksual,english,"2022-08-15 10:00:08","2022-08-15 10:00:08",CC Token,CC Token
105,968,105,seo_url, ,bahasa_indonesia,"2022-08-15 10:00:08","2022-08-15 10:00:08",CC Token,CC Token
105,970,105,tokopedia_category_ids,"4401",bahasa_indonesia,"2022-08-15 10:00:08","2022-08-15 10:00:08",CC Token,CC Token
104,963,104,meta_description,Kesehatan/Produk Dewasa/Suplemen Vitalitas Pria,bahasa_indonesia,"2022-08-15 09:58:03","2022-08-15 09:58:03",CC Token,CC Token
104,964,104,meta_keywords,Kesehatan/Produk Dewasa/Suplemen Vitalitas Pria,bahasa_indonesia,"2022-08-15 09:58:03","2022-08-15 09:58:03",CC Token,CC Token
104,959,104,meta_title,Kesehatan/Produk Dewasa/Suplemen Vitalitas Pria,bahasa_indonesia,"2022-08-15 09:58:03","2022-08-15 09:58:03",CC Token,CC Token
104,961,104,name,Kesehatan/Produk Dewasa/Suplemen Vitalitas Pria,bahasa_indonesia,"2022-08-15 09:58:03","2022-08-15 09:58:03",CC Token,CC Token
104,960,104,name,Kesehatan/Produk Dewasa/Suplemen Vitalitas Pria,english,"2022-08-15 09:58:03","2022-08-15 09:58:03",CC Token,CC Token
104,962,104,seo_url, ,bahasa_indonesia,"2022-08-15 09:58:03","2022-08-15 09:58:03",CC Token,CC Token
104,965,104,tokopedia_category_ids,"4402",bahasa_indonesia,"2022-08-15 09:58:03","2022-08-15 09:58:03",CC Token,CC Token
103,956,103,meta_description,Kesehatan/Masker/Masker Kesehatan,bahasa_indonesia,"2022-08-15 09:56:54","2022-08-15 09:56:54",CC Token,CC Token
103,954,103,meta_keywords,Kesehatan/Masker/Masker Kesehatan,bahasa_indonesia,"2022-08-15 09:56:54","2022-08-15 09:56:54",CC Token,CC Token
103,953,103,meta_title,Kesehatan/Masker/Masker Kesehatan,bahasa_indonesia,"2022-08-15 09:56:54","2022-08-15 09:56:54",CC Token,CC Token
103,952,103,name,Kesehatan/Masker/Masker Kesehatan,bahasa_indonesia,"2022-08-15 09:56:54","2022-08-15 09:56:54",CC Token,CC Token
103,957,103,name,Kesehatan/Masker/Masker Kesehatan,english,"2022-08-15 09:56:54","2022-08-15 09:56:54",CC Token,CC Token
103,955,103,seo_url, ,bahasa_indonesia,"2022-08-15 09:56:54","2022-08-15 09:56:54",CC Token,CC Token
103,958,103,tokopedia_category_ids,"4632",bahasa_indonesia,"2022-08-15 09:56:54","2022-08-15 09:56:54",CC Token,CC Token
101,940,101,meta_description,Kesehatan/Masker/Pelindung Wajah,bahasa_indonesia,"2022-08-15 09:54:53","2022-08-15 09:54:53",CC Token,CC Token
101,938,101,meta_keywords,Kesehatan/Masker/Pelindung Wajah,bahasa_indonesia,"2022-08-15 09:54:53","2022-08-15 09:54:53",CC Token,CC Token
101,942,101,meta_title,Kesehatan/Masker/Pelindung Wajah,bahasa_indonesia,"2022-08-15 09:54:53","2022-08-15 09:54:53",CC Token,CC Token
101,943,101,name,Kesehatan/Masker/Pelindung Wajah,bahasa_indonesia,"2022-08-15 09:54:53","2022-08-15 09:54:53",CC Token,CC Token
101,941,101,name,Kesehatan/Masker/Pelindung Wajah,english,"2022-08-15 09:54:53","2022-08-15 09:54:53",CC Token,CC Token
101,944,101,seo_url, ,bahasa_indonesia,"2022-08-15 09:54:53","2022-08-15 09:54:53",CC Token,CC Token
101,939,101,tokopedia_category_ids,"4633",bahasa_indonesia,"2022-08-15 09:54:53","2022-08-15 09:54:53",CC Token,CC Token
100,936,100,meta_description,Kesehatan/Perlengkapan Kebersihan,bahasa_indonesia,"2022-08-15 09:51:09","2022-08-15 09:51:09",CC Token,CC Token
100,934,100,meta_keywords,Kesehatan/Perlengkapan Kebersihan,bahasa_indonesia,"2022-08-15 09:51:09","2022-08-15 09:51:09",CC Token,CC Token
100,932,100,meta_title,Kesehatan/Perlengkapan Kebersihan,bahasa_indonesia,"2022-08-15 09:51:09","2022-08-15 09:51:09",CC Token,CC Token
100,931,100,name,Kesehatan/Perlengkapan Kebersihan,bahasa_indonesia,"2022-08-15 09:51:09","2022-08-15 09:51:09",CC Token,CC Token
100,933,100,name,Kesehatan/Perlengkapan Kebersihan,english,"2022-08-15 09:51:09","2022-08-15 09:51:09",CC Token,CC Token
100,935,100,seo_url, ,bahasa_indonesia,"2022-08-15 09:51:09","2022-08-15 09:51:09",CC Token,CC Token
100,937,100,tokopedia_category_ids,"4643",bahasa_indonesia,"2022-08-15 09:51:09","2022-08-15 09:51:09",CC Token,CC Token
507,2926,507,meta_description,Dapatkan informasi Produk Medicine & Treatments Ibu & Bayi/Makanan & Susu Bayi/Susu Bayi di Bawah 1 Tahun paling lengkap hanya di Halodoc. Konsultasi obat dengan dokter ? Order obat di Halodoc ? #TenangAdaHalodoc,bahasa_indonesia,"2023-07-18 13:08:20","2023-07-18 13:08:20",Dev,Dev
507,2928,507,meta_keywords,Produk Ibu & Bayi/Makanan & Susu Bayi/Susu Bayi di Bawah 1 Tahun Obat Perawatan Halodoc,bahasa_indonesia,"2023-07-18 13:08:20","2023-07-18 13:08:20",Dev,Dev
507,2971,507,meta_title,Ibu & Bayi/Makanan & Susu Bayi/Susu Bayi di Bawah 1 Tahun,bahasa_indonesia,"2023-07-18 13:51:41","2023-07-18 13:51:41",CC Token,CC Token
507,2927,507,name,Ibu & Bayi/Makanan & Susu Bayi/Susu Bayi di Bawah 1 Tahun,bahasa_indonesia,"2023-07-18 13:08:20","2023-07-18 13:08:20",Dev,Dev
507,2925,507,name,Ibu & Bayi/Makanan & Susu Bayi/Susu Bayi di Bawah 1 Tahun,english,"2023-07-18 13:08:19","2023-07-18 13:08:19",Dev,Dev
507,2972,507,seo_url, ,english,"2023-07-18 13:51:41","2023-07-18 13:51:41",CC Token,CC Token
507,2970,507,tokopedia_category_ids,"4650",bahasa_indonesia,"2023-07-18 13:51:41","2023-07-18 13:51:41",CC Token,CC Token
506,2924,506,meta_description,Dapatkan informasi Produk Medicine & Treatments Ibu & Bayi/Makanan & Susu Bayi/Susu Bayi di Atas 1 Tahun paling lengkap hanya di Halodoc. Konsultasi obat dengan dokter ? Order obat di Halodoc ? #TenangAdaHalodoc,bahasa_indonesia,"2023-07-18 13:08:19","2023-07-18 13:08:19",Dev,Dev
506,2921,506,meta_keywords,Produk Ibu & Bayi/Makanan & Susu Bayi/Susu Bayi di Atas 1 Tahun Obat Perawatan Halodoc,bahasa_indonesia,"2023-07-18 13:08:19","2023-07-18 13:08:19",Dev,Dev
506,2967,506,meta_title,Ibu & Bayi/Makanan & Susu Bayi/Susu Bayi di Atas 1 Tahun,bahasa_indonesia,"2023-07-18 13:50:53","2023-07-18 13:50:53",CC Token,CC Token
506,2922,506,name,Ibu & Bayi/Makanan & Susu Bayi/Susu Bayi di Atas 1 Tahun,bahasa_indonesia,"2023-07-18 13:08:19","2023-07-18 13:08:19",Dev,Dev
506,2923,506,name,Ibu & Bayi/Makanan & Susu Bayi/Susu Bayi di Atas 1 Tahun,english,"2023-07-18 13:08:19","2023-07-18 13:08:19",Dev,Dev
506,2968,506,seo_url, ,english,"2023-07-18 13:50:53","2023-07-18 13:50:53",CC Token,CC Token
506,2969,506,tokopedia_category_ids,"4651",bahasa_indonesia,"2023-07-18 13:50:53","2023-07-18 13:50:53",CC Token,CC Token
96,901,96,meta_description,Kesehatan/Suplemen Diet/Detox,bahasa_indonesia,"2022-08-15 09:26:05","2022-08-15 09:26:05",CC Token,CC Token
96,906,96,meta_keywords,Kesehatan/Suplemen Diet/Detox,bahasa_indonesia,"2022-08-15 09:26:05","2022-08-15 09:26:05",CC Token,CC Token
96,903,96,meta_title,Kesehatan/Suplemen Diet/Detox,bahasa_indonesia,"2022-08-15 09:26:05","2022-08-15 09:26:05",CC Token,CC Token
96,905,96,name,Kesehatan/Suplemen Diet/Detox,bahasa_indonesia,"2022-08-15 09:26:05","2022-08-15 09:26:05",CC Token,CC Token
96,900,96,name,Kesehatan/Suplemen Diet/Detox,english,"2022-08-15 09:26:05","2022-08-15 09:26:05",CC Token,CC Token
96,904,96,seo_url, ,bahasa_indonesia,"2022-08-15 09:26:05","2022-08-15 09:26:05",CC Token,CC Token
96,922,96,seo_url, ,english,"2022-08-15 09:36:33","2022-08-15 09:36:33",CC Token,CC Token
96,902,96,tokopedia_category_ids,"467",bahasa_indonesia,"2022-08-15 09:26:05","2022-08-15 09:26:05",CC Token,CC Token
95,893,95,meta_description,Kesehatan/Vitamin & Multivitamin/Vitamin & Nutrisi,bahasa_indonesia,"2022-08-12 18:11:46","2022-08-12 18:11:46",CC Token,CC Token
95,894,95,meta_keywords,Kesehatan/Vitamin & Multivitamin/Vitamin & Nutrisi,bahasa_indonesia,"2022-08-12 18:11:46","2022-08-12 18:11:46",CC Token,CC Token
95,898,95,meta_title,Kesehatan/Vitamin & Multivitamin/Vitamin & Nutrisi,bahasa_indonesia,"2022-08-12 18:11:46","2022-08-12 18:11:46",CC Token,CC Token
95,895,95,name,Kesehatan/Vitamin & Multivitamin/Vitamin & Nutrisi,bahasa_indonesia,"2022-08-12 18:11:46","2022-08-12 18:11:46",CC Token,CC Token
95,897,95,name,Kesehatan/Vitamin & Multivitamin/Vitamin & Nutrisi,english,"2022-08-12 18:11:46","2022-08-12 18:11:46",CC Token,CC Token
95,892,95,seo_url, ,bahasa_indonesia,"2022-08-12 18:11:46","2022-08-12 18:11:46",CC Token,CC Token
95,899,95,seo_url, ,english,"2022-08-12 18:40:55","2022-08-12 18:40:55",CC Token,CC Token
95,896,95,tokopedia_category_ids,"469",bahasa_indonesia,"2022-08-12 18:11:46","2022-08-12 18:11:46",CC Token,CC Token
541,3174,541,meta_description,Kecantikan/Perawatan Wajah/Toner Wajah,bahasa_indonesia,"2023-08-14 15:13:24","2023-08-14 15:13:24",CC Token,CC Token
541,3169,541,meta_keywords,Kecantikan/Perawatan Wajah/Toner Wajah,bahasa_indonesia,"2023-08-14 15:13:24","2023-08-14 15:13:24",CC Token,CC Token
541,3175,541,meta_title,Kecantikan/Perawatan Wajah/Toner Wajah,bahasa_indonesia,"2023-08-14 15:13:24","2023-08-14 15:13:24",CC Token,CC Token
541,3172,541,name,Kecantikan/Perawatan Wajah/Toner Wajah,bahasa_indonesia,"2023-08-14 15:13:24","2023-08-14 15:13:24",CC Token,CC Token
541,3173,541,name,Kecantikan/Perawatan Wajah/Toner Wajah,english,"2023-08-14 15:13:24","2023-08-14 15:13:24",CC Token,CC Token
541,3171,541,seo_url, ,bahasa_indonesia,"2023-08-14 15:13:24","2023-08-14 15:13:24",CC Token,CC Token
541,3170,541,tokopedia_category_ids,"512",bahasa_indonesia,"2023-08-14 15:13:24","2023-08-14 15:13:24",CC Token,CC Token
99,928,99,meta_description,Kesehatan/Perlengkapan Medis/Alat Diagnosa Antigen,bahasa_indonesia,"2022-08-15 09:42:28","2022-08-15 09:42:28",CC Token,CC Token
99,923,99,meta_keywords,Kesehatan/Perlengkapan Medis/Alat Diagnosa Antigen,bahasa_indonesia,"2022-08-15 09:42:28","2022-08-15 09:42:28",CC Token,CC Token
99,927,99,meta_title,Kesehatan/Perlengkapan Medis/Alat Diagnosa Antigen,bahasa_indonesia,"2022-08-15 09:42:28","2022-08-15 09:42:28",CC Token,CC Token
99,924,99,name,Kesehatan/Perlengkapan Medis/Alat Diagnosa Antigen,bahasa_indonesia,"2022-08-15 09:42:28","2022-08-15 09:42:28",CC Token,CC Token
99,926,99,name,Kesehatan/Perlengkapan Medis/Alat Diagnosa Antigen,english,"2022-08-15 09:42:28","2022-08-15 09:42:28",CC Token,CC Token
99,925,99,seo_url, ,bahasa_indonesia,"2022-08-15 09:42:28","2022-08-15 09:42:28",CC Token,CC Token
99,930,99,seo_url, ,english,"2022-08-15 09:43:51","2022-08-15 09:43:51",CC Token,CC Token
99,929,99,tokopedia_category_ids,"5232",bahasa_indonesia,"2022-08-15 09:42:28","2022-08-15 09:42:28",CC Token,CC Token
489,2773,489,meta_description,Dapatkan informasi Produk Medicine & Treatments Kesehatan/Obat - Obatan/Obat Mual & Pencernaanpaling lengkap hanya di Halodoc. Konsultasi obat dengan dokter ? Order obat di Halodoc ? #TenangAdaHalodoc,bahasa_indonesia,"2023-07-17 13:57:52","2023-07-17 13:57:52",Dev,Dev
489,2775,489,meta_keywords,Produk Kesehatan/Obat - Obatan/Obat Mual & Pencernaan Obat Perawatan Halodoc,bahasa_indonesia,"2023-07-17 13:57:52","2023-07-17 13:57:52",Dev,Dev
489,2905,489,meta_title,Kesehatan/Obat - Obatan/Obat Mual & Pencernaan,bahasa_indonesia,"2023-07-17 14:36:51","2023-07-17 14:36:51",CC Token,CC Token
489,2776,489,name,Kesehatan/Obat - Obatan/Obat Mual & Pencernaan,bahasa_indonesia,"2023-07-17 13:57:52","2023-07-17 13:57:52",Dev,Dev
489,2774,489,name,Kesehatan/Obat - Obatan/Obat Mual & Pencernaan,english,"2023-07-17 13:57:52","2023-07-17 13:57:52",Dev,Dev
489,2904,489,seo_url, ,english,"2023-07-17 14:36:51","2023-07-17 14:36:51",CC Token,CC Token
489,2903,489,tokopedia_category_ids,"5328",bahasa_indonesia,"2023-07-17 14:36:51","2023-07-17 14:36:51",CC Token,CC Token
485,2757,485,meta_description,Dapatkan informasi Produk Medicine & Treatments Kesehatan/Obat - Obatan/Obat Hipertensipaling lengkap hanya di Halodoc. Konsultasi obat dengan dokter ? Order obat di Halodoc ? #TenangAdaHalodoc,bahasa_indonesia,"2023-07-17 13:57:51","2023-07-17 13:57:51",Dev,Dev
485,2758,485,meta_keywords,Produk Kesehatan/Obat - Obatan/Obat Hipertensi Obat Perawatan Halodoc,bahasa_indonesia,"2023-07-17 13:57:51","2023-07-17 13:57:51",Dev,Dev
485,2861,485,meta_title,Kesehatan/Obat - Obatan/Obat Hipertensi,bahasa_indonesia,"2023-07-17 14:21:50","2023-07-17 14:21:50",CC Token,CC Token
485,2760,485,name,Kesehatan/Obat - Obatan/Obat Hipertensi,bahasa_indonesia,"2023-07-17 13:57:51","2023-07-17 13:57:51",Dev,Dev
485,2759,485,name,Kesehatan/Obat - Obatan/Obat Hipertensi,english,"2023-07-17 13:57:51","2023-07-17 13:57:51",Dev,Dev
485,2860,485,seo_url, ,english,"2023-07-17 14:21:50","2023-07-17 14:21:50",CC Token,CC Token
485,2859,485,tokopedia_category_ids,"5329",bahasa_indonesia,"2023-07-17 14:21:50","2023-07-17 14:21:50",CC Token,CC Token
486,2761,486,meta_description,Dapatkan informasi Produk Medicine & Treatments Kesehatan/Obat - Obatan/Obat Jantungpaling lengkap hanya di Halodoc. Konsultasi obat dengan dokter ? Order obat di Halodoc ? #TenangAdaHalodoc,bahasa_indonesia,"2023-07-17 13:57:51","2023-07-17 13:57:51",Dev,Dev
486,2763,486,meta_keywords,Produk Kesehatan/Obat - Obatan/Obat Jantung Obat Perawatan Halodoc,bahasa_indonesia,"2023-07-17 13:57:51","2023-07-17 13:57:51",Dev,Dev
486,2912,486,meta_title,Kesehatan/Obat - Obatan/Obat Jantung,bahasa_indonesia,"2023-07-17 14:37:33","2023-07-17 14:37:33",CC Token,CC Token
486,2764,486,name,Kesehatan/Obat - Obatan/Obat Jantung,bahasa_indonesia,"2023-07-17 13:57:51","2023-07-17 13:57:51",Dev,Dev
486,2762,486,name,Kesehatan/Obat - Obatan/Obat Jantung,english,"2023-07-17 13:57:51","2023-07-17 13:57:51",Dev,Dev
486,2911,486,seo_url, ,english,"2023-07-17 14:37:33","2023-07-17 14:37:33",CC Token,CC Token
486,2910,486,tokopedia_category_ids,"5330",bahasa_indonesia,"2023-07-17 14:37:33","2023-07-17 14:37:33",CC Token,CC Token
490,2777,490,meta_description,"Dapatkan informasi Produk Medicine & Treatments Kesehatan/Obat - Obatan/Obat Otot, Tulang & Sendipaling lengkap hanya di Halodoc. Konsultasi obat dengan dokter ? Order obat di Halodoc ? #TenangAdaHalodoc",bahasa_indonesia,"2023-07-17 13:57:52","2023-07-17 13:57:52",Dev,Dev
490,2778,490,meta_keywords,"Produk Kesehatan/Obat - Obatan/Obat Otot, Tulang & Sendi Obat Perawatan Halodoc",bahasa_indonesia,"2023-07-17 13:57:52","2023-07-17 13:57:52",Dev,Dev
490,2901,490,meta_title,"Kesehatan/Obat - Obatan/Obat Otot, Tulang & Sendi",bahasa_indonesia,"2023-07-17 14:36:35","2023-07-17 14:36:35",CC Token,CC Token
490,2780,490,name,"Kesehatan/Obat - Obatan/Obat Otot, Tulang & Sendi",bahasa_indonesia,"2023-07-17 13:57:52","2023-07-17 13:57:52",Dev,Dev
490,2779,490,name,"Kesehatan/Obat - Obatan/Obat Otot, Tulang & Sendi",english,"2023-07-17 13:57:52","2023-07-17 13:57:52",Dev,Dev
490,2900,490,seo_url, ,english,"2023-07-17 14:36:35","2023-07-17 14:36:35",CC Token,CC Token
490,2902,490,tokopedia_category_ids,"5331",bahasa_indonesia,"2023-07-17 14:36:35","2023-07-17 14:36:35",CC Token,CC Token
481,2741,481,meta_description,Dapatkan informasi Produk Medicine & Treatments Kesehatan/Obat - Obatan/Obat Asmapaling lengkap hanya di Halodoc. Konsultasi obat dengan dokter ? Order obat di Halodoc ? #TenangAdaHalodoc,bahasa_indonesia,"2023-07-17 13:57:51","2023-07-17 13:57:51",Dev,Dev
481,2743,481,meta_keywords,Produk Kesehatan/Obat - Obatan/Obat Asma Obat Perawatan Halodoc,bahasa_indonesia,"2023-07-17 13:57:51","2023-07-17 13:57:51",Dev,Dev
481,2849,481,meta_title,Kesehatan/Obat - Obatan/Obat Asma,bahasa_indonesia,"2023-07-17 14:19:18","2023-07-17 14:19:18",CC Token,CC Token
481,2744,481,name,Kesehatan/Obat - Obatan/Obat Asma,bahasa_indonesia,"2023-07-17 13:57:51","2023-07-17 13:57:51",Dev,Dev
481,2742,481,name,Kesehatan/Obat - Obatan/Obat Asma,english,"2023-07-17 13:57:51","2023-07-17 13:57:51",Dev,Dev
481,2848,481,seo_url, ,english,"2023-07-17 14:19:18","2023-07-17 14:19:18",CC Token,CC Token
481,2847,481,tokopedia_category_ids,"5332",bahasa_indonesia,"2023-07-17 14:19:18","2023-07-17 14:19:18",CC Token,CC Token
480,2737,480,meta_description,Dapatkan informasi Produk Medicine & Treatments Kesehatan/Obat - Obatan/Obat Antiviruspaling lengkap hanya di Halodoc. Konsultasi obat dengan dokter ? Order obat di Halodoc ? #TenangAdaHalodoc,bahasa_indonesia,"2023-07-17 13:57:51","2023-07-17 13:57:51",Dev,Dev
480,2739,480,meta_keywords,Produk Kesehatan/Obat - Obatan/Obat Antivirus Obat Perawatan Halodoc,bahasa_indonesia,"2023-07-17 13:57:51","2023-07-17 13:57:51",Dev,Dev
480,2846,480,meta_title,Kesehatan/Obat - Obatan/Obat Antivirus,bahasa_indonesia,"2023-07-17 14:18:07","2023-07-17 14:18:07",CC Token,CC Token
480,2740,480,name,Kesehatan/Obat - Obatan/Obat Antivirus,bahasa_indonesia,"2023-07-17 13:57:51","2023-07-17 13:57:51",Dev,Dev
480,2738,480,name,Kesehatan/Obat - Obatan/Obat Antivirus,english,"2023-07-17 13:57:51","2023-07-17 13:57:51",Dev,Dev
480,2845,480,seo_url, ,english,"2023-07-17 14:18:07","2023-07-17 14:18:07",CC Token,CC Token
480,2844,480,tokopedia_category_ids,"5333",bahasa_indonesia,"2023-07-17 14:18:07","2023-07-17 14:18:07",CC Token,CC Token
491,2784,491,meta_description,Dapatkan informasi Produk Medicine & Treatments Kesehatan/Obat - Obatan/Obat Saluran Kemih & Prostatpaling lengkap hanya di Halodoc. Konsultasi obat dengan dokter ? Order obat di Halodoc ? #TenangAdaHalodoc,bahasa_indonesia,"2023-07-17 13:57:52","2023-07-17 13:57:52",Dev,Dev
491,2781,491,meta_keywords,Produk Kesehatan/Obat - Obatan/Obat Saluran Kemih & Prostat Obat Perawatan Halodoc,bahasa_indonesia,"2023-07-17 13:57:52","2023-07-17 13:57:52",Dev,Dev
491,2898,491,meta_title,Kesehatan/Obat - Obatan/Obat Saluran Kemih & Prostat,bahasa_indonesia,"2023-07-17 14:36:11","2023-07-17 14:36:11",CC Token,CC Token
491,2782,491,name,Kesehatan/Obat - Obatan/Obat Saluran Kemih & Prostat,bahasa_indonesia,"2023-07-17 13:57:52","2023-07-17 13:57:52",Dev,Dev
491,2783,491,name,Kesehatan/Obat - Obatan/Obat Saluran Kemih & Prostat,english,"2023-07-17 13:57:52","2023-07-17 13:57:52",Dev,Dev
491,2897,491,seo_url, ,english,"2023-07-17 14:36:11","2023-07-17 14:36:11",CC Token,CC Token
491,2899,491,tokopedia_category_ids,"5334",bahasa_indonesia,"2023-07-17 14:36:11","2023-07-17 14:36:11",CC Token,CC Token
488,2770,488,meta_description,Dapatkan informasi Produk Medicine & Treatments Kesehatan/Obat - Obatan/Obat Kolestrolpaling lengkap hanya di Halodoc. Konsultasi obat dengan dokter ? Order obat di Halodoc ? #TenangAdaHalodoc,bahasa_indonesia,"2023-07-17 13:57:52","2023-07-17 13:57:52",Dev,Dev
488,2769,488,meta_keywords,Produk Kesehatan/Obat - Obatan/Obat Kolestrol Obat Perawatan Halodoc,bahasa_indonesia,"2023-07-17 13:57:52","2023-07-17 13:57:52",Dev,Dev
488,2863,488,meta_title,Kesehatan/Obat - Obatan/Obat Kolestrol,bahasa_indonesia,"2023-07-17 14:31:50","2023-07-17 14:31:50",CC Token,CC Token
488,2771,488,name,Kesehatan/Obat - Obatan/Obat Kolestrol,bahasa_indonesia,"2023-07-17 13:57:52","2023-07-17 13:57:52",Dev,Dev
488,2772,488,name,Kesehatan/Obat - Obatan/Obat Kolestrol,english,"2023-07-17 13:57:52","2023-07-17 13:57:52",Dev,Dev
488,2862,488,seo_url, ,english,"2023-07-17 14:31:50","2023-07-17 14:31:50",CC Token,CC Token
488,2906,488,tokopedia_category_ids,"5335",bahasa_indonesia,"2023-07-17 14:37:03","2023-07-17 14:37:03",CC Token,CC Token
484,2753,484,meta_description,Dapatkan informasi Produk Medicine & Treatments Kesehatan/Obat - Obatan/Obat Gangguan THTpaling lengkap hanya di Halodoc. Konsultasi obat dengan dokter ? Order obat di Halodoc ? #TenangAdaHalodoc,bahasa_indonesia,"2023-07-17 13:57:51","2023-07-17 13:57:51",Dev,Dev
484,2755,484,meta_keywords,Produk Kesehatan/Obat - Obatan/Obat Gangguan THT Obat Perawatan Halodoc,bahasa_indonesia,"2023-07-17 13:57:51","2023-07-17 13:57:51",Dev,Dev
484,2858,484,meta_title,Kesehatan/Obat - Obatan/Obat Gangguan THT,bahasa_indonesia,"2023-07-17 14:21:22","2023-07-17 14:21:22",CC Token,CC Token
484,2756,484,name,Kesehatan/Obat - Obatan/Obat Gangguan THT,bahasa_indonesia,"2023-07-17 13:57:51","2023-07-17 13:57:51",Dev,Dev
484,2754,484,name,Kesehatan/Obat - Obatan/Obat Gangguan THT,english,"2023-07-17 13:57:51","2023-07-17 13:57:51",Dev,Dev
484,2857,484,seo_url, ,english,"2023-07-17 14:21:22","2023-07-17 14:21:22",CC Token,CC Token
484,2856,484,tokopedia_category_ids,"5336",bahasa_indonesia,"2023-07-17 14:21:22","2023-07-17 14:21:22",CC Token,CC Token
483,2750,483,meta_description,Dapatkan informasi Produk Medicine & Treatments Kesehatan/Obat - Obatan/Obat Gangguan Saraf & Otakpaling lengkap hanya di Halodoc. Konsultasi obat dengan dokter ? Order obat di Halodoc ? #TenangAdaHalodoc,bahasa_indonesia,"2023-07-17 13:57:51","2023-07-17 13:57:51",Dev,Dev
483,2749,483,meta_keywords,Produk Kesehatan/Obat - Obatan/Obat Gangguan Saraf & Otak Obat Perawatan Halodoc,bahasa_indonesia,"2023-07-17 13:57:51","2023-07-17 13:57:51",Dev,Dev
483,2855,483,meta_title,Kesehatan/Obat - Obatan/Obat Gangguan Saraf & Otak,bahasa_indonesia,"2023-07-17 14:20:58","2023-07-17 14:20:58",CC Token,CC Token
483,2751,483,name,Kesehatan/Obat - Obatan/Obat Gangguan Saraf & Otak,bahasa_indonesia,"2023-07-17 13:57:51","2023-07-17 13:57:51",Dev,Dev
483,2752,483,name,Kesehatan/Obat - Obatan/Obat Gangguan Saraf & Otak,english,"2023-07-17 13:57:51","2023-07-17 13:57:51",Dev,Dev
483,2854,483,seo_url, ,english,"2023-07-17 14:20:58","2023-07-17 14:20:58",CC Token,CC Token
483,2853,483,tokopedia_category_ids,"5337",bahasa_indonesia,"2023-07-17 14:20:58","2023-07-17 14:20:58",CC Token,CC Token
487,2765,487,meta_description,Dapatkan informasi Produk Medicine & Treatments Kesehatan/Obat - Obatan/Obat Kankerpaling lengkap hanya di Halodoc. Konsultasi obat dengan dokter ? Order obat di Halodoc ? #TenangAdaHalodoc,bahasa_indonesia,"2023-07-17 13:57:52","2023-07-17 13:57:52",Dev,Dev
487,2766,487,meta_keywords,Produk Kesehatan/Obat - Obatan/Obat Kanker Obat Perawatan Halodoc,bahasa_indonesia,"2023-07-17 13:57:52","2023-07-17 13:57:52",Dev,Dev
487,2907,487,meta_title,Kesehatan/Obat - Obatan/Obat Kanker,bahasa_indonesia,"2023-07-17 14:37:18","2023-07-17 14:37:18",CC Token,CC Token
487,2768,487,name,Kesehatan/Obat - Obatan/Obat Kanker,bahasa_indonesia,"2023-07-17 13:57:52","2023-07-17 13:57:52",Dev,Dev
487,2767,487,name,Kesehatan/Obat - Obatan/Obat Kanker,english,"2023-07-17 13:57:52","2023-07-17 13:57:52",Dev,Dev
487,2908,487,seo_url, ,english,"2023-07-17 14:37:18","2023-07-17 14:37:18",CC Token,CC Token
487,2909,487,tokopedia_category_ids,"5341",bahasa_indonesia,"2023-07-17 14:37:18","2023-07-17 14:37:18",CC Token,CC Token
550,3232,550,meta_description,Kecantikan/Suplemen Kecantikan Collagen/Suplemen Kecantikan Bubuk,bahasa_indonesia,"2023-08-14 17:52:51","2023-08-14 17:52:51",CC Token,CC Token
550,3234,550,meta_keywords,Kecantikan/Suplemen Kecantikan Collagen/Suplemen Kecantikan Bubuk,bahasa_indonesia,"2023-08-14 17:52:51","2023-08-14 17:52:51",CC Token,CC Token
550,3237,550,meta_title,Kecantikan/Suplemen Kecantikan Collagen/Suplemen Kecantikan Bubuk,bahasa_indonesia,"2023-08-14 17:52:51","2023-08-14 17:52:51",CC Token,CC Token
550,3236,550,name,Kecantikan/Suplemen Kecantikan Collagen/Suplemen Kecantikan Bubuk,bahasa_indonesia,"2023-08-14 17:52:51","2023-08-14 17:52:51",CC Token,CC Token
550,3233,550,name,Kecantikan/Suplemen Kecantikan Collagen/Suplemen Kecantikan Bubuk,english,"2023-08-14 17:52:51","2023-08-14 17:52:51",CC Token,CC Token
550,3235,550,seo_url, ,bahasa_indonesia,"2023-08-14 17:52:51","2023-08-14 17:52:51",CC Token,CC Token
550,3238,550,tokopedia_category_ids,"5376",bahasa_indonesia,"2023-08-14 17:52:51","2023-08-14 17:52:51",CC Token,CC Token
551,3242,551,meta_description,Kecantikan/Suplemen Kecantikan Collagen/Suplemen Kecantikan Kapsul,bahasa_indonesia,"2023-08-14 17:53:30","2023-08-14 17:53:30",CC Token,CC Token
551,3239,551,meta_keywords,Kecantikan/Suplemen Kecantikan Collagen/Suplemen Kecantikan Kapsul,bahasa_indonesia,"2023-08-14 17:53:30","2023-08-14 17:53:30",CC Token,CC Token
551,3244,551,meta_title,Kecantikan/Suplemen Kecantikan Collagen/Suplemen Kecantikan Kapsul,bahasa_indonesia,"2023-08-14 17:53:30","2023-08-14 17:53:30",CC Token,CC Token
551,3241,551,name,Kecantikan/Suplemen Kecantikan Collagen/Suplemen Kecantikan Kapsul,bahasa_indonesia,"2023-08-14 17:53:30","2023-08-14 17:53:30",CC Token,CC Token
551,3240,551,name,Kecantikan/Suplemen Kecantikan Collagen/Suplemen Kecantikan Kapsul,english,"2023-08-14 17:53:30","2023-08-14 17:53:30",CC Token,CC Token
551,3245,551,seo_url, ,bahasa_indonesia,"2023-08-14 17:53:30","2023-08-14 17:53:30",CC Token,CC Token
551,3243,551,tokopedia_category_ids,"5377",bahasa_indonesia,"2023-08-14 17:53:30","2023-08-14 17:53:30",CC Token,CC Token
552,3249,552,meta_description,Kecantikan/Suplemen Kecantikan Collagen/Suplemen Kecantikan Lainnya,bahasa_indonesia,"2023-08-14 17:54:13","2023-08-14 17:54:13",CC Token,CC Token
552,3246,552,meta_keywords,Kecantikan/Suplemen Kecantikan Collagen/Suplemen Kecantikan Lainnya,bahasa_indonesia,"2023-08-14 17:54:13","2023-08-14 17:54:13",CC Token,CC Token
552,3251,552,meta_title,Kecantikan/Suplemen Kecantikan Collagen/Suplemen Kecantikan Lainnya,bahasa_indonesia,"2023-08-14 17:54:13","2023-08-14 17:54:13",CC Token,CC Token
552,3248,552,name,Kecantikan/Suplemen Kecantikan Collagen/Suplemen Kecantikan Lainnya,bahasa_indonesia,"2023-08-14 17:54:13","2023-08-14 17:54:13",CC Token,CC Token
552,3247,552,name,Kecantikan/Suplemen Kecantikan Collagen/Suplemen Kecantikan Lainnya,english,"2023-08-14 17:54:13","2023-08-14 17:54:13",CC Token,CC Token
552,3252,552,seo_url, ,bahasa_indonesia,"2023-08-14 17:54:13","2023-08-14 17:54:13",CC Token,CC Token
552,3250,552,tokopedia_category_ids,"5378",bahasa_indonesia,"2023-08-14 17:54:13","2023-08-14 17:54:13",CC Token,CC Token
604,3615,604,meta_description,Perawatan Tubuh/Grooming/Alat Cukur Non Elektrik,bahasa_indonesia,"2023-08-22 14:29:02","2023-08-22 14:29:02",CC Token,CC Token
604,3609,604,meta_keywords,Perawatan Tubuh/Grooming/Alat Cukur Non Elektrik,bahasa_indonesia,"2023-08-22 14:29:02","2023-08-22 14:29:02",CC Token,CC Token
604,3613,604,meta_title,Perawatan Tubuh/Grooming/Alat Cukur Non Elektrik,bahasa_indonesia,"2023-08-22 14:29:02","2023-08-22 14:29:02",CC Token,CC Token
604,3610,604,name,Perawatan Tubuh/Grooming/Alat Cukur Non Elektrik,bahasa_indonesia,"2023-08-22 14:29:02","2023-08-22 14:29:02",CC Token,CC Token
604,3612,604,name,Perawatan Tubuh/Grooming/Alat Cukur Non Elektrik,english,"2023-08-22 14:29:02","2023-08-22 14:29:02",CC Token,CC Token
604,3611,604,seo_url, ,bahasa_indonesia,"2023-08-22 14:29:02","2023-08-22 14:29:02",CC Token,CC Token
604,3614,604,tokopedia_category_ids,"5379",bahasa_indonesia,"2023-08-22 14:29:02","2023-08-22 14:29:02",CC Token,CC Token
555,3269,555,meta_description,Ibu & Bayi/Perawatan Bayi/Detergen Laundry Bayi,bahasa_indonesia,"2023-08-15 13:51:23","2023-08-15 13:51:23",CC Token,CC Token
555,3266,555,meta_keywords,Ibu & Bayi/Perawatan Bayi/Detergen Laundry Bayi,bahasa_indonesia,"2023-08-15 13:51:23","2023-08-15 13:51:23",CC Token,CC Token
555,3271,555,meta_title,Ibu & Bayi/Perawatan Bayi/Detergen Laundry Bayi,bahasa_indonesia,"2023-08-15 13:51:23","2023-08-15 13:51:23",CC Token,CC Token
555,3272,555,name,Ibu & Bayi/Perawatan Bayi/Detergen Laundry Bayi,bahasa_indonesia,"2023-08-15 13:51:23","2023-08-15 13:51:23",CC Token,CC Token
555,3267,555,name,Ibu & Bayi/Perawatan Bayi/Detergen Laundry Bayi,english,"2023-08-15 13:51:23","2023-08-15 13:51:23",CC Token,CC Token
555,3268,555,seo_url, ,bahasa_indonesia,"2023-08-15 13:51:23","2023-08-15 13:51:23",CC Token,CC Token
555,3270,555,tokopedia_category_ids,"5421",bahasa_indonesia,"2023-08-15 13:51:23","2023-08-15 13:51:23",CC Token,CC Token
478,2729,478,meta_description,Dapatkan informasi Produk Medicine & Treatments Kesehatan/Obat - Obatan/Obat Antibiotik & Anti jamurpaling lengkap hanya di Halodoc. Konsultasi obat dengan dokter ? Order obat di Halodoc ? #TenangAdaHalodoc,bahasa_indonesia,"2023-07-17 13:57:51","2023-07-17 13:57:51",Dev,Dev
478,2730,478,meta_keywords,Produk Kesehatan/Obat - Obatan/Obat Antibiotik & Anti jamur Obat Perawatan Halodoc,bahasa_indonesia,"2023-07-17 13:57:51","2023-07-17 13:57:51",Dev,Dev
478,2840,478,meta_title,Kesehatan/Obat - Obatan/Obat Antibiotik & Anti jamur,bahasa_indonesia,"2023-07-17 14:16:58","2023-07-17 14:16:58",CC Token,CC Token
478,2732,478,name,Kesehatan/Obat - Obatan/Obat Antibiotik & Anti jamur,bahasa_indonesia,"2023-07-17 13:57:51","2023-07-17 13:57:51",Dev,Dev
478,2731,478,name,Kesehatan/Obat - Obatan/Obat Antibiotik & Anti jamur,english,"2023-07-17 13:57:51","2023-07-17 13:57:51",Dev,Dev
478,2839,478,seo_url, ,english,"2023-07-17 14:16:58","2023-07-17 14:16:58",CC Token,CC Token
478,2838,478,tokopedia_category_ids,"5439",bahasa_indonesia,"2023-07-17 14:16:58","2023-07-17 14:16:58",CC Token,CC Token
477,2728,477,meta_description,Dapatkan informasi Produk Medicine & Treatments Kesehatan/Obat - Obatan/Obat Anti Nyeripaling lengkap hanya di Halodoc. Konsultasi obat dengan dokter ? Order obat di Halodoc ? #TenangAdaHalodoc,bahasa_indonesia,"2023-07-17 13:57:50","2023-07-17 13:57:50",Dev,Dev
477,2725,477,meta_keywords,Produk Kesehatan/Obat - Obatan/Obat Anti Nyeri Obat Perawatan Halodoc,bahasa_indonesia,"2023-07-17 13:57:50","2023-07-17 13:57:50",Dev,Dev
477,2836,477,meta_title,Kesehatan/Obat - Obatan/Obat Anti Nyeri,bahasa_indonesia,"2023-07-17 14:16:33","2023-07-17 14:16:33",CC Token,CC Token
477,2726,477,name,Kesehatan/Obat - Obatan/Obat Anti Nyeri,bahasa_indonesia,"2023-07-17 13:57:50","2023-07-17 13:57:50",Dev,Dev
477,2727,477,name,Kesehatan/Obat - Obatan/Obat Anti Nyeri,english,"2023-07-17 13:57:50","2023-07-17 13:57:50",Dev,Dev
477,2835,477,seo_url, ,english,"2023-07-17 14:16:33","2023-07-17 14:16:33",CC Token,CC Token
477,2837,477,tokopedia_category_ids,"5440",bahasa_indonesia,"2023-07-17 14:16:33","2023-07-17 14:16:33",CC Token,CC Token
482,2745,482,meta_description,"Dapatkan informasi Produk Medicine & Treatments Kesehatan/Obat - Obatan/Obat Fertilitas, Hormon & Kontrasepsipaling lengkap hanya di Halodoc. Konsultasi obat dengan dokter ? Order obat di Halodoc ? #TenangAdaHalodoc",bahasa_indonesia,"2023-07-17 13:57:51","2023-07-17 13:57:51",Dev,Dev
482,2746,482,meta_keywords,"Produk Kesehatan/Obat - Obatan/Obat Fertilitas, Hormon & Kontrasepsi Obat Perawatan Halodoc",bahasa_indonesia,"2023-07-17 13:57:51","2023-07-17 13:57:51",Dev,Dev
482,2852,482,meta_title,"Kesehatan/Obat - Obatan/Obat Fertilitas, Hormon & Kontrasepsi",bahasa_indonesia,"2023-07-17 14:20:21","2023-07-17 14:20:21",CC Token,CC Token
482,2748,482,name,"Kesehatan/Obat - Obatan/Obat Fertilitas, Hormon & Kontrasepsi",bahasa_indonesia,"2023-07-17 13:57:51","2023-07-17 13:57:51",Dev,Dev
482,2747,482,name,"Kesehatan/Obat - Obatan/Obat Fertilitas, Hormon & Kontrasepsi",english,"2023-07-17 13:57:51","2023-07-17 13:57:51",Dev,Dev
482,2851,482,seo_url, ,english,"2023-07-17 14:20:21","2023-07-17 14:20:21",CC Token,CC Token
482,2850,482,tokopedia_category_ids,"5441",bahasa_indonesia,"2023-07-17 14:20:21","2023-07-17 14:20:21",CC Token,CC Token
476,2721,476,meta_description,Dapatkan informasi Produk Medicine & Treatments Kesehatan/Obat - Obatan/Obat Anti Inflamasipaling lengkap hanya di Halodoc. Konsultasi obat dengan dokter ? Order obat di Halodoc ? #TenangAdaHalodoc,bahasa_indonesia,"2023-07-17 13:57:50","2023-07-17 13:57:50",Dev,Dev
476,2722,476,meta_keywords,Produk Kesehatan/Obat - Obatan/Obat Anti Inflamasi Obat Perawatan Halodoc,bahasa_indonesia,"2023-07-17 13:57:50","2023-07-17 13:57:50",Dev,Dev
476,2834,476,meta_title,Kesehatan/Obat - Obatan/Obat Anti Inflamasi,bahasa_indonesia,"2023-07-17 14:13:25","2023-07-17 14:13:25",CC Token,CC Token
476,2724,476,name,Kesehatan/Obat - Obatan/Obat Anti Inflamasi,bahasa_indonesia,"2023-07-17 13:57:50","2023-07-17 13:57:50",Dev,Dev
476,2723,476,name,Kesehatan/Obat - Obatan/Obat Anti Inflamasi,english,"2023-07-17 13:57:50","2023-07-17 13:57:50",Dev,Dev
476,2833,476,seo_url, ,english,"2023-07-17 14:13:25","2023-07-17 14:13:25",CC Token,CC Token
476,2832,476,tokopedia_category_ids,"5442",bahasa_indonesia,"2023-07-17 14:13:25","2023-07-17 14:13:25",CC Token,CC Token
479,2736,479,meta_description,Dapatkan informasi Produk Medicine & Treatments Kesehatan/Obat - Obatan/Obat Antimalariapaling lengkap hanya di Halodoc. Konsultasi obat dengan dokter ? Order obat di Halodoc ? #TenangAdaHalodoc,bahasa_indonesia,"2023-07-17 13:57:51","2023-07-17 13:57:51",Dev,Dev
479,2733,479,meta_keywords,Produk Kesehatan/Obat - Obatan/Obat Antimalaria Obat Perawatan Halodoc,bahasa_indonesia,"2023-07-17 13:57:51","2023-07-17 13:57:51",Dev,Dev
479,2843,479,meta_title,Kesehatan/Obat - Obatan/Obat Antimalaria,bahasa_indonesia,"2023-07-17 14:17:20","2023-07-17 14:17:20",CC Token,CC Token
479,2734,479,name,Kesehatan/Obat - Obatan/Obat Antimalaria,bahasa_indonesia,"2023-07-17 13:57:51","2023-07-17 13:57:51",Dev,Dev
479,2735,479,name,Kesehatan/Obat - Obatan/Obat Antimalaria,english,"2023-07-17 13:57:51","2023-07-17 13:57:51",Dev,Dev
479,2842,479,seo_url, ,english,"2023-07-17 14:17:20","2023-07-17 14:17:20",CC Token,CC Token
479,2841,479,tokopedia_category_ids,"5443",bahasa_indonesia,"2023-07-17 14:17:20","2023-07-17 14:17:20",CC Token,CC Token
97,911,97,meta_description,Kesehatan/Kesehatan Wanita,bahasa_indonesia,"2022-08-15 09:33:55","2022-08-15 09:33:55",CC Token,CC Token
97,909,97,meta_keywords,Kesehatan/Kesehatan Wanita,bahasa_indonesia,"2022-08-15 09:33:55","2022-08-15 09:33:55",CC Token,CC Token
97,907,97,meta_title,Kesehatan/Kesehatan Wanita,bahasa_indonesia,"2022-08-15 09:33:55","2022-08-15 09:33:55",CC Token,CC Token
97,912,97,name,Kesehatan/Kesehatan Wanita,bahasa_indonesia,"2022-08-15 09:33:55","2022-08-15 09:33:55",CC Token,CC Token
97,908,97,name,Kesehatan/Kesehatan Wanita,english,"2022-08-15 09:33:55","2022-08-15 09:33:55",CC Token,CC Token
97,910,97,seo_url, ,bahasa_indonesia,"2022-08-15 09:33:55","2022-08-15 09:33:55",CC Token,CC Token
97,921,97,seo_url, ,english,"2022-08-15 09:36:25","2022-08-15 09:36:25",CC Token,CC Token
97,913,97,tokopedia_category_ids,"716",bahasa_indonesia,"2022-08-15 09:33:55","2022-08-15 09:33:55",CC Token,CC Token
98,918,98,meta_description,Kesehatan/Kesehatan Wanita/Obat Menopause,bahasa_indonesia,"2022-08-15 09:36:03","2022-08-15 09:36:03",CC Token,CC Token
98,919,98,meta_keywords,Kesehatan/Kesehatan Wanita/Obat Menopause,bahasa_indonesia,"2022-08-15 09:36:03","2022-08-15 09:36:03",CC Token,CC Token
98,914,98,meta_title,Kesehatan/Kesehatan Wanita/Obat Menopause,bahasa_indonesia,"2022-08-15 09:36:03","2022-08-15 09:36:03",CC Token,CC Token
98,916,98,name,Kesehatan/Kesehatan Wanita/Obat Menopause,bahasa_indonesia,"2022-08-15 09:36:03","2022-08-15 09:36:03",CC Token,CC Token
98,915,98,name,Kesehatan/Kesehatan Wanita/Obat Menopause,english,"2022-08-15 09:36:03","2022-08-15 09:36:03",CC Token,CC Token
98,917,98,seo_url, ,bahasa_indonesia,"2022-08-15 09:36:03","2022-08-15 09:36:03",CC Token,CC Token
98,966,98,seo_url, ,english,"2022-08-15 09:59:01","2022-08-15 09:59:01",CC Token,CC Token
98,920,98,tokopedia_category_ids,"719",bahasa_indonesia,"2022-08-15 09:36:03","2022-08-15 09:36:03",CC Token,CC Token
102,947,102,meta_description,Kesehatan/Vitamin & Multivitamin/Sistem Kekebalan Tubuh,bahasa_indonesia,"2022-08-15 09:55:12","2022-08-15 09:55:12",CC Token,CC Token
102,945,102,meta_keywords,Kesehatan/Vitamin & Multivitamin/Sistem Kekebalan Tubuh,bahasa_indonesia,"2022-08-15 09:55:12","2022-08-15 09:55:12",CC Token,CC Token
102,949,102,meta_title,Kesehatan/Vitamin & Multivitamin/Sistem Kekebalan Tubuh,bahasa_indonesia,"2022-08-15 09:55:12","2022-08-15 09:55:12",CC Token,CC Token
102,950,102,name,Kesehatan/Vitamin & Multivitamin/Sistem Kekebalan Tubuh,bahasa_indonesia,"2022-08-15 09:55:12","2022-08-15 09:55:12",CC Token,CC Token
102,948,102,name,Kesehatan/Vitamin & Multivitamin/Sistem Kekebalan Tubuh,english,"2022-08-15 09:55:12","2022-08-15 09:55:12",CC Token,CC Token
102,951,102,seo_url, ,bahasa_indonesia,"2022-08-15 09:55:12","2022-08-15 09:55:12",CC Token,CC Token
102,946,102,tokopedia_category_ids,"726",bahasa_indonesia,"2022-08-15 09:55:12","2022-08-15 09:55:12",CC Token,CC Token
108,989,108,meta_description,Kesehatan/Suplemen Diet,bahasa_indonesia,"2022-08-15 10:17:53","2022-08-15 10:17:53",CC Token,CC Token
108,993,108,meta_keywords,Kesehatan/Suplemen Diet,bahasa_indonesia,"2022-08-15 10:17:53","2022-08-15 10:17:53",CC Token,CC Token
108,990,108,meta_title,Kesehatan/Suplemen Diet,bahasa_indonesia,"2022-08-15 10:17:53","2022-08-15 10:17:53",CC Token,CC Token
108,994,108,name,Kesehatan/Suplemen Diet,bahasa_indonesia,"2022-08-15 10:17:53","2022-08-15 10:17:53",CC Token,CC Token
108,991,108,name,Kesehatan/Suplemen Diet,english,"2022-08-15 10:17:53","2022-08-15 10:17:53",CC Token,CC Token
108,988,108,seo_url, ,bahasa_indonesia,"2022-08-15 10:17:53","2022-08-15 10:17:53",CC Token,CC Token
108,992,108,tokopedia_category_ids,"740",bahasa_indonesia,"2022-08-15 10:17:53","2022-08-15 10:17:53",CC Token,CC Token
109,996,109,meta_description,Kesehatan/Suplemen Diet/Suplemen Fitnes,bahasa_indonesia,"2022-08-15 10:19:26","2022-08-15 10:19:26",CC Token,CC Token
109,1000,109,meta_keywords,Kesehatan/Suplemen Diet/Suplemen Fitnes,bahasa_indonesia,"2022-08-15 10:19:26","2022-08-15 10:19:26",CC Token,CC Token
109,997,109,meta_title,Kesehatan/Suplemen Diet/Suplemen Fitnes,bahasa_indonesia,"2022-08-15 10:19:26","2022-08-15 10:19:26",CC Token,CC Token
109,1001,109,name,Kesehatan/Suplemen Diet/Suplemen Fitnes,bahasa_indonesia,"2022-08-15 10:19:26","2022-08-15 10:19:26",CC Token,CC Token
109,998,109,name,Kesehatan/Suplemen Diet/Suplemen Fitnes,english,"2022-08-15 10:19:26","2022-08-15 10:19:26",CC Token,CC Token
109,995,109,seo_url, ,bahasa_indonesia,"2022-08-15 10:19:26","2022-08-15 10:19:26",CC Token,CC Token
109,999,109,tokopedia_category_ids,"743",bahasa_indonesia,"2022-08-15 10:19:26","2022-08-15 10:19:26",CC Token,CC Token
110,1007,110,meta_description,Kesehatan/Suplemen Diet/Penambah Berat Badan,bahasa_indonesia,"2022-08-15 10:20:37","2022-08-15 10:20:37",CC Token,CC Token
110,1002,110,meta_keywords,Kesehatan/Suplemen Diet/Penambah Berat Badan,bahasa_indonesia,"2022-08-15 10:20:37","2022-08-15 10:20:37",CC Token,CC Token
110,1006,110,meta_title,Kesehatan/Suplemen Diet/Penambah Berat Badan,bahasa_indonesia,"2022-08-15 10:20:37","2022-08-15 10:20:37",CC Token,CC Token
110,1003,110,name,Kesehatan/Suplemen Diet/Penambah Berat Badan,bahasa_indonesia,"2022-08-15 10:20:37","2022-08-15 10:20:37",CC Token,CC Token
110,1005,110,name,Kesehatan/Suplemen Diet/Penambah Berat Badan,english,"2022-08-15 10:20:37","2022-08-15 10:20:37",CC Token,CC Token
110,1004,110,seo_url, ,bahasa_indonesia,"2022-08-15 10:20:37","2022-08-15 10:20:37",CC Token,CC Token
110,1008,110,tokopedia_category_ids,"744",bahasa_indonesia,"2022-08-15 10:20:37","2022-08-15 10:20:37",CC Token,CC Token
163,1277,163,meta_description,Kesehatan/Suplemen Diet/Lainnya,bahasa_indonesia,"2022-08-15 11:04:29","2022-08-15 11:04:29",CC Token,CC Token
163,1281,163,meta_keywords,Kesehatan/Suplemen Diet/Lainnya,bahasa_indonesia,"2022-08-15 11:04:29","2022-08-15 11:04:29",CC Token,CC Token
163,1278,163,meta_title,Kesehatan/Suplemen Diet/Lainnya,bahasa_indonesia,"2022-08-15 11:04:29","2022-08-15 11:04:29",CC Token,CC Token
163,1282,163,name,Kesehatan/Suplemen Diet/Lainnya,bahasa_indonesia,"2022-08-15 11:04:29","2022-08-15 11:04:29",CC Token,CC Token
163,1280,163,name,Kesehatan/Suplemen Diet/Lainnya,english,"2022-08-15 11:04:29","2022-08-15 11:04:29",CC Token,CC Token
163,1276,163,seo_url, ,bahasa_indonesia,"2022-08-15 11:04:29","2022-08-15 11:04:29",CC Token,CC Token
163,1279,163,tokopedia_category_ids,"745",bahasa_indonesia,"2022-08-15 11:04:29","2022-08-15 11:04:29",CC Token,CC Token
122,1086,122,meta_description,Kesehatan/Kesehatan Wanita/Suplemen Kewanitaan,bahasa_indonesia,"2022-08-15 10:38:28","2022-08-15 10:38:28",CC Token,CC Token
122,1088,122,meta_keywords,Kesehatan/Kesehatan Wanita/Suplemen Kewanitaan,bahasa_indonesia,"2022-08-15 10:38:28","2022-08-15 10:38:28",CC Token,CC Token
122,1091,122,meta_title,Kesehatan/Kesehatan Wanita/Suplemen Kewanitaan,bahasa_indonesia,"2022-08-15 10:38:28","2022-08-15 10:38:28",CC Token,CC Token
122,1090,122,name,Kesehatan/Kesehatan Wanita/Suplemen Kewanitaan,bahasa_indonesia,"2022-08-15 10:38:28","2022-08-15 10:38:28",CC Token,CC Token
122,1087,122,name,Kesehatan/Kesehatan Wanita/Suplemen Kewanitaan,english,"2022-08-15 10:38:28","2022-08-15 10:38:28",CC Token,CC Token
122,1089,122,seo_url, ,bahasa_indonesia,"2022-08-15 10:38:28","2022-08-15 10:38:28",CC Token,CC Token
122,1092,122,tokopedia_category_ids,"903",bahasa_indonesia,"2022-08-15 10:38:28","2022-08-15 10:38:28",CC Token,CC Token
84,815,84,meta_description,"Temukan berbagai macam jenis obat dan vitamin berdasarkan Kategori Vitamin Herbal Jantung Ketahui juga manfaat, dosis, cara konsumsi, aturan pakai dan efek samping obat dan vitamin di Halodoc.",bahasa_indonesia,"2021-08-27 16:42:10","2021-08-27 16:42:10",CC Token,CC Token
84,816,84,meta_keywords,Kategori Vitamin Herbal Jantung,bahasa_indonesia,"2021-08-27 16:42:10","2021-08-27 16:42:10",CC Token,CC Token
84,812,84,meta_title,Daftar Informasi obat dan vitamin - Kategori Vitamin Herbal Jantung,bahasa_indonesia,"2021-08-27 16:42:10","2021-08-27 16:42:10",CC Token,CC Token
84,813,84,name,Vitamin dan Herbal Jantung,bahasa_indonesia,"2021-08-27 16:42:10","2021-08-27 16:42:10",CC Token,CC Token
84,817,84,name,Heart Diseases Vitamin and Herbal,english,"2021-08-27 16:42:10","2021-08-27 16:42:10",CC Token,CC Token
84,814,84,seo_url, ,bahasa_indonesia,"2021-08-27 16:42:10","2021-08-27 16:42:10",CC Token,CC Token
84,821,84,seo_url, ,english,"2021-08-27 16:55:18","2021-08-27 16:55:18",CC Token,CC Token
10,136,10,meta_description,Dapatkan informasi suplemen vitamin paling lengkap hanya di Halodoc. Konsultasi obat dengan dokter ✓ Order obat di Halodoc ✓ #TenangAdaHalodoc,bahasa_indonesia,"2019-03-01 17:06:50","2022-03-14 12:27:48",Dev,CC Token
10,133,10,meta_description, ,english,"2019-03-01 17:06:49","2019-03-01 17:06:49",Dev,Dev
10,132,10,meta_keywords,Vitamin dan Suplemen,bahasa_indonesia,"2019-03-01 17:06:49","2022-03-14 12:27:48",Dev,CC Token
10,135,10,meta_keywords, ,english,"2019-03-01 17:06:49","2019-03-01 17:06:49",Dev,Dev
10,134,10,meta_title,"Informasi Suplemen Vitamin, Dosis, Efek Samping - Halodoc",bahasa_indonesia,"2019-03-01 17:06:49","2022-03-14 12:27:48",Dev,CC Token
10,131,10,meta_title, ,english,"2019-03-01 17:06:49","2019-03-01 17:06:49",Dev,Dev
10,39,10,name,Vitamin & Suplemen,bahasa_indonesia,"2017-10-31 20:52:57","2018-11-16 17:31:52",Dev,Control Center
10,10,10,name,Vitamin & Supplement,english,"2017-10-31 20:52:55","2018-11-16 17:31:52",Dev,Control Center
10,352,10,seo_url, ,bahasa_indonesia,"2019-03-14 17:15:46","2019-03-14 17:15:46",Dev,Dev
10,314,10,seo_url,https://halodoc-sumba.s3.ap-southeast-1.amazonaws.com/product-category-seo-information/product_category_seo_information_vitamin-%26-suplemen.html,english,"2019-03-08 17:21:20","2020-03-20 07:52:04",Dev,Control Center
48,444,48,meta_description,"Temukan berbagai macam jenis obat dan vitamin berdasarkans Kategori VIVA Hebat. Ketahui juga manfaat, dosis, cara konsumsi, aturan pakai dan efek samping obat dan vitamin di Halodoc.",bahasa_indonesia,"2020-09-18 05:38:28","2020-09-18 05:38:28",CC Token,CC Token
48,445,48,meta_keywords,Kategori VIVA Hebat,bahasa_indonesia,"2020-09-18 05:38:28","2020-09-18 05:38:28",CC Token,CC Token
48,447,48,meta_title,Daftar Informasi obat dan vitamin - Halodoc - Kategori VIVA Hebat,bahasa_indonesia,"2020-09-18 05:38:28","2020-09-18 05:38:28",CC Token,CC Token
48,449,48,name,VIVA Hebat,bahasa_indonesia,"2020-09-18 05:38:28","2020-09-18 05:38:28",CC Token,CC Token
48,448,48,name,VIVA Hebat,english,"2020-09-18 05:38:28","2020-09-18 05:38:28",CC Token,CC Token
48,446,48,seo_url, ,bahasa_indonesia,"2020-09-18 05:38:28","2020-09-18 05:38:28",CC Token,CC Token
48,450,48,seo_url, ,english,"2020-09-18 05:47:17","2020-09-18 05:47:17",CC Token,CC Token
65,686,65,meta_description,"Temukan berbagai macam jenis obat dan vitamin berdasarkans Kategori VIVA Hemat. Ketahui juga manfaat, dosis, cara konsumsi, aturan pakai dan efek samping obat dan vitamin di Halodoc.",bahasa_indonesia,"2021-04-07 10:16:19","2021-04-07 10:16:19",CC Token,CC Token
65,684,65,meta_keywords,Kategori VIVA Hemat,bahasa_indonesia,"2021-04-07 10:16:19","2021-04-07 10:16:19",CC Token,CC Token
65,682,65,meta_title,Daftar Informasi obat dan vitamin - Halodoc - Kategori VIVA Hemat,bahasa_indonesia,"2021-04-07 10:16:19","2021-04-07 10:16:19",CC Token,CC Token
65,685,65,name,VIVA Hemat,bahasa_indonesia,"2021-04-07 10:16:19","2021-04-07 10:16:19",CC Token,CC Token
65,681,65,name,VIVA Hemat,english,"2021-04-07 10:16:19","2021-04-07 10:16:19",CC Token,CC Token
65,683,65,seo_url, ,bahasa_indonesia,"2021-04-07 10:16:19","2021-04-07 10:16:19",CC Token,CC Token
65,687,65,seo_url, ,english,"2021-04-07 10:16:28","2021-04-07 10:16:28",CC Token,CC Token
28,244,28,meta_description,"Temukan berbagai macam jenis obat dan vitamin berdasarkan Kategori watsons. Ketahui juga manfaat, dosis, cara konsumsi, aturan pakai dan efek samping obat dan vitamin di Halodoc",bahasa_indonesia,"2019-03-01 17:06:51","2021-07-09 22:40:45",Dev,CC Token
28,241,28,meta_description, ,english,"2019-03-01 17:06:51","2019-03-01 17:06:51",Dev,Dev
28,240,28,meta_keywords,Kategori watsons,bahasa_indonesia,"2019-03-01 17:06:51","2021-07-09 22:40:45",Dev,CC Token
28,243,28,meta_keywords, ,english,"2019-03-01 17:06:51","2019-03-01 17:06:51",Dev,Dev
28,242,28,meta_title,Daftar Informasi obat dan vitamin - Halodoc - Kategori Watsons,bahasa_indonesia,"2019-03-01 17:06:51","2021-07-09 22:40:45",Dev,CC Token
28,239,28,meta_title, ,english,"2019-03-01 17:06:51","2019-03-01 17:06:51",Dev,Dev
28,57,28,name,Watsons,bahasa_indonesia,"2017-10-31 20:52:58","2017-10-31 20:52:58",Dev,Dev
28,28,28,name,Watsons,english,"2017-10-31 20:52:56","2017-10-31 20:52:56",Dev,Dev
28,370,28,seo_url, ,bahasa_indonesia,"2019-03-14 17:15:47","2019-03-14 17:15:47",Dev,Dev
28,332,28,seo_url, ,english,"2019-03-08 17:21:20","2019-03-08 17:21:20",Dev,Dev
46,431,46,meta_description,"Temukan berbagai macam jenis obat dan vitamin berdasarkan Kategori Watsons Deals. Ketahui juga manfaat, dosis, cara konsumsi, aturan pakai dan efek samping obat dan vitamin di Halodoc.",bahasa_indonesia,"2020-08-07 18:12:46","2020-08-07 18:12:46",CC Token,CC Token
46,432,46,meta_keywords,Kategori Watsons Deals,bahasa_indonesia,"2020-08-07 18:12:46","2020-08-07 18:12:46",CC Token,CC Token
46,434,46,meta_title,Daftar Informasi obat dan vitamin - Halodoc - Kategori Watsons Deals,bahasa_indonesia,"2020-08-07 18:12:46","2020-08-07 18:12:46",CC Token,CC Token
46,435,46,name,Watsons Deals,bahasa_indonesia,"2020-08-07 18:12:46","2020-08-07 18:12:46",CC Token,CC Token
46,430,46,name,Watsons Deals,english,"2020-08-07 18:12:46","2020-08-07 18:12:46",CC Token,CC Token
46,433,46,seo_url, ,bahasa_indonesia,"2020-08-07 18:12:46","2020-08-07 18:12:46",CC Token,CC Token
46,436,46,seo_url, ,english,"2020-08-09 21:05:58","2020-08-09 21:05:58",CC Token,CC Token
22,208,22,meta_description,"Temukan berbagai macam jenis obat dan vitamin berdasarkan Kategori Wanita. Ketahui juga manfaat, dosis, cara konsumsi, aturan pakai dan efek samping obat dan vitamin di Halodoc.",bahasa_indonesia,"2019-03-01 17:06:50","2020-10-14 11:52:03",Dev,CC Token
22,205,22,meta_description, ,english,"2019-03-01 17:06:50","2019-03-01 17:06:50",Dev,Dev
22,204,22,meta_keywords,Kategori Wanita,bahasa_indonesia,"2019-03-01 17:06:50","2020-10-14 11:52:03",Dev,CC Token
22,207,22,meta_keywords, ,english,"2019-03-01 17:06:50","2019-03-01 17:06:50",Dev,Dev
22,206,22,meta_title,Daftar Informasi obat dan vitamin - Halodoc - Kategori Wanita,bahasa_indonesia,"2019-03-01 17:06:50","2020-10-14 11:52:03",Dev,CC Token
22,203,22,meta_title, ,english,"2019-03-01 17:06:50","2019-03-01 17:06:50",Dev,Dev
22,51,22,name,Wanita,bahasa_indonesia,"2017-10-31 20:52:58","2017-10-31 20:52:58",Dev,Dev
22,22,22,name,Women,english,"2017-10-31 20:52:56","2017-10-31 20:52:56",Dev,Dev
22,364,22,seo_url, ,bahasa_indonesia,"2019-03-14 17:15:47","2019-03-14 17:15:47",Dev,Dev
22,326,22,seo_url, ,english,"2019-03-08 17:21:20","2019-03-08 17:21:20",Dev,Dev
