"name","id","demand_zone_package_id","patient_count","amount","status","created_at","updated_at","created_by","updated_by"
Cek Darah Untuk Alergi,1,3255,2,20000.00,active,"2024-06-26 15:44:55","2024-11-04 08:48:47",Dev Token,Dev Token
Allergy Blood Test,1,3255,2,20000.00,active,"2024-06-26 15:44:55","2024-11-04 08:48:47",Dev Token,Dev Token
Cek Darah Untuk Alergi,2,3255,3,30000.00,active,"2024-06-26 15:44:57","2024-11-04 08:48:48",Dev Token,Dev Token
Allergy Blood Test,2,3255,3,30000.00,active,"2024-06-26 15:44:57","2024-11-04 08:48:48",Dev Token,Dev Token
Cek Darah Untuk Alergi,3,3255,4,40000.00,active,"2024-06-26 15:44:59","2024-11-04 08:48:49",Dev Token,Dev Token
Allergy Blood Test,3,3255,4,40000.00,active,"2024-06-26 15:44:59","2024-11-04 08:48:49",Dev Token,Dev Token
Injeksi Vitamin C,4,683,2,20000.00,active,"2024-06-26 15:49:13","2024-11-04 08:49:35",Dev Token,Dev Token
Vitamin C Injection,4,683,2,20000.00,active,"2024-06-26 15:49:13","2024-11-04 08:49:35",Dev Token,Dev Token
Injeksi Vitamin C,5,683,3,30000.00,active,"2024-06-26 15:49:18","2024-11-04 08:49:36",Dev Token,Dev Token
Vitamin C Injection,5,683,3,30000.00,active,"2024-06-26 15:49:18","2024-11-04 08:49:36",Dev Token,Dev Token
Injeksi Vitamin C,6,683,4,40000.00,active,"2024-06-26 15:49:20","2024-11-04 08:49:37",Dev Token,Dev Token
Vitamin C Injection,6,683,4,40000.00,active,"2024-06-26 15:49:20","2024-11-04 08:49:37",Dev Token,Dev Token
Cek Lab Untuk Demam,7,657,2,20000.00,active,"2024-06-27 09:36:12","2024-11-04 08:48:37",Dev Token,Dev Token
Lab Test for Fever,7,657,2,20000.00,active,"2024-06-27 09:36:12","2024-11-04 08:48:37",Dev Token,Dev Token
Cek Lab Untuk Demam,8,657,3,30000.00,active,"2024-06-27 09:36:14","2024-11-04 08:48:38",Dev Token,Dev Token
Lab Test for Fever,8,657,3,30000.00,active,"2024-06-27 09:36:14","2024-11-04 08:48:38",Dev Token,Dev Token
Cek Lab Untuk Demam,9,657,4,40000.00,active,"2024-06-27 09:36:16","2024-11-04 08:48:39",Dev Token,Dev Token
Lab Test for Fever,9,657,4,40000.00,active,"2024-06-27 09:36:16","2024-11-04 08:48:39",Dev Token,Dev Token
Cek Diabetes,10,665,2,20000.00,active,"2024-06-27 09:36:17","2024-11-04 08:49:10",Dev Token,Dev Token
Diabetes Test,10,665,2,20000.00,active,"2024-06-27 09:36:17","2024-11-04 08:49:10",Dev Token,Dev Token
Cek Diabetes,11,665,3,30000.00,active,"2024-06-27 09:36:19","2024-11-04 08:49:11",Dev Token,Dev Token
Diabetes Test,11,665,3,30000.00,active,"2024-06-27 09:36:19","2024-11-04 08:49:11",Dev Token,Dev Token
Cek Diabetes,12,665,4,40000.00,active,"2024-06-27 09:36:21","2024-11-04 08:49:12",Dev Token,Dev Token
Diabetes Test,12,665,4,40000.00,active,"2024-06-27 09:36:21","2024-11-04 08:49:12",Dev Token,Dev Token
Cek Elektrolit,13,666,2,20000.00,active,"2024-06-27 09:36:23","2024-11-04 08:49:13",Dev Token,Dev Token
Electrolyte Test,13,666,2,20000.00,active,"2024-06-27 09:36:23","2024-11-04 08:49:13",Dev Token,Dev Token
Cek Elektrolit,14,666,3,30000.00,active,"2024-06-27 09:36:25","2024-11-04 08:49:14",Dev Token,Dev Token
Electrolyte Test,14,666,3,30000.00,active,"2024-06-27 09:36:25","2024-11-04 08:49:14",Dev Token,Dev Token
Cek Elektrolit,15,666,4,40000.00,active,"2024-06-27 09:36:27","2024-11-04 08:49:15",Dev Token,Dev Token
Electrolyte Test,15,666,4,40000.00,active,"2024-06-27 09:36:27","2024-11-04 08:49:15",Dev Token,Dev Token
Cek Darah Lengkap (Hematologi Lengkap),16,3234,2,20000.00,active,"2024-06-27 09:36:28","2024-11-04 08:49:00",Dev Token,Dev Token
Complete Blood Count Test,16,3234,2,20000.00,active,"2024-06-27 09:36:28","2024-11-04 08:49:00",Dev Token,Dev Token
Cek Darah Lengkap (Hematologi Lengkap),17,3234,3,30000.00,active,"2024-06-27 09:36:30","2024-11-04 08:49:01",Dev Token,Dev Token
Complete Blood Count Test,17,3234,3,30000.00,active,"2024-06-27 09:36:30","2024-11-04 08:49:01",Dev Token,Dev Token
Cek Darah Lengkap (Hematologi Lengkap),18,3234,4,40000.00,active,"2024-06-27 09:36:32","2024-11-04 08:49:02",Dev Token,Dev Token
Complete Blood Count Test,18,3234,4,40000.00,active,"2024-06-27 09:36:32","2024-11-04 08:49:02",Dev Token,Dev Token
Cek Darah Untuk Demam Berdarah,19,3297,2,20000.00,active,"2024-06-27 09:36:33","2024-11-04 08:48:34",Dev Token,Dev Token
Dengue Fever Test,19,3297,2,20000.00,active,"2024-06-27 09:36:33","2024-11-04 08:48:34",Dev Token,Dev Token
Cek Darah Untuk Demam Berdarah,20,3297,3,30000.00,active,"2024-06-27 09:36:35","2024-11-04 08:48:35",Dev Token,Dev Token
Dengue Fever Test,20,3297,3,30000.00,active,"2024-06-27 09:36:35","2024-11-04 08:48:35",Dev Token,Dev Token
Cek Darah Untuk Demam Berdarah,21,3297,4,40000.00,active,"2024-06-27 09:36:37","2024-11-04 08:48:36",Dev Token,Dev Token
Dengue Fever Test,21,3297,4,40000.00,active,"2024-06-27 09:36:37","2024-11-04 08:48:36",Dev Token,Dev Token
Medical Check Up Hemat,22,669,2,20000.00,active,"2024-06-27 09:36:39","2024-11-04 08:49:03",Dev Token,Dev Token
Pocket-friendly Medical Check Up,22,669,2,20000.00,active,"2024-06-27 09:36:39","2024-11-04 08:49:03",Dev Token,Dev Token
Medical Check Up Hemat,23,669,3,30000.00,active,"2024-06-27 09:36:40","2024-11-04 08:49:04",Dev Token,Dev Token
Pocket-friendly Medical Check Up,23,669,3,30000.00,active,"2024-06-27 09:36:40","2024-11-04 08:49:04",Dev Token,Dev Token
Medical Check Up Hemat,24,669,4,40000.00,active,"2024-06-27 09:36:42","2024-11-04 08:49:05",Dev Token,Dev Token
Pocket-friendly Medical Check Up,24,669,4,40000.00,active,"2024-06-27 09:36:42","2024-11-04 08:49:05",Dev Token,Dev Token
Medical Check Up Standar,25,670,2,20000.00,active,"2024-06-27 09:36:43","2024-11-04 08:49:06",Dev Token,Dev Token
Standard Medical Check Up,25,670,2,20000.00,active,"2024-06-27 09:36:43","2024-11-04 08:49:06",Dev Token,Dev Token
Medical Check Up Standar,26,670,3,30000.00,active,"2024-06-27 09:36:45","2024-11-04 08:49:07",Dev Token,Dev Token
Standard Medical Check Up,26,670,3,30000.00,active,"2024-06-27 09:36:45","2024-11-04 08:49:07",Dev Token,Dev Token
Medical Check Up Standar,27,670,4,40000.00,active,"2024-06-27 09:36:47","2024-11-04 08:49:08",Dev Token,Dev Token
Standard Medical Check Up,27,670,4,40000.00,active,"2024-06-27 09:36:47","2024-11-04 08:49:08",Dev Token,Dev Token
Cek Fungsi Ginjal,28,671,2,20000.00,active,"2024-06-27 09:36:49","2024-11-04 08:49:16",Dev Token,Dev Token
Renal Function test,28,671,2,20000.00,active,"2024-06-27 09:36:49","2024-11-04 08:49:16",Dev Token,Dev Token
Cek Fungsi Ginjal,29,671,3,30000.00,active,"2024-06-27 09:36:50","2024-11-04 08:49:17",Dev Token,Dev Token
Renal Function test,29,671,3,30000.00,active,"2024-06-27 09:36:50","2024-11-04 08:49:17",Dev Token,Dev Token
Cek Fungsi Ginjal,30,671,4,40000.00,active,"2024-06-27 09:36:52","2024-11-04 08:49:18",Dev Token,Dev Token
Renal Function test,30,671,4,40000.00,active,"2024-06-27 09:36:52","2024-11-04 08:49:18",Dev Token,Dev Token
Cek Kolesterol,31,672,2,20000.00,active,"2024-06-27 09:36:53","2024-11-04 08:50:08",Dev Token,Dev Token
Cholesterol Test,31,672,2,20000.00,active,"2024-06-27 09:36:53","2024-11-04 08:50:08",Dev Token,Dev Token
Cek Kolesterol,32,672,3,30000.00,active,"2024-06-27 09:36:54","2024-11-04 08:50:09",Dev Token,Dev Token
Cholesterol Test,32,672,3,30000.00,active,"2024-06-27 09:36:54","2024-11-04 08:50:09",Dev Token,Dev Token
Cek Kolesterol,33,672,4,40000.00,active,"2024-06-27 09:36:56","2024-11-04 08:50:10",Dev Token,Dev Token
Cholesterol Test,33,672,4,40000.00,active,"2024-06-27 09:36:56","2024-11-04 08:50:10",Dev Token,Dev Token
Cek Fungsi Hati,34,673,2,20000.00,active,"2024-06-27 09:36:57","2024-11-04 08:50:11",Dev Token,Dev Token
Liver Function Test,34,673,2,20000.00,active,"2024-06-27 09:36:57","2024-11-04 08:50:11",Dev Token,Dev Token
Cek Fungsi Hati,35,673,3,30000.00,active,"2024-06-27 09:36:59","2024-11-04 08:50:12",Dev Token,Dev Token
Liver Function Test,35,673,3,30000.00,active,"2024-06-27 09:36:59","2024-11-04 08:50:12",Dev Token,Dev Token
Cek Fungsi Hati,36,673,4,40000.00,active,"2024-06-27 09:37:01","2024-11-04 08:50:13",Dev Token,Dev Token
Liver Function Test,36,673,4,40000.00,active,"2024-06-27 09:37:01","2024-11-04 08:50:13",Dev Token,Dev Token
Cek Anemia dan Zat Besi,37,3223,2,20000.00,active,"2024-06-27 09:37:02","2024-11-04 08:48:50",Dev Token,Dev Token
Anemia Test and Iron Level,37,3223,2,20000.00,active,"2024-06-27 09:37:02","2024-11-04 08:48:50",Dev Token,Dev Token
Cek Anemia dan Zat Besi,38,3223,3,30000.00,active,"2024-06-27 09:37:04","2024-11-04 08:48:51",Dev Token,Dev Token
Anemia Test and Iron Level,38,3223,3,30000.00,active,"2024-06-27 09:37:04","2024-11-04 08:48:51",Dev Token,Dev Token
Cek Anemia dan Zat Besi,39,3223,4,40000.00,active,"2024-06-27 09:37:06","2024-11-04 08:48:52",Dev Token,Dev Token
Anemia Test and Iron Level,39,3223,4,40000.00,active,"2024-06-27 09:37:06","2024-11-04 08:48:52",Dev Token,Dev Token
Cek Kolesterol dan Gula Darah,40,675,2,20000.00,active,"2024-06-27 09:37:08","2024-11-04 08:50:14",Dev Token,Dev Token
Cholesterol and Blood Sugar Test,40,675,2,20000.00,active,"2024-06-27 09:37:08","2024-11-04 08:50:14",Dev Token,Dev Token
Cek Kolesterol dan Gula Darah,41,675,3,30000.00,active,"2024-06-27 09:37:09","2024-11-04 08:50:15",Dev Token,Dev Token
Cholesterol and Blood Sugar Test,41,675,3,30000.00,active,"2024-06-27 09:37:09","2024-11-04 08:50:15",Dev Token,Dev Token
Cek Kolesterol dan Gula Darah,42,675,4,40000.00,active,"2024-06-27 09:37:11","2024-11-04 08:50:16",Dev Token,Dev Token
Cholesterol and Blood Sugar Test,42,675,4,40000.00,active,"2024-06-27 09:37:11","2024-11-04 08:50:16",Dev Token,Dev Token
Cek Infeksi Menular Seksual,43,676,2,20000.00,active,"2024-06-27 09:37:13","2024-11-04 08:50:17",Dev Token,Dev Token
Sexual Transmitted Infection Test,43,676,2,20000.00,active,"2024-06-27 09:37:13","2024-11-04 08:50:17",Dev Token,Dev Token
Cek Infeksi Menular Seksual,44,676,3,30000.00,active,"2024-06-27 09:37:14","2024-11-04 08:50:18",Dev Token,Dev Token
Sexual Transmitted Infection Test,44,676,3,30000.00,active,"2024-06-27 09:37:14","2024-11-04 08:50:18",Dev Token,Dev Token
Cek Infeksi Menular Seksual,45,676,4,40000.00,active,"2024-06-27 09:37:16","2024-11-04 08:50:19",Dev Token,Dev Token
Sexual Transmitted Infection Test,45,676,4,40000.00,active,"2024-06-27 09:37:16","2024-11-04 08:50:19",Dev Token,Dev Token
Cek Hormon Tiroid,46,677,2,20000.00,active,"2024-06-27 09:37:18","2024-11-04 08:50:20",Dev Token,Dev Token
Thyroid Hormone Test,46,677,2,20000.00,active,"2024-06-27 09:37:18","2024-11-04 08:50:20",Dev Token,Dev Token
Cek Hormon Tiroid,47,677,3,30000.00,active,"2024-06-27 09:37:20","2024-11-04 08:50:22",Dev Token,Dev Token
Thyroid Hormone Test,47,677,3,30000.00,active,"2024-06-27 09:37:20","2024-11-04 08:50:22",Dev Token,Dev Token
Cek Hormon Tiroid,48,677,4,40000.00,active,"2024-06-27 09:37:22","2024-11-04 08:50:23",Dev Token,Dev Token
Thyroid Hormone Test,48,677,4,40000.00,active,"2024-06-27 09:37:22","2024-11-04 08:50:23",Dev Token,Dev Token
Medical Check Up Lengkap,49,3212,2,20000.00,active,"2024-06-27 09:37:24","2024-11-04 08:48:56",Dev Token,Dev Token
Full Medical Check Up,49,3212,2,20000.00,active,"2024-06-27 09:37:24","2024-11-04 08:48:56",Dev Token,Dev Token
Medical Check Up Lengkap,50,3212,3,30000.00,active,"2024-06-27 09:37:25","2024-11-04 08:48:57",Dev Token,Dev Token
Full Medical Check Up,50,3212,3,30000.00,active,"2024-06-27 09:37:25","2024-11-04 08:48:57",Dev Token,Dev Token
Medical Check Up Lengkap,51,3212,4,40000.00,active,"2024-06-27 09:37:27","2024-11-04 08:48:59",Dev Token,Dev Token
Full Medical Check Up,51,3212,4,40000.00,active,"2024-06-27 09:37:27","2024-11-04 08:48:59",Dev Token,Dev Token
Cek Kesehatan Pranikah,52,3266,2,20000.00,active,"2024-06-27 09:37:28","2024-11-04 08:48:53",Dev Token,Dev Token
Premarital Check Up,52,3266,2,20000.00,active,"2024-06-27 09:37:28","2024-11-04 08:48:53",Dev Token,Dev Token
Cek Kesehatan Pranikah,53,3266,3,30000.00,active,"2024-06-27 09:37:30","2024-11-04 08:48:54",Dev Token,Dev Token
Premarital Check Up,53,3266,3,30000.00,active,"2024-06-27 09:37:30","2024-11-04 08:48:54",Dev Token,Dev Token
Cek Kesehatan Pranikah,54,3266,4,40000.00,active,"2024-06-27 09:37:31","2024-11-04 08:48:55",Dev Token,Dev Token
Premarital Check Up,54,3266,4,40000.00,active,"2024-06-27 09:37:31","2024-11-04 08:48:55",Dev Token,Dev Token
Cek Infeksi Saluran Kemih,55,3286,2,20000.00,active,"2024-06-27 09:37:33","2024-11-04 08:48:40",Dev Token,Dev Token
Urinary Tract Infection Test,55,3286,2,20000.00,active,"2024-06-27 09:37:33","2024-11-04 08:48:40",Dev Token,Dev Token
Cek Infeksi Saluran Kemih,56,3286,3,30000.00,active,"2024-06-27 09:37:35","2024-11-04 08:48:41",Dev Token,Dev Token
Urinary Tract Infection Test,56,3286,3,30000.00,active,"2024-06-27 09:37:35","2024-11-04 08:48:41",Dev Token,Dev Token
Cek Infeksi Saluran Kemih,57,3286,4,40000.00,active,"2024-06-27 09:37:37","2024-11-04 08:48:42",Dev Token,Dev Token
Urinary Tract Infection Test,57,3286,4,40000.00,active,"2024-06-27 09:37:37","2024-11-04 08:48:42",Dev Token,Dev Token
Vaksinasi HPV Kuadrivalen (Gardasil),58,680,2,20000.00,active,"2024-06-27 09:37:38","2024-11-04 08:50:27",Dev Token,Dev Token
HPV Quadrivalent Vaccination (Gardasil),58,680,2,20000.00,active,"2024-06-27 09:37:38","2024-11-04 08:50:27",Dev Token,Dev Token
Vaksinasi HPV Kuadrivalen (Gardasil),59,680,3,30000.00,active,"2024-06-27 09:37:39","2024-11-04 08:50:28",Dev Token,Dev Token
HPV Quadrivalent Vaccination (Gardasil),59,680,3,30000.00,active,"2024-06-27 09:37:39","2024-11-04 08:50:28",Dev Token,Dev Token
Vaksinasi HPV Kuadrivalen (Gardasil),60,680,4,40000.00,active,"2024-06-27 09:37:41","2024-11-04 08:50:29",Dev Token,Dev Token
HPV Quadrivalent Vaccination (Gardasil),60,680,4,40000.00,active,"2024-06-27 09:37:41","2024-11-04 08:50:29",Dev Token,Dev Token
Vaksinasi Influenza (Vaxigrip Tetra),61,681,2,20000.00,active,"2024-06-27 09:37:42","2024-11-04 08:50:30",Dev Token,Dev Token
Influenza Vaccination (Vaxigrip Tetra),61,681,2,20000.00,active,"2024-06-27 09:37:42","2024-11-04 08:50:30",Dev Token,Dev Token
Vaksinasi Influenza (Vaxigrip Tetra),62,681,3,30000.00,active,"2024-06-27 09:37:44","2024-11-04 08:50:31",Dev Token,Dev Token
Influenza Vaccination (Vaxigrip Tetra),62,681,3,30000.00,active,"2024-06-27 09:37:44","2024-11-04 08:50:31",Dev Token,Dev Token
Vaksinasi Influenza (Vaxigrip Tetra),63,681,4,40000.00,active,"2024-06-27 09:37:45","2024-11-04 08:50:32",Dev Token,Dev Token
Influenza Vaccination (Vaxigrip Tetra),63,681,4,40000.00,active,"2024-06-27 09:37:45","2024-11-04 08:50:32",Dev Token,Dev Token
Infus Drip Vitamin C,64,682,2,20000.00,active,"2024-06-27 09:37:47","2024-11-04 08:49:32",Dev Token,Dev Token
Vitamin C Infusion Drip,64,682,2,20000.00,active,"2024-06-27 09:37:47","2024-11-04 08:49:32",Dev Token,Dev Token
Infus Drip Vitamin C,65,682,3,30000.00,active,"2024-06-27 09:37:49","2024-11-04 08:49:33",Dev Token,Dev Token
Vitamin C Infusion Drip,65,682,3,30000.00,active,"2024-06-27 09:37:49","2024-11-04 08:49:33",Dev Token,Dev Token
Infus Drip Vitamin C,66,682,4,40000.00,active,"2024-06-27 09:37:50","2024-11-04 08:49:34",Dev Token,Dev Token
Vitamin C Infusion Drip,66,682,4,40000.00,active,"2024-06-27 09:37:50","2024-11-04 08:49:34",Dev Token,Dev Token
Vaksinasi Pneumonia PCV13 (Prevenar),67,684,2,20000.00,active,"2024-06-27 09:37:57","2024-11-04 08:49:39",Dev Token,Dev Token
Pneumonia PCV13 Vaccination (Prevenar),67,684,2,20000.00,active,"2024-06-27 09:37:57","2024-11-04 08:49:39",Dev Token,Dev Token
Vaksinasi Pneumonia PCV13 (Prevenar),68,684,3,30000.00,active,"2024-06-27 09:37:58","2024-11-04 08:49:40",Dev Token,Dev Token
Pneumonia PCV13 Vaccination (Prevenar),68,684,3,30000.00,active,"2024-06-27 09:37:58","2024-11-04 08:49:40",Dev Token,Dev Token
Vaksinasi Pneumonia PCV13 (Prevenar),69,684,4,40000.00,active,"2024-06-27 09:38:00","2024-11-04 08:49:41",Dev Token,Dev Token
Pneumonia PCV13 Vaccination (Prevenar),69,684,4,40000.00,active,"2024-06-27 09:38:00","2024-11-04 08:49:41",Dev Token,Dev Token
Vaksinasi Rotavirus (Rotarix),70,685,2,20000.00,active,"2024-06-27 09:38:02","2024-11-04 08:49:42",Dev Token,Dev Token
Rotavirus Vaccination (Rotarix),70,685,2,20000.00,active,"2024-06-27 09:38:02","2024-11-04 08:49:42",Dev Token,Dev Token
Vaksinasi Rotavirus (Rotarix),71,685,3,30000.00,active,"2024-06-27 09:38:04","2024-11-04 08:49:43",Dev Token,Dev Token
Rotavirus Vaccination (Rotarix),71,685,3,30000.00,active,"2024-06-27 09:38:04","2024-11-04 08:49:43",Dev Token,Dev Token
Vaksinasi Rotavirus (Rotarix),72,685,4,40000.00,active,"2024-06-27 09:38:06","2024-11-04 08:49:44",Dev Token,Dev Token
Rotavirus Vaccination (Rotarix),72,685,4,40000.00,active,"2024-06-27 09:38:06","2024-11-04 08:49:44",Dev Token,Dev Token
Vaksinasi Tdap (Boostrix),73,686,2,20000.00,active,"2024-06-27 09:38:07","2024-11-04 08:49:45",Dev Token,Dev Token
Tdap Vaccination (Boostrix),73,686,2,20000.00,active,"2024-06-27 09:38:07","2024-11-04 08:49:45",Dev Token,Dev Token
Vaksinasi Tdap (Boostrix),74,686,3,30000.00,active,"2024-06-27 09:38:09","2024-11-04 08:49:46",Dev Token,Dev Token
Tdap Vaccination (Boostrix),74,686,3,30000.00,active,"2024-06-27 09:38:09","2024-11-04 08:49:46",Dev Token,Dev Token
Vaksinasi Tdap (Boostrix),75,686,4,40000.00,active,"2024-06-27 09:38:11","2024-11-04 08:49:47",Dev Token,Dev Token
Tdap Vaccination (Boostrix),75,686,4,40000.00,active,"2024-06-27 09:38:11","2024-11-04 08:49:47",Dev Token,Dev Token
Vaksinasi Tifoid (Typhim Vi),76,687,2,20000.00,active,"2024-06-27 09:38:13","2024-11-04 08:49:48",Dev Token,Dev Token
Typhoid Vaccination (Typhim Vi),76,687,2,20000.00,active,"2024-06-27 09:38:13","2024-11-04 08:49:48",Dev Token,Dev Token
Vaksinasi Tifoid (Typhim Vi),77,687,3,30000.00,active,"2024-06-27 09:38:15","2024-11-04 08:49:49",Dev Token,Dev Token
Typhoid Vaccination (Typhim Vi),77,687,3,30000.00,active,"2024-06-27 09:38:15","2024-11-04 08:49:49",Dev Token,Dev Token
Vaksinasi Tifoid (Typhim Vi),78,687,4,40000.00,active,"2024-06-27 09:38:17","2024-11-04 08:49:50",Dev Token,Dev Token
Typhoid Vaccination (Typhim Vi),78,687,4,40000.00,active,"2024-06-27 09:38:17","2024-11-04 08:49:50",Dev Token,Dev Token
Vaksinasi Hepatitis A Anak (Havrix Junior 720),79,688,2,20000.00,active,"2024-06-27 09:38:19","2024-11-04 08:49:51",Dev Token,Dev Token
Hepatitis A Child Vaccination (Havrix Junior 720),79,688,2,20000.00,active,"2024-06-27 09:38:19","2024-11-04 08:49:51",Dev Token,Dev Token
Vaksinasi Hepatitis A Anak (Havrix Junior 720),80,688,3,30000.00,active,"2024-06-27 09:38:21","2024-11-04 08:49:52",Dev Token,Dev Token
Hepatitis A Child Vaccination (Havrix Junior 720),80,688,3,30000.00,active,"2024-06-27 09:38:21","2024-11-04 08:49:52",Dev Token,Dev Token
Vaksinasi Hepatitis A Anak (Havrix Junior 720),81,688,4,40000.00,active,"2024-06-27 09:38:22","2024-11-04 08:49:54",Dev Token,Dev Token
Hepatitis A Child Vaccination (Havrix Junior 720),81,688,4,40000.00,active,"2024-06-27 09:38:22","2024-11-04 08:49:54",Dev Token,Dev Token
Paket Vaksinasi Influenza (Vaxigrip Tetra) + Pneumonia PCV13,82,689,2,20000.00,active,"2024-06-27 09:38:24","2024-11-04 08:49:55",Dev Token,Dev Token
Influenza (Vaxigrip Tetra) + Pneumonia PCV13 Vaccination Bundle,82,689,2,20000.00,active,"2024-06-27 09:38:24","2024-11-04 08:49:55",Dev Token,Dev Token
Paket Vaksinasi Influenza (Vaxigrip Tetra) + Pneumonia PCV13,83,689,3,30000.00,active,"2024-06-27 09:38:26","2024-11-04 08:49:56",Dev Token,Dev Token
Influenza (Vaxigrip Tetra) + Pneumonia PCV13 Vaccination Bundle,83,689,3,30000.00,active,"2024-06-27 09:38:26","2024-11-04 08:49:56",Dev Token,Dev Token
Paket Vaksinasi Influenza (Vaxigrip Tetra) + Pneumonia PCV13,84,689,4,40000.00,active,"2024-06-27 09:38:28","2024-11-04 08:49:57",Dev Token,Dev Token
Influenza (Vaxigrip Tetra) + Pneumonia PCV13 Vaccination Bundle,84,689,4,40000.00,active,"2024-06-27 09:38:28","2024-11-04 08:49:57",Dev Token,Dev Token
Vaksinasi DTaP-POLIO IPV-HIB-HEP B (Hexaxim),85,690,2,20000.00,active,"2024-06-27 09:38:30","2024-11-04 08:49:58",Dev Token,Dev Token
DTaP-POLIO IPV-HIB-HEP B Vaccination (Hexaxim),85,690,2,20000.00,active,"2024-06-27 09:38:30","2024-11-04 08:49:58",Dev Token,Dev Token
Vaksinasi DTaP-POLIO IPV-HIB-HEP B (Hexaxim),86,690,3,30000.00,active,"2024-06-27 09:38:32","2024-11-04 08:49:59",Dev Token,Dev Token
DTaP-POLIO IPV-HIB-HEP B Vaccination (Hexaxim),86,690,3,30000.00,active,"2024-06-27 09:38:32","2024-11-04 08:49:59",Dev Token,Dev Token
Vaksinasi DTaP-POLIO IPV-HIB-HEP B (Hexaxim),87,690,4,40000.00,active,"2024-06-27 09:38:33","2024-11-04 08:50:00",Dev Token,Dev Token
DTaP-POLIO IPV-HIB-HEP B Vaccination (Hexaxim),87,690,4,40000.00,active,"2024-06-27 09:38:33","2024-11-04 08:50:00",Dev Token,Dev Token
Vaksinasi MMR (M-M-R II),88,691,2,20000.00,active,"2024-06-27 09:38:35","2024-11-04 08:50:01",Dev Token,Dev Token
MMR Vaccination (M-M-R II),88,691,2,20000.00,active,"2024-06-27 09:38:35","2024-11-04 08:50:01",Dev Token,Dev Token
Vaksinasi MMR (M-M-R II),89,691,3,30000.00,active,"2024-06-27 09:38:37","2024-11-04 08:50:02",Dev Token,Dev Token
MMR Vaccination (M-M-R II),89,691,3,30000.00,active,"2024-06-27 09:38:37","2024-11-04 08:50:02",Dev Token,Dev Token
Vaksinasi MMR (M-M-R II),90,691,4,40000.00,active,"2024-06-27 09:38:38","2024-11-04 08:50:03",Dev Token,Dev Token
MMR Vaccination (M-M-R II),90,691,4,40000.00,active,"2024-06-27 09:38:38","2024-11-04 08:50:03",Dev Token,Dev Token
Vaksinasi Cacar Air/Varicella (Varivax),91,692,2,20000.00,active,"2024-06-27 09:38:40","2024-11-04 08:50:04",Dev Token,Dev Token
Varicella Vaccination (Varivax),91,692,2,20000.00,active,"2024-06-27 09:38:40","2024-11-04 08:50:04",Dev Token,Dev Token
Vaksinasi Cacar Air/Varicella (Varivax),92,692,3,30000.00,active,"2024-06-27 09:38:41","2024-11-04 08:50:05",Dev Token,Dev Token
Varicella Vaccination (Varivax),92,692,3,30000.00,active,"2024-06-27 09:38:41","2024-11-04 08:50:05",Dev Token,Dev Token
Vaksinasi Cacar Air/Varicella (Varivax),93,692,4,40000.00,active,"2024-06-27 09:38:43","2024-11-04 08:50:07",Dev Token,Dev Token
Varicella Vaccination (Varivax),93,692,4,40000.00,active,"2024-06-27 09:38:43","2024-11-04 08:50:07",Dev Token,Dev Token
Vaksinasi Demam Berdarah (QDenga),94,693,2,20000.00,active,"2024-06-27 09:38:45","2024-11-04 08:49:19",Dev Token,Dev Token
Dengue Vaccination (QDenga),94,693,2,20000.00,active,"2024-06-27 09:38:45","2024-11-04 08:49:19",Dev Token,Dev Token
Vaksinasi Demam Berdarah (QDenga),95,693,3,30000.00,active,"2024-06-27 09:38:46","2024-11-04 08:49:20",Dev Token,Dev Token
Dengue Vaccination (QDenga),95,693,3,30000.00,active,"2024-06-27 09:38:46","2024-11-04 08:49:20",Dev Token,Dev Token
Vaksinasi Demam Berdarah (QDenga),96,693,4,40000.00,active,"2024-06-27 09:38:48","2024-11-04 08:49:21",Dev Token,Dev Token
Dengue Vaccination (QDenga),96,693,4,40000.00,active,"2024-06-27 09:38:48","2024-11-04 08:49:21",Dev Token,Dev Token
Vaksinasi Hepatitis B Dewasa (Engerix-B 20),97,694,2,20000.00,active,"2024-06-27 09:38:49","2024-11-04 08:49:22",Dev Token,Dev Token
Hepatitis B Adult Vaccination (Engerix-B 20),97,694,2,20000.00,active,"2024-06-27 09:38:49","2024-11-04 08:49:22",Dev Token,Dev Token
Vaksinasi Hepatitis B Dewasa (Engerix-B 20),98,694,3,30000.00,active,"2024-06-27 09:38:50","2024-11-04 08:49:24",Dev Token,Dev Token
Hepatitis B Adult Vaccination (Engerix-B 20),98,694,3,30000.00,active,"2024-06-27 09:38:50","2024-11-04 08:49:24",Dev Token,Dev Token
Vaksinasi Hepatitis B Dewasa (Engerix-B 20),99,694,4,40000.00,active,"2024-06-27 09:38:52","2024-11-04 08:49:25",Dev Token,Dev Token
Hepatitis B Adult Vaccination (Engerix-B 20),99,694,4,40000.00,active,"2024-06-27 09:38:52","2024-11-04 08:49:25",Dev Token,Dev Token
Vaksinasi Meningokokus Polisakarida (Menivax ACYW),100,695,2,20000.00,active,"2024-06-27 09:38:53","2024-11-04 08:49:26",Dev Token,Dev Token
Meningococcal Polysaccharide Vaccination (Menivax ACYW),100,695,2,20000.00,active,"2024-06-27 09:38:53","2024-11-04 08:49:26",Dev Token,Dev Token
Vaksinasi Meningokokus Polisakarida (Menivax ACYW),101,695,3,30000.00,active,"2024-06-27 09:38:55","2024-11-04 08:49:27",Dev Token,Dev Token
Meningococcal Polysaccharide Vaccination (Menivax ACYW),101,695,3,30000.00,active,"2024-06-27 09:38:55","2024-11-04 08:49:27",Dev Token,Dev Token
Vaksinasi Meningokokus Polisakarida (Menivax ACYW),102,695,4,40000.00,active,"2024-06-27 09:38:57","2024-11-04 08:49:28",Dev Token,Dev Token
Meningococcal Polysaccharide Vaccination (Menivax ACYW),102,695,4,40000.00,active,"2024-06-27 09:38:57","2024-11-04 08:49:28",Dev Token,Dev Token
Infus Multivitamin (Cernevit),103,696,2,20000.00,active,"2024-06-27 09:38:58","2024-11-04 08:49:29",Dev Token,Dev Token
Multivitamin Infusion (Cernevit),103,696,2,20000.00,active,"2024-06-27 09:38:58","2024-11-04 08:49:29",Dev Token,Dev Token
Infus Multivitamin (Cernevit),104,696,3,30000.00,active,"2024-06-27 09:39:00","2024-11-04 08:49:30",Dev Token,Dev Token
Multivitamin Infusion (Cernevit),104,696,3,30000.00,active,"2024-06-27 09:39:00","2024-11-04 08:49:30",Dev Token,Dev Token
Infus Multivitamin (Cernevit),105,696,4,40000.00,active,"2024-06-27 09:39:02","2024-11-04 08:49:31",Dev Token,Dev Token
Multivitamin Infusion (Cernevit),105,696,4,40000.00,active,"2024-06-27 09:39:02","2024-11-04 08:49:31",Dev Token,Dev Token
Vaksinasi HPV Nonavalen (Gardasil 9),106,2182,2,20000.00,active,"2024-06-27 09:39:03","2024-11-04 08:50:24",Dev Token,Dev Token
HPV Nonavalent Vaccination (Gardasil 9),106,2182,2,20000.00,active,"2024-06-27 09:39:03","2024-11-04 08:50:24",Dev Token,Dev Token
Vaksinasi HPV Nonavalen (Gardasil 9),107,2182,3,30000.00,active,"2024-06-27 09:39:05","2024-11-04 08:50:25",Dev Token,Dev Token
HPV Nonavalent Vaccination (Gardasil 9),107,2182,3,30000.00,active,"2024-06-27 09:39:05","2024-11-04 08:50:25",Dev Token,Dev Token
Vaksinasi HPV Nonavalen (Gardasil 9),108,2182,4,40000.00,active,"2024-06-27 09:39:07","2024-11-04 08:50:26",Dev Token,Dev Token
HPV Nonavalent Vaccination (Gardasil 9),108,2182,4,40000.00,active,"2024-06-27 09:39:07","2024-11-04 08:50:26",Dev Token,Dev Token
Injeksi Vitamin B12 (Saraf & Otak),109,2718,2,20000.00,active,"2024-06-27 09:39:09","2024-11-04 08:48:43",Dev Token,Dev Token
Vitamin B12 Injection (Neuron & Brain),109,2718,2,20000.00,active,"2024-06-27 09:39:09","2024-11-04 08:48:43",Dev Token,Dev Token
Injeksi Vitamin B12 (Saraf & Otak),110,2718,3,30000.00,active,"2024-06-27 09:39:11","2024-11-04 08:48:44",Dev Token,Dev Token
Vitamin B12 Injection (Neuron & Brain),110,2718,3,30000.00,active,"2024-06-27 09:39:11","2024-11-04 08:48:44",Dev Token,Dev Token
Injeksi Vitamin B12 (Saraf & Otak),111,2718,4,40000.00,active,"2024-06-27 09:39:13","2024-11-04 08:48:46",Dev Token,Dev Token
Vitamin B12 Injection (Neuron & Brain),111,2718,4,40000.00,active,"2024-06-27 09:39:13","2024-11-04 08:48:46",Dev Token,Dev Token
Cek Darah Untuk Alergi,112,3245,2,20000.00,active,"2024-06-27 09:39:14","2024-11-04 08:50:59",Dev Token,Dev Token
Allergy Blood Test,112,3245,2,20000.00,active,"2024-06-27 09:39:14","2024-11-04 08:50:59",Dev Token,Dev Token
Cek Darah Untuk Alergi,113,3245,3,30000.00,active,"2024-06-27 09:39:16","2024-11-04 08:51:00",Dev Token,Dev Token
Allergy Blood Test,113,3245,3,30000.00,active,"2024-06-27 09:39:16","2024-11-04 08:51:00",Dev Token,Dev Token
Cek Darah Untuk Alergi,114,3245,4,40000.00,active,"2024-06-27 09:39:17","2024-11-04 08:51:01",Dev Token,Dev Token
Allergy Blood Test,114,3245,4,40000.00,active,"2024-06-27 09:39:17","2024-11-04 08:51:01",Dev Token,Dev Token
Cek Lab Untuk Demam,115,659,2,20000.00,active,"2024-06-27 09:39:19","2024-11-04 08:50:49",Dev Token,Dev Token
Lab Test for Fever,115,659,2,20000.00,active,"2024-06-27 09:39:19","2024-11-04 08:50:49",Dev Token,Dev Token
Cek Lab Untuk Demam,116,659,3,30000.00,active,"2024-06-27 09:39:21","2024-11-04 08:50:51",Dev Token,Dev Token
Lab Test for Fever,116,659,3,30000.00,active,"2024-06-27 09:39:21","2024-11-04 08:50:51",Dev Token,Dev Token
Cek Lab Untuk Demam,117,659,4,40000.00,active,"2024-06-27 09:39:22","2024-11-04 08:50:52",Dev Token,Dev Token
Lab Test for Fever,117,659,4,40000.00,active,"2024-06-27 09:39:22","2024-11-04 08:50:52",Dev Token,Dev Token
Cek Diabetes,118,833,2,20000.00,active,"2024-06-27 09:39:24","2024-11-04 08:51:22",Dev Token,Dev Token
Diabetes Test,118,833,2,20000.00,active,"2024-06-27 09:39:24","2024-11-04 08:51:22",Dev Token,Dev Token
Cek Diabetes,119,833,3,30000.00,active,"2024-06-27 09:39:25","2024-11-04 08:51:23",Dev Token,Dev Token
Diabetes Test,119,833,3,30000.00,active,"2024-06-27 09:39:25","2024-11-04 08:51:23",Dev Token,Dev Token
Cek Diabetes,120,833,4,40000.00,active,"2024-06-27 09:39:27","2024-11-04 08:51:24",Dev Token,Dev Token
Diabetes Test,120,833,4,40000.00,active,"2024-06-27 09:39:27","2024-11-04 08:51:24",Dev Token,Dev Token
Cek Elektrolit,121,834,2,20000.00,active,"2024-06-27 09:39:29","2024-11-04 08:51:25",Dev Token,Dev Token
Electrolyte Test,121,834,2,20000.00,active,"2024-06-27 09:39:29","2024-11-04 08:51:25",Dev Token,Dev Token
Cek Elektrolit,122,834,3,30000.00,active,"2024-06-27 09:39:30","2024-11-04 08:51:26",Dev Token,Dev Token
Electrolyte Test,122,834,3,30000.00,active,"2024-06-27 09:39:30","2024-11-04 08:51:26",Dev Token,Dev Token
Cek Elektrolit,123,834,4,40000.00,active,"2024-06-27 09:39:32","2024-11-04 08:51:27",Dev Token,Dev Token
Electrolyte Test,123,834,4,40000.00,active,"2024-06-27 09:39:32","2024-11-04 08:51:27",Dev Token,Dev Token
Cek Darah Lengkap (Hematologi Lengkap),124,3235,2,20000.00,active,"2024-06-27 09:39:34","2024-11-04 08:51:12",Dev Token,Dev Token
Complete Blood Count Test,124,3235,2,20000.00,active,"2024-06-27 09:39:34","2024-11-04 08:51:12",Dev Token,Dev Token
Cek Darah Lengkap (Hematologi Lengkap),125,3235,3,30000.00,active,"2024-06-27 09:39:36","2024-11-04 08:51:13",Dev Token,Dev Token
Complete Blood Count Test,125,3235,3,30000.00,active,"2024-06-27 09:39:36","2024-11-04 08:51:13",Dev Token,Dev Token
Cek Darah Lengkap (Hematologi Lengkap),126,3235,4,40000.00,active,"2024-06-27 09:39:38","2024-11-04 08:51:14",Dev Token,Dev Token
Complete Blood Count Test,126,3235,4,40000.00,active,"2024-06-27 09:39:38","2024-11-04 08:51:14",Dev Token,Dev Token
Cek Darah Untuk Demam Berdarah,127,3287,2,20000.00,active,"2024-06-27 09:39:39","2024-11-04 08:50:46",Dev Token,Dev Token
Dengue Fever Test,127,3287,2,20000.00,active,"2024-06-27 09:39:39","2024-11-04 08:50:46",Dev Token,Dev Token
Cek Darah Untuk Demam Berdarah,128,3287,3,30000.00,active,"2024-06-27 09:39:41","2024-11-04 08:50:47",Dev Token,Dev Token
Dengue Fever Test,128,3287,3,30000.00,active,"2024-06-27 09:39:41","2024-11-04 08:50:47",Dev Token,Dev Token
Cek Darah Untuk Demam Berdarah,129,3287,4,40000.00,active,"2024-06-27 09:39:42","2024-11-04 08:50:48",Dev Token,Dev Token
Dengue Fever Test,129,3287,4,40000.00,active,"2024-06-27 09:39:42","2024-11-04 08:50:48",Dev Token,Dev Token
Medical Check Up Hemat,130,837,2,20000.00,active,"2024-06-27 09:39:44","2024-11-04 08:51:16",Dev Token,Dev Token
Pocket-friendly Medical Check Up,130,837,2,20000.00,active,"2024-06-27 09:39:44","2024-11-04 08:51:16",Dev Token,Dev Token
Medical Check Up Hemat,131,837,3,30000.00,active,"2024-06-27 09:39:46","2024-11-04 08:51:17",Dev Token,Dev Token
Pocket-friendly Medical Check Up,131,837,3,30000.00,active,"2024-06-27 09:39:46","2024-11-04 08:51:17",Dev Token,Dev Token
Medical Check Up Hemat,132,837,4,40000.00,active,"2024-06-27 09:39:48","2024-11-04 08:51:18",Dev Token,Dev Token
Pocket-friendly Medical Check Up,132,837,4,40000.00,active,"2024-06-27 09:39:48","2024-11-04 08:51:18",Dev Token,Dev Token
Medical Check Up Standar,133,838,2,20000.00,active,"2024-06-27 09:39:49","2024-11-04 08:51:19",Dev Token,Dev Token
Standard Medical Check Up,133,838,2,20000.00,active,"2024-06-27 09:39:49","2024-11-04 08:51:19",Dev Token,Dev Token
Medical Check Up Standar,134,838,3,30000.00,active,"2024-06-27 09:39:51","2024-11-04 08:51:20",Dev Token,Dev Token
Standard Medical Check Up,134,838,3,30000.00,active,"2024-06-27 09:39:51","2024-11-04 08:51:20",Dev Token,Dev Token
Medical Check Up Standar,135,838,4,40000.00,active,"2024-06-27 09:39:53","2024-11-04 08:51:21",Dev Token,Dev Token
Standard Medical Check Up,135,838,4,40000.00,active,"2024-06-27 09:39:53","2024-11-04 08:51:21",Dev Token,Dev Token
Cek Fungsi Ginjal,136,839,2,20000.00,active,"2024-06-27 09:39:54","2024-11-04 08:51:28",Dev Token,Dev Token
Renal Function test,136,839,2,20000.00,active,"2024-06-27 09:39:54","2024-11-04 08:51:28",Dev Token,Dev Token
Cek Fungsi Ginjal,137,839,3,30000.00,active,"2024-06-27 09:39:56","2024-11-04 08:51:29",Dev Token,Dev Token
Renal Function test,137,839,3,30000.00,active,"2024-06-27 09:39:56","2024-11-04 08:51:29",Dev Token,Dev Token
Cek Fungsi Ginjal,138,839,4,40000.00,active,"2024-06-27 09:39:58","2024-11-04 08:51:30",Dev Token,Dev Token
Renal Function test,138,839,4,40000.00,active,"2024-06-27 09:39:58","2024-11-04 08:51:30",Dev Token,Dev Token
Cek Kolesterol,139,840,2,20000.00,active,"2024-06-27 09:39:59","2024-11-04 08:52:20",Dev Token,Dev Token
Cholesterol Test,139,840,2,20000.00,active,"2024-06-27 09:39:59","2024-11-04 08:52:20",Dev Token,Dev Token
Cek Kolesterol,140,840,3,30000.00,active,"2024-06-27 09:40:02","2024-11-04 08:52:21",Dev Token,Dev Token
Cholesterol Test,140,840,3,30000.00,active,"2024-06-27 09:40:02","2024-11-04 08:52:21",Dev Token,Dev Token
Cek Kolesterol,141,840,4,40000.00,active,"2024-06-27 09:40:03","2024-11-04 08:52:22",Dev Token,Dev Token
Cholesterol Test,141,840,4,40000.00,active,"2024-06-27 09:40:03","2024-11-04 08:52:22",Dev Token,Dev Token
Cek Fungsi Hati,142,841,2,20000.00,active,"2024-06-27 09:40:05","2024-11-04 08:52:23",Dev Token,Dev Token
Liver Function Test,142,841,2,20000.00,active,"2024-06-27 09:40:05","2024-11-04 08:52:23",Dev Token,Dev Token
Cek Fungsi Hati,143,841,3,30000.00,active,"2024-06-27 09:40:07","2024-11-04 08:52:24",Dev Token,Dev Token
Liver Function Test,143,841,3,30000.00,active,"2024-06-27 09:40:07","2024-11-04 08:52:24",Dev Token,Dev Token
Cek Fungsi Hati,144,841,4,40000.00,active,"2024-06-27 09:40:09","2024-11-04 08:52:25",Dev Token,Dev Token
Liver Function Test,144,841,4,40000.00,active,"2024-06-27 09:40:09","2024-11-04 08:52:25",Dev Token,Dev Token
Cek Anemia dan Zat Besi,145,3224,2,20000.00,active,"2024-06-27 09:40:11","2024-11-04 08:51:03",Dev Token,Dev Token
Anemia Test and Iron Level,145,3224,2,20000.00,active,"2024-06-27 09:40:11","2024-11-04 08:51:03",Dev Token,Dev Token
Cek Anemia dan Zat Besi,146,3224,3,30000.00,active,"2024-06-27 09:40:13","2024-11-04 08:51:04",Dev Token,Dev Token
Anemia Test and Iron Level,146,3224,3,30000.00,active,"2024-06-27 09:40:13","2024-11-04 08:51:04",Dev Token,Dev Token
Cek Anemia dan Zat Besi,147,3224,4,40000.00,active,"2024-06-27 09:40:14","2024-11-04 08:51:05",Dev Token,Dev Token
Anemia Test and Iron Level,147,3224,4,40000.00,active,"2024-06-27 09:40:14","2024-11-04 08:51:05",Dev Token,Dev Token
Cek Kolesterol dan Gula Darah,148,843,2,20000.00,active,"2024-06-27 09:40:17","2024-11-04 08:52:26",Dev Token,Dev Token
Cholesterol and Blood Sugar Test,148,843,2,20000.00,active,"2024-06-27 09:40:17","2024-11-04 08:52:26",Dev Token,Dev Token
Cek Kolesterol dan Gula Darah,149,843,3,30000.00,active,"2024-06-27 09:40:19","2024-11-04 08:52:27",Dev Token,Dev Token
Cholesterol and Blood Sugar Test,149,843,3,30000.00,active,"2024-06-27 09:40:19","2024-11-04 08:52:27",Dev Token,Dev Token
Cek Kolesterol dan Gula Darah,150,843,4,40000.00,active,"2024-06-27 09:40:20","2024-11-04 08:52:28",Dev Token,Dev Token
Cholesterol and Blood Sugar Test,150,843,4,40000.00,active,"2024-06-27 09:40:20","2024-11-04 08:52:28",Dev Token,Dev Token
Cek Infeksi Menular Seksual,151,844,2,20000.00,active,"2024-06-27 09:40:22","2024-11-04 08:52:30",Dev Token,Dev Token
Sexual Transmitted Infection Test,151,844,2,20000.00,active,"2024-06-27 09:40:22","2024-11-04 08:52:30",Dev Token,Dev Token
Cek Infeksi Menular Seksual,152,844,3,30000.00,active,"2024-06-27 09:40:24","2024-11-04 08:52:31",Dev Token,Dev Token
Sexual Transmitted Infection Test,152,844,3,30000.00,active,"2024-06-27 09:40:24","2024-11-04 08:52:31",Dev Token,Dev Token
Cek Infeksi Menular Seksual,153,844,4,40000.00,active,"2024-06-27 09:40:26","2024-11-04 08:52:32",Dev Token,Dev Token
Sexual Transmitted Infection Test,153,844,4,40000.00,active,"2024-06-27 09:40:26","2024-11-04 08:52:32",Dev Token,Dev Token
Cek Hormon Tiroid,154,845,2,20000.00,active,"2024-06-27 09:40:28","2024-11-04 08:52:33",Dev Token,Dev Token
Thyroid Hormone Test,154,845,2,20000.00,active,"2024-06-27 09:40:28","2024-11-04 08:52:33",Dev Token,Dev Token
Cek Hormon Tiroid,155,845,3,30000.00,active,"2024-06-27 09:40:30","2024-11-04 08:52:34",Dev Token,Dev Token
Thyroid Hormone Test,155,845,3,30000.00,active,"2024-06-27 09:40:30","2024-11-04 08:52:34",Dev Token,Dev Token
Cek Hormon Tiroid,156,845,4,40000.00,active,"2024-06-27 09:40:32","2024-11-04 08:52:35",Dev Token,Dev Token
Thyroid Hormone Test,156,845,4,40000.00,active,"2024-06-27 09:40:32","2024-11-04 08:52:35",Dev Token,Dev Token
Medical Check Up Lengkap,157,3213,2,20000.00,active,"2024-06-27 09:40:34","2024-11-04 08:51:09",Dev Token,Dev Token
Full Medical Check Up,157,3213,2,20000.00,active,"2024-06-27 09:40:34","2024-11-04 08:51:09",Dev Token,Dev Token
Medical Check Up Lengkap,158,3213,3,30000.00,active,"2024-06-27 09:40:35","2024-11-04 08:51:10",Dev Token,Dev Token
Full Medical Check Up,158,3213,3,30000.00,active,"2024-06-27 09:40:35","2024-11-04 08:51:10",Dev Token,Dev Token
Medical Check Up Lengkap,159,3213,4,40000.00,active,"2024-06-27 09:40:37","2024-11-04 08:51:11",Dev Token,Dev Token
Full Medical Check Up,159,3213,4,40000.00,active,"2024-06-27 09:40:37","2024-11-04 08:51:11",Dev Token,Dev Token
Cek Kesehatan Pranikah,160,3256,2,20000.00,active,"2024-06-27 09:40:38","2024-11-04 08:51:06",Dev Token,Dev Token
Premarital Check Up,160,3256,2,20000.00,active,"2024-06-27 09:40:38","2024-11-04 08:51:06",Dev Token,Dev Token
Cek Kesehatan Pranikah,161,3256,3,30000.00,active,"2024-06-27 09:40:40","2024-11-04 08:51:07",Dev Token,Dev Token
Premarital Check Up,161,3256,3,30000.00,active,"2024-06-27 09:40:40","2024-11-04 08:51:07",Dev Token,Dev Token
Cek Kesehatan Pranikah,162,3256,4,40000.00,active,"2024-06-27 09:40:42","2024-11-04 08:51:08",Dev Token,Dev Token
Premarital Check Up,162,3256,4,40000.00,active,"2024-06-27 09:40:42","2024-11-04 08:51:08",Dev Token,Dev Token
Cek Infeksi Saluran Kemih,163,3276,2,20000.00,active,"2024-06-27 09:40:44","2024-11-04 08:50:53",Dev Token,Dev Token
Urinary Tract Infection Test,163,3276,2,20000.00,active,"2024-06-27 09:40:44","2024-11-04 08:50:53",Dev Token,Dev Token
Cek Infeksi Saluran Kemih,164,3276,3,30000.00,active,"2024-06-27 09:40:46","2024-11-04 08:50:54",Dev Token,Dev Token
Urinary Tract Infection Test,164,3276,3,30000.00,active,"2024-06-27 09:40:46","2024-11-04 08:50:54",Dev Token,Dev Token
Cek Infeksi Saluran Kemih,165,3276,4,40000.00,active,"2024-06-27 09:40:48","2024-11-04 08:50:55",Dev Token,Dev Token
Urinary Tract Infection Test,165,3276,4,40000.00,active,"2024-06-27 09:40:48","2024-11-04 08:50:55",Dev Token,Dev Token
Vaksinasi HPV Kuadrivalen (Gardasil),166,848,2,20000.00,active,"2024-06-27 09:40:49","2024-11-04 08:52:39",Dev Token,Dev Token
HPV Quadrivalent Vaccination (Gardasil),166,848,2,20000.00,active,"2024-06-27 09:40:49","2024-11-04 08:52:39",Dev Token,Dev Token
Vaksinasi HPV Kuadrivalen (Gardasil),167,848,3,30000.00,active,"2024-06-27 09:40:51","2024-11-04 08:52:40",Dev Token,Dev Token
HPV Quadrivalent Vaccination (Gardasil),167,848,3,30000.00,active,"2024-06-27 09:40:51","2024-11-04 08:52:40",Dev Token,Dev Token
Vaksinasi HPV Kuadrivalen (Gardasil),168,848,4,40000.00,active,"2024-06-27 09:40:53","2024-11-04 08:52:41",Dev Token,Dev Token
HPV Quadrivalent Vaccination (Gardasil),168,848,4,40000.00,active,"2024-06-27 09:40:53","2024-11-04 08:52:41",Dev Token,Dev Token
Vaksinasi Influenza (Vaxigrip Tetra),169,849,2,20000.00,active,"2024-06-27 09:40:55","2024-11-04 08:52:42",Dev Token,Dev Token
Influenza Vaccination (Vaxigrip Tetra),169,849,2,20000.00,active,"2024-06-27 09:40:55","2024-11-04 08:52:42",Dev Token,Dev Token
Vaksinasi Influenza (Vaxigrip Tetra),170,849,3,30000.00,active,"2024-06-27 09:40:57","2024-11-04 08:52:43",Dev Token,Dev Token
Influenza Vaccination (Vaxigrip Tetra),170,849,3,30000.00,active,"2024-06-27 09:40:57","2024-11-04 08:52:43",Dev Token,Dev Token
Vaksinasi Influenza (Vaxigrip Tetra),171,849,4,40000.00,active,"2024-06-27 09:40:59","2024-11-04 08:52:45",Dev Token,Dev Token
Influenza Vaccination (Vaxigrip Tetra),171,849,4,40000.00,active,"2024-06-27 09:40:59","2024-11-04 08:52:45",Dev Token,Dev Token
Infus Drip Vitamin C,172,850,2,20000.00,active,"2024-06-27 09:41:01","2024-11-04 08:51:44",Dev Token,Dev Token
Vitamin C Infusion Drip,172,850,2,20000.00,active,"2024-06-27 09:41:01","2024-11-04 08:51:44",Dev Token,Dev Token
Infus Drip Vitamin C,173,850,3,30000.00,active,"2024-06-27 09:41:03","2024-11-04 08:51:45",Dev Token,Dev Token
Vitamin C Infusion Drip,173,850,3,30000.00,active,"2024-06-27 09:41:03","2024-11-04 08:51:45",Dev Token,Dev Token
Infus Drip Vitamin C,174,850,4,40000.00,active,"2024-06-27 09:41:05","2024-11-04 08:51:47",Dev Token,Dev Token
Vitamin C Infusion Drip,174,850,4,40000.00,active,"2024-06-27 09:41:05","2024-11-04 08:51:47",Dev Token,Dev Token
Injeksi Vitamin C,175,851,2,20000.00,active,"2024-06-27 09:41:07","2024-11-04 08:51:48",Dev Token,Dev Token
Vitamin C Injection,175,851,2,20000.00,active,"2024-06-27 09:41:07","2024-11-04 08:51:48",Dev Token,Dev Token
Injeksi Vitamin C,176,851,3,30000.00,active,"2024-06-27 09:41:09","2024-11-04 08:51:49",Dev Token,Dev Token
Vitamin C Injection,176,851,3,30000.00,active,"2024-06-27 09:41:09","2024-11-04 08:51:49",Dev Token,Dev Token
Injeksi Vitamin C,177,851,4,40000.00,active,"2024-06-27 09:41:11","2024-11-04 08:51:50",Dev Token,Dev Token
Vitamin C Injection,177,851,4,40000.00,active,"2024-06-27 09:41:11","2024-11-04 08:51:50",Dev Token,Dev Token
Vaksinasi Pneumonia PCV13 (Prevenar),178,852,2,20000.00,active,"2024-06-27 09:41:13","2024-11-04 08:51:51",Dev Token,Dev Token
Pneumonia PCV13 Vaccination (Prevenar),178,852,2,20000.00,active,"2024-06-27 09:41:13","2024-11-04 08:51:51",Dev Token,Dev Token
Vaksinasi Pneumonia PCV13 (Prevenar),179,852,3,30000.00,active,"2024-06-27 09:41:15","2024-11-04 08:51:52",Dev Token,Dev Token
Pneumonia PCV13 Vaccination (Prevenar),179,852,3,30000.00,active,"2024-06-27 09:41:15","2024-11-04 08:51:52",Dev Token,Dev Token
Vaksinasi Pneumonia PCV13 (Prevenar),180,852,4,40000.00,active,"2024-06-27 09:41:17","2024-11-04 08:51:53",Dev Token,Dev Token
Pneumonia PCV13 Vaccination (Prevenar),180,852,4,40000.00,active,"2024-06-27 09:41:17","2024-11-04 08:51:53",Dev Token,Dev Token
Vaksinasi Rotavirus (Rotarix),181,853,2,20000.00,active,"2024-06-27 09:41:18","2024-11-04 08:51:54",Dev Token,Dev Token
Rotavirus Vaccination (Rotarix),181,853,2,20000.00,active,"2024-06-27 09:41:18","2024-11-04 08:51:54",Dev Token,Dev Token
Vaksinasi Rotavirus (Rotarix),182,853,3,30000.00,active,"2024-06-27 09:41:20","2024-11-04 08:51:55",Dev Token,Dev Token
Rotavirus Vaccination (Rotarix),182,853,3,30000.00,active,"2024-06-27 09:41:20","2024-11-04 08:51:55",Dev Token,Dev Token
Vaksinasi Rotavirus (Rotarix),183,853,4,40000.00,active,"2024-06-27 09:41:22","2024-11-04 08:51:56",Dev Token,Dev Token
Rotavirus Vaccination (Rotarix),183,853,4,40000.00,active,"2024-06-27 09:41:22","2024-11-04 08:51:56",Dev Token,Dev Token
Vaksinasi Tdap (Boostrix),184,854,2,20000.00,active,"2024-06-27 09:41:23","2024-11-04 08:51:57",Dev Token,Dev Token
Tdap Vaccination (Boostrix),184,854,2,20000.00,active,"2024-06-27 09:41:23","2024-11-04 08:51:57",Dev Token,Dev Token
Vaksinasi Tdap (Boostrix),185,854,3,30000.00,active,"2024-06-27 09:41:25","2024-11-04 08:51:58",Dev Token,Dev Token
Tdap Vaccination (Boostrix),185,854,3,30000.00,active,"2024-06-27 09:41:25","2024-11-04 08:51:58",Dev Token,Dev Token
Vaksinasi Tdap (Boostrix),186,854,4,40000.00,active,"2024-06-27 09:41:27","2024-11-04 08:51:59",Dev Token,Dev Token
Tdap Vaccination (Boostrix),186,854,4,40000.00,active,"2024-06-27 09:41:27","2024-11-04 08:51:59",Dev Token,Dev Token
Vaksinasi Tifoid (Typhim Vi),187,855,2,20000.00,active,"2024-06-27 09:41:28","2024-11-04 08:52:01",Dev Token,Dev Token
Typhoid Vaccination (Typhim Vi),187,855,2,20000.00,active,"2024-06-27 09:41:28","2024-11-04 08:52:01",Dev Token,Dev Token
Vaksinasi Tifoid (Typhim Vi),188,855,3,30000.00,active,"2024-06-27 09:41:30","2024-11-04 08:52:02",Dev Token,Dev Token
Typhoid Vaccination (Typhim Vi),188,855,3,30000.00,active,"2024-06-27 09:41:30","2024-11-04 08:52:02",Dev Token,Dev Token
Vaksinasi Tifoid (Typhim Vi),189,855,4,40000.00,active,"2024-06-27 09:41:31","2024-11-04 08:52:03",Dev Token,Dev Token
Typhoid Vaccination (Typhim Vi),189,855,4,40000.00,active,"2024-06-27 09:41:31","2024-11-04 08:52:03",Dev Token,Dev Token
Vaksinasi Hepatitis A Anak (Havrix Junior 720),190,856,2,20000.00,active,"2024-06-27 09:41:33","2024-11-04 08:52:04",Dev Token,Dev Token
Hepatitis A Child Vaccination (Havrix Junior 720),190,856,2,20000.00,active,"2024-06-27 09:41:33","2024-11-04 08:52:04",Dev Token,Dev Token
Vaksinasi Hepatitis A Anak (Havrix Junior 720),191,856,3,30000.00,active,"2024-06-27 09:41:34","2024-11-04 08:52:05",Dev Token,Dev Token
Hepatitis A Child Vaccination (Havrix Junior 720),191,856,3,30000.00,active,"2024-06-27 09:41:34","2024-11-04 08:52:05",Dev Token,Dev Token
Vaksinasi Hepatitis A Anak (Havrix Junior 720),192,856,4,40000.00,active,"2024-06-27 09:41:36","2024-11-04 08:52:06",Dev Token,Dev Token
Hepatitis A Child Vaccination (Havrix Junior 720),192,856,4,40000.00,active,"2024-06-27 09:41:36","2024-11-04 08:52:06",Dev Token,Dev Token
Paket Vaksinasi Influenza (Vaxigrip Tetra) + Pneumonia PCV13,193,857,2,20000.00,active,"2024-06-27 09:41:37","2024-11-04 08:52:07",Dev Token,Dev Token
Influenza (Vaxigrip Tetra) + Pneumonia PCV13 Vaccination Bundle,193,857,2,20000.00,active,"2024-06-27 09:41:37","2024-11-04 08:52:07",Dev Token,Dev Token
Paket Vaksinasi Influenza (Vaxigrip Tetra) + Pneumonia PCV13,194,857,3,30000.00,active,"2024-06-27 09:41:39","2024-11-04 08:52:08",Dev Token,Dev Token
Influenza (Vaxigrip Tetra) + Pneumonia PCV13 Vaccination Bundle,194,857,3,30000.00,active,"2024-06-27 09:41:39","2024-11-04 08:52:08",Dev Token,Dev Token
Paket Vaksinasi Influenza (Vaxigrip Tetra) + Pneumonia PCV13,195,857,4,40000.00,active,"2024-06-27 09:41:41","2024-11-04 08:52:09",Dev Token,Dev Token
Influenza (Vaxigrip Tetra) + Pneumonia PCV13 Vaccination Bundle,195,857,4,40000.00,active,"2024-06-27 09:41:41","2024-11-04 08:52:09",Dev Token,Dev Token
Vaksinasi DTaP-POLIO IPV-HIB-HEP B (Hexaxim),196,858,2,20000.00,active,"2024-06-27 09:41:43","2024-11-04 08:52:10",Dev Token,Dev Token
DTaP-POLIO IPV-HIB-HEP B Vaccination (Hexaxim),196,858,2,20000.00,active,"2024-06-27 09:41:43","2024-11-04 08:52:10",Dev Token,Dev Token
Vaksinasi DTaP-POLIO IPV-HIB-HEP B (Hexaxim),197,858,3,30000.00,active,"2024-06-27 09:41:44","2024-11-04 08:52:11",Dev Token,Dev Token
DTaP-POLIO IPV-HIB-HEP B Vaccination (Hexaxim),197,858,3,30000.00,active,"2024-06-27 09:41:44","2024-11-04 08:52:11",Dev Token,Dev Token
Vaksinasi DTaP-POLIO IPV-HIB-HEP B (Hexaxim),198,858,4,40000.00,active,"2024-06-27 09:41:46","2024-11-04 08:52:12",Dev Token,Dev Token
DTaP-POLIO IPV-HIB-HEP B Vaccination (Hexaxim),198,858,4,40000.00,active,"2024-06-27 09:41:46","2024-11-04 08:52:12",Dev Token,Dev Token
Vaksinasi MMR (M-M-R II),199,859,2,20000.00,active,"2024-06-27 09:41:48","2024-11-04 08:52:13",Dev Token,Dev Token
MMR Vaccination (M-M-R II),199,859,2,20000.00,active,"2024-06-27 09:41:48","2024-11-04 08:52:13",Dev Token,Dev Token
Vaksinasi MMR (M-M-R II),200,859,3,30000.00,active,"2024-06-27 09:41:50","2024-11-04 08:52:14",Dev Token,Dev Token
MMR Vaccination (M-M-R II),200,859,3,30000.00,active,"2024-06-27 09:41:50","2024-11-04 08:52:14",Dev Token,Dev Token
Vaksinasi MMR (M-M-R II),201,859,4,40000.00,active,"2024-06-27 09:41:52","2024-11-04 08:52:16",Dev Token,Dev Token
MMR Vaccination (M-M-R II),201,859,4,40000.00,active,"2024-06-27 09:41:52","2024-11-04 08:52:16",Dev Token,Dev Token
Vaksinasi Cacar Air/Varicella (Varivax),202,860,2,20000.00,active,"2024-06-27 09:41:53","2024-11-04 08:52:17",Dev Token,Dev Token
Varicella Vaccination (Varivax),202,860,2,20000.00,active,"2024-06-27 09:41:53","2024-11-04 08:52:17",Dev Token,Dev Token
Vaksinasi Cacar Air/Varicella (Varivax),203,860,3,30000.00,active,"2024-06-27 09:41:55","2024-11-04 08:52:18",Dev Token,Dev Token
Varicella Vaccination (Varivax),203,860,3,30000.00,active,"2024-06-27 09:41:55","2024-11-04 08:52:18",Dev Token,Dev Token
Vaksinasi Cacar Air/Varicella (Varivax),204,860,4,40000.00,active,"2024-06-27 09:41:57","2024-11-04 08:52:19",Dev Token,Dev Token
Varicella Vaccination (Varivax),204,860,4,40000.00,active,"2024-06-27 09:41:57","2024-11-04 08:52:19",Dev Token,Dev Token
Vaksinasi Demam Berdarah (QDenga),205,861,2,20000.00,active,"2024-06-27 09:41:58","2024-11-04 08:51:32",Dev Token,Dev Token
Dengue Vaccination (QDenga),205,861,2,20000.00,active,"2024-06-27 09:41:58","2024-11-04 08:51:32",Dev Token,Dev Token
Vaksinasi Demam Berdarah (QDenga),206,861,3,30000.00,active,"2024-06-27 09:42:00","2024-11-04 08:51:33",Dev Token,Dev Token
Dengue Vaccination (QDenga),206,861,3,30000.00,active,"2024-06-27 09:42:00","2024-11-04 08:51:33",Dev Token,Dev Token
Vaksinasi Demam Berdarah (QDenga),207,861,4,40000.00,active,"2024-06-27 09:42:02","2024-11-04 08:51:34",Dev Token,Dev Token
Dengue Vaccination (QDenga),207,861,4,40000.00,active,"2024-06-27 09:42:02","2024-11-04 08:51:34",Dev Token,Dev Token
Vaksinasi Hepatitis B Dewasa (Engerix-B 20),208,862,2,20000.00,active,"2024-06-27 09:42:04","2024-11-04 08:51:35",Dev Token,Dev Token
Hepatitis B Adult Vaccination (Engerix-B 20),208,862,2,20000.00,active,"2024-06-27 09:42:04","2024-11-04 08:51:35",Dev Token,Dev Token
Vaksinasi Hepatitis B Dewasa (Engerix-B 20),209,862,3,30000.00,active,"2024-06-27 09:42:06","2024-11-04 08:51:36",Dev Token,Dev Token
Hepatitis B Adult Vaccination (Engerix-B 20),209,862,3,30000.00,active,"2024-06-27 09:42:06","2024-11-04 08:51:36",Dev Token,Dev Token
Vaksinasi Hepatitis B Dewasa (Engerix-B 20),210,862,4,40000.00,active,"2024-06-27 09:42:07","2024-11-04 08:51:37",Dev Token,Dev Token
Hepatitis B Adult Vaccination (Engerix-B 20),210,862,4,40000.00,active,"2024-06-27 09:42:07","2024-11-04 08:51:37",Dev Token,Dev Token
Vaksinasi Meningokokus Polisakarida (Menivax ACYW),211,863,2,20000.00,active,"2024-06-27 09:42:10","2024-11-04 08:51:38",Dev Token,Dev Token
Meningococcal Polysaccharide Vaccination (Menivax ACYW),211,863,2,20000.00,active,"2024-06-27 09:42:10","2024-11-04 08:51:38",Dev Token,Dev Token
Vaksinasi Meningokokus Polisakarida (Menivax ACYW),212,863,3,30000.00,active,"2024-06-27 09:42:12","2024-11-04 08:51:39",Dev Token,Dev Token
Meningococcal Polysaccharide Vaccination (Menivax ACYW),212,863,3,30000.00,active,"2024-06-27 09:42:12","2024-11-04 08:51:39",Dev Token,Dev Token
Vaksinasi Meningokokus Polisakarida (Menivax ACYW),213,863,4,40000.00,active,"2024-06-27 09:42:13","2024-11-04 08:51:40",Dev Token,Dev Token
Meningococcal Polysaccharide Vaccination (Menivax ACYW),213,863,4,40000.00,active,"2024-06-27 09:42:13","2024-11-04 08:51:40",Dev Token,Dev Token
Infus Multivitamin (Cernevit),214,864,2,20000.00,active,"2024-06-27 09:42:15","2024-11-04 08:51:41",Dev Token,Dev Token
Multivitamin Infusion (Cernevit),214,864,2,20000.00,active,"2024-06-27 09:42:15","2024-11-04 08:51:41",Dev Token,Dev Token
Infus Multivitamin (Cernevit),215,864,3,30000.00,active,"2024-06-27 09:42:17","2024-11-04 08:51:42",Dev Token,Dev Token
Multivitamin Infusion (Cernevit),215,864,3,30000.00,active,"2024-06-27 09:42:17","2024-11-04 08:51:42",Dev Token,Dev Token
Infus Multivitamin (Cernevit),216,864,4,40000.00,active,"2024-06-27 09:42:18","2024-11-04 08:51:43",Dev Token,Dev Token
Multivitamin Infusion (Cernevit),216,864,4,40000.00,active,"2024-06-27 09:42:18","2024-11-04 08:51:43",Dev Token,Dev Token
Vaksinasi HPV Nonavalen (Gardasil 9),217,2183,2,20000.00,active,"2024-06-27 09:42:20","2024-11-04 08:52:36",Dev Token,Dev Token
HPV Nonavalent Vaccination (Gardasil 9),217,2183,2,20000.00,active,"2024-06-27 09:42:20","2024-11-04 08:52:36",Dev Token,Dev Token
Vaksinasi HPV Nonavalen (Gardasil 9),218,2183,3,30000.00,active,"2024-06-27 09:42:22","2024-11-04 08:52:37",Dev Token,Dev Token
HPV Nonavalent Vaccination (Gardasil 9),218,2183,3,30000.00,active,"2024-06-27 09:42:22","2024-11-04 08:52:37",Dev Token,Dev Token
Vaksinasi HPV Nonavalen (Gardasil 9),219,2183,4,40000.00,active,"2024-06-27 09:42:24","2024-11-04 08:52:38",Dev Token,Dev Token
HPV Nonavalent Vaccination (Gardasil 9),219,2183,4,40000.00,active,"2024-06-27 09:42:24","2024-11-04 08:52:38",Dev Token,Dev Token
Injeksi Vitamin B12 (Saraf & Otak),220,2719,2,20000.00,active,"2024-06-27 09:42:26","2024-11-04 08:50:56",Dev Token,Dev Token
Vitamin B12 Injection (Neuron & Brain),220,2719,2,20000.00,active,"2024-06-27 09:42:26","2024-11-04 08:50:56",Dev Token,Dev Token
Injeksi Vitamin B12 (Saraf & Otak),221,2719,3,30000.00,active,"2024-06-27 09:42:27","2024-11-04 08:50:57",Dev Token,Dev Token
Vitamin B12 Injection (Neuron & Brain),221,2719,3,30000.00,active,"2024-06-27 09:42:27","2024-11-04 08:50:57",Dev Token,Dev Token
Injeksi Vitamin B12 (Saraf & Otak),222,2719,4,40000.00,active,"2024-06-27 09:42:29","2024-11-04 08:50:58",Dev Token,Dev Token
Vitamin B12 Injection (Neuron & Brain),222,2719,4,40000.00,active,"2024-06-27 09:42:29","2024-11-04 08:50:58",Dev Token,Dev Token
Cek Darah Untuk Alergi,223,3246,2,20000.00,active,"2024-06-27 09:42:30","2024-11-04 08:53:11",Dev Token,Dev Token
Allergy Blood Test,223,3246,2,20000.00,active,"2024-06-27 09:42:30","2024-11-04 08:53:11",Dev Token,Dev Token
Cek Darah Untuk Alergi,224,3246,3,30000.00,active,"2024-06-27 09:42:32","2024-11-04 08:53:12",Dev Token,Dev Token
Allergy Blood Test,224,3246,3,30000.00,active,"2024-06-27 09:42:32","2024-11-04 08:53:12",Dev Token,Dev Token
Cek Darah Untuk Alergi,225,3246,4,40000.00,active,"2024-06-27 09:42:33","2024-11-04 08:53:13",Dev Token,Dev Token
Allergy Blood Test,225,3246,4,40000.00,active,"2024-06-27 09:42:33","2024-11-04 08:53:13",Dev Token,Dev Token
Cek Lab Untuk Demam,226,3267,2,20000.00,active,"2024-06-27 09:42:35","2024-11-04 08:53:02",Dev Token,Dev Token
Lab Test for Fever,226,3267,2,20000.00,active,"2024-06-27 09:42:35","2024-11-04 08:53:02",Dev Token,Dev Token
Cek Lab Untuk Demam,227,3267,3,30000.00,active,"2024-06-27 09:42:37","2024-11-04 08:53:03",Dev Token,Dev Token
Lab Test for Fever,227,3267,3,30000.00,active,"2024-06-27 09:42:37","2024-11-04 08:53:03",Dev Token,Dev Token
Cek Lab Untuk Demam,228,3267,4,40000.00,active,"2024-06-27 09:42:39","2024-11-04 08:53:04",Dev Token,Dev Token
Lab Test for Fever,228,3267,4,40000.00,active,"2024-06-27 09:42:39","2024-11-04 08:53:04",Dev Token,Dev Token
Cek Diabetes,229,1006,2,20000.00,active,"2024-06-27 09:42:41","2024-11-04 08:53:34",Dev Token,Dev Token
Diabetes Test,229,1006,2,20000.00,active,"2024-06-27 09:42:41","2024-11-04 08:53:34",Dev Token,Dev Token
Cek Diabetes,230,1006,3,30000.00,active,"2024-06-27 09:42:43","2024-11-04 08:53:35",Dev Token,Dev Token
Diabetes Test,230,1006,3,30000.00,active,"2024-06-27 09:42:43","2024-11-04 08:53:35",Dev Token,Dev Token
Cek Diabetes,231,1006,4,40000.00,active,"2024-06-27 09:42:44","2024-11-04 08:53:36",Dev Token,Dev Token
Diabetes Test,231,1006,4,40000.00,active,"2024-06-27 09:42:44","2024-11-04 08:53:36",Dev Token,Dev Token
Cek Elektrolit,232,1007,2,20000.00,active,"2024-06-27 09:42:46","2024-11-04 08:53:37",Dev Token,Dev Token
Electrolyte Test,232,1007,2,20000.00,active,"2024-06-27 09:42:46","2024-11-04 08:53:37",Dev Token,Dev Token
Cek Elektrolit,233,1007,3,30000.00,active,"2024-06-27 09:42:48","2024-11-04 08:53:38",Dev Token,Dev Token
Electrolyte Test,233,1007,3,30000.00,active,"2024-06-27 09:42:48","2024-11-04 08:53:38",Dev Token,Dev Token
Cek Elektrolit,234,1007,4,40000.00,active,"2024-06-27 09:42:49","2024-11-04 08:53:39",Dev Token,Dev Token
Electrolyte Test,234,1007,4,40000.00,active,"2024-06-27 09:42:49","2024-11-04 08:53:39",Dev Token,Dev Token
Cek Darah Lengkap (Hematologi Lengkap),235,3236,2,20000.00,active,"2024-06-27 09:42:51","2024-11-04 08:53:24",Dev Token,Dev Token
Complete Blood Count Test,235,3236,2,20000.00,active,"2024-06-27 09:42:51","2024-11-04 08:53:24",Dev Token,Dev Token
Cek Darah Lengkap (Hematologi Lengkap),236,3236,3,30000.00,active,"2024-06-27 09:42:53","2024-11-04 08:53:25",Dev Token,Dev Token
Complete Blood Count Test,236,3236,3,30000.00,active,"2024-06-27 09:42:53","2024-11-04 08:53:25",Dev Token,Dev Token
Cek Darah Lengkap (Hematologi Lengkap),237,3236,4,40000.00,active,"2024-06-27 09:42:55","2024-11-04 08:53:26",Dev Token,Dev Token
Complete Blood Count Test,237,3236,4,40000.00,active,"2024-06-27 09:42:55","2024-11-04 08:53:26",Dev Token,Dev Token
Cek Darah Untuk Demam Berdarah,238,3288,2,20000.00,active,"2024-06-27 09:42:57","2024-11-04 08:52:58",Dev Token,Dev Token
Dengue Fever Test,238,3288,2,20000.00,active,"2024-06-27 09:42:57","2024-11-04 08:52:58",Dev Token,Dev Token
Cek Darah Untuk Demam Berdarah,239,3288,3,30000.00,active,"2024-06-27 09:42:58","2024-11-04 08:52:59",Dev Token,Dev Token
Dengue Fever Test,239,3288,3,30000.00,active,"2024-06-27 09:42:58","2024-11-04 08:52:59",Dev Token,Dev Token
Cek Darah Untuk Demam Berdarah,240,3288,4,40000.00,active,"2024-06-27 09:43:00","2024-11-04 08:53:01",Dev Token,Dev Token
Dengue Fever Test,240,3288,4,40000.00,active,"2024-06-27 09:43:00","2024-11-04 08:53:01",Dev Token,Dev Token
Medical Check Up Hemat,241,1010,2,20000.00,active,"2024-06-27 09:43:01","2024-11-04 08:53:28",Dev Token,Dev Token
Pocket-friendly Medical Check Up,241,1010,2,20000.00,active,"2024-06-27 09:43:01","2024-11-04 08:53:28",Dev Token,Dev Token
Medical Check Up Hemat,242,1010,3,30000.00,active,"2024-06-27 09:43:03","2024-11-04 08:53:29",Dev Token,Dev Token
Pocket-friendly Medical Check Up,242,1010,3,30000.00,active,"2024-06-27 09:43:03","2024-11-04 08:53:29",Dev Token,Dev Token
Medical Check Up Hemat,243,1010,4,40000.00,active,"2024-06-27 09:43:05","2024-11-04 08:53:30",Dev Token,Dev Token
Pocket-friendly Medical Check Up,243,1010,4,40000.00,active,"2024-06-27 09:43:05","2024-11-04 08:53:30",Dev Token,Dev Token
Medical Check Up Standar,244,1011,2,20000.00,active,"2024-06-27 09:43:07","2024-11-04 08:53:31",Dev Token,Dev Token
Standard Medical Check Up,244,1011,2,20000.00,active,"2024-06-27 09:43:07","2024-11-04 08:53:31",Dev Token,Dev Token
Medical Check Up Standar,245,1011,3,30000.00,active,"2024-06-27 09:43:09","2024-11-04 08:53:32",Dev Token,Dev Token
Standard Medical Check Up,245,1011,3,30000.00,active,"2024-06-27 09:43:09","2024-11-04 08:53:32",Dev Token,Dev Token
Medical Check Up Standar,246,1011,4,40000.00,active,"2024-06-27 09:43:10","2024-11-04 08:53:33",Dev Token,Dev Token
Standard Medical Check Up,246,1011,4,40000.00,active,"2024-06-27 09:43:10","2024-11-04 08:53:33",Dev Token,Dev Token
Cek Fungsi Ginjal,247,1012,2,20000.00,active,"2024-06-27 09:43:13","2024-11-04 08:53:40",Dev Token,Dev Token
Renal Function test,247,1012,2,20000.00,active,"2024-06-27 09:43:13","2024-11-04 08:53:40",Dev Token,Dev Token
Cek Fungsi Ginjal,248,1012,3,30000.00,active,"2024-06-27 09:43:15","2024-11-04 08:53:41",Dev Token,Dev Token
Renal Function test,248,1012,3,30000.00,active,"2024-06-27 09:43:15","2024-11-04 08:53:41",Dev Token,Dev Token
Cek Fungsi Ginjal,249,1012,4,40000.00,active,"2024-06-27 09:43:16","2024-11-04 08:53:42",Dev Token,Dev Token
Renal Function test,249,1012,4,40000.00,active,"2024-06-27 09:43:16","2024-11-04 08:53:42",Dev Token,Dev Token
Cek Kolesterol,250,1013,2,20000.00,active,"2024-06-27 09:43:18","2024-11-04 08:54:32",Dev Token,Dev Token
Cholesterol Test,250,1013,2,20000.00,active,"2024-06-27 09:43:18","2024-11-04 08:54:32",Dev Token,Dev Token
Cek Kolesterol,251,1013,3,30000.00,active,"2024-06-27 09:43:20","2024-11-04 08:54:33",Dev Token,Dev Token
Cholesterol Test,251,1013,3,30000.00,active,"2024-06-27 09:43:20","2024-11-04 08:54:33",Dev Token,Dev Token
Cek Kolesterol,252,1013,4,40000.00,active,"2024-06-27 09:43:22","2024-11-04 08:54:34",Dev Token,Dev Token
Cholesterol Test,252,1013,4,40000.00,active,"2024-06-27 09:43:22","2024-11-04 08:54:34",Dev Token,Dev Token
Cek Fungsi Hati,253,1014,2,20000.00,active,"2024-06-27 09:43:23","2024-11-04 08:54:35",Dev Token,Dev Token
Liver Function Test,253,1014,2,20000.00,active,"2024-06-27 09:43:23","2024-11-04 08:54:35",Dev Token,Dev Token
Cek Fungsi Hati,254,1014,3,30000.00,active,"2024-06-27 09:43:25","2024-11-04 08:54:36",Dev Token,Dev Token
Liver Function Test,254,1014,3,30000.00,active,"2024-06-27 09:43:25","2024-11-04 08:54:36",Dev Token,Dev Token
Cek Fungsi Hati,255,1014,4,40000.00,active,"2024-06-27 09:43:26","2024-11-04 08:54:37",Dev Token,Dev Token
Liver Function Test,255,1014,4,40000.00,active,"2024-06-27 09:43:26","2024-11-04 08:54:37",Dev Token,Dev Token
Cek Anemia dan Zat Besi,256,3225,2,20000.00,active,"2024-06-27 09:43:28","2024-11-04 08:53:15",Dev Token,Dev Token
Anemia Test and Iron Level,256,3225,2,20000.00,active,"2024-06-27 09:43:28","2024-11-04 08:53:15",Dev Token,Dev Token
Cek Anemia dan Zat Besi,257,3225,3,30000.00,active,"2024-06-27 09:43:29","2024-11-04 08:53:16",Dev Token,Dev Token
Anemia Test and Iron Level,257,3225,3,30000.00,active,"2024-06-27 09:43:29","2024-11-04 08:53:16",Dev Token,Dev Token
Cek Anemia dan Zat Besi,258,3225,4,40000.00,active,"2024-06-27 09:43:31","2024-11-04 08:53:17",Dev Token,Dev Token
Anemia Test and Iron Level,258,3225,4,40000.00,active,"2024-06-27 09:43:31","2024-11-04 08:53:17",Dev Token,Dev Token
Cek Kolesterol dan Gula Darah,259,1016,2,20000.00,active,"2024-06-27 09:43:33","2024-11-04 08:54:38",Dev Token,Dev Token
Cholesterol and Blood Sugar Test,259,1016,2,20000.00,active,"2024-06-27 09:43:33","2024-11-04 08:54:38",Dev Token,Dev Token
Cek Kolesterol dan Gula Darah,260,1016,3,30000.00,active,"2024-06-27 09:43:34","2024-11-04 08:54:40",Dev Token,Dev Token
Cholesterol and Blood Sugar Test,260,1016,3,30000.00,active,"2024-06-27 09:43:34","2024-11-04 08:54:40",Dev Token,Dev Token
Cek Kolesterol dan Gula Darah,261,1016,4,40000.00,active,"2024-06-27 09:43:36","2024-11-04 08:54:41",Dev Token,Dev Token
Cholesterol and Blood Sugar Test,261,1016,4,40000.00,active,"2024-06-27 09:43:36","2024-11-04 08:54:41",Dev Token,Dev Token
Cek Infeksi Menular Seksual,262,1017,2,20000.00,active,"2024-06-27 09:43:38","2024-11-04 08:54:42",Dev Token,Dev Token
Sexual Transmitted Infection Test,262,1017,2,20000.00,active,"2024-06-27 09:43:38","2024-11-04 08:54:42",Dev Token,Dev Token
Cek Infeksi Menular Seksual,263,1017,3,30000.00,active,"2024-06-27 09:43:40","2024-11-04 08:54:43",Dev Token,Dev Token
Sexual Transmitted Infection Test,263,1017,3,30000.00,active,"2024-06-27 09:43:40","2024-11-04 08:54:43",Dev Token,Dev Token
Cek Infeksi Menular Seksual,264,1017,4,40000.00,active,"2024-06-27 09:43:42","2024-11-04 08:54:44",Dev Token,Dev Token
Sexual Transmitted Infection Test,264,1017,4,40000.00,active,"2024-06-27 09:43:42","2024-11-04 08:54:44",Dev Token,Dev Token
Cek Hormon Tiroid,265,1018,2,20000.00,active,"2024-06-27 09:43:44","2024-11-04 08:54:45",Dev Token,Dev Token
Thyroid Hormone Test,265,1018,2,20000.00,active,"2024-06-27 09:43:44","2024-11-04 08:54:45",Dev Token,Dev Token
Cek Hormon Tiroid,266,1018,3,30000.00,active,"2024-06-27 09:43:45","2024-11-04 08:54:46",Dev Token,Dev Token
Thyroid Hormone Test,266,1018,3,30000.00,active,"2024-06-27 09:43:45","2024-11-04 08:54:46",Dev Token,Dev Token
Cek Hormon Tiroid,267,1018,4,40000.00,active,"2024-06-27 09:43:47","2024-11-04 08:54:47",Dev Token,Dev Token
Thyroid Hormone Test,267,1018,4,40000.00,active,"2024-06-27 09:43:47","2024-11-04 08:54:47",Dev Token,Dev Token
Medical Check Up Lengkap,268,3214,2,20000.00,active,"2024-06-27 09:43:48","2024-11-04 08:53:21",Dev Token,Dev Token
Full Medical Check Up,268,3214,2,20000.00,active,"2024-06-27 09:43:48","2024-11-04 08:53:21",Dev Token,Dev Token
Medical Check Up Lengkap,269,3214,3,30000.00,active,"2024-06-27 09:43:50","2024-11-04 08:53:22",Dev Token,Dev Token
Full Medical Check Up,269,3214,3,30000.00,active,"2024-06-27 09:43:50","2024-11-04 08:53:22",Dev Token,Dev Token
Medical Check Up Lengkap,270,3214,4,40000.00,active,"2024-06-27 09:43:51","2024-11-04 08:53:23",Dev Token,Dev Token
Full Medical Check Up,270,3214,4,40000.00,active,"2024-06-27 09:43:51","2024-11-04 08:53:23",Dev Token,Dev Token
Cek Kesehatan Pranikah,271,3257,2,20000.00,active,"2024-06-27 09:43:53","2024-11-04 08:53:18",Dev Token,Dev Token
Premarital Check Up,271,3257,2,20000.00,active,"2024-06-27 09:43:53","2024-11-04 08:53:18",Dev Token,Dev Token
Cek Kesehatan Pranikah,272,3257,3,30000.00,active,"2024-06-27 09:43:55","2024-11-04 08:53:19",Dev Token,Dev Token
Premarital Check Up,272,3257,3,30000.00,active,"2024-06-27 09:43:55","2024-11-04 08:53:19",Dev Token,Dev Token
Cek Kesehatan Pranikah,273,3257,4,40000.00,active,"2024-06-27 09:43:56","2024-11-04 08:53:20",Dev Token,Dev Token
Premarital Check Up,273,3257,4,40000.00,active,"2024-06-27 09:43:56","2024-11-04 08:53:20",Dev Token,Dev Token
Cek Infeksi Saluran Kemih,274,3277,2,20000.00,active,"2024-06-27 09:43:58","2024-11-04 08:53:05",Dev Token,Dev Token
Urinary Tract Infection Test,274,3277,2,20000.00,active,"2024-06-27 09:43:58","2024-11-04 08:53:05",Dev Token,Dev Token
Cek Infeksi Saluran Kemih,275,3277,3,30000.00,active,"2024-06-27 09:44:00","2024-11-04 08:53:06",Dev Token,Dev Token
Urinary Tract Infection Test,275,3277,3,30000.00,active,"2024-06-27 09:44:00","2024-11-04 08:53:06",Dev Token,Dev Token
Cek Infeksi Saluran Kemih,276,3277,4,40000.00,active,"2024-06-27 09:44:02","2024-11-04 08:53:07",Dev Token,Dev Token
Urinary Tract Infection Test,276,3277,4,40000.00,active,"2024-06-27 09:44:02","2024-11-04 08:53:07",Dev Token,Dev Token
Vaksinasi HPV Kuadrivalen (Gardasil),277,1022,2,20000.00,active,"2024-06-27 09:44:04","2024-11-04 08:54:51",Dev Token,Dev Token
HPV Quadrivalent Vaccination (Gardasil),277,1022,2,20000.00,active,"2024-06-27 09:44:04","2024-11-04 08:54:51",Dev Token,Dev Token
Vaksinasi HPV Kuadrivalen (Gardasil),278,1022,3,30000.00,active,"2024-06-27 09:44:06","2024-11-04 08:54:52",Dev Token,Dev Token
HPV Quadrivalent Vaccination (Gardasil),278,1022,3,30000.00,active,"2024-06-27 09:44:06","2024-11-04 08:54:52",Dev Token,Dev Token
Vaksinasi HPV Kuadrivalen (Gardasil),279,1022,4,40000.00,active,"2024-06-27 09:44:08","2024-11-04 08:54:53",Dev Token,Dev Token
HPV Quadrivalent Vaccination (Gardasil),279,1022,4,40000.00,active,"2024-06-27 09:44:08","2024-11-04 08:54:53",Dev Token,Dev Token
Vaksinasi Influenza (Vaxigrip Tetra),280,1023,2,20000.00,active,"2024-06-27 09:44:09","2024-11-04 08:54:55",Dev Token,Dev Token
Influenza Vaccination (Vaxigrip Tetra),280,1023,2,20000.00,active,"2024-06-27 09:44:09","2024-11-04 08:54:55",Dev Token,Dev Token
Vaksinasi Influenza (Vaxigrip Tetra),281,1023,3,30000.00,active,"2024-06-27 09:44:11","2024-11-04 08:54:56",Dev Token,Dev Token
Influenza Vaccination (Vaxigrip Tetra),281,1023,3,30000.00,active,"2024-06-27 09:44:11","2024-11-04 08:54:56",Dev Token,Dev Token
Vaksinasi Influenza (Vaxigrip Tetra),282,1023,4,40000.00,active,"2024-06-27 09:44:13","2024-11-04 08:54:57",Dev Token,Dev Token
Influenza Vaccination (Vaxigrip Tetra),282,1023,4,40000.00,active,"2024-06-27 09:44:13","2024-11-04 08:54:57",Dev Token,Dev Token
Infus Drip Vitamin C,283,1024,2,20000.00,active,"2024-06-27 09:44:15","2024-11-04 08:53:56",Dev Token,Dev Token
Vitamin C Infusion Drip,283,1024,2,20000.00,active,"2024-06-27 09:44:15","2024-11-04 08:53:56",Dev Token,Dev Token
Infus Drip Vitamin C,284,1024,3,30000.00,active,"2024-06-27 09:44:17","2024-11-04 08:53:57",Dev Token,Dev Token
Vitamin C Infusion Drip,284,1024,3,30000.00,active,"2024-06-27 09:44:17","2024-11-04 08:53:57",Dev Token,Dev Token
Infus Drip Vitamin C,285,1024,4,40000.00,active,"2024-06-27 09:44:18","2024-11-04 08:53:59",Dev Token,Dev Token
Vitamin C Infusion Drip,285,1024,4,40000.00,active,"2024-06-27 09:44:18","2024-11-04 08:53:59",Dev Token,Dev Token
Injeksi Vitamin C,286,1335,2,20000.00,active,"2024-06-27 09:44:20","2024-11-04 08:54:00",Dev Token,Dev Token
Vitamin C Injection,286,1335,2,20000.00,active,"2024-06-27 09:44:20","2024-11-04 08:54:00",Dev Token,Dev Token
Injeksi Vitamin C,287,1335,3,30000.00,active,"2024-06-27 09:44:22","2024-11-04 08:54:01",Dev Token,Dev Token
Vitamin C Injection,287,1335,3,30000.00,active,"2024-06-27 09:44:22","2024-11-04 08:54:01",Dev Token,Dev Token
Injeksi Vitamin C,288,1335,4,40000.00,active,"2024-06-27 09:44:23","2024-11-04 08:54:02",Dev Token,Dev Token
Vitamin C Injection,288,1335,4,40000.00,active,"2024-06-27 09:44:23","2024-11-04 08:54:02",Dev Token,Dev Token
Vaksinasi Pneumonia PCV13 (Prevenar),289,999,2,20000.00,active,"2024-06-27 09:44:25","2024-11-04 08:54:03",Dev Token,Dev Token
Pneumonia PCV13 Vaccination (Prevenar),289,999,2,20000.00,active,"2024-06-27 09:44:25","2024-11-04 08:54:03",Dev Token,Dev Token
Vaksinasi Pneumonia PCV13 (Prevenar),290,999,3,30000.00,active,"2024-06-27 09:44:27","2024-11-04 08:54:04",Dev Token,Dev Token
Pneumonia PCV13 Vaccination (Prevenar),290,999,3,30000.00,active,"2024-06-27 09:44:27","2024-11-04 08:54:04",Dev Token,Dev Token
Vaksinasi Pneumonia PCV13 (Prevenar),291,999,4,40000.00,active,"2024-06-27 09:44:29","2024-11-04 08:54:05",Dev Token,Dev Token
Pneumonia PCV13 Vaccination (Prevenar),291,999,4,40000.00,active,"2024-06-27 09:44:29","2024-11-04 08:54:05",Dev Token,Dev Token
Vaksinasi Rotavirus (Rotarix),292,1000,2,20000.00,active,"2024-06-27 09:44:30","2024-11-04 08:54:06",Dev Token,Dev Token
Rotavirus Vaccination (Rotarix),292,1000,2,20000.00,active,"2024-06-27 09:44:30","2024-11-04 08:54:06",Dev Token,Dev Token
Vaksinasi Rotavirus (Rotarix),293,1000,3,30000.00,active,"2024-06-27 09:44:32","2024-11-04 08:54:07",Dev Token,Dev Token
Rotavirus Vaccination (Rotarix),293,1000,3,30000.00,active,"2024-06-27 09:44:32","2024-11-04 08:54:07",Dev Token,Dev Token
Vaksinasi Rotavirus (Rotarix),294,1000,4,40000.00,active,"2024-06-27 09:44:33","2024-11-04 08:54:08",Dev Token,Dev Token
Rotavirus Vaccination (Rotarix),294,1000,4,40000.00,active,"2024-06-27 09:44:33","2024-11-04 08:54:08",Dev Token,Dev Token
Vaksinasi Tdap (Boostrix),295,1001,2,20000.00,active,"2024-06-27 09:44:35","2024-11-04 08:54:09",Dev Token,Dev Token
Tdap Vaccination (Boostrix),295,1001,2,20000.00,active,"2024-06-27 09:44:35","2024-11-04 08:54:09",Dev Token,Dev Token
Vaksinasi Tdap (Boostrix),296,1001,3,30000.00,active,"2024-06-27 09:44:37","2024-11-04 08:54:10",Dev Token,Dev Token
Tdap Vaccination (Boostrix),296,1001,3,30000.00,active,"2024-06-27 09:44:37","2024-11-04 08:54:10",Dev Token,Dev Token
Vaksinasi Tdap (Boostrix),297,1001,4,40000.00,active,"2024-06-27 09:44:38","2024-11-04 08:54:11",Dev Token,Dev Token
Tdap Vaccination (Boostrix),297,1001,4,40000.00,active,"2024-06-27 09:44:38","2024-11-04 08:54:11",Dev Token,Dev Token
Vaksinasi Tifoid (Typhim Vi),298,1002,2,20000.00,active,"2024-06-27 09:44:40","2024-11-04 08:54:13",Dev Token,Dev Token
Typhoid Vaccination (Typhim Vi),298,1002,2,20000.00,active,"2024-06-27 09:44:40","2024-11-04 08:54:13",Dev Token,Dev Token
Vaksinasi Tifoid (Typhim Vi),299,1002,3,30000.00,active,"2024-06-27 09:44:42","2024-11-04 08:54:14",Dev Token,Dev Token
Typhoid Vaccination (Typhim Vi),299,1002,3,30000.00,active,"2024-06-27 09:44:42","2024-11-04 08:54:14",Dev Token,Dev Token
Vaksinasi Tifoid (Typhim Vi),300,1002,4,40000.00,active,"2024-06-27 09:44:44","2024-11-04 08:54:15",Dev Token,Dev Token
Typhoid Vaccination (Typhim Vi),300,1002,4,40000.00,active,"2024-06-27 09:44:44","2024-11-04 08:54:15",Dev Token,Dev Token
Vaksinasi Hepatitis A Anak (Havrix Junior 720),301,1003,2,20000.00,active,"2024-06-27 09:44:46","2024-11-04 08:54:16",Dev Token,Dev Token
Hepatitis A Child Vaccination (Havrix Junior 720),301,1003,2,20000.00,active,"2024-06-27 09:44:46","2024-11-04 08:54:16",Dev Token,Dev Token
Vaksinasi Hepatitis A Anak (Havrix Junior 720),302,1003,3,30000.00,active,"2024-06-27 09:44:47","2024-11-04 08:54:17",Dev Token,Dev Token
Hepatitis A Child Vaccination (Havrix Junior 720),302,1003,3,30000.00,active,"2024-06-27 09:44:47","2024-11-04 08:54:17",Dev Token,Dev Token
Vaksinasi Hepatitis A Anak (Havrix Junior 720),303,1003,4,40000.00,active,"2024-06-27 09:44:49","2024-11-04 08:54:18",Dev Token,Dev Token
Hepatitis A Child Vaccination (Havrix Junior 720),303,1003,4,40000.00,active,"2024-06-27 09:44:49","2024-11-04 08:54:18",Dev Token,Dev Token
Paket Vaksinasi Influenza (Vaxigrip Tetra) + Pneumonia PCV13,304,1025,2,20000.00,active,"2024-06-27 09:44:51","2024-11-04 08:54:19",Dev Token,Dev Token
Influenza (Vaxigrip Tetra) + Pneumonia PCV13 Vaccination Bundle,304,1025,2,20000.00,active,"2024-06-27 09:44:51","2024-11-04 08:54:19",Dev Token,Dev Token
Paket Vaksinasi Influenza (Vaxigrip Tetra) + Pneumonia PCV13,305,1025,3,30000.00,active,"2024-06-27 09:44:53","2024-11-04 08:54:20",Dev Token,Dev Token
Influenza (Vaxigrip Tetra) + Pneumonia PCV13 Vaccination Bundle,305,1025,3,30000.00,active,"2024-06-27 09:44:53","2024-11-04 08:54:20",Dev Token,Dev Token
Paket Vaksinasi Influenza (Vaxigrip Tetra) + Pneumonia PCV13,306,1025,4,40000.00,active,"2024-06-27 09:44:55","2024-11-04 08:54:21",Dev Token,Dev Token
Influenza (Vaxigrip Tetra) + Pneumonia PCV13 Vaccination Bundle,306,1025,4,40000.00,active,"2024-06-27 09:44:55","2024-11-04 08:54:21",Dev Token,Dev Token
Vaksinasi DTaP-POLIO IPV-HIB-HEP B (Hexaxim),307,1026,2,20000.00,active,"2024-06-27 09:44:57","2024-11-04 08:54:22",Dev Token,Dev Token
DTaP-POLIO IPV-HIB-HEP B Vaccination (Hexaxim),307,1026,2,20000.00,active,"2024-06-27 09:44:57","2024-11-04 08:54:22",Dev Token,Dev Token
Vaksinasi DTaP-POLIO IPV-HIB-HEP B (Hexaxim),308,1026,3,30000.00,active,"2024-06-27 09:44:58","2024-11-04 08:54:23",Dev Token,Dev Token
DTaP-POLIO IPV-HIB-HEP B Vaccination (Hexaxim),308,1026,3,30000.00,active,"2024-06-27 09:44:58","2024-11-04 08:54:23",Dev Token,Dev Token
Vaksinasi DTaP-POLIO IPV-HIB-HEP B (Hexaxim),309,1026,4,40000.00,active,"2024-06-27 09:45:00","2024-11-04 08:54:24",Dev Token,Dev Token
DTaP-POLIO IPV-HIB-HEP B Vaccination (Hexaxim),309,1026,4,40000.00,active,"2024-06-27 09:45:00","2024-11-04 08:54:24",Dev Token,Dev Token
Vaksinasi MMR (M-M-R II),310,1027,2,20000.00,active,"2024-06-27 09:45:02","2024-11-04 08:54:25",Dev Token,Dev Token
MMR Vaccination (M-M-R II),310,1027,2,20000.00,active,"2024-06-27 09:45:02","2024-11-04 08:54:25",Dev Token,Dev Token
Vaksinasi MMR (M-M-R II),311,1027,3,30000.00,active,"2024-06-27 09:45:04","2024-11-04 08:54:27",Dev Token,Dev Token
MMR Vaccination (M-M-R II),311,1027,3,30000.00,active,"2024-06-27 09:45:04","2024-11-04 08:54:27",Dev Token,Dev Token
Vaksinasi MMR (M-M-R II),312,1027,4,40000.00,active,"2024-06-27 09:45:05","2024-11-04 08:54:28",Dev Token,Dev Token
MMR Vaccination (M-M-R II),312,1027,4,40000.00,active,"2024-06-27 09:45:05","2024-11-04 08:54:28",Dev Token,Dev Token
Vaksinasi Cacar Air/Varicella (Varivax),313,1028,2,20000.00,active,"2024-06-27 09:45:06","2024-11-04 08:54:29",Dev Token,Dev Token
Varicella Vaccination (Varivax),313,1028,2,20000.00,active,"2024-06-27 09:45:06","2024-11-04 08:54:29",Dev Token,Dev Token
Vaksinasi Cacar Air/Varicella (Varivax),314,1028,3,30000.00,active,"2024-06-27 09:45:08","2024-11-04 08:54:30",Dev Token,Dev Token
Varicella Vaccination (Varivax),314,1028,3,30000.00,active,"2024-06-27 09:45:08","2024-11-04 08:54:30",Dev Token,Dev Token
Vaksinasi Cacar Air/Varicella (Varivax),315,1028,4,40000.00,active,"2024-06-27 09:45:09","2024-11-04 08:54:31",Dev Token,Dev Token
Varicella Vaccination (Varivax),315,1028,4,40000.00,active,"2024-06-27 09:45:09","2024-11-04 08:54:31",Dev Token,Dev Token
Vaksinasi Demam Berdarah (QDenga),316,1029,2,20000.00,active,"2024-06-27 09:45:11","2024-11-04 08:53:44",Dev Token,Dev Token
Dengue Vaccination (QDenga),316,1029,2,20000.00,active,"2024-06-27 09:45:11","2024-11-04 08:53:44",Dev Token,Dev Token
Vaksinasi Demam Berdarah (QDenga),317,1029,3,30000.00,active,"2024-06-27 09:45:13","2024-11-04 08:53:45",Dev Token,Dev Token
Dengue Vaccination (QDenga),317,1029,3,30000.00,active,"2024-06-27 09:45:13","2024-11-04 08:53:45",Dev Token,Dev Token
Vaksinasi Demam Berdarah (QDenga),318,1029,4,40000.00,active,"2024-06-27 09:45:15","2024-11-04 08:53:46",Dev Token,Dev Token
Dengue Vaccination (QDenga),318,1029,4,40000.00,active,"2024-06-27 09:45:15","2024-11-04 08:53:46",Dev Token,Dev Token
Vaksinasi Hepatitis B Dewasa (Engerix-B 20),319,1030,2,20000.00,active,"2024-06-27 09:45:17","2024-11-04 08:53:47",Dev Token,Dev Token
Hepatitis B Adult Vaccination (Engerix-B 20),319,1030,2,20000.00,active,"2024-06-27 09:45:17","2024-11-04 08:53:47",Dev Token,Dev Token
Vaksinasi Hepatitis B Dewasa (Engerix-B 20),320,1030,3,30000.00,active,"2024-06-27 09:45:18","2024-11-04 08:53:48",Dev Token,Dev Token
Hepatitis B Adult Vaccination (Engerix-B 20),320,1030,3,30000.00,active,"2024-06-27 09:45:18","2024-11-04 08:53:48",Dev Token,Dev Token
Vaksinasi Hepatitis B Dewasa (Engerix-B 20),321,1030,4,40000.00,active,"2024-06-27 09:45:20","2024-11-04 08:53:49",Dev Token,Dev Token
Hepatitis B Adult Vaccination (Engerix-B 20),321,1030,4,40000.00,active,"2024-06-27 09:45:20","2024-11-04 08:53:49",Dev Token,Dev Token
Vaksinasi Meningokokus Polisakarida (Menivax ACYW),322,1031,2,20000.00,active,"2024-06-27 09:45:22","2024-11-04 08:53:50",Dev Token,Dev Token
Meningococcal Polysaccharide Vaccination (Menivax ACYW),322,1031,2,20000.00,active,"2024-06-27 09:45:22","2024-11-04 08:53:50",Dev Token,Dev Token
Vaksinasi Meningokokus Polisakarida (Menivax ACYW),323,1031,3,30000.00,active,"2024-06-27 09:45:23","2024-11-04 08:53:51",Dev Token,Dev Token
Meningococcal Polysaccharide Vaccination (Menivax ACYW),323,1031,3,30000.00,active,"2024-06-27 09:45:23","2024-11-04 08:53:51",Dev Token,Dev Token
Vaksinasi Meningokokus Polisakarida (Menivax ACYW),324,1031,4,40000.00,active,"2024-06-27 09:45:25","2024-11-04 08:53:52",Dev Token,Dev Token
Meningococcal Polysaccharide Vaccination (Menivax ACYW),324,1031,4,40000.00,active,"2024-06-27 09:45:25","2024-11-04 08:53:52",Dev Token,Dev Token
Infus Multivitamin (Cernevit),325,1032,2,20000.00,active,"2024-06-27 09:45:26","2024-11-04 08:53:53",Dev Token,Dev Token
Multivitamin Infusion (Cernevit),325,1032,2,20000.00,active,"2024-06-27 09:45:26","2024-11-04 08:53:53",Dev Token,Dev Token
Infus Multivitamin (Cernevit),326,1032,3,30000.00,active,"2024-06-27 09:45:28","2024-11-04 08:53:54",Dev Token,Dev Token
Multivitamin Infusion (Cernevit),326,1032,3,30000.00,active,"2024-06-27 09:45:28","2024-11-04 08:53:54",Dev Token,Dev Token
Infus Multivitamin (Cernevit),327,1032,4,40000.00,active,"2024-06-27 09:45:29","2024-11-04 08:53:55",Dev Token,Dev Token
Multivitamin Infusion (Cernevit),327,1032,4,40000.00,active,"2024-06-27 09:45:29","2024-11-04 08:53:55",Dev Token,Dev Token
Vaksinasi HPV Nonavalen (Gardasil 9),328,2184,2,20000.00,active,"2024-06-27 09:45:31","2024-11-04 08:54:48",Dev Token,Dev Token
HPV Nonavalent Vaccination (Gardasil 9),328,2184,2,20000.00,active,"2024-06-27 09:45:31","2024-11-04 08:54:48",Dev Token,Dev Token
Vaksinasi HPV Nonavalen (Gardasil 9),329,2184,3,30000.00,active,"2024-06-27 09:45:32","2024-11-04 08:54:49",Dev Token,Dev Token
HPV Nonavalent Vaccination (Gardasil 9),329,2184,3,30000.00,active,"2024-06-27 09:45:32","2024-11-04 08:54:49",Dev Token,Dev Token
Vaksinasi HPV Nonavalen (Gardasil 9),330,2184,4,40000.00,active,"2024-06-27 09:45:34","2024-11-04 08:54:50",Dev Token,Dev Token
HPV Nonavalent Vaccination (Gardasil 9),330,2184,4,40000.00,active,"2024-06-27 09:45:34","2024-11-04 08:54:50",Dev Token,Dev Token
Injeksi Vitamin B12 (Saraf & Otak),331,2720,2,20000.00,active,"2024-06-27 09:45:35","2024-11-04 08:53:08",Dev Token,Dev Token
Vitamin B12 Injection (Neuron & Brain),331,2720,2,20000.00,active,"2024-06-27 09:45:35","2024-11-04 08:53:08",Dev Token,Dev Token
Injeksi Vitamin B12 (Saraf & Otak),332,2720,3,30000.00,active,"2024-06-27 09:45:37","2024-11-04 08:53:09",Dev Token,Dev Token
Vitamin B12 Injection (Neuron & Brain),332,2720,3,30000.00,active,"2024-06-27 09:45:37","2024-11-04 08:53:09",Dev Token,Dev Token
Injeksi Vitamin B12 (Saraf & Otak),333,2720,4,40000.00,active,"2024-06-27 09:45:38","2024-11-04 08:53:10",Dev Token,Dev Token
Vitamin B12 Injection (Neuron & Brain),333,2720,4,40000.00,active,"2024-06-27 09:45:38","2024-11-04 08:53:10",Dev Token,Dev Token
Cek Darah Untuk Alergi,334,3247,2,20000.00,active,"2024-06-27 09:45:40","2024-11-04 08:46:34",Dev Token,Dev Token
Allergy Blood Test,334,3247,2,20000.00,active,"2024-06-27 09:45:40","2024-11-04 08:46:34",Dev Token,Dev Token
Cek Darah Untuk Alergi,335,3247,3,30000.00,active,"2024-06-27 09:45:42","2024-11-04 08:46:35",Dev Token,Dev Token
Allergy Blood Test,335,3247,3,30000.00,active,"2024-06-27 09:45:42","2024-11-04 08:46:35",Dev Token,Dev Token
Cek Darah Untuk Alergi,336,3247,4,40000.00,active,"2024-06-27 09:45:43","2024-11-04 08:46:36",Dev Token,Dev Token
Allergy Blood Test,336,3247,4,40000.00,active,"2024-06-27 09:45:43","2024-11-04 08:46:36",Dev Token,Dev Token
Cek Lab Untuk Demam,337,3268,2,20000.00,active,"2024-06-27 09:45:45","2024-11-04 08:46:24",Dev Token,Dev Token
Lab Test for Fever,337,3268,2,20000.00,active,"2024-06-27 09:45:45","2024-11-04 08:46:24",Dev Token,Dev Token
Cek Lab Untuk Demam,338,3268,3,30000.00,active,"2024-06-27 09:45:46","2024-11-04 08:46:25",Dev Token,Dev Token
Lab Test for Fever,338,3268,3,30000.00,active,"2024-06-27 09:45:46","2024-11-04 08:46:25",Dev Token,Dev Token
Cek Lab Untuk Demam,339,3268,4,40000.00,active,"2024-06-27 09:45:48","2024-11-04 08:46:26",Dev Token,Dev Token
Lab Test for Fever,339,3268,4,40000.00,active,"2024-06-27 09:45:48","2024-11-04 08:46:26",Dev Token,Dev Token
Cek Diabetes,340,1169,2,20000.00,active,"2024-06-27 09:45:50","2024-11-04 08:46:57",Dev Token,Dev Token
Diabetes Test,340,1169,2,20000.00,active,"2024-06-27 09:45:50","2024-11-04 08:46:57",Dev Token,Dev Token
Cek Diabetes,341,1169,3,30000.00,active,"2024-06-27 09:45:52","2024-11-04 08:46:58",Dev Token,Dev Token
Diabetes Test,341,1169,3,30000.00,active,"2024-06-27 09:45:52","2024-11-04 08:46:58",Dev Token,Dev Token
Cek Diabetes,342,1169,4,40000.00,active,"2024-06-27 09:45:53","2024-11-04 08:46:59",Dev Token,Dev Token
Diabetes Test,342,1169,4,40000.00,active,"2024-06-27 09:45:53","2024-11-04 08:46:59",Dev Token,Dev Token
Cek Elektrolit,343,1170,2,20000.00,active,"2024-06-27 09:45:55","2024-11-04 08:47:00",Dev Token,Dev Token
Electrolyte Test,343,1170,2,20000.00,active,"2024-06-27 09:45:55","2024-11-04 08:47:00",Dev Token,Dev Token
Cek Elektrolit,344,1170,3,30000.00,active,"2024-06-27 09:45:57","2024-11-04 08:47:01",Dev Token,Dev Token
Electrolyte Test,344,1170,3,30000.00,active,"2024-06-27 09:45:57","2024-11-04 08:47:01",Dev Token,Dev Token
Cek Elektrolit,345,1170,4,40000.00,active,"2024-06-27 09:45:59","2024-11-04 08:47:02",Dev Token,Dev Token
Electrolyte Test,345,1170,4,40000.00,active,"2024-06-27 09:45:59","2024-11-04 08:47:02",Dev Token,Dev Token
Cek Darah Lengkap (Hematologi Lengkap),346,3237,2,20000.00,active,"2024-06-27 09:46:01","2024-11-04 08:46:47",Dev Token,Dev Token
Complete Blood Count Test,346,3237,2,20000.00,active,"2024-06-27 09:46:01","2024-11-04 08:46:47",Dev Token,Dev Token
Cek Darah Lengkap (Hematologi Lengkap),347,3237,3,30000.00,active,"2024-06-27 09:46:02","2024-11-04 08:46:48",Dev Token,Dev Token
Complete Blood Count Test,347,3237,3,30000.00,active,"2024-06-27 09:46:02","2024-11-04 08:46:48",Dev Token,Dev Token
Cek Darah Lengkap (Hematologi Lengkap),348,3237,4,40000.00,active,"2024-06-27 09:46:04","2024-11-04 08:46:49",Dev Token,Dev Token
Complete Blood Count Test,348,3237,4,40000.00,active,"2024-06-27 09:46:04","2024-11-04 08:46:49",Dev Token,Dev Token
Cek Darah Untuk Demam Berdarah,349,3289,2,20000.00,active,"2024-06-27 09:46:05","2024-11-04 08:46:21",Dev Token,Dev Token
Dengue Fever Test,349,3289,2,20000.00,active,"2024-06-27 09:46:05","2024-11-04 08:46:21",Dev Token,Dev Token
Cek Darah Untuk Demam Berdarah,350,3289,3,30000.00,active,"2024-06-27 09:46:07","2024-11-04 08:46:22",Dev Token,Dev Token
Dengue Fever Test,350,3289,3,30000.00,active,"2024-06-27 09:46:07","2024-11-04 08:46:22",Dev Token,Dev Token
Cek Darah Untuk Demam Berdarah,351,3289,4,40000.00,active,"2024-06-27 09:46:08","2024-11-04 08:46:23",Dev Token,Dev Token
Dengue Fever Test,351,3289,4,40000.00,active,"2024-06-27 09:46:08","2024-11-04 08:46:23",Dev Token,Dev Token
Medical Check Up Hemat,352,1173,2,20000.00,active,"2024-06-27 09:46:10","2024-11-04 08:46:50",Dev Token,Dev Token
Pocket-friendly Medical Check Up,352,1173,2,20000.00,active,"2024-06-27 09:46:10","2024-11-04 08:46:50",Dev Token,Dev Token
Medical Check Up Hemat,353,1173,3,30000.00,active,"2024-06-27 09:46:12","2024-11-04 08:46:51",Dev Token,Dev Token
Pocket-friendly Medical Check Up,353,1173,3,30000.00,active,"2024-06-27 09:46:12","2024-11-04 08:46:51",Dev Token,Dev Token
Medical Check Up Hemat,354,1173,4,40000.00,active,"2024-06-27 09:46:14","2024-11-04 08:46:52",Dev Token,Dev Token
Pocket-friendly Medical Check Up,354,1173,4,40000.00,active,"2024-06-27 09:46:14","2024-11-04 08:46:52",Dev Token,Dev Token
Medical Check Up Standar,355,1174,2,20000.00,active,"2024-06-27 09:46:16","2024-11-04 08:46:53",Dev Token,Dev Token
Standard Medical Check Up,355,1174,2,20000.00,active,"2024-06-27 09:46:16","2024-11-04 08:46:53",Dev Token,Dev Token
Medical Check Up Standar,356,1174,3,30000.00,active,"2024-06-27 09:46:17","2024-11-04 08:46:54",Dev Token,Dev Token
Standard Medical Check Up,356,1174,3,30000.00,active,"2024-06-27 09:46:17","2024-11-04 08:46:54",Dev Token,Dev Token
Medical Check Up Standar,357,1174,4,40000.00,active,"2024-06-27 09:46:19","2024-11-04 08:46:55",Dev Token,Dev Token
Standard Medical Check Up,357,1174,4,40000.00,active,"2024-06-27 09:46:19","2024-11-04 08:46:55",Dev Token,Dev Token
Cek Fungsi Ginjal,358,1175,2,20000.00,active,"2024-06-27 09:46:21","2024-11-04 08:47:03",Dev Token,Dev Token
Renal Function test,358,1175,2,20000.00,active,"2024-06-27 09:46:21","2024-11-04 08:47:03",Dev Token,Dev Token
Cek Fungsi Ginjal,359,1175,3,30000.00,active,"2024-06-27 09:46:22","2024-11-04 08:47:04",Dev Token,Dev Token
Renal Function test,359,1175,3,30000.00,active,"2024-06-27 09:46:22","2024-11-04 08:47:04",Dev Token,Dev Token
Cek Fungsi Ginjal,360,1175,4,40000.00,active,"2024-06-27 09:46:24","2024-11-04 08:47:05",Dev Token,Dev Token
Renal Function test,360,1175,4,40000.00,active,"2024-06-27 09:46:24","2024-11-04 08:47:05",Dev Token,Dev Token
Cek Kolesterol,361,1176,2,20000.00,active,"2024-06-27 09:46:25","2024-11-04 08:47:55",Dev Token,Dev Token
Cholesterol Test,361,1176,2,20000.00,active,"2024-06-27 09:46:25","2024-11-04 08:47:55",Dev Token,Dev Token
Cek Kolesterol,362,1176,3,30000.00,active,"2024-06-27 09:46:27","2024-11-04 08:47:56",Dev Token,Dev Token
Cholesterol Test,362,1176,3,30000.00,active,"2024-06-27 09:46:27","2024-11-04 08:47:56",Dev Token,Dev Token
Cek Kolesterol,363,1176,4,40000.00,active,"2024-06-27 09:46:28","2024-11-04 08:47:57",Dev Token,Dev Token
Cholesterol Test,363,1176,4,40000.00,active,"2024-06-27 09:46:28","2024-11-04 08:47:57",Dev Token,Dev Token
Cek Fungsi Hati,364,1177,2,20000.00,active,"2024-06-27 09:46:30","2024-11-04 08:47:58",Dev Token,Dev Token
Liver Function Test,364,1177,2,20000.00,active,"2024-06-27 09:46:30","2024-11-04 08:47:58",Dev Token,Dev Token
Cek Fungsi Hati,365,1177,3,30000.00,active,"2024-06-27 09:46:32","2024-11-04 08:47:59",Dev Token,Dev Token
Liver Function Test,365,1177,3,30000.00,active,"2024-06-27 09:46:32","2024-11-04 08:47:59",Dev Token,Dev Token
Cek Fungsi Hati,366,1177,4,40000.00,active,"2024-06-27 09:46:34","2024-11-04 08:48:00",Dev Token,Dev Token
Liver Function Test,366,1177,4,40000.00,active,"2024-06-27 09:46:34","2024-11-04 08:48:00",Dev Token,Dev Token
Cek Anemia dan Zat Besi,367,3226,2,20000.00,active,"2024-06-27 09:46:35","2024-11-04 08:46:37",Dev Token,Dev Token
Anemia Test and Iron Level,367,3226,2,20000.00,active,"2024-06-27 09:46:35","2024-11-04 08:46:37",Dev Token,Dev Token
Cek Anemia dan Zat Besi,368,3226,3,30000.00,active,"2024-06-27 09:46:37","2024-11-04 08:46:38",Dev Token,Dev Token
Anemia Test and Iron Level,368,3226,3,30000.00,active,"2024-06-27 09:46:37","2024-11-04 08:46:38",Dev Token,Dev Token
Cek Anemia dan Zat Besi,369,3226,4,40000.00,active,"2024-06-27 09:46:38","2024-11-04 08:46:39",Dev Token,Dev Token
Anemia Test and Iron Level,369,3226,4,40000.00,active,"2024-06-27 09:46:38","2024-11-04 08:46:39",Dev Token,Dev Token
Cek Kolesterol dan Gula Darah,370,1179,2,20000.00,active,"2024-06-27 09:46:40","2024-11-04 08:48:02",Dev Token,Dev Token
Cholesterol and Blood Sugar Test,370,1179,2,20000.00,active,"2024-06-27 09:46:40","2024-11-04 08:48:02",Dev Token,Dev Token
Cek Kolesterol dan Gula Darah,371,1179,3,30000.00,active,"2024-06-27 09:46:42","2024-11-04 08:48:03",Dev Token,Dev Token
Cholesterol and Blood Sugar Test,371,1179,3,30000.00,active,"2024-06-27 09:46:42","2024-11-04 08:48:03",Dev Token,Dev Token
Cek Kolesterol dan Gula Darah,372,1179,4,40000.00,active,"2024-06-27 09:46:44","2024-11-04 08:48:04",Dev Token,Dev Token
Cholesterol and Blood Sugar Test,372,1179,4,40000.00,active,"2024-06-27 09:46:44","2024-11-04 08:48:04",Dev Token,Dev Token
Cek Infeksi Menular Seksual,373,1180,2,20000.00,active,"2024-06-27 09:46:45","2024-11-04 08:48:05",Dev Token,Dev Token
Sexual Transmitted Infection Test,373,1180,2,20000.00,active,"2024-06-27 09:46:45","2024-11-04 08:48:05",Dev Token,Dev Token
Cek Infeksi Menular Seksual,374,1180,3,30000.00,active,"2024-06-27 09:46:47","2024-11-04 08:48:06",Dev Token,Dev Token
Sexual Transmitted Infection Test,374,1180,3,30000.00,active,"2024-06-27 09:46:47","2024-11-04 08:48:06",Dev Token,Dev Token
Cek Infeksi Menular Seksual,375,1180,4,40000.00,active,"2024-06-27 09:46:48","2024-11-04 08:48:07",Dev Token,Dev Token
Sexual Transmitted Infection Test,375,1180,4,40000.00,active,"2024-06-27 09:46:48","2024-11-04 08:48:07",Dev Token,Dev Token
Cek Hormon Tiroid,376,1181,2,20000.00,active,"2024-06-27 09:46:50","2024-11-04 08:48:08",Dev Token,Dev Token
Thyroid Hormone Test,376,1181,2,20000.00,active,"2024-06-27 09:46:50","2024-11-04 08:48:08",Dev Token,Dev Token
Cek Hormon Tiroid,377,1181,3,30000.00,active,"2024-06-27 09:46:51","2024-11-04 08:48:09",Dev Token,Dev Token
Thyroid Hormone Test,377,1181,3,30000.00,active,"2024-06-27 09:46:51","2024-11-04 08:48:09",Dev Token,Dev Token
Cek Hormon Tiroid,378,1181,4,40000.00,active,"2024-06-27 09:46:53","2024-11-04 08:48:10",Dev Token,Dev Token
Thyroid Hormone Test,378,1181,4,40000.00,active,"2024-06-27 09:46:53","2024-11-04 08:48:10",Dev Token,Dev Token
Medical Check Up Lengkap,379,3215,2,20000.00,active,"2024-06-27 09:46:55","2024-11-04 08:46:44",Dev Token,Dev Token
Full Medical Check Up,379,3215,2,20000.00,active,"2024-06-27 09:46:55","2024-11-04 08:46:44",Dev Token,Dev Token
Medical Check Up Lengkap,380,3215,3,30000.00,active,"2024-06-27 09:46:57","2024-11-04 08:46:45",Dev Token,Dev Token
Full Medical Check Up,380,3215,3,30000.00,active,"2024-06-27 09:46:57","2024-11-04 08:46:45",Dev Token,Dev Token
Medical Check Up Lengkap,381,3215,4,40000.00,active,"2024-06-27 09:46:58","2024-11-04 08:46:46",Dev Token,Dev Token
Full Medical Check Up,381,3215,4,40000.00,active,"2024-06-27 09:46:58","2024-11-04 08:46:46",Dev Token,Dev Token
Cek Kesehatan Pranikah,382,3258,2,20000.00,active,"2024-06-27 09:47:00","2024-11-04 08:46:40",Dev Token,Dev Token
Premarital Check Up,382,3258,2,20000.00,active,"2024-06-27 09:47:00","2024-11-04 08:46:40",Dev Token,Dev Token
Cek Kesehatan Pranikah,383,3258,3,30000.00,active,"2024-06-27 09:47:02","2024-11-04 08:46:42",Dev Token,Dev Token
Premarital Check Up,383,3258,3,30000.00,active,"2024-06-27 09:47:02","2024-11-04 08:46:42",Dev Token,Dev Token
Cek Kesehatan Pranikah,384,3258,4,40000.00,active,"2024-06-27 09:47:04","2024-11-04 08:46:43",Dev Token,Dev Token
Premarital Check Up,384,3258,4,40000.00,active,"2024-06-27 09:47:04","2024-11-04 08:46:43",Dev Token,Dev Token
Cek Infeksi Saluran Kemih,385,3278,2,20000.00,active,"2024-06-27 09:47:05","2024-11-04 08:46:28",Dev Token,Dev Token
Urinary Tract Infection Test,385,3278,2,20000.00,active,"2024-06-27 09:47:05","2024-11-04 08:46:28",Dev Token,Dev Token
Cek Infeksi Saluran Kemih,386,3278,3,30000.00,active,"2024-06-27 09:47:07","2024-11-04 08:46:29",Dev Token,Dev Token
Urinary Tract Infection Test,386,3278,3,30000.00,active,"2024-06-27 09:47:07","2024-11-04 08:46:29",Dev Token,Dev Token
Cek Infeksi Saluran Kemih,387,3278,4,40000.00,active,"2024-06-27 09:47:08","2024-11-04 08:46:30",Dev Token,Dev Token
Urinary Tract Infection Test,387,3278,4,40000.00,active,"2024-06-27 09:47:08","2024-11-04 08:46:30",Dev Token,Dev Token
Vaksinasi HPV Kuadrivalen (Gardasil),388,1185,2,20000.00,active,"2024-06-27 09:47:10","2024-11-04 08:48:14",Dev Token,Dev Token
HPV Quadrivalent Vaccination (Gardasil),388,1185,2,20000.00,active,"2024-06-27 09:47:10","2024-11-04 08:48:14",Dev Token,Dev Token
Vaksinasi HPV Kuadrivalen (Gardasil),389,1185,3,30000.00,active,"2024-06-27 09:47:12","2024-11-04 08:48:16",Dev Token,Dev Token
HPV Quadrivalent Vaccination (Gardasil),389,1185,3,30000.00,active,"2024-06-27 09:47:12","2024-11-04 08:48:16",Dev Token,Dev Token
Vaksinasi HPV Kuadrivalen (Gardasil),390,1185,4,40000.00,active,"2024-06-27 09:47:14","2024-11-04 08:48:17",Dev Token,Dev Token
HPV Quadrivalent Vaccination (Gardasil),390,1185,4,40000.00,active,"2024-06-27 09:47:14","2024-11-04 08:48:17",Dev Token,Dev Token
Vaksinasi Influenza (Vaxigrip Tetra),391,1186,2,20000.00,active,"2024-06-27 09:47:16","2024-11-04 08:48:18",Dev Token,Dev Token
Influenza Vaccination (Vaxigrip Tetra),391,1186,2,20000.00,active,"2024-06-27 09:47:16","2024-11-04 08:48:18",Dev Token,Dev Token
Vaksinasi Influenza (Vaxigrip Tetra),392,1186,3,30000.00,active,"2024-06-27 09:47:17","2024-11-04 08:48:19",Dev Token,Dev Token
Influenza Vaccination (Vaxigrip Tetra),392,1186,3,30000.00,active,"2024-06-27 09:47:17","2024-11-04 08:48:19",Dev Token,Dev Token
Vaksinasi Influenza (Vaxigrip Tetra),393,1186,4,40000.00,active,"2024-06-27 09:47:19","2024-11-04 08:48:20",Dev Token,Dev Token
Influenza Vaccination (Vaxigrip Tetra),393,1186,4,40000.00,active,"2024-06-27 09:47:19","2024-11-04 08:48:20",Dev Token,Dev Token
Infus Drip Vitamin C,394,1187,2,20000.00,active,"2024-06-27 09:47:21","2024-11-04 08:47:19",Dev Token,Dev Token
Vitamin C Infusion Drip,394,1187,2,20000.00,active,"2024-06-27 09:47:21","2024-11-04 08:47:19",Dev Token,Dev Token
Infus Drip Vitamin C,395,1187,3,30000.00,active,"2024-06-27 09:47:23","2024-11-04 08:47:20",Dev Token,Dev Token
Vitamin C Infusion Drip,395,1187,3,30000.00,active,"2024-06-27 09:47:23","2024-11-04 08:47:20",Dev Token,Dev Token
Infus Drip Vitamin C,396,1187,4,40000.00,active,"2024-06-27 09:47:25","2024-11-04 08:47:21",Dev Token,Dev Token
Vitamin C Infusion Drip,396,1187,4,40000.00,active,"2024-06-27 09:47:25","2024-11-04 08:47:21",Dev Token,Dev Token
Injeksi Vitamin C,397,1336,2,20000.00,active,"2024-06-27 09:47:26","2024-11-04 08:47:23",Dev Token,Dev Token
Vitamin C Injection,397,1336,2,20000.00,active,"2024-06-27 09:47:26","2024-11-04 08:47:23",Dev Token,Dev Token
Injeksi Vitamin C,398,1336,3,30000.00,active,"2024-06-27 09:47:28","2024-11-04 08:47:24",Dev Token,Dev Token
Vitamin C Injection,398,1336,3,30000.00,active,"2024-06-27 09:47:28","2024-11-04 08:47:24",Dev Token,Dev Token
Injeksi Vitamin C,399,1336,4,40000.00,active,"2024-06-27 09:47:29","2024-11-04 08:47:25",Dev Token,Dev Token
Vitamin C Injection,399,1336,4,40000.00,active,"2024-06-27 09:47:29","2024-11-04 08:47:25",Dev Token,Dev Token
Vaksinasi Pneumonia PCV13 (Prevenar),400,1188,2,20000.00,active,"2024-06-27 09:47:31","2024-11-04 08:47:26",Dev Token,Dev Token
Pneumonia PCV13 Vaccination (Prevenar),400,1188,2,20000.00,active,"2024-06-27 09:47:31","2024-11-04 08:47:26",Dev Token,Dev Token
Vaksinasi Pneumonia PCV13 (Prevenar),401,1188,3,30000.00,active,"2024-06-27 09:47:32","2024-11-04 08:47:27",Dev Token,Dev Token
Pneumonia PCV13 Vaccination (Prevenar),401,1188,3,30000.00,active,"2024-06-27 09:47:32","2024-11-04 08:47:27",Dev Token,Dev Token
Vaksinasi Pneumonia PCV13 (Prevenar),402,1188,4,40000.00,active,"2024-06-27 09:47:34","2024-11-04 08:47:28",Dev Token,Dev Token
Pneumonia PCV13 Vaccination (Prevenar),402,1188,4,40000.00,active,"2024-06-27 09:47:34","2024-11-04 08:47:28",Dev Token,Dev Token
Vaksinasi Rotavirus (Rotarix),403,1189,2,20000.00,active,"2024-06-27 09:47:35","2024-11-04 08:47:29",Dev Token,Dev Token
Rotavirus Vaccination (Rotarix),403,1189,2,20000.00,active,"2024-06-27 09:47:35","2024-11-04 08:47:29",Dev Token,Dev Token
Vaksinasi Rotavirus (Rotarix),404,1189,3,30000.00,active,"2024-06-27 09:47:37","2024-11-04 08:47:30",Dev Token,Dev Token
Rotavirus Vaccination (Rotarix),404,1189,3,30000.00,active,"2024-06-27 09:47:37","2024-11-04 08:47:30",Dev Token,Dev Token
Vaksinasi Rotavirus (Rotarix),405,1189,4,40000.00,active,"2024-06-27 09:47:39","2024-11-04 08:47:31",Dev Token,Dev Token
Rotavirus Vaccination (Rotarix),405,1189,4,40000.00,active,"2024-06-27 09:47:39","2024-11-04 08:47:31",Dev Token,Dev Token
Vaksinasi Tdap (Boostrix),406,1190,2,20000.00,active,"2024-06-27 09:47:41","2024-11-04 08:47:32",Dev Token,Dev Token
Tdap Vaccination (Boostrix),406,1190,2,20000.00,active,"2024-06-27 09:47:41","2024-11-04 08:47:32",Dev Token,Dev Token
Vaksinasi Tdap (Boostrix),407,1190,3,30000.00,active,"2024-06-27 09:47:43","2024-11-04 08:47:33",Dev Token,Dev Token
Tdap Vaccination (Boostrix),407,1190,3,30000.00,active,"2024-06-27 09:47:43","2024-11-04 08:47:33",Dev Token,Dev Token
Vaksinasi Tdap (Boostrix),408,1190,4,40000.00,active,"2024-06-27 09:47:44","2024-11-04 08:47:34",Dev Token,Dev Token
Tdap Vaccination (Boostrix),408,1190,4,40000.00,active,"2024-06-27 09:47:44","2024-11-04 08:47:34",Dev Token,Dev Token
Vaksinasi Tifoid (Typhim Vi),409,1191,2,20000.00,active,"2024-06-27 09:47:46","2024-11-04 08:47:35",Dev Token,Dev Token
Typhoid Vaccination (Typhim Vi),409,1191,2,20000.00,active,"2024-06-27 09:47:46","2024-11-04 08:47:35",Dev Token,Dev Token
Vaksinasi Tifoid (Typhim Vi),410,1191,3,30000.00,active,"2024-06-27 09:47:48","2024-11-04 08:47:36",Dev Token,Dev Token
Typhoid Vaccination (Typhim Vi),410,1191,3,30000.00,active,"2024-06-27 09:47:48","2024-11-04 08:47:36",Dev Token,Dev Token
Vaksinasi Tifoid (Typhim Vi),411,1191,4,40000.00,active,"2024-06-27 09:47:49","2024-11-04 08:47:37",Dev Token,Dev Token
Typhoid Vaccination (Typhim Vi),411,1191,4,40000.00,active,"2024-06-27 09:47:49","2024-11-04 08:47:37",Dev Token,Dev Token
Vaksinasi Hepatitis A Anak (Havrix Junior 720),412,1192,2,20000.00,active,"2024-06-27 09:47:51","2024-11-04 08:47:39",Dev Token,Dev Token
Hepatitis A Child Vaccination (Havrix Junior 720),412,1192,2,20000.00,active,"2024-06-27 09:47:51","2024-11-04 08:47:39",Dev Token,Dev Token
Vaksinasi Hepatitis A Anak (Havrix Junior 720),413,1192,3,30000.00,active,"2024-06-27 09:47:53","2024-11-04 08:47:40",Dev Token,Dev Token
Hepatitis A Child Vaccination (Havrix Junior 720),413,1192,3,30000.00,active,"2024-06-27 09:47:53","2024-11-04 08:47:40",Dev Token,Dev Token
Vaksinasi Hepatitis A Anak (Havrix Junior 720),414,1192,4,40000.00,active,"2024-06-27 09:47:55","2024-11-04 08:47:41",Dev Token,Dev Token
Hepatitis A Child Vaccination (Havrix Junior 720),414,1192,4,40000.00,active,"2024-06-27 09:47:55","2024-11-04 08:47:41",Dev Token,Dev Token
Paket Vaksinasi Influenza (Vaxigrip Tetra) + Pneumonia PCV13,415,1193,2,20000.00,active,"2024-06-27 09:47:56","2024-11-04 08:47:42",Dev Token,Dev Token
Influenza (Vaxigrip Tetra) + Pneumonia PCV13 Vaccination Bundle,415,1193,2,20000.00,active,"2024-06-27 09:47:56","2024-11-04 08:47:42",Dev Token,Dev Token
Paket Vaksinasi Influenza (Vaxigrip Tetra) + Pneumonia PCV13,416,1193,3,30000.00,active,"2024-06-27 09:47:58","2024-11-04 08:47:43",Dev Token,Dev Token
Influenza (Vaxigrip Tetra) + Pneumonia PCV13 Vaccination Bundle,416,1193,3,30000.00,active,"2024-06-27 09:47:58","2024-11-04 08:47:43",Dev Token,Dev Token
Paket Vaksinasi Influenza (Vaxigrip Tetra) + Pneumonia PCV13,417,1193,4,40000.00,active,"2024-06-27 09:48:00","2024-11-04 08:47:44",Dev Token,Dev Token
Influenza (Vaxigrip Tetra) + Pneumonia PCV13 Vaccination Bundle,417,1193,4,40000.00,active,"2024-06-27 09:48:00","2024-11-04 08:47:44",Dev Token,Dev Token
Vaksinasi DTaP-POLIO IPV-HIB-HEP B (Hexaxim),418,1194,2,20000.00,active,"2024-06-27 09:48:01","2024-11-04 08:47:45",Dev Token,Dev Token
DTaP-POLIO IPV-HIB-HEP B Vaccination (Hexaxim),418,1194,2,20000.00,active,"2024-06-27 09:48:01","2024-11-04 08:47:45",Dev Token,Dev Token
Vaksinasi DTaP-POLIO IPV-HIB-HEP B (Hexaxim),419,1194,3,30000.00,active,"2024-06-27 09:48:03","2024-11-04 08:47:46",Dev Token,Dev Token
DTaP-POLIO IPV-HIB-HEP B Vaccination (Hexaxim),419,1194,3,30000.00,active,"2024-06-27 09:48:03","2024-11-04 08:47:46",Dev Token,Dev Token
Vaksinasi DTaP-POLIO IPV-HIB-HEP B (Hexaxim),420,1194,4,40000.00,active,"2024-06-27 09:48:05","2024-11-04 08:47:47",Dev Token,Dev Token
DTaP-POLIO IPV-HIB-HEP B Vaccination (Hexaxim),420,1194,4,40000.00,active,"2024-06-27 09:48:05","2024-11-04 08:47:47",Dev Token,Dev Token
Vaksinasi MMR (M-M-R II),421,1195,2,20000.00,active,"2024-06-27 09:48:06","2024-11-04 08:47:48",Dev Token,Dev Token
MMR Vaccination (M-M-R II),421,1195,2,20000.00,active,"2024-06-27 09:48:06","2024-11-04 08:47:48",Dev Token,Dev Token
Vaksinasi MMR (M-M-R II),422,1195,3,30000.00,active,"2024-06-27 09:48:08","2024-11-04 08:47:49",Dev Token,Dev Token
MMR Vaccination (M-M-R II),422,1195,3,30000.00,active,"2024-06-27 09:48:08","2024-11-04 08:47:49",Dev Token,Dev Token
Vaksinasi MMR (M-M-R II),423,1195,4,40000.00,active,"2024-06-27 09:48:09","2024-11-04 08:47:50",Dev Token,Dev Token
MMR Vaccination (M-M-R II),423,1195,4,40000.00,active,"2024-06-27 09:48:09","2024-11-04 08:47:50",Dev Token,Dev Token
Vaksinasi Cacar Air/Varicella (Varivax),424,1196,2,20000.00,active,"2024-06-27 09:48:11","2024-11-04 08:47:51",Dev Token,Dev Token
Varicella Vaccination (Varivax),424,1196,2,20000.00,active,"2024-06-27 09:48:11","2024-11-04 08:47:51",Dev Token,Dev Token
Vaksinasi Cacar Air/Varicella (Varivax),425,1196,3,30000.00,active,"2024-06-27 09:48:13","2024-11-04 08:47:52",Dev Token,Dev Token
Varicella Vaccination (Varivax),425,1196,3,30000.00,active,"2024-06-27 09:48:13","2024-11-04 08:47:52",Dev Token,Dev Token
Vaksinasi Cacar Air/Varicella (Varivax),426,1196,4,40000.00,active,"2024-06-27 09:48:15","2024-11-04 08:47:54",Dev Token,Dev Token
Varicella Vaccination (Varivax),426,1196,4,40000.00,active,"2024-06-27 09:48:15","2024-11-04 08:47:54",Dev Token,Dev Token
Vaksinasi Demam Berdarah (QDenga),427,1197,2,20000.00,active,"2024-06-27 09:48:17","2024-11-04 08:47:06",Dev Token,Dev Token
Dengue Vaccination (QDenga),427,1197,2,20000.00,active,"2024-06-27 09:48:17","2024-11-04 08:47:06",Dev Token,Dev Token
Vaksinasi Demam Berdarah (QDenga),428,1197,3,30000.00,active,"2024-06-27 09:48:19","2024-11-04 08:47:07",Dev Token,Dev Token
Dengue Vaccination (QDenga),428,1197,3,30000.00,active,"2024-06-27 09:48:19","2024-11-04 08:47:07",Dev Token,Dev Token
Vaksinasi Demam Berdarah (QDenga),429,1197,4,40000.00,active,"2024-06-27 09:48:20","2024-11-04 08:47:08",Dev Token,Dev Token
Dengue Vaccination (QDenga),429,1197,4,40000.00,active,"2024-06-27 09:48:20","2024-11-04 08:47:08",Dev Token,Dev Token
Vaksinasi Hepatitis B Dewasa (Engerix-B 20),430,1198,2,20000.00,active,"2024-06-27 09:48:22","2024-11-04 08:47:10",Dev Token,Dev Token
Hepatitis B Adult Vaccination (Engerix-B 20),430,1198,2,20000.00,active,"2024-06-27 09:48:22","2024-11-04 08:47:10",Dev Token,Dev Token
Vaksinasi Hepatitis B Dewasa (Engerix-B 20),431,1198,3,30000.00,active,"2024-06-27 09:48:23","2024-11-04 08:47:11",Dev Token,Dev Token
Hepatitis B Adult Vaccination (Engerix-B 20),431,1198,3,30000.00,active,"2024-06-27 09:48:23","2024-11-04 08:47:11",Dev Token,Dev Token
Vaksinasi Hepatitis B Dewasa (Engerix-B 20),432,1198,4,40000.00,active,"2024-06-27 09:48:25","2024-11-04 08:47:12",Dev Token,Dev Token
Hepatitis B Adult Vaccination (Engerix-B 20),432,1198,4,40000.00,active,"2024-06-27 09:48:25","2024-11-04 08:47:12",Dev Token,Dev Token
Vaksinasi Meningokokus Polisakarida (Menivax ACYW),433,1199,2,20000.00,active,"2024-06-27 09:48:27","2024-11-04 08:47:13",Dev Token,Dev Token
Meningococcal Polysaccharide Vaccination (Menivax ACYW),433,1199,2,20000.00,active,"2024-06-27 09:48:27","2024-11-04 08:47:13",Dev Token,Dev Token
Vaksinasi Meningokokus Polisakarida (Menivax ACYW),434,1199,3,30000.00,active,"2024-06-27 09:48:29","2024-11-04 08:47:14",Dev Token,Dev Token
Meningococcal Polysaccharide Vaccination (Menivax ACYW),434,1199,3,30000.00,active,"2024-06-27 09:48:29","2024-11-04 08:47:14",Dev Token,Dev Token
Vaksinasi Meningokokus Polisakarida (Menivax ACYW),435,1199,4,40000.00,active,"2024-06-27 09:48:30","2024-11-04 08:47:15",Dev Token,Dev Token
Meningococcal Polysaccharide Vaccination (Menivax ACYW),435,1199,4,40000.00,active,"2024-06-27 09:48:30","2024-11-04 08:47:15",Dev Token,Dev Token
Infus Multivitamin (Cernevit),436,1200,2,20000.00,active,"2024-06-27 09:48:32","2024-11-04 08:47:16",Dev Token,Dev Token
Multivitamin Infusion (Cernevit),436,1200,2,20000.00,active,"2024-06-27 09:48:32","2024-11-04 08:47:16",Dev Token,Dev Token
Infus Multivitamin (Cernevit),437,1200,3,30000.00,active,"2024-06-27 09:48:34","2024-11-04 08:47:17",Dev Token,Dev Token
Multivitamin Infusion (Cernevit),437,1200,3,30000.00,active,"2024-06-27 09:48:34","2024-11-04 08:47:17",Dev Token,Dev Token
Infus Multivitamin (Cernevit),438,1200,4,40000.00,active,"2024-06-27 09:48:35","2024-11-04 08:47:18",Dev Token,Dev Token
Multivitamin Infusion (Cernevit),438,1200,4,40000.00,active,"2024-06-27 09:48:35","2024-11-04 08:47:18",Dev Token,Dev Token
Vaksinasi HPV Nonavalen (Gardasil 9),439,2185,2,20000.00,active,"2024-06-27 09:48:37","2024-11-04 08:48:11",Dev Token,Dev Token
HPV Nonavalent Vaccination (Gardasil 9),439,2185,2,20000.00,active,"2024-06-27 09:48:37","2024-11-04 08:48:11",Dev Token,Dev Token
Vaksinasi HPV Nonavalen (Gardasil 9),440,2185,3,30000.00,active,"2024-06-27 09:48:38","2024-11-04 08:48:12",Dev Token,Dev Token
HPV Nonavalent Vaccination (Gardasil 9),440,2185,3,30000.00,active,"2024-06-27 09:48:38","2024-11-04 08:48:12",Dev Token,Dev Token
Vaksinasi HPV Nonavalen (Gardasil 9),441,2185,4,40000.00,active,"2024-06-27 09:48:40","2024-11-04 08:48:13",Dev Token,Dev Token
HPV Nonavalent Vaccination (Gardasil 9),441,2185,4,40000.00,active,"2024-06-27 09:48:40","2024-11-04 08:48:13",Dev Token,Dev Token
Injeksi Vitamin B12 (Saraf & Otak),442,2721,2,20000.00,active,"2024-06-27 09:48:42","2024-11-04 08:46:31",Dev Token,Dev Token
Vitamin B12 Injection (Neuron & Brain),442,2721,2,20000.00,active,"2024-06-27 09:48:42","2024-11-04 08:46:31",Dev Token,Dev Token
Injeksi Vitamin B12 (Saraf & Otak),443,2721,3,30000.00,active,"2024-06-27 09:48:43","2024-11-04 08:46:32",Dev Token,Dev Token
Vitamin B12 Injection (Neuron & Brain),443,2721,3,30000.00,active,"2024-06-27 09:48:43","2024-11-04 08:46:32",Dev Token,Dev Token
Injeksi Vitamin B12 (Saraf & Otak),444,2721,4,40000.00,active,"2024-06-27 09:48:45","2024-11-04 08:46:33",Dev Token,Dev Token
Vitamin B12 Injection (Neuron & Brain),444,2721,4,40000.00,active,"2024-06-27 09:48:45","2024-11-04 08:46:33",Dev Token,Dev Token
Cek Darah Untuk Alergi,445,3248,2,20000.00,active,"2024-06-27 09:48:46","2024-11-04 08:44:21",Dev Token,Dev Token
Allergy Blood Test,445,3248,2,20000.00,active,"2024-06-27 09:48:46","2024-11-04 08:44:21",Dev Token,Dev Token
Cek Darah Untuk Alergi,446,3248,3,30000.00,active,"2024-06-27 09:48:47","2024-11-04 08:44:22",Dev Token,Dev Token
Allergy Blood Test,446,3248,3,30000.00,active,"2024-06-27 09:48:47","2024-11-04 08:44:22",Dev Token,Dev Token
Cek Darah Untuk Alergi,447,3248,4,40000.00,active,"2024-06-27 09:48:49","2024-11-04 08:44:23",Dev Token,Dev Token
Allergy Blood Test,447,3248,4,40000.00,active,"2024-06-27 09:48:49","2024-11-04 08:44:23",Dev Token,Dev Token
Cek Lab Untuk Demam,448,3269,2,20000.00,active,"2024-06-27 09:48:50","2024-11-04 08:44:11",Dev Token,Dev Token
Lab Test for Fever,448,3269,2,20000.00,active,"2024-06-27 09:48:50","2024-11-04 08:44:11",Dev Token,Dev Token
Cek Lab Untuk Demam,449,3269,3,30000.00,active,"2024-06-27 09:48:51","2024-11-04 08:44:12",Dev Token,Dev Token
Lab Test for Fever,449,3269,3,30000.00,active,"2024-06-27 09:48:51","2024-11-04 08:44:12",Dev Token,Dev Token
Cek Lab Untuk Demam,450,3269,4,40000.00,active,"2024-06-27 09:48:53","2024-11-04 08:44:13",Dev Token,Dev Token
Lab Test for Fever,450,3269,4,40000.00,active,"2024-06-27 09:48:53","2024-11-04 08:44:13",Dev Token,Dev Token
Cek Diabetes,451,1508,2,20000.00,active,"2024-06-27 09:48:54","2024-11-04 08:44:44",Dev Token,Dev Token
Diabetes Test,451,1508,2,20000.00,active,"2024-06-27 09:48:54","2024-11-04 08:44:44",Dev Token,Dev Token
Cek Diabetes,452,1508,3,30000.00,active,"2024-06-27 09:48:56","2024-11-04 08:44:45",Dev Token,Dev Token
Diabetes Test,452,1508,3,30000.00,active,"2024-06-27 09:48:56","2024-11-04 08:44:45",Dev Token,Dev Token
Cek Diabetes,453,1508,4,40000.00,active,"2024-06-27 09:48:57","2024-11-04 08:44:46",Dev Token,Dev Token
Diabetes Test,453,1508,4,40000.00,active,"2024-06-27 09:48:57","2024-11-04 08:44:46",Dev Token,Dev Token
Cek Elektrolit,454,1509,2,20000.00,active,"2024-06-27 09:48:58","2024-11-04 08:44:47",Dev Token,Dev Token
Electrolyte Test,454,1509,2,20000.00,active,"2024-06-27 09:48:58","2024-11-04 08:44:47",Dev Token,Dev Token
Cek Elektrolit,455,1509,3,30000.00,active,"2024-06-27 09:49:00","2024-11-04 08:44:48",Dev Token,Dev Token
Electrolyte Test,455,1509,3,30000.00,active,"2024-06-27 09:49:00","2024-11-04 08:44:48",Dev Token,Dev Token
Cek Elektrolit,456,1509,4,40000.00,active,"2024-06-27 09:49:02","2024-11-04 08:44:49",Dev Token,Dev Token
Electrolyte Test,456,1509,4,40000.00,active,"2024-06-27 09:49:02","2024-11-04 08:44:49",Dev Token,Dev Token
Cek Darah Lengkap (Hematologi Lengkap),457,3238,2,20000.00,active,"2024-06-27 09:49:03","2024-11-04 08:44:34",Dev Token,Dev Token
Complete Blood Count Test,457,3238,2,20000.00,active,"2024-06-27 09:49:03","2024-11-04 08:44:34",Dev Token,Dev Token
Cek Darah Lengkap (Hematologi Lengkap),458,3238,3,30000.00,active,"2024-06-27 09:49:05","2024-11-04 08:44:35",Dev Token,Dev Token
Complete Blood Count Test,458,3238,3,30000.00,active,"2024-06-27 09:49:05","2024-11-04 08:44:35",Dev Token,Dev Token
Cek Darah Lengkap (Hematologi Lengkap),459,3238,4,40000.00,active,"2024-06-27 09:49:07","2024-11-04 08:44:36",Dev Token,Dev Token
Complete Blood Count Test,459,3238,4,40000.00,active,"2024-06-27 09:49:07","2024-11-04 08:44:36",Dev Token,Dev Token
Cek Darah Untuk Demam Berdarah,460,3290,2,20000.00,active,"2024-06-27 09:49:08","2024-11-04 08:44:08",Dev Token,Dev Token
Dengue Fever Test,460,3290,2,20000.00,active,"2024-06-27 09:49:08","2024-11-04 08:44:08",Dev Token,Dev Token
Cek Darah Untuk Demam Berdarah,461,3290,3,30000.00,active,"2024-06-27 09:49:11","2024-11-04 08:44:09",Dev Token,Dev Token
Dengue Fever Test,461,3290,3,30000.00,active,"2024-06-27 09:49:11","2024-11-04 08:44:09",Dev Token,Dev Token
Cek Darah Untuk Demam Berdarah,462,3290,4,40000.00,active,"2024-06-27 09:49:12","2024-11-04 08:44:10",Dev Token,Dev Token
Dengue Fever Test,462,3290,4,40000.00,active,"2024-06-27 09:49:12","2024-11-04 08:44:10",Dev Token,Dev Token
Medical Check Up Hemat,463,1512,2,20000.00,active,"2024-06-27 09:49:14","2024-11-04 08:44:37",Dev Token,Dev Token
Pocket-friendly Medical Check Up,463,1512,2,20000.00,active,"2024-06-27 09:49:14","2024-11-04 08:44:37",Dev Token,Dev Token
Medical Check Up Hemat,464,1512,3,30000.00,active,"2024-06-27 09:49:15","2024-11-04 08:44:38",Dev Token,Dev Token
Pocket-friendly Medical Check Up,464,1512,3,30000.00,active,"2024-06-27 09:49:15","2024-11-04 08:44:38",Dev Token,Dev Token
Medical Check Up Hemat,465,1512,4,40000.00,active,"2024-06-27 09:49:17","2024-11-04 08:44:39",Dev Token,Dev Token
Pocket-friendly Medical Check Up,465,1512,4,40000.00,active,"2024-06-27 09:49:17","2024-11-04 08:44:39",Dev Token,Dev Token
Medical Check Up Standar,466,1513,2,20000.00,active,"2024-06-27 09:49:19","2024-11-04 08:44:40",Dev Token,Dev Token
Standard Medical Check Up,466,1513,2,20000.00,active,"2024-06-27 09:49:19","2024-11-04 08:44:40",Dev Token,Dev Token
Medical Check Up Standar,467,1513,3,30000.00,active,"2024-06-27 09:49:20","2024-11-04 08:44:42",Dev Token,Dev Token
Standard Medical Check Up,467,1513,3,30000.00,active,"2024-06-27 09:49:20","2024-11-04 08:44:42",Dev Token,Dev Token
Medical Check Up Standar,468,1513,4,40000.00,active,"2024-06-27 09:49:22","2024-11-04 08:44:43",Dev Token,Dev Token
Standard Medical Check Up,468,1513,4,40000.00,active,"2024-06-27 09:49:22","2024-11-04 08:44:43",Dev Token,Dev Token
Cek Fungsi Ginjal,469,1514,2,20000.00,active,"2024-06-27 09:49:23","2024-11-04 08:44:50",Dev Token,Dev Token
Renal Function test,469,1514,2,20000.00,active,"2024-06-27 09:49:23","2024-11-04 08:44:50",Dev Token,Dev Token
Cek Fungsi Ginjal,470,1514,3,30000.00,active,"2024-06-27 09:49:25","2024-11-04 08:44:51",Dev Token,Dev Token
Renal Function test,470,1514,3,30000.00,active,"2024-06-27 09:49:25","2024-11-04 08:44:51",Dev Token,Dev Token
Cek Fungsi Ginjal,471,1514,4,40000.00,active,"2024-06-27 09:49:26","2024-11-04 08:44:52",Dev Token,Dev Token
Renal Function test,471,1514,4,40000.00,active,"2024-06-27 09:49:26","2024-11-04 08:44:52",Dev Token,Dev Token
Cek Kolesterol,472,1515,2,20000.00,active,"2024-06-27 09:49:28","2024-11-04 08:45:42",Dev Token,Dev Token
Cholesterol Test,472,1515,2,20000.00,active,"2024-06-27 09:49:28","2024-11-04 08:45:42",Dev Token,Dev Token
Cek Kolesterol,473,1515,3,30000.00,active,"2024-06-27 09:49:30","2024-11-04 08:45:43",Dev Token,Dev Token
Cholesterol Test,473,1515,3,30000.00,active,"2024-06-27 09:49:30","2024-11-04 08:45:43",Dev Token,Dev Token
Cek Kolesterol,474,1515,4,40000.00,active,"2024-06-27 09:49:32","2024-11-04 08:45:44",Dev Token,Dev Token
Cholesterol Test,474,1515,4,40000.00,active,"2024-06-27 09:49:32","2024-11-04 08:45:44",Dev Token,Dev Token
Cek Fungsi Hati,475,1516,2,20000.00,active,"2024-06-27 09:49:33","2024-11-04 08:45:45",Dev Token,Dev Token
Liver Function Test,475,1516,2,20000.00,active,"2024-06-27 09:49:33","2024-11-04 08:45:45",Dev Token,Dev Token
Cek Fungsi Hati,476,1516,3,30000.00,active,"2024-06-27 09:49:34","2024-11-04 08:45:46",Dev Token,Dev Token
Liver Function Test,476,1516,3,30000.00,active,"2024-06-27 09:49:34","2024-11-04 08:45:46",Dev Token,Dev Token
Cek Fungsi Hati,477,1516,4,40000.00,active,"2024-06-27 09:49:36","2024-11-04 08:45:47",Dev Token,Dev Token
Liver Function Test,477,1516,4,40000.00,active,"2024-06-27 09:49:36","2024-11-04 08:45:47",Dev Token,Dev Token
Cek Anemia dan Zat Besi,478,3227,2,20000.00,active,"2024-06-27 09:49:38","2024-11-04 08:44:24",Dev Token,Dev Token
Anemia Test and Iron Level,478,3227,2,20000.00,active,"2024-06-27 09:49:38","2024-11-04 08:44:24",Dev Token,Dev Token
Cek Anemia dan Zat Besi,479,3227,3,30000.00,active,"2024-06-27 09:49:40","2024-11-04 08:44:25",Dev Token,Dev Token
Anemia Test and Iron Level,479,3227,3,30000.00,active,"2024-06-27 09:49:40","2024-11-04 08:44:25",Dev Token,Dev Token
Cek Anemia dan Zat Besi,480,3227,4,40000.00,active,"2024-06-27 09:49:41","2024-11-04 08:44:26",Dev Token,Dev Token
Anemia Test and Iron Level,480,3227,4,40000.00,active,"2024-06-27 09:49:41","2024-11-04 08:44:26",Dev Token,Dev Token
Cek Kolesterol dan Gula Darah,481,1518,2,20000.00,active,"2024-06-27 09:49:43","2024-11-04 08:45:48",Dev Token,Dev Token
Cholesterol and Blood Sugar Test,481,1518,2,20000.00,active,"2024-06-27 09:49:43","2024-11-04 08:45:48",Dev Token,Dev Token
Cek Kolesterol dan Gula Darah,482,1518,3,30000.00,active,"2024-06-27 09:49:45","2024-11-04 08:45:49",Dev Token,Dev Token
Cholesterol and Blood Sugar Test,482,1518,3,30000.00,active,"2024-06-27 09:49:45","2024-11-04 08:45:49",Dev Token,Dev Token
Cek Kolesterol dan Gula Darah,483,1518,4,40000.00,active,"2024-06-27 09:49:47","2024-11-04 08:45:51",Dev Token,Dev Token
Cholesterol and Blood Sugar Test,483,1518,4,40000.00,active,"2024-06-27 09:49:47","2024-11-04 08:45:51",Dev Token,Dev Token
Cek Infeksi Menular Seksual,484,1519,2,20000.00,active,"2024-06-27 09:49:48","2024-11-04 08:45:52",Dev Token,Dev Token
Sexual Transmitted Infection Test,484,1519,2,20000.00,active,"2024-06-27 09:49:48","2024-11-04 08:45:52",Dev Token,Dev Token
Cek Infeksi Menular Seksual,485,1519,3,30000.00,active,"2024-06-27 09:49:50","2024-11-04 08:45:53",Dev Token,Dev Token
Sexual Transmitted Infection Test,485,1519,3,30000.00,active,"2024-06-27 09:49:50","2024-11-04 08:45:53",Dev Token,Dev Token
Cek Infeksi Menular Seksual,486,1519,4,40000.00,active,"2024-06-27 09:49:52","2024-11-04 08:45:54",Dev Token,Dev Token
Sexual Transmitted Infection Test,486,1519,4,40000.00,active,"2024-06-27 09:49:52","2024-11-04 08:45:54",Dev Token,Dev Token
Cek Hormon Tiroid,487,1520,2,20000.00,active,"2024-06-27 09:49:53","2024-11-04 08:45:55",Dev Token,Dev Token
Thyroid Hormone Test,487,1520,2,20000.00,active,"2024-06-27 09:49:53","2024-11-04 08:45:55",Dev Token,Dev Token
Cek Hormon Tiroid,488,1520,3,30000.00,active,"2024-06-27 09:49:55","2024-11-04 08:45:56",Dev Token,Dev Token
Thyroid Hormone Test,488,1520,3,30000.00,active,"2024-06-27 09:49:55","2024-11-04 08:45:56",Dev Token,Dev Token
Cek Hormon Tiroid,489,1520,4,40000.00,active,"2024-06-27 09:49:57","2024-11-04 08:45:57",Dev Token,Dev Token
Thyroid Hormone Test,489,1520,4,40000.00,active,"2024-06-27 09:49:57","2024-11-04 08:45:57",Dev Token,Dev Token
Medical Check Up Lengkap,490,3216,2,20000.00,active,"2024-06-27 09:49:58","2024-11-04 08:44:31",Dev Token,Dev Token
Full Medical Check Up,490,3216,2,20000.00,active,"2024-06-27 09:49:58","2024-11-04 08:44:31",Dev Token,Dev Token
Medical Check Up Lengkap,491,3216,3,30000.00,active,"2024-06-27 09:49:59","2024-11-04 08:44:32",Dev Token,Dev Token
Full Medical Check Up,491,3216,3,30000.00,active,"2024-06-27 09:49:59","2024-11-04 08:44:32",Dev Token,Dev Token
Medical Check Up Lengkap,492,3216,4,40000.00,active,"2024-06-27 09:50:01","2024-11-04 08:44:33",Dev Token,Dev Token
Full Medical Check Up,492,3216,4,40000.00,active,"2024-06-27 09:50:01","2024-11-04 08:44:33",Dev Token,Dev Token
Cek Kesehatan Pranikah,493,3259,2,20000.00,active,"2024-06-27 09:50:02","2024-11-04 08:44:28",Dev Token,Dev Token
Premarital Check Up,493,3259,2,20000.00,active,"2024-06-27 09:50:02","2024-11-04 08:44:28",Dev Token,Dev Token
Cek Kesehatan Pranikah,494,3259,3,30000.00,active,"2024-06-27 09:50:04","2024-11-04 08:44:29",Dev Token,Dev Token
Premarital Check Up,494,3259,3,30000.00,active,"2024-06-27 09:50:04","2024-11-04 08:44:29",Dev Token,Dev Token
Cek Kesehatan Pranikah,495,3259,4,40000.00,active,"2024-06-27 09:50:05","2024-11-04 08:44:30",Dev Token,Dev Token
Premarital Check Up,495,3259,4,40000.00,active,"2024-06-27 09:50:05","2024-11-04 08:44:30",Dev Token,Dev Token
Cek Infeksi Saluran Kemih,496,3279,2,20000.00,active,"2024-06-27 09:50:07","2024-11-04 08:44:15",Dev Token,Dev Token
Urinary Tract Infection Test,496,3279,2,20000.00,active,"2024-06-27 09:50:07","2024-11-04 08:44:15",Dev Token,Dev Token
Cek Infeksi Saluran Kemih,497,3279,3,30000.00,active,"2024-06-27 09:50:09","2024-11-04 08:44:16",Dev Token,Dev Token
Urinary Tract Infection Test,497,3279,3,30000.00,active,"2024-06-27 09:50:09","2024-11-04 08:44:16",Dev Token,Dev Token
Cek Infeksi Saluran Kemih,498,3279,4,40000.00,active,"2024-06-27 09:50:11","2024-11-04 08:44:17",Dev Token,Dev Token
Urinary Tract Infection Test,498,3279,4,40000.00,active,"2024-06-27 09:50:11","2024-11-04 08:44:17",Dev Token,Dev Token
Vaksinasi HPV Kuadrivalen (Gardasil),499,1524,2,20000.00,active,"2024-06-27 09:50:12","2024-11-04 08:46:02",Dev Token,Dev Token
HPV Quadrivalent Vaccination (Gardasil),499,1524,2,20000.00,active,"2024-06-27 09:50:12","2024-11-04 08:46:02",Dev Token,Dev Token
Vaksinasi HPV Kuadrivalen (Gardasil),500,1524,3,30000.00,active,"2024-06-27 09:50:14","2024-11-04 08:46:03",Dev Token,Dev Token
HPV Quadrivalent Vaccination (Gardasil),500,1524,3,30000.00,active,"2024-06-27 09:50:14","2024-11-04 08:46:03",Dev Token,Dev Token
Vaksinasi HPV Kuadrivalen (Gardasil),501,1524,4,40000.00,active,"2024-06-27 09:50:16","2024-11-04 08:46:04",Dev Token,Dev Token
HPV Quadrivalent Vaccination (Gardasil),501,1524,4,40000.00,active,"2024-06-27 09:50:16","2024-11-04 08:46:04",Dev Token,Dev Token
Vaksinasi Influenza (Vaxigrip Tetra),502,1525,2,20000.00,active,"2024-06-27 09:50:18","2024-11-04 08:46:05",Dev Token,Dev Token
Influenza Vaccination (Vaxigrip Tetra),502,1525,2,20000.00,active,"2024-06-27 09:50:18","2024-11-04 08:46:05",Dev Token,Dev Token
Vaksinasi Influenza (Vaxigrip Tetra),503,1525,3,30000.00,active,"2024-06-27 09:50:20","2024-11-04 08:46:06",Dev Token,Dev Token
Influenza Vaccination (Vaxigrip Tetra),503,1525,3,30000.00,active,"2024-06-27 09:50:20","2024-11-04 08:46:06",Dev Token,Dev Token
Vaksinasi Influenza (Vaxigrip Tetra),504,1525,4,40000.00,active,"2024-06-27 09:50:22","2024-11-04 08:46:07",Dev Token,Dev Token
Influenza Vaccination (Vaxigrip Tetra),504,1525,4,40000.00,active,"2024-06-27 09:50:22","2024-11-04 08:46:07",Dev Token,Dev Token
Infus Drip Vitamin C,505,1526,2,20000.00,active,"2024-06-27 09:50:23","2024-11-04 08:45:06",Dev Token,Dev Token
Vitamin C Infusion Drip,505,1526,2,20000.00,active,"2024-06-27 09:50:23","2024-11-04 08:45:06",Dev Token,Dev Token
Infus Drip Vitamin C,506,1526,3,30000.00,active,"2024-06-27 09:50:25","2024-11-04 08:45:07",Dev Token,Dev Token
Vitamin C Infusion Drip,506,1526,3,30000.00,active,"2024-06-27 09:50:25","2024-11-04 08:45:07",Dev Token,Dev Token
Infus Drip Vitamin C,507,1526,4,40000.00,active,"2024-06-27 09:50:27","2024-11-04 08:45:09",Dev Token,Dev Token
Vitamin C Infusion Drip,507,1526,4,40000.00,active,"2024-06-27 09:50:27","2024-11-04 08:45:09",Dev Token,Dev Token
Injeksi Vitamin C,508,2180,2,20000.00,active,"2024-06-27 09:50:29","2024-11-04 08:45:10",Dev Token,Dev Token
Vitamin C Injection,508,2180,2,20000.00,active,"2024-06-27 09:50:29","2024-11-04 08:45:10",Dev Token,Dev Token
Injeksi Vitamin C,509,2180,3,30000.00,active,"2024-06-27 09:50:31","2024-11-04 08:45:11",Dev Token,Dev Token
Vitamin C Injection,509,2180,3,30000.00,active,"2024-06-27 09:50:31","2024-11-04 08:45:11",Dev Token,Dev Token
Injeksi Vitamin C,510,2180,4,40000.00,active,"2024-06-27 09:50:32","2024-11-04 08:45:12",Dev Token,Dev Token
Vitamin C Injection,510,2180,4,40000.00,active,"2024-06-27 09:50:32","2024-11-04 08:45:12",Dev Token,Dev Token
Vaksinasi Pneumonia PCV13 (Prevenar),511,1527,2,20000.00,active,"2024-06-27 09:50:34","2024-11-04 08:45:13",Dev Token,Dev Token
Pneumonia PCV13 Vaccination (Prevenar),511,1527,2,20000.00,active,"2024-06-27 09:50:34","2024-11-04 08:45:13",Dev Token,Dev Token
Vaksinasi Pneumonia PCV13 (Prevenar),512,1527,3,30000.00,active,"2024-06-27 09:50:35","2024-11-04 08:45:14",Dev Token,Dev Token
Pneumonia PCV13 Vaccination (Prevenar),512,1527,3,30000.00,active,"2024-06-27 09:50:35","2024-11-04 08:45:14",Dev Token,Dev Token
Vaksinasi Pneumonia PCV13 (Prevenar),513,1527,4,40000.00,active,"2024-06-27 09:50:36","2024-11-04 08:45:15",Dev Token,Dev Token
Pneumonia PCV13 Vaccination (Prevenar),513,1527,4,40000.00,active,"2024-06-27 09:50:36","2024-11-04 08:45:15",Dev Token,Dev Token
Vaksinasi Rotavirus (Rotarix),514,1528,2,20000.00,active,"2024-06-27 09:50:38","2024-11-04 08:45:16",Dev Token,Dev Token
Rotavirus Vaccination (Rotarix),514,1528,2,20000.00,active,"2024-06-27 09:50:38","2024-11-04 08:45:16",Dev Token,Dev Token
Vaksinasi Rotavirus (Rotarix),515,1528,3,30000.00,active,"2024-06-27 09:50:39","2024-11-04 08:45:17",Dev Token,Dev Token
Rotavirus Vaccination (Rotarix),515,1528,3,30000.00,active,"2024-06-27 09:50:39","2024-11-04 08:45:17",Dev Token,Dev Token
Vaksinasi Rotavirus (Rotarix),516,1528,4,40000.00,active,"2024-06-27 09:50:40","2024-11-04 08:45:18",Dev Token,Dev Token
Rotavirus Vaccination (Rotarix),516,1528,4,40000.00,active,"2024-06-27 09:50:40","2024-11-04 08:45:18",Dev Token,Dev Token
Vaksinasi Tdap (Boostrix),517,1529,2,20000.00,active,"2024-06-27 09:50:42","2024-11-04 08:45:19",Dev Token,Dev Token
Tdap Vaccination (Boostrix),517,1529,2,20000.00,active,"2024-06-27 09:50:42","2024-11-04 08:45:19",Dev Token,Dev Token
Vaksinasi Tdap (Boostrix),518,1529,3,30000.00,active,"2024-06-27 09:50:43","2024-11-04 08:45:20",Dev Token,Dev Token
Tdap Vaccination (Boostrix),518,1529,3,30000.00,active,"2024-06-27 09:50:43","2024-11-04 08:45:20",Dev Token,Dev Token
Vaksinasi Tdap (Boostrix),519,1529,4,40000.00,active,"2024-06-27 09:50:45","2024-11-04 08:45:21",Dev Token,Dev Token
Tdap Vaccination (Boostrix),519,1529,4,40000.00,active,"2024-06-27 09:50:45","2024-11-04 08:45:21",Dev Token,Dev Token
Vaksinasi Tifoid (Typhim Vi),520,1530,2,20000.00,active,"2024-06-27 09:50:47","2024-11-04 08:45:22",Dev Token,Dev Token
Typhoid Vaccination (Typhim Vi),520,1530,2,20000.00,active,"2024-06-27 09:50:47","2024-11-04 08:45:22",Dev Token,Dev Token
Vaksinasi Tifoid (Typhim Vi),521,1530,3,30000.00,active,"2024-06-27 09:50:48","2024-11-04 08:45:24",Dev Token,Dev Token
Typhoid Vaccination (Typhim Vi),521,1530,3,30000.00,active,"2024-06-27 09:50:48","2024-11-04 08:45:24",Dev Token,Dev Token
Vaksinasi Tifoid (Typhim Vi),522,1530,4,40000.00,active,"2024-06-27 09:50:50","2024-11-04 08:45:25",Dev Token,Dev Token
Typhoid Vaccination (Typhim Vi),522,1530,4,40000.00,active,"2024-06-27 09:50:50","2024-11-04 08:45:25",Dev Token,Dev Token
Vaksinasi Hepatitis A Anak (Havrix Junior 720),523,1531,2,20000.00,active,"2024-06-27 09:50:52","2024-11-04 08:45:26",Dev Token,Dev Token
Hepatitis A Child Vaccination (Havrix Junior 720),523,1531,2,20000.00,active,"2024-06-27 09:50:52","2024-11-04 08:45:26",Dev Token,Dev Token
Vaksinasi Hepatitis A Anak (Havrix Junior 720),524,1531,3,30000.00,active,"2024-06-27 09:50:53","2024-11-04 08:45:27",Dev Token,Dev Token
Hepatitis A Child Vaccination (Havrix Junior 720),524,1531,3,30000.00,active,"2024-06-27 09:50:53","2024-11-04 08:45:27",Dev Token,Dev Token
Vaksinasi Hepatitis A Anak (Havrix Junior 720),525,1531,4,40000.00,active,"2024-06-27 09:50:55","2024-11-04 08:45:28",Dev Token,Dev Token
Hepatitis A Child Vaccination (Havrix Junior 720),525,1531,4,40000.00,active,"2024-06-27 09:50:55","2024-11-04 08:45:28",Dev Token,Dev Token
Paket Vaksinasi Influenza (Vaxigrip Tetra) + Pneumonia PCV13,526,1532,2,20000.00,active,"2024-06-27 09:50:57","2024-11-04 08:45:29",Dev Token,Dev Token
Influenza (Vaxigrip Tetra) + Pneumonia PCV13 Vaccination Bundle,526,1532,2,20000.00,active,"2024-06-27 09:50:57","2024-11-04 08:45:29",Dev Token,Dev Token
Paket Vaksinasi Influenza (Vaxigrip Tetra) + Pneumonia PCV13,527,1532,3,30000.00,active,"2024-06-27 09:50:58","2024-11-04 08:45:30",Dev Token,Dev Token
Influenza (Vaxigrip Tetra) + Pneumonia PCV13 Vaccination Bundle,527,1532,3,30000.00,active,"2024-06-27 09:50:58","2024-11-04 08:45:30",Dev Token,Dev Token
Paket Vaksinasi Influenza (Vaxigrip Tetra) + Pneumonia PCV13,528,1532,4,40000.00,active,"2024-06-27 09:51:00","2024-11-04 08:45:31",Dev Token,Dev Token
Influenza (Vaxigrip Tetra) + Pneumonia PCV13 Vaccination Bundle,528,1532,4,40000.00,active,"2024-06-27 09:51:00","2024-11-04 08:45:31",Dev Token,Dev Token
Vaksinasi DTaP-POLIO IPV-HIB-HEP B (Hexaxim),529,1533,2,20000.00,active,"2024-06-27 09:51:01","2024-11-04 08:45:32",Dev Token,Dev Token
DTaP-POLIO IPV-HIB-HEP B Vaccination (Hexaxim),529,1533,2,20000.00,active,"2024-06-27 09:51:01","2024-11-04 08:45:32",Dev Token,Dev Token
Vaksinasi DTaP-POLIO IPV-HIB-HEP B (Hexaxim),530,1533,3,30000.00,active,"2024-06-27 09:51:03","2024-11-04 08:45:33",Dev Token,Dev Token
DTaP-POLIO IPV-HIB-HEP B Vaccination (Hexaxim),530,1533,3,30000.00,active,"2024-06-27 09:51:03","2024-11-04 08:45:33",Dev Token,Dev Token
Vaksinasi DTaP-POLIO IPV-HIB-HEP B (Hexaxim),531,1533,4,40000.00,active,"2024-06-27 09:51:05","2024-11-04 08:45:34",Dev Token,Dev Token
DTaP-POLIO IPV-HIB-HEP B Vaccination (Hexaxim),531,1533,4,40000.00,active,"2024-06-27 09:51:05","2024-11-04 08:45:34",Dev Token,Dev Token
Vaksinasi MMR (M-M-R II),532,1534,2,20000.00,active,"2024-06-27 09:51:07","2024-11-04 08:45:35",Dev Token,Dev Token
MMR Vaccination (M-M-R II),532,1534,2,20000.00,active,"2024-06-27 09:51:07","2024-11-04 08:45:35",Dev Token,Dev Token
Vaksinasi MMR (M-M-R II),533,1534,3,30000.00,active,"2024-06-27 09:51:09","2024-11-04 08:45:37",Dev Token,Dev Token
MMR Vaccination (M-M-R II),533,1534,3,30000.00,active,"2024-06-27 09:51:09","2024-11-04 08:45:37",Dev Token,Dev Token
Vaksinasi MMR (M-M-R II),534,1534,4,40000.00,active,"2024-06-27 09:51:10","2024-11-04 08:45:38",Dev Token,Dev Token
MMR Vaccination (M-M-R II),534,1534,4,40000.00,active,"2024-06-27 09:51:10","2024-11-04 08:45:38",Dev Token,Dev Token
Vaksinasi Cacar Air/Varicella (Varivax),535,1535,2,20000.00,active,"2024-06-27 09:51:12","2024-11-04 08:45:39",Dev Token,Dev Token
Varicella Vaccination (Varivax),535,1535,2,20000.00,active,"2024-06-27 09:51:12","2024-11-04 08:45:39",Dev Token,Dev Token
Vaksinasi Cacar Air/Varicella (Varivax),536,1535,3,30000.00,active,"2024-06-27 09:51:13","2024-11-04 08:45:40",Dev Token,Dev Token
Varicella Vaccination (Varivax),536,1535,3,30000.00,active,"2024-06-27 09:51:13","2024-11-04 08:45:40",Dev Token,Dev Token
Vaksinasi Cacar Air/Varicella (Varivax),537,1535,4,40000.00,active,"2024-06-27 09:51:15","2024-11-04 08:45:41",Dev Token,Dev Token
Varicella Vaccination (Varivax),537,1535,4,40000.00,active,"2024-06-27 09:51:15","2024-11-04 08:45:41",Dev Token,Dev Token
Vaksinasi Demam Berdarah (QDenga),538,1536,2,20000.00,active,"2024-06-27 09:51:16","2024-11-04 08:44:53",Dev Token,Dev Token
Dengue Vaccination (QDenga),538,1536,2,20000.00,active,"2024-06-27 09:51:16","2024-11-04 08:44:53",Dev Token,Dev Token
Vaksinasi Demam Berdarah (QDenga),539,1536,3,30000.00,active,"2024-06-27 09:51:18","2024-11-04 08:44:54",Dev Token,Dev Token
Dengue Vaccination (QDenga),539,1536,3,30000.00,active,"2024-06-27 09:51:18","2024-11-04 08:44:54",Dev Token,Dev Token
Vaksinasi Demam Berdarah (QDenga),540,1536,4,40000.00,active,"2024-06-27 09:51:19","2024-11-04 08:44:55",Dev Token,Dev Token
Dengue Vaccination (QDenga),540,1536,4,40000.00,active,"2024-06-27 09:51:19","2024-11-04 08:44:55",Dev Token,Dev Token
Vaksinasi Hepatitis B Dewasa (Engerix-B 20),541,1537,2,20000.00,active,"2024-06-27 09:51:22","2024-11-04 08:44:57",Dev Token,Dev Token
Hepatitis B Adult Vaccination (Engerix-B 20),541,1537,2,20000.00,active,"2024-06-27 09:51:22","2024-11-04 08:44:57",Dev Token,Dev Token
Vaksinasi Hepatitis B Dewasa (Engerix-B 20),542,1537,3,30000.00,active,"2024-06-27 09:51:23","2024-11-04 08:44:58",Dev Token,Dev Token
Hepatitis B Adult Vaccination (Engerix-B 20),542,1537,3,30000.00,active,"2024-06-27 09:51:23","2024-11-04 08:44:58",Dev Token,Dev Token
Vaksinasi Hepatitis B Dewasa (Engerix-B 20),543,1537,4,40000.00,active,"2024-06-27 09:51:25","2024-11-04 08:44:59",Dev Token,Dev Token
Hepatitis B Adult Vaccination (Engerix-B 20),543,1537,4,40000.00,active,"2024-06-27 09:51:25","2024-11-04 08:44:59",Dev Token,Dev Token
Vaksinasi Meningokokus Polisakarida (Menivax ACYW),544,1538,2,20000.00,active,"2024-06-27 09:51:27","2024-11-04 08:45:00",Dev Token,Dev Token
Meningococcal Polysaccharide Vaccination (Menivax ACYW),544,1538,2,20000.00,active,"2024-06-27 09:51:27","2024-11-04 08:45:00",Dev Token,Dev Token
Vaksinasi Meningokokus Polisakarida (Menivax ACYW),545,1538,3,30000.00,active,"2024-06-27 09:51:29","2024-11-04 08:45:01",Dev Token,Dev Token
Meningococcal Polysaccharide Vaccination (Menivax ACYW),545,1538,3,30000.00,active,"2024-06-27 09:51:29","2024-11-04 08:45:01",Dev Token,Dev Token
Vaksinasi Meningokokus Polisakarida (Menivax ACYW),546,1538,4,40000.00,active,"2024-06-27 09:51:30","2024-11-04 08:45:02",Dev Token,Dev Token
Meningococcal Polysaccharide Vaccination (Menivax ACYW),546,1538,4,40000.00,active,"2024-06-27 09:51:30","2024-11-04 08:45:02",Dev Token,Dev Token
Infus Multivitamin (Cernevit),547,1539,2,20000.00,active,"2024-06-27 09:51:32","2024-11-04 08:45:03",Dev Token,Dev Token
Multivitamin Infusion (Cernevit),547,1539,2,20000.00,active,"2024-06-27 09:51:32","2024-11-04 08:45:03",Dev Token,Dev Token
Infus Multivitamin (Cernevit),548,1539,3,30000.00,active,"2024-06-27 09:51:33","2024-11-04 08:45:04",Dev Token,Dev Token
Multivitamin Infusion (Cernevit),548,1539,3,30000.00,active,"2024-06-27 09:51:33","2024-11-04 08:45:04",Dev Token,Dev Token
Infus Multivitamin (Cernevit),549,1539,4,40000.00,active,"2024-06-27 09:51:35","2024-11-04 08:45:05",Dev Token,Dev Token
Multivitamin Infusion (Cernevit),549,1539,4,40000.00,active,"2024-06-27 09:51:35","2024-11-04 08:45:05",Dev Token,Dev Token
Vaksinasi HPV Nonavalen (Gardasil 9),550,2186,2,20000.00,active,"2024-06-27 09:51:37","2024-11-04 08:45:58",Dev Token,Dev Token
HPV Nonavalent Vaccination (Gardasil 9),550,2186,2,20000.00,active,"2024-06-27 09:51:37","2024-11-04 08:45:58",Dev Token,Dev Token
Vaksinasi HPV Nonavalen (Gardasil 9),551,2186,3,30000.00,active,"2024-06-27 09:51:38","2024-11-04 08:45:59",Dev Token,Dev Token
HPV Nonavalent Vaccination (Gardasil 9),551,2186,3,30000.00,active,"2024-06-27 09:51:38","2024-11-04 08:45:59",Dev Token,Dev Token
Vaksinasi HPV Nonavalen (Gardasil 9),552,2186,4,40000.00,active,"2024-06-27 09:51:40","2024-11-04 08:46:00",Dev Token,Dev Token
HPV Nonavalent Vaccination (Gardasil 9),552,2186,4,40000.00,active,"2024-06-27 09:51:40","2024-11-04 08:46:00",Dev Token,Dev Token
Injeksi Vitamin B12 (Saraf & Otak),553,2722,2,20000.00,active,"2024-06-27 09:51:42","2024-11-04 08:44:18",Dev Token,Dev Token
Vitamin B12 Injection (Neuron & Brain),553,2722,2,20000.00,active,"2024-06-27 09:51:42","2024-11-04 08:44:18",Dev Token,Dev Token
Injeksi Vitamin B12 (Saraf & Otak),554,2722,3,30000.00,active,"2024-06-27 09:51:43","2024-11-04 08:44:19",Dev Token,Dev Token
Vitamin B12 Injection (Neuron & Brain),554,2722,3,30000.00,active,"2024-06-27 09:51:43","2024-11-04 08:44:19",Dev Token,Dev Token
Injeksi Vitamin B12 (Saraf & Otak),555,2722,4,40000.00,active,"2024-06-27 09:51:45","2024-11-04 08:44:20",Dev Token,Dev Token
Vitamin B12 Injection (Neuron & Brain),555,2722,4,40000.00,active,"2024-06-27 09:51:45","2024-11-04 08:44:20",Dev Token,Dev Token
Cek Darah Untuk Alergi,556,3249,2,20000.00,active,"2024-06-27 09:51:47","2024-11-04 08:42:07",Dev Token,Dev Token
Allergy Blood Test,556,3249,2,20000.00,active,"2024-06-27 09:51:47","2024-11-04 08:42:07",Dev Token,Dev Token
Cek Darah Untuk Alergi,557,3249,3,30000.00,active,"2024-06-27 09:51:48","2024-11-04 08:42:09",Dev Token,Dev Token
Allergy Blood Test,557,3249,3,30000.00,active,"2024-06-27 09:51:48","2024-11-04 08:42:09",Dev Token,Dev Token
Cek Darah Untuk Alergi,558,3249,4,40000.00,active,"2024-06-27 09:51:49","2024-11-04 08:42:10",Dev Token,Dev Token
Allergy Blood Test,558,3249,4,40000.00,active,"2024-06-27 09:51:49","2024-11-04 08:42:10",Dev Token,Dev Token
Cek Lab Untuk Demam,559,3270,2,20000.00,active,"2024-06-27 09:51:51","2024-11-04 08:41:58",Dev Token,Dev Token
Lab Test for Fever,559,3270,2,20000.00,active,"2024-06-27 09:51:51","2024-11-04 08:41:58",Dev Token,Dev Token
Cek Lab Untuk Demam,560,3270,3,30000.00,active,"2024-06-27 09:51:53","2024-11-04 08:41:59",Dev Token,Dev Token
Lab Test for Fever,560,3270,3,30000.00,active,"2024-06-27 09:51:53","2024-11-04 08:41:59",Dev Token,Dev Token
Cek Lab Untuk Demam,561,3270,4,40000.00,active,"2024-06-27 09:51:54","2024-11-04 08:42:00",Dev Token,Dev Token
Lab Test for Fever,561,3270,4,40000.00,active,"2024-06-27 09:51:54","2024-11-04 08:42:00",Dev Token,Dev Token
Cek Diabetes,562,1676,2,20000.00,active,"2024-06-27 09:51:56","2024-11-04 08:42:30",Dev Token,Dev Token
Diabetes Test,562,1676,2,20000.00,active,"2024-06-27 09:51:56","2024-11-04 08:42:30",Dev Token,Dev Token
Cek Diabetes,563,1676,3,30000.00,active,"2024-06-27 09:51:58","2024-11-04 08:42:31",Dev Token,Dev Token
Diabetes Test,563,1676,3,30000.00,active,"2024-06-27 09:51:58","2024-11-04 08:42:31",Dev Token,Dev Token
Cek Diabetes,564,1676,4,40000.00,active,"2024-06-27 09:51:59","2024-11-04 08:42:32",Dev Token,Dev Token
Diabetes Test,564,1676,4,40000.00,active,"2024-06-27 09:51:59","2024-11-04 08:42:32",Dev Token,Dev Token
Cek Elektrolit,565,1677,2,20000.00,active,"2024-06-27 09:52:01","2024-11-04 08:42:34",Dev Token,Dev Token
Electrolyte Test,565,1677,2,20000.00,active,"2024-06-27 09:52:01","2024-11-04 08:42:34",Dev Token,Dev Token
Cek Elektrolit,566,1677,3,30000.00,active,"2024-06-27 09:52:02","2024-11-04 08:42:35",Dev Token,Dev Token
Electrolyte Test,566,1677,3,30000.00,active,"2024-06-27 09:52:02","2024-11-04 08:42:35",Dev Token,Dev Token
Cek Elektrolit,567,1677,4,40000.00,active,"2024-06-27 09:52:04","2024-11-04 08:42:36",Dev Token,Dev Token
Electrolyte Test,567,1677,4,40000.00,active,"2024-06-27 09:52:04","2024-11-04 08:42:36",Dev Token,Dev Token
Cek Darah Lengkap (Hematologi Lengkap),568,3239,2,20000.00,active,"2024-06-27 09:52:05","2024-11-04 08:42:21",Dev Token,Dev Token
Complete Blood Count Test,568,3239,2,20000.00,active,"2024-06-27 09:52:05","2024-11-04 08:42:21",Dev Token,Dev Token
Cek Darah Lengkap (Hematologi Lengkap),569,3239,3,30000.00,active,"2024-06-27 09:52:07","2024-11-04 08:42:22",Dev Token,Dev Token
Complete Blood Count Test,569,3239,3,30000.00,active,"2024-06-27 09:52:07","2024-11-04 08:42:22",Dev Token,Dev Token
Cek Darah Lengkap (Hematologi Lengkap),570,3239,4,40000.00,active,"2024-06-27 09:52:08","2024-11-04 08:42:23",Dev Token,Dev Token
Complete Blood Count Test,570,3239,4,40000.00,active,"2024-06-27 09:52:08","2024-11-04 08:42:23",Dev Token,Dev Token
Cek Darah Untuk Demam Berdarah,571,3291,2,20000.00,active,"2024-06-27 09:52:10","2024-11-04 08:41:54",Dev Token,Dev Token
Dengue Fever Test,571,3291,2,20000.00,active,"2024-06-27 09:52:10","2024-11-04 08:41:54",Dev Token,Dev Token
Cek Darah Untuk Demam Berdarah,572,3291,3,30000.00,active,"2024-06-27 09:52:11","2024-11-04 08:41:55",Dev Token,Dev Token
Dengue Fever Test,572,3291,3,30000.00,active,"2024-06-27 09:52:11","2024-11-04 08:41:55",Dev Token,Dev Token
Cek Darah Untuk Demam Berdarah,573,3291,4,40000.00,active,"2024-06-27 09:52:13","2024-11-04 08:41:57",Dev Token,Dev Token
Dengue Fever Test,573,3291,4,40000.00,active,"2024-06-27 09:52:13","2024-11-04 08:41:57",Dev Token,Dev Token
Medical Check Up Hemat,574,1680,2,20000.00,active,"2024-06-27 09:52:15","2024-11-04 08:42:24",Dev Token,Dev Token
Pocket-friendly Medical Check Up,574,1680,2,20000.00,active,"2024-06-27 09:52:15","2024-11-04 08:42:24",Dev Token,Dev Token
Medical Check Up Hemat,575,1680,3,30000.00,active,"2024-06-27 09:52:17","2024-11-04 08:42:25",Dev Token,Dev Token
Pocket-friendly Medical Check Up,575,1680,3,30000.00,active,"2024-06-27 09:52:17","2024-11-04 08:42:25",Dev Token,Dev Token
Medical Check Up Hemat,576,1680,4,40000.00,active,"2024-06-27 09:52:19","2024-11-04 08:42:26",Dev Token,Dev Token
Pocket-friendly Medical Check Up,576,1680,4,40000.00,active,"2024-06-27 09:52:19","2024-11-04 08:42:26",Dev Token,Dev Token
Medical Check Up Standar,577,1681,2,20000.00,active,"2024-06-27 09:52:21","2024-11-04 08:42:27",Dev Token,Dev Token
Standard Medical Check Up,577,1681,2,20000.00,active,"2024-06-27 09:52:21","2024-11-04 08:42:27",Dev Token,Dev Token
Medical Check Up Standar,578,1681,3,30000.00,active,"2024-06-27 09:52:22","2024-11-04 08:42:28",Dev Token,Dev Token
Standard Medical Check Up,578,1681,3,30000.00,active,"2024-06-27 09:52:22","2024-11-04 08:42:28",Dev Token,Dev Token
Medical Check Up Standar,579,1681,4,40000.00,active,"2024-06-27 09:52:24","2024-11-04 08:42:29",Dev Token,Dev Token
Standard Medical Check Up,579,1681,4,40000.00,active,"2024-06-27 09:52:24","2024-11-04 08:42:29",Dev Token,Dev Token
Cek Fungsi Ginjal,580,1682,2,20000.00,active,"2024-06-27 09:52:25","2024-11-04 08:42:37",Dev Token,Dev Token
Renal Function test,580,1682,2,20000.00,active,"2024-06-27 09:52:25","2024-11-04 08:42:37",Dev Token,Dev Token
Cek Fungsi Ginjal,581,1682,3,30000.00,active,"2024-06-27 09:52:27","2024-11-04 08:42:38",Dev Token,Dev Token
Renal Function test,581,1682,3,30000.00,active,"2024-06-27 09:52:27","2024-11-04 08:42:38",Dev Token,Dev Token
Cek Fungsi Ginjal,582,1682,4,40000.00,active,"2024-06-27 09:52:29","2024-11-04 08:42:39",Dev Token,Dev Token
Renal Function test,582,1682,4,40000.00,active,"2024-06-27 09:52:29","2024-11-04 08:42:39",Dev Token,Dev Token
Cek Kolesterol,583,1683,2,20000.00,active,"2024-06-27 09:52:31","2024-11-04 08:43:29",Dev Token,Dev Token
Cholesterol Test,583,1683,2,20000.00,active,"2024-06-27 09:52:31","2024-11-04 08:43:29",Dev Token,Dev Token
Cek Kolesterol,584,1683,3,30000.00,active,"2024-06-27 09:52:32","2024-11-04 08:43:30",Dev Token,Dev Token
Cholesterol Test,584,1683,3,30000.00,active,"2024-06-27 09:52:32","2024-11-04 08:43:30",Dev Token,Dev Token
Cek Kolesterol,585,1683,4,40000.00,active,"2024-06-27 09:52:33","2024-11-04 08:43:31",Dev Token,Dev Token
Cholesterol Test,585,1683,4,40000.00,active,"2024-06-27 09:52:33","2024-11-04 08:43:31",Dev Token,Dev Token
Cek Fungsi Hati,586,1684,2,20000.00,active,"2024-06-27 09:52:35","2024-11-04 08:43:32",Dev Token,Dev Token
Liver Function Test,586,1684,2,20000.00,active,"2024-06-27 09:52:35","2024-11-04 08:43:32",Dev Token,Dev Token
Cek Fungsi Hati,587,1684,3,30000.00,active,"2024-06-27 09:52:36","2024-11-04 08:43:33",Dev Token,Dev Token
Liver Function Test,587,1684,3,30000.00,active,"2024-06-27 09:52:36","2024-11-04 08:43:33",Dev Token,Dev Token
Cek Fungsi Hati,588,1684,4,40000.00,active,"2024-06-27 09:52:38","2024-11-04 08:43:34",Dev Token,Dev Token
Liver Function Test,588,1684,4,40000.00,active,"2024-06-27 09:52:38","2024-11-04 08:43:34",Dev Token,Dev Token
Cek Anemia dan Zat Besi,589,3228,2,20000.00,active,"2024-06-27 09:52:40","2024-11-04 08:42:11",Dev Token,Dev Token
Anemia Test and Iron Level,589,3228,2,20000.00,active,"2024-06-27 09:52:40","2024-11-04 08:42:11",Dev Token,Dev Token
Cek Anemia dan Zat Besi,590,3228,3,30000.00,active,"2024-06-27 09:52:41","2024-11-04 08:42:12",Dev Token,Dev Token
Anemia Test and Iron Level,590,3228,3,30000.00,active,"2024-06-27 09:52:41","2024-11-04 08:42:12",Dev Token,Dev Token
Cek Anemia dan Zat Besi,591,3228,4,40000.00,active,"2024-06-27 09:52:43","2024-11-04 08:42:13",Dev Token,Dev Token
Anemia Test and Iron Level,591,3228,4,40000.00,active,"2024-06-27 09:52:43","2024-11-04 08:42:13",Dev Token,Dev Token
Cek Kolesterol dan Gula Darah,592,1686,2,20000.00,active,"2024-06-27 09:52:44","2024-11-04 08:43:35",Dev Token,Dev Token
Cholesterol and Blood Sugar Test,592,1686,2,20000.00,active,"2024-06-27 09:52:44","2024-11-04 08:43:35",Dev Token,Dev Token
Cek Kolesterol dan Gula Darah,593,1686,3,30000.00,active,"2024-06-27 09:52:46","2024-11-04 08:43:36",Dev Token,Dev Token
Cholesterol and Blood Sugar Test,593,1686,3,30000.00,active,"2024-06-27 09:52:46","2024-11-04 08:43:36",Dev Token,Dev Token
Cek Kolesterol dan Gula Darah,594,1686,4,40000.00,active,"2024-06-27 09:52:47","2024-11-04 08:43:37",Dev Token,Dev Token
Cholesterol and Blood Sugar Test,594,1686,4,40000.00,active,"2024-06-27 09:52:47","2024-11-04 08:43:37",Dev Token,Dev Token
Cek Infeksi Menular Seksual,595,1687,2,20000.00,active,"2024-06-27 09:52:49","2024-11-04 08:43:39",Dev Token,Dev Token
Sexual Transmitted Infection Test,595,1687,2,20000.00,active,"2024-06-27 09:52:49","2024-11-04 08:43:39",Dev Token,Dev Token
Cek Infeksi Menular Seksual,596,1687,3,30000.00,active,"2024-06-27 09:52:50","2024-11-04 08:43:40",Dev Token,Dev Token
Sexual Transmitted Infection Test,596,1687,3,30000.00,active,"2024-06-27 09:52:50","2024-11-04 08:43:40",Dev Token,Dev Token
Cek Infeksi Menular Seksual,597,1687,4,40000.00,active,"2024-06-27 09:52:52","2024-11-04 08:43:41",Dev Token,Dev Token
Sexual Transmitted Infection Test,597,1687,4,40000.00,active,"2024-06-27 09:52:52","2024-11-04 08:43:41",Dev Token,Dev Token
Cek Hormon Tiroid,598,1688,2,20000.00,active,"2024-06-27 09:52:53","2024-11-04 08:43:42",Dev Token,Dev Token
Thyroid Hormone Test,598,1688,2,20000.00,active,"2024-06-27 09:52:53","2024-11-04 08:43:42",Dev Token,Dev Token
Cek Hormon Tiroid,599,1688,3,30000.00,active,"2024-06-27 09:52:55","2024-11-04 08:43:43",Dev Token,Dev Token
Thyroid Hormone Test,599,1688,3,30000.00,active,"2024-06-27 09:52:55","2024-11-04 08:43:43",Dev Token,Dev Token
Cek Hormon Tiroid,600,1688,4,40000.00,active,"2024-06-27 09:52:56","2024-11-04 08:43:44",Dev Token,Dev Token
Thyroid Hormone Test,600,1688,4,40000.00,active,"2024-06-27 09:52:56","2024-11-04 08:43:44",Dev Token,Dev Token
Medical Check Up Lengkap,601,3217,2,20000.00,active,"2024-06-27 09:52:58","2024-11-04 08:42:17",Dev Token,Dev Token
Full Medical Check Up,601,3217,2,20000.00,active,"2024-06-27 09:52:58","2024-11-04 08:42:17",Dev Token,Dev Token
Medical Check Up Lengkap,602,3217,3,30000.00,active,"2024-06-27 09:53:00","2024-11-04 08:42:18",Dev Token,Dev Token
Full Medical Check Up,602,3217,3,30000.00,active,"2024-06-27 09:53:00","2024-11-04 08:42:18",Dev Token,Dev Token
Medical Check Up Lengkap,603,3217,4,40000.00,active,"2024-06-27 09:53:02","2024-11-04 08:42:20",Dev Token,Dev Token
Full Medical Check Up,603,3217,4,40000.00,active,"2024-06-27 09:53:02","2024-11-04 08:42:20",Dev Token,Dev Token
Cek Kesehatan Pranikah,604,3260,2,20000.00,active,"2024-06-27 09:53:03","2024-11-04 08:42:14",Dev Token,Dev Token
Premarital Check Up,604,3260,2,20000.00,active,"2024-06-27 09:53:03","2024-11-04 08:42:14",Dev Token,Dev Token
Cek Kesehatan Pranikah,605,3260,3,30000.00,active,"2024-06-27 09:53:04","2024-11-04 08:42:15",Dev Token,Dev Token
Premarital Check Up,605,3260,3,30000.00,active,"2024-06-27 09:53:04","2024-11-04 08:42:15",Dev Token,Dev Token
Cek Kesehatan Pranikah,606,3260,4,40000.00,active,"2024-06-27 09:53:06","2024-11-04 08:42:16",Dev Token,Dev Token
Premarital Check Up,606,3260,4,40000.00,active,"2024-06-27 09:53:06","2024-11-04 08:42:16",Dev Token,Dev Token
Cek Infeksi Saluran Kemih,607,3280,2,20000.00,active,"2024-06-27 09:53:07","2024-11-04 08:42:01",Dev Token,Dev Token
Urinary Tract Infection Test,607,3280,2,20000.00,active,"2024-06-27 09:53:07","2024-11-04 08:42:01",Dev Token,Dev Token
Cek Infeksi Saluran Kemih,608,3280,3,30000.00,active,"2024-06-27 09:53:09","2024-11-04 08:42:02",Dev Token,Dev Token
Urinary Tract Infection Test,608,3280,3,30000.00,active,"2024-06-27 09:53:09","2024-11-04 08:42:02",Dev Token,Dev Token
Cek Infeksi Saluran Kemih,609,3280,4,40000.00,active,"2024-06-27 09:53:11","2024-11-04 08:42:03",Dev Token,Dev Token
Urinary Tract Infection Test,609,3280,4,40000.00,active,"2024-06-27 09:53:11","2024-11-04 08:42:03",Dev Token,Dev Token
Vaksinasi HPV Kuadrivalen (Gardasil),610,1692,2,20000.00,active,"2024-06-27 09:53:12","2024-11-04 08:43:48",Dev Token,Dev Token
HPV Quadrivalent Vaccination (Gardasil),610,1692,2,20000.00,active,"2024-06-27 09:53:12","2024-11-04 08:43:48",Dev Token,Dev Token
Vaksinasi HPV Kuadrivalen (Gardasil),611,1692,3,30000.00,active,"2024-06-27 09:53:14","2024-11-04 08:43:49",Dev Token,Dev Token
HPV Quadrivalent Vaccination (Gardasil),611,1692,3,30000.00,active,"2024-06-27 09:53:14","2024-11-04 08:43:49",Dev Token,Dev Token
Vaksinasi HPV Kuadrivalen (Gardasil),612,1692,4,40000.00,active,"2024-06-27 09:53:15","2024-11-04 08:43:50",Dev Token,Dev Token
HPV Quadrivalent Vaccination (Gardasil),612,1692,4,40000.00,active,"2024-06-27 09:53:15","2024-11-04 08:43:50",Dev Token,Dev Token
Vaksinasi Influenza (Vaxigrip Tetra),613,1693,2,20000.00,active,"2024-06-27 09:53:17","2024-11-04 08:43:51",Dev Token,Dev Token
Influenza Vaccination (Vaxigrip Tetra),613,1693,2,20000.00,active,"2024-06-27 09:53:17","2024-11-04 08:43:51",Dev Token,Dev Token
Vaksinasi Influenza (Vaxigrip Tetra),614,1693,3,30000.00,active,"2024-06-27 09:53:19","2024-11-04 08:43:52",Dev Token,Dev Token
Influenza Vaccination (Vaxigrip Tetra),614,1693,3,30000.00,active,"2024-06-27 09:53:19","2024-11-04 08:43:52",Dev Token,Dev Token
Vaksinasi Influenza (Vaxigrip Tetra),615,1693,4,40000.00,active,"2024-06-27 09:53:21","2024-11-04 08:43:54",Dev Token,Dev Token
Influenza Vaccination (Vaxigrip Tetra),615,1693,4,40000.00,active,"2024-06-27 09:53:21","2024-11-04 08:43:54",Dev Token,Dev Token
Infus Drip Vitamin C,616,1694,2,20000.00,active,"2024-06-27 09:53:23","2024-11-04 08:42:53",Dev Token,Dev Token
Vitamin C Infusion Drip,616,1694,2,20000.00,active,"2024-06-27 09:53:23","2024-11-04 08:42:53",Dev Token,Dev Token
Infus Drip Vitamin C,617,1694,3,30000.00,active,"2024-06-27 09:53:24","2024-11-04 08:42:54",Dev Token,Dev Token
Vitamin C Infusion Drip,617,1694,3,30000.00,active,"2024-06-27 09:53:24","2024-11-04 08:42:54",Dev Token,Dev Token
Infus Drip Vitamin C,618,1694,4,40000.00,active,"2024-06-27 09:53:26","2024-11-04 08:42:55",Dev Token,Dev Token
Vitamin C Infusion Drip,618,1694,4,40000.00,active,"2024-06-27 09:53:26","2024-11-04 08:42:55",Dev Token,Dev Token
Injeksi Vitamin C,619,1951,2,20000.00,active,"2024-06-27 09:53:27","2024-11-04 08:42:56",Dev Token,Dev Token
Vitamin C Injection,619,1951,2,20000.00,active,"2024-06-27 09:53:27","2024-11-04 08:42:56",Dev Token,Dev Token
Injeksi Vitamin C,620,1951,3,30000.00,active,"2024-06-27 09:53:29","2024-11-04 08:42:57",Dev Token,Dev Token
Vitamin C Injection,620,1951,3,30000.00,active,"2024-06-27 09:53:29","2024-11-04 08:42:57",Dev Token,Dev Token
Injeksi Vitamin C,621,1951,4,40000.00,active,"2024-06-27 09:53:30","2024-11-04 08:42:59",Dev Token,Dev Token
Vitamin C Injection,621,1951,4,40000.00,active,"2024-06-27 09:53:30","2024-11-04 08:42:59",Dev Token,Dev Token
Vaksinasi Pneumonia PCV13 (Prevenar),622,1695,2,20000.00,active,"2024-06-27 09:53:32","2024-11-04 08:43:00",Dev Token,Dev Token
Pneumonia PCV13 Vaccination (Prevenar),622,1695,2,20000.00,active,"2024-06-27 09:53:32","2024-11-04 08:43:00",Dev Token,Dev Token
Vaksinasi Pneumonia PCV13 (Prevenar),623,1695,3,30000.00,active,"2024-06-27 09:53:34","2024-11-04 08:43:01",Dev Token,Dev Token
Pneumonia PCV13 Vaccination (Prevenar),623,1695,3,30000.00,active,"2024-06-27 09:53:34","2024-11-04 08:43:01",Dev Token,Dev Token
Vaksinasi Pneumonia PCV13 (Prevenar),624,1695,4,40000.00,active,"2024-06-27 09:53:36","2024-11-04 08:43:02",Dev Token,Dev Token
Pneumonia PCV13 Vaccination (Prevenar),624,1695,4,40000.00,active,"2024-06-27 09:53:36","2024-11-04 08:43:02",Dev Token,Dev Token
Vaksinasi Rotavirus (Rotarix),625,1696,2,20000.00,active,"2024-06-27 09:53:37","2024-11-04 08:43:03",Dev Token,Dev Token
Rotavirus Vaccination (Rotarix),625,1696,2,20000.00,active,"2024-06-27 09:53:37","2024-11-04 08:43:03",Dev Token,Dev Token
Vaksinasi Rotavirus (Rotarix),626,1696,3,30000.00,active,"2024-06-27 09:53:39","2024-11-04 08:43:04",Dev Token,Dev Token
Rotavirus Vaccination (Rotarix),626,1696,3,30000.00,active,"2024-06-27 09:53:39","2024-11-04 08:43:04",Dev Token,Dev Token
Vaksinasi Rotavirus (Rotarix),627,1696,4,40000.00,active,"2024-06-27 09:53:41","2024-11-04 08:43:05",Dev Token,Dev Token
Rotavirus Vaccination (Rotarix),627,1696,4,40000.00,active,"2024-06-27 09:53:41","2024-11-04 08:43:05",Dev Token,Dev Token
Vaksinasi Tdap (Boostrix),628,1697,2,20000.00,active,"2024-06-27 09:53:43","2024-11-04 08:43:06",Dev Token,Dev Token
Tdap Vaccination (Boostrix),628,1697,2,20000.00,active,"2024-06-27 09:53:43","2024-11-04 08:43:06",Dev Token,Dev Token
Vaksinasi Tdap (Boostrix),629,1697,3,30000.00,active,"2024-06-27 09:53:45","2024-11-04 08:43:07",Dev Token,Dev Token
Tdap Vaccination (Boostrix),629,1697,3,30000.00,active,"2024-06-27 09:53:45","2024-11-04 08:43:07",Dev Token,Dev Token
Vaksinasi Tdap (Boostrix),630,1697,4,40000.00,active,"2024-06-27 09:53:46","2024-11-04 08:43:08",Dev Token,Dev Token
Tdap Vaccination (Boostrix),630,1697,4,40000.00,active,"2024-06-27 09:53:46","2024-11-04 08:43:08",Dev Token,Dev Token
Vaksinasi Tifoid (Typhim Vi),631,1698,2,20000.00,active,"2024-06-27 09:53:47","2024-11-04 08:43:09",Dev Token,Dev Token
Typhoid Vaccination (Typhim Vi),631,1698,2,20000.00,active,"2024-06-27 09:53:47","2024-11-04 08:43:09",Dev Token,Dev Token
Vaksinasi Tifoid (Typhim Vi),632,1698,3,30000.00,active,"2024-06-27 09:53:49","2024-11-04 08:43:10",Dev Token,Dev Token
Typhoid Vaccination (Typhim Vi),632,1698,3,30000.00,active,"2024-06-27 09:53:49","2024-11-04 08:43:10",Dev Token,Dev Token
Vaksinasi Tifoid (Typhim Vi),633,1698,4,40000.00,active,"2024-06-27 09:53:51","2024-11-04 08:43:12",Dev Token,Dev Token
Typhoid Vaccination (Typhim Vi),633,1698,4,40000.00,active,"2024-06-27 09:53:51","2024-11-04 08:43:12",Dev Token,Dev Token
Vaksinasi Hepatitis A Anak (Havrix Junior 720),634,1699,2,20000.00,active,"2024-06-27 09:53:52","2024-11-04 08:43:13",Dev Token,Dev Token
Hepatitis A Child Vaccination (Havrix Junior 720),634,1699,2,20000.00,active,"2024-06-27 09:53:52","2024-11-04 08:43:13",Dev Token,Dev Token
Vaksinasi Hepatitis A Anak (Havrix Junior 720),635,1699,3,30000.00,active,"2024-06-27 09:53:54","2024-11-04 08:43:14",Dev Token,Dev Token
Hepatitis A Child Vaccination (Havrix Junior 720),635,1699,3,30000.00,active,"2024-06-27 09:53:54","2024-11-04 08:43:14",Dev Token,Dev Token
Vaksinasi Hepatitis A Anak (Havrix Junior 720),636,1699,4,40000.00,active,"2024-06-27 09:53:55","2024-11-04 08:43:15",Dev Token,Dev Token
Hepatitis A Child Vaccination (Havrix Junior 720),636,1699,4,40000.00,active,"2024-06-27 09:53:55","2024-11-04 08:43:15",Dev Token,Dev Token
Paket Vaksinasi Influenza (Vaxigrip Tetra) + Pneumonia PCV13,637,1700,2,20000.00,active,"2024-06-27 09:53:57","2024-11-04 08:43:16",Dev Token,Dev Token
Influenza (Vaxigrip Tetra) + Pneumonia PCV13 Vaccination Bundle,637,1700,2,20000.00,active,"2024-06-27 09:53:57","2024-11-04 08:43:16",Dev Token,Dev Token
Paket Vaksinasi Influenza (Vaxigrip Tetra) + Pneumonia PCV13,638,1700,3,30000.00,active,"2024-06-27 09:53:58","2024-11-04 08:43:17",Dev Token,Dev Token
Influenza (Vaxigrip Tetra) + Pneumonia PCV13 Vaccination Bundle,638,1700,3,30000.00,active,"2024-06-27 09:53:58","2024-11-04 08:43:17",Dev Token,Dev Token
Paket Vaksinasi Influenza (Vaxigrip Tetra) + Pneumonia PCV13,639,1700,4,40000.00,active,"2024-06-27 09:53:59","2024-11-04 08:43:18",Dev Token,Dev Token
Influenza (Vaxigrip Tetra) + Pneumonia PCV13 Vaccination Bundle,639,1700,4,40000.00,active,"2024-06-27 09:53:59","2024-11-04 08:43:18",Dev Token,Dev Token
Vaksinasi DTaP-POLIO IPV-HIB-HEP B (Hexaxim),640,1701,2,20000.00,active,"2024-06-27 09:54:01","2024-11-04 08:43:19",Dev Token,Dev Token
DTaP-POLIO IPV-HIB-HEP B Vaccination (Hexaxim),640,1701,2,20000.00,active,"2024-06-27 09:54:01","2024-11-04 08:43:19",Dev Token,Dev Token
Vaksinasi DTaP-POLIO IPV-HIB-HEP B (Hexaxim),641,1701,3,30000.00,active,"2024-06-27 09:54:03","2024-11-04 08:43:20",Dev Token,Dev Token
DTaP-POLIO IPV-HIB-HEP B Vaccination (Hexaxim),641,1701,3,30000.00,active,"2024-06-27 09:54:03","2024-11-04 08:43:20",Dev Token,Dev Token
Vaksinasi DTaP-POLIO IPV-HIB-HEP B (Hexaxim),642,1701,4,40000.00,active,"2024-06-27 09:54:04","2024-11-04 08:43:21",Dev Token,Dev Token
DTaP-POLIO IPV-HIB-HEP B Vaccination (Hexaxim),642,1701,4,40000.00,active,"2024-06-27 09:54:04","2024-11-04 08:43:21",Dev Token,Dev Token
Vaksinasi MMR (M-M-R II),643,1702,2,20000.00,active,"2024-06-27 09:54:06","2024-11-04 08:43:22",Dev Token,Dev Token
MMR Vaccination (M-M-R II),643,1702,2,20000.00,active,"2024-06-27 09:54:06","2024-11-04 08:43:22",Dev Token,Dev Token
Vaksinasi MMR (M-M-R II),644,1702,3,30000.00,active,"2024-06-27 09:54:07","2024-11-04 08:43:24",Dev Token,Dev Token
MMR Vaccination (M-M-R II),644,1702,3,30000.00,active,"2024-06-27 09:54:07","2024-11-04 08:43:24",Dev Token,Dev Token
Vaksinasi MMR (M-M-R II),645,1702,4,40000.00,active,"2024-06-27 09:54:09","2024-11-04 08:43:25",Dev Token,Dev Token
MMR Vaccination (M-M-R II),645,1702,4,40000.00,active,"2024-06-27 09:54:09","2024-11-04 08:43:25",Dev Token,Dev Token
Vaksinasi Cacar Air/Varicella (Varivax),646,1703,2,20000.00,active,"2024-06-27 09:54:11","2024-11-04 08:43:26",Dev Token,Dev Token
Varicella Vaccination (Varivax),646,1703,2,20000.00,active,"2024-06-27 09:54:11","2024-11-04 08:43:26",Dev Token,Dev Token
Vaksinasi Cacar Air/Varicella (Varivax),647,1703,3,30000.00,active,"2024-06-27 09:54:12","2024-11-04 08:43:27",Dev Token,Dev Token
Varicella Vaccination (Varivax),647,1703,3,30000.00,active,"2024-06-27 09:54:12","2024-11-04 08:43:27",Dev Token,Dev Token
Vaksinasi Cacar Air/Varicella (Varivax),648,1703,4,40000.00,active,"2024-06-27 09:54:14","2024-11-04 08:43:28",Dev Token,Dev Token
Varicella Vaccination (Varivax),648,1703,4,40000.00,active,"2024-06-27 09:54:14","2024-11-04 08:43:28",Dev Token,Dev Token
Vaksinasi Demam Berdarah (QDenga),649,1704,2,20000.00,active,"2024-06-27 09:54:16","2024-11-04 08:42:40",Dev Token,Dev Token
Dengue Vaccination (QDenga),649,1704,2,20000.00,active,"2024-06-27 09:54:16","2024-11-04 08:42:40",Dev Token,Dev Token
Vaksinasi Demam Berdarah (QDenga),650,1704,3,30000.00,active,"2024-06-27 09:54:17","2024-11-04 08:42:41",Dev Token,Dev Token
Dengue Vaccination (QDenga),650,1704,3,30000.00,active,"2024-06-27 09:54:17","2024-11-04 08:42:41",Dev Token,Dev Token
Vaksinasi Demam Berdarah (QDenga),651,1704,4,40000.00,active,"2024-06-27 09:54:19","2024-11-04 08:42:42",Dev Token,Dev Token
Dengue Vaccination (QDenga),651,1704,4,40000.00,active,"2024-06-27 09:54:19","2024-11-04 08:42:42",Dev Token,Dev Token
Vaksinasi Hepatitis B Dewasa (Engerix-B 20),652,1705,2,20000.00,active,"2024-06-27 09:54:21","2024-11-04 08:42:43",Dev Token,Dev Token
Hepatitis B Adult Vaccination (Engerix-B 20),652,1705,2,20000.00,active,"2024-06-27 09:54:21","2024-11-04 08:42:43",Dev Token,Dev Token
Vaksinasi Hepatitis B Dewasa (Engerix-B 20),653,1705,3,30000.00,active,"2024-06-27 09:54:23","2024-11-04 08:42:44",Dev Token,Dev Token
Hepatitis B Adult Vaccination (Engerix-B 20),653,1705,3,30000.00,active,"2024-06-27 09:54:23","2024-11-04 08:42:44",Dev Token,Dev Token
Vaksinasi Hepatitis B Dewasa (Engerix-B 20),654,1705,4,40000.00,active,"2024-06-27 09:54:25","2024-11-04 08:42:45",Dev Token,Dev Token
Hepatitis B Adult Vaccination (Engerix-B 20),654,1705,4,40000.00,active,"2024-06-27 09:54:25","2024-11-04 08:42:45",Dev Token,Dev Token
Vaksinasi Meningokokus Polisakarida (Menivax ACYW),655,1706,2,20000.00,active,"2024-06-27 09:54:26","2024-11-04 08:42:46",Dev Token,Dev Token
Meningococcal Polysaccharide Vaccination (Menivax ACYW),655,1706,2,20000.00,active,"2024-06-27 09:54:26","2024-11-04 08:42:46",Dev Token,Dev Token
Vaksinasi Meningokokus Polisakarida (Menivax ACYW),656,1706,3,30000.00,active,"2024-06-27 09:54:28","2024-11-04 08:42:48",Dev Token,Dev Token
Meningococcal Polysaccharide Vaccination (Menivax ACYW),656,1706,3,30000.00,active,"2024-06-27 09:54:28","2024-11-04 08:42:48",Dev Token,Dev Token
Vaksinasi Meningokokus Polisakarida (Menivax ACYW),657,1706,4,40000.00,active,"2024-06-27 09:54:29","2024-11-04 08:42:49",Dev Token,Dev Token
Meningococcal Polysaccharide Vaccination (Menivax ACYW),657,1706,4,40000.00,active,"2024-06-27 09:54:29","2024-11-04 08:42:49",Dev Token,Dev Token
Infus Multivitamin (Cernevit),658,1707,2,20000.00,active,"2024-06-27 09:54:31","2024-11-04 08:42:50",Dev Token,Dev Token
Multivitamin Infusion (Cernevit),658,1707,2,20000.00,active,"2024-06-27 09:54:31","2024-11-04 08:42:50",Dev Token,Dev Token
Infus Multivitamin (Cernevit),659,1707,3,30000.00,active,"2024-06-27 09:54:33","2024-11-04 08:42:51",Dev Token,Dev Token
Multivitamin Infusion (Cernevit),659,1707,3,30000.00,active,"2024-06-27 09:54:33","2024-11-04 08:42:51",Dev Token,Dev Token
Infus Multivitamin (Cernevit),660,1707,4,40000.00,active,"2024-06-27 09:54:35","2024-11-04 08:42:52",Dev Token,Dev Token
Multivitamin Infusion (Cernevit),660,1707,4,40000.00,active,"2024-06-27 09:54:35","2024-11-04 08:42:52",Dev Token,Dev Token
Vaksinasi HPV Nonavalen (Gardasil 9),661,2187,2,20000.00,active,"2024-06-27 09:54:37","2024-11-04 08:43:45",Dev Token,Dev Token
HPV Nonavalent Vaccination (Gardasil 9),661,2187,2,20000.00,active,"2024-06-27 09:54:37","2024-11-04 08:43:45",Dev Token,Dev Token
Vaksinasi HPV Nonavalen (Gardasil 9),662,2187,3,30000.00,active,"2024-06-27 09:54:39","2024-11-04 08:43:46",Dev Token,Dev Token
HPV Nonavalent Vaccination (Gardasil 9),662,2187,3,30000.00,active,"2024-06-27 09:54:39","2024-11-04 08:43:46",Dev Token,Dev Token
Vaksinasi HPV Nonavalen (Gardasil 9),663,2187,4,40000.00,active,"2024-06-27 09:54:40","2024-11-04 08:43:47",Dev Token,Dev Token
HPV Nonavalent Vaccination (Gardasil 9),663,2187,4,40000.00,active,"2024-06-27 09:54:40","2024-11-04 08:43:47",Dev Token,Dev Token
Injeksi Vitamin B12 (Saraf & Otak),664,2723,2,20000.00,active,"2024-06-27 09:54:42","2024-11-04 08:42:04",Dev Token,Dev Token
Vitamin B12 Injection (Neuron & Brain),664,2723,2,20000.00,active,"2024-06-27 09:54:42","2024-11-04 08:42:04",Dev Token,Dev Token
Injeksi Vitamin B12 (Saraf & Otak),665,2723,3,30000.00,active,"2024-06-27 09:54:43","2024-11-04 08:42:05",Dev Token,Dev Token
Vitamin B12 Injection (Neuron & Brain),665,2723,3,30000.00,active,"2024-06-27 09:54:43","2024-11-04 08:42:05",Dev Token,Dev Token
Injeksi Vitamin B12 (Saraf & Otak),666,2723,4,40000.00,active,"2024-06-27 09:54:45","2024-11-04 08:42:06",Dev Token,Dev Token
Vitamin B12 Injection (Neuron & Brain),666,2723,4,40000.00,active,"2024-06-27 09:54:45","2024-11-04 08:42:06",Dev Token,Dev Token
Cek Darah Untuk Alergi,667,3250,2,20000.00,active,"2024-06-27 09:54:46","2024-11-04 09:02:02",Dev Token,Dev Token
Allergy Blood Test,667,3250,2,20000.00,active,"2024-06-27 09:54:46","2024-11-04 09:02:02",Dev Token,Dev Token
Cek Darah Untuk Alergi,668,3250,3,30000.00,active,"2024-06-27 09:54:48","2024-11-04 09:02:03",Dev Token,Dev Token
Allergy Blood Test,668,3250,3,30000.00,active,"2024-06-27 09:54:48","2024-11-04 09:02:03",Dev Token,Dev Token
Cek Darah Untuk Alergi,669,3250,4,40000.00,active,"2024-06-27 09:54:49","2024-11-04 09:02:04",Dev Token,Dev Token
Allergy Blood Test,669,3250,4,40000.00,active,"2024-06-27 09:54:49","2024-11-04 09:02:04",Dev Token,Dev Token
Cek Lab Untuk Demam,670,3271,2,20000.00,active,"2024-06-27 09:54:50","2024-11-04 09:01:52",Dev Token,Dev Token
Lab Test for Fever,670,3271,2,20000.00,active,"2024-06-27 09:54:50","2024-11-04 09:01:52",Dev Token,Dev Token
Cek Lab Untuk Demam,671,3271,3,30000.00,active,"2024-06-27 09:54:52","2024-11-04 09:01:53",Dev Token,Dev Token
Lab Test for Fever,671,3271,3,30000.00,active,"2024-06-27 09:54:52","2024-11-04 09:01:53",Dev Token,Dev Token
Cek Lab Untuk Demam,672,3271,4,40000.00,active,"2024-06-27 09:54:53","2024-11-04 09:01:54",Dev Token,Dev Token
Lab Test for Fever,672,3271,4,40000.00,active,"2024-06-27 09:54:53","2024-11-04 09:01:54",Dev Token,Dev Token
Cek Diabetes,673,1981,2,20000.00,active,"2024-06-27 09:54:55","2024-11-04 09:02:24",Dev Token,Dev Token
Diabetes Test,673,1981,2,20000.00,active,"2024-06-27 09:54:55","2024-11-04 09:02:24",Dev Token,Dev Token
Cek Diabetes,674,1981,3,30000.00,active,"2024-06-27 09:54:56","2024-11-04 09:02:25",Dev Token,Dev Token
Diabetes Test,674,1981,3,30000.00,active,"2024-06-27 09:54:56","2024-11-04 09:02:25",Dev Token,Dev Token
Cek Diabetes,675,1981,4,40000.00,active,"2024-06-27 09:54:57","2024-11-04 09:02:26",Dev Token,Dev Token
Diabetes Test,675,1981,4,40000.00,active,"2024-06-27 09:54:57","2024-11-04 09:02:26",Dev Token,Dev Token
Cek Elektrolit,676,1982,2,20000.00,active,"2024-06-27 09:54:59","2024-11-04 09:02:27",Dev Token,Dev Token
Electrolyte Test,676,1982,2,20000.00,active,"2024-06-27 09:54:59","2024-11-04 09:02:27",Dev Token,Dev Token
Cek Elektrolit,677,1982,3,30000.00,active,"2024-06-27 09:55:00","2024-11-04 09:02:28",Dev Token,Dev Token
Electrolyte Test,677,1982,3,30000.00,active,"2024-06-27 09:55:00","2024-11-04 09:02:28",Dev Token,Dev Token
Cek Elektrolit,678,1982,4,40000.00,active,"2024-06-27 09:55:02","2024-11-04 09:02:29",Dev Token,Dev Token
Electrolyte Test,678,1982,4,40000.00,active,"2024-06-27 09:55:02","2024-11-04 09:02:29",Dev Token,Dev Token
Cek Darah Lengkap (Hematologi Lengkap),679,3240,2,20000.00,active,"2024-06-27 09:55:03","2024-11-04 09:02:14",Dev Token,Dev Token
Complete Blood Count Test,679,3240,2,20000.00,active,"2024-06-27 09:55:03","2024-11-04 09:02:14",Dev Token,Dev Token
Cek Darah Lengkap (Hematologi Lengkap),680,3240,3,30000.00,active,"2024-06-27 09:55:05","2024-11-04 09:02:16",Dev Token,Dev Token
Complete Blood Count Test,680,3240,3,30000.00,active,"2024-06-27 09:55:05","2024-11-04 09:02:16",Dev Token,Dev Token
Cek Darah Lengkap (Hematologi Lengkap),681,3240,4,40000.00,active,"2024-06-27 09:55:06","2024-11-04 09:02:17",Dev Token,Dev Token
Complete Blood Count Test,681,3240,4,40000.00,active,"2024-06-27 09:55:06","2024-11-04 09:02:17",Dev Token,Dev Token
Cek Darah Untuk Demam Berdarah,682,3292,2,20000.00,active,"2024-06-27 09:55:08","2024-11-04 09:01:49",Dev Token,Dev Token
Dengue Fever Test,682,3292,2,20000.00,active,"2024-06-27 09:55:08","2024-11-04 09:01:49",Dev Token,Dev Token
Cek Darah Untuk Demam Berdarah,683,3292,3,30000.00,active,"2024-06-27 09:55:09","2024-11-04 09:01:50",Dev Token,Dev Token
Dengue Fever Test,683,3292,3,30000.00,active,"2024-06-27 09:55:09","2024-11-04 09:01:50",Dev Token,Dev Token
Cek Darah Untuk Demam Berdarah,684,3292,4,40000.00,active,"2024-06-27 09:55:11","2024-11-04 09:01:51",Dev Token,Dev Token
Dengue Fever Test,684,3292,4,40000.00,active,"2024-06-27 09:55:11","2024-11-04 09:01:51",Dev Token,Dev Token
Medical Check Up Hemat,685,1989,2,20000.00,active,"2024-06-27 09:55:13","2024-11-04 09:02:18",Dev Token,Dev Token
Pocket-friendly Medical Check Up,685,1989,2,20000.00,active,"2024-06-27 09:55:13","2024-11-04 09:02:18",Dev Token,Dev Token
Medical Check Up Hemat,686,1989,3,30000.00,active,"2024-06-27 09:55:14","2024-11-04 09:02:19",Dev Token,Dev Token
Pocket-friendly Medical Check Up,686,1989,3,30000.00,active,"2024-06-27 09:55:14","2024-11-04 09:02:19",Dev Token,Dev Token
Medical Check Up Hemat,687,1989,4,40000.00,active,"2024-06-27 09:55:16","2024-11-04 09:02:20",Dev Token,Dev Token
Pocket-friendly Medical Check Up,687,1989,4,40000.00,active,"2024-06-27 09:55:16","2024-11-04 09:02:20",Dev Token,Dev Token
Medical Check Up Standar,688,1990,2,20000.00,active,"2024-06-27 09:55:18","2024-11-04 09:02:21",Dev Token,Dev Token
Standard Medical Check Up,688,1990,2,20000.00,active,"2024-06-27 09:55:18","2024-11-04 09:02:21",Dev Token,Dev Token
Medical Check Up Standar,689,1990,3,30000.00,active,"2024-06-27 09:55:20","2024-11-04 09:02:22",Dev Token,Dev Token
Standard Medical Check Up,689,1990,3,30000.00,active,"2024-06-27 09:55:20","2024-11-04 09:02:22",Dev Token,Dev Token
Medical Check Up Standar,690,1990,4,40000.00,active,"2024-06-27 09:55:22","2024-11-04 09:02:23",Dev Token,Dev Token
Standard Medical Check Up,690,1990,4,40000.00,active,"2024-06-27 09:55:22","2024-11-04 09:02:23",Dev Token,Dev Token
Cek Fungsi Ginjal,691,1991,2,20000.00,active,"2024-06-27 09:55:24","2024-11-04 09:02:31",Dev Token,Dev Token
Renal Function test,691,1991,2,20000.00,active,"2024-06-27 09:55:24","2024-11-04 09:02:31",Dev Token,Dev Token
Cek Fungsi Ginjal,692,1991,3,30000.00,active,"2024-06-27 09:55:26","2024-11-04 09:02:32",Dev Token,Dev Token
Renal Function test,692,1991,3,30000.00,active,"2024-06-27 09:55:26","2024-11-04 09:02:32",Dev Token,Dev Token
Cek Fungsi Ginjal,693,1991,4,40000.00,active,"2024-06-27 09:55:27","2024-11-04 09:02:33",Dev Token,Dev Token
Renal Function test,693,1991,4,40000.00,active,"2024-06-27 09:55:27","2024-11-04 09:02:33",Dev Token,Dev Token
Cek Kolesterol,694,1992,2,20000.00,active,"2024-06-27 09:55:29","2024-11-04 09:03:22",Dev Token,Dev Token
Cholesterol Test,694,1992,2,20000.00,active,"2024-06-27 09:55:29","2024-11-04 09:03:22",Dev Token,Dev Token
Cek Kolesterol,695,1992,3,30000.00,active,"2024-06-27 09:55:30","2024-11-04 09:03:23",Dev Token,Dev Token
Cholesterol Test,695,1992,3,30000.00,active,"2024-06-27 09:55:30","2024-11-04 09:03:23",Dev Token,Dev Token
Cek Kolesterol,696,1992,4,40000.00,active,"2024-06-27 09:55:32","2024-11-04 09:03:24",Dev Token,Dev Token
Cholesterol Test,696,1992,4,40000.00,active,"2024-06-27 09:55:32","2024-11-04 09:03:24",Dev Token,Dev Token
Cek Fungsi Hati,697,1994,2,20000.00,active,"2024-06-27 09:55:33","2024-11-04 09:03:26",Dev Token,Dev Token
Liver Function Test,697,1994,2,20000.00,active,"2024-06-27 09:55:33","2024-11-04 09:03:26",Dev Token,Dev Token
Cek Fungsi Hati,698,1994,3,30000.00,active,"2024-06-27 09:55:35","2024-11-04 09:03:27",Dev Token,Dev Token
Liver Function Test,698,1994,3,30000.00,active,"2024-06-27 09:55:35","2024-11-04 09:03:27",Dev Token,Dev Token
Cek Fungsi Hati,699,1994,4,40000.00,active,"2024-06-27 09:55:37","2024-11-04 09:03:28",Dev Token,Dev Token
Liver Function Test,699,1994,4,40000.00,active,"2024-06-27 09:55:37","2024-11-04 09:03:28",Dev Token,Dev Token
Cek Anemia dan Zat Besi,700,3229,2,20000.00,active,"2024-06-27 09:55:38","2024-11-04 09:02:05",Dev Token,Dev Token
Anemia Test and Iron Level,700,3229,2,20000.00,active,"2024-06-27 09:55:38","2024-11-04 09:02:05",Dev Token,Dev Token
Cek Anemia dan Zat Besi,701,3229,3,30000.00,active,"2024-06-27 09:55:40","2024-11-04 09:02:06",Dev Token,Dev Token
Anemia Test and Iron Level,701,3229,3,30000.00,active,"2024-06-27 09:55:40","2024-11-04 09:02:06",Dev Token,Dev Token
Cek Anemia dan Zat Besi,702,3229,4,40000.00,active,"2024-06-27 09:55:41","2024-11-04 09:02:07",Dev Token,Dev Token
Anemia Test and Iron Level,702,3229,4,40000.00,active,"2024-06-27 09:55:41","2024-11-04 09:02:07",Dev Token,Dev Token
Cek Kolesterol dan Gula Darah,703,1997,2,20000.00,active,"2024-06-27 09:55:43","2024-11-04 09:03:29",Dev Token,Dev Token
Cholesterol and Blood Sugar Test,703,1997,2,20000.00,active,"2024-06-27 09:55:43","2024-11-04 09:03:29",Dev Token,Dev Token
Cek Kolesterol dan Gula Darah,704,1997,3,30000.00,active,"2024-06-27 09:55:45","2024-11-04 09:03:30",Dev Token,Dev Token
Cholesterol and Blood Sugar Test,704,1997,3,30000.00,active,"2024-06-27 09:55:45","2024-11-04 09:03:30",Dev Token,Dev Token
Cek Kolesterol dan Gula Darah,705,1997,4,40000.00,active,"2024-06-27 09:55:46","2024-11-04 09:03:31",Dev Token,Dev Token
Cholesterol and Blood Sugar Test,705,1997,4,40000.00,active,"2024-06-27 09:55:46","2024-11-04 09:03:31",Dev Token,Dev Token
Cek Infeksi Menular Seksual,706,1999,2,20000.00,active,"2024-06-27 09:55:48","2024-11-04 09:03:32",Dev Token,Dev Token
Sexual Transmitted Infection Test,706,1999,2,20000.00,active,"2024-06-27 09:55:48","2024-11-04 09:03:32",Dev Token,Dev Token
Cek Infeksi Menular Seksual,707,1999,3,30000.00,active,"2024-06-27 09:55:50","2024-11-04 09:03:33",Dev Token,Dev Token
Sexual Transmitted Infection Test,707,1999,3,30000.00,active,"2024-06-27 09:55:50","2024-11-04 09:03:33",Dev Token,Dev Token
Cek Infeksi Menular Seksual,708,1999,4,40000.00,active,"2024-06-27 09:55:52","2024-11-04 09:03:34",Dev Token,Dev Token
Sexual Transmitted Infection Test,708,1999,4,40000.00,active,"2024-06-27 09:55:52","2024-11-04 09:03:34",Dev Token,Dev Token
Cek Hormon Tiroid,709,2001,2,20000.00,active,"2024-06-27 09:55:53","2024-11-04 09:03:35",Dev Token,Dev Token
Thyroid Hormone Test,709,2001,2,20000.00,active,"2024-06-27 09:55:53","2024-11-04 09:03:35",Dev Token,Dev Token
Cek Hormon Tiroid,710,2001,3,30000.00,active,"2024-06-27 09:55:55","2024-11-04 09:03:36",Dev Token,Dev Token
Thyroid Hormone Test,710,2001,3,30000.00,active,"2024-06-27 09:55:55","2024-11-04 09:03:36",Dev Token,Dev Token
Cek Hormon Tiroid,711,2001,4,40000.00,active,"2024-06-27 09:55:56","2024-11-04 09:03:37",Dev Token,Dev Token
Thyroid Hormone Test,711,2001,4,40000.00,active,"2024-06-27 09:55:56","2024-11-04 09:03:37",Dev Token,Dev Token
Medical Check Up Lengkap,712,3218,2,20000.00,active,"2024-06-27 09:55:58","2024-11-04 09:02:11",Dev Token,Dev Token
Full Medical Check Up,712,3218,2,20000.00,active,"2024-06-27 09:55:58","2024-11-04 09:02:11",Dev Token,Dev Token
Medical Check Up Lengkap,713,3218,3,30000.00,active,"2024-06-27 09:55:59","2024-11-04 09:02:12",Dev Token,Dev Token
Full Medical Check Up,713,3218,3,30000.00,active,"2024-06-27 09:55:59","2024-11-04 09:02:12",Dev Token,Dev Token
Medical Check Up Lengkap,714,3218,4,40000.00,active,"2024-06-27 09:56:01","2024-11-04 09:02:13",Dev Token,Dev Token
Full Medical Check Up,714,3218,4,40000.00,active,"2024-06-27 09:56:01","2024-11-04 09:02:13",Dev Token,Dev Token
Cek Kesehatan Pranikah,715,3261,2,20000.00,active,"2024-06-27 09:56:03","2024-11-04 09:02:08",Dev Token,Dev Token
Premarital Check Up,715,3261,2,20000.00,active,"2024-06-27 09:56:03","2024-11-04 09:02:08",Dev Token,Dev Token
Cek Kesehatan Pranikah,716,3261,3,30000.00,active,"2024-06-27 09:56:05","2024-11-04 09:02:09",Dev Token,Dev Token
Premarital Check Up,716,3261,3,30000.00,active,"2024-06-27 09:56:05","2024-11-04 09:02:09",Dev Token,Dev Token
Cek Kesehatan Pranikah,717,3261,4,40000.00,active,"2024-06-27 09:56:06","2024-11-04 09:02:10",Dev Token,Dev Token
Premarital Check Up,717,3261,4,40000.00,active,"2024-06-27 09:56:06","2024-11-04 09:02:10",Dev Token,Dev Token
Cek Infeksi Saluran Kemih,718,3281,2,20000.00,active,"2024-06-27 09:56:08","2024-11-04 09:01:55",Dev Token,Dev Token
Urinary Tract Infection Test,718,3281,2,20000.00,active,"2024-06-27 09:56:08","2024-11-04 09:01:55",Dev Token,Dev Token
Cek Infeksi Saluran Kemih,719,3281,3,30000.00,active,"2024-06-27 09:56:09","2024-11-04 09:01:56",Dev Token,Dev Token
Urinary Tract Infection Test,719,3281,3,30000.00,active,"2024-06-27 09:56:09","2024-11-04 09:01:56",Dev Token,Dev Token
Cek Infeksi Saluran Kemih,720,3281,4,40000.00,active,"2024-06-27 09:56:11","2024-11-04 09:01:57",Dev Token,Dev Token
Urinary Tract Infection Test,720,3281,4,40000.00,active,"2024-06-27 09:56:11","2024-11-04 09:01:57",Dev Token,Dev Token
Vaksinasi HPV Kuadrivalen (Gardasil),721,2009,2,20000.00,active,"2024-06-27 09:56:12","2024-11-04 09:03:42",Dev Token,Dev Token
HPV Quadrivalent Vaccination (Gardasil),721,2009,2,20000.00,active,"2024-06-27 09:56:12","2024-11-04 09:03:42",Dev Token,Dev Token
Vaksinasi HPV Kuadrivalen (Gardasil),722,2009,3,30000.00,active,"2024-06-27 09:56:14","2024-11-04 09:03:43",Dev Token,Dev Token
HPV Quadrivalent Vaccination (Gardasil),722,2009,3,30000.00,active,"2024-06-27 09:56:14","2024-11-04 09:03:43",Dev Token,Dev Token
Vaksinasi HPV Kuadrivalen (Gardasil),723,2009,4,40000.00,active,"2024-06-27 09:56:16","2024-11-04 09:03:44",Dev Token,Dev Token
HPV Quadrivalent Vaccination (Gardasil),723,2009,4,40000.00,active,"2024-06-27 09:56:16","2024-11-04 09:03:44",Dev Token,Dev Token
Vaksinasi Influenza (Vaxigrip Tetra),724,2010,2,20000.00,active,"2024-06-27 09:56:17","2024-11-04 09:03:45",Dev Token,Dev Token
Influenza Vaccination (Vaxigrip Tetra),724,2010,2,20000.00,active,"2024-06-27 09:56:17","2024-11-04 09:03:45",Dev Token,Dev Token
Vaksinasi Influenza (Vaxigrip Tetra),725,2010,3,30000.00,active,"2024-06-27 09:56:19","2024-11-04 09:03:46",Dev Token,Dev Token
Influenza Vaccination (Vaxigrip Tetra),725,2010,3,30000.00,active,"2024-06-27 09:56:19","2024-11-04 09:03:46",Dev Token,Dev Token
Vaksinasi Influenza (Vaxigrip Tetra),726,2010,4,40000.00,active,"2024-06-27 09:56:21","2024-11-04 09:03:47",Dev Token,Dev Token
Influenza Vaccination (Vaxigrip Tetra),726,2010,4,40000.00,active,"2024-06-27 09:56:21","2024-11-04 09:03:47",Dev Token,Dev Token
Infus Drip Vitamin C,727,2012,2,20000.00,active,"2024-06-27 09:56:22","2024-11-04 09:02:47",Dev Token,Dev Token
Vitamin C Infusion Drip,727,2012,2,20000.00,active,"2024-06-27 09:56:22","2024-11-04 09:02:47",Dev Token,Dev Token
Infus Drip Vitamin C,728,2012,3,30000.00,active,"2024-06-27 09:56:24","2024-11-04 09:02:48",Dev Token,Dev Token
Vitamin C Infusion Drip,728,2012,3,30000.00,active,"2024-06-27 09:56:24","2024-11-04 09:02:48",Dev Token,Dev Token
Infus Drip Vitamin C,729,2012,4,40000.00,active,"2024-06-27 09:56:25","2024-11-04 09:02:49",Dev Token,Dev Token
Vitamin C Infusion Drip,729,2012,4,40000.00,active,"2024-06-27 09:56:25","2024-11-04 09:02:49",Dev Token,Dev Token
Injeksi Vitamin C,730,2179,2,20000.00,active,"2024-06-27 09:56:27","2024-11-04 09:02:50",Dev Token,Dev Token
Vitamin C Injection,730,2179,2,20000.00,active,"2024-06-27 09:56:27","2024-11-04 09:02:50",Dev Token,Dev Token
Injeksi Vitamin C,731,2179,3,30000.00,active,"2024-06-27 09:56:29","2024-11-04 09:02:51",Dev Token,Dev Token
Vitamin C Injection,731,2179,3,30000.00,active,"2024-06-27 09:56:29","2024-11-04 09:02:51",Dev Token,Dev Token
Injeksi Vitamin C,732,2179,4,40000.00,active,"2024-06-27 09:56:31","2024-11-04 09:02:52",Dev Token,Dev Token
Vitamin C Injection,732,2179,4,40000.00,active,"2024-06-27 09:56:31","2024-11-04 09:02:52",Dev Token,Dev Token
Vaksinasi Pneumonia PCV13 (Prevenar),733,2032,2,20000.00,active,"2024-06-27 09:56:32","2024-11-04 09:02:53",Dev Token,Dev Token
Pneumonia PCV13 Vaccination (Prevenar),733,2032,2,20000.00,active,"2024-06-27 09:56:32","2024-11-04 09:02:53",Dev Token,Dev Token
Vaksinasi Pneumonia PCV13 (Prevenar),734,2032,3,30000.00,active,"2024-06-27 09:56:34","2024-11-04 09:02:54",Dev Token,Dev Token
Pneumonia PCV13 Vaccination (Prevenar),734,2032,3,30000.00,active,"2024-06-27 09:56:34","2024-11-04 09:02:54",Dev Token,Dev Token
Vaksinasi Pneumonia PCV13 (Prevenar),735,2032,4,40000.00,active,"2024-06-27 09:56:35","2024-11-04 09:02:55",Dev Token,Dev Token
Pneumonia PCV13 Vaccination (Prevenar),735,2032,4,40000.00,active,"2024-06-27 09:56:35","2024-11-04 09:02:55",Dev Token,Dev Token
Vaksinasi Rotavirus (Rotarix),736,2033,2,20000.00,active,"2024-06-27 09:56:37","2024-11-04 09:02:56",Dev Token,Dev Token
Rotavirus Vaccination (Rotarix),736,2033,2,20000.00,active,"2024-06-27 09:56:37","2024-11-04 09:02:56",Dev Token,Dev Token
Vaksinasi Rotavirus (Rotarix),737,2033,3,30000.00,active,"2024-06-27 09:56:38","2024-11-04 09:02:57",Dev Token,Dev Token
Rotavirus Vaccination (Rotarix),737,2033,3,30000.00,active,"2024-06-27 09:56:38","2024-11-04 09:02:57",Dev Token,Dev Token
Vaksinasi Rotavirus (Rotarix),738,2033,4,40000.00,active,"2024-06-27 09:56:40","2024-11-04 09:02:59",Dev Token,Dev Token
Rotavirus Vaccination (Rotarix),738,2033,4,40000.00,active,"2024-06-27 09:56:40","2024-11-04 09:02:59",Dev Token,Dev Token
Vaksinasi Tdap (Boostrix),739,2034,2,20000.00,active,"2024-06-27 09:56:42","2024-11-04 09:03:00",Dev Token,Dev Token
Tdap Vaccination (Boostrix),739,2034,2,20000.00,active,"2024-06-27 09:56:42","2024-11-04 09:03:00",Dev Token,Dev Token
Vaksinasi Tdap (Boostrix),740,2034,3,30000.00,active,"2024-06-27 09:56:43","2024-11-04 09:03:01",Dev Token,Dev Token
Tdap Vaccination (Boostrix),740,2034,3,30000.00,active,"2024-06-27 09:56:43","2024-11-04 09:03:01",Dev Token,Dev Token
Vaksinasi Tdap (Boostrix),741,2034,4,40000.00,active,"2024-06-27 09:56:44","2024-11-04 09:03:02",Dev Token,Dev Token
Tdap Vaccination (Boostrix),741,2034,4,40000.00,active,"2024-06-27 09:56:44","2024-11-04 09:03:02",Dev Token,Dev Token
Vaksinasi Tifoid (Typhim Vi),742,2035,2,20000.00,active,"2024-06-27 09:56:46","2024-11-04 09:03:03",Dev Token,Dev Token
Typhoid Vaccination (Typhim Vi),742,2035,2,20000.00,active,"2024-06-27 09:56:46","2024-11-04 09:03:03",Dev Token,Dev Token
Vaksinasi Tifoid (Typhim Vi),743,2035,3,30000.00,active,"2024-06-27 09:56:47","2024-11-04 09:03:04",Dev Token,Dev Token
Typhoid Vaccination (Typhim Vi),743,2035,3,30000.00,active,"2024-06-27 09:56:47","2024-11-04 09:03:04",Dev Token,Dev Token
Vaksinasi Tifoid (Typhim Vi),744,2035,4,40000.00,active,"2024-06-27 09:56:49","2024-11-04 09:03:05",Dev Token,Dev Token
Typhoid Vaccination (Typhim Vi),744,2035,4,40000.00,active,"2024-06-27 09:56:49","2024-11-04 09:03:05",Dev Token,Dev Token
Vaksinasi Hepatitis A Anak (Havrix Junior 720),745,2036,2,20000.00,active,"2024-06-27 09:56:50","2024-11-04 09:03:06",Dev Token,Dev Token
Hepatitis A Child Vaccination (Havrix Junior 720),745,2036,2,20000.00,active,"2024-06-27 09:56:50","2024-11-04 09:03:06",Dev Token,Dev Token
Vaksinasi Hepatitis A Anak (Havrix Junior 720),746,2036,3,30000.00,active,"2024-06-27 09:56:52","2024-11-04 09:03:07",Dev Token,Dev Token
Hepatitis A Child Vaccination (Havrix Junior 720),746,2036,3,30000.00,active,"2024-06-27 09:56:52","2024-11-04 09:03:07",Dev Token,Dev Token
Vaksinasi Hepatitis A Anak (Havrix Junior 720),747,2036,4,40000.00,active,"2024-06-27 09:56:54","2024-11-04 09:03:08",Dev Token,Dev Token
Hepatitis A Child Vaccination (Havrix Junior 720),747,2036,4,40000.00,active,"2024-06-27 09:56:54","2024-11-04 09:03:08",Dev Token,Dev Token
Paket Vaksinasi Influenza (Vaxigrip Tetra) + Pneumonia PCV13,748,2037,2,20000.00,active,"2024-06-27 09:56:56","2024-11-04 09:03:09",Dev Token,Dev Token
Influenza (Vaxigrip Tetra) + Pneumonia PCV13 Vaccination Bundle,748,2037,2,20000.00,active,"2024-06-27 09:56:56","2024-11-04 09:03:09",Dev Token,Dev Token
Paket Vaksinasi Influenza (Vaxigrip Tetra) + Pneumonia PCV13,749,2037,3,30000.00,active,"2024-06-27 09:56:58","2024-11-04 09:03:10",Dev Token,Dev Token
Influenza (Vaxigrip Tetra) + Pneumonia PCV13 Vaccination Bundle,749,2037,3,30000.00,active,"2024-06-27 09:56:58","2024-11-04 09:03:10",Dev Token,Dev Token
Paket Vaksinasi Influenza (Vaxigrip Tetra) + Pneumonia PCV13,750,2037,4,40000.00,active,"2024-06-27 09:56:59","2024-11-04 09:03:11",Dev Token,Dev Token
Influenza (Vaxigrip Tetra) + Pneumonia PCV13 Vaccination Bundle,750,2037,4,40000.00,active,"2024-06-27 09:56:59","2024-11-04 09:03:11",Dev Token,Dev Token
Vaksinasi DTaP-POLIO IPV-HIB-HEP B (Hexaxim),751,2038,2,20000.00,active,"2024-06-27 09:57:01","2024-11-04 09:03:13",Dev Token,Dev Token
DTaP-POLIO IPV-HIB-HEP B Vaccination (Hexaxim),751,2038,2,20000.00,active,"2024-06-27 09:57:01","2024-11-04 09:03:13",Dev Token,Dev Token
Vaksinasi DTaP-POLIO IPV-HIB-HEP B (Hexaxim),752,2038,3,30000.00,active,"2024-06-27 09:57:03","2024-11-04 09:03:14",Dev Token,Dev Token
DTaP-POLIO IPV-HIB-HEP B Vaccination (Hexaxim),752,2038,3,30000.00,active,"2024-06-27 09:57:03","2024-11-04 09:03:14",Dev Token,Dev Token
Vaksinasi DTaP-POLIO IPV-HIB-HEP B (Hexaxim),753,2038,4,40000.00,active,"2024-06-27 09:57:05","2024-11-04 09:03:15",Dev Token,Dev Token
DTaP-POLIO IPV-HIB-HEP B Vaccination (Hexaxim),753,2038,4,40000.00,active,"2024-06-27 09:57:05","2024-11-04 09:03:15",Dev Token,Dev Token
Vaksinasi MMR (M-M-R II),754,2039,2,20000.00,active,"2024-06-27 09:57:07","2024-11-04 09:03:16",Dev Token,Dev Token
MMR Vaccination (M-M-R II),754,2039,2,20000.00,active,"2024-06-27 09:57:07","2024-11-04 09:03:16",Dev Token,Dev Token
Vaksinasi MMR (M-M-R II),755,2039,3,30000.00,active,"2024-06-27 09:57:09","2024-11-04 09:03:17",Dev Token,Dev Token
MMR Vaccination (M-M-R II),755,2039,3,30000.00,active,"2024-06-27 09:57:09","2024-11-04 09:03:17",Dev Token,Dev Token
Vaksinasi MMR (M-M-R II),756,2039,4,40000.00,active,"2024-06-27 09:57:11","2024-11-04 09:03:18",Dev Token,Dev Token
MMR Vaccination (M-M-R II),756,2039,4,40000.00,active,"2024-06-27 09:57:11","2024-11-04 09:03:18",Dev Token,Dev Token
Vaksinasi Cacar Air/Varicella (Varivax),757,2040,2,20000.00,active,"2024-06-27 09:57:13","2024-11-04 09:03:19",Dev Token,Dev Token
Varicella Vaccination (Varivax),757,2040,2,20000.00,active,"2024-06-27 09:57:13","2024-11-04 09:03:19",Dev Token,Dev Token
Vaksinasi Cacar Air/Varicella (Varivax),758,2040,3,30000.00,active,"2024-06-27 09:57:14","2024-11-04 09:03:20",Dev Token,Dev Token
Varicella Vaccination (Varivax),758,2040,3,30000.00,active,"2024-06-27 09:57:14","2024-11-04 09:03:20",Dev Token,Dev Token
Vaksinasi Cacar Air/Varicella (Varivax),759,2040,4,40000.00,active,"2024-06-27 09:57:16","2024-11-04 09:03:21",Dev Token,Dev Token
Varicella Vaccination (Varivax),759,2040,4,40000.00,active,"2024-06-27 09:57:16","2024-11-04 09:03:21",Dev Token,Dev Token
Vaksinasi Demam Berdarah (QDenga),760,2041,2,20000.00,active,"2024-06-27 09:57:17","2024-11-04 09:02:34",Dev Token,Dev Token
Dengue Vaccination (QDenga),760,2041,2,20000.00,active,"2024-06-27 09:57:17","2024-11-04 09:02:34",Dev Token,Dev Token
Vaksinasi Demam Berdarah (QDenga),761,2041,3,30000.00,active,"2024-06-27 09:57:19","2024-11-04 09:02:35",Dev Token,Dev Token
Dengue Vaccination (QDenga),761,2041,3,30000.00,active,"2024-06-27 09:57:19","2024-11-04 09:02:35",Dev Token,Dev Token
Vaksinasi Demam Berdarah (QDenga),762,2041,4,40000.00,active,"2024-06-27 09:57:20","2024-11-04 09:02:36",Dev Token,Dev Token
Dengue Vaccination (QDenga),762,2041,4,40000.00,active,"2024-06-27 09:57:20","2024-11-04 09:02:36",Dev Token,Dev Token
Vaksinasi Hepatitis B Dewasa (Engerix-B 20),763,2042,2,20000.00,active,"2024-06-27 09:57:22","2024-11-04 09:02:37",Dev Token,Dev Token
Hepatitis B Adult Vaccination (Engerix-B 20),763,2042,2,20000.00,active,"2024-06-27 09:57:22","2024-11-04 09:02:37",Dev Token,Dev Token
Vaksinasi Hepatitis B Dewasa (Engerix-B 20),764,2042,3,30000.00,active,"2024-06-27 09:57:23","2024-11-04 09:02:38",Dev Token,Dev Token
Hepatitis B Adult Vaccination (Engerix-B 20),764,2042,3,30000.00,active,"2024-06-27 09:57:23","2024-11-04 09:02:38",Dev Token,Dev Token
Vaksinasi Hepatitis B Dewasa (Engerix-B 20),765,2042,4,40000.00,active,"2024-06-27 09:57:25","2024-11-04 09:02:39",Dev Token,Dev Token
Hepatitis B Adult Vaccination (Engerix-B 20),765,2042,4,40000.00,active,"2024-06-27 09:57:25","2024-11-04 09:02:39",Dev Token,Dev Token
Vaksinasi Meningokokus Polisakarida (Menivax ACYW),766,2043,2,20000.00,active,"2024-06-27 09:57:27","2024-11-04 09:02:40",Dev Token,Dev Token
Meningococcal Polysaccharide Vaccination (Menivax ACYW),766,2043,2,20000.00,active,"2024-06-27 09:57:27","2024-11-04 09:02:40",Dev Token,Dev Token
Vaksinasi Meningokokus Polisakarida (Menivax ACYW),767,2043,3,30000.00,active,"2024-06-27 09:57:28","2024-11-04 09:02:41",Dev Token,Dev Token
Meningococcal Polysaccharide Vaccination (Menivax ACYW),767,2043,3,30000.00,active,"2024-06-27 09:57:28","2024-11-04 09:02:41",Dev Token,Dev Token
Vaksinasi Meningokokus Polisakarida (Menivax ACYW),768,2043,4,40000.00,active,"2024-06-27 09:57:30","2024-11-04 09:02:42",Dev Token,Dev Token
Meningococcal Polysaccharide Vaccination (Menivax ACYW),768,2043,4,40000.00,active,"2024-06-27 09:57:30","2024-11-04 09:02:42",Dev Token,Dev Token
Infus Multivitamin (Cernevit),769,2044,2,20000.00,active,"2024-06-27 09:57:32","2024-11-04 09:02:43",Dev Token,Dev Token
Multivitamin Infusion (Cernevit),769,2044,2,20000.00,active,"2024-06-27 09:57:32","2024-11-04 09:02:43",Dev Token,Dev Token
Infus Multivitamin (Cernevit),770,2044,3,30000.00,active,"2024-06-27 09:57:33","2024-11-04 09:02:45",Dev Token,Dev Token
Multivitamin Infusion (Cernevit),770,2044,3,30000.00,active,"2024-06-27 09:57:33","2024-11-04 09:02:45",Dev Token,Dev Token
Infus Multivitamin (Cernevit),771,2044,4,40000.00,active,"2024-06-27 09:57:35","2024-11-04 09:02:46",Dev Token,Dev Token
Multivitamin Infusion (Cernevit),771,2044,4,40000.00,active,"2024-06-27 09:57:35","2024-11-04 09:02:46",Dev Token,Dev Token
Vaksinasi HPV Nonavalen (Gardasil 9),772,2188,2,20000.00,active,"2024-06-27 09:57:37","2024-11-04 09:03:38",Dev Token,Dev Token
HPV Nonavalent Vaccination (Gardasil 9),772,2188,2,20000.00,active,"2024-06-27 09:57:37","2024-11-04 09:03:38",Dev Token,Dev Token
Vaksinasi HPV Nonavalen (Gardasil 9),773,2188,3,30000.00,active,"2024-06-27 09:57:39","2024-11-04 09:03:39",Dev Token,Dev Token
HPV Nonavalent Vaccination (Gardasil 9),773,2188,3,30000.00,active,"2024-06-27 09:57:39","2024-11-04 09:03:39",Dev Token,Dev Token
Vaksinasi HPV Nonavalen (Gardasil 9),774,2188,4,40000.00,active,"2024-06-27 09:57:40","2024-11-04 09:03:41",Dev Token,Dev Token
HPV Nonavalent Vaccination (Gardasil 9),774,2188,4,40000.00,active,"2024-06-27 09:57:40","2024-11-04 09:03:41",Dev Token,Dev Token
Injeksi Vitamin B12 (Saraf & Otak),775,2724,2,20000.00,active,"2024-06-27 09:57:42","2024-11-04 09:01:58",Dev Token,Dev Token
Vitamin B12 Injection (Neuron & Brain),775,2724,2,20000.00,active,"2024-06-27 09:57:42","2024-11-04 09:01:58",Dev Token,Dev Token
Injeksi Vitamin B12 (Saraf & Otak),776,2724,3,30000.00,active,"2024-06-27 09:57:44","2024-11-04 09:01:59",Dev Token,Dev Token
Vitamin B12 Injection (Neuron & Brain),776,2724,3,30000.00,active,"2024-06-27 09:57:44","2024-11-04 09:01:59",Dev Token,Dev Token
Injeksi Vitamin B12 (Saraf & Otak),777,2724,4,40000.00,active,"2024-06-27 09:57:45","2024-11-04 09:02:01",Dev Token,Dev Token
Vitamin B12 Injection (Neuron & Brain),777,2724,4,40000.00,active,"2024-06-27 09:57:45","2024-11-04 09:02:01",Dev Token,Dev Token
Cek Darah Untuk Alergi,778,3251,2,20000.00,active,"2024-06-27 09:57:47","2024-11-04 08:57:36",Dev Token,Dev Token
Allergy Blood Test,778,3251,2,20000.00,active,"2024-06-27 09:57:47","2024-11-04 08:57:36",Dev Token,Dev Token
Cek Darah Untuk Alergi,779,3251,3,30000.00,active,"2024-06-27 09:57:49","2024-11-04 08:57:37",Dev Token,Dev Token
Allergy Blood Test,779,3251,3,30000.00,active,"2024-06-27 09:57:49","2024-11-04 08:57:37",Dev Token,Dev Token
Cek Darah Untuk Alergi,780,3251,4,40000.00,active,"2024-06-27 09:57:50","2024-11-04 08:57:38",Dev Token,Dev Token
Allergy Blood Test,780,3251,4,40000.00,active,"2024-06-27 09:57:50","2024-11-04 08:57:38",Dev Token,Dev Token
Cek Lab Untuk Demam,781,3272,2,20000.00,active,"2024-06-27 09:57:52","2024-11-04 08:57:27",Dev Token,Dev Token
Lab Test for Fever,781,3272,2,20000.00,active,"2024-06-27 09:57:52","2024-11-04 08:57:27",Dev Token,Dev Token
Cek Lab Untuk Demam,782,3272,3,30000.00,active,"2024-06-27 09:57:53","2024-11-04 08:57:28",Dev Token,Dev Token
Lab Test for Fever,782,3272,3,30000.00,active,"2024-06-27 09:57:53","2024-11-04 08:57:28",Dev Token,Dev Token
Cek Lab Untuk Demam,783,3272,4,40000.00,active,"2024-06-27 09:57:54","2024-11-04 08:57:29",Dev Token,Dev Token
Lab Test for Fever,783,3272,4,40000.00,active,"2024-06-27 09:57:54","2024-11-04 08:57:29",Dev Token,Dev Token
Cek Diabetes,784,1844,2,20000.00,active,"2024-06-27 09:57:56","2024-11-04 08:57:59",Dev Token,Dev Token
Diabetes Test,784,1844,2,20000.00,active,"2024-06-27 09:57:56","2024-11-04 08:57:59",Dev Token,Dev Token
Cek Diabetes,785,1844,3,30000.00,active,"2024-06-27 09:57:57","2024-11-04 08:58:00",Dev Token,Dev Token
Diabetes Test,785,1844,3,30000.00,active,"2024-06-27 09:57:57","2024-11-04 08:58:00",Dev Token,Dev Token
Cek Diabetes,786,1844,4,40000.00,active,"2024-06-27 09:57:59","2024-11-04 08:58:01",Dev Token,Dev Token
Diabetes Test,786,1844,4,40000.00,active,"2024-06-27 09:57:59","2024-11-04 08:58:01",Dev Token,Dev Token
Cek Elektrolit,787,1845,2,20000.00,active,"2024-06-27 09:58:01","2024-11-04 08:58:02",Dev Token,Dev Token
Electrolyte Test,787,1845,2,20000.00,active,"2024-06-27 09:58:01","2024-11-04 08:58:02",Dev Token,Dev Token
Cek Elektrolit,788,1845,3,30000.00,active,"2024-06-27 09:58:02","2024-11-04 08:58:03",Dev Token,Dev Token
Electrolyte Test,788,1845,3,30000.00,active,"2024-06-27 09:58:02","2024-11-04 08:58:03",Dev Token,Dev Token
Cek Elektrolit,789,1845,4,40000.00,active,"2024-06-27 09:58:04","2024-11-04 08:58:04",Dev Token,Dev Token
Electrolyte Test,789,1845,4,40000.00,active,"2024-06-27 09:58:04","2024-11-04 08:58:04",Dev Token,Dev Token
Cek Darah Lengkap (Hematologi Lengkap),790,3241,2,20000.00,active,"2024-06-27 09:58:06","2024-11-04 08:57:49",Dev Token,Dev Token
Complete Blood Count Test,790,3241,2,20000.00,active,"2024-06-27 09:58:06","2024-11-04 08:57:49",Dev Token,Dev Token
Cek Darah Lengkap (Hematologi Lengkap),791,3241,3,30000.00,active,"2024-06-27 09:58:08","2024-11-04 08:57:50",Dev Token,Dev Token
Complete Blood Count Test,791,3241,3,30000.00,active,"2024-06-27 09:58:08","2024-11-04 08:57:50",Dev Token,Dev Token
Cek Darah Lengkap (Hematologi Lengkap),792,3241,4,40000.00,active,"2024-06-27 09:58:10","2024-11-04 08:57:51",Dev Token,Dev Token
Complete Blood Count Test,792,3241,4,40000.00,active,"2024-06-27 09:58:10","2024-11-04 08:57:51",Dev Token,Dev Token
Cek Darah Untuk Demam Berdarah,793,3293,2,20000.00,active,"2024-06-27 09:58:12","2024-11-04 08:57:23",Dev Token,Dev Token
Dengue Fever Test,793,3293,2,20000.00,active,"2024-06-27 09:58:12","2024-11-04 08:57:23",Dev Token,Dev Token
Cek Darah Untuk Demam Berdarah,794,3293,3,30000.00,active,"2024-06-27 09:58:13","2024-11-04 08:57:24",Dev Token,Dev Token
Dengue Fever Test,794,3293,3,30000.00,active,"2024-06-27 09:58:13","2024-11-04 08:57:24",Dev Token,Dev Token
Cek Darah Untuk Demam Berdarah,795,3293,4,40000.00,active,"2024-06-27 09:58:15","2024-11-04 08:57:25",Dev Token,Dev Token
Dengue Fever Test,795,3293,4,40000.00,active,"2024-06-27 09:58:15","2024-11-04 08:57:25",Dev Token,Dev Token
Medical Check Up Hemat,796,1848,2,20000.00,active,"2024-06-27 09:58:17","2024-11-04 08:57:52",Dev Token,Dev Token
Pocket-friendly Medical Check Up,796,1848,2,20000.00,active,"2024-06-27 09:58:17","2024-11-04 08:57:52",Dev Token,Dev Token
Medical Check Up Hemat,797,1848,3,30000.00,active,"2024-06-27 09:58:19","2024-11-04 08:57:53",Dev Token,Dev Token
Pocket-friendly Medical Check Up,797,1848,3,30000.00,active,"2024-06-27 09:58:19","2024-11-04 08:57:53",Dev Token,Dev Token
Medical Check Up Hemat,798,1848,4,40000.00,active,"2024-06-27 09:58:21","2024-11-04 08:57:54",Dev Token,Dev Token
Pocket-friendly Medical Check Up,798,1848,4,40000.00,active,"2024-06-27 09:58:21","2024-11-04 08:57:54",Dev Token,Dev Token
Medical Check Up Standar,799,1849,2,20000.00,active,"2024-06-27 09:58:22","2024-11-04 08:57:55",Dev Token,Dev Token
Standard Medical Check Up,799,1849,2,20000.00,active,"2024-06-27 09:58:22","2024-11-04 08:57:55",Dev Token,Dev Token
Medical Check Up Standar,800,1849,3,30000.00,active,"2024-06-27 09:58:23","2024-11-04 08:57:57",Dev Token,Dev Token
Standard Medical Check Up,800,1849,3,30000.00,active,"2024-06-27 09:58:23","2024-11-04 08:57:57",Dev Token,Dev Token
Medical Check Up Standar,801,1849,4,40000.00,active,"2024-06-27 09:58:24","2024-11-04 08:57:58",Dev Token,Dev Token
Standard Medical Check Up,801,1849,4,40000.00,active,"2024-06-27 09:58:24","2024-11-04 08:57:58",Dev Token,Dev Token
Cek Fungsi Ginjal,802,1850,2,20000.00,active,"2024-06-27 09:58:26","2024-11-04 08:58:05",Dev Token,Dev Token
Renal Function test,802,1850,2,20000.00,active,"2024-06-27 09:58:26","2024-11-04 08:58:05",Dev Token,Dev Token
Cek Fungsi Ginjal,803,1850,3,30000.00,active,"2024-06-27 09:58:27","2024-11-04 08:58:06",Dev Token,Dev Token
Renal Function test,803,1850,3,30000.00,active,"2024-06-27 09:58:27","2024-11-04 08:58:06",Dev Token,Dev Token
Cek Fungsi Ginjal,804,1850,4,40000.00,active,"2024-06-27 09:58:29","2024-11-04 08:58:07",Dev Token,Dev Token
Renal Function test,804,1850,4,40000.00,active,"2024-06-27 09:58:29","2024-11-04 08:58:07",Dev Token,Dev Token
Cek Kolesterol,805,1851,2,20000.00,active,"2024-06-27 09:58:31","2024-11-04 08:58:57",Dev Token,Dev Token
Cholesterol Test,805,1851,2,20000.00,active,"2024-06-27 09:58:31","2024-11-04 08:58:57",Dev Token,Dev Token
Cek Kolesterol,806,1851,3,30000.00,active,"2024-06-27 09:58:32","2024-11-04 08:58:58",Dev Token,Dev Token
Cholesterol Test,806,1851,3,30000.00,active,"2024-06-27 09:58:32","2024-11-04 08:58:58",Dev Token,Dev Token
Cek Kolesterol,807,1851,4,40000.00,active,"2024-06-27 09:58:34","2024-11-04 08:58:59",Dev Token,Dev Token
Cholesterol Test,807,1851,4,40000.00,active,"2024-06-27 09:58:34","2024-11-04 08:58:59",Dev Token,Dev Token
Cek Fungsi Hati,808,1852,2,20000.00,active,"2024-06-27 09:58:35","2024-11-04 08:59:00",Dev Token,Dev Token
Liver Function Test,808,1852,2,20000.00,active,"2024-06-27 09:58:35","2024-11-04 08:59:00",Dev Token,Dev Token
Cek Fungsi Hati,809,1852,3,30000.00,active,"2024-06-27 09:58:37","2024-11-04 08:59:01",Dev Token,Dev Token
Liver Function Test,809,1852,3,30000.00,active,"2024-06-27 09:58:37","2024-11-04 08:59:01",Dev Token,Dev Token
Cek Fungsi Hati,810,1852,4,40000.00,active,"2024-06-27 09:58:38","2024-11-04 08:59:02",Dev Token,Dev Token
Liver Function Test,810,1852,4,40000.00,active,"2024-06-27 09:58:38","2024-11-04 08:59:02",Dev Token,Dev Token
Cek Anemia dan Zat Besi,811,3230,2,20000.00,active,"2024-06-27 09:58:40","2024-11-04 08:57:39",Dev Token,Dev Token
Anemia Test and Iron Level,811,3230,2,20000.00,active,"2024-06-27 09:58:40","2024-11-04 08:57:39",Dev Token,Dev Token
Cek Anemia dan Zat Besi,812,3230,3,30000.00,active,"2024-06-27 09:58:41","2024-11-04 08:57:40",Dev Token,Dev Token
Anemia Test and Iron Level,812,3230,3,30000.00,active,"2024-06-27 09:58:41","2024-11-04 08:57:40",Dev Token,Dev Token
Cek Anemia dan Zat Besi,813,3230,4,40000.00,active,"2024-06-27 09:58:43","2024-11-04 08:57:42",Dev Token,Dev Token
Anemia Test and Iron Level,813,3230,4,40000.00,active,"2024-06-27 09:58:43","2024-11-04 08:57:42",Dev Token,Dev Token
Cek Kolesterol dan Gula Darah,814,1854,2,20000.00,active,"2024-06-27 09:58:45","2024-11-04 08:59:03",Dev Token,Dev Token
Cholesterol and Blood Sugar Test,814,1854,2,20000.00,active,"2024-06-27 09:58:45","2024-11-04 08:59:03",Dev Token,Dev Token
Cek Kolesterol dan Gula Darah,815,1854,3,30000.00,active,"2024-06-27 09:58:47","2024-11-04 08:59:04",Dev Token,Dev Token
Cholesterol and Blood Sugar Test,815,1854,3,30000.00,active,"2024-06-27 09:58:47","2024-11-04 08:59:04",Dev Token,Dev Token
Cek Kolesterol dan Gula Darah,816,1854,4,40000.00,active,"2024-06-27 09:58:48","2024-11-04 08:59:05",Dev Token,Dev Token
Cholesterol and Blood Sugar Test,816,1854,4,40000.00,active,"2024-06-27 09:58:48","2024-11-04 08:59:05",Dev Token,Dev Token
Cek Infeksi Menular Seksual,817,1855,2,20000.00,active,"2024-06-27 09:58:50","2024-11-04 08:59:06",Dev Token,Dev Token
Sexual Transmitted Infection Test,817,1855,2,20000.00,active,"2024-06-27 09:58:50","2024-11-04 08:59:06",Dev Token,Dev Token
Cek Infeksi Menular Seksual,818,1855,3,30000.00,active,"2024-06-27 09:58:51","2024-11-04 08:59:08",Dev Token,Dev Token
Sexual Transmitted Infection Test,818,1855,3,30000.00,active,"2024-06-27 09:58:51","2024-11-04 08:59:08",Dev Token,Dev Token
Cek Infeksi Menular Seksual,819,1855,4,40000.00,active,"2024-06-27 09:58:53","2024-11-04 08:59:09",Dev Token,Dev Token
Sexual Transmitted Infection Test,819,1855,4,40000.00,active,"2024-06-27 09:58:53","2024-11-04 08:59:09",Dev Token,Dev Token
Cek Hormon Tiroid,820,1856,2,20000.00,active,"2024-06-27 09:58:55","2024-11-04 08:59:10",Dev Token,Dev Token
Thyroid Hormone Test,820,1856,2,20000.00,active,"2024-06-27 09:58:55","2024-11-04 08:59:10",Dev Token,Dev Token
Cek Hormon Tiroid,821,1856,3,30000.00,active,"2024-06-27 09:58:56","2024-11-04 08:59:11",Dev Token,Dev Token
Thyroid Hormone Test,821,1856,3,30000.00,active,"2024-06-27 09:58:56","2024-11-04 08:59:11",Dev Token,Dev Token
Cek Hormon Tiroid,822,1856,4,40000.00,active,"2024-06-27 09:58:58","2024-11-04 08:59:12",Dev Token,Dev Token
Thyroid Hormone Test,822,1856,4,40000.00,active,"2024-06-27 09:58:58","2024-11-04 08:59:12",Dev Token,Dev Token
Medical Check Up Lengkap,823,3219,2,20000.00,active,"2024-06-27 09:59:00","2024-11-04 08:57:46",Dev Token,Dev Token
Full Medical Check Up,823,3219,2,20000.00,active,"2024-06-27 09:59:00","2024-11-04 08:57:46",Dev Token,Dev Token
Medical Check Up Lengkap,824,3219,3,30000.00,active,"2024-06-27 09:59:02","2024-11-04 08:57:47",Dev Token,Dev Token
Full Medical Check Up,824,3219,3,30000.00,active,"2024-06-27 09:59:02","2024-11-04 08:57:47",Dev Token,Dev Token
Medical Check Up Lengkap,825,3219,4,40000.00,active,"2024-06-27 09:59:03","2024-11-04 08:57:48",Dev Token,Dev Token
Full Medical Check Up,825,3219,4,40000.00,active,"2024-06-27 09:59:03","2024-11-04 08:57:48",Dev Token,Dev Token
Cek Kesehatan Pranikah,826,3262,2,20000.00,active,"2024-06-27 09:59:05","2024-11-04 08:57:43",Dev Token,Dev Token
Premarital Check Up,826,3262,2,20000.00,active,"2024-06-27 09:59:05","2024-11-04 08:57:43",Dev Token,Dev Token
Cek Kesehatan Pranikah,827,3262,3,30000.00,active,"2024-06-27 09:59:07","2024-11-04 08:57:44",Dev Token,Dev Token
Premarital Check Up,827,3262,3,30000.00,active,"2024-06-27 09:59:07","2024-11-04 08:57:44",Dev Token,Dev Token
Cek Kesehatan Pranikah,828,3262,4,40000.00,active,"2024-06-27 09:59:09","2024-11-04 08:57:45",Dev Token,Dev Token
Premarital Check Up,828,3262,4,40000.00,active,"2024-06-27 09:59:09","2024-11-04 08:57:45",Dev Token,Dev Token
Cek Infeksi Saluran Kemih,829,3282,2,20000.00,active,"2024-06-27 09:59:11","2024-11-04 08:57:30",Dev Token,Dev Token
Urinary Tract Infection Test,829,3282,2,20000.00,active,"2024-06-27 09:59:11","2024-11-04 08:57:30",Dev Token,Dev Token
Cek Infeksi Saluran Kemih,830,3282,3,30000.00,active,"2024-06-27 09:59:12","2024-11-04 08:57:31",Dev Token,Dev Token
Urinary Tract Infection Test,830,3282,3,30000.00,active,"2024-06-27 09:59:12","2024-11-04 08:57:31",Dev Token,Dev Token
Cek Infeksi Saluran Kemih,831,3282,4,40000.00,active,"2024-06-27 09:59:14","2024-11-04 08:57:32",Dev Token,Dev Token
Urinary Tract Infection Test,831,3282,4,40000.00,active,"2024-06-27 09:59:14","2024-11-04 08:57:32",Dev Token,Dev Token
Vaksinasi HPV Kuadrivalen (Gardasil),832,1860,2,20000.00,active,"2024-06-27 09:59:15","2024-11-04 08:59:16",Dev Token,Dev Token
HPV Quadrivalent Vaccination (Gardasil),832,1860,2,20000.00,active,"2024-06-27 09:59:15","2024-11-04 08:59:16",Dev Token,Dev Token
Vaksinasi HPV Kuadrivalen (Gardasil),833,1860,3,30000.00,active,"2024-06-27 09:59:17","2024-11-04 08:59:17",Dev Token,Dev Token
HPV Quadrivalent Vaccination (Gardasil),833,1860,3,30000.00,active,"2024-06-27 09:59:17","2024-11-04 08:59:17",Dev Token,Dev Token
Vaksinasi HPV Kuadrivalen (Gardasil),834,1860,4,40000.00,active,"2024-06-27 09:59:18","2024-11-04 08:59:18",Dev Token,Dev Token
HPV Quadrivalent Vaccination (Gardasil),834,1860,4,40000.00,active,"2024-06-27 09:59:18","2024-11-04 08:59:18",Dev Token,Dev Token
Vaksinasi Influenza (Vaxigrip Tetra),835,1861,2,20000.00,active,"2024-06-27 09:59:20","2024-11-04 08:59:19",Dev Token,Dev Token
Influenza Vaccination (Vaxigrip Tetra),835,1861,2,20000.00,active,"2024-06-27 09:59:20","2024-11-04 08:59:19",Dev Token,Dev Token
Vaksinasi Influenza (Vaxigrip Tetra),836,1861,3,30000.00,active,"2024-06-27 09:59:22","2024-11-04 08:59:20",Dev Token,Dev Token
Influenza Vaccination (Vaxigrip Tetra),836,1861,3,30000.00,active,"2024-06-27 09:59:22","2024-11-04 08:59:20",Dev Token,Dev Token
Vaksinasi Influenza (Vaxigrip Tetra),837,1861,4,40000.00,active,"2024-06-27 09:59:24","2024-11-04 08:59:22",Dev Token,Dev Token
Influenza Vaccination (Vaxigrip Tetra),837,1861,4,40000.00,active,"2024-06-27 09:59:24","2024-11-04 08:59:22",Dev Token,Dev Token
Infus Drip Vitamin C,838,1862,2,20000.00,active,"2024-06-27 09:59:25","2024-11-04 08:58:21",Dev Token,Dev Token
Vitamin C Infusion Drip,838,1862,2,20000.00,active,"2024-06-27 09:59:25","2024-11-04 08:58:21",Dev Token,Dev Token
Infus Drip Vitamin C,839,1862,3,30000.00,active,"2024-06-27 09:59:27","2024-11-04 08:58:22",Dev Token,Dev Token
Vitamin C Infusion Drip,839,1862,3,30000.00,active,"2024-06-27 09:59:27","2024-11-04 08:58:22",Dev Token,Dev Token
Infus Drip Vitamin C,840,1862,4,40000.00,active,"2024-06-27 09:59:29","2024-11-04 08:58:23",Dev Token,Dev Token
Vitamin C Infusion Drip,840,1862,4,40000.00,active,"2024-06-27 09:59:29","2024-11-04 08:58:23",Dev Token,Dev Token
Injeksi Vitamin C,841,2181,2,20000.00,active,"2024-06-27 09:59:30","2024-11-04 08:58:24",Dev Token,Dev Token
Vitamin C Injection,841,2181,2,20000.00,active,"2024-06-27 09:59:30","2024-11-04 08:58:24",Dev Token,Dev Token
Injeksi Vitamin C,842,2181,3,30000.00,active,"2024-06-27 09:59:32","2024-11-04 08:58:26",Dev Token,Dev Token
Vitamin C Injection,842,2181,3,30000.00,active,"2024-06-27 09:59:32","2024-11-04 08:58:26",Dev Token,Dev Token
Injeksi Vitamin C,843,2181,4,40000.00,active,"2024-06-27 09:59:33","2024-11-04 08:58:27",Dev Token,Dev Token
Vitamin C Injection,843,2181,4,40000.00,active,"2024-06-27 09:59:33","2024-11-04 08:58:27",Dev Token,Dev Token
Vaksinasi Pneumonia PCV13 (Prevenar),844,1863,2,20000.00,active,"2024-06-27 09:59:35","2024-11-04 08:58:28",Dev Token,Dev Token
Pneumonia PCV13 Vaccination (Prevenar),844,1863,2,20000.00,active,"2024-06-27 09:59:35","2024-11-04 08:58:28",Dev Token,Dev Token
Vaksinasi Pneumonia PCV13 (Prevenar),845,1863,3,30000.00,active,"2024-06-27 09:59:36","2024-11-04 08:58:29",Dev Token,Dev Token
Pneumonia PCV13 Vaccination (Prevenar),845,1863,3,30000.00,active,"2024-06-27 09:59:36","2024-11-04 08:58:29",Dev Token,Dev Token
Vaksinasi Pneumonia PCV13 (Prevenar),846,1863,4,40000.00,active,"2024-06-27 09:59:38","2024-11-04 08:58:30",Dev Token,Dev Token
Pneumonia PCV13 Vaccination (Prevenar),846,1863,4,40000.00,active,"2024-06-27 09:59:38","2024-11-04 08:58:30",Dev Token,Dev Token
Vaksinasi Rotavirus (Rotarix),847,1864,2,20000.00,active,"2024-06-27 09:59:39","2024-11-04 08:58:31",Dev Token,Dev Token
Rotavirus Vaccination (Rotarix),847,1864,2,20000.00,active,"2024-06-27 09:59:39","2024-11-04 08:58:31",Dev Token,Dev Token
Vaksinasi Rotavirus (Rotarix),848,1864,3,30000.00,active,"2024-06-27 09:59:41","2024-11-04 08:58:32",Dev Token,Dev Token
Rotavirus Vaccination (Rotarix),848,1864,3,30000.00,active,"2024-06-27 09:59:41","2024-11-04 08:58:32",Dev Token,Dev Token
Vaksinasi Rotavirus (Rotarix),849,1864,4,40000.00,active,"2024-06-27 09:59:42","2024-11-04 08:58:33",Dev Token,Dev Token
Rotavirus Vaccination (Rotarix),849,1864,4,40000.00,active,"2024-06-27 09:59:42","2024-11-04 08:58:33",Dev Token,Dev Token
Vaksinasi Tdap (Boostrix),850,1865,2,20000.00,active,"2024-06-27 09:59:44","2024-11-04 08:58:34",Dev Token,Dev Token
Tdap Vaccination (Boostrix),850,1865,2,20000.00,active,"2024-06-27 09:59:44","2024-11-04 08:58:34",Dev Token,Dev Token
Vaksinasi Tdap (Boostrix),851,1865,3,30000.00,active,"2024-06-27 09:59:46","2024-11-04 08:58:35",Dev Token,Dev Token
Tdap Vaccination (Boostrix),851,1865,3,30000.00,active,"2024-06-27 09:59:46","2024-11-04 08:58:35",Dev Token,Dev Token
Vaksinasi Tdap (Boostrix),852,1865,4,40000.00,active,"2024-06-27 09:59:48","2024-11-04 08:58:36",Dev Token,Dev Token
Tdap Vaccination (Boostrix),852,1865,4,40000.00,active,"2024-06-27 09:59:48","2024-11-04 08:58:36",Dev Token,Dev Token
Vaksinasi Tifoid (Typhim Vi),853,1866,2,20000.00,active,"2024-06-27 09:59:50","2024-11-04 08:58:37",Dev Token,Dev Token
Typhoid Vaccination (Typhim Vi),853,1866,2,20000.00,active,"2024-06-27 09:59:50","2024-11-04 08:58:37",Dev Token,Dev Token
Vaksinasi Tifoid (Typhim Vi),854,1866,3,30000.00,active,"2024-06-27 09:59:52","2024-11-04 08:58:39",Dev Token,Dev Token
Typhoid Vaccination (Typhim Vi),854,1866,3,30000.00,active,"2024-06-27 09:59:52","2024-11-04 08:58:39",Dev Token,Dev Token
Vaksinasi Tifoid (Typhim Vi),855,1866,4,40000.00,active,"2024-06-27 09:59:53","2024-11-04 08:58:40",Dev Token,Dev Token
Typhoid Vaccination (Typhim Vi),855,1866,4,40000.00,active,"2024-06-27 09:59:53","2024-11-04 08:58:40",Dev Token,Dev Token
Vaksinasi Hepatitis A Anak (Havrix Junior 720),856,1867,2,20000.00,active,"2024-06-27 09:59:55","2024-11-04 08:58:41",Dev Token,Dev Token
Hepatitis A Child Vaccination (Havrix Junior 720),856,1867,2,20000.00,active,"2024-06-27 09:59:55","2024-11-04 08:58:41",Dev Token,Dev Token
Vaksinasi Hepatitis A Anak (Havrix Junior 720),857,1867,3,30000.00,active,"2024-06-27 09:59:57","2024-11-04 08:58:42",Dev Token,Dev Token
Hepatitis A Child Vaccination (Havrix Junior 720),857,1867,3,30000.00,active,"2024-06-27 09:59:57","2024-11-04 08:58:42",Dev Token,Dev Token
Vaksinasi Hepatitis A Anak (Havrix Junior 720),858,1867,4,40000.00,active,"2024-06-27 09:59:59","2024-11-04 08:58:43",Dev Token,Dev Token
Hepatitis A Child Vaccination (Havrix Junior 720),858,1867,4,40000.00,active,"2024-06-27 09:59:59","2024-11-04 08:58:43",Dev Token,Dev Token
Paket Vaksinasi Influenza (Vaxigrip Tetra) + Pneumonia PCV13,859,1868,2,20000.00,active,"2024-06-27 10:00:01","2024-11-04 08:58:44",Dev Token,Dev Token
Influenza (Vaxigrip Tetra) + Pneumonia PCV13 Vaccination Bundle,859,1868,2,20000.00,active,"2024-06-27 10:00:01","2024-11-04 08:58:44",Dev Token,Dev Token
Paket Vaksinasi Influenza (Vaxigrip Tetra) + Pneumonia PCV13,860,1868,3,30000.00,active,"2024-06-27 10:00:03","2024-11-04 08:58:45",Dev Token,Dev Token
Influenza (Vaxigrip Tetra) + Pneumonia PCV13 Vaccination Bundle,860,1868,3,30000.00,active,"2024-06-27 10:00:03","2024-11-04 08:58:45",Dev Token,Dev Token
Paket Vaksinasi Influenza (Vaxigrip Tetra) + Pneumonia PCV13,861,1868,4,40000.00,active,"2024-06-27 10:00:05","2024-11-04 08:58:46",Dev Token,Dev Token
Influenza (Vaxigrip Tetra) + Pneumonia PCV13 Vaccination Bundle,861,1868,4,40000.00,active,"2024-06-27 10:00:05","2024-11-04 08:58:46",Dev Token,Dev Token
Vaksinasi DTaP-POLIO IPV-HIB-HEP B (Hexaxim),862,1869,2,20000.00,active,"2024-06-27 10:00:07","2024-11-04 08:58:47",Dev Token,Dev Token
DTaP-POLIO IPV-HIB-HEP B Vaccination (Hexaxim),862,1869,2,20000.00,active,"2024-06-27 10:00:07","2024-11-04 08:58:47",Dev Token,Dev Token
Vaksinasi DTaP-POLIO IPV-HIB-HEP B (Hexaxim),863,1869,3,30000.00,active,"2024-06-27 10:00:09","2024-11-04 08:58:48",Dev Token,Dev Token
DTaP-POLIO IPV-HIB-HEP B Vaccination (Hexaxim),863,1869,3,30000.00,active,"2024-06-27 10:00:09","2024-11-04 08:58:48",Dev Token,Dev Token
Vaksinasi DTaP-POLIO IPV-HIB-HEP B (Hexaxim),864,1869,4,40000.00,active,"2024-06-27 10:00:11","2024-11-04 08:58:49",Dev Token,Dev Token
DTaP-POLIO IPV-HIB-HEP B Vaccination (Hexaxim),864,1869,4,40000.00,active,"2024-06-27 10:00:11","2024-11-04 08:58:49",Dev Token,Dev Token
Vaksinasi MMR (M-M-R II),865,1870,2,20000.00,active,"2024-06-27 10:00:12","2024-11-04 08:58:50",Dev Token,Dev Token
MMR Vaccination (M-M-R II),865,1870,2,20000.00,active,"2024-06-27 10:00:12","2024-11-04 08:58:50",Dev Token,Dev Token
Vaksinasi MMR (M-M-R II),866,1870,3,30000.00,active,"2024-06-27 10:00:14","2024-11-04 08:58:51",Dev Token,Dev Token
MMR Vaccination (M-M-R II),866,1870,3,30000.00,active,"2024-06-27 10:00:14","2024-11-04 08:58:51",Dev Token,Dev Token
Vaksinasi MMR (M-M-R II),867,1870,4,40000.00,active,"2024-06-27 10:00:16","2024-11-04 08:58:52",Dev Token,Dev Token
MMR Vaccination (M-M-R II),867,1870,4,40000.00,active,"2024-06-27 10:00:16","2024-11-04 08:58:52",Dev Token,Dev Token
Vaksinasi Cacar Air/Varicella (Varivax),868,1871,2,20000.00,active,"2024-06-27 10:00:17","2024-11-04 08:58:53",Dev Token,Dev Token
Varicella Vaccination (Varivax),868,1871,2,20000.00,active,"2024-06-27 10:00:17","2024-11-04 08:58:53",Dev Token,Dev Token
Vaksinasi Cacar Air/Varicella (Varivax),869,1871,3,30000.00,active,"2024-06-27 10:00:19","2024-11-04 08:58:55",Dev Token,Dev Token
Varicella Vaccination (Varivax),869,1871,3,30000.00,active,"2024-06-27 10:00:19","2024-11-04 08:58:55",Dev Token,Dev Token
Vaksinasi Cacar Air/Varicella (Varivax),870,1871,4,40000.00,active,"2024-06-27 10:00:21","2024-11-04 08:58:56",Dev Token,Dev Token
Varicella Vaccination (Varivax),870,1871,4,40000.00,active,"2024-06-27 10:00:21","2024-11-04 08:58:56",Dev Token,Dev Token
Vaksinasi Demam Berdarah (QDenga),871,1872,2,20000.00,active,"2024-06-27 10:00:23","2024-11-04 08:58:08",Dev Token,Dev Token
Dengue Vaccination (QDenga),871,1872,2,20000.00,active,"2024-06-27 10:00:23","2024-11-04 08:58:08",Dev Token,Dev Token
Vaksinasi Demam Berdarah (QDenga),872,1872,3,30000.00,active,"2024-06-27 10:00:24","2024-11-04 08:58:09",Dev Token,Dev Token
Dengue Vaccination (QDenga),872,1872,3,30000.00,active,"2024-06-27 10:00:24","2024-11-04 08:58:09",Dev Token,Dev Token
Vaksinasi Demam Berdarah (QDenga),873,1872,4,40000.00,active,"2024-06-27 10:00:26","2024-11-04 08:58:10",Dev Token,Dev Token
Dengue Vaccination (QDenga),873,1872,4,40000.00,active,"2024-06-27 10:00:26","2024-11-04 08:58:10",Dev Token,Dev Token
Vaksinasi Hepatitis B Dewasa (Engerix-B 20),874,1873,2,20000.00,active,"2024-06-27 10:00:28","2024-11-04 08:58:12",Dev Token,Dev Token
Hepatitis B Adult Vaccination (Engerix-B 20),874,1873,2,20000.00,active,"2024-06-27 10:00:28","2024-11-04 08:58:12",Dev Token,Dev Token
Vaksinasi Hepatitis B Dewasa (Engerix-B 20),875,1873,3,30000.00,active,"2024-06-27 10:00:30","2024-11-04 08:58:13",Dev Token,Dev Token
Hepatitis B Adult Vaccination (Engerix-B 20),875,1873,3,30000.00,active,"2024-06-27 10:00:30","2024-11-04 08:58:13",Dev Token,Dev Token
Vaksinasi Hepatitis B Dewasa (Engerix-B 20),876,1873,4,40000.00,active,"2024-06-27 10:00:32","2024-11-04 08:58:14",Dev Token,Dev Token
Hepatitis B Adult Vaccination (Engerix-B 20),876,1873,4,40000.00,active,"2024-06-27 10:00:32","2024-11-04 08:58:14",Dev Token,Dev Token
Vaksinasi Meningokokus Polisakarida (Menivax ACYW),877,1874,2,20000.00,active,"2024-06-27 10:00:33","2024-11-04 08:58:15",Dev Token,Dev Token
Meningococcal Polysaccharide Vaccination (Menivax ACYW),877,1874,2,20000.00,active,"2024-06-27 10:00:33","2024-11-04 08:58:15",Dev Token,Dev Token
Vaksinasi Meningokokus Polisakarida (Menivax ACYW),878,1874,3,30000.00,active,"2024-06-27 10:00:35","2024-11-04 08:58:16",Dev Token,Dev Token
Meningococcal Polysaccharide Vaccination (Menivax ACYW),878,1874,3,30000.00,active,"2024-06-27 10:00:35","2024-11-04 08:58:16",Dev Token,Dev Token
Vaksinasi Meningokokus Polisakarida (Menivax ACYW),879,1874,4,40000.00,active,"2024-06-27 10:00:36","2024-11-04 08:58:17",Dev Token,Dev Token
Meningococcal Polysaccharide Vaccination (Menivax ACYW),879,1874,4,40000.00,active,"2024-06-27 10:00:36","2024-11-04 08:58:17",Dev Token,Dev Token
Infus Multivitamin (Cernevit),880,1875,2,20000.00,active,"2024-06-27 10:00:38","2024-11-04 08:58:18",Dev Token,Dev Token
Multivitamin Infusion (Cernevit),880,1875,2,20000.00,active,"2024-06-27 10:00:38","2024-11-04 08:58:18",Dev Token,Dev Token
Infus Multivitamin (Cernevit),881,1875,3,30000.00,active,"2024-06-27 10:00:39","2024-11-04 08:58:19",Dev Token,Dev Token
Multivitamin Infusion (Cernevit),881,1875,3,30000.00,active,"2024-06-27 10:00:39","2024-11-04 08:58:19",Dev Token,Dev Token
Infus Multivitamin (Cernevit),882,1875,4,40000.00,active,"2024-06-27 10:00:41","2024-11-04 08:58:20",Dev Token,Dev Token
Multivitamin Infusion (Cernevit),882,1875,4,40000.00,active,"2024-06-27 10:00:41","2024-11-04 08:58:20",Dev Token,Dev Token
Vaksinasi HPV Nonavalen (Gardasil 9),883,2189,2,20000.00,active,"2024-06-27 10:00:43","2024-11-04 08:59:13",Dev Token,Dev Token
HPV Nonavalent Vaccination (Gardasil 9),883,2189,2,20000.00,active,"2024-06-27 10:00:43","2024-11-04 08:59:13",Dev Token,Dev Token
Vaksinasi HPV Nonavalen (Gardasil 9),884,2189,3,30000.00,active,"2024-06-27 10:00:45","2024-11-04 08:59:14",Dev Token,Dev Token
HPV Nonavalent Vaccination (Gardasil 9),884,2189,3,30000.00,active,"2024-06-27 10:00:45","2024-11-04 08:59:14",Dev Token,Dev Token
Vaksinasi HPV Nonavalen (Gardasil 9),885,2189,4,40000.00,active,"2024-06-27 10:00:46","2024-11-04 08:59:15",Dev Token,Dev Token
HPV Nonavalent Vaccination (Gardasil 9),885,2189,4,40000.00,active,"2024-06-27 10:00:46","2024-11-04 08:59:15",Dev Token,Dev Token
Injeksi Vitamin B12 (Saraf & Otak),886,2725,2,20000.00,active,"2024-06-27 10:00:48","2024-11-04 08:57:33",Dev Token,Dev Token
Vitamin B12 Injection (Neuron & Brain),886,2725,2,20000.00,active,"2024-06-27 10:00:48","2024-11-04 08:57:33",Dev Token,Dev Token
Injeksi Vitamin B12 (Saraf & Otak),887,2725,3,30000.00,active,"2024-06-27 10:00:50","2024-11-04 08:57:34",Dev Token,Dev Token
Vitamin B12 Injection (Neuron & Brain),887,2725,3,30000.00,active,"2024-06-27 10:00:50","2024-11-04 08:57:34",Dev Token,Dev Token
Injeksi Vitamin B12 (Saraf & Otak),888,2725,4,40000.00,active,"2024-06-27 10:00:52","2024-11-04 08:57:35",Dev Token,Dev Token
Vitamin B12 Injection (Neuron & Brain),888,2725,4,40000.00,active,"2024-06-27 10:00:52","2024-11-04 08:57:35",Dev Token,Dev Token
Cek Darah Untuk Alergi,889,3252,2,20000.00,active,"2024-06-27 10:00:54","2024-11-04 08:55:24",Dev Token,Dev Token
Allergy Blood Test,889,3252,2,20000.00,active,"2024-06-27 10:00:54","2024-11-04 08:55:24",Dev Token,Dev Token
Cek Darah Untuk Alergi,890,3252,3,30000.00,active,"2024-06-27 10:00:55","2024-11-04 08:55:25",Dev Token,Dev Token
Allergy Blood Test,890,3252,3,30000.00,active,"2024-06-27 10:00:55","2024-11-04 08:55:25",Dev Token,Dev Token
Cek Darah Untuk Alergi,891,3252,4,40000.00,active,"2024-06-27 10:00:57","2024-11-04 08:55:26",Dev Token,Dev Token
Allergy Blood Test,891,3252,4,40000.00,active,"2024-06-27 10:00:57","2024-11-04 08:55:26",Dev Token,Dev Token
Cek Lab Untuk Demam,892,3273,2,20000.00,active,"2024-06-27 10:00:59","2024-11-04 08:55:14",Dev Token,Dev Token
Lab Test for Fever,892,3273,2,20000.00,active,"2024-06-27 10:00:59","2024-11-04 08:55:14",Dev Token,Dev Token
Cek Lab Untuk Demam,893,3273,3,30000.00,active,"2024-06-27 10:01:01","2024-11-04 08:55:15",Dev Token,Dev Token
Lab Test for Fever,893,3273,3,30000.00,active,"2024-06-27 10:01:01","2024-11-04 08:55:15",Dev Token,Dev Token
Cek Lab Untuk Demam,894,3273,4,40000.00,active,"2024-06-27 10:01:03","2024-11-04 08:55:16",Dev Token,Dev Token
Lab Test for Fever,894,3273,4,40000.00,active,"2024-06-27 10:01:03","2024-11-04 08:55:16",Dev Token,Dev Token
Cek Diabetes,895,1339,2,20000.00,active,"2024-06-27 10:01:05","2024-11-04 08:55:46",Dev Token,Dev Token
Diabetes Test,895,1339,2,20000.00,active,"2024-06-27 10:01:05","2024-11-04 08:55:46",Dev Token,Dev Token
Cek Diabetes,896,1339,3,30000.00,active,"2024-06-27 10:01:07","2024-11-04 08:55:47",Dev Token,Dev Token
Diabetes Test,896,1339,3,30000.00,active,"2024-06-27 10:01:07","2024-11-04 08:55:47",Dev Token,Dev Token
Cek Diabetes,897,1339,4,40000.00,active,"2024-06-27 10:01:08","2024-11-04 08:55:48",Dev Token,Dev Token
Diabetes Test,897,1339,4,40000.00,active,"2024-06-27 10:01:08","2024-11-04 08:55:48",Dev Token,Dev Token
Cek Elektrolit,898,1340,2,20000.00,active,"2024-06-27 10:01:10","2024-11-04 08:55:49",Dev Token,Dev Token
Electrolyte Test,898,1340,2,20000.00,active,"2024-06-27 10:01:10","2024-11-04 08:55:49",Dev Token,Dev Token
Cek Elektrolit,899,1340,3,30000.00,active,"2024-06-27 10:01:12","2024-11-04 08:55:50",Dev Token,Dev Token
Electrolyte Test,899,1340,3,30000.00,active,"2024-06-27 10:01:12","2024-11-04 08:55:50",Dev Token,Dev Token
Cek Elektrolit,900,1340,4,40000.00,active,"2024-06-27 10:01:13","2024-11-04 08:55:52",Dev Token,Dev Token
Electrolyte Test,900,1340,4,40000.00,active,"2024-06-27 10:01:13","2024-11-04 08:55:52",Dev Token,Dev Token
Cek Darah Lengkap (Hematologi Lengkap),901,3242,2,20000.00,active,"2024-06-27 10:01:15","2024-11-04 08:55:37",Dev Token,Dev Token
Complete Blood Count Test,901,3242,2,20000.00,active,"2024-06-27 10:01:15","2024-11-04 08:55:37",Dev Token,Dev Token
Cek Darah Lengkap (Hematologi Lengkap),902,3242,3,30000.00,active,"2024-06-27 10:01:17","2024-11-04 08:55:38",Dev Token,Dev Token
Complete Blood Count Test,902,3242,3,30000.00,active,"2024-06-27 10:01:17","2024-11-04 08:55:38",Dev Token,Dev Token
Cek Darah Lengkap (Hematologi Lengkap),903,3242,4,40000.00,active,"2024-06-27 10:01:18","2024-11-04 08:55:39",Dev Token,Dev Token
Complete Blood Count Test,903,3242,4,40000.00,active,"2024-06-27 10:01:18","2024-11-04 08:55:39",Dev Token,Dev Token
Cek Darah Untuk Demam Berdarah,904,3294,2,20000.00,active,"2024-06-27 10:01:20","2024-11-04 08:55:11",Dev Token,Dev Token
Dengue Fever Test,904,3294,2,20000.00,active,"2024-06-27 10:01:20","2024-11-04 08:55:11",Dev Token,Dev Token
Cek Darah Untuk Demam Berdarah,905,3294,3,30000.00,active,"2024-06-27 10:01:22","2024-11-04 08:55:12",Dev Token,Dev Token
Dengue Fever Test,905,3294,3,30000.00,active,"2024-06-27 10:01:22","2024-11-04 08:55:12",Dev Token,Dev Token
Cek Darah Untuk Demam Berdarah,906,3294,4,40000.00,active,"2024-06-27 10:01:23","2024-11-04 08:55:13",Dev Token,Dev Token
Dengue Fever Test,906,3294,4,40000.00,active,"2024-06-27 10:01:23","2024-11-04 08:55:13",Dev Token,Dev Token
Medical Check Up Hemat,907,1343,2,20000.00,active,"2024-06-27 10:01:25","2024-11-04 08:55:40",Dev Token,Dev Token
Pocket-friendly Medical Check Up,907,1343,2,20000.00,active,"2024-06-27 10:01:25","2024-11-04 08:55:40",Dev Token,Dev Token
Medical Check Up Hemat,908,1343,3,30000.00,active,"2024-06-27 10:01:26","2024-11-04 08:55:41",Dev Token,Dev Token
Pocket-friendly Medical Check Up,908,1343,3,30000.00,active,"2024-06-27 10:01:26","2024-11-04 08:55:41",Dev Token,Dev Token
Medical Check Up Hemat,909,1343,4,40000.00,active,"2024-06-27 10:01:28","2024-11-04 08:55:42",Dev Token,Dev Token
Pocket-friendly Medical Check Up,909,1343,4,40000.00,active,"2024-06-27 10:01:28","2024-11-04 08:55:42",Dev Token,Dev Token
Medical Check Up Standar,910,1344,2,20000.00,active,"2024-06-27 10:01:30","2024-11-04 08:55:43",Dev Token,Dev Token
Standard Medical Check Up,910,1344,2,20000.00,active,"2024-06-27 10:01:30","2024-11-04 08:55:43",Dev Token,Dev Token
Medical Check Up Standar,911,1344,3,30000.00,active,"2024-06-27 10:01:31","2024-11-04 08:55:44",Dev Token,Dev Token
Standard Medical Check Up,911,1344,3,30000.00,active,"2024-06-27 10:01:31","2024-11-04 08:55:44",Dev Token,Dev Token
Medical Check Up Standar,912,1344,4,40000.00,active,"2024-06-27 10:01:33","2024-11-04 08:55:45",Dev Token,Dev Token
Standard Medical Check Up,912,1344,4,40000.00,active,"2024-06-27 10:01:33","2024-11-04 08:55:45",Dev Token,Dev Token
Cek Fungsi Ginjal,913,1345,2,20000.00,active,"2024-06-27 10:01:35","2024-11-04 08:55:53",Dev Token,Dev Token
Renal Function test,913,1345,2,20000.00,active,"2024-06-27 10:01:35","2024-11-04 08:55:53",Dev Token,Dev Token
Cek Fungsi Ginjal,914,1345,3,30000.00,active,"2024-06-27 10:01:36","2024-11-04 08:55:54",Dev Token,Dev Token
Renal Function test,914,1345,3,30000.00,active,"2024-06-27 10:01:36","2024-11-04 08:55:54",Dev Token,Dev Token
Cek Fungsi Ginjal,915,1345,4,40000.00,active,"2024-06-27 10:01:38","2024-11-04 08:55:55",Dev Token,Dev Token
Renal Function test,915,1345,4,40000.00,active,"2024-06-27 10:01:38","2024-11-04 08:55:55",Dev Token,Dev Token
Cek Kolesterol,916,1346,2,20000.00,active,"2024-06-27 10:01:40","2024-11-04 08:56:44",Dev Token,Dev Token
Cholesterol Test,916,1346,2,20000.00,active,"2024-06-27 10:01:40","2024-11-04 08:56:44",Dev Token,Dev Token
Cek Kolesterol,917,1346,3,30000.00,active,"2024-06-27 10:01:41","2024-11-04 08:56:46",Dev Token,Dev Token
Cholesterol Test,917,1346,3,30000.00,active,"2024-06-27 10:01:41","2024-11-04 08:56:46",Dev Token,Dev Token
Cek Kolesterol,918,1346,4,40000.00,active,"2024-06-27 10:01:43","2024-11-04 08:56:47",Dev Token,Dev Token
Cholesterol Test,918,1346,4,40000.00,active,"2024-06-27 10:01:43","2024-11-04 08:56:47",Dev Token,Dev Token
Cek Fungsi Hati,919,1347,2,20000.00,active,"2024-06-27 10:01:44","2024-11-04 08:56:48",Dev Token,Dev Token
Liver Function Test,919,1347,2,20000.00,active,"2024-06-27 10:01:44","2024-11-04 08:56:48",Dev Token,Dev Token
Cek Fungsi Hati,920,1347,3,30000.00,active,"2024-06-27 10:01:45","2024-11-04 08:56:49",Dev Token,Dev Token
Liver Function Test,920,1347,3,30000.00,active,"2024-06-27 10:01:45","2024-11-04 08:56:49",Dev Token,Dev Token
Cek Fungsi Hati,921,1347,4,40000.00,active,"2024-06-27 10:01:47","2024-11-04 08:56:50",Dev Token,Dev Token
Liver Function Test,921,1347,4,40000.00,active,"2024-06-27 10:01:47","2024-11-04 08:56:50",Dev Token,Dev Token
Cek Anemia dan Zat Besi,922,3231,2,20000.00,active,"2024-06-27 10:01:49","2024-11-04 08:55:27",Dev Token,Dev Token
Anemia Test and Iron Level,922,3231,2,20000.00,active,"2024-06-27 10:01:49","2024-11-04 08:55:27",Dev Token,Dev Token
Cek Anemia dan Zat Besi,923,3231,3,30000.00,active,"2024-06-27 10:01:50","2024-11-04 08:55:28",Dev Token,Dev Token
Anemia Test and Iron Level,923,3231,3,30000.00,active,"2024-06-27 10:01:50","2024-11-04 08:55:28",Dev Token,Dev Token
Cek Anemia dan Zat Besi,924,3231,4,40000.00,active,"2024-06-27 10:01:52","2024-11-04 08:55:29",Dev Token,Dev Token
Anemia Test and Iron Level,924,3231,4,40000.00,active,"2024-06-27 10:01:52","2024-11-04 08:55:29",Dev Token,Dev Token
Cek Kolesterol dan Gula Darah,925,1349,2,20000.00,active,"2024-06-27 10:01:54","2024-11-04 08:56:51",Dev Token,Dev Token
Cholesterol and Blood Sugar Test,925,1349,2,20000.00,active,"2024-06-27 10:01:54","2024-11-04 08:56:51",Dev Token,Dev Token
Cek Kolesterol dan Gula Darah,926,1349,3,30000.00,active,"2024-06-27 10:01:56","2024-11-04 08:56:52",Dev Token,Dev Token
Cholesterol and Blood Sugar Test,926,1349,3,30000.00,active,"2024-06-27 10:01:56","2024-11-04 08:56:52",Dev Token,Dev Token
Cek Kolesterol dan Gula Darah,927,1349,4,40000.00,active,"2024-06-27 10:01:57","2024-11-04 08:56:53",Dev Token,Dev Token
Cholesterol and Blood Sugar Test,927,1349,4,40000.00,active,"2024-06-27 10:01:57","2024-11-04 08:56:53",Dev Token,Dev Token
Cek Infeksi Menular Seksual,928,1350,2,20000.00,active,"2024-06-27 10:01:58","2024-11-04 08:56:54",Dev Token,Dev Token
Sexual Transmitted Infection Test,928,1350,2,20000.00,active,"2024-06-27 10:01:58","2024-11-04 08:56:54",Dev Token,Dev Token
Cek Infeksi Menular Seksual,929,1350,3,30000.00,active,"2024-06-27 10:02:00","2024-11-04 08:56:55",Dev Token,Dev Token
Sexual Transmitted Infection Test,929,1350,3,30000.00,active,"2024-06-27 10:02:00","2024-11-04 08:56:55",Dev Token,Dev Token
Cek Infeksi Menular Seksual,930,1350,4,40000.00,active,"2024-06-27 10:02:01","2024-11-04 08:56:56",Dev Token,Dev Token
Sexual Transmitted Infection Test,930,1350,4,40000.00,active,"2024-06-27 10:02:01","2024-11-04 08:56:56",Dev Token,Dev Token
Cek Hormon Tiroid,931,1351,2,20000.00,active,"2024-06-27 10:02:03","2024-11-04 08:56:57",Dev Token,Dev Token
Thyroid Hormone Test,931,1351,2,20000.00,active,"2024-06-27 10:02:03","2024-11-04 08:56:57",Dev Token,Dev Token
Cek Hormon Tiroid,932,1351,3,30000.00,active,"2024-06-27 10:02:04","2024-11-04 08:56:58",Dev Token,Dev Token
Thyroid Hormone Test,932,1351,3,30000.00,active,"2024-06-27 10:02:04","2024-11-04 08:56:58",Dev Token,Dev Token
Cek Hormon Tiroid,933,1351,4,40000.00,active,"2024-06-27 10:02:06","2024-11-04 08:56:59",Dev Token,Dev Token
Thyroid Hormone Test,933,1351,4,40000.00,active,"2024-06-27 10:02:06","2024-11-04 08:56:59",Dev Token,Dev Token
Medical Check Up Lengkap,934,3220,2,20000.00,active,"2024-06-27 10:02:08","2024-11-04 08:55:33",Dev Token,Dev Token
Full Medical Check Up,934,3220,2,20000.00,active,"2024-06-27 10:02:08","2024-11-04 08:55:33",Dev Token,Dev Token
Medical Check Up Lengkap,935,3220,3,30000.00,active,"2024-06-27 10:02:10","2024-11-04 08:55:34",Dev Token,Dev Token
Full Medical Check Up,935,3220,3,30000.00,active,"2024-06-27 10:02:10","2024-11-04 08:55:34",Dev Token,Dev Token
Medical Check Up Lengkap,936,3220,4,40000.00,active,"2024-06-27 10:02:12","2024-11-04 08:55:36",Dev Token,Dev Token
Full Medical Check Up,936,3220,4,40000.00,active,"2024-06-27 10:02:12","2024-11-04 08:55:36",Dev Token,Dev Token
Cek Kesehatan Pranikah,937,3263,2,20000.00,active,"2024-06-27 10:02:14","2024-11-04 08:55:30",Dev Token,Dev Token
Premarital Check Up,937,3263,2,20000.00,active,"2024-06-27 10:02:14","2024-11-04 08:55:30",Dev Token,Dev Token
Cek Kesehatan Pranikah,938,3263,3,30000.00,active,"2024-06-27 10:02:15","2024-11-04 08:55:31",Dev Token,Dev Token
Premarital Check Up,938,3263,3,30000.00,active,"2024-06-27 10:02:15","2024-11-04 08:55:31",Dev Token,Dev Token
Cek Kesehatan Pranikah,939,3263,4,40000.00,active,"2024-06-27 10:02:17","2024-11-04 08:55:32",Dev Token,Dev Token
Premarital Check Up,939,3263,4,40000.00,active,"2024-06-27 10:02:17","2024-11-04 08:55:32",Dev Token,Dev Token
Cek Infeksi Saluran Kemih,940,3283,2,20000.00,active,"2024-06-27 10:02:18","2024-11-04 08:55:17",Dev Token,Dev Token
Urinary Tract Infection Test,940,3283,2,20000.00,active,"2024-06-27 10:02:18","2024-11-04 08:55:17",Dev Token,Dev Token
Cek Infeksi Saluran Kemih,941,3283,3,30000.00,active,"2024-06-27 10:02:20","2024-11-04 08:55:18",Dev Token,Dev Token
Urinary Tract Infection Test,941,3283,3,30000.00,active,"2024-06-27 10:02:20","2024-11-04 08:55:18",Dev Token,Dev Token
Cek Infeksi Saluran Kemih,942,3283,4,40000.00,active,"2024-06-27 10:02:22","2024-11-04 08:55:19",Dev Token,Dev Token
Urinary Tract Infection Test,942,3283,4,40000.00,active,"2024-06-27 10:02:22","2024-11-04 08:55:19",Dev Token,Dev Token
Vaksinasi HPV Kuadrivalen (Gardasil),943,1355,2,20000.00,active,"2024-06-27 10:02:23","2024-11-04 08:57:04",Dev Token,Dev Token
HPV Quadrivalent Vaccination (Gardasil),943,1355,2,20000.00,active,"2024-06-27 10:02:23","2024-11-04 08:57:04",Dev Token,Dev Token
Vaksinasi HPV Kuadrivalen (Gardasil),944,1355,3,30000.00,active,"2024-06-27 10:02:25","2024-11-04 08:57:05",Dev Token,Dev Token
HPV Quadrivalent Vaccination (Gardasil),944,1355,3,30000.00,active,"2024-06-27 10:02:25","2024-11-04 08:57:05",Dev Token,Dev Token
Vaksinasi HPV Kuadrivalen (Gardasil),945,1355,4,40000.00,active,"2024-06-27 10:02:27","2024-11-04 08:57:06",Dev Token,Dev Token
HPV Quadrivalent Vaccination (Gardasil),945,1355,4,40000.00,active,"2024-06-27 10:02:27","2024-11-04 08:57:06",Dev Token,Dev Token
Vaksinasi Influenza (Vaxigrip Tetra),946,1356,2,20000.00,active,"2024-06-27 10:02:28","2024-11-04 08:57:07",Dev Token,Dev Token
Influenza Vaccination (Vaxigrip Tetra),946,1356,2,20000.00,active,"2024-06-27 10:02:28","2024-11-04 08:57:07",Dev Token,Dev Token
Vaksinasi Influenza (Vaxigrip Tetra),947,1356,3,30000.00,active,"2024-06-27 10:02:30","2024-11-04 08:57:08",Dev Token,Dev Token
Influenza Vaccination (Vaxigrip Tetra),947,1356,3,30000.00,active,"2024-06-27 10:02:30","2024-11-04 08:57:08",Dev Token,Dev Token
Vaksinasi Influenza (Vaxigrip Tetra),948,1356,4,40000.00,active,"2024-06-27 10:02:31","2024-11-04 08:57:09",Dev Token,Dev Token
Influenza Vaccination (Vaxigrip Tetra),948,1356,4,40000.00,active,"2024-06-27 10:02:31","2024-11-04 08:57:09",Dev Token,Dev Token
Infus Drip Vitamin C,949,1357,2,20000.00,active,"2024-06-27 10:02:33","2024-11-04 08:56:09",Dev Token,Dev Token
Vitamin C Infusion Drip,949,1357,2,20000.00,active,"2024-06-27 10:02:33","2024-11-04 08:56:09",Dev Token,Dev Token
Infus Drip Vitamin C,950,1357,3,30000.00,active,"2024-06-27 10:02:34","2024-11-04 08:56:10",Dev Token,Dev Token
Vitamin C Infusion Drip,950,1357,3,30000.00,active,"2024-06-27 10:02:34","2024-11-04 08:56:10",Dev Token,Dev Token
Infus Drip Vitamin C,951,1357,4,40000.00,active,"2024-06-27 10:02:37","2024-11-04 08:56:11",Dev Token,Dev Token
Vitamin C Infusion Drip,951,1357,4,40000.00,active,"2024-06-27 10:02:37","2024-11-04 08:56:11",Dev Token,Dev Token
Injeksi Vitamin C,952,1505,2,20000.00,active,"2024-06-27 10:02:38","2024-11-04 08:56:12",Dev Token,Dev Token
Vitamin C Injection,952,1505,2,20000.00,active,"2024-06-27 10:02:38","2024-11-04 08:56:12",Dev Token,Dev Token
Injeksi Vitamin C,953,1505,3,30000.00,active,"2024-06-27 10:02:40","2024-11-04 08:56:13",Dev Token,Dev Token
Vitamin C Injection,953,1505,3,30000.00,active,"2024-06-27 10:02:40","2024-11-04 08:56:13",Dev Token,Dev Token
Injeksi Vitamin C,954,1505,4,40000.00,active,"2024-06-27 10:02:42","2024-11-04 08:56:14",Dev Token,Dev Token
Vitamin C Injection,954,1505,4,40000.00,active,"2024-06-27 10:02:42","2024-11-04 08:56:14",Dev Token,Dev Token
Vaksinasi Pneumonia PCV13 (Prevenar),955,1358,2,20000.00,active,"2024-06-27 10:02:44","2024-11-04 08:56:15",Dev Token,Dev Token
Pneumonia PCV13 Vaccination (Prevenar),955,1358,2,20000.00,active,"2024-06-27 10:02:44","2024-11-04 08:56:15",Dev Token,Dev Token
Vaksinasi Pneumonia PCV13 (Prevenar),956,1358,3,30000.00,active,"2024-06-27 10:02:45","2024-11-04 08:56:17",Dev Token,Dev Token
Pneumonia PCV13 Vaccination (Prevenar),956,1358,3,30000.00,active,"2024-06-27 10:02:45","2024-11-04 08:56:17",Dev Token,Dev Token
Vaksinasi Pneumonia PCV13 (Prevenar),957,1358,4,40000.00,active,"2024-06-27 10:02:47","2024-11-04 08:56:18",Dev Token,Dev Token
Pneumonia PCV13 Vaccination (Prevenar),957,1358,4,40000.00,active,"2024-06-27 10:02:47","2024-11-04 08:56:18",Dev Token,Dev Token
Vaksinasi Rotavirus (Rotarix),958,1359,2,20000.00,active,"2024-06-27 10:02:49","2024-11-04 08:56:19",Dev Token,Dev Token
Rotavirus Vaccination (Rotarix),958,1359,2,20000.00,active,"2024-06-27 10:02:49","2024-11-04 08:56:19",Dev Token,Dev Token
Vaksinasi Rotavirus (Rotarix),959,1359,3,30000.00,active,"2024-06-27 10:02:50","2024-11-04 08:56:20",Dev Token,Dev Token
Rotavirus Vaccination (Rotarix),959,1359,3,30000.00,active,"2024-06-27 10:02:50","2024-11-04 08:56:20",Dev Token,Dev Token
Vaksinasi Rotavirus (Rotarix),960,1359,4,40000.00,active,"2024-06-27 10:02:52","2024-11-04 08:56:21",Dev Token,Dev Token
Rotavirus Vaccination (Rotarix),960,1359,4,40000.00,active,"2024-06-27 10:02:52","2024-11-04 08:56:21",Dev Token,Dev Token
Vaksinasi Tdap (Boostrix),961,1360,2,20000.00,active,"2024-06-27 10:02:53","2024-11-04 08:56:22",Dev Token,Dev Token
Tdap Vaccination (Boostrix),961,1360,2,20000.00,active,"2024-06-27 10:02:53","2024-11-04 08:56:22",Dev Token,Dev Token
Vaksinasi Tdap (Boostrix),962,1360,3,30000.00,active,"2024-06-27 10:02:54","2024-11-04 08:56:23",Dev Token,Dev Token
Tdap Vaccination (Boostrix),962,1360,3,30000.00,active,"2024-06-27 10:02:54","2024-11-04 08:56:23",Dev Token,Dev Token
Vaksinasi Tdap (Boostrix),963,1360,4,40000.00,active,"2024-06-27 10:02:56","2024-11-04 08:56:24",Dev Token,Dev Token
Tdap Vaccination (Boostrix),963,1360,4,40000.00,active,"2024-06-27 10:02:56","2024-11-04 08:56:24",Dev Token,Dev Token
Vaksinasi Tifoid (Typhim Vi),964,1361,2,20000.00,active,"2024-06-27 10:02:58","2024-11-04 08:56:25",Dev Token,Dev Token
Typhoid Vaccination (Typhim Vi),964,1361,2,20000.00,active,"2024-06-27 10:02:58","2024-11-04 08:56:25",Dev Token,Dev Token
Vaksinasi Tifoid (Typhim Vi),965,1361,3,30000.00,active,"2024-06-27 10:02:59","2024-11-04 08:56:26",Dev Token,Dev Token
Typhoid Vaccination (Typhim Vi),965,1361,3,30000.00,active,"2024-06-27 10:02:59","2024-11-04 08:56:26",Dev Token,Dev Token
Vaksinasi Tifoid (Typhim Vi),966,1361,4,40000.00,active,"2024-06-27 10:03:01","2024-11-04 08:56:27",Dev Token,Dev Token
Typhoid Vaccination (Typhim Vi),966,1361,4,40000.00,active,"2024-06-27 10:03:01","2024-11-04 08:56:27",Dev Token,Dev Token
Vaksinasi Hepatitis A Anak (Havrix Junior 720),967,1362,2,20000.00,active,"2024-06-27 10:03:02","2024-11-04 08:56:28",Dev Token,Dev Token
Hepatitis A Child Vaccination (Havrix Junior 720),967,1362,2,20000.00,active,"2024-06-27 10:03:02","2024-11-04 08:56:28",Dev Token,Dev Token
Vaksinasi Hepatitis A Anak (Havrix Junior 720),968,1362,3,30000.00,active,"2024-06-27 10:03:03","2024-11-04 08:56:29",Dev Token,Dev Token
Hepatitis A Child Vaccination (Havrix Junior 720),968,1362,3,30000.00,active,"2024-06-27 10:03:03","2024-11-04 08:56:29",Dev Token,Dev Token
Vaksinasi Hepatitis A Anak (Havrix Junior 720),969,1362,4,40000.00,active,"2024-06-27 10:03:05","2024-11-04 08:56:31",Dev Token,Dev Token
Hepatitis A Child Vaccination (Havrix Junior 720),969,1362,4,40000.00,active,"2024-06-27 10:03:05","2024-11-04 08:56:31",Dev Token,Dev Token
Paket Vaksinasi Influenza (Vaxigrip Tetra) + Pneumonia PCV13,970,1363,2,20000.00,active,"2024-06-27 10:03:07","2024-11-04 08:56:32",Dev Token,Dev Token
Influenza (Vaxigrip Tetra) + Pneumonia PCV13 Vaccination Bundle,970,1363,2,20000.00,active,"2024-06-27 10:03:07","2024-11-04 08:56:32",Dev Token,Dev Token
Paket Vaksinasi Influenza (Vaxigrip Tetra) + Pneumonia PCV13,971,1363,3,30000.00,active,"2024-06-27 10:03:09","2024-11-04 08:56:33",Dev Token,Dev Token
Influenza (Vaxigrip Tetra) + Pneumonia PCV13 Vaccination Bundle,971,1363,3,30000.00,active,"2024-06-27 10:03:09","2024-11-04 08:56:33",Dev Token,Dev Token
Paket Vaksinasi Influenza (Vaxigrip Tetra) + Pneumonia PCV13,972,1363,4,40000.00,active,"2024-06-27 10:03:10","2024-11-04 08:56:34",Dev Token,Dev Token
Influenza (Vaxigrip Tetra) + Pneumonia PCV13 Vaccination Bundle,972,1363,4,40000.00,active,"2024-06-27 10:03:10","2024-11-04 08:56:34",Dev Token,Dev Token
Vaksinasi DTaP-POLIO IPV-HIB-HEP B (Hexaxim),973,1364,2,20000.00,active,"2024-06-27 10:03:12","2024-11-04 08:56:35",Dev Token,Dev Token
DTaP-POLIO IPV-HIB-HEP B Vaccination (Hexaxim),973,1364,2,20000.00,active,"2024-06-27 10:03:12","2024-11-04 08:56:35",Dev Token,Dev Token
Vaksinasi DTaP-POLIO IPV-HIB-HEP B (Hexaxim),974,1364,3,30000.00,active,"2024-06-27 10:03:14","2024-11-04 08:56:36",Dev Token,Dev Token
DTaP-POLIO IPV-HIB-HEP B Vaccination (Hexaxim),974,1364,3,30000.00,active,"2024-06-27 10:03:14","2024-11-04 08:56:36",Dev Token,Dev Token
Vaksinasi DTaP-POLIO IPV-HIB-HEP B (Hexaxim),975,1364,4,40000.00,active,"2024-06-27 10:03:16","2024-11-04 08:56:37",Dev Token,Dev Token
DTaP-POLIO IPV-HIB-HEP B Vaccination (Hexaxim),975,1364,4,40000.00,active,"2024-06-27 10:03:16","2024-11-04 08:56:37",Dev Token,Dev Token
Vaksinasi MMR (M-M-R II),976,1365,2,20000.00,active,"2024-06-27 10:03:18","2024-11-04 08:56:38",Dev Token,Dev Token
MMR Vaccination (M-M-R II),976,1365,2,20000.00,active,"2024-06-27 10:03:18","2024-11-04 08:56:38",Dev Token,Dev Token
Vaksinasi MMR (M-M-R II),977,1365,3,30000.00,active,"2024-06-27 10:03:19","2024-11-04 08:56:39",Dev Token,Dev Token
MMR Vaccination (M-M-R II),977,1365,3,30000.00,active,"2024-06-27 10:03:19","2024-11-04 08:56:39",Dev Token,Dev Token
Vaksinasi MMR (M-M-R II),978,1365,4,40000.00,active,"2024-06-27 10:03:21","2024-11-04 08:56:40",Dev Token,Dev Token
MMR Vaccination (M-M-R II),978,1365,4,40000.00,active,"2024-06-27 10:03:21","2024-11-04 08:56:40",Dev Token,Dev Token
Vaksinasi Cacar Air/Varicella (Varivax),979,1366,2,20000.00,active,"2024-06-27 10:03:23","2024-11-04 08:56:41",Dev Token,Dev Token
Varicella Vaccination (Varivax),979,1366,2,20000.00,active,"2024-06-27 10:03:23","2024-11-04 08:56:41",Dev Token,Dev Token
Vaksinasi Cacar Air/Varicella (Varivax),980,1366,3,30000.00,active,"2024-06-27 10:03:25","2024-11-04 08:56:42",Dev Token,Dev Token
Varicella Vaccination (Varivax),980,1366,3,30000.00,active,"2024-06-27 10:03:25","2024-11-04 08:56:42",Dev Token,Dev Token
Vaksinasi Cacar Air/Varicella (Varivax),981,1366,4,40000.00,active,"2024-06-27 10:03:27","2024-11-04 08:56:43",Dev Token,Dev Token
Varicella Vaccination (Varivax),981,1366,4,40000.00,active,"2024-06-27 10:03:27","2024-11-04 08:56:43",Dev Token,Dev Token
Vaksinasi Demam Berdarah (QDenga),982,1367,2,20000.00,active,"2024-06-27 10:03:29","2024-11-04 08:55:56",Dev Token,Dev Token
Dengue Vaccination (QDenga),982,1367,2,20000.00,active,"2024-06-27 10:03:29","2024-11-04 08:55:56",Dev Token,Dev Token
Vaksinasi Demam Berdarah (QDenga),983,1367,3,30000.00,active,"2024-06-27 10:03:30","2024-11-04 08:55:57",Dev Token,Dev Token
Dengue Vaccination (QDenga),983,1367,3,30000.00,active,"2024-06-27 10:03:30","2024-11-04 08:55:57",Dev Token,Dev Token
Vaksinasi Demam Berdarah (QDenga),984,1367,4,40000.00,active,"2024-06-27 10:03:32","2024-11-04 08:55:58",Dev Token,Dev Token
Dengue Vaccination (QDenga),984,1367,4,40000.00,active,"2024-06-27 10:03:32","2024-11-04 08:55:58",Dev Token,Dev Token
Vaksinasi Hepatitis B Dewasa (Engerix-B 20),985,1368,2,20000.00,active,"2024-06-27 10:03:33","2024-11-04 08:55:59",Dev Token,Dev Token
Hepatitis B Adult Vaccination (Engerix-B 20),985,1368,2,20000.00,active,"2024-06-27 10:03:33","2024-11-04 08:55:59",Dev Token,Dev Token
Vaksinasi Hepatitis B Dewasa (Engerix-B 20),986,1368,3,30000.00,active,"2024-06-27 10:03:35","2024-11-04 08:56:00",Dev Token,Dev Token
Hepatitis B Adult Vaccination (Engerix-B 20),986,1368,3,30000.00,active,"2024-06-27 10:03:35","2024-11-04 08:56:00",Dev Token,Dev Token
Vaksinasi Hepatitis B Dewasa (Engerix-B 20),987,1368,4,40000.00,active,"2024-06-27 10:03:37","2024-11-04 08:56:02",Dev Token,Dev Token
Hepatitis B Adult Vaccination (Engerix-B 20),987,1368,4,40000.00,active,"2024-06-27 10:03:37","2024-11-04 08:56:02",Dev Token,Dev Token
Vaksinasi Meningokokus Polisakarida (Menivax ACYW),988,1369,2,20000.00,active,"2024-06-27 10:03:38","2024-11-04 08:56:03",Dev Token,Dev Token
Meningococcal Polysaccharide Vaccination (Menivax ACYW),988,1369,2,20000.00,active,"2024-06-27 10:03:38","2024-11-04 08:56:03",Dev Token,Dev Token
Vaksinasi Meningokokus Polisakarida (Menivax ACYW),989,1369,3,30000.00,active,"2024-06-27 10:03:40","2024-11-04 08:56:04",Dev Token,Dev Token
Meningococcal Polysaccharide Vaccination (Menivax ACYW),989,1369,3,30000.00,active,"2024-06-27 10:03:40","2024-11-04 08:56:04",Dev Token,Dev Token
Vaksinasi Meningokokus Polisakarida (Menivax ACYW),990,1369,4,40000.00,active,"2024-06-27 10:03:42","2024-11-04 08:56:05",Dev Token,Dev Token
Meningococcal Polysaccharide Vaccination (Menivax ACYW),990,1369,4,40000.00,active,"2024-06-27 10:03:42","2024-11-04 08:56:05",Dev Token,Dev Token
Infus Multivitamin (Cernevit),991,1370,2,20000.00,active,"2024-06-27 10:03:44","2024-11-04 08:56:06",Dev Token,Dev Token
Multivitamin Infusion (Cernevit),991,1370,2,20000.00,active,"2024-06-27 10:03:44","2024-11-04 08:56:06",Dev Token,Dev Token
Infus Multivitamin (Cernevit),992,1370,3,30000.00,active,"2024-06-27 10:03:46","2024-11-04 08:56:07",Dev Token,Dev Token
Multivitamin Infusion (Cernevit),992,1370,3,30000.00,active,"2024-06-27 10:03:46","2024-11-04 08:56:07",Dev Token,Dev Token
Infus Multivitamin (Cernevit),993,1370,4,40000.00,active,"2024-06-27 10:03:47","2024-11-04 08:56:08",Dev Token,Dev Token
Multivitamin Infusion (Cernevit),993,1370,4,40000.00,active,"2024-06-27 10:03:47","2024-11-04 08:56:08",Dev Token,Dev Token
Vaksinasi HPV Nonavalen (Gardasil 9),994,2190,2,20000.00,active,"2024-06-27 10:03:49","2024-11-04 08:57:01",Dev Token,Dev Token
HPV Nonavalent Vaccination (Gardasil 9),994,2190,2,20000.00,active,"2024-06-27 10:03:49","2024-11-04 08:57:01",Dev Token,Dev Token
Vaksinasi HPV Nonavalen (Gardasil 9),995,2190,3,30000.00,active,"2024-06-27 10:03:50","2024-11-04 08:57:02",Dev Token,Dev Token
HPV Nonavalent Vaccination (Gardasil 9),995,2190,3,30000.00,active,"2024-06-27 10:03:50","2024-11-04 08:57:02",Dev Token,Dev Token
Vaksinasi HPV Nonavalen (Gardasil 9),996,2190,4,40000.00,active,"2024-06-27 10:03:52","2024-11-04 08:57:03",Dev Token,Dev Token
HPV Nonavalent Vaccination (Gardasil 9),996,2190,4,40000.00,active,"2024-06-27 10:03:52","2024-11-04 08:57:03",Dev Token,Dev Token
Injeksi Vitamin B12 (Saraf & Otak),997,2726,2,20000.00,active,"2024-06-27 10:03:54","2024-11-04 08:55:20",Dev Token,Dev Token
Vitamin B12 Injection (Neuron & Brain),997,2726,2,20000.00,active,"2024-06-27 10:03:54","2024-11-04 08:55:20",Dev Token,Dev Token
Injeksi Vitamin B12 (Saraf & Otak),998,2726,3,30000.00,active,"2024-06-27 10:03:55","2024-11-04 08:55:21",Dev Token,Dev Token
Vitamin B12 Injection (Neuron & Brain),998,2726,3,30000.00,active,"2024-06-27 10:03:55","2024-11-04 08:55:21",Dev Token,Dev Token
Injeksi Vitamin B12 (Saraf & Otak),999,2726,4,40000.00,active,"2024-06-27 10:03:57","2024-11-04 08:55:22",Dev Token,Dev Token
Vitamin B12 Injection (Neuron & Brain),999,2726,4,40000.00,active,"2024-06-27 10:03:57","2024-11-04 08:55:22",Dev Token,Dev Token
Glow Drip,1000,3428,2,20000.00,active,"2024-08-30 15:12:02","2024-11-04 08:50:37",Dev Token,Dev Token
Glow Drip,1000,3428,2,20000.00,active,"2024-08-30 15:12:02","2024-11-04 08:50:37",Dev Token,Dev Token
Glow Drip,1001,3428,3,30000.00,active,"2024-08-30 15:12:03","2024-11-04 08:50:38",Dev Token,Dev Token
Glow Drip,1001,3428,3,30000.00,active,"2024-08-30 15:12:03","2024-11-04 08:50:38",Dev Token,Dev Token
Glow Drip,1002,3428,4,40000.00,active,"2024-08-30 15:12:04","2024-11-04 08:50:39",Dev Token,Dev Token
Glow Drip,1002,3428,4,40000.00,active,"2024-08-30 15:12:04","2024-11-04 08:50:39",Dev Token,Dev Token
Glow + Rejuvenate Drip,1003,3439,2,20000.00,active,"2024-08-30 15:12:05","2024-11-04 08:50:40",Dev Token,Dev Token
Glow + Rejuvenate Drip,1003,3439,2,20000.00,active,"2024-08-30 15:12:05","2024-11-04 08:50:40",Dev Token,Dev Token
Glow + Rejuvenate Drip,1004,3439,3,30000.00,active,"2024-08-30 15:12:07","2024-11-04 08:50:41",Dev Token,Dev Token
Glow + Rejuvenate Drip,1004,3439,3,30000.00,active,"2024-08-30 15:12:07","2024-11-04 08:50:41",Dev Token,Dev Token
Glow + Rejuvenate Drip,1005,3439,4,40000.00,active,"2024-08-30 15:12:08","2024-11-04 08:50:42",Dev Token,Dev Token
Glow + Rejuvenate Drip,1005,3439,4,40000.00,active,"2024-08-30 15:12:08","2024-11-04 08:50:42",Dev Token,Dev Token
Glow Drip,1006,3429,2,20000.00,active,"2024-08-30 15:12:09","2024-11-04 08:52:49",Dev Token,Dev Token
Glow Drip,1006,3429,2,20000.00,active,"2024-08-30 15:12:09","2024-11-04 08:52:49",Dev Token,Dev Token
Glow Drip,1007,3429,3,30000.00,active,"2024-08-30 15:12:10","2024-11-04 08:52:50",Dev Token,Dev Token
Glow Drip,1007,3429,3,30000.00,active,"2024-08-30 15:12:10","2024-11-04 08:52:50",Dev Token,Dev Token
Glow Drip,1008,3429,4,40000.00,active,"2024-08-30 15:12:11","2024-11-04 08:52:51",Dev Token,Dev Token
Glow Drip,1008,3429,4,40000.00,active,"2024-08-30 15:12:11","2024-11-04 08:52:51",Dev Token,Dev Token
Glow + Rejuvenate Drip,1009,3440,2,20000.00,active,"2024-08-30 15:12:13","2024-11-04 08:52:52",Dev Token,Dev Token
Glow + Rejuvenate Drip,1009,3440,2,20000.00,active,"2024-08-30 15:12:13","2024-11-04 08:52:52",Dev Token,Dev Token
Glow + Rejuvenate Drip,1010,3440,3,30000.00,active,"2024-08-30 15:12:14","2024-11-04 08:52:53",Dev Token,Dev Token
Glow + Rejuvenate Drip,1010,3440,3,30000.00,active,"2024-08-30 15:12:14","2024-11-04 08:52:53",Dev Token,Dev Token
Glow + Rejuvenate Drip,1011,3440,4,40000.00,active,"2024-08-30 15:12:15","2024-11-04 08:52:54",Dev Token,Dev Token
Glow + Rejuvenate Drip,1011,3440,4,40000.00,active,"2024-08-30 15:12:15","2024-11-04 08:52:54",Dev Token,Dev Token
Glow Drip,1012,3430,2,20000.00,active,"2024-08-30 15:12:16","2024-11-04 08:55:01",Dev Token,Dev Token
Glow Drip,1012,3430,2,20000.00,active,"2024-08-30 15:12:16","2024-11-04 08:55:01",Dev Token,Dev Token
Glow Drip,1013,3430,3,30000.00,active,"2024-08-30 15:12:17","2024-11-04 08:55:02",Dev Token,Dev Token
Glow Drip,1013,3430,3,30000.00,active,"2024-08-30 15:12:17","2024-11-04 08:55:02",Dev Token,Dev Token
Glow Drip,1014,3430,4,40000.00,active,"2024-08-30 15:12:18","2024-11-04 08:55:03",Dev Token,Dev Token
Glow Drip,1014,3430,4,40000.00,active,"2024-08-30 15:12:18","2024-11-04 08:55:03",Dev Token,Dev Token
Glow + Rejuvenate Drip,1015,3441,2,20000.00,active,"2024-08-30 15:12:19","2024-11-04 08:55:04",Dev Token,Dev Token
Glow + Rejuvenate Drip,1015,3441,2,20000.00,active,"2024-08-30 15:12:19","2024-11-04 08:55:04",Dev Token,Dev Token
Glow + Rejuvenate Drip,1016,3441,3,30000.00,active,"2024-08-30 15:12:21","2024-11-04 08:55:05",Dev Token,Dev Token
Glow + Rejuvenate Drip,1016,3441,3,30000.00,active,"2024-08-30 15:12:21","2024-11-04 08:55:05",Dev Token,Dev Token
Glow + Rejuvenate Drip,1017,3441,4,40000.00,active,"2024-08-30 15:12:22","2024-11-04 08:55:06",Dev Token,Dev Token
Glow + Rejuvenate Drip,1017,3441,4,40000.00,active,"2024-08-30 15:12:22","2024-11-04 08:55:06",Dev Token,Dev Token
Glow Drip,1018,3431,2,20000.00,active,"2024-08-30 15:12:23","2024-11-04 08:48:24",Dev Token,Dev Token
Glow Drip,1018,3431,2,20000.00,active,"2024-08-30 15:12:23","2024-11-04 08:48:24",Dev Token,Dev Token
Glow Drip,1019,3431,3,30000.00,active,"2024-08-30 15:12:24","2024-11-04 08:48:25",Dev Token,Dev Token
Glow Drip,1019,3431,3,30000.00,active,"2024-08-30 15:12:24","2024-11-04 08:48:25",Dev Token,Dev Token
Glow Drip,1020,3431,4,40000.00,active,"2024-08-30 15:12:25","2024-11-04 08:48:26",Dev Token,Dev Token
Glow Drip,1020,3431,4,40000.00,active,"2024-08-30 15:12:25","2024-11-04 08:48:26",Dev Token,Dev Token
Glow + Rejuvenate Drip,1021,3442,2,20000.00,active,"2024-08-30 15:12:26","2024-11-04 08:48:27",Dev Token,Dev Token
Glow + Rejuvenate Drip,1021,3442,2,20000.00,active,"2024-08-30 15:12:26","2024-11-04 08:48:27",Dev Token,Dev Token
Glow + Rejuvenate Drip,1022,3442,3,30000.00,active,"2024-08-30 15:12:27","2024-11-04 08:48:28",Dev Token,Dev Token
Glow + Rejuvenate Drip,1022,3442,3,30000.00,active,"2024-08-30 15:12:27","2024-11-04 08:48:28",Dev Token,Dev Token
Glow + Rejuvenate Drip,1023,3442,4,40000.00,active,"2024-08-30 15:12:29","2024-11-04 08:48:29",Dev Token,Dev Token
Glow + Rejuvenate Drip,1023,3442,4,40000.00,active,"2024-08-30 15:12:29","2024-11-04 08:48:29",Dev Token,Dev Token
Glow Drip,1024,3432,2,20000.00,active,"2024-08-30 15:12:30","2024-11-04 08:46:11",Dev Token,Dev Token
Glow Drip,1024,3432,2,20000.00,active,"2024-08-30 15:12:30","2024-11-04 08:46:11",Dev Token,Dev Token
Glow Drip,1025,3432,3,30000.00,active,"2024-08-30 15:12:31","2024-11-04 08:46:12",Dev Token,Dev Token
Glow Drip,1025,3432,3,30000.00,active,"2024-08-30 15:12:31","2024-11-04 08:46:12",Dev Token,Dev Token
Glow Drip,1026,3432,4,40000.00,active,"2024-08-30 15:12:32","2024-11-04 08:46:13",Dev Token,Dev Token
Glow Drip,1026,3432,4,40000.00,active,"2024-08-30 15:12:32","2024-11-04 08:46:13",Dev Token,Dev Token
Glow + Rejuvenate Drip,1027,3443,2,20000.00,active,"2024-08-30 15:12:33","2024-11-04 08:46:14",Dev Token,Dev Token
Glow + Rejuvenate Drip,1027,3443,2,20000.00,active,"2024-08-30 15:12:33","2024-11-04 08:46:14",Dev Token,Dev Token
Glow + Rejuvenate Drip,1028,3443,3,30000.00,active,"2024-08-30 15:12:34","2024-11-04 08:46:16",Dev Token,Dev Token
Glow + Rejuvenate Drip,1028,3443,3,30000.00,active,"2024-08-30 15:12:34","2024-11-04 08:46:16",Dev Token,Dev Token
Glow + Rejuvenate Drip,1029,3443,4,40000.00,active,"2024-08-30 15:12:35","2024-11-04 08:46:17",Dev Token,Dev Token
Glow + Rejuvenate Drip,1029,3443,4,40000.00,active,"2024-08-30 15:12:35","2024-11-04 08:46:17",Dev Token,Dev Token
Glow Drip,1030,3433,2,20000.00,active,"2024-08-30 15:12:37","2024-11-04 08:43:58",Dev Token,Dev Token
Glow Drip,1030,3433,2,20000.00,active,"2024-08-30 15:12:37","2024-11-04 08:43:58",Dev Token,Dev Token
Glow Drip,1031,3433,3,30000.00,active,"2024-08-30 15:12:38","2024-11-04 08:43:59",Dev Token,Dev Token
Glow Drip,1031,3433,3,30000.00,active,"2024-08-30 15:12:38","2024-11-04 08:43:59",Dev Token,Dev Token
Glow Drip,1032,3433,4,40000.00,active,"2024-08-30 15:12:39","2024-11-04 08:44:00",Dev Token,Dev Token
Glow Drip,1032,3433,4,40000.00,active,"2024-08-30 15:12:39","2024-11-04 08:44:00",Dev Token,Dev Token
Glow + Rejuvenate Drip,1033,3444,2,20000.00,active,"2024-08-30 15:12:40","2024-11-04 08:44:02",Dev Token,Dev Token
Glow + Rejuvenate Drip,1033,3444,2,20000.00,active,"2024-08-30 15:12:40","2024-11-04 08:44:02",Dev Token,Dev Token
Glow + Rejuvenate Drip,1034,3444,3,30000.00,active,"2024-08-30 15:12:41","2024-11-04 08:44:03",Dev Token,Dev Token
Glow + Rejuvenate Drip,1034,3444,3,30000.00,active,"2024-08-30 15:12:41","2024-11-04 08:44:03",Dev Token,Dev Token
Glow + Rejuvenate Drip,1035,3444,4,40000.00,active,"2024-08-30 15:12:43","2024-11-04 08:44:04",Dev Token,Dev Token
Glow + Rejuvenate Drip,1035,3444,4,40000.00,active,"2024-08-30 15:12:43","2024-11-04 08:44:04",Dev Token,Dev Token
Glow Drip,1036,3434,2,20000.00,active,"2024-08-30 15:12:44","2024-11-04 09:03:51",Dev Token,Dev Token
Glow Drip,1036,3434,2,20000.00,active,"2024-08-30 15:12:44","2024-11-04 09:03:51",Dev Token,Dev Token
Glow Drip,1037,3434,3,30000.00,active,"2024-08-30 15:12:45","2024-11-04 09:03:52",Dev Token,Dev Token
Glow Drip,1037,3434,3,30000.00,active,"2024-08-30 15:12:45","2024-11-04 09:03:52",Dev Token,Dev Token
Glow Drip,1038,3434,4,40000.00,active,"2024-08-30 15:12:46","2024-11-04 09:03:53",Dev Token,Dev Token
Glow Drip,1038,3434,4,40000.00,active,"2024-08-30 15:12:46","2024-11-04 09:03:53",Dev Token,Dev Token
Glow + Rejuvenate Drip,1039,3445,2,20000.00,active,"2024-08-30 15:12:47","2024-11-04 09:03:54",Dev Token,Dev Token
Glow + Rejuvenate Drip,1039,3445,2,20000.00,active,"2024-08-30 15:12:47","2024-11-04 09:03:54",Dev Token,Dev Token
Glow + Rejuvenate Drip,1040,3445,3,30000.00,active,"2024-08-30 15:12:48","2024-11-04 09:03:56",Dev Token,Dev Token
Glow + Rejuvenate Drip,1040,3445,3,30000.00,active,"2024-08-30 15:12:48","2024-11-04 09:03:56",Dev Token,Dev Token
Glow + Rejuvenate Drip,1041,3445,4,40000.00,active,"2024-08-30 15:12:50","2024-11-04 09:03:57",Dev Token,Dev Token
Glow + Rejuvenate Drip,1041,3445,4,40000.00,active,"2024-08-30 15:12:50","2024-11-04 09:03:57",Dev Token,Dev Token
Glow Drip,1042,3435,2,20000.00,active,"2024-08-30 15:12:51","2024-11-04 08:59:26",Dev Token,Dev Token
Glow Drip,1042,3435,2,20000.00,active,"2024-08-30 15:12:51","2024-11-04 08:59:26",Dev Token,Dev Token
Glow Drip,1043,3435,3,30000.00,active,"2024-08-30 15:12:52","2024-11-04 08:59:27",Dev Token,Dev Token
Glow Drip,1043,3435,3,30000.00,active,"2024-08-30 15:12:52","2024-11-04 08:59:27",Dev Token,Dev Token
Glow Drip,1044,3435,4,40000.00,active,"2024-08-30 15:12:53","2024-11-04 08:59:28",Dev Token,Dev Token
Glow Drip,1044,3435,4,40000.00,active,"2024-08-30 15:12:53","2024-11-04 08:59:28",Dev Token,Dev Token
Glow + Rejuvenate Drip,1045,3446,2,20000.00,active,"2024-08-30 15:12:54","2024-11-04 08:59:29",Dev Token,Dev Token
Glow + Rejuvenate Drip,1045,3446,2,20000.00,active,"2024-08-30 15:12:54","2024-11-04 08:59:29",Dev Token,Dev Token
Glow + Rejuvenate Drip,1046,3446,3,30000.00,active,"2024-08-30 15:12:55","2024-11-04 08:59:30",Dev Token,Dev Token
Glow + Rejuvenate Drip,1046,3446,3,30000.00,active,"2024-08-30 15:12:55","2024-11-04 08:59:30",Dev Token,Dev Token
Glow + Rejuvenate Drip,1047,3446,4,40000.00,active,"2024-08-30 15:12:57","2024-11-04 08:59:31",Dev Token,Dev Token
Glow + Rejuvenate Drip,1047,3446,4,40000.00,active,"2024-08-30 15:12:57","2024-11-04 08:59:31",Dev Token,Dev Token
Glow Drip,1048,3436,2,20000.00,active,"2024-08-30 15:12:58","2024-11-04 08:57:13",Dev Token,Dev Token
Glow Drip,1048,3436,2,20000.00,active,"2024-08-30 15:12:58","2024-11-04 08:57:13",Dev Token,Dev Token
Glow Drip,1049,3436,3,30000.00,active,"2024-08-30 15:12:59","2024-11-04 08:57:15",Dev Token,Dev Token
Glow Drip,1049,3436,3,30000.00,active,"2024-08-30 15:12:59","2024-11-04 08:57:15",Dev Token,Dev Token
Glow Drip,1050,3436,4,40000.00,active,"2024-08-30 15:13:00","2024-11-04 08:57:16",Dev Token,Dev Token
Glow Drip,1050,3436,4,40000.00,active,"2024-08-30 15:13:00","2024-11-04 08:57:16",Dev Token,Dev Token
Glow + Rejuvenate Drip,1051,3447,2,20000.00,active,"2024-08-30 15:13:01","2024-11-04 08:57:17",Dev Token,Dev Token
Glow + Rejuvenate Drip,1051,3447,2,20000.00,active,"2024-08-30 15:13:01","2024-11-04 08:57:17",Dev Token,Dev Token
Glow + Rejuvenate Drip,1052,3447,3,30000.00,active,"2024-08-30 15:13:02","2024-11-04 08:57:18",Dev Token,Dev Token
Glow + Rejuvenate Drip,1052,3447,3,30000.00,active,"2024-08-30 15:13:02","2024-11-04 08:57:18",Dev Token,Dev Token
Glow + Rejuvenate Drip,1053,3447,4,40000.00,active,"2024-08-30 15:13:03","2024-11-04 08:57:19",Dev Token,Dev Token
Glow + Rejuvenate Drip,1053,3447,4,40000.00,active,"2024-08-30 15:13:03","2024-11-04 08:57:19",Dev Token,Dev Token
Glow Drip,1054,3426,2,20000.00,active,"2024-08-30 15:13:05","2024-11-04 09:01:39",Dev Token,Dev Token
Glow Drip,1054,3426,2,20000.00,active,"2024-08-30 15:13:05","2024-11-04 09:01:39",Dev Token,Dev Token
Glow Drip,1055,3426,3,30000.00,active,"2024-08-30 15:13:06","2024-11-04 09:01:40",Dev Token,Dev Token
Glow Drip,1055,3426,3,30000.00,active,"2024-08-30 15:13:06","2024-11-04 09:01:40",Dev Token,Dev Token
Glow Drip,1056,3426,4,40000.00,active,"2024-08-30 15:13:07","2024-11-04 09:01:41",Dev Token,Dev Token
Glow Drip,1056,3426,4,40000.00,active,"2024-08-30 15:13:07","2024-11-04 09:01:41",Dev Token,Dev Token
Glow + Rejuvenate Drip,1057,3437,2,20000.00,active,"2024-08-30 15:13:08","2024-11-04 09:01:42",Dev Token,Dev Token
Glow + Rejuvenate Drip,1057,3437,2,20000.00,active,"2024-08-30 15:13:08","2024-11-04 09:01:42",Dev Token,Dev Token
Glow + Rejuvenate Drip,1058,3437,3,30000.00,active,"2024-08-30 15:13:09","2024-11-04 09:01:43",Dev Token,Dev Token
Glow + Rejuvenate Drip,1058,3437,3,30000.00,active,"2024-08-30 15:13:09","2024-11-04 09:01:43",Dev Token,Dev Token
Glow + Rejuvenate Drip,1059,3437,4,40000.00,active,"2024-08-30 15:13:10","2024-11-04 09:01:44",Dev Token,Dev Token
Glow + Rejuvenate Drip,1059,3437,4,40000.00,active,"2024-08-30 15:13:10","2024-11-04 09:01:44",Dev Token,Dev Token
Vaksinasi Cacar Api/Herpes Zoster (Shingrix),1060,3477,2,20000.00,active,"2024-10-02 12:23:28","2024-11-04 09:01:45",Dev Token,Dev Token
Herpes Zoster Vaccination (Shingrix),1060,3477,2,20000.00,active,"2024-10-02 12:23:28","2024-11-04 09:01:45",Dev Token,Dev Token
Vaksinasi Cacar Api/Herpes Zoster (Shingrix),1061,3477,3,30000.00,active,"2024-10-02 12:23:30","2024-11-04 09:01:47",Dev Token,Dev Token
Herpes Zoster Vaccination (Shingrix),1061,3477,3,30000.00,active,"2024-10-02 12:23:30","2024-11-04 09:01:47",Dev Token,Dev Token
Vaksinasi Cacar Api/Herpes Zoster (Shingrix),1062,3477,4,40000.00,active,"2024-10-02 12:23:31","2024-11-04 09:01:48",Dev Token,Dev Token
Herpes Zoster Vaccination (Shingrix),1062,3477,4,40000.00,active,"2024-10-02 12:23:31","2024-11-04 09:01:48",Dev Token,Dev Token
Vaksinasi Cacar Api/Herpes Zoster (Shingrix),1063,3470,2,20000.00,active,"2024-10-02 12:23:32","2024-11-04 08:55:07",Dev Token,Dev Token
Herpes Zoster Vaccination (Shingrix),1063,3470,2,20000.00,active,"2024-10-02 12:23:32","2024-11-04 08:55:07",Dev Token,Dev Token
Vaksinasi Cacar Api/Herpes Zoster (Shingrix),1064,3470,3,30000.00,active,"2024-10-02 12:23:33","2024-11-04 08:55:09",Dev Token,Dev Token
Herpes Zoster Vaccination (Shingrix),1064,3470,3,30000.00,active,"2024-10-02 12:23:33","2024-11-04 08:55:09",Dev Token,Dev Token
Vaksinasi Cacar Api/Herpes Zoster (Shingrix),1065,3470,4,40000.00,active,"2024-10-02 12:23:34","2024-11-04 08:55:10",Dev Token,Dev Token
Herpes Zoster Vaccination (Shingrix),1065,3470,4,40000.00,active,"2024-10-02 12:23:34","2024-11-04 08:55:10",Dev Token,Dev Token
Vaksinasi Cacar Api/Herpes Zoster (Shingrix),1066,3471,2,20000.00,active,"2024-10-02 12:23:35","2024-11-04 08:48:31",Dev Token,Dev Token
Herpes Zoster Vaccination (Shingrix),1066,3471,2,20000.00,active,"2024-10-02 12:23:35","2024-11-04 08:48:31",Dev Token,Dev Token
Vaksinasi Cacar Api/Herpes Zoster (Shingrix),1067,3471,3,30000.00,active,"2024-10-02 12:23:36","2024-11-04 08:48:32",Dev Token,Dev Token
Herpes Zoster Vaccination (Shingrix),1067,3471,3,30000.00,active,"2024-10-02 12:23:36","2024-11-04 08:48:32",Dev Token,Dev Token
Vaksinasi Cacar Api/Herpes Zoster (Shingrix),1068,3471,4,40000.00,active,"2024-10-02 12:23:37","2024-11-04 08:48:33",Dev Token,Dev Token
Herpes Zoster Vaccination (Shingrix),1068,3471,4,40000.00,active,"2024-10-02 12:23:37","2024-11-04 08:48:33",Dev Token,Dev Token
Vaksinasi Cacar Api/Herpes Zoster (Shingrix),1069,3472,2,20000.00,active,"2024-10-02 12:23:38","2024-11-04 08:50:43",Dev Token,Dev Token
Herpes Zoster Vaccination (Shingrix),1069,3472,2,20000.00,active,"2024-10-02 12:23:38","2024-11-04 08:50:43",Dev Token,Dev Token
Vaksinasi Cacar Api/Herpes Zoster (Shingrix),1070,3472,3,30000.00,active,"2024-10-02 12:23:39","2024-11-04 08:50:44",Dev Token,Dev Token
Herpes Zoster Vaccination (Shingrix),1070,3472,3,30000.00,active,"2024-10-02 12:23:39","2024-11-04 08:50:44",Dev Token,Dev Token
Vaksinasi Cacar Api/Herpes Zoster (Shingrix),1071,3472,4,40000.00,active,"2024-10-02 12:23:40","2024-11-04 08:50:45",Dev Token,Dev Token
Herpes Zoster Vaccination (Shingrix),1071,3472,4,40000.00,active,"2024-10-02 12:23:40","2024-11-04 08:50:45",Dev Token,Dev Token
Vaksinasi Cacar Api/Herpes Zoster (Shingrix),1072,3473,2,20000.00,active,"2024-10-02 12:23:41","2024-11-04 08:52:55",Dev Token,Dev Token
Herpes Zoster Vaccination (Shingrix),1072,3473,2,20000.00,active,"2024-10-02 12:23:41","2024-11-04 08:52:55",Dev Token,Dev Token
Vaksinasi Cacar Api/Herpes Zoster (Shingrix),1073,3473,3,30000.00,active,"2024-10-02 12:23:43","2024-11-04 08:52:56",Dev Token,Dev Token
Herpes Zoster Vaccination (Shingrix),1073,3473,3,30000.00,active,"2024-10-02 12:23:43","2024-11-04 08:52:56",Dev Token,Dev Token
Vaksinasi Cacar Api/Herpes Zoster (Shingrix),1074,3473,4,40000.00,active,"2024-10-02 12:23:44","2024-11-04 08:52:57",Dev Token,Dev Token
Herpes Zoster Vaccination (Shingrix),1074,3473,4,40000.00,active,"2024-10-02 12:23:44","2024-11-04 08:52:57",Dev Token,Dev Token
Vaksinasi Cacar Api/Herpes Zoster (Shingrix),1075,3474,2,20000.00,active,"2024-10-02 12:23:45","2024-11-04 08:46:18",Dev Token,Dev Token
Herpes Zoster Vaccination (Shingrix),1075,3474,2,20000.00,active,"2024-10-02 12:23:45","2024-11-04 08:46:18",Dev Token,Dev Token
Vaksinasi Cacar Api/Herpes Zoster (Shingrix),1076,3474,3,30000.00,active,"2024-10-02 12:23:46","2024-11-04 08:46:19",Dev Token,Dev Token
Herpes Zoster Vaccination (Shingrix),1076,3474,3,30000.00,active,"2024-10-02 12:23:46","2024-11-04 08:46:19",Dev Token,Dev Token
Vaksinasi Cacar Api/Herpes Zoster (Shingrix),1077,3474,4,40000.00,active,"2024-10-02 12:23:47","2024-11-04 08:46:20",Dev Token,Dev Token
Herpes Zoster Vaccination (Shingrix),1077,3474,4,40000.00,active,"2024-10-02 12:23:47","2024-11-04 08:46:20",Dev Token,Dev Token
Vaksinasi Cacar Api/Herpes Zoster (Shingrix),1078,3475,2,20000.00,active,"2024-10-02 12:23:48","2024-11-04 08:44:05",Dev Token,Dev Token
Herpes Zoster Vaccination (Shingrix),1078,3475,2,20000.00,active,"2024-10-02 12:23:48","2024-11-04 08:44:05",Dev Token,Dev Token
Vaksinasi Cacar Api/Herpes Zoster (Shingrix),1079,3475,3,30000.00,active,"2024-10-02 12:23:49","2024-11-04 08:44:06",Dev Token,Dev Token
Herpes Zoster Vaccination (Shingrix),1079,3475,3,30000.00,active,"2024-10-02 12:23:49","2024-11-04 08:44:06",Dev Token,Dev Token
Vaksinasi Cacar Api/Herpes Zoster (Shingrix),1080,3475,4,40000.00,active,"2024-10-02 12:23:50","2024-11-04 08:44:07",Dev Token,Dev Token
Herpes Zoster Vaccination (Shingrix),1080,3475,4,40000.00,active,"2024-10-02 12:23:50","2024-11-04 08:44:07",Dev Token,Dev Token
Vaksinasi Cacar Api/Herpes Zoster (Shingrix),1081,3476,2,20000.00,active,"2024-10-02 12:23:51","2024-11-04 08:41:51",Dev Token,Dev Token
Herpes Zoster Vaccination (Shingrix),1081,3476,2,20000.00,active,"2024-10-02 12:23:51","2024-11-04 08:41:51",Dev Token,Dev Token
Vaksinasi Cacar Api/Herpes Zoster (Shingrix),1082,3476,3,30000.00,active,"2024-10-02 12:23:52","2024-11-04 08:41:52",Dev Token,Dev Token
Herpes Zoster Vaccination (Shingrix),1082,3476,3,30000.00,active,"2024-10-02 12:23:52","2024-11-04 08:41:52",Dev Token,Dev Token
Vaksinasi Cacar Api/Herpes Zoster (Shingrix),1083,3476,4,40000.00,active,"2024-10-02 12:23:53","2024-11-04 08:41:53",Dev Token,Dev Token
Herpes Zoster Vaccination (Shingrix),1083,3476,4,40000.00,active,"2024-10-02 12:23:53","2024-11-04 08:41:53",Dev Token,Dev Token
Vaksinasi Cacar Api/Herpes Zoster (Shingrix),1084,3469,2,20000.00,active,"2024-10-02 12:23:54","2024-11-04 08:39:38",Dev Token,Dev Token
Herpes Zoster Vaccination (Shingrix),1084,3469,2,20000.00,active,"2024-10-02 12:23:54","2024-11-04 08:39:38",Dev Token,Dev Token
Vaksinasi Cacar Api/Herpes Zoster (Shingrix),1085,3469,3,30000.00,active,"2024-10-02 12:23:55","2024-11-04 08:39:39",Dev Token,Dev Token
Herpes Zoster Vaccination (Shingrix),1085,3469,3,30000.00,active,"2024-10-02 12:23:55","2024-11-04 08:39:39",Dev Token,Dev Token
Vaksinasi Cacar Api/Herpes Zoster (Shingrix),1086,3469,4,40000.00,active,"2024-10-02 12:23:57","2024-11-04 08:39:40",Dev Token,Dev Token
Herpes Zoster Vaccination (Shingrix),1086,3469,4,40000.00,active,"2024-10-02 12:23:57","2024-11-04 08:39:40",Dev Token,Dev Token
Vaksinasi Cacar Api/Herpes Zoster (Shingrix),1087,3507,2,20000.00,active,"2024-10-07 10:01:27","2024-11-04 08:57:20",Dev Token,Dev Token
Herpes Zoster Vaccination (Shingrix),1087,3507,2,20000.00,active,"2024-10-07 10:01:27","2024-11-04 08:57:20",Dev Token,Dev Token
Vaksinasi Cacar Api/Herpes Zoster (Shingrix),1088,3507,3,30000.00,active,"2024-10-07 10:01:28","2024-11-04 08:57:21",Dev Token,Dev Token
Herpes Zoster Vaccination (Shingrix),1088,3507,3,30000.00,active,"2024-10-07 10:01:28","2024-11-04 08:57:21",Dev Token,Dev Token
Vaksinasi Cacar Api/Herpes Zoster (Shingrix),1089,3507,4,40000.00,active,"2024-10-07 10:01:30","2024-11-04 08:57:22",Dev Token,Dev Token
Herpes Zoster Vaccination (Shingrix),1089,3507,4,40000.00,active,"2024-10-07 10:01:30","2024-11-04 08:57:22",Dev Token,Dev Token
Cek Darah Untuk Alergi,1090,3254,2,20000.00,active,"2024-10-07 10:01:31","2024-11-04 08:39:54",Dev Token,Dev Token
Allergy Blood Test,1090,3254,2,20000.00,active,"2024-10-07 10:01:31","2024-11-04 08:39:54",Dev Token,Dev Token
Cek Darah Untuk Alergi,1091,3254,3,30000.00,active,"2024-10-07 10:01:32","2024-11-04 08:39:55",Dev Token,Dev Token
Allergy Blood Test,1091,3254,3,30000.00,active,"2024-10-07 10:01:32","2024-11-04 08:39:55",Dev Token,Dev Token
Cek Darah Untuk Alergi,1092,3254,4,40000.00,active,"2024-10-07 10:01:33","2024-11-04 08:39:56",Dev Token,Dev Token
Allergy Blood Test,1092,3254,4,40000.00,active,"2024-10-07 10:01:33","2024-11-04 08:39:56",Dev Token,Dev Token
Cek Lab Untuk Demam,1093,3275,2,20000.00,active,"2024-10-07 10:01:34","2024-11-04 08:39:44",Dev Token,Dev Token
Lab Test for Fever,1093,3275,2,20000.00,active,"2024-10-07 10:01:34","2024-11-04 08:39:44",Dev Token,Dev Token
Cek Lab Untuk Demam,1094,3275,3,30000.00,active,"2024-10-07 10:01:35","2024-11-04 08:39:46",Dev Token,Dev Token
Lab Test for Fever,1094,3275,3,30000.00,active,"2024-10-07 10:01:35","2024-11-04 08:39:46",Dev Token,Dev Token
Cek Lab Untuk Demam,1095,3275,4,40000.00,active,"2024-10-07 10:01:36","2024-11-04 08:39:47",Dev Token,Dev Token
Lab Test for Fever,1095,3275,4,40000.00,active,"2024-10-07 10:01:36","2024-11-04 08:39:47",Dev Token,Dev Token
Cek Diabetes,1096,2534,2,20000.00,active,"2024-10-07 10:01:37","2024-11-04 08:40:17",Dev Token,Dev Token
Diabetes Test,1096,2534,2,20000.00,active,"2024-10-07 10:01:37","2024-11-04 08:40:17",Dev Token,Dev Token
Cek Diabetes,1097,2534,3,30000.00,active,"2024-10-07 10:01:39","2024-11-04 08:40:18",Dev Token,Dev Token
Diabetes Test,1097,2534,3,30000.00,active,"2024-10-07 10:01:39","2024-11-04 08:40:18",Dev Token,Dev Token
Cek Diabetes,1098,2534,4,40000.00,active,"2024-10-07 10:01:40","2024-11-04 08:40:19",Dev Token,Dev Token
Diabetes Test,1098,2534,4,40000.00,active,"2024-10-07 10:01:40","2024-11-04 08:40:19",Dev Token,Dev Token
Cek Elektrolit,1099,2535,2,20000.00,active,"2024-10-07 10:01:41","2024-11-04 08:40:20",Dev Token,Dev Token
Electrolyte Test,1099,2535,2,20000.00,active,"2024-10-07 10:01:41","2024-11-04 08:40:20",Dev Token,Dev Token
Cek Elektrolit,1100,2535,3,30000.00,active,"2024-10-07 10:01:42","2024-11-04 08:40:21",Dev Token,Dev Token
Electrolyte Test,1100,2535,3,30000.00,active,"2024-10-07 10:01:42","2024-11-04 08:40:21",Dev Token,Dev Token
Cek Elektrolit,1101,2535,4,40000.00,active,"2024-10-07 10:01:43","2024-11-04 08:40:22",Dev Token,Dev Token
Electrolyte Test,1101,2535,4,40000.00,active,"2024-10-07 10:01:43","2024-11-04 08:40:22",Dev Token,Dev Token
Cek Darah Lengkap (Hematologi Lengkap),1102,3244,2,20000.00,active,"2024-10-07 10:01:44","2024-11-04 08:40:07",Dev Token,Dev Token
Complete Blood Count Test,1102,3244,2,20000.00,active,"2024-10-07 10:01:44","2024-11-04 08:40:07",Dev Token,Dev Token
Cek Darah Lengkap (Hematologi Lengkap),1103,3244,3,30000.00,active,"2024-10-07 10:01:46","2024-11-04 08:40:08",Dev Token,Dev Token
Complete Blood Count Test,1103,3244,3,30000.00,active,"2024-10-07 10:01:46","2024-11-04 08:40:08",Dev Token,Dev Token
Cek Darah Lengkap (Hematologi Lengkap),1104,3244,4,40000.00,active,"2024-10-07 10:01:47","2024-11-04 08:40:10",Dev Token,Dev Token
Complete Blood Count Test,1104,3244,4,40000.00,active,"2024-10-07 10:01:47","2024-11-04 08:40:10",Dev Token,Dev Token
Cek Darah Untuk Demam Berdarah,1105,3296,2,20000.00,active,"2024-10-07 10:01:48","2024-11-04 08:39:41",Dev Token,Dev Token
Dengue Fever Test,1105,3296,2,20000.00,active,"2024-10-07 10:01:48","2024-11-04 08:39:41",Dev Token,Dev Token
Cek Darah Untuk Demam Berdarah,1106,3296,3,30000.00,active,"2024-10-07 10:01:49","2024-11-04 08:39:42",Dev Token,Dev Token
Dengue Fever Test,1106,3296,3,30000.00,active,"2024-10-07 10:01:49","2024-11-04 08:39:42",Dev Token,Dev Token
Cek Darah Untuk Demam Berdarah,1107,3296,4,40000.00,active,"2024-10-07 10:01:50","2024-11-04 08:39:43",Dev Token,Dev Token
Dengue Fever Test,1107,3296,4,40000.00,active,"2024-10-07 10:01:50","2024-11-04 08:39:43",Dev Token,Dev Token
Medical Check Up Hemat,1108,2538,2,20000.00,active,"2024-10-07 10:01:51","2024-11-04 08:40:11",Dev Token,Dev Token
Pocket-friendly Medical Check Up,1108,2538,2,20000.00,active,"2024-10-07 10:01:51","2024-11-04 08:40:11",Dev Token,Dev Token
Medical Check Up Hemat,1109,2538,3,30000.00,active,"2024-10-07 10:01:52","2024-11-04 08:40:12",Dev Token,Dev Token
Pocket-friendly Medical Check Up,1109,2538,3,30000.00,active,"2024-10-07 10:01:52","2024-11-04 08:40:12",Dev Token,Dev Token
Medical Check Up Hemat,1110,2538,4,40000.00,active,"2024-10-07 10:01:53","2024-11-04 08:40:13",Dev Token,Dev Token
Pocket-friendly Medical Check Up,1110,2538,4,40000.00,active,"2024-10-07 10:01:53","2024-11-04 08:40:13",Dev Token,Dev Token
Medical Check Up Standar,1111,2539,2,20000.00,active,"2024-10-07 10:01:54","2024-11-04 08:40:14",Dev Token,Dev Token
Standard Medical Check Up,1111,2539,2,20000.00,active,"2024-10-07 10:01:54","2024-11-04 08:40:14",Dev Token,Dev Token
Medical Check Up Standar,1112,2539,3,30000.00,active,"2024-10-07 10:01:56","2024-11-04 08:40:15",Dev Token,Dev Token
Standard Medical Check Up,1112,2539,3,30000.00,active,"2024-10-07 10:01:56","2024-11-04 08:40:15",Dev Token,Dev Token
Medical Check Up Standar,1113,2539,4,40000.00,active,"2024-10-07 10:01:57","2024-11-04 08:40:16",Dev Token,Dev Token
Standard Medical Check Up,1113,2539,4,40000.00,active,"2024-10-07 10:01:57","2024-11-04 08:40:16",Dev Token,Dev Token
Cek Fungsi Ginjal,1114,2540,2,20000.00,active,"2024-10-07 10:01:58","2024-11-04 08:40:24",Dev Token,Dev Token
Renal Function test,1114,2540,2,20000.00,active,"2024-10-07 10:01:58","2024-11-04 08:40:24",Dev Token,Dev Token
Cek Fungsi Ginjal,1115,2540,3,30000.00,active,"2024-10-07 10:01:59","2024-11-04 08:40:25",Dev Token,Dev Token
Renal Function test,1115,2540,3,30000.00,active,"2024-10-07 10:01:59","2024-11-04 08:40:25",Dev Token,Dev Token
Cek Fungsi Ginjal,1116,2540,4,40000.00,active,"2024-10-07 10:02:01","2024-11-04 08:40:26",Dev Token,Dev Token
Renal Function test,1116,2540,4,40000.00,active,"2024-10-07 10:02:01","2024-11-04 08:40:26",Dev Token,Dev Token
Cek Kolesterol,1117,2541,2,20000.00,active,"2024-10-07 10:02:02","2024-11-04 08:41:16",Dev Token,Dev Token
Cholesterol Test,1117,2541,2,20000.00,active,"2024-10-07 10:02:02","2024-11-04 08:41:16",Dev Token,Dev Token
Cek Kolesterol,1118,2541,3,30000.00,active,"2024-10-07 10:02:03","2024-11-04 08:41:17",Dev Token,Dev Token
Cholesterol Test,1118,2541,3,30000.00,active,"2024-10-07 10:02:03","2024-11-04 08:41:17",Dev Token,Dev Token
Cek Kolesterol,1119,2541,4,40000.00,active,"2024-10-07 10:02:04","2024-11-04 08:41:18",Dev Token,Dev Token
Cholesterol Test,1119,2541,4,40000.00,active,"2024-10-07 10:02:04","2024-11-04 08:41:18",Dev Token,Dev Token
Cek Fungsi Hati,1120,2542,2,20000.00,active,"2024-10-07 10:02:05","2024-11-04 08:41:19",Dev Token,Dev Token
Liver Function Test,1120,2542,2,20000.00,active,"2024-10-07 10:02:05","2024-11-04 08:41:19",Dev Token,Dev Token
Cek Fungsi Hati,1121,2542,3,30000.00,active,"2024-10-07 10:02:06","2024-11-04 08:41:20",Dev Token,Dev Token
Liver Function Test,1121,2542,3,30000.00,active,"2024-10-07 10:02:06","2024-11-04 08:41:20",Dev Token,Dev Token
Cek Fungsi Hati,1122,2542,4,40000.00,active,"2024-10-07 10:02:08","2024-11-04 08:41:21",Dev Token,Dev Token
Liver Function Test,1122,2542,4,40000.00,active,"2024-10-07 10:02:08","2024-11-04 08:41:21",Dev Token,Dev Token
Cek Anemia dan Zat Besi,1123,3233,2,20000.00,active,"2024-10-07 10:02:09","2024-11-04 08:39:57",Dev Token,Dev Token
Anemia Test and Iron Level,1123,3233,2,20000.00,active,"2024-10-07 10:02:09","2024-11-04 08:39:57",Dev Token,Dev Token
Cek Anemia dan Zat Besi,1124,3233,3,30000.00,active,"2024-10-07 10:02:10","2024-11-04 08:39:58",Dev Token,Dev Token
Anemia Test and Iron Level,1124,3233,3,30000.00,active,"2024-10-07 10:02:10","2024-11-04 08:39:58",Dev Token,Dev Token
Cek Anemia dan Zat Besi,1125,3233,4,40000.00,active,"2024-10-07 10:02:11","2024-11-04 08:40:00",Dev Token,Dev Token
Anemia Test and Iron Level,1125,3233,4,40000.00,active,"2024-10-07 10:02:11","2024-11-04 08:40:00",Dev Token,Dev Token
Cek Kolesterol dan Gula Darah,1126,2544,2,20000.00,active,"2024-10-07 10:02:12","2024-11-04 08:41:22",Dev Token,Dev Token
Cholesterol and Blood Sugar Test,1126,2544,2,20000.00,active,"2024-10-07 10:02:12","2024-11-04 08:41:22",Dev Token,Dev Token
Cek Kolesterol dan Gula Darah,1127,2544,3,30000.00,active,"2024-10-07 10:02:13","2024-11-04 08:41:23",Dev Token,Dev Token
Cholesterol and Blood Sugar Test,1127,2544,3,30000.00,active,"2024-10-07 10:02:13","2024-11-04 08:41:23",Dev Token,Dev Token
Cek Kolesterol dan Gula Darah,1128,2544,4,40000.00,active,"2024-10-07 10:02:14","2024-11-04 08:41:24",Dev Token,Dev Token
Cholesterol and Blood Sugar Test,1128,2544,4,40000.00,active,"2024-10-07 10:02:14","2024-11-04 08:41:24",Dev Token,Dev Token
Cek Infeksi Menular Seksual,1129,2545,2,20000.00,active,"2024-10-07 10:02:16","2024-11-04 08:41:25",Dev Token,Dev Token
Sexual Transmitted Infection Test,1129,2545,2,20000.00,active,"2024-10-07 10:02:16","2024-11-04 08:41:25",Dev Token,Dev Token
Cek Infeksi Menular Seksual,1130,2545,3,30000.00,active,"2024-10-07 10:02:17","2024-11-04 08:41:27",Dev Token,Dev Token
Sexual Transmitted Infection Test,1130,2545,3,30000.00,active,"2024-10-07 10:02:17","2024-11-04 08:41:27",Dev Token,Dev Token
Cek Infeksi Menular Seksual,1131,2545,4,40000.00,active,"2024-10-07 10:02:18","2024-11-04 08:41:28",Dev Token,Dev Token
Sexual Transmitted Infection Test,1131,2545,4,40000.00,active,"2024-10-07 10:02:18","2024-11-04 08:41:28",Dev Token,Dev Token
Cek Hormon Tiroid,1132,2546,2,20000.00,active,"2024-10-07 10:02:19","2024-11-04 08:41:29",Dev Token,Dev Token
Thyroid Hormone Test,1132,2546,2,20000.00,active,"2024-10-07 10:02:19","2024-11-04 08:41:29",Dev Token,Dev Token
Cek Hormon Tiroid,1133,2546,3,30000.00,active,"2024-10-07 10:02:20","2024-11-04 08:41:30",Dev Token,Dev Token
Thyroid Hormone Test,1133,2546,3,30000.00,active,"2024-10-07 10:02:20","2024-11-04 08:41:30",Dev Token,Dev Token
Cek Hormon Tiroid,1134,2546,4,40000.00,active,"2024-10-07 10:02:21","2024-11-04 08:41:31",Dev Token,Dev Token
Thyroid Hormone Test,1134,2546,4,40000.00,active,"2024-10-07 10:02:21","2024-11-04 08:41:31",Dev Token,Dev Token
Medical Check Up Lengkap,1135,3222,2,20000.00,active,"2024-10-07 10:02:22","2024-11-04 08:40:04",Dev Token,Dev Token
Full Medical Check Up,1135,3222,2,20000.00,active,"2024-10-07 10:02:22","2024-11-04 08:40:04",Dev Token,Dev Token
Medical Check Up Lengkap,1136,3222,3,30000.00,active,"2024-10-07 10:02:23","2024-11-04 08:40:05",Dev Token,Dev Token
Full Medical Check Up,1136,3222,3,30000.00,active,"2024-10-07 10:02:23","2024-11-04 08:40:05",Dev Token,Dev Token
Medical Check Up Lengkap,1137,3222,4,40000.00,active,"2024-10-07 10:02:25","2024-11-04 08:40:06",Dev Token,Dev Token
Full Medical Check Up,1137,3222,4,40000.00,active,"2024-10-07 10:02:25","2024-11-04 08:40:06",Dev Token,Dev Token
Cek Kesehatan Pranikah,1138,3265,2,20000.00,active,"2024-10-07 10:02:26","2024-11-04 08:40:01",Dev Token,Dev Token
Premarital Check Up,1138,3265,2,20000.00,active,"2024-10-07 10:02:26","2024-11-04 08:40:01",Dev Token,Dev Token
Cek Kesehatan Pranikah,1139,3265,3,30000.00,active,"2024-10-07 10:02:27","2024-11-04 08:40:02",Dev Token,Dev Token
Premarital Check Up,1139,3265,3,30000.00,active,"2024-10-07 10:02:27","2024-11-04 08:40:02",Dev Token,Dev Token
Cek Kesehatan Pranikah,1140,3265,4,40000.00,active,"2024-10-07 10:02:28","2024-11-04 08:40:03",Dev Token,Dev Token
Premarital Check Up,1140,3265,4,40000.00,active,"2024-10-07 10:02:28","2024-11-04 08:40:03",Dev Token,Dev Token
Cek Infeksi Saluran Kemih,1141,3285,2,20000.00,active,"2024-10-07 10:02:29","2024-11-04 08:39:48",Dev Token,Dev Token
Urinary Tract Infection Test,1141,3285,2,20000.00,active,"2024-10-07 10:02:29","2024-11-04 08:39:48",Dev Token,Dev Token
Cek Infeksi Saluran Kemih,1142,3285,3,30000.00,active,"2024-10-07 10:02:30","2024-11-04 08:39:49",Dev Token,Dev Token
Urinary Tract Infection Test,1142,3285,3,30000.00,active,"2024-10-07 10:02:30","2024-11-04 08:39:49",Dev Token,Dev Token
Cek Infeksi Saluran Kemih,1143,3285,4,40000.00,active,"2024-10-07 10:02:31","2024-11-04 08:39:50",Dev Token,Dev Token
Urinary Tract Infection Test,1143,3285,4,40000.00,active,"2024-10-07 10:02:31","2024-11-04 08:39:50",Dev Token,Dev Token
Vaksinasi HPV Kuadrivalen (Gardasil),1144,2550,2,20000.00,active,"2024-10-07 10:02:32","2024-11-04 08:41:35",Dev Token,Dev Token
HPV Quadrivalent Vaccination (Gardasil),1144,2550,2,20000.00,active,"2024-10-07 10:02:32","2024-11-04 08:41:35",Dev Token,Dev Token
Vaksinasi HPV Kuadrivalen (Gardasil),1145,2550,3,30000.00,active,"2024-10-07 10:02:34","2024-11-04 08:41:36",Dev Token,Dev Token
HPV Quadrivalent Vaccination (Gardasil),1145,2550,3,30000.00,active,"2024-10-07 10:02:34","2024-11-04 08:41:36",Dev Token,Dev Token
Vaksinasi HPV Kuadrivalen (Gardasil),1146,2550,4,40000.00,active,"2024-10-07 10:02:35","2024-11-04 08:41:37",Dev Token,Dev Token
HPV Quadrivalent Vaccination (Gardasil),1146,2550,4,40000.00,active,"2024-10-07 10:02:35","2024-11-04 08:41:37",Dev Token,Dev Token
Vaksinasi Influenza (Vaxigrip Tetra),1147,2551,2,20000.00,active,"2024-10-07 10:02:36","2024-11-04 08:41:38",Dev Token,Dev Token
Influenza Vaccination (Vaxigrip Tetra),1147,2551,2,20000.00,active,"2024-10-07 10:02:36","2024-11-04 08:41:38",Dev Token,Dev Token
Vaksinasi Influenza (Vaxigrip Tetra),1148,2551,3,30000.00,active,"2024-10-07 10:02:37","2024-11-04 08:41:39",Dev Token,Dev Token
Influenza Vaccination (Vaxigrip Tetra),1148,2551,3,30000.00,active,"2024-10-07 10:02:37","2024-11-04 08:41:39",Dev Token,Dev Token
Vaksinasi Influenza (Vaxigrip Tetra),1149,2551,4,40000.00,active,"2024-10-07 10:02:38","2024-11-04 08:41:40",Dev Token,Dev Token
Influenza Vaccination (Vaxigrip Tetra),1149,2551,4,40000.00,active,"2024-10-07 10:02:38","2024-11-04 08:41:40",Dev Token,Dev Token
Infus Drip Vitamin C,1150,2552,2,20000.00,active,"2024-10-07 10:02:39","2024-11-04 08:40:40",Dev Token,Dev Token
Vitamin C Infusion Drip,1150,2552,2,20000.00,active,"2024-10-07 10:02:39","2024-11-04 08:40:40",Dev Token,Dev Token
Infus Drip Vitamin C,1151,2552,3,30000.00,active,"2024-10-07 10:02:40","2024-11-04 08:40:41",Dev Token,Dev Token
Vitamin C Infusion Drip,1151,2552,3,30000.00,active,"2024-10-07 10:02:40","2024-11-04 08:40:41",Dev Token,Dev Token
Infus Drip Vitamin C,1152,2552,4,40000.00,active,"2024-10-07 10:02:42","2024-11-04 08:40:42",Dev Token,Dev Token
Vitamin C Infusion Drip,1152,2552,4,40000.00,active,"2024-10-07 10:02:42","2024-11-04 08:40:42",Dev Token,Dev Token
Injeksi Vitamin C,1153,2553,2,20000.00,active,"2024-10-07 10:02:43","2024-11-04 08:40:43",Dev Token,Dev Token
Vitamin C Injection,1153,2553,2,20000.00,active,"2024-10-07 10:02:43","2024-11-04 08:40:43",Dev Token,Dev Token
Injeksi Vitamin C,1154,2553,3,30000.00,active,"2024-10-07 10:02:44","2024-11-04 08:40:44",Dev Token,Dev Token
Vitamin C Injection,1154,2553,3,30000.00,active,"2024-10-07 10:02:44","2024-11-04 08:40:44",Dev Token,Dev Token
Injeksi Vitamin C,1155,2553,4,40000.00,active,"2024-10-07 10:02:45","2024-11-04 08:40:45",Dev Token,Dev Token
Vitamin C Injection,1155,2553,4,40000.00,active,"2024-10-07 10:02:45","2024-11-04 08:40:45",Dev Token,Dev Token
Vaksinasi Pneumonia PCV13 (Prevenar),1156,2554,2,20000.00,active,"2024-10-07 10:02:46","2024-11-04 08:40:46",Dev Token,Dev Token
Pneumonia PCV13 Vaccination (Prevenar),1156,2554,2,20000.00,active,"2024-10-07 10:02:46","2024-11-04 08:40:46",Dev Token,Dev Token
Vaksinasi Pneumonia PCV13 (Prevenar),1157,2554,3,30000.00,active,"2024-10-07 10:02:47","2024-11-04 08:40:47",Dev Token,Dev Token
Pneumonia PCV13 Vaccination (Prevenar),1157,2554,3,30000.00,active,"2024-10-07 10:02:47","2024-11-04 08:40:47",Dev Token,Dev Token
Vaksinasi Pneumonia PCV13 (Prevenar),1158,2554,4,40000.00,active,"2024-10-07 10:02:48","2024-11-04 08:40:48",Dev Token,Dev Token
Pneumonia PCV13 Vaccination (Prevenar),1158,2554,4,40000.00,active,"2024-10-07 10:02:48","2024-11-04 08:40:48",Dev Token,Dev Token
Vaksinasi Rotavirus (Rotarix),1159,2555,2,20000.00,active,"2024-10-07 10:02:49","2024-11-04 08:40:49",Dev Token,Dev Token
Rotavirus Vaccination (Rotarix),1159,2555,2,20000.00,active,"2024-10-07 10:02:49","2024-11-04 08:40:49",Dev Token,Dev Token
Vaksinasi Rotavirus (Rotarix),1160,2555,3,30000.00,active,"2024-10-07 10:02:50","2024-11-04 08:40:50",Dev Token,Dev Token
Rotavirus Vaccination (Rotarix),1160,2555,3,30000.00,active,"2024-10-07 10:02:50","2024-11-04 08:40:50",Dev Token,Dev Token
Vaksinasi Rotavirus (Rotarix),1161,2555,4,40000.00,active,"2024-10-07 10:02:52","2024-11-04 08:40:51",Dev Token,Dev Token
Rotavirus Vaccination (Rotarix),1161,2555,4,40000.00,active,"2024-10-07 10:02:52","2024-11-04 08:40:51",Dev Token,Dev Token
Vaksinasi Tdap (Boostrix),1162,2556,2,20000.00,active,"2024-10-07 10:02:53","2024-11-04 08:40:52",Dev Token,Dev Token
Tdap Vaccination (Boostrix),1162,2556,2,20000.00,active,"2024-10-07 10:02:53","2024-11-04 08:40:52",Dev Token,Dev Token
Vaksinasi Tdap (Boostrix),1163,2556,3,30000.00,active,"2024-10-07 10:02:54","2024-11-04 08:40:54",Dev Token,Dev Token
Tdap Vaccination (Boostrix),1163,2556,3,30000.00,active,"2024-10-07 10:02:54","2024-11-04 08:40:54",Dev Token,Dev Token
Vaksinasi Tdap (Boostrix),1164,2556,4,40000.00,active,"2024-10-07 10:02:55","2024-11-04 08:40:55",Dev Token,Dev Token
Tdap Vaccination (Boostrix),1164,2556,4,40000.00,active,"2024-10-07 10:02:55","2024-11-04 08:40:55",Dev Token,Dev Token
Vaksinasi Tifoid (Typhim Vi),1165,2557,2,20000.00,active,"2024-10-07 10:02:56","2024-11-04 08:40:56",Dev Token,Dev Token
Typhoid Vaccination (Typhim Vi),1165,2557,2,20000.00,active,"2024-10-07 10:02:56","2024-11-04 08:40:56",Dev Token,Dev Token
Vaksinasi Tifoid (Typhim Vi),1166,2557,3,30000.00,active,"2024-10-07 10:02:57","2024-11-04 08:40:57",Dev Token,Dev Token
Typhoid Vaccination (Typhim Vi),1166,2557,3,30000.00,active,"2024-10-07 10:02:57","2024-11-04 08:40:57",Dev Token,Dev Token
Vaksinasi Tifoid (Typhim Vi),1167,2557,4,40000.00,active,"2024-10-07 10:02:58","2024-11-04 08:40:58",Dev Token,Dev Token
Typhoid Vaccination (Typhim Vi),1167,2557,4,40000.00,active,"2024-10-07 10:02:58","2024-11-04 08:40:58",Dev Token,Dev Token
Vaksinasi Hepatitis A Anak (Havrix Junior 720),1168,2558,2,20000.00,active,"2024-10-07 10:03:00","2024-11-04 08:40:59",Dev Token,Dev Token
Hepatitis A Child Vaccination (Havrix Junior 720),1168,2558,2,20000.00,active,"2024-10-07 10:03:00","2024-11-04 08:40:59",Dev Token,Dev Token
Vaksinasi Hepatitis A Anak (Havrix Junior 720),1169,2558,3,30000.00,active,"2024-10-07 10:03:01","2024-11-04 08:41:01",Dev Token,Dev Token
Hepatitis A Child Vaccination (Havrix Junior 720),1169,2558,3,30000.00,active,"2024-10-07 10:03:01","2024-11-04 08:41:01",Dev Token,Dev Token
Vaksinasi Hepatitis A Anak (Havrix Junior 720),1170,2558,4,40000.00,active,"2024-10-07 10:03:02","2024-11-04 08:41:02",Dev Token,Dev Token
Hepatitis A Child Vaccination (Havrix Junior 720),1170,2558,4,40000.00,active,"2024-10-07 10:03:02","2024-11-04 08:41:02",Dev Token,Dev Token
Paket Vaksinasi Influenza (Vaxigrip Tetra) + Pneumonia PCV13,1171,2559,2,20000.00,active,"2024-10-07 10:03:03","2024-11-04 08:41:03",Dev Token,Dev Token
Influenza (Vaxigrip Tetra) + Pneumonia PCV13 Vaccination Bundle,1171,2559,2,20000.00,active,"2024-10-07 10:03:03","2024-11-04 08:41:03",Dev Token,Dev Token
Paket Vaksinasi Influenza (Vaxigrip Tetra) + Pneumonia PCV13,1172,2559,3,30000.00,active,"2024-10-07 10:03:04","2024-11-04 08:41:04",Dev Token,Dev Token
Influenza (Vaxigrip Tetra) + Pneumonia PCV13 Vaccination Bundle,1172,2559,3,30000.00,active,"2024-10-07 10:03:04","2024-11-04 08:41:04",Dev Token,Dev Token
Paket Vaksinasi Influenza (Vaxigrip Tetra) + Pneumonia PCV13,1173,2559,4,40000.00,active,"2024-10-07 10:03:05","2024-11-04 08:41:05",Dev Token,Dev Token
Influenza (Vaxigrip Tetra) + Pneumonia PCV13 Vaccination Bundle,1173,2559,4,40000.00,active,"2024-10-07 10:03:05","2024-11-04 08:41:05",Dev Token,Dev Token
Vaksinasi DTaP-POLIO IPV-HIB-HEP B (Hexaxim),1174,2560,2,20000.00,active,"2024-10-07 10:03:06","2024-11-04 08:41:06",Dev Token,Dev Token
DTaP-POLIO IPV-HIB-HEP B Vaccination (Hexaxim),1174,2560,2,20000.00,active,"2024-10-07 10:03:06","2024-11-04 08:41:06",Dev Token,Dev Token
Vaksinasi DTaP-POLIO IPV-HIB-HEP B (Hexaxim),1175,2560,3,30000.00,active,"2024-10-07 10:03:08","2024-11-04 08:41:07",Dev Token,Dev Token
DTaP-POLIO IPV-HIB-HEP B Vaccination (Hexaxim),1175,2560,3,30000.00,active,"2024-10-07 10:03:08","2024-11-04 08:41:07",Dev Token,Dev Token
Vaksinasi DTaP-POLIO IPV-HIB-HEP B (Hexaxim),1176,2560,4,40000.00,active,"2024-10-07 10:03:09","2024-11-04 08:41:08",Dev Token,Dev Token
DTaP-POLIO IPV-HIB-HEP B Vaccination (Hexaxim),1176,2560,4,40000.00,active,"2024-10-07 10:03:09","2024-11-04 08:41:08",Dev Token,Dev Token
Vaksinasi MMR (M-M-R II),1177,2561,2,20000.00,active,"2024-10-07 10:03:10","2024-11-04 08:41:09",Dev Token,Dev Token
MMR Vaccination (M-M-R II),1177,2561,2,20000.00,active,"2024-10-07 10:03:10","2024-11-04 08:41:09",Dev Token,Dev Token
Vaksinasi MMR (M-M-R II),1178,2561,3,30000.00,active,"2024-10-07 10:03:11","2024-11-04 08:41:10",Dev Token,Dev Token
MMR Vaccination (M-M-R II),1178,2561,3,30000.00,active,"2024-10-07 10:03:11","2024-11-04 08:41:10",Dev Token,Dev Token
Vaksinasi MMR (M-M-R II),1179,2561,4,40000.00,active,"2024-10-07 10:03:12","2024-11-04 08:41:11",Dev Token,Dev Token
MMR Vaccination (M-M-R II),1179,2561,4,40000.00,active,"2024-10-07 10:03:12","2024-11-04 08:41:11",Dev Token,Dev Token
Vaksinasi Cacar Air/Varicella (Varivax),1180,2562,2,20000.00,active,"2024-10-07 10:03:13","2024-11-04 08:41:13",Dev Token,Dev Token
Varicella Vaccination (Varivax),1180,2562,2,20000.00,active,"2024-10-07 10:03:13","2024-11-04 08:41:13",Dev Token,Dev Token
Vaksinasi Cacar Air/Varicella (Varivax),1181,2562,3,30000.00,active,"2024-10-07 10:03:14","2024-11-04 08:41:14",Dev Token,Dev Token
Varicella Vaccination (Varivax),1181,2562,3,30000.00,active,"2024-10-07 10:03:14","2024-11-04 08:41:14",Dev Token,Dev Token
Vaksinasi Cacar Air/Varicella (Varivax),1182,2562,4,40000.00,active,"2024-10-07 10:03:15","2024-11-04 08:41:15",Dev Token,Dev Token
Varicella Vaccination (Varivax),1182,2562,4,40000.00,active,"2024-10-07 10:03:15","2024-11-04 08:41:15",Dev Token,Dev Token
Vaksinasi Demam Berdarah (QDenga),1183,2563,2,20000.00,active,"2024-10-07 10:03:17","2024-11-04 08:40:27",Dev Token,Dev Token
Dengue Vaccination (QDenga),1183,2563,2,20000.00,active,"2024-10-07 10:03:17","2024-11-04 08:40:27",Dev Token,Dev Token
Vaksinasi Demam Berdarah (QDenga),1184,2563,3,30000.00,active,"2024-10-07 10:03:18","2024-11-04 08:40:28",Dev Token,Dev Token
Dengue Vaccination (QDenga),1184,2563,3,30000.00,active,"2024-10-07 10:03:18","2024-11-04 08:40:28",Dev Token,Dev Token
Vaksinasi Demam Berdarah (QDenga),1185,2563,4,40000.00,active,"2024-10-07 10:03:19","2024-11-04 08:40:29",Dev Token,Dev Token
Dengue Vaccination (QDenga),1185,2563,4,40000.00,active,"2024-10-07 10:03:19","2024-11-04 08:40:29",Dev Token,Dev Token
Vaksinasi Hepatitis B Dewasa (Engerix-B 20),1186,2564,2,20000.00,active,"2024-10-07 10:03:20","2024-11-04 08:40:30",Dev Token,Dev Token
Hepatitis B Adult Vaccination (Engerix-B 20),1186,2564,2,20000.00,active,"2024-10-07 10:03:20","2024-11-04 08:40:30",Dev Token,Dev Token
Vaksinasi Hepatitis B Dewasa (Engerix-B 20),1187,2564,3,30000.00,active,"2024-10-07 10:03:21","2024-11-04 08:40:31",Dev Token,Dev Token
Hepatitis B Adult Vaccination (Engerix-B 20),1187,2564,3,30000.00,active,"2024-10-07 10:03:21","2024-11-04 08:40:31",Dev Token,Dev Token
Vaksinasi Hepatitis B Dewasa (Engerix-B 20),1188,2564,4,40000.00,active,"2024-10-07 10:03:22","2024-11-04 08:40:32",Dev Token,Dev Token
Hepatitis B Adult Vaccination (Engerix-B 20),1188,2564,4,40000.00,active,"2024-10-07 10:03:22","2024-11-04 08:40:32",Dev Token,Dev Token
Vaksinasi Meningokokus Polisakarida (Menivax ACYW),1189,2565,2,20000.00,active,"2024-10-07 10:03:23","2024-11-04 08:40:33",Dev Token,Dev Token
Meningococcal Polysaccharide Vaccination (Menivax ACYW),1189,2565,2,20000.00,active,"2024-10-07 10:03:23","2024-11-04 08:40:33",Dev Token,Dev Token
Vaksinasi Meningokokus Polisakarida (Menivax ACYW),1190,2565,3,30000.00,active,"2024-10-07 10:03:24","2024-11-04 08:40:34",Dev Token,Dev Token
Meningococcal Polysaccharide Vaccination (Menivax ACYW),1190,2565,3,30000.00,active,"2024-10-07 10:03:24","2024-11-04 08:40:34",Dev Token,Dev Token
Vaksinasi Meningokokus Polisakarida (Menivax ACYW),1191,2565,4,40000.00,active,"2024-10-07 10:03:25","2024-11-04 08:40:35",Dev Token,Dev Token
Meningococcal Polysaccharide Vaccination (Menivax ACYW),1191,2565,4,40000.00,active,"2024-10-07 10:03:25","2024-11-04 08:40:35",Dev Token,Dev Token
Infus Multivitamin (Cernevit),1192,2566,2,20000.00,active,"2024-10-07 10:03:27","2024-11-04 08:40:36",Dev Token,Dev Token
Multivitamin Infusion (Cernevit),1192,2566,2,20000.00,active,"2024-10-07 10:03:27","2024-11-04 08:40:36",Dev Token,Dev Token
Infus Multivitamin (Cernevit),1193,2566,3,30000.00,active,"2024-10-07 10:03:28","2024-11-04 08:40:37",Dev Token,Dev Token
Multivitamin Infusion (Cernevit),1193,2566,3,30000.00,active,"2024-10-07 10:03:28","2024-11-04 08:40:37",Dev Token,Dev Token
Infus Multivitamin (Cernevit),1194,2566,4,40000.00,active,"2024-10-07 10:03:29","2024-11-04 08:40:39",Dev Token,Dev Token
Multivitamin Infusion (Cernevit),1194,2566,4,40000.00,active,"2024-10-07 10:03:29","2024-11-04 08:40:39",Dev Token,Dev Token
Vaksinasi HPV Nonavalen (Gardasil 9),1195,2700,2,20000.00,active,"2024-10-07 10:03:30","2024-11-04 08:41:32",Dev Token,Dev Token
HPV Nonavalent Vaccination (Gardasil 9),1195,2700,2,20000.00,active,"2024-10-07 10:03:30","2024-11-04 08:41:32",Dev Token,Dev Token
Vaksinasi HPV Nonavalen (Gardasil 9),1196,2700,3,30000.00,active,"2024-10-07 10:03:31","2024-11-04 08:41:33",Dev Token,Dev Token
HPV Nonavalent Vaccination (Gardasil 9),1196,2700,3,30000.00,active,"2024-10-07 10:03:31","2024-11-04 08:41:33",Dev Token,Dev Token
Vaksinasi HPV Nonavalen (Gardasil 9),1197,2700,4,40000.00,active,"2024-10-07 10:03:32","2024-11-04 08:41:34",Dev Token,Dev Token
HPV Nonavalent Vaccination (Gardasil 9),1197,2700,4,40000.00,active,"2024-10-07 10:03:32","2024-11-04 08:41:34",Dev Token,Dev Token
Injeksi Vitamin B12 (Saraf & Otak),1198,2717,2,20000.00,active,"2024-10-07 10:03:33","2024-11-04 08:39:51",Dev Token,Dev Token
Vitamin B12 Injection (Neuron & Brain),1198,2717,2,20000.00,active,"2024-10-07 10:03:33","2024-11-04 08:39:51",Dev Token,Dev Token
Injeksi Vitamin B12 (Saraf & Otak),1199,2717,3,30000.00,active,"2024-10-07 10:03:34","2024-11-04 08:39:52",Dev Token,Dev Token
Vitamin B12 Injection (Neuron & Brain),1199,2717,3,30000.00,active,"2024-10-07 10:03:34","2024-11-04 08:39:52",Dev Token,Dev Token
Injeksi Vitamin B12 (Saraf & Otak),1200,2717,4,40000.00,active,"2024-10-07 10:03:36","2024-11-04 08:39:53",Dev Token,Dev Token
Vitamin B12 Injection (Neuron & Brain),1200,2717,4,40000.00,active,"2024-10-07 10:03:36","2024-11-04 08:39:53",Dev Token,Dev Token
Glow Drip,1201,3427,2,20000.00,active,"2024-10-07 10:03:37","2024-11-04 08:41:45",Dev Token,Dev Token
Glow Drip,1201,3427,2,20000.00,active,"2024-10-07 10:03:37","2024-11-04 08:41:45",Dev Token,Dev Token
Glow Drip,1202,3427,3,30000.00,active,"2024-10-07 10:03:38","2024-11-04 08:41:46",Dev Token,Dev Token
Glow Drip,1202,3427,3,30000.00,active,"2024-10-07 10:03:38","2024-11-04 08:41:46",Dev Token,Dev Token
Glow Drip,1203,3427,4,40000.00,active,"2024-10-07 10:03:39","2024-11-04 08:41:47",Dev Token,Dev Token
Glow Drip,1203,3427,4,40000.00,active,"2024-10-07 10:03:39","2024-11-04 08:41:47",Dev Token,Dev Token
Glow + Rejuvenate Drip,1204,3438,2,20000.00,active,"2024-10-07 10:03:40","2024-11-04 08:41:48",Dev Token,Dev Token
Glow + Rejuvenate Drip,1204,3438,2,20000.00,active,"2024-10-07 10:03:40","2024-11-04 08:41:48",Dev Token,Dev Token
Glow + Rejuvenate Drip,1205,3438,3,30000.00,active,"2024-10-07 10:03:41","2024-11-04 08:41:49",Dev Token,Dev Token
Glow + Rejuvenate Drip,1205,3438,3,30000.00,active,"2024-10-07 10:03:41","2024-11-04 08:41:49",Dev Token,Dev Token
Glow + Rejuvenate Drip,1206,3438,4,40000.00,active,"2024-10-07 10:03:42","2024-11-04 08:41:50",Dev Token,Dev Token
Glow + Rejuvenate Drip,1206,3438,4,40000.00,active,"2024-10-07 10:03:42","2024-11-04 08:41:50",Dev Token,Dev Token
Cek Darah Untuk Alergi,1207,3253,2,20000.00,active,"2024-10-07 10:03:43","2024-11-04 08:59:49",Dev Token,Dev Token
Allergy Blood Test,1207,3253,2,20000.00,active,"2024-10-07 10:03:43","2024-11-04 08:59:49",Dev Token,Dev Token
Cek Darah Untuk Alergi,1208,3253,3,30000.00,active,"2024-10-07 10:03:45","2024-11-04 08:59:50",Dev Token,Dev Token
Allergy Blood Test,1208,3253,3,30000.00,active,"2024-10-07 10:03:45","2024-11-04 08:59:50",Dev Token,Dev Token
Cek Darah Untuk Alergi,1209,3253,4,40000.00,active,"2024-10-07 10:03:46","2024-11-04 08:59:51",Dev Token,Dev Token
Allergy Blood Test,1209,3253,4,40000.00,active,"2024-10-07 10:03:46","2024-11-04 08:59:51",Dev Token,Dev Token
Cek Lab Untuk Demam,1210,3274,2,20000.00,active,"2024-10-07 10:03:47","2024-11-04 08:59:39",Dev Token,Dev Token
Lab Test for Fever,1210,3274,2,20000.00,active,"2024-10-07 10:03:47","2024-11-04 08:59:39",Dev Token,Dev Token
Cek Lab Untuk Demam,1211,3274,3,30000.00,active,"2024-10-07 10:03:48","2024-11-04 08:59:40",Dev Token,Dev Token
Lab Test for Fever,1211,3274,3,30000.00,active,"2024-10-07 10:03:48","2024-11-04 08:59:40",Dev Token,Dev Token
Cek Lab Untuk Demam,1212,3274,4,40000.00,active,"2024-10-07 10:03:49","2024-11-04 08:59:41",Dev Token,Dev Token
Lab Test for Fever,1212,3274,4,40000.00,active,"2024-10-07 10:03:49","2024-11-04 08:59:41",Dev Token,Dev Token
Cek Diabetes,1213,2364,2,20000.00,active,"2024-10-07 10:03:50","2024-11-04 09:00:12",Dev Token,Dev Token
Diabetes Test,1213,2364,2,20000.00,active,"2024-10-07 10:03:50","2024-11-04 09:00:12",Dev Token,Dev Token
Cek Diabetes,1214,2364,3,30000.00,active,"2024-10-07 10:03:51","2024-11-04 09:00:13",Dev Token,Dev Token
Diabetes Test,1214,2364,3,30000.00,active,"2024-10-07 10:03:51","2024-11-04 09:00:13",Dev Token,Dev Token
Cek Diabetes,1215,2364,4,40000.00,active,"2024-10-07 10:03:52","2024-11-04 09:00:14",Dev Token,Dev Token
Diabetes Test,1215,2364,4,40000.00,active,"2024-10-07 10:03:52","2024-11-04 09:00:14",Dev Token,Dev Token
Cek Elektrolit,1216,2365,2,20000.00,active,"2024-10-07 10:03:54","2024-11-04 09:00:15",Dev Token,Dev Token
Electrolyte Test,1216,2365,2,20000.00,active,"2024-10-07 10:03:54","2024-11-04 09:00:15",Dev Token,Dev Token
Cek Elektrolit,1217,2365,3,30000.00,active,"2024-10-07 10:03:55","2024-11-04 09:00:16",Dev Token,Dev Token
Electrolyte Test,1217,2365,3,30000.00,active,"2024-10-07 10:03:55","2024-11-04 09:00:16",Dev Token,Dev Token
Cek Elektrolit,1218,2365,4,40000.00,active,"2024-10-07 10:03:56","2024-11-04 09:00:17",Dev Token,Dev Token
Electrolyte Test,1218,2365,4,40000.00,active,"2024-10-07 10:03:56","2024-11-04 09:00:17",Dev Token,Dev Token
Cek Darah Lengkap (Hematologi Lengkap),1219,3243,2,20000.00,active,"2024-10-07 10:03:57","2024-11-04 09:00:02",Dev Token,Dev Token
Complete Blood Count Test,1219,3243,2,20000.00,active,"2024-10-07 10:03:57","2024-11-04 09:00:02",Dev Token,Dev Token
Cek Darah Lengkap (Hematologi Lengkap),1220,3243,3,30000.00,active,"2024-10-07 10:03:58","2024-11-04 09:00:03",Dev Token,Dev Token
Complete Blood Count Test,1220,3243,3,30000.00,active,"2024-10-07 10:03:58","2024-11-04 09:00:03",Dev Token,Dev Token
Cek Darah Lengkap (Hematologi Lengkap),1221,3243,4,40000.00,active,"2024-10-07 10:03:59","2024-11-04 09:00:04",Dev Token,Dev Token
Complete Blood Count Test,1221,3243,4,40000.00,active,"2024-10-07 10:03:59","2024-11-04 09:00:04",Dev Token,Dev Token
Cek Darah Untuk Demam Berdarah,1222,3295,2,20000.00,active,"2024-10-07 10:04:01","2024-11-04 08:59:36",Dev Token,Dev Token
Dengue Fever Test,1222,3295,2,20000.00,active,"2024-10-07 10:04:01","2024-11-04 08:59:36",Dev Token,Dev Token
Cek Darah Untuk Demam Berdarah,1223,3295,3,30000.00,active,"2024-10-07 10:04:02","2024-11-04 08:59:37",Dev Token,Dev Token
Dengue Fever Test,1223,3295,3,30000.00,active,"2024-10-07 10:04:02","2024-11-04 08:59:37",Dev Token,Dev Token
Cek Darah Untuk Demam Berdarah,1224,3295,4,40000.00,active,"2024-10-07 10:04:03","2024-11-04 08:59:38",Dev Token,Dev Token
Dengue Fever Test,1224,3295,4,40000.00,active,"2024-10-07 10:04:03","2024-11-04 08:59:38",Dev Token,Dev Token
Medical Check Up Hemat,1225,2368,2,20000.00,active,"2024-10-07 10:04:04","2024-11-04 09:00:05",Dev Token,Dev Token
Pocket-friendly Medical Check Up,1225,2368,2,20000.00,active,"2024-10-07 10:04:04","2024-11-04 09:00:05",Dev Token,Dev Token
Medical Check Up Hemat,1226,2368,3,30000.00,active,"2024-10-07 10:04:05","2024-11-04 09:00:06",Dev Token,Dev Token
Pocket-friendly Medical Check Up,1226,2368,3,30000.00,active,"2024-10-07 10:04:05","2024-11-04 09:00:06",Dev Token,Dev Token
Medical Check Up Hemat,1227,2368,4,40000.00,active,"2024-10-07 10:04:06","2024-11-04 09:00:07",Dev Token,Dev Token
Pocket-friendly Medical Check Up,1227,2368,4,40000.00,active,"2024-10-07 10:04:06","2024-11-04 09:00:07",Dev Token,Dev Token
Medical Check Up Standar,1228,2369,2,20000.00,active,"2024-10-07 10:04:07","2024-11-04 09:00:09",Dev Token,Dev Token
Standard Medical Check Up,1228,2369,2,20000.00,active,"2024-10-07 10:04:07","2024-11-04 09:00:09",Dev Token,Dev Token
Medical Check Up Standar,1229,2369,3,30000.00,active,"2024-10-07 10:04:08","2024-11-04 09:00:10",Dev Token,Dev Token
Standard Medical Check Up,1229,2369,3,30000.00,active,"2024-10-07 10:04:08","2024-11-04 09:00:10",Dev Token,Dev Token
Medical Check Up Standar,1230,2369,4,40000.00,active,"2024-10-07 10:04:10","2024-11-04 09:00:11",Dev Token,Dev Token
Standard Medical Check Up,1230,2369,4,40000.00,active,"2024-10-07 10:04:10","2024-11-04 09:00:11",Dev Token,Dev Token
Cek Fungsi Ginjal,1231,2370,2,20000.00,active,"2024-10-07 10:04:11","2024-11-04 09:00:18",Dev Token,Dev Token
Renal Function test,1231,2370,2,20000.00,active,"2024-10-07 10:04:11","2024-11-04 09:00:18",Dev Token,Dev Token
Cek Fungsi Ginjal,1232,2370,3,30000.00,active,"2024-10-07 10:04:12","2024-11-04 09:00:19",Dev Token,Dev Token
Renal Function test,1232,2370,3,30000.00,active,"2024-10-07 10:04:12","2024-11-04 09:00:19",Dev Token,Dev Token
Cek Fungsi Ginjal,1233,2370,4,40000.00,active,"2024-10-07 10:04:13","2024-11-04 09:00:21",Dev Token,Dev Token
Renal Function test,1233,2370,4,40000.00,active,"2024-10-07 10:04:13","2024-11-04 09:00:21",Dev Token,Dev Token
Cek Kolesterol,1234,2371,2,20000.00,active,"2024-10-07 10:04:14","2024-11-04 09:01:10",Dev Token,Dev Token
Cholesterol Test,1234,2371,2,20000.00,active,"2024-10-07 10:04:14","2024-11-04 09:01:10",Dev Token,Dev Token
Cek Kolesterol,1235,2371,3,30000.00,active,"2024-10-07 10:04:15","2024-11-04 09:01:11",Dev Token,Dev Token
Cholesterol Test,1235,2371,3,30000.00,active,"2024-10-07 10:04:15","2024-11-04 09:01:11",Dev Token,Dev Token
Cek Kolesterol,1236,2371,4,40000.00,active,"2024-10-07 10:04:16","2024-11-04 09:01:12",Dev Token,Dev Token
Cholesterol Test,1236,2371,4,40000.00,active,"2024-10-07 10:04:16","2024-11-04 09:01:12",Dev Token,Dev Token
Cek Fungsi Hati,1237,2372,2,20000.00,active,"2024-10-07 10:04:17","2024-11-04 09:01:13",Dev Token,Dev Token
Liver Function Test,1237,2372,2,20000.00,active,"2024-10-07 10:04:17","2024-11-04 09:01:13",Dev Token,Dev Token
Cek Fungsi Hati,1238,2372,3,30000.00,active,"2024-10-07 10:04:19","2024-11-04 09:01:14",Dev Token,Dev Token
Liver Function Test,1238,2372,3,30000.00,active,"2024-10-07 10:04:19","2024-11-04 09:01:14",Dev Token,Dev Token
Cek Fungsi Hati,1239,2372,4,40000.00,active,"2024-10-07 10:04:20","2024-11-04 09:01:15",Dev Token,Dev Token
Liver Function Test,1239,2372,4,40000.00,active,"2024-10-07 10:04:20","2024-11-04 09:01:15",Dev Token,Dev Token
Cek Anemia dan Zat Besi,1240,3232,2,20000.00,active,"2024-10-07 10:04:21","2024-11-04 08:59:52",Dev Token,Dev Token
Anemia Test and Iron Level,1240,3232,2,20000.00,active,"2024-10-07 10:04:21","2024-11-04 08:59:52",Dev Token,Dev Token
Cek Anemia dan Zat Besi,1241,3232,3,30000.00,active,"2024-10-07 10:04:22","2024-11-04 08:59:53",Dev Token,Dev Token
Anemia Test and Iron Level,1241,3232,3,30000.00,active,"2024-10-07 10:04:22","2024-11-04 08:59:53",Dev Token,Dev Token
Cek Anemia dan Zat Besi,1242,3232,4,40000.00,active,"2024-10-07 10:04:23","2024-11-04 08:59:54",Dev Token,Dev Token
Anemia Test and Iron Level,1242,3232,4,40000.00,active,"2024-10-07 10:04:23","2024-11-04 08:59:54",Dev Token,Dev Token
Cek Kolesterol dan Gula Darah,1243,2374,2,20000.00,active,"2024-10-07 10:04:24","2024-11-04 09:01:17",Dev Token,Dev Token
Cholesterol and Blood Sugar Test,1243,2374,2,20000.00,active,"2024-10-07 10:04:24","2024-11-04 09:01:17",Dev Token,Dev Token
Cek Kolesterol dan Gula Darah,1244,2374,3,30000.00,active,"2024-10-07 10:04:25","2024-11-04 09:01:18",Dev Token,Dev Token
Cholesterol and Blood Sugar Test,1244,2374,3,30000.00,active,"2024-10-07 10:04:25","2024-11-04 09:01:18",Dev Token,Dev Token
Cek Kolesterol dan Gula Darah,1245,2374,4,40000.00,active,"2024-10-07 10:04:26","2024-11-04 09:01:19",Dev Token,Dev Token
Cholesterol and Blood Sugar Test,1245,2374,4,40000.00,active,"2024-10-07 10:04:26","2024-11-04 09:01:19",Dev Token,Dev Token
Cek Infeksi Menular Seksual,1246,2375,2,20000.00,active,"2024-10-07 10:04:28","2024-11-04 09:01:20",Dev Token,Dev Token
Sexual Transmitted Infection Test,1246,2375,2,20000.00,active,"2024-10-07 10:04:28","2024-11-04 09:01:20",Dev Token,Dev Token
Cek Infeksi Menular Seksual,1247,2375,3,30000.00,active,"2024-10-07 10:04:29","2024-11-04 09:01:21",Dev Token,Dev Token
Sexual Transmitted Infection Test,1247,2375,3,30000.00,active,"2024-10-07 10:04:29","2024-11-04 09:01:21",Dev Token,Dev Token
Cek Infeksi Menular Seksual,1248,2375,4,40000.00,active,"2024-10-07 10:04:30","2024-11-04 09:01:22",Dev Token,Dev Token
Sexual Transmitted Infection Test,1248,2375,4,40000.00,active,"2024-10-07 10:04:30","2024-11-04 09:01:22",Dev Token,Dev Token
Cek Hormon Tiroid,1249,2376,2,20000.00,active,"2024-10-07 10:04:31","2024-11-04 09:01:23",Dev Token,Dev Token
Thyroid Hormone Test,1249,2376,2,20000.00,active,"2024-10-07 10:04:31","2024-11-04 09:01:23",Dev Token,Dev Token
Cek Hormon Tiroid,1250,2376,3,30000.00,active,"2024-10-07 10:04:32","2024-11-04 09:01:24",Dev Token,Dev Token
Thyroid Hormone Test,1250,2376,3,30000.00,active,"2024-10-07 10:04:32","2024-11-04 09:01:24",Dev Token,Dev Token
Cek Hormon Tiroid,1251,2376,4,40000.00,active,"2024-10-07 10:04:33","2024-11-04 09:01:25",Dev Token,Dev Token
Thyroid Hormone Test,1251,2376,4,40000.00,active,"2024-10-07 10:04:33","2024-11-04 09:01:25",Dev Token,Dev Token
Medical Check Up Lengkap,1252,3221,2,20000.00,active,"2024-10-07 10:04:34","2024-11-04 08:59:58",Dev Token,Dev Token
Full Medical Check Up,1252,3221,2,20000.00,active,"2024-10-07 10:04:34","2024-11-04 08:59:58",Dev Token,Dev Token
Medical Check Up Lengkap,1253,3221,3,30000.00,active,"2024-10-07 10:04:35","2024-11-04 08:59:59",Dev Token,Dev Token
Full Medical Check Up,1253,3221,3,30000.00,active,"2024-10-07 10:04:35","2024-11-04 08:59:59",Dev Token,Dev Token
Medical Check Up Lengkap,1254,3221,4,40000.00,active,"2024-10-07 10:04:37","2024-11-04 09:00:01",Dev Token,Dev Token
Full Medical Check Up,1254,3221,4,40000.00,active,"2024-10-07 10:04:37","2024-11-04 09:00:01",Dev Token,Dev Token
Cek Kesehatan Pranikah,1255,3264,2,20000.00,active,"2024-10-07 10:04:38","2024-11-04 08:59:55",Dev Token,Dev Token
Premarital Check Up,1255,3264,2,20000.00,active,"2024-10-07 10:04:38","2024-11-04 08:59:55",Dev Token,Dev Token
Cek Kesehatan Pranikah,1256,3264,3,30000.00,active,"2024-10-07 10:04:39","2024-11-04 08:59:56",Dev Token,Dev Token
Premarital Check Up,1256,3264,3,30000.00,active,"2024-10-07 10:04:39","2024-11-04 08:59:56",Dev Token,Dev Token
Cek Kesehatan Pranikah,1257,3264,4,40000.00,active,"2024-10-07 10:04:40","2024-11-04 08:59:57",Dev Token,Dev Token
Premarital Check Up,1257,3264,4,40000.00,active,"2024-10-07 10:04:40","2024-11-04 08:59:57",Dev Token,Dev Token
Cek Infeksi Saluran Kemih,1258,3284,2,20000.00,active,"2024-10-07 10:04:41","2024-11-04 08:59:42",Dev Token,Dev Token
Urinary Tract Infection Test,1258,3284,2,20000.00,active,"2024-10-07 10:04:41","2024-11-04 08:59:42",Dev Token,Dev Token
Cek Infeksi Saluran Kemih,1259,3284,3,30000.00,active,"2024-10-07 10:04:42","2024-11-04 08:59:43",Dev Token,Dev Token
Urinary Tract Infection Test,1259,3284,3,30000.00,active,"2024-10-07 10:04:42","2024-11-04 08:59:43",Dev Token,Dev Token
Cek Infeksi Saluran Kemih,1260,3284,4,40000.00,active,"2024-10-07 10:04:43","2024-11-04 08:59:44",Dev Token,Dev Token
Urinary Tract Infection Test,1260,3284,4,40000.00,active,"2024-10-07 10:04:43","2024-11-04 08:59:44",Dev Token,Dev Token
Vaksinasi HPV Kuadrivalen (Gardasil),1261,2380,2,20000.00,active,"2024-10-07 10:04:44","2024-11-04 09:01:29",Dev Token,Dev Token
HPV Quadrivalent Vaccination (Gardasil),1261,2380,2,20000.00,active,"2024-10-07 10:04:44","2024-11-04 09:01:29",Dev Token,Dev Token
Vaksinasi HPV Kuadrivalen (Gardasil),1262,2380,3,30000.00,active,"2024-10-07 10:04:45","2024-11-04 09:01:30",Dev Token,Dev Token
HPV Quadrivalent Vaccination (Gardasil),1262,2380,3,30000.00,active,"2024-10-07 10:04:45","2024-11-04 09:01:30",Dev Token,Dev Token
Vaksinasi HPV Kuadrivalen (Gardasil),1263,2380,4,40000.00,active,"2024-10-07 10:04:47","2024-11-04 09:01:32",Dev Token,Dev Token
HPV Quadrivalent Vaccination (Gardasil),1263,2380,4,40000.00,active,"2024-10-07 10:04:47","2024-11-04 09:01:32",Dev Token,Dev Token
Vaksinasi Influenza (Vaxigrip Tetra),1264,2381,2,20000.00,active,"2024-10-07 10:04:48","2024-11-04 09:01:33",Dev Token,Dev Token
Influenza Vaccination (Vaxigrip Tetra),1264,2381,2,20000.00,active,"2024-10-07 10:04:48","2024-11-04 09:01:33",Dev Token,Dev Token
Vaksinasi Influenza (Vaxigrip Tetra),1265,2381,3,30000.00,active,"2024-10-07 10:04:49","2024-11-04 09:01:34",Dev Token,Dev Token
Influenza Vaccination (Vaxigrip Tetra),1265,2381,3,30000.00,active,"2024-10-07 10:04:49","2024-11-04 09:01:34",Dev Token,Dev Token
Vaksinasi Influenza (Vaxigrip Tetra),1266,2381,4,40000.00,active,"2024-10-07 10:04:50","2024-11-04 09:01:35",Dev Token,Dev Token
Influenza Vaccination (Vaxigrip Tetra),1266,2381,4,40000.00,active,"2024-10-07 10:04:50","2024-11-04 09:01:35",Dev Token,Dev Token
Infus Drip Vitamin C,1267,2382,2,20000.00,active,"2024-10-07 10:04:51","2024-11-04 09:00:34",Dev Token,Dev Token
Vitamin C Infusion Drip,1267,2382,2,20000.00,active,"2024-10-07 10:04:51","2024-11-04 09:00:34",Dev Token,Dev Token
Infus Drip Vitamin C,1268,2382,3,30000.00,active,"2024-10-07 10:04:52","2024-11-04 09:00:36",Dev Token,Dev Token
Vitamin C Infusion Drip,1268,2382,3,30000.00,active,"2024-10-07 10:04:52","2024-11-04 09:00:36",Dev Token,Dev Token
Infus Drip Vitamin C,1269,2382,4,40000.00,active,"2024-10-07 10:04:53","2024-11-04 09:00:37",Dev Token,Dev Token
Vitamin C Infusion Drip,1269,2382,4,40000.00,active,"2024-10-07 10:04:53","2024-11-04 09:00:37",Dev Token,Dev Token
Injeksi Vitamin C,1270,2383,2,20000.00,active,"2024-10-07 10:04:54","2024-11-04 09:00:38",Dev Token,Dev Token
Vitamin C Injection,1270,2383,2,20000.00,active,"2024-10-07 10:04:54","2024-11-04 09:00:38",Dev Token,Dev Token
Injeksi Vitamin C,1271,2383,3,30000.00,active,"2024-10-07 10:04:56","2024-11-04 09:00:39",Dev Token,Dev Token
Vitamin C Injection,1271,2383,3,30000.00,active,"2024-10-07 10:04:56","2024-11-04 09:00:39",Dev Token,Dev Token
Injeksi Vitamin C,1272,2383,4,40000.00,active,"2024-10-07 10:04:57","2024-11-04 09:00:40",Dev Token,Dev Token
Vitamin C Injection,1272,2383,4,40000.00,active,"2024-10-07 10:04:57","2024-11-04 09:00:40",Dev Token,Dev Token
Vaksinasi Pneumonia PCV13 (Prevenar),1273,2384,2,20000.00,active,"2024-10-07 10:04:58","2024-11-04 09:00:41",Dev Token,Dev Token
Pneumonia PCV13 Vaccination (Prevenar),1273,2384,2,20000.00,active,"2024-10-07 10:04:58","2024-11-04 09:00:41",Dev Token,Dev Token
Vaksinasi Pneumonia PCV13 (Prevenar),1274,2384,3,30000.00,active,"2024-10-07 10:04:59","2024-11-04 09:00:42",Dev Token,Dev Token
Pneumonia PCV13 Vaccination (Prevenar),1274,2384,3,30000.00,active,"2024-10-07 10:04:59","2024-11-04 09:00:42",Dev Token,Dev Token
Vaksinasi Pneumonia PCV13 (Prevenar),1275,2384,4,40000.00,active,"2024-10-07 10:05:00","2024-11-04 09:00:43",Dev Token,Dev Token
Pneumonia PCV13 Vaccination (Prevenar),1275,2384,4,40000.00,active,"2024-10-07 10:05:00","2024-11-04 09:00:43",Dev Token,Dev Token
Vaksinasi Rotavirus (Rotarix),1276,2385,2,20000.00,active,"2024-10-07 10:05:02","2024-11-04 09:00:44",Dev Token,Dev Token
Rotavirus Vaccination (Rotarix),1276,2385,2,20000.00,active,"2024-10-07 10:05:02","2024-11-04 09:00:44",Dev Token,Dev Token
Vaksinasi Rotavirus (Rotarix),1277,2385,3,30000.00,active,"2024-10-07 10:05:03","2024-11-04 09:00:45",Dev Token,Dev Token
Rotavirus Vaccination (Rotarix),1277,2385,3,30000.00,active,"2024-10-07 10:05:03","2024-11-04 09:00:45",Dev Token,Dev Token
Vaksinasi Rotavirus (Rotarix),1278,2385,4,40000.00,active,"2024-10-07 10:05:04","2024-11-04 09:00:46",Dev Token,Dev Token
Rotavirus Vaccination (Rotarix),1278,2385,4,40000.00,active,"2024-10-07 10:05:04","2024-11-04 09:00:46",Dev Token,Dev Token
Vaksinasi Tdap (Boostrix),1279,2386,2,20000.00,active,"2024-10-07 10:05:05","2024-11-04 09:00:47",Dev Token,Dev Token
Tdap Vaccination (Boostrix),1279,2386,2,20000.00,active,"2024-10-07 10:05:05","2024-11-04 09:00:47",Dev Token,Dev Token
Vaksinasi Tdap (Boostrix),1280,2386,3,30000.00,active,"2024-10-07 10:05:06","2024-11-04 09:00:48",Dev Token,Dev Token
Tdap Vaccination (Boostrix),1280,2386,3,30000.00,active,"2024-10-07 10:05:06","2024-11-04 09:00:48",Dev Token,Dev Token
Vaksinasi Tdap (Boostrix),1281,2386,4,40000.00,active,"2024-10-07 10:05:07","2024-11-04 09:00:49",Dev Token,Dev Token
Tdap Vaccination (Boostrix),1281,2386,4,40000.00,active,"2024-10-07 10:05:07","2024-11-04 09:00:49",Dev Token,Dev Token
Vaksinasi Tifoid (Typhim Vi),1282,2387,2,20000.00,active,"2024-10-07 10:05:08","2024-11-04 09:00:51",Dev Token,Dev Token
Typhoid Vaccination (Typhim Vi),1282,2387,2,20000.00,active,"2024-10-07 10:05:08","2024-11-04 09:00:51",Dev Token,Dev Token
Vaksinasi Tifoid (Typhim Vi),1283,2387,3,30000.00,active,"2024-10-07 10:05:10","2024-11-04 09:00:52",Dev Token,Dev Token
Typhoid Vaccination (Typhim Vi),1283,2387,3,30000.00,active,"2024-10-07 10:05:10","2024-11-04 09:00:52",Dev Token,Dev Token
Vaksinasi Tifoid (Typhim Vi),1284,2387,4,40000.00,active,"2024-10-07 10:05:11","2024-11-04 09:00:53",Dev Token,Dev Token
Typhoid Vaccination (Typhim Vi),1284,2387,4,40000.00,active,"2024-10-07 10:05:11","2024-11-04 09:00:53",Dev Token,Dev Token
Vaksinasi Hepatitis A Anak (Havrix Junior 720),1285,2388,2,20000.00,active,"2024-10-07 10:05:12","2024-11-04 09:00:54",Dev Token,Dev Token
Hepatitis A Child Vaccination (Havrix Junior 720),1285,2388,2,20000.00,active,"2024-10-07 10:05:12","2024-11-04 09:00:54",Dev Token,Dev Token
Vaksinasi Hepatitis A Anak (Havrix Junior 720),1286,2388,3,30000.00,active,"2024-10-07 10:05:13","2024-11-04 09:00:55",Dev Token,Dev Token
Hepatitis A Child Vaccination (Havrix Junior 720),1286,2388,3,30000.00,active,"2024-10-07 10:05:13","2024-11-04 09:00:55",Dev Token,Dev Token
Vaksinasi Hepatitis A Anak (Havrix Junior 720),1287,2388,4,40000.00,active,"2024-10-07 10:05:14","2024-11-04 09:00:56",Dev Token,Dev Token
Hepatitis A Child Vaccination (Havrix Junior 720),1287,2388,4,40000.00,active,"2024-10-07 10:05:14","2024-11-04 09:00:56",Dev Token,Dev Token
Paket Vaksinasi Influenza (Vaxigrip Tetra) + Pneumonia PCV13,1288,2389,2,20000.00,active,"2024-10-07 10:05:15","2024-11-04 09:00:57",Dev Token,Dev Token
Influenza (Vaxigrip Tetra) + Pneumonia PCV13 Vaccination Bundle,1288,2389,2,20000.00,active,"2024-10-07 10:05:15","2024-11-04 09:00:57",Dev Token,Dev Token
Paket Vaksinasi Influenza (Vaxigrip Tetra) + Pneumonia PCV13,1289,2389,3,30000.00,active,"2024-10-07 10:05:16","2024-11-04 09:00:58",Dev Token,Dev Token
Influenza (Vaxigrip Tetra) + Pneumonia PCV13 Vaccination Bundle,1289,2389,3,30000.00,active,"2024-10-07 10:05:16","2024-11-04 09:00:58",Dev Token,Dev Token
Paket Vaksinasi Influenza (Vaxigrip Tetra) + Pneumonia PCV13,1290,2389,4,40000.00,active,"2024-10-07 10:05:18","2024-11-04 09:00:59",Dev Token,Dev Token
Influenza (Vaxigrip Tetra) + Pneumonia PCV13 Vaccination Bundle,1290,2389,4,40000.00,active,"2024-10-07 10:05:18","2024-11-04 09:00:59",Dev Token,Dev Token
Vaksinasi DTaP-POLIO IPV-HIB-HEP B (Hexaxim),1291,2390,2,20000.00,active,"2024-10-07 10:05:19","2024-11-04 09:01:00",Dev Token,Dev Token
DTaP-POLIO IPV-HIB-HEP B Vaccination (Hexaxim),1291,2390,2,20000.00,active,"2024-10-07 10:05:19","2024-11-04 09:01:00",Dev Token,Dev Token
Vaksinasi DTaP-POLIO IPV-HIB-HEP B (Hexaxim),1292,2390,3,30000.00,active,"2024-10-07 10:05:20","2024-11-04 09:01:01",Dev Token,Dev Token
DTaP-POLIO IPV-HIB-HEP B Vaccination (Hexaxim),1292,2390,3,30000.00,active,"2024-10-07 10:05:20","2024-11-04 09:01:01",Dev Token,Dev Token
Vaksinasi DTaP-POLIO IPV-HIB-HEP B (Hexaxim),1293,2390,4,40000.00,active,"2024-10-07 10:05:21","2024-11-04 09:01:03",Dev Token,Dev Token
DTaP-POLIO IPV-HIB-HEP B Vaccination (Hexaxim),1293,2390,4,40000.00,active,"2024-10-07 10:05:21","2024-11-04 09:01:03",Dev Token,Dev Token
Vaksinasi MMR (M-M-R II),1294,2391,2,20000.00,active,"2024-10-07 10:05:22","2024-11-04 09:01:04",Dev Token,Dev Token
MMR Vaccination (M-M-R II),1294,2391,2,20000.00,active,"2024-10-07 10:05:22","2024-11-04 09:01:04",Dev Token,Dev Token
Vaksinasi MMR (M-M-R II),1295,2391,3,30000.00,active,"2024-10-07 10:05:23","2024-11-04 09:01:05",Dev Token,Dev Token
MMR Vaccination (M-M-R II),1295,2391,3,30000.00,active,"2024-10-07 10:05:23","2024-11-04 09:01:05",Dev Token,Dev Token
Vaksinasi MMR (M-M-R II),1296,2391,4,40000.00,active,"2024-10-07 10:05:24","2024-11-04 09:01:06",Dev Token,Dev Token
MMR Vaccination (M-M-R II),1296,2391,4,40000.00,active,"2024-10-07 10:05:24","2024-11-04 09:01:06",Dev Token,Dev Token
Vaksinasi Cacar Air/Varicella (Varivax),1297,2392,2,20000.00,active,"2024-10-07 10:05:25","2024-11-04 09:01:07",Dev Token,Dev Token
Varicella Vaccination (Varivax),1297,2392,2,20000.00,active,"2024-10-07 10:05:25","2024-11-04 09:01:07",Dev Token,Dev Token
Vaksinasi Cacar Air/Varicella (Varivax),1298,2392,3,30000.00,active,"2024-10-07 10:05:26","2024-11-04 09:01:08",Dev Token,Dev Token
Varicella Vaccination (Varivax),1298,2392,3,30000.00,active,"2024-10-07 10:05:26","2024-11-04 09:01:08",Dev Token,Dev Token
Vaksinasi Cacar Air/Varicella (Varivax),1299,2392,4,40000.00,active,"2024-10-07 10:05:28","2024-11-04 09:01:09",Dev Token,Dev Token
Varicella Vaccination (Varivax),1299,2392,4,40000.00,active,"2024-10-07 10:05:28","2024-11-04 09:01:09",Dev Token,Dev Token
Vaksinasi Demam Berdarah (QDenga),1300,2393,2,20000.00,active,"2024-10-07 10:05:29","2024-11-04 09:00:22",Dev Token,Dev Token
Dengue Vaccination (QDenga),1300,2393,2,20000.00,active,"2024-10-07 10:05:29","2024-11-04 09:00:22",Dev Token,Dev Token
Vaksinasi Demam Berdarah (QDenga),1301,2393,3,30000.00,active,"2024-10-07 10:05:30","2024-11-04 09:00:23",Dev Token,Dev Token
Dengue Vaccination (QDenga),1301,2393,3,30000.00,active,"2024-10-07 10:05:30","2024-11-04 09:00:23",Dev Token,Dev Token
Vaksinasi Demam Berdarah (QDenga),1302,2393,4,40000.00,active,"2024-10-07 10:05:31","2024-11-04 09:00:24",Dev Token,Dev Token
Dengue Vaccination (QDenga),1302,2393,4,40000.00,active,"2024-10-07 10:05:31","2024-11-04 09:00:24",Dev Token,Dev Token
Vaksinasi Hepatitis B Dewasa (Engerix-B 20),1303,2394,2,20000.00,active,"2024-10-07 10:05:32","2024-11-04 09:00:25",Dev Token,Dev Token
Hepatitis B Adult Vaccination (Engerix-B 20),1303,2394,2,20000.00,active,"2024-10-07 10:05:32","2024-11-04 09:00:25",Dev Token,Dev Token
Vaksinasi Hepatitis B Dewasa (Engerix-B 20),1304,2394,3,30000.00,active,"2024-10-07 10:05:33","2024-11-04 09:00:26",Dev Token,Dev Token
Hepatitis B Adult Vaccination (Engerix-B 20),1304,2394,3,30000.00,active,"2024-10-07 10:05:33","2024-11-04 09:00:26",Dev Token,Dev Token
Vaksinasi Hepatitis B Dewasa (Engerix-B 20),1305,2394,4,40000.00,active,"2024-10-07 10:05:34","2024-11-04 09:00:27",Dev Token,Dev Token
Hepatitis B Adult Vaccination (Engerix-B 20),1305,2394,4,40000.00,active,"2024-10-07 10:05:34","2024-11-04 09:00:27",Dev Token,Dev Token
Vaksinasi Meningokokus Polisakarida (Menivax ACYW),1306,2395,2,20000.00,active,"2024-10-07 10:05:35","2024-11-04 09:00:28",Dev Token,Dev Token
Meningococcal Polysaccharide Vaccination (Menivax ACYW),1306,2395,2,20000.00,active,"2024-10-07 10:05:35","2024-11-04 09:00:28",Dev Token,Dev Token
Vaksinasi Meningokokus Polisakarida (Menivax ACYW),1307,2395,3,30000.00,active,"2024-10-07 10:05:37","2024-11-04 09:00:29",Dev Token,Dev Token
Meningococcal Polysaccharide Vaccination (Menivax ACYW),1307,2395,3,30000.00,active,"2024-10-07 10:05:37","2024-11-04 09:00:29",Dev Token,Dev Token
Vaksinasi Meningokokus Polisakarida (Menivax ACYW),1308,2395,4,40000.00,active,"2024-10-07 10:05:38","2024-11-04 09:00:30",Dev Token,Dev Token
Meningococcal Polysaccharide Vaccination (Menivax ACYW),1308,2395,4,40000.00,active,"2024-10-07 10:05:38","2024-11-04 09:00:30",Dev Token,Dev Token
Infus Multivitamin (Cernevit),1309,2396,2,20000.00,active,"2024-10-07 10:05:39","2024-11-04 09:00:31",Dev Token,Dev Token
Multivitamin Infusion (Cernevit),1309,2396,2,20000.00,active,"2024-10-07 10:05:39","2024-11-04 09:00:31",Dev Token,Dev Token
Infus Multivitamin (Cernevit),1310,2396,3,30000.00,active,"2024-10-07 10:05:40","2024-11-04 09:00:32",Dev Token,Dev Token
Multivitamin Infusion (Cernevit),1310,2396,3,30000.00,active,"2024-10-07 10:05:40","2024-11-04 09:00:32",Dev Token,Dev Token
Infus Multivitamin (Cernevit),1311,2396,4,40000.00,active,"2024-10-07 10:05:41","2024-11-04 09:00:33",Dev Token,Dev Token
Multivitamin Infusion (Cernevit),1311,2396,4,40000.00,active,"2024-10-07 10:05:41","2024-11-04 09:00:33",Dev Token,Dev Token
Vaksinasi HPV Nonavalen (Gardasil 9),1312,2530,2,20000.00,active,"2024-10-07 10:05:42","2024-11-04 09:01:26",Dev Token,Dev Token
HPV Nonavalent Vaccination (Gardasil 9),1312,2530,2,20000.00,active,"2024-10-07 10:05:42","2024-11-04 09:01:26",Dev Token,Dev Token
Vaksinasi HPV Nonavalen (Gardasil 9),1313,2530,3,30000.00,active,"2024-10-07 10:05:43","2024-11-04 09:01:27",Dev Token,Dev Token
HPV Nonavalent Vaccination (Gardasil 9),1313,2530,3,30000.00,active,"2024-10-07 10:05:43","2024-11-04 09:01:27",Dev Token,Dev Token
Vaksinasi HPV Nonavalen (Gardasil 9),1314,2530,4,40000.00,active,"2024-10-07 10:05:44","2024-11-04 09:01:28",Dev Token,Dev Token
HPV Nonavalent Vaccination (Gardasil 9),1314,2530,4,40000.00,active,"2024-10-07 10:05:44","2024-11-04 09:01:28",Dev Token,Dev Token
Injeksi Vitamin B12 (Saraf & Otak),1315,2716,2,20000.00,active,"2024-10-07 10:05:46","2024-11-04 08:59:45",Dev Token,Dev Token
Vitamin B12 Injection (Neuron & Brain),1315,2716,2,20000.00,active,"2024-10-07 10:05:46","2024-11-04 08:59:45",Dev Token,Dev Token
Injeksi Vitamin B12 (Saraf & Otak),1316,2716,3,30000.00,active,"2024-10-07 10:05:47","2024-11-04 08:59:46",Dev Token,Dev Token
Vitamin B12 Injection (Neuron & Brain),1316,2716,3,30000.00,active,"2024-10-07 10:05:47","2024-11-04 08:59:46",Dev Token,Dev Token
Injeksi Vitamin B12 (Saraf & Otak),1317,2716,4,40000.00,active,"2024-10-07 10:05:48","2024-11-04 08:59:47",Dev Token,Dev Token
Vitamin B12 Injection (Neuron & Brain),1317,2716,4,40000.00,active,"2024-10-07 10:05:48","2024-11-04 08:59:47",Dev Token,Dev Token
Vaksinasi Cacar Api/Herpes Zoster (Shingrix),1318,3495,2,20000.00,active,"2024-10-07 10:05:49","2024-11-04 08:59:32",Dev Token,Dev Token
Herpes Zoster Vaccination (Shingrix),1318,3495,2,20000.00,active,"2024-10-07 10:05:49","2024-11-04 08:59:32",Dev Token,Dev Token
Vaksinasi Cacar Api/Herpes Zoster (Shingrix),1319,3495,3,30000.00,active,"2024-10-07 10:05:50","2024-11-04 08:59:34",Dev Token,Dev Token
Herpes Zoster Vaccination (Shingrix),1319,3495,3,30000.00,active,"2024-10-07 10:05:50","2024-11-04 08:59:34",Dev Token,Dev Token
Vaksinasi Cacar Api/Herpes Zoster (Shingrix),1320,3495,4,40000.00,active,"2024-10-07 10:05:51","2024-11-04 08:59:35",Dev Token,Dev Token
Herpes Zoster Vaccination (Shingrix),1320,3495,4,40000.00,active,"2024-10-07 10:05:51","2024-11-04 08:59:35",Dev Token,Dev Token
Infus Vitamin B Kompleks (Neurobion Booster),1321,3505,2,20000.00,active,"2024-10-07 15:11:21","2024-11-04 09:01:36",Dev Token,Dev Token
Vitamin B Complex IV Drip (Neurobion Booster),1321,3505,2,20000.00,active,"2024-10-07 15:11:21","2024-11-04 09:01:36",Dev Token,Dev Token
Infus Vitamin B Kompleks (Neurobion Booster),1322,3505,3,30000.00,active,"2024-10-07 15:11:22","2024-11-04 09:01:37",Dev Token,Dev Token
Vitamin B Complex IV Drip (Neurobion Booster),1322,3505,3,30000.00,active,"2024-10-07 15:11:22","2024-11-04 09:01:37",Dev Token,Dev Token
Infus Vitamin B Kompleks (Neurobion Booster),1323,3505,4,40000.00,active,"2024-10-07 15:11:23","2024-11-04 09:01:38",Dev Token,Dev Token
Vitamin B Complex IV Drip (Neurobion Booster),1323,3505,4,40000.00,active,"2024-10-07 15:11:23","2024-11-04 09:01:38",Dev Token,Dev Token
Infus Vitamin B Kompleks (Neurobion Booster),1324,3504,2,20000.00,active,"2024-10-07 15:11:24","2024-11-04 08:41:42",Dev Token,Dev Token
Vitamin B Complex IV Drip (Neurobion Booster),1324,3504,2,20000.00,active,"2024-10-07 15:11:24","2024-11-04 08:41:42",Dev Token,Dev Token
Infus Vitamin B Kompleks (Neurobion Booster),1325,3504,3,30000.00,active,"2024-10-07 15:11:25","2024-11-04 08:41:43",Dev Token,Dev Token
Vitamin B Complex IV Drip (Neurobion Booster),1325,3504,3,30000.00,active,"2024-10-07 15:11:25","2024-11-04 08:41:43",Dev Token,Dev Token
Infus Vitamin B Kompleks (Neurobion Booster),1326,3504,4,40000.00,active,"2024-10-07 15:11:26","2024-11-04 08:41:44",Dev Token,Dev Token
Vitamin B Complex IV Drip (Neurobion Booster),1326,3504,4,40000.00,active,"2024-10-07 15:11:26","2024-11-04 08:41:44",Dev Token,Dev Token
Infus Vitamin B Kompleks (Neurobion Booster),1327,3497,2,20000.00,active,"2024-10-07 15:11:27","2024-11-04 09:03:48",Dev Token,Dev Token
Vitamin B Complex IV Drip (Neurobion Booster),1327,3497,2,20000.00,active,"2024-10-07 15:11:27","2024-11-04 09:03:48",Dev Token,Dev Token
Infus Vitamin B Kompleks (Neurobion Booster),1328,3497,3,30000.00,active,"2024-10-07 15:11:28","2024-11-04 09:03:49",Dev Token,Dev Token
Vitamin B Complex IV Drip (Neurobion Booster),1328,3497,3,30000.00,active,"2024-10-07 15:11:28","2024-11-04 09:03:49",Dev Token,Dev Token
Infus Vitamin B Kompleks (Neurobion Booster),1329,3497,4,40000.00,active,"2024-10-07 15:11:30","2024-11-04 09:03:50",Dev Token,Dev Token
Vitamin B Complex IV Drip (Neurobion Booster),1329,3497,4,40000.00,active,"2024-10-07 15:11:30","2024-11-04 09:03:50",Dev Token,Dev Token
Infus Vitamin B Kompleks (Neurobion Booster),1330,3508,2,20000.00,active,"2024-10-07 15:11:31","2024-11-04 08:59:23",Dev Token,Dev Token
Vitamin B Complex IV Drip (Neurobion Booster),1330,3508,2,20000.00,active,"2024-10-07 15:11:31","2024-11-04 08:59:23",Dev Token,Dev Token
Infus Vitamin B Kompleks (Neurobion Booster),1331,3508,3,30000.00,active,"2024-10-07 15:11:32","2024-11-04 08:59:24",Dev Token,Dev Token
Vitamin B Complex IV Drip (Neurobion Booster),1331,3508,3,30000.00,active,"2024-10-07 15:11:32","2024-11-04 08:59:24",Dev Token,Dev Token
Infus Vitamin B Kompleks (Neurobion Booster),1332,3508,4,40000.00,active,"2024-10-07 15:11:33","2024-11-04 08:59:25",Dev Token,Dev Token
Vitamin B Complex IV Drip (Neurobion Booster),1332,3508,4,40000.00,active,"2024-10-07 15:11:33","2024-11-04 08:59:25",Dev Token,Dev Token
Infus Vitamin B Kompleks (Neurobion Booster),1333,3496,2,20000.00,active,"2024-10-07 15:11:34","2024-11-04 08:57:10",Dev Token,Dev Token
Vitamin B Complex IV Drip (Neurobion Booster),1333,3496,2,20000.00,active,"2024-10-07 15:11:34","2024-11-04 08:57:10",Dev Token,Dev Token
Infus Vitamin B Kompleks (Neurobion Booster),1334,3496,3,30000.00,active,"2024-10-07 15:11:35","2024-11-04 08:57:11",Dev Token,Dev Token
Vitamin B Complex IV Drip (Neurobion Booster),1334,3496,3,30000.00,active,"2024-10-07 15:11:35","2024-11-04 08:57:11",Dev Token,Dev Token
Infus Vitamin B Kompleks (Neurobion Booster),1335,3496,4,40000.00,active,"2024-10-07 15:11:36","2024-11-04 08:57:12",Dev Token,Dev Token
Vitamin B Complex IV Drip (Neurobion Booster),1335,3496,4,40000.00,active,"2024-10-07 15:11:36","2024-11-04 08:57:12",Dev Token,Dev Token
Infus Vitamin B Kompleks (Neurobion Booster),1336,3503,2,20000.00,active,"2024-10-07 15:11:37","2024-11-04 08:50:33",Dev Token,Dev Token
Vitamin B Complex IV Drip (Neurobion Booster),1336,3503,2,20000.00,active,"2024-10-07 15:11:37","2024-11-04 08:50:33",Dev Token,Dev Token
Infus Vitamin B Kompleks (Neurobion Booster),1337,3503,3,30000.00,active,"2024-10-07 15:11:39","2024-11-04 08:50:34",Dev Token,Dev Token
Vitamin B Complex IV Drip (Neurobion Booster),1337,3503,3,30000.00,active,"2024-10-07 15:11:39","2024-11-04 08:50:34",Dev Token,Dev Token
Infus Vitamin B Kompleks (Neurobion Booster),1338,3503,4,40000.00,active,"2024-10-07 15:11:40","2024-11-04 08:50:35",Dev Token,Dev Token
Vitamin B Complex IV Drip (Neurobion Booster),1338,3503,4,40000.00,active,"2024-10-07 15:11:40","2024-11-04 08:50:35",Dev Token,Dev Token
Infus Vitamin B Kompleks (Neurobion Booster),1339,3502,2,20000.00,active,"2024-10-07 15:11:41","2024-11-04 08:52:46",Dev Token,Dev Token
Vitamin B Complex IV Drip (Neurobion Booster),1339,3502,2,20000.00,active,"2024-10-07 15:11:41","2024-11-04 08:52:46",Dev Token,Dev Token
Infus Vitamin B Kompleks (Neurobion Booster),1340,3502,3,30000.00,active,"2024-10-07 15:11:42","2024-11-04 08:52:47",Dev Token,Dev Token
Vitamin B Complex IV Drip (Neurobion Booster),1340,3502,3,30000.00,active,"2024-10-07 15:11:42","2024-11-04 08:52:47",Dev Token,Dev Token
Infus Vitamin B Kompleks (Neurobion Booster),1341,3502,4,40000.00,active,"2024-10-07 15:11:43","2024-11-04 08:52:48",Dev Token,Dev Token
Vitamin B Complex IV Drip (Neurobion Booster),1341,3502,4,40000.00,active,"2024-10-07 15:11:43","2024-11-04 08:52:48",Dev Token,Dev Token
Infus Vitamin B Kompleks (Neurobion Booster),1342,3501,2,20000.00,active,"2024-10-07 15:11:44","2024-11-04 08:54:58",Dev Token,Dev Token
Vitamin B Complex IV Drip (Neurobion Booster),1342,3501,2,20000.00,active,"2024-10-07 15:11:44","2024-11-04 08:54:58",Dev Token,Dev Token
Infus Vitamin B Kompleks (Neurobion Booster),1343,3501,3,30000.00,active,"2024-10-07 15:11:45","2024-11-04 08:54:59",Dev Token,Dev Token
Vitamin B Complex IV Drip (Neurobion Booster),1343,3501,3,30000.00,active,"2024-10-07 15:11:45","2024-11-04 08:54:59",Dev Token,Dev Token
Infus Vitamin B Kompleks (Neurobion Booster),1344,3501,4,40000.00,active,"2024-10-07 15:11:46","2024-11-04 08:55:00",Dev Token,Dev Token
Vitamin B Complex IV Drip (Neurobion Booster),1344,3501,4,40000.00,active,"2024-10-07 15:11:46","2024-11-04 08:55:00",Dev Token,Dev Token
Infus Vitamin B Kompleks (Neurobion Booster),1345,3500,2,20000.00,active,"2024-10-07 15:11:47","2024-11-04 08:48:21",Dev Token,Dev Token
Vitamin B Complex IV Drip (Neurobion Booster),1345,3500,2,20000.00,active,"2024-10-07 15:11:47","2024-11-04 08:48:21",Dev Token,Dev Token
Infus Vitamin B Kompleks (Neurobion Booster),1346,3500,3,30000.00,active,"2024-10-07 15:11:49","2024-11-04 08:48:22",Dev Token,Dev Token
Vitamin B Complex IV Drip (Neurobion Booster),1346,3500,3,30000.00,active,"2024-10-07 15:11:49","2024-11-04 08:48:22",Dev Token,Dev Token
Infus Vitamin B Kompleks (Neurobion Booster),1347,3500,4,40000.00,active,"2024-10-07 15:11:50","2024-11-04 08:48:23",Dev Token,Dev Token
Vitamin B Complex IV Drip (Neurobion Booster),1347,3500,4,40000.00,active,"2024-10-07 15:11:50","2024-11-04 08:48:23",Dev Token,Dev Token
Infus Vitamin B Kompleks (Neurobion Booster),1348,3499,2,20000.00,active,"2024-10-07 15:11:51","2024-11-04 08:46:08",Dev Token,Dev Token
Vitamin B Complex IV Drip (Neurobion Booster),1348,3499,2,20000.00,active,"2024-10-07 15:11:51","2024-11-04 08:46:08",Dev Token,Dev Token
Infus Vitamin B Kompleks (Neurobion Booster),1349,3499,3,30000.00,active,"2024-10-07 15:11:52","2024-11-04 08:46:09",Dev Token,Dev Token
Vitamin B Complex IV Drip (Neurobion Booster),1349,3499,3,30000.00,active,"2024-10-07 15:11:52","2024-11-04 08:46:09",Dev Token,Dev Token
Infus Vitamin B Kompleks (Neurobion Booster),1350,3499,4,40000.00,active,"2024-10-07 15:11:53","2024-11-04 08:46:10",Dev Token,Dev Token
Vitamin B Complex IV Drip (Neurobion Booster),1350,3499,4,40000.00,active,"2024-10-07 15:11:53","2024-11-04 08:46:10",Dev Token,Dev Token
Infus Vitamin B Kompleks (Neurobion Booster),1351,3498,2,20000.00,active,"2024-10-07 15:11:54","2024-11-04 08:43:55",Dev Token,Dev Token
Vitamin B Complex IV Drip (Neurobion Booster),1351,3498,2,20000.00,active,"2024-10-07 15:11:54","2024-11-04 08:43:55",Dev Token,Dev Token
Infus Vitamin B Kompleks (Neurobion Booster),1352,3498,3,30000.00,active,"2024-10-07 15:11:55","2024-11-04 08:43:56",Dev Token,Dev Token
Vitamin B Complex IV Drip (Neurobion Booster),1352,3498,3,30000.00,active,"2024-10-07 15:11:55","2024-11-04 08:43:56",Dev Token,Dev Token
Infus Vitamin B Kompleks (Neurobion Booster),1353,3498,4,40000.00,active,"2024-10-07 15:11:56","2024-11-04 08:43:57",Dev Token,Dev Token
Vitamin B Complex IV Drip (Neurobion Booster),1353,3498,4,40000.00,active,"2024-10-07 15:11:56","2024-11-04 08:43:57",Dev Token,Dev Token
Vaksin Flu Singapura/HFMD (INLIVE),1354,3579,2,20000.00,active,"2024-11-26 09:31:38","2024-11-26 09:31:39",Dev Token,Dev Token
Singapore Flu/HFMD Vaccination (INLIVE),1354,3579,2,20000.00,active,"2024-11-26 09:31:38","2024-11-26 09:31:39",Dev Token,Dev Token
Vaksin Flu Singapura/HFMD (INLIVE),1355,3579,3,30000.00,active,"2024-11-26 09:31:40","2024-11-26 09:31:40",Dev Token,Dev Token
Singapore Flu/HFMD Vaccination (INLIVE),1355,3579,3,30000.00,active,"2024-11-26 09:31:40","2024-11-26 09:31:40",Dev Token,Dev Token
Vaksin Flu Singapura/HFMD (INLIVE),1356,3579,4,40000.00,active,"2024-11-26 09:31:41","2024-11-26 09:31:41",Dev Token,Dev Token
Singapore Flu/HFMD Vaccination (INLIVE),1356,3579,4,40000.00,active,"2024-11-26 09:31:41","2024-11-26 09:31:41",Dev Token,Dev Token
Vaksin Flu Singapura/HFMD (INLIVE),1357,3580,2,20000.00,active,"2024-11-26 09:31:42","2024-11-26 09:31:42",Dev Token,Dev Token
Singapore Flu/HFMD Vaccination (INLIVE),1357,3580,2,20000.00,active,"2024-11-26 09:31:42","2024-11-26 09:31:42",Dev Token,Dev Token
Vaksin Flu Singapura/HFMD (INLIVE),1358,3580,3,30000.00,active,"2024-11-26 09:31:43","2024-11-26 09:31:43",Dev Token,Dev Token
Singapore Flu/HFMD Vaccination (INLIVE),1358,3580,3,30000.00,active,"2024-11-26 09:31:43","2024-11-26 09:31:43",Dev Token,Dev Token
Vaksin Flu Singapura/HFMD (INLIVE),1359,3580,4,40000.00,active,"2024-11-26 09:31:44","2024-11-26 09:31:44",Dev Token,Dev Token
Singapore Flu/HFMD Vaccination (INLIVE),1359,3580,4,40000.00,active,"2024-11-26 09:31:44","2024-11-26 09:31:44",Dev Token,Dev Token
Vaksin Flu Singapura/HFMD (INLIVE),1360,3587,2,20000.00,active,"2024-11-26 09:31:45","2024-11-26 09:31:45",Dev Token,Dev Token
Singapore Flu/HFMD Vaccination (INLIVE),1360,3587,2,20000.00,active,"2024-11-26 09:31:45","2024-11-26 09:31:45",Dev Token,Dev Token
Vaksin Flu Singapura/HFMD (INLIVE),1361,3587,3,30000.00,active,"2024-11-26 09:31:46","2024-11-26 09:31:46",Dev Token,Dev Token
Singapore Flu/HFMD Vaccination (INLIVE),1361,3587,3,30000.00,active,"2024-11-26 09:31:46","2024-11-26 09:31:46",Dev Token,Dev Token
Vaksin Flu Singapura/HFMD (INLIVE),1362,3587,4,40000.00,active,"2024-11-26 09:31:48","2024-11-26 09:31:48",Dev Token,Dev Token
Singapore Flu/HFMD Vaccination (INLIVE),1362,3587,4,40000.00,active,"2024-11-26 09:31:48","2024-11-26 09:31:48",Dev Token,Dev Token
Vaksin Flu Singapura/HFMD (INLIVE),1363,3578,2,20000.00,active,"2024-11-26 09:31:49","2024-11-26 09:31:49",Dev Token,Dev Token
Singapore Flu/HFMD Vaccination (INLIVE),1363,3578,2,20000.00,active,"2024-11-26 09:31:49","2024-11-26 09:31:49",Dev Token,Dev Token
Vaksin Flu Singapura/HFMD (INLIVE),1364,3578,3,30000.00,active,"2024-11-26 09:31:50","2024-11-26 09:31:50",Dev Token,Dev Token
Singapore Flu/HFMD Vaccination (INLIVE),1364,3578,3,30000.00,active,"2024-11-26 09:31:50","2024-11-26 09:31:50",Dev Token,Dev Token
Vaksin Flu Singapura/HFMD (INLIVE),1365,3578,4,40000.00,active,"2024-11-26 09:31:51","2024-11-26 09:31:51",Dev Token,Dev Token
Singapore Flu/HFMD Vaccination (INLIVE),1365,3578,4,40000.00,active,"2024-11-26 09:31:51","2024-11-26 09:31:51",Dev Token,Dev Token
Vaksin Flu Singapura/HFMD (INLIVE),1366,3581,2,20000.00,active,"2024-11-26 09:31:52","2024-11-26 09:31:52",Dev Token,Dev Token
Singapore Flu/HFMD Vaccination (INLIVE),1366,3581,2,20000.00,active,"2024-11-26 09:31:52","2024-11-26 09:31:52",Dev Token,Dev Token
Vaksin Flu Singapura/HFMD (INLIVE),1367,3581,3,30000.00,active,"2024-11-26 09:31:53","2024-11-26 09:31:53",Dev Token,Dev Token
Singapore Flu/HFMD Vaccination (INLIVE),1367,3581,3,30000.00,active,"2024-11-26 09:31:53","2024-11-26 09:31:53",Dev Token,Dev Token
Vaksin Flu Singapura/HFMD (INLIVE),1368,3581,4,40000.00,active,"2024-11-26 09:31:54","2024-11-26 09:31:54",Dev Token,Dev Token
Singapore Flu/HFMD Vaccination (INLIVE),1368,3581,4,40000.00,active,"2024-11-26 09:31:54","2024-11-26 09:31:54",Dev Token,Dev Token
Vaksin Flu Singapura/HFMD (INLIVE),1369,3582,2,20000.00,active,"2024-11-26 09:31:55","2024-11-26 09:31:55",Dev Token,Dev Token
Singapore Flu/HFMD Vaccination (INLIVE),1369,3582,2,20000.00,active,"2024-11-26 09:31:55","2024-11-26 09:31:55",Dev Token,Dev Token
Vaksin Flu Singapura/HFMD (INLIVE),1370,3582,3,30000.00,active,"2024-11-26 09:31:56","2024-11-26 09:31:56",Dev Token,Dev Token
Singapore Flu/HFMD Vaccination (INLIVE),1370,3582,3,30000.00,active,"2024-11-26 09:31:56","2024-11-26 09:31:56",Dev Token,Dev Token
Vaksin Flu Singapura/HFMD (INLIVE),1371,3582,4,40000.00,active,"2024-11-26 09:31:58","2024-11-26 09:31:58",Dev Token,Dev Token
Singapore Flu/HFMD Vaccination (INLIVE),1371,3582,4,40000.00,active,"2024-11-26 09:31:58","2024-11-26 09:31:58",Dev Token,Dev Token
Vaksin Flu Singapura/HFMD (INLIVE),1372,3583,2,20000.00,active,"2024-11-26 09:31:59","2024-11-26 09:31:59",Dev Token,Dev Token
Singapore Flu/HFMD Vaccination (INLIVE),1372,3583,2,20000.00,active,"2024-11-26 09:31:59","2024-11-26 09:31:59",Dev Token,Dev Token
Vaksin Flu Singapura/HFMD (INLIVE),1373,3583,3,30000.00,active,"2024-11-26 09:32:00","2024-11-26 09:32:00",Dev Token,Dev Token
Singapore Flu/HFMD Vaccination (INLIVE),1373,3583,3,30000.00,active,"2024-11-26 09:32:00","2024-11-26 09:32:00",Dev Token,Dev Token
Vaksin Flu Singapura/HFMD (INLIVE),1374,3583,4,40000.00,active,"2024-11-26 09:32:01","2024-11-26 09:32:01",Dev Token,Dev Token
Singapore Flu/HFMD Vaccination (INLIVE),1374,3583,4,40000.00,active,"2024-11-26 09:32:01","2024-11-26 09:32:01",Dev Token,Dev Token
Vaksin Flu Singapura/HFMD (INLIVE),1375,3584,2,20000.00,active,"2024-11-26 09:32:02","2024-11-26 09:32:02",Dev Token,Dev Token
Singapore Flu/HFMD Vaccination (INLIVE),1375,3584,2,20000.00,active,"2024-11-26 09:32:02","2024-11-26 09:32:02",Dev Token,Dev Token
Vaksin Flu Singapura/HFMD (INLIVE),1376,3584,3,30000.00,active,"2024-11-26 09:32:03","2024-11-26 09:32:03",Dev Token,Dev Token
Singapore Flu/HFMD Vaccination (INLIVE),1376,3584,3,30000.00,active,"2024-11-26 09:32:03","2024-11-26 09:32:03",Dev Token,Dev Token
Vaksin Flu Singapura/HFMD (INLIVE),1377,3584,4,40000.00,active,"2024-11-26 09:32:04","2024-11-26 09:32:04",Dev Token,Dev Token
Singapore Flu/HFMD Vaccination (INLIVE),1377,3584,4,40000.00,active,"2024-11-26 09:32:04","2024-11-26 09:32:04",Dev Token,Dev Token
Vaksin Flu Singapura/HFMD (INLIVE),1378,3585,2,20000.00,active,"2024-11-26 09:32:05","2024-11-26 09:32:05",Dev Token,Dev Token
Singapore Flu/HFMD Vaccination (INLIVE),1378,3585,2,20000.00,active,"2024-11-26 09:32:05","2024-11-26 09:32:05",Dev Token,Dev Token
Vaksin Flu Singapura/HFMD (INLIVE),1379,3585,3,30000.00,active,"2024-11-26 09:32:06","2024-11-26 09:32:07",Dev Token,Dev Token
Singapore Flu/HFMD Vaccination (INLIVE),1379,3585,3,30000.00,active,"2024-11-26 09:32:06","2024-11-26 09:32:07",Dev Token,Dev Token
Vaksin Flu Singapura/HFMD (INLIVE),1380,3585,4,40000.00,active,"2024-11-26 09:32:08","2024-11-26 09:32:08",Dev Token,Dev Token
Singapore Flu/HFMD Vaccination (INLIVE),1380,3585,4,40000.00,active,"2024-11-26 09:32:08","2024-11-26 09:32:08",Dev Token,Dev Token
Vaksin Flu Singapura/HFMD (INLIVE),1381,3586,2,20000.00,active,"2024-11-26 09:32:09","2024-11-26 09:32:09",Dev Token,Dev Token
Singapore Flu/HFMD Vaccination (INLIVE),1381,3586,2,20000.00,active,"2024-11-26 09:32:09","2024-11-26 09:32:09",Dev Token,Dev Token
Vaksin Flu Singapura/HFMD (INLIVE),1382,3586,3,30000.00,active,"2024-11-26 09:32:10","2024-11-26 09:32:10",Dev Token,Dev Token
Singapore Flu/HFMD Vaccination (INLIVE),1382,3586,3,30000.00,active,"2024-11-26 09:32:10","2024-11-26 09:32:10",Dev Token,Dev Token
Vaksin Flu Singapura/HFMD (INLIVE),1383,3586,4,40000.00,active,"2024-11-26 09:32:11","2024-11-26 09:32:11",Dev Token,Dev Token
Singapore Flu/HFMD Vaccination (INLIVE),1383,3586,4,40000.00,active,"2024-11-26 09:32:11","2024-11-26 09:32:11",Dev Token,Dev Token
Cek Gula Darah Puasa & 2 Jam PP,1384,3609,2,20000.00,active,"2024-12-05 08:51:09","2024-12-05 08:51:09",Dev Token,Dev Token
Fasting and 2-hours Postprandial Blood Sugar,1384,3609,2,20000.00,active,"2024-12-05 08:51:09","2024-12-05 08:51:09",Dev Token,Dev Token
Cek Gula Darah Puasa & 2 Jam PP,1385,3609,3,30000.00,active,"2024-12-05 08:51:11","2024-12-05 08:51:11",Dev Token,Dev Token
Fasting and 2-hours Postprandial Blood Sugar,1385,3609,3,30000.00,active,"2024-12-05 08:51:11","2024-12-05 08:51:11",Dev Token,Dev Token
Cek Gula Darah Puasa & 2 Jam PP,1386,3609,4,40000.00,active,"2024-12-05 08:51:12","2024-12-05 08:51:12",Dev Token,Dev Token
Fasting and 2-hours Postprandial Blood Sugar,1386,3609,4,40000.00,active,"2024-12-05 08:51:12","2024-12-05 08:51:12",Dev Token,Dev Token
Cek Gula Darah Puasa & 2 Jam PP,1387,3615,2,20000.00,active,"2024-12-05 08:51:13","2024-12-05 08:51:13",Dev Token,Dev Token
Fasting and 2-hours Postprandial Blood Sugar,1387,3615,2,20000.00,active,"2024-12-05 08:51:13","2024-12-05 08:51:13",Dev Token,Dev Token
Cek Gula Darah Puasa & 2 Jam PP,1388,3615,3,30000.00,active,"2024-12-05 08:51:14","2024-12-05 08:51:14",Dev Token,Dev Token
Fasting and 2-hours Postprandial Blood Sugar,1388,3615,3,30000.00,active,"2024-12-05 08:51:14","2024-12-05 08:51:14",Dev Token,Dev Token
Cek Gula Darah Puasa & 2 Jam PP,1389,3615,4,40000.00,active,"2024-12-05 08:51:15","2024-12-05 08:51:15",Dev Token,Dev Token
Fasting and 2-hours Postprandial Blood Sugar,1389,3615,4,40000.00,active,"2024-12-05 08:51:15","2024-12-05 08:51:15",Dev Token,Dev Token
Cek Gula Darah Puasa & 2 Jam PP,1390,3614,2,20000.00,active,"2024-12-05 08:51:16","2024-12-05 08:51:16",Dev Token,Dev Token
Fasting and 2-hours Postprandial Blood Sugar,1390,3614,2,20000.00,active,"2024-12-05 08:51:16","2024-12-05 08:51:16",Dev Token,Dev Token
Cek Gula Darah Puasa & 2 Jam PP,1391,3614,3,30000.00,active,"2024-12-05 08:51:17","2024-12-05 08:51:17",Dev Token,Dev Token
Fasting and 2-hours Postprandial Blood Sugar,1391,3614,3,30000.00,active,"2024-12-05 08:51:17","2024-12-05 08:51:17",Dev Token,Dev Token
Cek Gula Darah Puasa & 2 Jam PP,1392,3614,4,40000.00,active,"2024-12-05 08:51:19","2024-12-05 08:51:19",Dev Token,Dev Token
Fasting and 2-hours Postprandial Blood Sugar,1392,3614,4,40000.00,active,"2024-12-05 08:51:19","2024-12-05 08:51:19",Dev Token,Dev Token
Cek Gula Darah Puasa & 2 Jam PP,1393,3613,2,20000.00,active,"2024-12-05 08:51:20","2024-12-05 08:51:20",Dev Token,Dev Token
Fasting and 2-hours Postprandial Blood Sugar,1393,3613,2,20000.00,active,"2024-12-05 08:51:20","2024-12-05 08:51:20",Dev Token,Dev Token
Cek Gula Darah Puasa & 2 Jam PP,1394,3613,3,30000.00,active,"2024-12-05 08:51:21","2024-12-05 08:51:21",Dev Token,Dev Token
Fasting and 2-hours Postprandial Blood Sugar,1394,3613,3,30000.00,active,"2024-12-05 08:51:21","2024-12-05 08:51:21",Dev Token,Dev Token
Cek Gula Darah Puasa & 2 Jam PP,1395,3613,4,40000.00,active,"2024-12-05 08:51:22","2024-12-05 08:51:22",Dev Token,Dev Token
Fasting and 2-hours Postprandial Blood Sugar,1395,3613,4,40000.00,active,"2024-12-05 08:51:22","2024-12-05 08:51:22",Dev Token,Dev Token
Cek Gula Darah Puasa & 2 Jam PP,1396,3610,2,20000.00,active,"2024-12-05 08:51:23","2024-12-05 08:51:23",Dev Token,Dev Token
Fasting and 2-hours Postprandial Blood Sugar,1396,3610,2,20000.00,active,"2024-12-05 08:51:23","2024-12-05 08:51:23",Dev Token,Dev Token
Cek Gula Darah Puasa & 2 Jam PP,1397,3610,3,30000.00,active,"2024-12-05 08:51:24","2024-12-05 08:51:24",Dev Token,Dev Token
Fasting and 2-hours Postprandial Blood Sugar,1397,3610,3,30000.00,active,"2024-12-05 08:51:24","2024-12-05 08:51:24",Dev Token,Dev Token
Cek Gula Darah Puasa & 2 Jam PP,1398,3610,4,40000.00,active,"2024-12-05 08:51:25","2024-12-05 08:51:25",Dev Token,Dev Token
Fasting and 2-hours Postprandial Blood Sugar,1398,3610,4,40000.00,active,"2024-12-05 08:51:25","2024-12-05 08:51:25",Dev Token,Dev Token
Cek Gula Darah Puasa & 2 Jam PP,1399,3611,2,20000.00,active,"2024-12-05 08:51:26","2024-12-05 08:51:26",Dev Token,Dev Token
Fasting and 2-hours Postprandial Blood Sugar,1399,3611,2,20000.00,active,"2024-12-05 08:51:26","2024-12-05 08:51:26",Dev Token,Dev Token
Cek Gula Darah Puasa & 2 Jam PP,1400,3611,3,30000.00,active,"2024-12-05 08:51:28","2024-12-05 08:51:28",Dev Token,Dev Token
Fasting and 2-hours Postprandial Blood Sugar,1400,3611,3,30000.00,active,"2024-12-05 08:51:28","2024-12-05 08:51:28",Dev Token,Dev Token
Cek Gula Darah Puasa & 2 Jam PP,1401,3611,4,40000.00,active,"2024-12-05 08:51:29","2024-12-05 08:51:29",Dev Token,Dev Token
Fasting and 2-hours Postprandial Blood Sugar,1401,3611,4,40000.00,active,"2024-12-05 08:51:29","2024-12-05 08:51:29",Dev Token,Dev Token
Cek Gula Darah Puasa & 2 Jam PP,1402,3612,2,20000.00,active,"2024-12-05 08:51:30","2024-12-05 08:51:30",Dev Token,Dev Token
Fasting and 2-hours Postprandial Blood Sugar,1402,3612,2,20000.00,active,"2024-12-05 08:51:30","2024-12-05 08:51:30",Dev Token,Dev Token
Cek Gula Darah Puasa & 2 Jam PP,1403,3612,3,30000.00,active,"2024-12-05 08:51:31","2024-12-05 08:51:31",Dev Token,Dev Token
Fasting and 2-hours Postprandial Blood Sugar,1403,3612,3,30000.00,active,"2024-12-05 08:51:31","2024-12-05 08:51:31",Dev Token,Dev Token
Cek Gula Darah Puasa & 2 Jam PP,1404,3612,4,40000.00,active,"2024-12-05 08:51:32","2024-12-05 08:51:32",Dev Token,Dev Token
Fasting and 2-hours Postprandial Blood Sugar,1404,3612,4,40000.00,active,"2024-12-05 08:51:32","2024-12-05 08:51:32",Dev Token,Dev Token
Cek Gula Darah Puasa & 2 Jam PP,1405,3618,2,20000.00,active,"2024-12-05 08:51:33","2024-12-05 08:51:33",Dev Token,Dev Token
Fasting and 2-hours Postprandial Blood Sugar,1405,3618,2,20000.00,active,"2024-12-05 08:51:33","2024-12-05 08:51:33",Dev Token,Dev Token
Cek Gula Darah Puasa & 2 Jam PP,1406,3618,3,30000.00,active,"2024-12-05 08:51:34","2024-12-05 08:51:34",Dev Token,Dev Token
Fasting and 2-hours Postprandial Blood Sugar,1406,3618,3,30000.00,active,"2024-12-05 08:51:34","2024-12-05 08:51:34",Dev Token,Dev Token
Cek Gula Darah Puasa & 2 Jam PP,1407,3618,4,40000.00,active,"2024-12-05 08:51:35","2024-12-05 08:51:36",Dev Token,Dev Token
Fasting and 2-hours Postprandial Blood Sugar,1407,3618,4,40000.00,active,"2024-12-05 08:51:35","2024-12-05 08:51:36",Dev Token,Dev Token
Cek Gula Darah Puasa & 2 Jam PP,1408,3617,2,20000.00,active,"2024-12-05 08:51:37","2024-12-05 08:51:37",Dev Token,Dev Token
Fasting and 2-hours Postprandial Blood Sugar,1408,3617,2,20000.00,active,"2024-12-05 08:51:37","2024-12-05 08:51:37",Dev Token,Dev Token
Cek Gula Darah Puasa & 2 Jam PP,1409,3617,3,30000.00,active,"2024-12-05 08:51:38","2024-12-05 08:51:38",Dev Token,Dev Token
Fasting and 2-hours Postprandial Blood Sugar,1409,3617,3,30000.00,active,"2024-12-05 08:51:38","2024-12-05 08:51:38",Dev Token,Dev Token
Cek Gula Darah Puasa & 2 Jam PP,1410,3617,4,40000.00,active,"2024-12-05 08:51:39","2024-12-05 08:51:39",Dev Token,Dev Token
Fasting and 2-hours Postprandial Blood Sugar,1410,3617,4,40000.00,active,"2024-12-05 08:51:39","2024-12-05 08:51:39",Dev Token,Dev Token
Cek Gula Darah Puasa & 2 Jam PP,1411,3608,2,20000.00,active,"2024-12-05 08:51:40","2024-12-05 08:51:40",Dev Token,Dev Token
Fasting and 2-hours Postprandial Blood Sugar,1411,3608,2,20000.00,active,"2024-12-05 08:51:40","2024-12-05 08:51:40",Dev Token,Dev Token
Cek Gula Darah Puasa & 2 Jam PP,1412,3608,3,30000.00,active,"2024-12-05 08:51:41","2024-12-05 08:51:41",Dev Token,Dev Token
Fasting and 2-hours Postprandial Blood Sugar,1412,3608,3,30000.00,active,"2024-12-05 08:51:41","2024-12-05 08:51:41",Dev Token,Dev Token
Cek Gula Darah Puasa & 2 Jam PP,1413,3608,4,40000.00,active,"2024-12-05 08:51:42","2024-12-05 08:51:42",Dev Token,Dev Token
Fasting and 2-hours Postprandial Blood Sugar,1413,3608,4,40000.00,active,"2024-12-05 08:51:42","2024-12-05 08:51:42",Dev Token,Dev Token
Cek Gula Darah Puasa & 2 Jam PP,1414,3616,2,20000.00,active,"2024-12-05 08:51:43","2024-12-05 08:51:43",Dev Token,Dev Token
Fasting and 2-hours Postprandial Blood Sugar,1414,3616,2,20000.00,active,"2024-12-05 08:51:43","2024-12-05 08:51:43",Dev Token,Dev Token
Cek Gula Darah Puasa & 2 Jam PP,1415,3616,3,30000.00,active,"2024-12-05 08:51:44","2024-12-05 08:51:44",Dev Token,Dev Token
Fasting and 2-hours Postprandial Blood Sugar,1415,3616,3,30000.00,active,"2024-12-05 08:51:44","2024-12-05 08:51:44",Dev Token,Dev Token
Cek Gula Darah Puasa & 2 Jam PP,1416,3616,4,40000.00,active,"2024-12-05 08:51:46","2024-12-05 08:51:46",Dev Token,Dev Token
Fasting and 2-hours Postprandial Blood Sugar,1416,3616,4,40000.00,active,"2024-12-05 08:51:46","2024-12-05 08:51:46",Dev Token,Dev Token
Vaksinasi Influenza (Flubio),1417,3744,2,20000.00,active,"2024-12-23 20:54:45","2024-12-23 20:54:45",Dev Token,Dev Token
Influenza Vaccination (Flubio),1417,3744,2,20000.00,active,"2024-12-23 20:54:45","2024-12-23 20:54:45",Dev Token,Dev Token
Vaksinasi Influenza (Flubio),1418,3744,3,30000.00,active,"2024-12-23 20:54:46","2024-12-23 20:54:46",Dev Token,Dev Token
Influenza Vaccination (Flubio),1418,3744,3,30000.00,active,"2024-12-23 20:54:46","2024-12-23 20:54:46",Dev Token,Dev Token
Vaksinasi Influenza (Flubio),1419,3744,4,40000.00,active,"2024-12-23 20:54:47","2024-12-23 20:54:48",Dev Token,Dev Token
Influenza Vaccination (Flubio),1419,3744,4,40000.00,active,"2024-12-23 20:54:47","2024-12-23 20:54:48",Dev Token,Dev Token
Vaksinasi Influenza (Flubio),1420,3745,2,20000.00,active,"2024-12-23 20:54:49","2024-12-23 20:54:49",Dev Token,Dev Token
Influenza Vaccination (Flubio),1420,3745,2,20000.00,active,"2024-12-23 20:54:49","2024-12-23 20:54:49",Dev Token,Dev Token
Vaksinasi Influenza (Flubio),1421,3745,3,30000.00,active,"2024-12-23 20:54:50","2024-12-23 20:54:50",Dev Token,Dev Token
Influenza Vaccination (Flubio),1421,3745,3,30000.00,active,"2024-12-23 20:54:50","2024-12-23 20:54:50",Dev Token,Dev Token
Vaksinasi Influenza (Flubio),1422,3745,4,40000.00,active,"2024-12-23 20:54:51","2024-12-23 20:54:51",Dev Token,Dev Token
Influenza Vaccination (Flubio),1422,3745,4,40000.00,active,"2024-12-23 20:54:51","2024-12-23 20:54:51",Dev Token,Dev Token
Vaksinasi Influenza (Flubio),1423,3752,2,20000.00,active,"2024-12-23 20:54:52","2024-12-23 20:54:52",Dev Token,Dev Token
Influenza Vaccination (Flubio),1423,3752,2,20000.00,active,"2024-12-23 20:54:52","2024-12-23 20:54:52",Dev Token,Dev Token
Vaksinasi Influenza (Flubio),1424,3752,3,30000.00,active,"2024-12-23 20:54:53","2024-12-23 20:54:53",Dev Token,Dev Token
Influenza Vaccination (Flubio),1424,3752,3,30000.00,active,"2024-12-23 20:54:53","2024-12-23 20:54:53",Dev Token,Dev Token
Vaksinasi Influenza (Flubio),1425,3752,4,40000.00,active,"2024-12-23 20:54:54","2024-12-23 20:54:54",Dev Token,Dev Token
Influenza Vaccination (Flubio),1425,3752,4,40000.00,active,"2024-12-23 20:54:54","2024-12-23 20:54:54",Dev Token,Dev Token
Vaksinasi Influenza (Flubio),1426,3753,2,20000.00,active,"2024-12-23 20:54:55","2024-12-23 20:54:55",Dev Token,Dev Token
Influenza Vaccination (Flubio),1426,3753,2,20000.00,active,"2024-12-23 20:54:55","2024-12-23 20:54:55",Dev Token,Dev Token
Vaksinasi Influenza (Flubio),1427,3753,3,30000.00,active,"2024-12-23 20:54:56","2024-12-23 20:54:56",Dev Token,Dev Token
Influenza Vaccination (Flubio),1427,3753,3,30000.00,active,"2024-12-23 20:54:56","2024-12-23 20:54:56",Dev Token,Dev Token
Vaksinasi Influenza (Flubio),1428,3753,4,40000.00,active,"2024-12-23 20:54:57","2024-12-23 20:54:57",Dev Token,Dev Token
Influenza Vaccination (Flubio),1428,3753,4,40000.00,active,"2024-12-23 20:54:57","2024-12-23 20:54:57",Dev Token,Dev Token
Vaksinasi Influenza (Flubio),1429,3746,2,20000.00,active,"2024-12-23 20:54:59","2024-12-23 20:54:59",Dev Token,Dev Token
Influenza Vaccination (Flubio),1429,3746,2,20000.00,active,"2024-12-23 20:54:59","2024-12-23 20:54:59",Dev Token,Dev Token
Vaksinasi Influenza (Flubio),1430,3746,3,30000.00,active,"2024-12-23 20:55:00","2024-12-23 20:55:00",Dev Token,Dev Token
Influenza Vaccination (Flubio),1430,3746,3,30000.00,active,"2024-12-23 20:55:00","2024-12-23 20:55:00",Dev Token,Dev Token
Vaksinasi Influenza (Flubio),1431,3746,4,40000.00,active,"2024-12-23 20:55:01","2024-12-23 20:55:01",Dev Token,Dev Token
Influenza Vaccination (Flubio),1431,3746,4,40000.00,active,"2024-12-23 20:55:01","2024-12-23 20:55:01",Dev Token,Dev Token
Vaksinasi Influenza (Flubio),1432,3747,2,20000.00,active,"2024-12-23 20:55:02","2024-12-23 20:55:02",Dev Token,Dev Token
Influenza Vaccination (Flubio),1432,3747,2,20000.00,active,"2024-12-23 20:55:02","2024-12-23 20:55:02",Dev Token,Dev Token
Vaksinasi Influenza (Flubio),1433,3747,3,30000.00,active,"2024-12-23 20:55:03","2024-12-23 20:55:03",Dev Token,Dev Token
Influenza Vaccination (Flubio),1433,3747,3,30000.00,active,"2024-12-23 20:55:03","2024-12-23 20:55:03",Dev Token,Dev Token
Vaksinasi Influenza (Flubio),1434,3747,4,40000.00,active,"2024-12-23 20:55:04","2024-12-23 20:55:04",Dev Token,Dev Token
Influenza Vaccination (Flubio),1434,3747,4,40000.00,active,"2024-12-23 20:55:04","2024-12-23 20:55:04",Dev Token,Dev Token
Vaksinasi Influenza (Flubio),1435,3748,2,20000.00,active,"2024-12-23 20:55:05","2024-12-23 20:55:05",Dev Token,Dev Token
Influenza Vaccination (Flubio),1435,3748,2,20000.00,active,"2024-12-23 20:55:05","2024-12-23 20:55:05",Dev Token,Dev Token
Vaksinasi Influenza (Flubio),1436,3748,3,30000.00,active,"2024-12-23 20:55:06","2024-12-23 20:55:06",Dev Token,Dev Token
Influenza Vaccination (Flubio),1436,3748,3,30000.00,active,"2024-12-23 20:55:06","2024-12-23 20:55:06",Dev Token,Dev Token
Vaksinasi Influenza (Flubio),1437,3748,4,40000.00,active,"2024-12-23 20:55:07","2024-12-23 20:55:07",Dev Token,Dev Token
Influenza Vaccination (Flubio),1437,3748,4,40000.00,active,"2024-12-23 20:55:07","2024-12-23 20:55:07",Dev Token,Dev Token
Vaksinasi Influenza (Flubio),1438,3749,2,20000.00,active,"2024-12-23 20:55:08","2024-12-23 20:55:08",Dev Token,Dev Token
Influenza Vaccination (Flubio),1438,3749,2,20000.00,active,"2024-12-23 20:55:08","2024-12-23 20:55:08",Dev Token,Dev Token
Vaksinasi Influenza (Flubio),1439,3749,3,30000.00,active,"2024-12-23 20:55:10","2024-12-23 20:55:10",Dev Token,Dev Token
Influenza Vaccination (Flubio),1439,3749,3,30000.00,active,"2024-12-23 20:55:10","2024-12-23 20:55:10",Dev Token,Dev Token
Vaksinasi Influenza (Flubio),1440,3749,4,40000.00,active,"2024-12-23 20:55:11","2024-12-23 20:55:11",Dev Token,Dev Token
Influenza Vaccination (Flubio),1440,3749,4,40000.00,active,"2024-12-23 20:55:11","2024-12-23 20:55:11",Dev Token,Dev Token
Vaksinasi Influenza (Flubio),1441,3750,2,20000.00,active,"2024-12-23 20:55:12","2024-12-23 20:55:12",Dev Token,Dev Token
Influenza Vaccination (Flubio),1441,3750,2,20000.00,active,"2024-12-23 20:55:12","2024-12-23 20:55:12",Dev Token,Dev Token
Vaksinasi Influenza (Flubio),1442,3750,3,30000.00,active,"2024-12-23 20:55:13","2024-12-23 20:55:13",Dev Token,Dev Token
Influenza Vaccination (Flubio),1442,3750,3,30000.00,active,"2024-12-23 20:55:13","2024-12-23 20:55:13",Dev Token,Dev Token
Vaksinasi Influenza (Flubio),1443,3750,4,40000.00,active,"2024-12-23 20:55:14","2024-12-23 20:55:14",Dev Token,Dev Token
Influenza Vaccination (Flubio),1443,3750,4,40000.00,active,"2024-12-23 20:55:14","2024-12-23 20:55:14",Dev Token,Dev Token
Vaksinasi Influenza (Flubio),1444,3751,2,20000.00,active,"2024-12-23 20:55:15","2024-12-23 20:55:15",Dev Token,Dev Token
Influenza Vaccination (Flubio),1444,3751,2,20000.00,active,"2024-12-23 20:55:15","2024-12-23 20:55:15",Dev Token,Dev Token
Vaksinasi Influenza (Flubio),1445,3751,3,30000.00,active,"2024-12-23 20:55:16","2024-12-23 20:55:16",Dev Token,Dev Token
Influenza Vaccination (Flubio),1445,3751,3,30000.00,active,"2024-12-23 20:55:16","2024-12-23 20:55:16",Dev Token,Dev Token
Vaksinasi Influenza (Flubio),1446,3751,4,40000.00,active,"2024-12-23 20:55:17","2024-12-23 20:55:17",Dev Token,Dev Token
Influenza Vaccination (Flubio),1446,3751,4,40000.00,active,"2024-12-23 20:55:17","2024-12-23 20:55:17",Dev Token,Dev Token
Paket Kehamilan Trimester 1,1447,3755,2,20000.00,active,"2024-12-26 16:24:50","2024-12-26 16:24:50",Dev Token,Dev Token
First Trimester Pregnancy Package,1447,3755,2,20000.00,active,"2024-12-26 16:24:50","2024-12-26 16:24:50",Dev Token,Dev Token
Paket Kehamilan Trimester 1,1448,3755,3,30000.00,active,"2024-12-26 16:24:51","2024-12-26 16:24:51",Dev Token,Dev Token
First Trimester Pregnancy Package,1448,3755,3,30000.00,active,"2024-12-26 16:24:51","2024-12-26 16:24:51",Dev Token,Dev Token
Paket Kehamilan Trimester 1,1449,3755,4,40000.00,active,"2024-12-26 16:24:52","2024-12-26 16:24:52",Dev Token,Dev Token
First Trimester Pregnancy Package,1449,3755,4,40000.00,active,"2024-12-26 16:24:52","2024-12-26 16:24:52",Dev Token,Dev Token
Paket Kehamilan Trimester 1,1450,3756,2,20000.00,active,"2024-12-26 16:24:53","2024-12-26 16:24:53",Dev Token,Dev Token
First Trimester Pregnancy Package,1450,3756,2,20000.00,active,"2024-12-26 16:24:53","2024-12-26 16:24:53",Dev Token,Dev Token
Paket Kehamilan Trimester 1,1451,3756,3,30000.00,active,"2024-12-26 16:24:54","2024-12-26 16:24:54",Dev Token,Dev Token
First Trimester Pregnancy Package,1451,3756,3,30000.00,active,"2024-12-26 16:24:54","2024-12-26 16:24:54",Dev Token,Dev Token
Paket Kehamilan Trimester 1,1452,3756,4,40000.00,active,"2024-12-26 16:24:55","2024-12-26 16:24:55",Dev Token,Dev Token
First Trimester Pregnancy Package,1452,3756,4,40000.00,active,"2024-12-26 16:24:55","2024-12-26 16:24:55",Dev Token,Dev Token
Paket Kehamilan Trimester 1,1453,3763,2,20000.00,active,"2024-12-26 16:24:57","2024-12-26 16:24:57",Dev Token,Dev Token
First Trimester Pregnancy Package,1453,3763,2,20000.00,active,"2024-12-26 16:24:57","2024-12-26 16:24:57",Dev Token,Dev Token
Paket Kehamilan Trimester 1,1454,3763,3,30000.00,active,"2024-12-26 16:24:58","2024-12-26 16:24:58",Dev Token,Dev Token
First Trimester Pregnancy Package,1454,3763,3,30000.00,active,"2024-12-26 16:24:58","2024-12-26 16:24:58",Dev Token,Dev Token
Paket Kehamilan Trimester 1,1455,3763,4,40000.00,active,"2024-12-26 16:24:59","2024-12-26 16:24:59",Dev Token,Dev Token
First Trimester Pregnancy Package,1455,3763,4,40000.00,active,"2024-12-26 16:24:59","2024-12-26 16:24:59",Dev Token,Dev Token
Paket Kehamilan Trimester 1,1456,3765,2,20000.00,active,"2024-12-26 16:25:01","2024-12-26 16:25:01",Dev Token,Dev Token
First Trimester Pregnancy Package,1456,3765,2,20000.00,active,"2024-12-26 16:25:01","2024-12-26 16:25:01",Dev Token,Dev Token
Paket Kehamilan Trimester 1,1457,3765,3,30000.00,active,"2024-12-26 16:25:02","2024-12-26 16:25:02",Dev Token,Dev Token
First Trimester Pregnancy Package,1457,3765,3,30000.00,active,"2024-12-26 16:25:02","2024-12-26 16:25:02",Dev Token,Dev Token
Paket Kehamilan Trimester 1,1458,3765,4,40000.00,active,"2024-12-26 16:25:03","2024-12-26 16:25:03",Dev Token,Dev Token
First Trimester Pregnancy Package,1458,3765,4,40000.00,active,"2024-12-26 16:25:03","2024-12-26 16:25:03",Dev Token,Dev Token
Paket Kehamilan Trimester 1,1459,3757,2,20000.00,active,"2024-12-26 16:25:04","2024-12-26 16:25:04",Dev Token,Dev Token
First Trimester Pregnancy Package,1459,3757,2,20000.00,active,"2024-12-26 16:25:04","2024-12-26 16:25:04",Dev Token,Dev Token
Paket Kehamilan Trimester 1,1460,3757,3,30000.00,active,"2024-12-26 16:25:05","2024-12-26 16:25:05",Dev Token,Dev Token
First Trimester Pregnancy Package,1460,3757,3,30000.00,active,"2024-12-26 16:25:05","2024-12-26 16:25:05",Dev Token,Dev Token
Paket Kehamilan Trimester 1,1461,3757,4,40000.00,active,"2024-12-26 16:25:06","2024-12-26 16:25:06",Dev Token,Dev Token
First Trimester Pregnancy Package,1461,3757,4,40000.00,active,"2024-12-26 16:25:06","2024-12-26 16:25:06",Dev Token,Dev Token
Paket Kehamilan Trimester 1,1462,3758,2,20000.00,active,"2024-12-26 16:25:07","2024-12-26 16:25:07",Dev Token,Dev Token
First Trimester Pregnancy Package,1462,3758,2,20000.00,active,"2024-12-26 16:25:07","2024-12-26 16:25:07",Dev Token,Dev Token
Paket Kehamilan Trimester 1,1463,3758,3,30000.00,active,"2024-12-26 16:25:09","2024-12-26 16:25:09",Dev Token,Dev Token
First Trimester Pregnancy Package,1463,3758,3,30000.00,active,"2024-12-26 16:25:09","2024-12-26 16:25:09",Dev Token,Dev Token
Paket Kehamilan Trimester 1,1464,3758,4,40000.00,active,"2024-12-26 16:25:10","2024-12-26 16:25:10",Dev Token,Dev Token
First Trimester Pregnancy Package,1464,3758,4,40000.00,active,"2024-12-26 16:25:10","2024-12-26 16:25:10",Dev Token,Dev Token
Paket Kehamilan Trimester 1,1465,3759,2,20000.00,active,"2024-12-26 16:25:11","2024-12-26 16:25:11",Dev Token,Dev Token
First Trimester Pregnancy Package,1465,3759,2,20000.00,active,"2024-12-26 16:25:11","2024-12-26 16:25:11",Dev Token,Dev Token
Paket Kehamilan Trimester 1,1466,3759,3,30000.00,active,"2024-12-26 16:25:12","2024-12-26 16:25:12",Dev Token,Dev Token
First Trimester Pregnancy Package,1466,3759,3,30000.00,active,"2024-12-26 16:25:12","2024-12-26 16:25:12",Dev Token,Dev Token
Paket Kehamilan Trimester 1,1467,3759,4,40000.00,active,"2024-12-26 16:25:13","2024-12-26 16:25:13",Dev Token,Dev Token
First Trimester Pregnancy Package,1467,3759,4,40000.00,active,"2024-12-26 16:25:13","2024-12-26 16:25:13",Dev Token,Dev Token
Paket Kehamilan Trimester 1,1468,3760,2,20000.00,active,"2024-12-26 16:25:14","2024-12-26 16:25:14",Dev Token,Dev Token
First Trimester Pregnancy Package,1468,3760,2,20000.00,active,"2024-12-26 16:25:14","2024-12-26 16:25:14",Dev Token,Dev Token
Paket Kehamilan Trimester 1,1469,3760,3,30000.00,active,"2024-12-26 16:25:15","2024-12-26 16:25:15",Dev Token,Dev Token
First Trimester Pregnancy Package,1469,3760,3,30000.00,active,"2024-12-26 16:25:15","2024-12-26 16:25:15",Dev Token,Dev Token
Paket Kehamilan Trimester 1,1470,3760,4,40000.00,active,"2024-12-26 16:25:17","2024-12-26 16:25:17",Dev Token,Dev Token
First Trimester Pregnancy Package,1470,3760,4,40000.00,active,"2024-12-26 16:25:17","2024-12-26 16:25:17",Dev Token,Dev Token
Paket Kehamilan Trimester 1,1471,3761,2,20000.00,active,"2024-12-26 16:25:18","2024-12-26 16:25:18",Dev Token,Dev Token
First Trimester Pregnancy Package,1471,3761,2,20000.00,active,"2024-12-26 16:25:18","2024-12-26 16:25:18",Dev Token,Dev Token
Paket Kehamilan Trimester 1,1472,3761,3,30000.00,active,"2024-12-26 16:25:19","2024-12-26 16:25:19",Dev Token,Dev Token
First Trimester Pregnancy Package,1472,3761,3,30000.00,active,"2024-12-26 16:25:19","2024-12-26 16:25:19",Dev Token,Dev Token
Paket Kehamilan Trimester 1,1473,3761,4,40000.00,active,"2024-12-26 16:25:20","2024-12-26 16:25:20",Dev Token,Dev Token
First Trimester Pregnancy Package,1473,3761,4,40000.00,active,"2024-12-26 16:25:20","2024-12-26 16:25:20",Dev Token,Dev Token
Paket Kehamilan Trimester 1,1474,3762,2,20000.00,active,"2024-12-26 16:25:21","2024-12-26 16:25:21",Dev Token,Dev Token
First Trimester Pregnancy Package,1474,3762,2,20000.00,active,"2024-12-26 16:25:21","2024-12-26 16:25:21",Dev Token,Dev Token
Paket Kehamilan Trimester 1,1475,3762,3,30000.00,active,"2024-12-26 16:25:22","2024-12-26 16:25:22",Dev Token,Dev Token
First Trimester Pregnancy Package,1475,3762,3,30000.00,active,"2024-12-26 16:25:22","2024-12-26 16:25:22",Dev Token,Dev Token
Paket Kehamilan Trimester 1,1476,3762,4,40000.00,active,"2024-12-26 16:25:23","2024-12-26 16:25:23",Dev Token,Dev Token
First Trimester Pregnancy Package,1476,3762,4,40000.00,active,"2024-12-26 16:25:23","2024-12-26 16:25:23",Dev Token,Dev Token
Paket Kehamilan Trimester 1,1477,3764,2,20000.00,active,"2024-12-26 16:25:25","2024-12-26 16:25:25",Dev Token,Dev Token
First Trimester Pregnancy Package,1477,3764,2,20000.00,active,"2024-12-26 16:25:25","2024-12-26 16:25:25",Dev Token,Dev Token
Paket Kehamilan Trimester 1,1478,3764,3,30000.00,active,"2024-12-26 16:25:26","2024-12-26 16:25:26",Dev Token,Dev Token
First Trimester Pregnancy Package,1478,3764,3,30000.00,active,"2024-12-26 16:25:26","2024-12-26 16:25:26",Dev Token,Dev Token
Paket Kehamilan Trimester 1,1479,3764,4,40000.00,active,"2024-12-26 16:25:27","2024-12-26 16:25:27",Dev Token,Dev Token
First Trimester Pregnancy Package,1479,3764,4,40000.00,active,"2024-12-26 16:25:27","2024-12-26 16:25:27",Dev Token,Dev Token
Pemantauan Pre-eklampsia,1480,3799,2,20000.00,active,"2024-12-26 16:25:28","2024-12-26 16:25:28",Dev Token,Dev Token
Pre-eclampsia Monitoring,1480,3799,2,20000.00,active,"2024-12-26 16:25:28","2024-12-26 16:25:28",Dev Token,Dev Token
Pemantauan Pre-eklampsia,1481,3799,3,30000.00,active,"2024-12-26 16:25:29","2024-12-26 16:25:29",Dev Token,Dev Token
Pre-eclampsia Monitoring,1481,3799,3,30000.00,active,"2024-12-26 16:25:29","2024-12-26 16:25:29",Dev Token,Dev Token
Pemantauan Pre-eklampsia,1482,3799,4,40000.00,active,"2024-12-26 16:25:30","2024-12-26 16:25:30",Dev Token,Dev Token
Pre-eclampsia Monitoring,1482,3799,4,40000.00,active,"2024-12-26 16:25:30","2024-12-26 16:25:30",Dev Token,Dev Token
Pemantauan Pre-eklampsia,1483,3800,2,20000.00,active,"2024-12-26 16:25:31","2024-12-26 16:25:32",Dev Token,Dev Token
Pre-eclampsia Monitoring,1483,3800,2,20000.00,active,"2024-12-26 16:25:31","2024-12-26 16:25:32",Dev Token,Dev Token
Pemantauan Pre-eklampsia,1484,3800,3,30000.00,active,"2024-12-26 16:25:33","2024-12-26 16:25:33",Dev Token,Dev Token
Pre-eclampsia Monitoring,1484,3800,3,30000.00,active,"2024-12-26 16:25:33","2024-12-26 16:25:33",Dev Token,Dev Token
Pemantauan Pre-eklampsia,1485,3800,4,40000.00,active,"2024-12-26 16:25:34","2024-12-26 16:25:34",Dev Token,Dev Token
Pre-eclampsia Monitoring,1485,3800,4,40000.00,active,"2024-12-26 16:25:34","2024-12-26 16:25:34",Dev Token,Dev Token
Pemantauan Pre-eklampsia,1486,3807,2,20000.00,active,"2024-12-26 16:25:35","2024-12-26 16:25:35",Dev Token,Dev Token
Pre-eclampsia Monitoring,1486,3807,2,20000.00,active,"2024-12-26 16:25:35","2024-12-26 16:25:35",Dev Token,Dev Token
Pemantauan Pre-eklampsia,1487,3807,3,30000.00,active,"2024-12-26 16:25:36","2024-12-26 16:25:36",Dev Token,Dev Token
Pre-eclampsia Monitoring,1487,3807,3,30000.00,active,"2024-12-26 16:25:36","2024-12-26 16:25:36",Dev Token,Dev Token
Pemantauan Pre-eklampsia,1488,3807,4,40000.00,active,"2024-12-26 16:25:38","2024-12-26 16:25:38",Dev Token,Dev Token
Pre-eclampsia Monitoring,1488,3807,4,40000.00,active,"2024-12-26 16:25:38","2024-12-26 16:25:38",Dev Token,Dev Token
Pemantauan Pre-eklampsia,1489,3809,2,20000.00,active,"2024-12-26 16:25:39","2024-12-26 16:25:39",Dev Token,Dev Token
Pre-eclampsia Monitoring,1489,3809,2,20000.00,active,"2024-12-26 16:25:39","2024-12-26 16:25:39",Dev Token,Dev Token
Pemantauan Pre-eklampsia,1490,3809,3,30000.00,active,"2024-12-26 16:25:40","2024-12-26 16:25:40",Dev Token,Dev Token
Pre-eclampsia Monitoring,1490,3809,3,30000.00,active,"2024-12-26 16:25:40","2024-12-26 16:25:40",Dev Token,Dev Token
Pemantauan Pre-eklampsia,1491,3809,4,40000.00,active,"2024-12-26 16:25:41","2024-12-26 16:25:41",Dev Token,Dev Token
Pre-eclampsia Monitoring,1491,3809,4,40000.00,active,"2024-12-26 16:25:41","2024-12-26 16:25:41",Dev Token,Dev Token
Pemantauan Pre-eklampsia,1492,3801,2,20000.00,active,"2024-12-26 16:25:42","2024-12-26 16:25:42",Dev Token,Dev Token
Pre-eclampsia Monitoring,1492,3801,2,20000.00,active,"2024-12-26 16:25:42","2024-12-26 16:25:42",Dev Token,Dev Token
Pemantauan Pre-eklampsia,1493,3801,3,30000.00,active,"2024-12-26 16:25:43","2024-12-26 16:25:43",Dev Token,Dev Token
Pre-eclampsia Monitoring,1493,3801,3,30000.00,active,"2024-12-26 16:25:43","2024-12-26 16:25:43",Dev Token,Dev Token
Pemantauan Pre-eklampsia,1494,3801,4,40000.00,active,"2024-12-26 16:25:44","2024-12-26 16:25:44",Dev Token,Dev Token
Pre-eclampsia Monitoring,1494,3801,4,40000.00,active,"2024-12-26 16:25:44","2024-12-26 16:25:44",Dev Token,Dev Token
Pemantauan Pre-eklampsia,1495,3802,2,20000.00,active,"2024-12-26 16:25:46","2024-12-26 16:25:46",Dev Token,Dev Token
Pre-eclampsia Monitoring,1495,3802,2,20000.00,active,"2024-12-26 16:25:46","2024-12-26 16:25:46",Dev Token,Dev Token
Pemantauan Pre-eklampsia,1496,3802,3,30000.00,active,"2024-12-26 16:25:47","2024-12-26 16:25:47",Dev Token,Dev Token
Pre-eclampsia Monitoring,1496,3802,3,30000.00,active,"2024-12-26 16:25:47","2024-12-26 16:25:47",Dev Token,Dev Token
Pemantauan Pre-eklampsia,1497,3802,4,40000.00,active,"2024-12-26 16:25:48","2024-12-26 16:25:48",Dev Token,Dev Token
Pre-eclampsia Monitoring,1497,3802,4,40000.00,active,"2024-12-26 16:25:48","2024-12-26 16:25:48",Dev Token,Dev Token
Pemantauan Pre-eklampsia,1498,3803,2,20000.00,active,"2024-12-26 16:25:49","2024-12-26 16:25:49",Dev Token,Dev Token
Pre-eclampsia Monitoring,1498,3803,2,20000.00,active,"2024-12-26 16:25:49","2024-12-26 16:25:49",Dev Token,Dev Token
Pemantauan Pre-eklampsia,1499,3803,3,30000.00,active,"2024-12-26 16:25:50","2024-12-26 16:25:50",Dev Token,Dev Token
Pre-eclampsia Monitoring,1499,3803,3,30000.00,active,"2024-12-26 16:25:50","2024-12-26 16:25:50",Dev Token,Dev Token
Pemantauan Pre-eklampsia,1500,3803,4,40000.00,active,"2024-12-26 16:25:51","2024-12-26 16:25:51",Dev Token,Dev Token
Pre-eclampsia Monitoring,1500,3803,4,40000.00,active,"2024-12-26 16:25:51","2024-12-26 16:25:51",Dev Token,Dev Token
Pemantauan Pre-eklampsia,1501,3804,2,20000.00,active,"2024-12-26 16:25:52","2024-12-26 16:25:52",Dev Token,Dev Token
Pre-eclampsia Monitoring,1501,3804,2,20000.00,active,"2024-12-26 16:25:52","2024-12-26 16:25:52",Dev Token,Dev Token
Pemantauan Pre-eklampsia,1502,3804,3,30000.00,active,"2024-12-26 16:25:54","2024-12-26 16:25:54",Dev Token,Dev Token
Pre-eclampsia Monitoring,1502,3804,3,30000.00,active,"2024-12-26 16:25:54","2024-12-26 16:25:54",Dev Token,Dev Token
Pemantauan Pre-eklampsia,1503,3804,4,40000.00,active,"2024-12-26 16:25:55","2024-12-26 16:25:55",Dev Token,Dev Token
Pre-eclampsia Monitoring,1503,3804,4,40000.00,active,"2024-12-26 16:25:55","2024-12-26 16:25:55",Dev Token,Dev Token
Pemantauan Pre-eklampsia,1504,3805,2,20000.00,active,"2024-12-26 16:25:56","2024-12-26 16:25:56",Dev Token,Dev Token
Pre-eclampsia Monitoring,1504,3805,2,20000.00,active,"2024-12-26 16:25:56","2024-12-26 16:25:56",Dev Token,Dev Token
Pemantauan Pre-eklampsia,1505,3805,3,30000.00,active,"2024-12-26 16:25:57","2024-12-26 16:25:57",Dev Token,Dev Token
Pre-eclampsia Monitoring,1505,3805,3,30000.00,active,"2024-12-26 16:25:57","2024-12-26 16:25:57",Dev Token,Dev Token
Pemantauan Pre-eklampsia,1506,3805,4,40000.00,active,"2024-12-26 16:25:58","2024-12-26 16:25:58",Dev Token,Dev Token
Pre-eclampsia Monitoring,1506,3805,4,40000.00,active,"2024-12-26 16:25:58","2024-12-26 16:25:58",Dev Token,Dev Token
Pemantauan Pre-eklampsia,1507,3806,2,20000.00,active,"2024-12-26 16:25:59","2024-12-26 16:25:59",Dev Token,Dev Token
Pre-eclampsia Monitoring,1507,3806,2,20000.00,active,"2024-12-26 16:25:59","2024-12-26 16:25:59",Dev Token,Dev Token
Pemantauan Pre-eklampsia,1508,3806,3,30000.00,active,"2024-12-26 16:26:01","2024-12-26 16:26:01",Dev Token,Dev Token
Pre-eclampsia Monitoring,1508,3806,3,30000.00,active,"2024-12-26 16:26:01","2024-12-26 16:26:01",Dev Token,Dev Token
Pemantauan Pre-eklampsia,1509,3806,4,40000.00,active,"2024-12-26 16:26:02","2024-12-26 16:26:02",Dev Token,Dev Token
Pre-eclampsia Monitoring,1509,3806,4,40000.00,active,"2024-12-26 16:26:02","2024-12-26 16:26:02",Dev Token,Dev Token
Pemantauan Pre-eklampsia,1510,3808,2,20000.00,active,"2024-12-26 16:26:03","2024-12-26 16:26:03",Dev Token,Dev Token
Pre-eclampsia Monitoring,1510,3808,2,20000.00,active,"2024-12-26 16:26:03","2024-12-26 16:26:03",Dev Token,Dev Token
Pemantauan Pre-eklampsia,1511,3808,3,30000.00,active,"2024-12-26 16:26:04","2024-12-26 16:26:04",Dev Token,Dev Token
Pre-eclampsia Monitoring,1511,3808,3,30000.00,active,"2024-12-26 16:26:04","2024-12-26 16:26:04",Dev Token,Dev Token
Pemantauan Pre-eklampsia,1512,3808,4,40000.00,active,"2024-12-26 16:26:05","2024-12-26 16:26:05",Dev Token,Dev Token
Pre-eclampsia Monitoring,1512,3808,4,40000.00,active,"2024-12-26 16:26:05","2024-12-26 16:26:05",Dev Token,Dev Token
Paket Kehamilan Trimester 2,1513,3766,2,20000.00,active,"2024-12-26 16:26:06","2024-12-26 16:26:06",Dev Token,Dev Token
Second Trimester Pregnancy Package,1513,3766,2,20000.00,active,"2024-12-26 16:26:06","2024-12-26 16:26:06",Dev Token,Dev Token
Paket Kehamilan Trimester 2,1514,3766,3,30000.00,active,"2024-12-26 16:26:07","2024-12-26 16:26:07",Dev Token,Dev Token
Second Trimester Pregnancy Package,1514,3766,3,30000.00,active,"2024-12-26 16:26:07","2024-12-26 16:26:07",Dev Token,Dev Token
Paket Kehamilan Trimester 2,1515,3766,4,40000.00,active,"2024-12-26 16:26:09","2024-12-26 16:26:09",Dev Token,Dev Token
Second Trimester Pregnancy Package,1515,3766,4,40000.00,active,"2024-12-26 16:26:09","2024-12-26 16:26:09",Dev Token,Dev Token
Paket Kehamilan Trimester 2,1516,3767,2,20000.00,active,"2024-12-26 16:26:10","2024-12-26 16:26:10",Dev Token,Dev Token
Second Trimester Pregnancy Package,1516,3767,2,20000.00,active,"2024-12-26 16:26:10","2024-12-26 16:26:10",Dev Token,Dev Token
Paket Kehamilan Trimester 2,1517,3767,3,30000.00,active,"2024-12-26 16:26:11","2024-12-26 16:26:11",Dev Token,Dev Token
Second Trimester Pregnancy Package,1517,3767,3,30000.00,active,"2024-12-26 16:26:11","2024-12-26 16:26:11",Dev Token,Dev Token
Paket Kehamilan Trimester 2,1518,3767,4,40000.00,active,"2024-12-26 16:26:12","2024-12-26 16:26:12",Dev Token,Dev Token
Second Trimester Pregnancy Package,1518,3767,4,40000.00,active,"2024-12-26 16:26:12","2024-12-26 16:26:12",Dev Token,Dev Token
Paket Kehamilan Trimester 2,1519,3774,2,20000.00,active,"2024-12-26 16:26:13","2024-12-26 16:26:13",Dev Token,Dev Token
Second Trimester Pregnancy Package,1519,3774,2,20000.00,active,"2024-12-26 16:26:13","2024-12-26 16:26:13",Dev Token,Dev Token
Paket Kehamilan Trimester 2,1520,3774,3,30000.00,active,"2024-12-26 16:26:14","2024-12-26 16:26:14",Dev Token,Dev Token
Second Trimester Pregnancy Package,1520,3774,3,30000.00,active,"2024-12-26 16:26:14","2024-12-26 16:26:14",Dev Token,Dev Token
Paket Kehamilan Trimester 2,1521,3774,4,40000.00,active,"2024-12-26 16:26:15","2024-12-26 16:26:15",Dev Token,Dev Token
Second Trimester Pregnancy Package,1521,3774,4,40000.00,active,"2024-12-26 16:26:15","2024-12-26 16:26:15",Dev Token,Dev Token
Paket Kehamilan Trimester 2,1522,3776,2,20000.00,active,"2024-12-26 16:26:17","2024-12-26 16:26:17",Dev Token,Dev Token
Second Trimester Pregnancy Package,1522,3776,2,20000.00,active,"2024-12-26 16:26:17","2024-12-26 16:26:17",Dev Token,Dev Token
Paket Kehamilan Trimester 2,1523,3776,3,30000.00,active,"2024-12-26 16:26:18","2024-12-26 16:26:18",Dev Token,Dev Token
Second Trimester Pregnancy Package,1523,3776,3,30000.00,active,"2024-12-26 16:26:18","2024-12-26 16:26:18",Dev Token,Dev Token
Paket Kehamilan Trimester 2,1524,3776,4,40000.00,active,"2024-12-26 16:26:19","2024-12-26 16:26:19",Dev Token,Dev Token
Second Trimester Pregnancy Package,1524,3776,4,40000.00,active,"2024-12-26 16:26:19","2024-12-26 16:26:19",Dev Token,Dev Token
Paket Kehamilan Trimester 2,1525,3768,2,20000.00,active,"2024-12-26 16:26:20","2024-12-26 16:26:20",Dev Token,Dev Token
Second Trimester Pregnancy Package,1525,3768,2,20000.00,active,"2024-12-26 16:26:20","2024-12-26 16:26:20",Dev Token,Dev Token
Paket Kehamilan Trimester 2,1526,3768,3,30000.00,active,"2024-12-26 16:26:21","2024-12-26 16:26:21",Dev Token,Dev Token
Second Trimester Pregnancy Package,1526,3768,3,30000.00,active,"2024-12-26 16:26:21","2024-12-26 16:26:21",Dev Token,Dev Token
Paket Kehamilan Trimester 2,1527,3768,4,40000.00,active,"2024-12-26 16:26:22","2024-12-26 16:26:22",Dev Token,Dev Token
Second Trimester Pregnancy Package,1527,3768,4,40000.00,active,"2024-12-26 16:26:22","2024-12-26 16:26:22",Dev Token,Dev Token
Paket Kehamilan Trimester 2,1528,3769,2,20000.00,active,"2024-12-26 16:26:23","2024-12-26 16:26:24",Dev Token,Dev Token
Second Trimester Pregnancy Package,1528,3769,2,20000.00,active,"2024-12-26 16:26:23","2024-12-26 16:26:24",Dev Token,Dev Token
Paket Kehamilan Trimester 2,1529,3769,3,30000.00,active,"2024-12-26 16:26:25","2024-12-26 16:26:25",Dev Token,Dev Token
Second Trimester Pregnancy Package,1529,3769,3,30000.00,active,"2024-12-26 16:26:25","2024-12-26 16:26:25",Dev Token,Dev Token
Paket Kehamilan Trimester 2,1530,3769,4,40000.00,active,"2024-12-26 16:26:26","2024-12-26 16:26:26",Dev Token,Dev Token
Second Trimester Pregnancy Package,1530,3769,4,40000.00,active,"2024-12-26 16:26:26","2024-12-26 16:26:26",Dev Token,Dev Token
Paket Kehamilan Trimester 2,1531,3770,2,20000.00,active,"2024-12-26 16:26:27","2024-12-26 16:26:27",Dev Token,Dev Token
Second Trimester Pregnancy Package,1531,3770,2,20000.00,active,"2024-12-26 16:26:27","2024-12-26 16:26:27",Dev Token,Dev Token
Paket Kehamilan Trimester 2,1532,3770,3,30000.00,active,"2024-12-26 16:26:28","2024-12-26 16:26:28",Dev Token,Dev Token
Second Trimester Pregnancy Package,1532,3770,3,30000.00,active,"2024-12-26 16:26:28","2024-12-26 16:26:28",Dev Token,Dev Token
Paket Kehamilan Trimester 2,1533,3770,4,40000.00,active,"2024-12-26 16:26:29","2024-12-26 16:26:29",Dev Token,Dev Token
Second Trimester Pregnancy Package,1533,3770,4,40000.00,active,"2024-12-26 16:26:29","2024-12-26 16:26:29",Dev Token,Dev Token
Paket Kehamilan Trimester 2,1534,3771,2,20000.00,active,"2024-12-26 16:26:30","2024-12-26 16:26:30",Dev Token,Dev Token
Second Trimester Pregnancy Package,1534,3771,2,20000.00,active,"2024-12-26 16:26:30","2024-12-26 16:26:30",Dev Token,Dev Token
Paket Kehamilan Trimester 2,1535,3771,3,30000.00,active,"2024-12-26 16:26:32","2024-12-26 16:26:32",Dev Token,Dev Token
Second Trimester Pregnancy Package,1535,3771,3,30000.00,active,"2024-12-26 16:26:32","2024-12-26 16:26:32",Dev Token,Dev Token
Paket Kehamilan Trimester 2,1536,3771,4,40000.00,active,"2024-12-26 16:26:33","2024-12-26 16:26:33",Dev Token,Dev Token
Second Trimester Pregnancy Package,1536,3771,4,40000.00,active,"2024-12-26 16:26:33","2024-12-26 16:26:33",Dev Token,Dev Token
Paket Kehamilan Trimester 2,1537,3772,2,20000.00,active,"2024-12-26 16:26:34","2024-12-26 16:26:34",Dev Token,Dev Token
Second Trimester Pregnancy Package,1537,3772,2,20000.00,active,"2024-12-26 16:26:34","2024-12-26 16:26:34",Dev Token,Dev Token
Paket Kehamilan Trimester 2,1538,3772,3,30000.00,active,"2024-12-26 16:26:35","2024-12-26 16:26:35",Dev Token,Dev Token
Second Trimester Pregnancy Package,1538,3772,3,30000.00,active,"2024-12-26 16:26:35","2024-12-26 16:26:35",Dev Token,Dev Token
Paket Kehamilan Trimester 2,1539,3772,4,40000.00,active,"2024-12-26 16:26:36","2024-12-26 16:26:36",Dev Token,Dev Token
Second Trimester Pregnancy Package,1539,3772,4,40000.00,active,"2024-12-26 16:26:36","2024-12-26 16:26:36",Dev Token,Dev Token
Paket Kehamilan Trimester 2,1540,3773,2,20000.00,active,"2024-12-26 16:26:38","2024-12-26 16:26:38",Dev Token,Dev Token
Second Trimester Pregnancy Package,1540,3773,2,20000.00,active,"2024-12-26 16:26:38","2024-12-26 16:26:38",Dev Token,Dev Token
Paket Kehamilan Trimester 2,1541,3773,3,30000.00,active,"2024-12-26 16:26:39","2024-12-26 16:26:39",Dev Token,Dev Token
Second Trimester Pregnancy Package,1541,3773,3,30000.00,active,"2024-12-26 16:26:39","2024-12-26 16:26:39",Dev Token,Dev Token
Paket Kehamilan Trimester 2,1542,3773,4,40000.00,active,"2024-12-26 16:26:40","2024-12-26 16:26:40",Dev Token,Dev Token
Second Trimester Pregnancy Package,1542,3773,4,40000.00,active,"2024-12-26 16:26:40","2024-12-26 16:26:40",Dev Token,Dev Token
Paket Kehamilan Trimester 2,1543,3775,2,20000.00,active,"2024-12-26 16:26:41","2024-12-26 16:26:41",Dev Token,Dev Token
Second Trimester Pregnancy Package,1543,3775,2,20000.00,active,"2024-12-26 16:26:41","2024-12-26 16:26:41",Dev Token,Dev Token
Paket Kehamilan Trimester 2,1544,3775,3,30000.00,active,"2024-12-26 16:26:43","2024-12-26 16:26:43",Dev Token,Dev Token
Second Trimester Pregnancy Package,1544,3775,3,30000.00,active,"2024-12-26 16:26:43","2024-12-26 16:26:43",Dev Token,Dev Token
Paket Kehamilan Trimester 2,1545,3775,4,40000.00,active,"2024-12-26 16:26:44","2024-12-26 16:26:44",Dev Token,Dev Token
Second Trimester Pregnancy Package,1545,3775,4,40000.00,active,"2024-12-26 16:26:44","2024-12-26 16:26:44",Dev Token,Dev Token
Paket Kehamilan Trimester 3,1546,3777,2,20000.00,active,"2024-12-26 16:26:45","2024-12-26 16:26:45",Dev Token,Dev Token
Third Trimester Pregnancy Package,1546,3777,2,20000.00,active,"2024-12-26 16:26:45","2024-12-26 16:26:45",Dev Token,Dev Token
Paket Kehamilan Trimester 3,1547,3777,3,30000.00,active,"2024-12-26 16:26:46","2024-12-26 16:26:46",Dev Token,Dev Token
Third Trimester Pregnancy Package,1547,3777,3,30000.00,active,"2024-12-26 16:26:46","2024-12-26 16:26:46",Dev Token,Dev Token
Paket Kehamilan Trimester 3,1548,3777,4,40000.00,active,"2024-12-26 16:26:47","2024-12-26 16:26:47",Dev Token,Dev Token
Third Trimester Pregnancy Package,1548,3777,4,40000.00,active,"2024-12-26 16:26:47","2024-12-26 16:26:47",Dev Token,Dev Token
Paket Kehamilan Trimester 3,1549,3778,2,20000.00,active,"2024-12-26 16:26:48","2024-12-26 16:26:48",Dev Token,Dev Token
Third Trimester Pregnancy Package,1549,3778,2,20000.00,active,"2024-12-26 16:26:48","2024-12-26 16:26:48",Dev Token,Dev Token
Paket Kehamilan Trimester 3,1550,3778,3,30000.00,active,"2024-12-26 16:26:50","2024-12-26 16:26:50",Dev Token,Dev Token
Third Trimester Pregnancy Package,1550,3778,3,30000.00,active,"2024-12-26 16:26:50","2024-12-26 16:26:50",Dev Token,Dev Token
Paket Kehamilan Trimester 3,1551,3778,4,40000.00,active,"2024-12-26 16:26:51","2024-12-26 16:26:51",Dev Token,Dev Token
Third Trimester Pregnancy Package,1551,3778,4,40000.00,active,"2024-12-26 16:26:51","2024-12-26 16:26:51",Dev Token,Dev Token
Paket Kehamilan Trimester 3,1552,3785,2,20000.00,active,"2024-12-26 16:26:52","2024-12-26 16:26:52",Dev Token,Dev Token
Third Trimester Pregnancy Package,1552,3785,2,20000.00,active,"2024-12-26 16:26:52","2024-12-26 16:26:52",Dev Token,Dev Token
Paket Kehamilan Trimester 3,1553,3785,3,30000.00,active,"2024-12-26 16:26:53","2024-12-26 16:26:53",Dev Token,Dev Token
Third Trimester Pregnancy Package,1553,3785,3,30000.00,active,"2024-12-26 16:26:53","2024-12-26 16:26:53",Dev Token,Dev Token
Paket Kehamilan Trimester 3,1554,3785,4,40000.00,active,"2024-12-26 16:26:54","2024-12-26 16:26:54",Dev Token,Dev Token
Third Trimester Pregnancy Package,1554,3785,4,40000.00,active,"2024-12-26 16:26:54","2024-12-26 16:26:54",Dev Token,Dev Token
Paket Kehamilan Trimester 3,1555,3787,2,20000.00,active,"2024-12-26 16:26:55","2024-12-26 16:26:55",Dev Token,Dev Token
Third Trimester Pregnancy Package,1555,3787,2,20000.00,active,"2024-12-26 16:26:55","2024-12-26 16:26:55",Dev Token,Dev Token
Paket Kehamilan Trimester 3,1556,3787,3,30000.00,active,"2024-12-26 16:26:56","2024-12-26 16:26:56",Dev Token,Dev Token
Third Trimester Pregnancy Package,1556,3787,3,30000.00,active,"2024-12-26 16:26:56","2024-12-26 16:26:56",Dev Token,Dev Token
Paket Kehamilan Trimester 3,1557,3787,4,40000.00,active,"2024-12-26 16:26:58","2024-12-26 16:26:58",Dev Token,Dev Token
Third Trimester Pregnancy Package,1557,3787,4,40000.00,active,"2024-12-26 16:26:58","2024-12-26 16:26:58",Dev Token,Dev Token
Paket Kehamilan Trimester 3,1558,3779,2,20000.00,active,"2024-12-26 16:26:59","2024-12-26 16:26:59",Dev Token,Dev Token
Third Trimester Pregnancy Package,1558,3779,2,20000.00,active,"2024-12-26 16:26:59","2024-12-26 16:26:59",Dev Token,Dev Token
Paket Kehamilan Trimester 3,1559,3779,3,30000.00,active,"2024-12-26 16:27:00","2024-12-26 16:27:00",Dev Token,Dev Token
Third Trimester Pregnancy Package,1559,3779,3,30000.00,active,"2024-12-26 16:27:00","2024-12-26 16:27:00",Dev Token,Dev Token
Paket Kehamilan Trimester 3,1560,3779,4,40000.00,active,"2024-12-26 16:27:01","2024-12-26 16:27:01",Dev Token,Dev Token
Third Trimester Pregnancy Package,1560,3779,4,40000.00,active,"2024-12-26 16:27:01","2024-12-26 16:27:01",Dev Token,Dev Token
Paket Kehamilan Trimester 3,1561,3780,2,20000.00,active,"2024-12-26 16:27:02","2024-12-26 16:27:02",Dev Token,Dev Token
Third Trimester Pregnancy Package,1561,3780,2,20000.00,active,"2024-12-26 16:27:02","2024-12-26 16:27:02",Dev Token,Dev Token
Paket Kehamilan Trimester 3,1562,3780,3,30000.00,active,"2024-12-26 16:27:03","2024-12-26 16:27:03",Dev Token,Dev Token
Third Trimester Pregnancy Package,1562,3780,3,30000.00,active,"2024-12-26 16:27:03","2024-12-26 16:27:03",Dev Token,Dev Token
Paket Kehamilan Trimester 3,1563,3780,4,40000.00,active,"2024-12-26 16:27:04","2024-12-26 16:27:04",Dev Token,Dev Token
Third Trimester Pregnancy Package,1563,3780,4,40000.00,active,"2024-12-26 16:27:04","2024-12-26 16:27:04",Dev Token,Dev Token
Paket Kehamilan Trimester 3,1564,3781,2,20000.00,active,"2024-12-26 16:27:06","2024-12-26 16:27:06",Dev Token,Dev Token
Third Trimester Pregnancy Package,1564,3781,2,20000.00,active,"2024-12-26 16:27:06","2024-12-26 16:27:06",Dev Token,Dev Token
Paket Kehamilan Trimester 3,1565,3781,3,30000.00,active,"2024-12-26 16:27:07","2024-12-26 16:27:07",Dev Token,Dev Token
Third Trimester Pregnancy Package,1565,3781,3,30000.00,active,"2024-12-26 16:27:07","2024-12-26 16:27:07",Dev Token,Dev Token
Paket Kehamilan Trimester 3,1566,3781,4,40000.00,active,"2024-12-26 16:27:08","2024-12-26 16:27:08",Dev Token,Dev Token
Third Trimester Pregnancy Package,1566,3781,4,40000.00,active,"2024-12-26 16:27:08","2024-12-26 16:27:08",Dev Token,Dev Token
Paket Kehamilan Trimester 3,1567,3782,2,20000.00,active,"2024-12-26 16:27:09","2024-12-26 16:27:09",Dev Token,Dev Token
Third Trimester Pregnancy Package,1567,3782,2,20000.00,active,"2024-12-26 16:27:09","2024-12-26 16:27:09",Dev Token,Dev Token
Paket Kehamilan Trimester 3,1568,3782,3,30000.00,active,"2024-12-26 16:27:10","2024-12-26 16:27:10",Dev Token,Dev Token
Third Trimester Pregnancy Package,1568,3782,3,30000.00,active,"2024-12-26 16:27:10","2024-12-26 16:27:10",Dev Token,Dev Token
Paket Kehamilan Trimester 3,1569,3782,4,40000.00,active,"2024-12-26 16:27:11","2024-12-26 16:27:11",Dev Token,Dev Token
Third Trimester Pregnancy Package,1569,3782,4,40000.00,active,"2024-12-26 16:27:11","2024-12-26 16:27:11",Dev Token,Dev Token
Paket Kehamilan Trimester 3,1570,3783,2,20000.00,active,"2024-12-26 16:27:12","2024-12-26 16:27:12",Dev Token,Dev Token
Third Trimester Pregnancy Package,1570,3783,2,20000.00,active,"2024-12-26 16:27:12","2024-12-26 16:27:12",Dev Token,Dev Token
Paket Kehamilan Trimester 3,1571,3783,3,30000.00,active,"2024-12-26 16:27:14","2024-12-26 16:27:14",Dev Token,Dev Token
Third Trimester Pregnancy Package,1571,3783,3,30000.00,active,"2024-12-26 16:27:14","2024-12-26 16:27:14",Dev Token,Dev Token
Paket Kehamilan Trimester 3,1572,3783,4,40000.00,active,"2024-12-26 16:27:15","2024-12-26 16:27:15",Dev Token,Dev Token
Third Trimester Pregnancy Package,1572,3783,4,40000.00,active,"2024-12-26 16:27:15","2024-12-26 16:27:15",Dev Token,Dev Token
Paket Kehamilan Trimester 3,1573,3784,2,20000.00,active,"2024-12-26 16:27:16","2024-12-26 16:27:16",Dev Token,Dev Token
Third Trimester Pregnancy Package,1573,3784,2,20000.00,active,"2024-12-26 16:27:16","2024-12-26 16:27:16",Dev Token,Dev Token
Paket Kehamilan Trimester 3,1574,3784,3,30000.00,active,"2024-12-26 16:27:17","2024-12-26 16:27:17",Dev Token,Dev Token
Third Trimester Pregnancy Package,1574,3784,3,30000.00,active,"2024-12-26 16:27:17","2024-12-26 16:27:17",Dev Token,Dev Token
Paket Kehamilan Trimester 3,1575,3784,4,40000.00,active,"2024-12-26 16:27:18","2024-12-26 16:27:18",Dev Token,Dev Token
Third Trimester Pregnancy Package,1575,3784,4,40000.00,active,"2024-12-26 16:27:18","2024-12-26 16:27:18",Dev Token,Dev Token
Paket Kehamilan Trimester 3,1576,3786,2,20000.00,active,"2024-12-26 16:27:19","2024-12-26 16:27:19",Dev Token,Dev Token
Third Trimester Pregnancy Package,1576,3786,2,20000.00,active,"2024-12-26 16:27:19","2024-12-26 16:27:19",Dev Token,Dev Token
Paket Kehamilan Trimester 3,1577,3786,3,30000.00,active,"2024-12-26 16:27:20","2024-12-26 16:27:21",Dev Token,Dev Token
Third Trimester Pregnancy Package,1577,3786,3,30000.00,active,"2024-12-26 16:27:20","2024-12-26 16:27:21",Dev Token,Dev Token
Paket Kehamilan Trimester 3,1578,3786,4,40000.00,active,"2024-12-26 16:27:22","2024-12-26 16:27:22",Dev Token,Dev Token
Third Trimester Pregnancy Package,1578,3786,4,40000.00,active,"2024-12-26 16:27:22","2024-12-26 16:27:22",Dev Token,Dev Token
Panel TORCH,1579,3798,2,20000.00,active,"2024-12-26 16:27:23","2024-12-26 16:27:23",Dev Token,Dev Token
TORCH Panel,1579,3798,2,20000.00,active,"2024-12-26 16:27:23","2024-12-26 16:27:23",Dev Token,Dev Token
Panel TORCH,1580,3798,3,30000.00,active,"2024-12-26 16:27:24","2024-12-26 16:27:24",Dev Token,Dev Token
TORCH Panel,1580,3798,3,30000.00,active,"2024-12-26 16:27:24","2024-12-26 16:27:24",Dev Token,Dev Token
Panel TORCH,1581,3798,4,40000.00,active,"2024-12-26 16:27:25","2024-12-26 16:27:25",Dev Token,Dev Token
TORCH Panel,1581,3798,4,40000.00,active,"2024-12-26 16:27:25","2024-12-26 16:27:25",Dev Token,Dev Token
Panel TORCH,1582,3797,2,20000.00,active,"2024-12-26 16:27:26","2024-12-26 16:27:26",Dev Token,Dev Token
TORCH Panel,1582,3797,2,20000.00,active,"2024-12-26 16:27:26","2024-12-26 16:27:26",Dev Token,Dev Token
Panel TORCH,1583,3797,3,30000.00,active,"2024-12-26 16:27:27","2024-12-26 16:27:27",Dev Token,Dev Token
TORCH Panel,1583,3797,3,30000.00,active,"2024-12-26 16:27:27","2024-12-26 16:27:27",Dev Token,Dev Token
Panel TORCH,1584,3797,4,40000.00,active,"2024-12-26 16:27:28","2024-12-26 16:27:29",Dev Token,Dev Token
TORCH Panel,1584,3797,4,40000.00,active,"2024-12-26 16:27:28","2024-12-26 16:27:29",Dev Token,Dev Token
Panel TORCH,1585,3790,2,20000.00,active,"2024-12-26 16:27:30","2024-12-26 16:27:30",Dev Token,Dev Token
TORCH Panel,1585,3790,2,20000.00,active,"2024-12-26 16:27:30","2024-12-26 16:27:30",Dev Token,Dev Token
Panel TORCH,1586,3790,3,30000.00,active,"2024-12-26 16:27:31","2024-12-26 16:27:31",Dev Token,Dev Token
TORCH Panel,1586,3790,3,30000.00,active,"2024-12-26 16:27:31","2024-12-26 16:27:31",Dev Token,Dev Token
Panel TORCH,1587,3790,4,40000.00,active,"2024-12-26 16:27:32","2024-12-26 16:27:32",Dev Token,Dev Token
TORCH Panel,1587,3790,4,40000.00,active,"2024-12-26 16:27:32","2024-12-26 16:27:32",Dev Token,Dev Token
Panel TORCH,1588,3788,2,20000.00,active,"2024-12-26 16:27:33","2024-12-26 16:27:33",Dev Token,Dev Token
TORCH Panel,1588,3788,2,20000.00,active,"2024-12-26 16:27:33","2024-12-26 16:27:33",Dev Token,Dev Token
Panel TORCH,1589,3788,3,30000.00,active,"2024-12-26 16:27:34","2024-12-26 16:27:34",Dev Token,Dev Token
TORCH Panel,1589,3788,3,30000.00,active,"2024-12-26 16:27:34","2024-12-26 16:27:34",Dev Token,Dev Token
Panel TORCH,1590,3788,4,40000.00,active,"2024-12-26 16:27:36","2024-12-26 16:27:36",Dev Token,Dev Token
TORCH Panel,1590,3788,4,40000.00,active,"2024-12-26 16:27:36","2024-12-26 16:27:36",Dev Token,Dev Token
Panel TORCH,1591,3796,2,20000.00,active,"2024-12-26 16:27:37","2024-12-26 16:27:37",Dev Token,Dev Token
TORCH Panel,1591,3796,2,20000.00,active,"2024-12-26 16:27:37","2024-12-26 16:27:37",Dev Token,Dev Token
Panel TORCH,1592,3796,3,30000.00,active,"2024-12-26 16:27:38","2024-12-26 16:27:38",Dev Token,Dev Token
TORCH Panel,1592,3796,3,30000.00,active,"2024-12-26 16:27:38","2024-12-26 16:27:38",Dev Token,Dev Token
Panel TORCH,1593,3796,4,40000.00,active,"2024-12-26 16:27:39","2024-12-26 16:27:39",Dev Token,Dev Token
TORCH Panel,1593,3796,4,40000.00,active,"2024-12-26 16:27:39","2024-12-26 16:27:39",Dev Token,Dev Token
Panel TORCH,1594,3795,2,20000.00,active,"2024-12-26 16:27:40","2024-12-26 16:27:40",Dev Token,Dev Token
TORCH Panel,1594,3795,2,20000.00,active,"2024-12-26 16:27:40","2024-12-26 16:27:40",Dev Token,Dev Token
Panel TORCH,1595,3795,3,30000.00,active,"2024-12-26 16:27:41","2024-12-26 16:27:41",Dev Token,Dev Token
TORCH Panel,1595,3795,3,30000.00,active,"2024-12-26 16:27:41","2024-12-26 16:27:41",Dev Token,Dev Token
Panel TORCH,1596,3795,4,40000.00,active,"2024-12-26 16:27:42","2024-12-26 16:27:42",Dev Token,Dev Token
TORCH Panel,1596,3795,4,40000.00,active,"2024-12-26 16:27:42","2024-12-26 16:27:42",Dev Token,Dev Token
Panel TORCH,1597,3794,2,20000.00,active,"2024-12-26 16:27:44","2024-12-26 16:27:44",Dev Token,Dev Token
TORCH Panel,1597,3794,2,20000.00,active,"2024-12-26 16:27:44","2024-12-26 16:27:44",Dev Token,Dev Token
Panel TORCH,1598,3794,3,30000.00,active,"2024-12-26 16:27:45","2024-12-26 16:27:45",Dev Token,Dev Token
TORCH Panel,1598,3794,3,30000.00,active,"2024-12-26 16:27:45","2024-12-26 16:27:45",Dev Token,Dev Token
Panel TORCH,1599,3794,4,40000.00,active,"2024-12-26 16:27:46","2024-12-26 16:27:46",Dev Token,Dev Token
TORCH Panel,1599,3794,4,40000.00,active,"2024-12-26 16:27:46","2024-12-26 16:27:46",Dev Token,Dev Token
Panel TORCH,1600,3793,2,20000.00,active,"2024-12-26 16:27:47","2024-12-26 16:27:47",Dev Token,Dev Token
TORCH Panel,1600,3793,2,20000.00,active,"2024-12-26 16:27:47","2024-12-26 16:27:47",Dev Token,Dev Token
Panel TORCH,1601,3793,3,30000.00,active,"2024-12-26 16:27:48","2024-12-26 16:27:48",Dev Token,Dev Token
TORCH Panel,1601,3793,3,30000.00,active,"2024-12-26 16:27:48","2024-12-26 16:27:48",Dev Token,Dev Token
Panel TORCH,1602,3793,4,40000.00,active,"2024-12-26 16:27:49","2024-12-26 16:27:49",Dev Token,Dev Token
TORCH Panel,1602,3793,4,40000.00,active,"2024-12-26 16:27:49","2024-12-26 16:27:49",Dev Token,Dev Token
Panel TORCH,1603,3792,2,20000.00,active,"2024-12-26 16:27:50","2024-12-26 16:27:50",Dev Token,Dev Token
TORCH Panel,1603,3792,2,20000.00,active,"2024-12-26 16:27:50","2024-12-26 16:27:50",Dev Token,Dev Token
Panel TORCH,1604,3792,3,30000.00,active,"2024-12-26 16:27:52","2024-12-26 16:27:52",Dev Token,Dev Token
TORCH Panel,1604,3792,3,30000.00,active,"2024-12-26 16:27:52","2024-12-26 16:27:52",Dev Token,Dev Token
Panel TORCH,1605,3792,4,40000.00,active,"2024-12-26 16:27:53","2024-12-26 16:27:53",Dev Token,Dev Token
TORCH Panel,1605,3792,4,40000.00,active,"2024-12-26 16:27:53","2024-12-26 16:27:53",Dev Token,Dev Token
Panel TORCH,1606,3791,2,20000.00,active,"2024-12-26 16:27:54","2024-12-26 16:27:54",Dev Token,Dev Token
TORCH Panel,1606,3791,2,20000.00,active,"2024-12-26 16:27:54","2024-12-26 16:27:54",Dev Token,Dev Token
Panel TORCH,1607,3791,3,30000.00,active,"2024-12-26 16:27:55","2024-12-26 16:27:55",Dev Token,Dev Token
TORCH Panel,1607,3791,3,30000.00,active,"2024-12-26 16:27:55","2024-12-26 16:27:55",Dev Token,Dev Token
Panel TORCH,1608,3791,4,40000.00,active,"2024-12-26 16:27:56","2024-12-26 16:27:56",Dev Token,Dev Token
TORCH Panel,1608,3791,4,40000.00,active,"2024-12-26 16:27:56","2024-12-26 16:27:56",Dev Token,Dev Token
Panel TORCH,1609,3789,2,20000.00,active,"2024-12-26 16:27:57","2024-12-26 16:27:57",Dev Token,Dev Token
TORCH Panel,1609,3789,2,20000.00,active,"2024-12-26 16:27:57","2024-12-26 16:27:57",Dev Token,Dev Token
Panel TORCH,1610,3789,3,30000.00,active,"2024-12-26 16:27:59","2024-12-26 16:27:59",Dev Token,Dev Token
TORCH Panel,1610,3789,3,30000.00,active,"2024-12-26 16:27:59","2024-12-26 16:27:59",Dev Token,Dev Token
Panel TORCH,1611,3789,4,40000.00,active,"2024-12-26 16:28:00","2024-12-26 16:28:00",Dev Token,Dev Token
TORCH Panel,1611,3789,4,40000.00,active,"2024-12-26 16:28:00","2024-12-26 16:28:00",Dev Token,Dev Token
Infus Travel & Jet Lag,1612,3846,2,20000.00,active,"2025-01-30 18:45:14","2025-01-30 18:45:14",Dev Token,Dev Token
Travel & Jet Lag Drip,1612,3846,2,20000.00,active,"2025-01-30 18:45:14","2025-01-30 18:45:14",Dev Token,Dev Token
Infus Travel & Jet Lag,1613,3846,3,30000.00,active,"2025-01-30 18:45:14","2025-01-30 18:45:14",Dev Token,Dev Token
Travel & Jet Lag Drip,1613,3846,3,30000.00,active,"2025-01-30 18:45:14","2025-01-30 18:45:14",Dev Token,Dev Token
Infus Travel & Jet Lag,1614,3846,4,40000.00,active,"2025-01-30 18:45:14","2025-01-30 18:45:14",Dev Token,Dev Token
Travel & Jet Lag Drip,1614,3846,4,40000.00,active,"2025-01-30 18:45:14","2025-01-30 18:45:14",Dev Token,Dev Token
Infus Travel & Jet Lag,1615,3838,2,20000.00,active,"2025-01-30 18:45:14","2025-01-30 18:45:15",Dev Token,Dev Token
Travel & Jet Lag Drip,1615,3838,2,20000.00,active,"2025-01-30 18:45:14","2025-01-30 18:45:15",Dev Token,Dev Token
Infus Travel & Jet Lag,1616,3838,3,30000.00,active,"2025-01-30 18:45:15","2025-01-30 18:45:15",Dev Token,Dev Token
Travel & Jet Lag Drip,1616,3838,3,30000.00,active,"2025-01-30 18:45:15","2025-01-30 18:45:15",Dev Token,Dev Token
Infus Travel & Jet Lag,1617,3838,4,40000.00,active,"2025-01-30 18:45:15","2025-01-30 18:45:15",Dev Token,Dev Token
Travel & Jet Lag Drip,1617,3838,4,40000.00,active,"2025-01-30 18:45:15","2025-01-30 18:45:15",Dev Token,Dev Token
Infus Travel & Jet Lag,1618,3847,2,20000.00,active,"2025-01-30 18:45:15","2025-01-30 18:45:15",Dev Token,Dev Token
Travel & Jet Lag Drip,1618,3847,2,20000.00,active,"2025-01-30 18:45:15","2025-01-30 18:45:15",Dev Token,Dev Token
Infus Travel & Jet Lag,1619,3847,3,30000.00,active,"2025-01-30 18:45:15","2025-01-30 18:45:15",Dev Token,Dev Token
Travel & Jet Lag Drip,1619,3847,3,30000.00,active,"2025-01-30 18:45:15","2025-01-30 18:45:15",Dev Token,Dev Token
Infus Travel & Jet Lag,1620,3847,4,40000.00,active,"2025-01-30 18:45:16","2025-01-30 18:45:16",Dev Token,Dev Token
Travel & Jet Lag Drip,1620,3847,4,40000.00,active,"2025-01-30 18:45:16","2025-01-30 18:45:16",Dev Token,Dev Token
Infus Travel & Jet Lag,1621,3842,2,20000.00,active,"2025-01-30 18:45:16","2025-01-30 18:45:16",Dev Token,Dev Token
Travel & Jet Lag Drip,1621,3842,2,20000.00,active,"2025-01-30 18:45:16","2025-01-30 18:45:16",Dev Token,Dev Token
Infus Travel & Jet Lag,1622,3842,3,30000.00,active,"2025-01-30 18:45:16","2025-01-30 18:45:16",Dev Token,Dev Token
Travel & Jet Lag Drip,1622,3842,3,30000.00,active,"2025-01-30 18:45:16","2025-01-30 18:45:16",Dev Token,Dev Token
Infus Travel & Jet Lag,1623,3842,4,40000.00,active,"2025-01-30 18:45:16","2025-01-30 18:45:16",Dev Token,Dev Token
Travel & Jet Lag Drip,1623,3842,4,40000.00,active,"2025-01-30 18:45:16","2025-01-30 18:45:16",Dev Token,Dev Token
Infus Travel & Jet Lag,1624,3841,2,20000.00,active,"2025-01-30 18:45:16","2025-01-30 18:45:16",Dev Token,Dev Token
Travel & Jet Lag Drip,1624,3841,2,20000.00,active,"2025-01-30 18:45:16","2025-01-30 18:45:16",Dev Token,Dev Token
Infus Travel & Jet Lag,1625,3841,3,30000.00,active,"2025-01-30 18:45:16","2025-01-30 18:45:16",Dev Token,Dev Token
Travel & Jet Lag Drip,1625,3841,3,30000.00,active,"2025-01-30 18:45:16","2025-01-30 18:45:16",Dev Token,Dev Token
Infus Travel & Jet Lag,1626,3841,4,40000.00,active,"2025-01-30 18:45:17","2025-01-30 18:45:17",Dev Token,Dev Token
Travel & Jet Lag Drip,1626,3841,4,40000.00,active,"2025-01-30 18:45:17","2025-01-30 18:45:17",Dev Token,Dev Token
Infus Travel & Jet Lag,1627,3840,2,20000.00,active,"2025-01-30 18:45:17","2025-01-30 18:45:17",Dev Token,Dev Token
Travel & Jet Lag Drip,1627,3840,2,20000.00,active,"2025-01-30 18:45:17","2025-01-30 18:45:17",Dev Token,Dev Token
Infus Travel & Jet Lag,1628,3840,3,30000.00,active,"2025-01-30 18:45:17","2025-01-30 18:45:17",Dev Token,Dev Token
Travel & Jet Lag Drip,1628,3840,3,30000.00,active,"2025-01-30 18:45:17","2025-01-30 18:45:17",Dev Token,Dev Token
Infus Travel & Jet Lag,1629,3840,4,40000.00,active,"2025-01-30 18:45:17","2025-01-30 18:45:17",Dev Token,Dev Token
Travel & Jet Lag Drip,1629,3840,4,40000.00,active,"2025-01-30 18:45:17","2025-01-30 18:45:17",Dev Token,Dev Token
Infus Travel & Jet Lag,1630,3843,2,20000.00,active,"2025-01-30 18:45:17","2025-01-30 18:45:17",Dev Token,Dev Token
Travel & Jet Lag Drip,1630,3843,2,20000.00,active,"2025-01-30 18:45:17","2025-01-30 18:45:17",Dev Token,Dev Token
Infus Travel & Jet Lag,1631,3843,3,30000.00,active,"2025-01-30 18:45:17","2025-01-30 18:45:17",Dev Token,Dev Token
Travel & Jet Lag Drip,1631,3843,3,30000.00,active,"2025-01-30 18:45:17","2025-01-30 18:45:17",Dev Token,Dev Token
Infus Travel & Jet Lag,1632,3843,4,40000.00,active,"2025-01-30 18:45:17","2025-01-30 18:45:17",Dev Token,Dev Token
Travel & Jet Lag Drip,1632,3843,4,40000.00,active,"2025-01-30 18:45:17","2025-01-30 18:45:17",Dev Token,Dev Token
Infus Travel & Jet Lag,1633,3844,2,20000.00,active,"2025-01-30 18:45:17","2025-01-30 18:45:17",Dev Token,Dev Token
Travel & Jet Lag Drip,1633,3844,2,20000.00,active,"2025-01-30 18:45:17","2025-01-30 18:45:17",Dev Token,Dev Token
Infus Travel & Jet Lag,1634,3844,3,30000.00,active,"2025-01-30 18:45:17","2025-01-30 18:45:17",Dev Token,Dev Token
Travel & Jet Lag Drip,1634,3844,3,30000.00,active,"2025-01-30 18:45:17","2025-01-30 18:45:17",Dev Token,Dev Token
Infus Travel & Jet Lag,1635,3844,4,40000.00,active,"2025-01-30 18:45:17","2025-01-30 18:45:17",Dev Token,Dev Token
Travel & Jet Lag Drip,1635,3844,4,40000.00,active,"2025-01-30 18:45:17","2025-01-30 18:45:17",Dev Token,Dev Token
Infus Travel & Jet Lag,1636,3845,2,20000.00,active,"2025-01-30 18:45:17","2025-01-30 18:45:17",Dev Token,Dev Token
Travel & Jet Lag Drip,1636,3845,2,20000.00,active,"2025-01-30 18:45:17","2025-01-30 18:45:17",Dev Token,Dev Token
Infus Travel & Jet Lag,1637,3845,3,30000.00,active,"2025-01-30 18:45:17","2025-01-30 18:45:17",Dev Token,Dev Token
Travel & Jet Lag Drip,1637,3845,3,30000.00,active,"2025-01-30 18:45:17","2025-01-30 18:45:17",Dev Token,Dev Token
Infus Travel & Jet Lag,1638,3845,4,40000.00,active,"2025-01-30 18:45:18","2025-01-30 18:45:18",Dev Token,Dev Token
Travel & Jet Lag Drip,1638,3845,4,40000.00,active,"2025-01-30 18:45:18","2025-01-30 18:45:18",Dev Token,Dev Token
Infus Travel & Jet Lag,1639,3839,2,20000.00,active,"2025-01-30 18:45:18","2025-01-30 18:45:18",Dev Token,Dev Token
Travel & Jet Lag Drip,1639,3839,2,20000.00,active,"2025-01-30 18:45:18","2025-01-30 18:45:18",Dev Token,Dev Token
Infus Travel & Jet Lag,1640,3839,3,30000.00,active,"2025-01-30 18:45:18","2025-01-30 18:45:18",Dev Token,Dev Token
Travel & Jet Lag Drip,1640,3839,3,30000.00,active,"2025-01-30 18:45:18","2025-01-30 18:45:18",Dev Token,Dev Token
Infus Travel & Jet Lag,1641,3839,4,40000.00,active,"2025-01-30 18:45:18","2025-01-30 18:45:18",Dev Token,Dev Token
Travel & Jet Lag Drip,1641,3839,4,40000.00,active,"2025-01-30 18:45:18","2025-01-30 18:45:18",Dev Token,Dev Token
Panel Apo B dan Lp(a) untuk Risiko kardiovaskular,1642,3856,2,20000.00,active,"2025-01-31 12:04:36","2025-01-31 12:04:37",Dev Token,Dev Token
Apo B and Lp(a) Panel for Cardiovascular Risk,1642,3856,2,20000.00,active,"2025-01-31 12:04:36","2025-01-31 12:04:37",Dev Token,Dev Token
Panel Apo B dan Lp(a) untuk Risiko kardiovaskular,1643,3856,3,30000.00,active,"2025-01-31 12:04:37","2025-01-31 12:04:37",Dev Token,Dev Token
Apo B and Lp(a) Panel for Cardiovascular Risk,1643,3856,3,30000.00,active,"2025-01-31 12:04:37","2025-01-31 12:04:37",Dev Token,Dev Token
Panel Apo B dan Lp(a) untuk Risiko kardiovaskular,1644,3856,4,40000.00,active,"2025-01-31 12:04:37","2025-01-31 12:04:37",Dev Token,Dev Token
Apo B and Lp(a) Panel for Cardiovascular Risk,1644,3856,4,40000.00,active,"2025-01-31 12:04:37","2025-01-31 12:04:37",Dev Token,Dev Token
Panel Apo B dan Lp(a) untuk Risiko kardiovaskular,1645,3849,2,20000.00,active,"2025-01-31 12:04:37","2025-01-31 12:04:37",Dev Token,Dev Token
Apo B and Lp(a) Panel for Cardiovascular Risk,1645,3849,2,20000.00,active,"2025-01-31 12:04:37","2025-01-31 12:04:37",Dev Token,Dev Token
Panel Apo B dan Lp(a) untuk Risiko kardiovaskular,1646,3849,3,30000.00,active,"2025-01-31 12:04:37","2025-01-31 12:04:37",Dev Token,Dev Token
Apo B and Lp(a) Panel for Cardiovascular Risk,1646,3849,3,30000.00,active,"2025-01-31 12:04:37","2025-01-31 12:04:37",Dev Token,Dev Token
Panel Apo B dan Lp(a) untuk Risiko kardiovaskular,1647,3849,4,40000.00,active,"2025-01-31 12:04:37","2025-01-31 12:04:37",Dev Token,Dev Token
Apo B and Lp(a) Panel for Cardiovascular Risk,1647,3849,4,40000.00,active,"2025-01-31 12:04:37","2025-01-31 12:04:37",Dev Token,Dev Token
Panel Apo B dan Lp(a) untuk Risiko kardiovaskular,1648,3858,2,20000.00,active,"2025-01-31 12:04:38","2025-01-31 12:04:38",Dev Token,Dev Token
Apo B and Lp(a) Panel for Cardiovascular Risk,1648,3858,2,20000.00,active,"2025-01-31 12:04:38","2025-01-31 12:04:38",Dev Token,Dev Token
Panel Apo B dan Lp(a) untuk Risiko kardiovaskular,1649,3858,3,30000.00,active,"2025-01-31 12:04:38","2025-01-31 12:04:38",Dev Token,Dev Token
Apo B and Lp(a) Panel for Cardiovascular Risk,1649,3858,3,30000.00,active,"2025-01-31 12:04:38","2025-01-31 12:04:38",Dev Token,Dev Token
Panel Apo B dan Lp(a) untuk Risiko kardiovaskular,1650,3858,4,40000.00,active,"2025-01-31 12:04:38","2025-01-31 12:04:38",Dev Token,Dev Token
Apo B and Lp(a) Panel for Cardiovascular Risk,1650,3858,4,40000.00,active,"2025-01-31 12:04:38","2025-01-31 12:04:38",Dev Token,Dev Token
Panel Apo B dan Lp(a) untuk Risiko kardiovaskular,1651,3852,2,20000.00,active,"2025-01-31 12:04:38","2025-01-31 12:04:38",Dev Token,Dev Token
Apo B and Lp(a) Panel for Cardiovascular Risk,1651,3852,2,20000.00,active,"2025-01-31 12:04:38","2025-01-31 12:04:38",Dev Token,Dev Token
Panel Apo B dan Lp(a) untuk Risiko kardiovaskular,1652,3852,3,30000.00,active,"2025-01-31 12:04:38","2025-01-31 12:04:38",Dev Token,Dev Token
Apo B and Lp(a) Panel for Cardiovascular Risk,1652,3852,3,30000.00,active,"2025-01-31 12:04:38","2025-01-31 12:04:38",Dev Token,Dev Token
Panel Apo B dan Lp(a) untuk Risiko kardiovaskular,1653,3852,4,40000.00,active,"2025-01-31 12:04:38","2025-01-31 12:04:38",Dev Token,Dev Token
Apo B and Lp(a) Panel for Cardiovascular Risk,1653,3852,4,40000.00,active,"2025-01-31 12:04:38","2025-01-31 12:04:38",Dev Token,Dev Token
Panel Apo B dan Lp(a) untuk Risiko kardiovaskular,1654,3851,2,20000.00,active,"2025-01-31 12:04:38","2025-01-31 12:04:38",Dev Token,Dev Token
Apo B and Lp(a) Panel for Cardiovascular Risk,1654,3851,2,20000.00,active,"2025-01-31 12:04:38","2025-01-31 12:04:38",Dev Token,Dev Token
Panel Apo B dan Lp(a) untuk Risiko kardiovaskular,1655,3851,3,30000.00,active,"2025-01-31 12:04:39","2025-01-31 12:04:39",Dev Token,Dev Token
Apo B and Lp(a) Panel for Cardiovascular Risk,1655,3851,3,30000.00,active,"2025-01-31 12:04:39","2025-01-31 12:04:39",Dev Token,Dev Token
Panel Apo B dan Lp(a) untuk Risiko kardiovaskular,1656,3851,4,40000.00,active,"2025-01-31 12:04:39","2025-01-31 12:04:39",Dev Token,Dev Token
Apo B and Lp(a) Panel for Cardiovascular Risk,1656,3851,4,40000.00,active,"2025-01-31 12:04:39","2025-01-31 12:04:39",Dev Token,Dev Token
Panel Apo B dan Lp(a) untuk Risiko kardiovaskular,1657,3848,2,20000.00,active,"2025-01-31 12:04:39","2025-01-31 12:04:39",Dev Token,Dev Token
Apo B and Lp(a) Panel for Cardiovascular Risk,1657,3848,2,20000.00,active,"2025-01-31 12:04:39","2025-01-31 12:04:39",Dev Token,Dev Token
Panel Apo B dan Lp(a) untuk Risiko kardiovaskular,1658,3848,3,30000.00,active,"2025-01-31 12:04:39","2025-01-31 12:04:39",Dev Token,Dev Token
Apo B and Lp(a) Panel for Cardiovascular Risk,1658,3848,3,30000.00,active,"2025-01-31 12:04:39","2025-01-31 12:04:39",Dev Token,Dev Token
Panel Apo B dan Lp(a) untuk Risiko kardiovaskular,1659,3848,4,40000.00,active,"2025-01-31 12:04:39","2025-01-31 12:04:39",Dev Token,Dev Token
Apo B and Lp(a) Panel for Cardiovascular Risk,1659,3848,4,40000.00,active,"2025-01-31 12:04:39","2025-01-31 12:04:39",Dev Token,Dev Token
Panel Apo B dan Lp(a) untuk Risiko kardiovaskular,1660,3853,2,20000.00,active,"2025-01-31 12:04:39","2025-01-31 12:04:39",Dev Token,Dev Token
Apo B and Lp(a) Panel for Cardiovascular Risk,1660,3853,2,20000.00,active,"2025-01-31 12:04:39","2025-01-31 12:04:39",Dev Token,Dev Token
Panel Apo B dan Lp(a) untuk Risiko kardiovaskular,1661,3853,3,30000.00,active,"2025-01-31 12:04:39","2025-01-31 12:04:39",Dev Token,Dev Token
Apo B and Lp(a) Panel for Cardiovascular Risk,1661,3853,3,30000.00,active,"2025-01-31 12:04:39","2025-01-31 12:04:39",Dev Token,Dev Token
Panel Apo B dan Lp(a) untuk Risiko kardiovaskular,1662,3853,4,40000.00,active,"2025-01-31 12:04:40","2025-01-31 12:04:40",Dev Token,Dev Token
Apo B and Lp(a) Panel for Cardiovascular Risk,1662,3853,4,40000.00,active,"2025-01-31 12:04:40","2025-01-31 12:04:40",Dev Token,Dev Token
Panel Apo B dan Lp(a) untuk Risiko kardiovaskular,1663,3854,2,20000.00,active,"2025-01-31 12:04:40","2025-01-31 12:04:40",Dev Token,Dev Token
Apo B and Lp(a) Panel for Cardiovascular Risk,1663,3854,2,20000.00,active,"2025-01-31 12:04:40","2025-01-31 12:04:40",Dev Token,Dev Token
Panel Apo B dan Lp(a) untuk Risiko kardiovaskular,1664,3854,3,30000.00,active,"2025-01-31 12:04:40","2025-01-31 12:04:40",Dev Token,Dev Token
Apo B and Lp(a) Panel for Cardiovascular Risk,1664,3854,3,30000.00,active,"2025-01-31 12:04:40","2025-01-31 12:04:40",Dev Token,Dev Token
Panel Apo B dan Lp(a) untuk Risiko kardiovaskular,1665,3854,4,40000.00,active,"2025-01-31 12:04:40","2025-01-31 12:04:40",Dev Token,Dev Token
Apo B and Lp(a) Panel for Cardiovascular Risk,1665,3854,4,40000.00,active,"2025-01-31 12:04:40","2025-01-31 12:04:40",Dev Token,Dev Token
Panel Apo B dan Lp(a) untuk Risiko kardiovaskular,1666,3855,2,20000.00,active,"2025-01-31 12:04:40","2025-01-31 12:04:40",Dev Token,Dev Token
Apo B and Lp(a) Panel for Cardiovascular Risk,1666,3855,2,20000.00,active,"2025-01-31 12:04:40","2025-01-31 12:04:40",Dev Token,Dev Token
Panel Apo B dan Lp(a) untuk Risiko kardiovaskular,1667,3855,3,30000.00,active,"2025-01-31 12:04:40","2025-01-31 12:04:40",Dev Token,Dev Token
Apo B and Lp(a) Panel for Cardiovascular Risk,1667,3855,3,30000.00,active,"2025-01-31 12:04:40","2025-01-31 12:04:40",Dev Token,Dev Token
Panel Apo B dan Lp(a) untuk Risiko kardiovaskular,1668,3855,4,40000.00,active,"2025-01-31 12:04:40","2025-01-31 12:04:41",Dev Token,Dev Token
Apo B and Lp(a) Panel for Cardiovascular Risk,1668,3855,4,40000.00,active,"2025-01-31 12:04:40","2025-01-31 12:04:41",Dev Token,Dev Token
Panel Apo B dan Lp(a) untuk Risiko kardiovaskular,1669,3850,2,20000.00,active,"2025-01-31 12:04:41","2025-01-31 12:04:41",Dev Token,Dev Token
Apo B and Lp(a) Panel for Cardiovascular Risk,1669,3850,2,20000.00,active,"2025-01-31 12:04:41","2025-01-31 12:04:41",Dev Token,Dev Token
Panel Apo B dan Lp(a) untuk Risiko kardiovaskular,1670,3850,3,30000.00,active,"2025-01-31 12:04:41","2025-01-31 12:04:41",Dev Token,Dev Token
Apo B and Lp(a) Panel for Cardiovascular Risk,1670,3850,3,30000.00,active,"2025-01-31 12:04:41","2025-01-31 12:04:41",Dev Token,Dev Token
Panel Apo B dan Lp(a) untuk Risiko kardiovaskular,1671,3850,4,40000.00,active,"2025-01-31 12:04:41","2025-01-31 12:04:41",Dev Token,Dev Token
Apo B and Lp(a) Panel for Cardiovascular Risk,1671,3850,4,40000.00,active,"2025-01-31 12:04:41","2025-01-31 12:04:41",Dev Token,Dev Token
Panel Apo B dan Lp(a) untuk Risiko kardiovaskular,1672,3857,2,20000.00,active,"2025-01-31 12:04:41","2025-01-31 12:04:41",Dev Token,Dev Token
Apo B and Lp(a) Panel for Cardiovascular Risk,1672,3857,2,20000.00,active,"2025-01-31 12:04:41","2025-01-31 12:04:41",Dev Token,Dev Token
Panel Apo B dan Lp(a) untuk Risiko kardiovaskular,1673,3857,3,30000.00,active,"2025-01-31 12:04:41","2025-01-31 12:04:41",Dev Token,Dev Token
Apo B and Lp(a) Panel for Cardiovascular Risk,1673,3857,3,30000.00,active,"2025-01-31 12:04:41","2025-01-31 12:04:41",Dev Token,Dev Token
Panel Apo B dan Lp(a) untuk Risiko kardiovaskular,1674,3857,4,40000.00,active,"2025-01-31 12:04:41","2025-01-31 12:04:41",Dev Token,Dev Token
Apo B and Lp(a) Panel for Cardiovascular Risk,1674,3857,4,40000.00,active,"2025-01-31 12:04:41","2025-01-31 12:04:41",Dev Token,Dev Token
Vaksinasi RSV (Arexvy),1675,3867,2,20000.00,active,"2025-02-10 10:08:29","2025-02-10 10:08:29",Dev Token,Dev Token
RSV Vaccination (Arexvy),1675,3867,2,20000.00,active,"2025-02-10 10:08:29","2025-02-10 10:08:29",Dev Token,Dev Token
Vaksinasi RSV (Arexvy),1676,3867,3,30000.00,active,"2025-02-10 10:08:30","2025-02-10 10:08:30",Dev Token,Dev Token
RSV Vaccination (Arexvy),1676,3867,3,30000.00,active,"2025-02-10 10:08:30","2025-02-10 10:08:30",Dev Token,Dev Token
Vaksinasi RSV (Arexvy),1677,3867,4,40000.00,active,"2025-02-10 10:08:30","2025-02-10 10:08:30",Dev Token,Dev Token
RSV Vaccination (Arexvy),1677,3867,4,40000.00,active,"2025-02-10 10:08:30","2025-02-10 10:08:30",Dev Token,Dev Token
Vaksinasi RSV (Arexvy),1678,3868,2,20000.00,active,"2025-02-10 10:08:30","2025-02-10 10:08:30",Dev Token,Dev Token
RSV Vaccination (Arexvy),1678,3868,2,20000.00,active,"2025-02-10 10:08:30","2025-02-10 10:08:30",Dev Token,Dev Token
Vaksinasi RSV (Arexvy),1679,3868,3,30000.00,active,"2025-02-10 10:08:30","2025-02-10 10:08:30",Dev Token,Dev Token
RSV Vaccination (Arexvy),1679,3868,3,30000.00,active,"2025-02-10 10:08:30","2025-02-10 10:08:30",Dev Token,Dev Token
Vaksinasi RSV (Arexvy),1680,3868,4,40000.00,active,"2025-02-10 10:08:30","2025-02-10 10:08:30",Dev Token,Dev Token
RSV Vaccination (Arexvy),1680,3868,4,40000.00,active,"2025-02-10 10:08:30","2025-02-10 10:08:30",Dev Token,Dev Token
Vaksinasi RSV (Arexvy),1681,3875,2,20000.00,active,"2025-02-10 10:08:30","2025-02-10 10:08:31",Dev Token,Dev Token
RSV Vaccination (Arexvy),1681,3875,2,20000.00,active,"2025-02-10 10:08:30","2025-02-10 10:08:31",Dev Token,Dev Token
Vaksinasi RSV (Arexvy),1682,3875,3,30000.00,active,"2025-02-10 10:08:31","2025-02-10 10:08:31",Dev Token,Dev Token
RSV Vaccination (Arexvy),1682,3875,3,30000.00,active,"2025-02-10 10:08:31","2025-02-10 10:08:31",Dev Token,Dev Token
Vaksinasi RSV (Arexvy),1683,3875,4,40000.00,active,"2025-02-10 10:08:31","2025-02-10 10:08:31",Dev Token,Dev Token
RSV Vaccination (Arexvy),1683,3875,4,40000.00,active,"2025-02-10 10:08:31","2025-02-10 10:08:31",Dev Token,Dev Token
Vaksinasi RSV (Arexvy),1684,3876,2,20000.00,active,"2025-02-10 10:08:31","2025-02-10 10:08:31",Dev Token,Dev Token
RSV Vaccination (Arexvy),1684,3876,2,20000.00,active,"2025-02-10 10:08:31","2025-02-10 10:08:31",Dev Token,Dev Token
Vaksinasi RSV (Arexvy),1685,3876,3,30000.00,active,"2025-02-10 10:08:31","2025-02-10 10:08:31",Dev Token,Dev Token
RSV Vaccination (Arexvy),1685,3876,3,30000.00,active,"2025-02-10 10:08:31","2025-02-10 10:08:31",Dev Token,Dev Token
Vaksinasi RSV (Arexvy),1686,3876,4,40000.00,active,"2025-02-10 10:08:31","2025-02-10 10:08:31",Dev Token,Dev Token
RSV Vaccination (Arexvy),1686,3876,4,40000.00,active,"2025-02-10 10:08:31","2025-02-10 10:08:31",Dev Token,Dev Token
Vaksinasi RSV (Arexvy),1687,3869,2,20000.00,active,"2025-02-10 10:08:31","2025-02-10 10:08:31",Dev Token,Dev Token
RSV Vaccination (Arexvy),1687,3869,2,20000.00,active,"2025-02-10 10:08:31","2025-02-10 10:08:31",Dev Token,Dev Token
Vaksinasi RSV (Arexvy),1688,3869,3,30000.00,active,"2025-02-10 10:08:31","2025-02-10 10:08:31",Dev Token,Dev Token
RSV Vaccination (Arexvy),1688,3869,3,30000.00,active,"2025-02-10 10:08:31","2025-02-10 10:08:31",Dev Token,Dev Token
Vaksinasi RSV (Arexvy),1689,3869,4,40000.00,active,"2025-02-10 10:08:31","2025-02-10 10:08:31",Dev Token,Dev Token
RSV Vaccination (Arexvy),1689,3869,4,40000.00,active,"2025-02-10 10:08:31","2025-02-10 10:08:31",Dev Token,Dev Token
Vaksinasi RSV (Arexvy),1690,3870,2,20000.00,active,"2025-02-10 10:08:31","2025-02-10 10:08:31",Dev Token,Dev Token
RSV Vaccination (Arexvy),1690,3870,2,20000.00,active,"2025-02-10 10:08:31","2025-02-10 10:08:31",Dev Token,Dev Token
Vaksinasi RSV (Arexvy),1691,3870,3,30000.00,active,"2025-02-10 10:08:31","2025-02-10 10:08:31",Dev Token,Dev Token
RSV Vaccination (Arexvy),1691,3870,3,30000.00,active,"2025-02-10 10:08:31","2025-02-10 10:08:31",Dev Token,Dev Token
Vaksinasi RSV (Arexvy),1692,3870,4,40000.00,active,"2025-02-10 10:08:31","2025-02-10 10:08:32",Dev Token,Dev Token
RSV Vaccination (Arexvy),1692,3870,4,40000.00,active,"2025-02-10 10:08:31","2025-02-10 10:08:32",Dev Token,Dev Token
Vaksinasi RSV (Arexvy),1693,3871,2,20000.00,active,"2025-02-10 10:08:32","2025-02-10 10:08:32",Dev Token,Dev Token
RSV Vaccination (Arexvy),1693,3871,2,20000.00,active,"2025-02-10 10:08:32","2025-02-10 10:08:32",Dev Token,Dev Token
Vaksinasi RSV (Arexvy),1694,3871,3,30000.00,active,"2025-02-10 10:08:32","2025-02-10 10:08:32",Dev Token,Dev Token
RSV Vaccination (Arexvy),1694,3871,3,30000.00,active,"2025-02-10 10:08:32","2025-02-10 10:08:32",Dev Token,Dev Token
Vaksinasi RSV (Arexvy),1695,3871,4,40000.00,active,"2025-02-10 10:08:32","2025-02-10 10:08:32",Dev Token,Dev Token
RSV Vaccination (Arexvy),1695,3871,4,40000.00,active,"2025-02-10 10:08:32","2025-02-10 10:08:32",Dev Token,Dev Token
Vaksinasi RSV (Arexvy),1696,3872,2,20000.00,active,"2025-02-10 10:08:32","2025-02-10 10:08:32",Dev Token,Dev Token
RSV Vaccination (Arexvy),1696,3872,2,20000.00,active,"2025-02-10 10:08:32","2025-02-10 10:08:32",Dev Token,Dev Token
Vaksinasi RSV (Arexvy),1697,3872,3,30000.00,active,"2025-02-10 10:08:32","2025-02-10 10:08:32",Dev Token,Dev Token
RSV Vaccination (Arexvy),1697,3872,3,30000.00,active,"2025-02-10 10:08:32","2025-02-10 10:08:32",Dev Token,Dev Token
Vaksinasi RSV (Arexvy),1698,3872,4,40000.00,active,"2025-02-10 10:08:32","2025-02-10 10:08:32",Dev Token,Dev Token
RSV Vaccination (Arexvy),1698,3872,4,40000.00,active,"2025-02-10 10:08:32","2025-02-10 10:08:32",Dev Token,Dev Token
Vaksinasi RSV (Arexvy),1699,3873,2,20000.00,active,"2025-02-10 10:08:32","2025-02-10 10:08:32",Dev Token,Dev Token
RSV Vaccination (Arexvy),1699,3873,2,20000.00,active,"2025-02-10 10:08:32","2025-02-10 10:08:32",Dev Token,Dev Token
Vaksinasi RSV (Arexvy),1700,3873,3,30000.00,active,"2025-02-10 10:08:32","2025-02-10 10:08:32",Dev Token,Dev Token
RSV Vaccination (Arexvy),1700,3873,3,30000.00,active,"2025-02-10 10:08:32","2025-02-10 10:08:32",Dev Token,Dev Token
Vaksinasi RSV (Arexvy),1701,3873,4,40000.00,active,"2025-02-10 10:08:32","2025-02-10 10:08:32",Dev Token,Dev Token
RSV Vaccination (Arexvy),1701,3873,4,40000.00,active,"2025-02-10 10:08:32","2025-02-10 10:08:32",Dev Token,Dev Token
Vaksinasi RSV (Arexvy),1702,3874,2,20000.00,active,"2025-02-10 10:08:32","2025-02-10 10:08:32",Dev Token,Dev Token
RSV Vaccination (Arexvy),1702,3874,2,20000.00,active,"2025-02-10 10:08:32","2025-02-10 10:08:32",Dev Token,Dev Token
Vaksinasi RSV (Arexvy),1703,3874,3,30000.00,active,"2025-02-10 10:08:33","2025-02-10 10:08:33",Dev Token,Dev Token
RSV Vaccination (Arexvy),1703,3874,3,30000.00,active,"2025-02-10 10:08:33","2025-02-10 10:08:33",Dev Token,Dev Token
Vaksinasi RSV (Arexvy),1704,3874,4,40000.00,active,"2025-02-10 10:08:33","2025-02-10 10:08:33",Dev Token,Dev Token
RSV Vaccination (Arexvy),1704,3874,4,40000.00,active,"2025-02-10 10:08:33","2025-02-10 10:08:33",Dev Token,Dev Token
Injeksi Happy Tummy,1705,3914,2,20000.00,active,"2025-02-14 13:19:25","2025-02-14 13:19:25",Dev Token,Dev Token
Happy Tummy Injection,1705,3914,2,20000.00,active,"2025-02-14 13:19:25","2025-02-14 13:19:25",Dev Token,Dev Token
Injeksi Happy Tummy,1706,3914,3,30000.00,active,"2025-02-14 13:19:25","2025-02-14 13:19:25",Dev Token,Dev Token
Happy Tummy Injection,1706,3914,3,30000.00,active,"2025-02-14 13:19:25","2025-02-14 13:19:25",Dev Token,Dev Token
Injeksi Happy Tummy,1707,3914,4,40000.00,active,"2025-02-14 13:19:25","2025-02-14 13:19:25",Dev Token,Dev Token
Happy Tummy Injection,1707,3914,4,40000.00,active,"2025-02-14 13:19:25","2025-02-14 13:19:25",Dev Token,Dev Token
Injeksi Happy Tummy,1708,3915,2,20000.00,active,"2025-02-14 13:19:25","2025-02-14 13:19:25",Dev Token,Dev Token
Happy Tummy Injection,1708,3915,2,20000.00,active,"2025-02-14 13:19:25","2025-02-14 13:19:25",Dev Token,Dev Token
Injeksi Happy Tummy,1709,3915,3,30000.00,active,"2025-02-14 13:19:25","2025-02-14 13:19:25",Dev Token,Dev Token
Happy Tummy Injection,1709,3915,3,30000.00,active,"2025-02-14 13:19:25","2025-02-14 13:19:25",Dev Token,Dev Token
Injeksi Happy Tummy,1710,3915,4,40000.00,active,"2025-02-14 13:19:25","2025-02-14 13:19:26",Dev Token,Dev Token
Happy Tummy Injection,1710,3915,4,40000.00,active,"2025-02-14 13:19:25","2025-02-14 13:19:26",Dev Token,Dev Token
Injeksi Happy Tummy,1711,3922,2,20000.00,active,"2025-02-14 13:19:26","2025-02-14 13:19:26",Dev Token,Dev Token
Happy Tummy Injection,1711,3922,2,20000.00,active,"2025-02-14 13:19:26","2025-02-14 13:19:26",Dev Token,Dev Token
Injeksi Happy Tummy,1712,3922,3,30000.00,active,"2025-02-14 13:19:26","2025-02-14 13:19:26",Dev Token,Dev Token
Happy Tummy Injection,1712,3922,3,30000.00,active,"2025-02-14 13:19:26","2025-02-14 13:19:26",Dev Token,Dev Token
Injeksi Happy Tummy,1713,3922,4,40000.00,active,"2025-02-14 13:19:26","2025-02-14 13:19:26",Dev Token,Dev Token
Happy Tummy Injection,1713,3922,4,40000.00,active,"2025-02-14 13:19:26","2025-02-14 13:19:26",Dev Token,Dev Token
Injeksi Happy Tummy,1714,3923,2,20000.00,active,"2025-02-14 13:19:26","2025-02-14 13:19:26",Dev Token,Dev Token
Happy Tummy Injection,1714,3923,2,20000.00,active,"2025-02-14 13:19:26","2025-02-14 13:19:26",Dev Token,Dev Token
Injeksi Happy Tummy,1715,3923,3,30000.00,active,"2025-02-14 13:19:26","2025-02-14 13:19:26",Dev Token,Dev Token
Happy Tummy Injection,1715,3923,3,30000.00,active,"2025-02-14 13:19:26","2025-02-14 13:19:26",Dev Token,Dev Token
Injeksi Happy Tummy,1716,3923,4,40000.00,active,"2025-02-14 13:19:27","2025-02-14 13:19:27",Dev Token,Dev Token
Happy Tummy Injection,1716,3923,4,40000.00,active,"2025-02-14 13:19:27","2025-02-14 13:19:27",Dev Token,Dev Token
Injeksi Happy Tummy,1717,3916,2,20000.00,active,"2025-02-14 13:19:27","2025-02-14 13:19:27",Dev Token,Dev Token
Happy Tummy Injection,1717,3916,2,20000.00,active,"2025-02-14 13:19:27","2025-02-14 13:19:27",Dev Token,Dev Token
Injeksi Happy Tummy,1718,3916,3,30000.00,active,"2025-02-14 13:19:27","2025-02-14 13:19:27",Dev Token,Dev Token
Happy Tummy Injection,1718,3916,3,30000.00,active,"2025-02-14 13:19:27","2025-02-14 13:19:27",Dev Token,Dev Token
Injeksi Happy Tummy,1719,3916,4,40000.00,active,"2025-02-14 13:19:27","2025-02-14 13:19:27",Dev Token,Dev Token
Happy Tummy Injection,1719,3916,4,40000.00,active,"2025-02-14 13:19:27","2025-02-14 13:19:27",Dev Token,Dev Token
Injeksi Happy Tummy,1720,3917,2,20000.00,active,"2025-02-14 13:19:27","2025-02-14 13:19:27",Dev Token,Dev Token
Happy Tummy Injection,1720,3917,2,20000.00,active,"2025-02-14 13:19:27","2025-02-14 13:19:27",Dev Token,Dev Token
Injeksi Happy Tummy,1721,3917,3,30000.00,active,"2025-02-14 13:19:27","2025-02-14 13:19:27",Dev Token,Dev Token
Happy Tummy Injection,1721,3917,3,30000.00,active,"2025-02-14 13:19:27","2025-02-14 13:19:27",Dev Token,Dev Token
Injeksi Happy Tummy,1722,3917,4,40000.00,active,"2025-02-14 13:19:27","2025-02-14 13:19:27",Dev Token,Dev Token
Happy Tummy Injection,1722,3917,4,40000.00,active,"2025-02-14 13:19:27","2025-02-14 13:19:27",Dev Token,Dev Token
Injeksi Happy Tummy,1723,3918,2,20000.00,active,"2025-02-14 13:19:28","2025-02-14 13:19:28",Dev Token,Dev Token
Happy Tummy Injection,1723,3918,2,20000.00,active,"2025-02-14 13:19:28","2025-02-14 13:19:28",Dev Token,Dev Token
Injeksi Happy Tummy,1724,3918,3,30000.00,active,"2025-02-14 13:19:28","2025-02-14 13:19:28",Dev Token,Dev Token
Happy Tummy Injection,1724,3918,3,30000.00,active,"2025-02-14 13:19:28","2025-02-14 13:19:28",Dev Token,Dev Token
Injeksi Happy Tummy,1725,3918,4,40000.00,active,"2025-02-14 13:19:28","2025-02-14 13:19:28",Dev Token,Dev Token
Happy Tummy Injection,1725,3918,4,40000.00,active,"2025-02-14 13:19:28","2025-02-14 13:19:28",Dev Token,Dev Token
Injeksi Happy Tummy,1726,3919,2,20000.00,active,"2025-02-14 13:19:28","2025-02-14 13:19:28",Dev Token,Dev Token
Happy Tummy Injection,1726,3919,2,20000.00,active,"2025-02-14 13:19:28","2025-02-14 13:19:28",Dev Token,Dev Token
Injeksi Happy Tummy,1727,3919,3,30000.00,active,"2025-02-14 13:19:28","2025-02-14 13:19:28",Dev Token,Dev Token
Happy Tummy Injection,1727,3919,3,30000.00,active,"2025-02-14 13:19:28","2025-02-14 13:19:28",Dev Token,Dev Token
Injeksi Happy Tummy,1728,3919,4,40000.00,active,"2025-02-14 13:19:28","2025-02-14 13:19:28",Dev Token,Dev Token
Happy Tummy Injection,1728,3919,4,40000.00,active,"2025-02-14 13:19:28","2025-02-14 13:19:28",Dev Token,Dev Token
Injeksi Happy Tummy,1729,3920,2,20000.00,active,"2025-02-14 13:19:28","2025-02-14 13:19:28",Dev Token,Dev Token
Happy Tummy Injection,1729,3920,2,20000.00,active,"2025-02-14 13:19:28","2025-02-14 13:19:28",Dev Token,Dev Token
Injeksi Happy Tummy,1730,3920,3,30000.00,active,"2025-02-14 13:19:29","2025-02-14 13:19:29",Dev Token,Dev Token
Happy Tummy Injection,1730,3920,3,30000.00,active,"2025-02-14 13:19:29","2025-02-14 13:19:29",Dev Token,Dev Token
Injeksi Happy Tummy,1731,3920,4,40000.00,active,"2025-02-14 13:19:29","2025-02-14 13:19:29",Dev Token,Dev Token
Happy Tummy Injection,1731,3920,4,40000.00,active,"2025-02-14 13:19:29","2025-02-14 13:19:29",Dev Token,Dev Token
Injeksi Happy Tummy,1732,3921,2,20000.00,active,"2025-02-14 13:19:29","2025-02-14 13:19:29",Dev Token,Dev Token
Happy Tummy Injection,1732,3921,2,20000.00,active,"2025-02-14 13:19:29","2025-02-14 13:19:29",Dev Token,Dev Token
Injeksi Happy Tummy,1733,3921,3,30000.00,active,"2025-02-14 13:19:29","2025-02-14 13:19:29",Dev Token,Dev Token
Happy Tummy Injection,1733,3921,3,30000.00,active,"2025-02-14 13:19:29","2025-02-14 13:19:29",Dev Token,Dev Token
Injeksi Happy Tummy,1734,3921,4,40000.00,active,"2025-02-14 13:19:29","2025-02-14 13:19:29",Dev Token,Dev Token
Happy Tummy Injection,1734,3921,4,40000.00,active,"2025-02-14 13:19:29","2025-02-14 13:19:29",Dev Token,Dev Token
Vaksinasi Hepatitis A dan B (Twinrix),1735,4704,2,20000.00,active,"2025-03-11 09:03:16","2025-03-11 09:03:16",Dev Token,Dev Token
Hepatitis A and B Vaccination (Twinrix),1735,4704,2,20000.00,active,"2025-03-11 09:03:16","2025-03-11 09:03:16",Dev Token,Dev Token
Vaksinasi Hepatitis A dan B (Twinrix),1736,4704,3,30000.00,active,"2025-03-11 09:03:17","2025-03-11 09:03:17",Dev Token,Dev Token
Hepatitis A and B Vaccination (Twinrix),1736,4704,3,30000.00,active,"2025-03-11 09:03:17","2025-03-11 09:03:17",Dev Token,Dev Token
Vaksinasi Hepatitis A dan B (Twinrix),1737,4704,4,40000.00,active,"2025-03-11 09:03:17","2025-03-11 09:03:17",Dev Token,Dev Token
Hepatitis A and B Vaccination (Twinrix),1737,4704,4,40000.00,active,"2025-03-11 09:03:17","2025-03-11 09:03:17",Dev Token,Dev Token
Vaksinasi Hepatitis A dan B (Twinrix),1738,4705,2,20000.00,active,"2025-03-11 09:03:17","2025-03-11 09:03:17",Dev Token,Dev Token
Hepatitis A and B Vaccination (Twinrix),1738,4705,2,20000.00,active,"2025-03-11 09:03:17","2025-03-11 09:03:17",Dev Token,Dev Token
Vaksinasi Hepatitis A dan B (Twinrix),1739,4705,3,30000.00,active,"2025-03-11 09:03:17","2025-03-11 09:03:17",Dev Token,Dev Token
Hepatitis A and B Vaccination (Twinrix),1739,4705,3,30000.00,active,"2025-03-11 09:03:17","2025-03-11 09:03:17",Dev Token,Dev Token
Vaksinasi Hepatitis A dan B (Twinrix),1740,4705,4,40000.00,active,"2025-03-11 09:03:18","2025-03-11 09:03:18",Dev Token,Dev Token
Hepatitis A and B Vaccination (Twinrix),1740,4705,4,40000.00,active,"2025-03-11 09:03:18","2025-03-11 09:03:18",Dev Token,Dev Token
Vaksinasi Hepatitis A dan B (Twinrix),1741,4712,2,20000.00,active,"2025-03-11 09:03:18","2025-03-11 09:03:18",Dev Token,Dev Token
Hepatitis A and B Vaccination (Twinrix),1741,4712,2,20000.00,active,"2025-03-11 09:03:18","2025-03-11 09:03:18",Dev Token,Dev Token
Vaksinasi Hepatitis A dan B (Twinrix),1742,4712,3,30000.00,active,"2025-03-11 09:03:18","2025-03-11 09:03:18",Dev Token,Dev Token
Hepatitis A and B Vaccination (Twinrix),1742,4712,3,30000.00,active,"2025-03-11 09:03:18","2025-03-11 09:03:18",Dev Token,Dev Token
Vaksinasi Hepatitis A dan B (Twinrix),1743,4712,4,40000.00,active,"2025-03-11 09:03:18","2025-03-11 09:03:18",Dev Token,Dev Token
Hepatitis A and B Vaccination (Twinrix),1743,4712,4,40000.00,active,"2025-03-11 09:03:18","2025-03-11 09:03:18",Dev Token,Dev Token
Vaksinasi Hepatitis A dan B (Twinrix),1744,4713,2,20000.00,active,"2025-03-11 09:03:18","2025-03-11 09:03:18",Dev Token,Dev Token
Hepatitis A and B Vaccination (Twinrix),1744,4713,2,20000.00,active,"2025-03-11 09:03:18","2025-03-11 09:03:18",Dev Token,Dev Token
Vaksinasi Hepatitis A dan B (Twinrix),1745,4713,3,30000.00,active,"2025-03-11 09:03:18","2025-03-11 09:03:18",Dev Token,Dev Token
Hepatitis A and B Vaccination (Twinrix),1745,4713,3,30000.00,active,"2025-03-11 09:03:18","2025-03-11 09:03:18",Dev Token,Dev Token
Vaksinasi Hepatitis A dan B (Twinrix),1746,4713,4,40000.00,active,"2025-03-11 09:03:18","2025-03-11 09:03:18",Dev Token,Dev Token
Hepatitis A and B Vaccination (Twinrix),1746,4713,4,40000.00,active,"2025-03-11 09:03:18","2025-03-11 09:03:18",Dev Token,Dev Token
Vaksinasi Hepatitis A dan B (Twinrix),1747,4706,2,20000.00,active,"2025-03-11 09:03:18","2025-03-11 09:03:18",Dev Token,Dev Token
Hepatitis A and B Vaccination (Twinrix),1747,4706,2,20000.00,active,"2025-03-11 09:03:18","2025-03-11 09:03:18",Dev Token,Dev Token
Vaksinasi Hepatitis A dan B (Twinrix),1748,4706,3,30000.00,active,"2025-03-11 09:03:18","2025-03-11 09:03:18",Dev Token,Dev Token
Hepatitis A and B Vaccination (Twinrix),1748,4706,3,30000.00,active,"2025-03-11 09:03:18","2025-03-11 09:03:18",Dev Token,Dev Token
Vaksinasi Hepatitis A dan B (Twinrix),1749,4706,4,40000.00,active,"2025-03-11 09:03:19","2025-03-11 09:03:19",Dev Token,Dev Token
Hepatitis A and B Vaccination (Twinrix),1749,4706,4,40000.00,active,"2025-03-11 09:03:19","2025-03-11 09:03:19",Dev Token,Dev Token
Vaksinasi Hepatitis A dan B (Twinrix),1750,4707,2,20000.00,active,"2025-03-11 09:03:19","2025-03-11 09:03:19",Dev Token,Dev Token
Hepatitis A and B Vaccination (Twinrix),1750,4707,2,20000.00,active,"2025-03-11 09:03:19","2025-03-11 09:03:19",Dev Token,Dev Token
Vaksinasi Hepatitis A dan B (Twinrix),1751,4707,3,30000.00,active,"2025-03-11 09:03:19","2025-03-11 09:03:19",Dev Token,Dev Token
Hepatitis A and B Vaccination (Twinrix),1751,4707,3,30000.00,active,"2025-03-11 09:03:19","2025-03-11 09:03:19",Dev Token,Dev Token
Vaksinasi Hepatitis A dan B (Twinrix),1752,4707,4,40000.00,active,"2025-03-11 09:03:19","2025-03-11 09:03:19",Dev Token,Dev Token
Hepatitis A and B Vaccination (Twinrix),1752,4707,4,40000.00,active,"2025-03-11 09:03:19","2025-03-11 09:03:19",Dev Token,Dev Token
Vaksinasi Hepatitis A dan B (Twinrix),1753,4708,2,20000.00,active,"2025-03-11 09:03:19","2025-03-11 09:03:19",Dev Token,Dev Token
Hepatitis A and B Vaccination (Twinrix),1753,4708,2,20000.00,active,"2025-03-11 09:03:19","2025-03-11 09:03:19",Dev Token,Dev Token
Vaksinasi Hepatitis A dan B (Twinrix),1754,4708,3,30000.00,active,"2025-03-11 09:03:19","2025-03-11 09:03:19",Dev Token,Dev Token
Hepatitis A and B Vaccination (Twinrix),1754,4708,3,30000.00,active,"2025-03-11 09:03:19","2025-03-11 09:03:19",Dev Token,Dev Token
Vaksinasi Hepatitis A dan B (Twinrix),1755,4708,4,40000.00,active,"2025-03-11 09:03:19","2025-03-11 09:03:19",Dev Token,Dev Token
Hepatitis A and B Vaccination (Twinrix),1755,4708,4,40000.00,active,"2025-03-11 09:03:19","2025-03-11 09:03:19",Dev Token,Dev Token
Vaksinasi Hepatitis A dan B (Twinrix),1756,4709,2,20000.00,active,"2025-03-11 09:03:19","2025-03-11 09:03:19",Dev Token,Dev Token
Hepatitis A and B Vaccination (Twinrix),1756,4709,2,20000.00,active,"2025-03-11 09:03:19","2025-03-11 09:03:19",Dev Token,Dev Token
Vaksinasi Hepatitis A dan B (Twinrix),1757,4709,3,30000.00,active,"2025-03-11 09:03:19","2025-03-11 09:03:19",Dev Token,Dev Token
Hepatitis A and B Vaccination (Twinrix),1757,4709,3,30000.00,active,"2025-03-11 09:03:19","2025-03-11 09:03:19",Dev Token,Dev Token
Vaksinasi Hepatitis A dan B (Twinrix),1758,4709,4,40000.00,active,"2025-03-11 09:03:19","2025-03-11 09:03:19",Dev Token,Dev Token
Hepatitis A and B Vaccination (Twinrix),1758,4709,4,40000.00,active,"2025-03-11 09:03:19","2025-03-11 09:03:19",Dev Token,Dev Token
Vaksinasi Hepatitis A dan B (Twinrix),1759,4710,2,20000.00,active,"2025-03-11 09:03:19","2025-03-11 09:03:19",Dev Token,Dev Token
Hepatitis A and B Vaccination (Twinrix),1759,4710,2,20000.00,active,"2025-03-11 09:03:19","2025-03-11 09:03:19",Dev Token,Dev Token
Vaksinasi Hepatitis A dan B (Twinrix),1760,4710,3,30000.00,active,"2025-03-11 09:03:20","2025-03-11 09:03:20",Dev Token,Dev Token
Hepatitis A and B Vaccination (Twinrix),1760,4710,3,30000.00,active,"2025-03-11 09:03:20","2025-03-11 09:03:20",Dev Token,Dev Token
Vaksinasi Hepatitis A dan B (Twinrix),1761,4710,4,40000.00,active,"2025-03-11 09:03:20","2025-03-11 09:03:20",Dev Token,Dev Token
Hepatitis A and B Vaccination (Twinrix),1761,4710,4,40000.00,active,"2025-03-11 09:03:20","2025-03-11 09:03:20",Dev Token,Dev Token
Vaksinasi Hepatitis A dan B (Twinrix),1762,4711,2,20000.00,active,"2025-03-11 09:03:20","2025-03-11 09:03:20",Dev Token,Dev Token
Hepatitis A and B Vaccination (Twinrix),1762,4711,2,20000.00,active,"2025-03-11 09:03:20","2025-03-11 09:03:20",Dev Token,Dev Token
Vaksinasi Hepatitis A dan B (Twinrix),1763,4711,3,30000.00,active,"2025-03-11 09:03:20","2025-03-11 09:03:20",Dev Token,Dev Token
Hepatitis A and B Vaccination (Twinrix),1763,4711,3,30000.00,active,"2025-03-11 09:03:20","2025-03-11 09:03:20",Dev Token,Dev Token
Vaksinasi Hepatitis A dan B (Twinrix),1764,4711,4,40000.00,active,"2025-03-11 09:03:20","2025-03-11 09:03:20",Dev Token,Dev Token
Hepatitis A and B Vaccination (Twinrix),1764,4711,4,40000.00,active,"2025-03-11 09:03:20","2025-03-11 09:03:20",Dev Token,Dev Token
Vaksinasi DTaP-POLIO IPV (Tetraxim),1765,4724,2,20000.00,active,"2025-03-11 09:03:20","2025-03-11 09:03:20",Dev Token,Dev Token
DTaP-POLIO IPV Vaccination (Tetraxim),1765,4724,2,20000.00,active,"2025-03-11 09:03:20","2025-03-11 09:03:20",Dev Token,Dev Token
Vaksinasi DTaP-POLIO IPV (Tetraxim),1766,4724,3,30000.00,active,"2025-03-11 09:03:20","2025-03-11 09:03:20",Dev Token,Dev Token
DTaP-POLIO IPV Vaccination (Tetraxim),1766,4724,3,30000.00,active,"2025-03-11 09:03:20","2025-03-11 09:03:20",Dev Token,Dev Token
Vaksinasi DTaP-POLIO IPV (Tetraxim),1767,4724,4,40000.00,active,"2025-03-11 09:03:20","2025-03-11 09:03:20",Dev Token,Dev Token
DTaP-POLIO IPV Vaccination (Tetraxim),1767,4724,4,40000.00,active,"2025-03-11 09:03:20","2025-03-11 09:03:20",Dev Token,Dev Token
Vaksinasi DTaP-POLIO IPV (Tetraxim),1768,4725,2,20000.00,active,"2025-03-11 09:03:20","2025-03-11 09:03:20",Dev Token,Dev Token
DTaP-POLIO IPV Vaccination (Tetraxim),1768,4725,2,20000.00,active,"2025-03-11 09:03:20","2025-03-11 09:03:20",Dev Token,Dev Token
Vaksinasi DTaP-POLIO IPV (Tetraxim),1769,4725,3,30000.00,active,"2025-03-11 09:03:20","2025-03-11 09:03:20",Dev Token,Dev Token
DTaP-POLIO IPV Vaccination (Tetraxim),1769,4725,3,30000.00,active,"2025-03-11 09:03:20","2025-03-11 09:03:20",Dev Token,Dev Token
Vaksinasi DTaP-POLIO IPV (Tetraxim),1770,4725,4,40000.00,active,"2025-03-11 09:03:20","2025-03-11 09:03:20",Dev Token,Dev Token
DTaP-POLIO IPV Vaccination (Tetraxim),1770,4725,4,40000.00,active,"2025-03-11 09:03:20","2025-03-11 09:03:20",Dev Token,Dev Token
Vaksinasi DTaP-POLIO IPV (Tetraxim),1771,4733,2,20000.00,active,"2025-03-11 09:03:20","2025-03-11 09:03:20",Dev Token,Dev Token
DTaP-POLIO IPV Vaccination (Tetraxim),1771,4733,2,20000.00,active,"2025-03-11 09:03:20","2025-03-11 09:03:20",Dev Token,Dev Token
Vaksinasi DTaP-POLIO IPV (Tetraxim),1772,4733,3,30000.00,active,"2025-03-11 09:03:20","2025-03-11 09:03:21",Dev Token,Dev Token
DTaP-POLIO IPV Vaccination (Tetraxim),1772,4733,3,30000.00,active,"2025-03-11 09:03:20","2025-03-11 09:03:21",Dev Token,Dev Token
Vaksinasi DTaP-POLIO IPV (Tetraxim),1773,4733,4,40000.00,active,"2025-03-11 09:03:21","2025-03-11 09:03:21",Dev Token,Dev Token
DTaP-POLIO IPV Vaccination (Tetraxim),1773,4733,4,40000.00,active,"2025-03-11 09:03:21","2025-03-11 09:03:21",Dev Token,Dev Token
Vaksinasi DTaP-POLIO IPV (Tetraxim),1774,4732,2,20000.00,active,"2025-03-11 09:03:21","2025-03-11 09:03:21",Dev Token,Dev Token
DTaP-POLIO IPV Vaccination (Tetraxim),1774,4732,2,20000.00,active,"2025-03-11 09:03:21","2025-03-11 09:03:21",Dev Token,Dev Token
Vaksinasi DTaP-POLIO IPV (Tetraxim),1775,4732,3,30000.00,active,"2025-03-11 09:03:21","2025-03-11 09:03:21",Dev Token,Dev Token
DTaP-POLIO IPV Vaccination (Tetraxim),1775,4732,3,30000.00,active,"2025-03-11 09:03:21","2025-03-11 09:03:21",Dev Token,Dev Token
Vaksinasi DTaP-POLIO IPV (Tetraxim),1776,4732,4,40000.00,active,"2025-03-11 09:03:21","2025-03-11 09:03:21",Dev Token,Dev Token
DTaP-POLIO IPV Vaccination (Tetraxim),1776,4732,4,40000.00,active,"2025-03-11 09:03:21","2025-03-11 09:03:21",Dev Token,Dev Token
Vaksinasi DTaP-POLIO IPV (Tetraxim),1777,4726,2,20000.00,active,"2025-03-11 09:03:21","2025-03-11 09:03:21",Dev Token,Dev Token
DTaP-POLIO IPV Vaccination (Tetraxim),1777,4726,2,20000.00,active,"2025-03-11 09:03:21","2025-03-11 09:03:21",Dev Token,Dev Token
Vaksinasi DTaP-POLIO IPV (Tetraxim),1778,4726,3,30000.00,active,"2025-03-11 09:03:21","2025-03-11 09:03:21",Dev Token,Dev Token
DTaP-POLIO IPV Vaccination (Tetraxim),1778,4726,3,30000.00,active,"2025-03-11 09:03:21","2025-03-11 09:03:21",Dev Token,Dev Token
Vaksinasi DTaP-POLIO IPV (Tetraxim),1779,4726,4,40000.00,active,"2025-03-11 09:03:21","2025-03-11 09:03:21",Dev Token,Dev Token
DTaP-POLIO IPV Vaccination (Tetraxim),1779,4726,4,40000.00,active,"2025-03-11 09:03:21","2025-03-11 09:03:21",Dev Token,Dev Token
Vaksinasi DTaP-POLIO IPV (Tetraxim),1780,4727,2,20000.00,active,"2025-03-11 09:03:21","2025-03-11 09:03:21",Dev Token,Dev Token
DTaP-POLIO IPV Vaccination (Tetraxim),1780,4727,2,20000.00,active,"2025-03-11 09:03:21","2025-03-11 09:03:21",Dev Token,Dev Token
Vaksinasi DTaP-POLIO IPV (Tetraxim),1781,4727,3,30000.00,active,"2025-03-11 09:03:21","2025-03-11 09:03:21",Dev Token,Dev Token
DTaP-POLIO IPV Vaccination (Tetraxim),1781,4727,3,30000.00,active,"2025-03-11 09:03:21","2025-03-11 09:03:21",Dev Token,Dev Token
Vaksinasi DTaP-POLIO IPV (Tetraxim),1782,4727,4,40000.00,active,"2025-03-11 09:03:21","2025-03-11 09:03:21",Dev Token,Dev Token
DTaP-POLIO IPV Vaccination (Tetraxim),1782,4727,4,40000.00,active,"2025-03-11 09:03:21","2025-03-11 09:03:21",Dev Token,Dev Token
Vaksinasi DTaP-POLIO IPV (Tetraxim),1783,4728,2,20000.00,active,"2025-03-11 09:03:21","2025-03-11 09:03:21",Dev Token,Dev Token
DTaP-POLIO IPV Vaccination (Tetraxim),1783,4728,2,20000.00,active,"2025-03-11 09:03:21","2025-03-11 09:03:21",Dev Token,Dev Token
Vaksinasi DTaP-POLIO IPV (Tetraxim),1784,4728,3,30000.00,active,"2025-03-11 09:03:22","2025-03-11 09:03:22",Dev Token,Dev Token
DTaP-POLIO IPV Vaccination (Tetraxim),1784,4728,3,30000.00,active,"2025-03-11 09:03:22","2025-03-11 09:03:22",Dev Token,Dev Token
Vaksinasi DTaP-POLIO IPV (Tetraxim),1785,4728,4,40000.00,active,"2025-03-11 09:03:22","2025-03-11 09:03:22",Dev Token,Dev Token
DTaP-POLIO IPV Vaccination (Tetraxim),1785,4728,4,40000.00,active,"2025-03-11 09:03:22","2025-03-11 09:03:22",Dev Token,Dev Token
Vaksinasi DTaP-POLIO IPV (Tetraxim),1786,4729,2,20000.00,active,"2025-03-11 09:03:22","2025-03-11 09:03:22",Dev Token,Dev Token
DTaP-POLIO IPV Vaccination (Tetraxim),1786,4729,2,20000.00,active,"2025-03-11 09:03:22","2025-03-11 09:03:22",Dev Token,Dev Token
Vaksinasi DTaP-POLIO IPV (Tetraxim),1787,4729,3,30000.00,active,"2025-03-11 09:03:22","2025-03-11 09:03:22",Dev Token,Dev Token
DTaP-POLIO IPV Vaccination (Tetraxim),1787,4729,3,30000.00,active,"2025-03-11 09:03:22","2025-03-11 09:03:22",Dev Token,Dev Token
Vaksinasi DTaP-POLIO IPV (Tetraxim),1788,4729,4,40000.00,active,"2025-03-11 09:03:22","2025-03-11 09:03:22",Dev Token,Dev Token
DTaP-POLIO IPV Vaccination (Tetraxim),1788,4729,4,40000.00,active,"2025-03-11 09:03:22","2025-03-11 09:03:22",Dev Token,Dev Token
Vaksinasi DTaP-POLIO IPV (Tetraxim),1789,4730,2,20000.00,active,"2025-03-11 09:03:22","2025-03-11 09:03:22",Dev Token,Dev Token
DTaP-POLIO IPV Vaccination (Tetraxim),1789,4730,2,20000.00,active,"2025-03-11 09:03:22","2025-03-11 09:03:22",Dev Token,Dev Token
Vaksinasi DTaP-POLIO IPV (Tetraxim),1790,4730,3,30000.00,active,"2025-03-11 09:03:22","2025-03-11 09:03:22",Dev Token,Dev Token
DTaP-POLIO IPV Vaccination (Tetraxim),1790,4730,3,30000.00,active,"2025-03-11 09:03:22","2025-03-11 09:03:22",Dev Token,Dev Token
Vaksinasi DTaP-POLIO IPV (Tetraxim),1791,4730,4,40000.00,active,"2025-03-11 09:03:22","2025-03-11 09:03:22",Dev Token,Dev Token
DTaP-POLIO IPV Vaccination (Tetraxim),1791,4730,4,40000.00,active,"2025-03-11 09:03:22","2025-03-11 09:03:22",Dev Token,Dev Token
Vaksinasi DTaP-POLIO IPV (Tetraxim),1792,4731,2,20000.00,active,"2025-03-11 09:03:22","2025-03-11 09:03:22",Dev Token,Dev Token
DTaP-POLIO IPV Vaccination (Tetraxim),1792,4731,2,20000.00,active,"2025-03-11 09:03:22","2025-03-11 09:03:22",Dev Token,Dev Token
Vaksinasi DTaP-POLIO IPV (Tetraxim),1793,4731,3,30000.00,active,"2025-03-11 09:03:23","2025-03-11 09:03:23",Dev Token,Dev Token
DTaP-POLIO IPV Vaccination (Tetraxim),1793,4731,3,30000.00,active,"2025-03-11 09:03:23","2025-03-11 09:03:23",Dev Token,Dev Token
Vaksinasi DTaP-POLIO IPV (Tetraxim),1794,4731,4,40000.00,active,"2025-03-11 09:03:23","2025-03-11 09:03:23",Dev Token,Dev Token
DTaP-POLIO IPV Vaccination (Tetraxim),1794,4731,4,40000.00,active,"2025-03-11 09:03:23","2025-03-11 09:03:23",Dev Token,Dev Token
Vaksinasi Yellow Fever (Stamaril),1795,4735,2,20000.00,active,"2025-03-11 09:03:23","2025-03-11 09:03:23",Dev Token,Dev Token
Yellow Fever Vaccination (Stamaril),1795,4735,2,20000.00,active,"2025-03-11 09:03:23","2025-03-11 09:03:23",Dev Token,Dev Token
Vaksinasi Yellow Fever (Stamaril),1796,4735,3,30000.00,active,"2025-03-11 09:03:23","2025-03-11 09:03:23",Dev Token,Dev Token
Yellow Fever Vaccination (Stamaril),1796,4735,3,30000.00,active,"2025-03-11 09:03:23","2025-03-11 09:03:23",Dev Token,Dev Token
Vaksinasi Yellow Fever (Stamaril),1797,4735,4,40000.00,active,"2025-03-11 09:03:23","2025-03-11 09:03:23",Dev Token,Dev Token
Yellow Fever Vaccination (Stamaril),1797,4735,4,40000.00,active,"2025-03-11 09:03:23","2025-03-11 09:03:23",Dev Token,Dev Token
Vaksinasi Yellow Fever (Stamaril),1798,4736,2,20000.00,active,"2025-03-11 09:03:23","2025-03-11 09:03:23",Dev Token,Dev Token
Yellow Fever Vaccination (Stamaril),1798,4736,2,20000.00,active,"2025-03-11 09:03:23","2025-03-11 09:03:23",Dev Token,Dev Token
Vaksinasi Yellow Fever (Stamaril),1799,4736,3,30000.00,active,"2025-03-11 09:03:23","2025-03-11 09:03:23",Dev Token,Dev Token
Yellow Fever Vaccination (Stamaril),1799,4736,3,30000.00,active,"2025-03-11 09:03:23","2025-03-11 09:03:23",Dev Token,Dev Token
Vaksinasi Yellow Fever (Stamaril),1800,4736,4,40000.00,active,"2025-03-11 09:03:23","2025-03-11 09:03:23",Dev Token,Dev Token
Yellow Fever Vaccination (Stamaril),1800,4736,4,40000.00,active,"2025-03-11 09:03:23","2025-03-11 09:03:23",Dev Token,Dev Token
Vaksinasi Yellow Fever (Stamaril),1801,4743,2,20000.00,active,"2025-03-11 09:03:24","2025-03-11 09:03:24",Dev Token,Dev Token
Yellow Fever Vaccination (Stamaril),1801,4743,2,20000.00,active,"2025-03-11 09:03:24","2025-03-11 09:03:24",Dev Token,Dev Token
Vaksinasi Yellow Fever (Stamaril),1802,4743,3,30000.00,active,"2025-03-11 09:03:24","2025-03-11 09:03:24",Dev Token,Dev Token
Yellow Fever Vaccination (Stamaril),1802,4743,3,30000.00,active,"2025-03-11 09:03:24","2025-03-11 09:03:24",Dev Token,Dev Token
Vaksinasi Yellow Fever (Stamaril),1803,4743,4,40000.00,active,"2025-03-11 09:03:24","2025-03-11 09:03:24",Dev Token,Dev Token
Yellow Fever Vaccination (Stamaril),1803,4743,4,40000.00,active,"2025-03-11 09:03:24","2025-03-11 09:03:24",Dev Token,Dev Token
Vaksinasi Yellow Fever (Stamaril),1804,4744,2,20000.00,active,"2025-03-11 09:03:24","2025-03-11 09:03:24",Dev Token,Dev Token
Yellow Fever Vaccination (Stamaril),1804,4744,2,20000.00,active,"2025-03-11 09:03:24","2025-03-11 09:03:24",Dev Token,Dev Token
Vaksinasi Yellow Fever (Stamaril),1805,4744,3,30000.00,active,"2025-03-11 09:03:24","2025-03-11 09:03:24",Dev Token,Dev Token
Yellow Fever Vaccination (Stamaril),1805,4744,3,30000.00,active,"2025-03-11 09:03:24","2025-03-11 09:03:24",Dev Token,Dev Token
Vaksinasi Yellow Fever (Stamaril),1806,4744,4,40000.00,active,"2025-03-11 09:03:25","2025-03-11 09:03:25",Dev Token,Dev Token
Yellow Fever Vaccination (Stamaril),1806,4744,4,40000.00,active,"2025-03-11 09:03:25","2025-03-11 09:03:25",Dev Token,Dev Token
Vaksinasi Yellow Fever (Stamaril),1807,4737,2,20000.00,active,"2025-03-11 09:03:25","2025-03-11 09:03:25",Dev Token,Dev Token
Yellow Fever Vaccination (Stamaril),1807,4737,2,20000.00,active,"2025-03-11 09:03:25","2025-03-11 09:03:25",Dev Token,Dev Token
Vaksinasi Yellow Fever (Stamaril),1808,4737,3,30000.00,active,"2025-03-11 09:03:25","2025-03-11 09:03:26",Dev Token,Dev Token
Yellow Fever Vaccination (Stamaril),1808,4737,3,30000.00,active,"2025-03-11 09:03:25","2025-03-11 09:03:26",Dev Token,Dev Token
Vaksinasi Yellow Fever (Stamaril),1809,4737,4,40000.00,active,"2025-03-11 09:03:26","2025-03-11 09:03:26",Dev Token,Dev Token
Yellow Fever Vaccination (Stamaril),1809,4737,4,40000.00,active,"2025-03-11 09:03:26","2025-03-11 09:03:26",Dev Token,Dev Token
Vaksinasi Yellow Fever (Stamaril),1810,4738,2,20000.00,active,"2025-03-11 09:03:26","2025-03-11 09:03:26",Dev Token,Dev Token
Yellow Fever Vaccination (Stamaril),1810,4738,2,20000.00,active,"2025-03-11 09:03:26","2025-03-11 09:03:26",Dev Token,Dev Token
Vaksinasi Yellow Fever (Stamaril),1811,4738,3,30000.00,active,"2025-03-11 09:03:26","2025-03-11 09:03:26",Dev Token,Dev Token
Yellow Fever Vaccination (Stamaril),1811,4738,3,30000.00,active,"2025-03-11 09:03:26","2025-03-11 09:03:26",Dev Token,Dev Token
Vaksinasi Yellow Fever (Stamaril),1812,4738,4,40000.00,active,"2025-03-11 09:03:26","2025-03-11 09:03:26",Dev Token,Dev Token
Yellow Fever Vaccination (Stamaril),1812,4738,4,40000.00,active,"2025-03-11 09:03:26","2025-03-11 09:03:26",Dev Token,Dev Token
Vaksinasi Yellow Fever (Stamaril),1813,4739,2,20000.00,active,"2025-03-11 09:03:26","2025-03-11 09:03:26",Dev Token,Dev Token
Yellow Fever Vaccination (Stamaril),1813,4739,2,20000.00,active,"2025-03-11 09:03:26","2025-03-11 09:03:26",Dev Token,Dev Token
Vaksinasi Yellow Fever (Stamaril),1814,4739,3,30000.00,active,"2025-03-11 09:03:26","2025-03-11 09:03:26",Dev Token,Dev Token
Yellow Fever Vaccination (Stamaril),1814,4739,3,30000.00,active,"2025-03-11 09:03:26","2025-03-11 09:03:26",Dev Token,Dev Token
Vaksinasi Yellow Fever (Stamaril),1815,4739,4,40000.00,active,"2025-03-11 09:03:26","2025-03-11 09:03:26",Dev Token,Dev Token
Yellow Fever Vaccination (Stamaril),1815,4739,4,40000.00,active,"2025-03-11 09:03:26","2025-03-11 09:03:26",Dev Token,Dev Token
Vaksinasi Yellow Fever (Stamaril),1816,4740,2,20000.00,active,"2025-03-11 09:03:26","2025-03-11 09:03:26",Dev Token,Dev Token
Yellow Fever Vaccination (Stamaril),1816,4740,2,20000.00,active,"2025-03-11 09:03:26","2025-03-11 09:03:26",Dev Token,Dev Token
Vaksinasi Yellow Fever (Stamaril),1817,4740,3,30000.00,active,"2025-03-11 09:03:26","2025-03-11 09:03:26",Dev Token,Dev Token
Yellow Fever Vaccination (Stamaril),1817,4740,3,30000.00,active,"2025-03-11 09:03:26","2025-03-11 09:03:26",Dev Token,Dev Token
Vaksinasi Yellow Fever (Stamaril),1818,4740,4,40000.00,active,"2025-03-11 09:03:26","2025-03-11 09:03:26",Dev Token,Dev Token
Yellow Fever Vaccination (Stamaril),1818,4740,4,40000.00,active,"2025-03-11 09:03:26","2025-03-11 09:03:26",Dev Token,Dev Token
Vaksinasi Yellow Fever (Stamaril),1819,4741,2,20000.00,active,"2025-03-11 09:03:26","2025-03-11 09:03:26",Dev Token,Dev Token
Yellow Fever Vaccination (Stamaril),1819,4741,2,20000.00,active,"2025-03-11 09:03:26","2025-03-11 09:03:26",Dev Token,Dev Token
Vaksinasi Yellow Fever (Stamaril),1820,4741,3,30000.00,active,"2025-03-11 09:03:26","2025-03-11 09:03:27",Dev Token,Dev Token
Yellow Fever Vaccination (Stamaril),1820,4741,3,30000.00,active,"2025-03-11 09:03:26","2025-03-11 09:03:27",Dev Token,Dev Token
Vaksinasi Yellow Fever (Stamaril),1821,4741,4,40000.00,active,"2025-03-11 09:03:27","2025-03-11 09:03:27",Dev Token,Dev Token
Yellow Fever Vaccination (Stamaril),1821,4741,4,40000.00,active,"2025-03-11 09:03:27","2025-03-11 09:03:27",Dev Token,Dev Token
Vaksinasi Yellow Fever (Stamaril),1822,4742,2,20000.00,active,"2025-03-11 09:03:27","2025-03-11 09:03:27",Dev Token,Dev Token
Yellow Fever Vaccination (Stamaril),1822,4742,2,20000.00,active,"2025-03-11 09:03:27","2025-03-11 09:03:27",Dev Token,Dev Token
Vaksinasi Yellow Fever (Stamaril),1823,4742,3,30000.00,active,"2025-03-11 09:03:27","2025-03-11 09:03:27",Dev Token,Dev Token
Yellow Fever Vaccination (Stamaril),1823,4742,3,30000.00,active,"2025-03-11 09:03:27","2025-03-11 09:03:27",Dev Token,Dev Token
Vaksinasi Yellow Fever (Stamaril),1824,4742,4,40000.00,active,"2025-03-11 09:03:27","2025-03-11 09:03:27",Dev Token,Dev Token
Yellow Fever Vaccination (Stamaril),1824,4742,4,40000.00,active,"2025-03-11 09:03:27","2025-03-11 09:03:27",Dev Token,Dev Token
Infus Zat Besi (Ferinject),1825,4745,2,20000.00,active,"2025-03-11 10:27:42","2025-03-11 10:27:42",Dev Token,Dev Token
Iron Infusion (Ferinject),1825,4745,2,20000.00,active,"2025-03-11 10:27:42","2025-03-11 10:27:42",Dev Token,Dev Token
Infus Zat Besi (Ferinject),1826,4745,3,30000.00,active,"2025-03-11 10:27:42","2025-03-11 10:27:42",Dev Token,Dev Token
Iron Infusion (Ferinject),1826,4745,3,30000.00,active,"2025-03-11 10:27:42","2025-03-11 10:27:42",Dev Token,Dev Token
Infus Zat Besi (Ferinject),1827,4745,4,40000.00,active,"2025-03-11 10:27:42","2025-03-11 10:27:42",Dev Token,Dev Token
Iron Infusion (Ferinject),1827,4745,4,40000.00,active,"2025-03-11 10:27:42","2025-03-11 10:27:42",Dev Token,Dev Token
Infus Zat Besi (Ferinject),1828,4746,2,20000.00,active,"2025-03-11 10:27:42","2025-03-11 10:27:42",Dev Token,Dev Token
Iron Infusion (Ferinject),1828,4746,2,20000.00,active,"2025-03-11 10:27:42","2025-03-11 10:27:42",Dev Token,Dev Token
Infus Zat Besi (Ferinject),1829,4746,3,30000.00,active,"2025-03-11 10:27:42","2025-03-11 10:27:42",Dev Token,Dev Token
Iron Infusion (Ferinject),1829,4746,3,30000.00,active,"2025-03-11 10:27:42","2025-03-11 10:27:42",Dev Token,Dev Token
Infus Zat Besi (Ferinject),1830,4746,4,40000.00,active,"2025-03-11 10:27:42","2025-03-11 10:27:42",Dev Token,Dev Token
Iron Infusion (Ferinject),1830,4746,4,40000.00,active,"2025-03-11 10:27:42","2025-03-11 10:27:42",Dev Token,Dev Token
Infus Zat Besi (Ferinject),1831,4753,2,20000.00,active,"2025-03-11 10:27:42","2025-03-11 10:27:42",Dev Token,Dev Token
Iron Infusion (Ferinject),1831,4753,2,20000.00,active,"2025-03-11 10:27:42","2025-03-11 10:27:42",Dev Token,Dev Token
Infus Zat Besi (Ferinject),1832,4753,3,30000.00,active,"2025-03-11 10:27:43","2025-03-11 10:27:43",Dev Token,Dev Token
Iron Infusion (Ferinject),1832,4753,3,30000.00,active,"2025-03-11 10:27:43","2025-03-11 10:27:43",Dev Token,Dev Token
Infus Zat Besi (Ferinject),1833,4753,4,40000.00,active,"2025-03-11 10:27:43","2025-03-11 10:27:43",Dev Token,Dev Token
Iron Infusion (Ferinject),1833,4753,4,40000.00,active,"2025-03-11 10:27:43","2025-03-11 10:27:43",Dev Token,Dev Token
Infus Zat Besi (Ferinject),1834,4754,2,20000.00,active,"2025-03-11 10:27:43","2025-03-11 10:27:43",Dev Token,Dev Token
Iron Infusion (Ferinject),1834,4754,2,20000.00,active,"2025-03-11 10:27:43","2025-03-11 10:27:43",Dev Token,Dev Token
Infus Zat Besi (Ferinject),1835,4754,3,30000.00,active,"2025-03-11 10:27:43","2025-03-11 10:27:43",Dev Token,Dev Token
Iron Infusion (Ferinject),1835,4754,3,30000.00,active,"2025-03-11 10:27:43","2025-03-11 10:27:43",Dev Token,Dev Token
Infus Zat Besi (Ferinject),1836,4754,4,40000.00,active,"2025-03-11 10:27:43","2025-03-11 10:27:43",Dev Token,Dev Token
Iron Infusion (Ferinject),1836,4754,4,40000.00,active,"2025-03-11 10:27:43","2025-03-11 10:27:43",Dev Token,Dev Token
Infus Zat Besi (Ferinject),1837,4747,2,20000.00,active,"2025-03-11 10:27:43","2025-03-11 10:27:43",Dev Token,Dev Token
Iron Infusion (Ferinject),1837,4747,2,20000.00,active,"2025-03-11 10:27:43","2025-03-11 10:27:43",Dev Token,Dev Token
Infus Zat Besi (Ferinject),1838,4747,3,30000.00,active,"2025-03-11 10:27:43","2025-03-11 10:27:43",Dev Token,Dev Token
Iron Infusion (Ferinject),1838,4747,3,30000.00,active,"2025-03-11 10:27:43","2025-03-11 10:27:43",Dev Token,Dev Token
Infus Zat Besi (Ferinject),1839,4747,4,40000.00,active,"2025-03-11 10:27:43","2025-03-11 10:27:43",Dev Token,Dev Token
Iron Infusion (Ferinject),1839,4747,4,40000.00,active,"2025-03-11 10:27:43","2025-03-11 10:27:43",Dev Token,Dev Token
Infus Zat Besi (Ferinject),1840,4748,2,20000.00,active,"2025-03-11 10:27:43","2025-03-11 10:27:43",Dev Token,Dev Token
Iron Infusion (Ferinject),1840,4748,2,20000.00,active,"2025-03-11 10:27:43","2025-03-11 10:27:43",Dev Token,Dev Token
Infus Zat Besi (Ferinject),1841,4748,3,30000.00,active,"2025-03-11 10:27:43","2025-03-11 10:27:43",Dev Token,Dev Token
Iron Infusion (Ferinject),1841,4748,3,30000.00,active,"2025-03-11 10:27:43","2025-03-11 10:27:43",Dev Token,Dev Token
Infus Zat Besi (Ferinject),1842,4748,4,40000.00,active,"2025-03-11 10:27:43","2025-03-11 10:27:43",Dev Token,Dev Token
Iron Infusion (Ferinject),1842,4748,4,40000.00,active,"2025-03-11 10:27:43","2025-03-11 10:27:43",Dev Token,Dev Token
Infus Zat Besi (Ferinject),1843,4749,2,20000.00,active,"2025-03-11 10:27:44","2025-03-11 10:27:44",Dev Token,Dev Token
Iron Infusion (Ferinject),1843,4749,2,20000.00,active,"2025-03-11 10:27:44","2025-03-11 10:27:44",Dev Token,Dev Token
Infus Zat Besi (Ferinject),1844,4749,3,30000.00,active,"2025-03-11 10:27:44","2025-03-11 10:27:44",Dev Token,Dev Token
Iron Infusion (Ferinject),1844,4749,3,30000.00,active,"2025-03-11 10:27:44","2025-03-11 10:27:44",Dev Token,Dev Token
Infus Zat Besi (Ferinject),1845,4749,4,40000.00,active,"2025-03-11 10:27:44","2025-03-11 10:27:44",Dev Token,Dev Token
Iron Infusion (Ferinject),1845,4749,4,40000.00,active,"2025-03-11 10:27:44","2025-03-11 10:27:44",Dev Token,Dev Token
Infus Zat Besi (Ferinject),1846,4750,2,20000.00,active,"2025-03-11 10:27:44","2025-03-11 10:27:44",Dev Token,Dev Token
Iron Infusion (Ferinject),1846,4750,2,20000.00,active,"2025-03-11 10:27:44","2025-03-11 10:27:44",Dev Token,Dev Token
Infus Zat Besi (Ferinject),1847,4750,3,30000.00,active,"2025-03-11 10:27:44","2025-03-11 10:27:44",Dev Token,Dev Token
Iron Infusion (Ferinject),1847,4750,3,30000.00,active,"2025-03-11 10:27:44","2025-03-11 10:27:44",Dev Token,Dev Token
Infus Zat Besi (Ferinject),1848,4750,4,40000.00,active,"2025-03-11 10:27:44","2025-03-11 10:27:44",Dev Token,Dev Token
Iron Infusion (Ferinject),1848,4750,4,40000.00,active,"2025-03-11 10:27:44","2025-03-11 10:27:44",Dev Token,Dev Token
Infus Zat Besi (Ferinject),1849,4751,2,20000.00,active,"2025-03-11 10:27:44","2025-03-11 10:27:44",Dev Token,Dev Token
Iron Infusion (Ferinject),1849,4751,2,20000.00,active,"2025-03-11 10:27:44","2025-03-11 10:27:44",Dev Token,Dev Token
Infus Zat Besi (Ferinject),1850,4751,3,30000.00,active,"2025-03-11 10:27:44","2025-03-11 10:27:44",Dev Token,Dev Token
Iron Infusion (Ferinject),1850,4751,3,30000.00,active,"2025-03-11 10:27:44","2025-03-11 10:27:44",Dev Token,Dev Token
Infus Zat Besi (Ferinject),1851,4751,4,40000.00,active,"2025-03-11 10:27:44","2025-03-11 10:27:44",Dev Token,Dev Token
Iron Infusion (Ferinject),1851,4751,4,40000.00,active,"2025-03-11 10:27:44","2025-03-11 10:27:44",Dev Token,Dev Token
Infus Zat Besi (Ferinject),1852,4752,2,20000.00,active,"2025-03-11 10:27:44","2025-03-11 10:27:44",Dev Token,Dev Token
Iron Infusion (Ferinject),1852,4752,2,20000.00,active,"2025-03-11 10:27:44","2025-03-11 10:27:44",Dev Token,Dev Token
Infus Zat Besi (Ferinject),1853,4752,3,30000.00,active,"2025-03-11 10:27:45","2025-03-11 10:27:45",Dev Token,Dev Token
Iron Infusion (Ferinject),1853,4752,3,30000.00,active,"2025-03-11 10:27:45","2025-03-11 10:27:45",Dev Token,Dev Token
Infus Zat Besi (Ferinject),1854,4752,4,40000.00,active,"2025-03-11 10:27:45","2025-03-11 10:27:45",Dev Token,Dev Token
Iron Infusion (Ferinject),1854,4752,4,40000.00,active,"2025-03-11 10:27:45","2025-03-11 10:27:45",Dev Token,Dev Token
Vaksinasi Pneumonia PCV20 (Prevenar 20),1855,4662,2,20000.00,active,"2025-03-11 10:27:45","2025-03-11 10:27:45",Dev Token,Dev Token
Pneumonia PCV20 Vaccination (Prevenar 20),1855,4662,2,20000.00,active,"2025-03-11 10:27:45","2025-03-11 10:27:45",Dev Token,Dev Token
Vaksinasi Pneumonia PCV20 (Prevenar 20),1856,4662,3,30000.00,active,"2025-03-11 10:27:45","2025-03-11 10:27:45",Dev Token,Dev Token
Pneumonia PCV20 Vaccination (Prevenar 20),1856,4662,3,30000.00,active,"2025-03-11 10:27:45","2025-03-11 10:27:45",Dev Token,Dev Token
Vaksinasi Pneumonia PCV20 (Prevenar 20),1857,4662,4,40000.00,active,"2025-03-11 10:27:45","2025-03-11 10:27:45",Dev Token,Dev Token
Pneumonia PCV20 Vaccination (Prevenar 20),1857,4662,4,40000.00,active,"2025-03-11 10:27:45","2025-03-11 10:27:45",Dev Token,Dev Token
Vaksinasi Pneumonia PCV20 (Prevenar 20),1858,4663,2,20000.00,active,"2025-03-11 10:27:45","2025-03-11 10:27:45",Dev Token,Dev Token
Pneumonia PCV20 Vaccination (Prevenar 20),1858,4663,2,20000.00,active,"2025-03-11 10:27:45","2025-03-11 10:27:45",Dev Token,Dev Token
Vaksinasi Pneumonia PCV20 (Prevenar 20),1859,4663,3,30000.00,active,"2025-03-11 10:27:45","2025-03-11 10:27:45",Dev Token,Dev Token
Pneumonia PCV20 Vaccination (Prevenar 20),1859,4663,3,30000.00,active,"2025-03-11 10:27:45","2025-03-11 10:27:45",Dev Token,Dev Token
Vaksinasi Pneumonia PCV20 (Prevenar 20),1860,4663,4,40000.00,active,"2025-03-11 10:27:45","2025-03-11 10:27:45",Dev Token,Dev Token
Pneumonia PCV20 Vaccination (Prevenar 20),1860,4663,4,40000.00,active,"2025-03-11 10:27:45","2025-03-11 10:27:45",Dev Token,Dev Token
Vaksinasi Pneumonia PCV20 (Prevenar 20),1861,4670,2,20000.00,active,"2025-03-11 10:27:45","2025-03-11 10:27:45",Dev Token,Dev Token
Pneumonia PCV20 Vaccination (Prevenar 20),1861,4670,2,20000.00,active,"2025-03-11 10:27:45","2025-03-11 10:27:45",Dev Token,Dev Token
Vaksinasi Pneumonia PCV20 (Prevenar 20),1862,4670,3,30000.00,active,"2025-03-11 10:27:45","2025-03-11 10:27:45",Dev Token,Dev Token
Pneumonia PCV20 Vaccination (Prevenar 20),1862,4670,3,30000.00,active,"2025-03-11 10:27:45","2025-03-11 10:27:45",Dev Token,Dev Token
Vaksinasi Pneumonia PCV20 (Prevenar 20),1863,4670,4,40000.00,active,"2025-03-11 10:27:45","2025-03-11 10:27:45",Dev Token,Dev Token
Pneumonia PCV20 Vaccination (Prevenar 20),1863,4670,4,40000.00,active,"2025-03-11 10:27:45","2025-03-11 10:27:45",Dev Token,Dev Token
Vaksinasi Pneumonia PCV20 (Prevenar 20),1864,4671,2,20000.00,active,"2025-03-11 10:27:46","2025-03-11 10:27:46",Dev Token,Dev Token
Pneumonia PCV20 Vaccination (Prevenar 20),1864,4671,2,20000.00,active,"2025-03-11 10:27:46","2025-03-11 10:27:46",Dev Token,Dev Token
Vaksinasi Pneumonia PCV20 (Prevenar 20),1865,4671,3,30000.00,active,"2025-03-11 10:27:46","2025-03-11 10:27:46",Dev Token,Dev Token
Pneumonia PCV20 Vaccination (Prevenar 20),1865,4671,3,30000.00,active,"2025-03-11 10:27:46","2025-03-11 10:27:46",Dev Token,Dev Token
Vaksinasi Pneumonia PCV20 (Prevenar 20),1866,4671,4,40000.00,active,"2025-03-11 10:27:46","2025-03-11 10:27:46",Dev Token,Dev Token
Pneumonia PCV20 Vaccination (Prevenar 20),1866,4671,4,40000.00,active,"2025-03-11 10:27:46","2025-03-11 10:27:46",Dev Token,Dev Token
Vaksinasi Pneumonia PCV20 (Prevenar 20),1867,4664,2,20000.00,active,"2025-03-11 10:27:46","2025-03-11 10:27:46",Dev Token,Dev Token
Pneumonia PCV20 Vaccination (Prevenar 20),1867,4664,2,20000.00,active,"2025-03-11 10:27:46","2025-03-11 10:27:46",Dev Token,Dev Token
Vaksinasi Pneumonia PCV20 (Prevenar 20),1868,4664,3,30000.00,active,"2025-03-11 10:27:46","2025-03-11 10:27:46",Dev Token,Dev Token
Pneumonia PCV20 Vaccination (Prevenar 20),1868,4664,3,30000.00,active,"2025-03-11 10:27:46","2025-03-11 10:27:46",Dev Token,Dev Token
Vaksinasi Pneumonia PCV20 (Prevenar 20),1869,4664,4,40000.00,active,"2025-03-11 10:27:46","2025-03-11 10:27:46",Dev Token,Dev Token
Pneumonia PCV20 Vaccination (Prevenar 20),1869,4664,4,40000.00,active,"2025-03-11 10:27:46","2025-03-11 10:27:46",Dev Token,Dev Token
Vaksinasi Pneumonia PCV20 (Prevenar 20),1870,4665,2,20000.00,active,"2025-03-11 10:27:46","2025-03-11 10:27:46",Dev Token,Dev Token
Pneumonia PCV20 Vaccination (Prevenar 20),1870,4665,2,20000.00,active,"2025-03-11 10:27:46","2025-03-11 10:27:46",Dev Token,Dev Token
Vaksinasi Pneumonia PCV20 (Prevenar 20),1871,4665,3,30000.00,active,"2025-03-11 10:27:46","2025-03-11 10:27:46",Dev Token,Dev Token
Pneumonia PCV20 Vaccination (Prevenar 20),1871,4665,3,30000.00,active,"2025-03-11 10:27:46","2025-03-11 10:27:46",Dev Token,Dev Token
Vaksinasi Pneumonia PCV20 (Prevenar 20),1872,4665,4,40000.00,active,"2025-03-11 10:27:46","2025-03-11 10:27:46",Dev Token,Dev Token
Pneumonia PCV20 Vaccination (Prevenar 20),1872,4665,4,40000.00,active,"2025-03-11 10:27:46","2025-03-11 10:27:46",Dev Token,Dev Token
Vaksinasi Pneumonia PCV20 (Prevenar 20),1873,4666,2,20000.00,active,"2025-03-11 10:27:46","2025-03-11 10:27:46",Dev Token,Dev Token
Pneumonia PCV20 Vaccination (Prevenar 20),1873,4666,2,20000.00,active,"2025-03-11 10:27:46","2025-03-11 10:27:46",Dev Token,Dev Token
Vaksinasi Pneumonia PCV20 (Prevenar 20),1874,4666,3,30000.00,active,"2025-03-11 10:27:46","2025-03-11 10:27:46",Dev Token,Dev Token
Pneumonia PCV20 Vaccination (Prevenar 20),1874,4666,3,30000.00,active,"2025-03-11 10:27:46","2025-03-11 10:27:46",Dev Token,Dev Token
Vaksinasi Pneumonia PCV20 (Prevenar 20),1875,4666,4,40000.00,active,"2025-03-11 10:27:47","2025-03-11 10:27:47",Dev Token,Dev Token
Pneumonia PCV20 Vaccination (Prevenar 20),1875,4666,4,40000.00,active,"2025-03-11 10:27:47","2025-03-11 10:27:47",Dev Token,Dev Token
Vaksinasi Pneumonia PCV20 (Prevenar 20),1876,4667,2,20000.00,active,"2025-03-11 10:27:47","2025-03-11 10:27:47",Dev Token,Dev Token
Pneumonia PCV20 Vaccination (Prevenar 20),1876,4667,2,20000.00,active,"2025-03-11 10:27:47","2025-03-11 10:27:47",Dev Token,Dev Token
Vaksinasi Pneumonia PCV20 (Prevenar 20),1877,4667,3,30000.00,active,"2025-03-11 10:27:47","2025-03-11 10:27:47",Dev Token,Dev Token
Pneumonia PCV20 Vaccination (Prevenar 20),1877,4667,3,30000.00,active,"2025-03-11 10:27:47","2025-03-11 10:27:47",Dev Token,Dev Token
Vaksinasi Pneumonia PCV20 (Prevenar 20),1878,4667,4,40000.00,active,"2025-03-11 10:27:47","2025-03-11 10:27:47",Dev Token,Dev Token
Pneumonia PCV20 Vaccination (Prevenar 20),1878,4667,4,40000.00,active,"2025-03-11 10:27:47","2025-03-11 10:27:47",Dev Token,Dev Token
Vaksinasi Pneumonia PCV20 (Prevenar 20),1879,4668,2,20000.00,active,"2025-03-11 10:27:47","2025-03-11 10:27:47",Dev Token,Dev Token
Pneumonia PCV20 Vaccination (Prevenar 20),1879,4668,2,20000.00,active,"2025-03-11 10:27:47","2025-03-11 10:27:47",Dev Token,Dev Token
Vaksinasi Pneumonia PCV20 (Prevenar 20),1880,4668,3,30000.00,active,"2025-03-11 10:27:47","2025-03-11 10:27:47",Dev Token,Dev Token
Pneumonia PCV20 Vaccination (Prevenar 20),1880,4668,3,30000.00,active,"2025-03-11 10:27:47","2025-03-11 10:27:47",Dev Token,Dev Token
Vaksinasi Pneumonia PCV20 (Prevenar 20),1881,4668,4,40000.00,active,"2025-03-11 10:27:47","2025-03-11 10:27:47",Dev Token,Dev Token
Pneumonia PCV20 Vaccination (Prevenar 20),1881,4668,4,40000.00,active,"2025-03-11 10:27:47","2025-03-11 10:27:47",Dev Token,Dev Token
Vaksinasi Pneumonia PCV20 (Prevenar 20),1882,4669,2,20000.00,active,"2025-03-11 10:27:47","2025-03-11 10:27:47",Dev Token,Dev Token
Pneumonia PCV20 Vaccination (Prevenar 20),1882,4669,2,20000.00,active,"2025-03-11 10:27:47","2025-03-11 10:27:47",Dev Token,Dev Token
Vaksinasi Pneumonia PCV20 (Prevenar 20),1883,4669,3,30000.00,active,"2025-03-11 10:27:47","2025-03-11 10:27:47",Dev Token,Dev Token
Pneumonia PCV20 Vaccination (Prevenar 20),1883,4669,3,30000.00,active,"2025-03-11 10:27:47","2025-03-11 10:27:47",Dev Token,Dev Token
Vaksinasi Pneumonia PCV20 (Prevenar 20),1884,4669,4,40000.00,active,"2025-03-11 10:27:47","2025-03-11 10:27:47",Dev Token,Dev Token
Pneumonia PCV20 Vaccination (Prevenar 20),1884,4669,4,40000.00,active,"2025-03-11 10:27:47","2025-03-11 10:27:47",Dev Token,Dev Token
Vaksinasi Pneumonia PCV15 (Vaxneuvance),1885,4652,2,20000.00,active,"2025-03-11 10:27:47","2025-03-11 10:27:47",Dev Token,Dev Token
Pneumonia PCV15 Vaccination (Vaxneuvance),1885,4652,2,20000.00,active,"2025-03-11 10:27:47","2025-03-11 10:27:47",Dev Token,Dev Token
Vaksinasi Pneumonia PCV15 (Vaxneuvance),1886,4652,3,30000.00,active,"2025-03-11 10:27:47","2025-03-11 10:27:47",Dev Token,Dev Token
Pneumonia PCV15 Vaccination (Vaxneuvance),1886,4652,3,30000.00,active,"2025-03-11 10:27:47","2025-03-11 10:27:47",Dev Token,Dev Token
Vaksinasi Pneumonia PCV15 (Vaxneuvance),1887,4652,4,40000.00,active,"2025-03-11 10:27:47","2025-03-11 10:27:47",Dev Token,Dev Token
Pneumonia PCV15 Vaccination (Vaxneuvance),1887,4652,4,40000.00,active,"2025-03-11 10:27:47","2025-03-11 10:27:47",Dev Token,Dev Token
Vaksinasi Pneumonia PCV15 (Vaxneuvance),1888,4653,2,20000.00,active,"2025-03-11 10:27:48","2025-03-11 10:27:48",Dev Token,Dev Token
Pneumonia PCV15 Vaccination (Vaxneuvance),1888,4653,2,20000.00,active,"2025-03-11 10:27:48","2025-03-11 10:27:48",Dev Token,Dev Token
Vaksinasi Pneumonia PCV15 (Vaxneuvance),1889,4653,3,30000.00,active,"2025-03-11 10:27:48","2025-03-11 10:27:48",Dev Token,Dev Token
Pneumonia PCV15 Vaccination (Vaxneuvance),1889,4653,3,30000.00,active,"2025-03-11 10:27:48","2025-03-11 10:27:48",Dev Token,Dev Token
Vaksinasi Pneumonia PCV15 (Vaxneuvance),1890,4653,4,40000.00,active,"2025-03-11 10:27:48","2025-03-11 10:27:48",Dev Token,Dev Token
Pneumonia PCV15 Vaccination (Vaxneuvance),1890,4653,4,40000.00,active,"2025-03-11 10:27:48","2025-03-11 10:27:48",Dev Token,Dev Token
Vaksinasi Pneumonia PCV15 (Vaxneuvance),1891,4660,2,20000.00,active,"2025-03-11 10:27:48","2025-03-11 10:27:48",Dev Token,Dev Token
Pneumonia PCV15 Vaccination (Vaxneuvance),1891,4660,2,20000.00,active,"2025-03-11 10:27:48","2025-03-11 10:27:48",Dev Token,Dev Token
Vaksinasi Pneumonia PCV15 (Vaxneuvance),1892,4660,3,30000.00,active,"2025-03-11 10:27:48","2025-03-11 10:27:48",Dev Token,Dev Token
Pneumonia PCV15 Vaccination (Vaxneuvance),1892,4660,3,30000.00,active,"2025-03-11 10:27:48","2025-03-11 10:27:48",Dev Token,Dev Token
Vaksinasi Pneumonia PCV15 (Vaxneuvance),1893,4660,4,40000.00,active,"2025-03-11 10:27:48","2025-03-11 10:27:48",Dev Token,Dev Token
Pneumonia PCV15 Vaccination (Vaxneuvance),1893,4660,4,40000.00,active,"2025-03-11 10:27:48","2025-03-11 10:27:48",Dev Token,Dev Token
Vaksinasi Pneumonia PCV15 (Vaxneuvance),1894,4661,2,20000.00,active,"2025-03-11 10:27:48","2025-03-11 10:27:48",Dev Token,Dev Token
Pneumonia PCV15 Vaccination (Vaxneuvance),1894,4661,2,20000.00,active,"2025-03-11 10:27:48","2025-03-11 10:27:48",Dev Token,Dev Token
Vaksinasi Pneumonia PCV15 (Vaxneuvance),1895,4661,3,30000.00,active,"2025-03-11 10:27:48","2025-03-11 10:27:48",Dev Token,Dev Token
Pneumonia PCV15 Vaccination (Vaxneuvance),1895,4661,3,30000.00,active,"2025-03-11 10:27:48","2025-03-11 10:27:48",Dev Token,Dev Token
Vaksinasi Pneumonia PCV15 (Vaxneuvance),1896,4661,4,40000.00,active,"2025-03-11 10:27:48","2025-03-11 10:27:48",Dev Token,Dev Token
Pneumonia PCV15 Vaccination (Vaxneuvance),1896,4661,4,40000.00,active,"2025-03-11 10:27:48","2025-03-11 10:27:48",Dev Token,Dev Token
Vaksinasi Pneumonia PCV15 (Vaxneuvance),1897,4654,2,20000.00,active,"2025-03-11 10:27:48","2025-03-11 10:27:48",Dev Token,Dev Token
Pneumonia PCV15 Vaccination (Vaxneuvance),1897,4654,2,20000.00,active,"2025-03-11 10:27:48","2025-03-11 10:27:48",Dev Token,Dev Token
Vaksinasi Pneumonia PCV15 (Vaxneuvance),1898,4654,3,30000.00,active,"2025-03-11 10:27:49","2025-03-11 10:27:49",Dev Token,Dev Token
Pneumonia PCV15 Vaccination (Vaxneuvance),1898,4654,3,30000.00,active,"2025-03-11 10:27:49","2025-03-11 10:27:49",Dev Token,Dev Token
Vaksinasi Pneumonia PCV15 (Vaxneuvance),1899,4654,4,40000.00,active,"2025-03-11 10:27:49","2025-03-11 10:27:49",Dev Token,Dev Token
Pneumonia PCV15 Vaccination (Vaxneuvance),1899,4654,4,40000.00,active,"2025-03-11 10:27:49","2025-03-11 10:27:49",Dev Token,Dev Token
Vaksinasi Pneumonia PCV15 (Vaxneuvance),1900,4655,2,20000.00,active,"2025-03-11 10:27:49","2025-03-11 10:27:49",Dev Token,Dev Token
Pneumonia PCV15 Vaccination (Vaxneuvance),1900,4655,2,20000.00,active,"2025-03-11 10:27:49","2025-03-11 10:27:49",Dev Token,Dev Token
Vaksinasi Pneumonia PCV15 (Vaxneuvance),1901,4655,3,30000.00,active,"2025-03-11 10:27:49","2025-03-11 10:27:49",Dev Token,Dev Token
Pneumonia PCV15 Vaccination (Vaxneuvance),1901,4655,3,30000.00,active,"2025-03-11 10:27:49","2025-03-11 10:27:49",Dev Token,Dev Token
Vaksinasi Pneumonia PCV15 (Vaxneuvance),1902,4655,4,40000.00,active,"2025-03-11 10:27:49","2025-03-11 10:27:49",Dev Token,Dev Token
Pneumonia PCV15 Vaccination (Vaxneuvance),1902,4655,4,40000.00,active,"2025-03-11 10:27:49","2025-03-11 10:27:49",Dev Token,Dev Token
Vaksinasi Pneumonia PCV15 (Vaxneuvance),1903,4656,2,20000.00,active,"2025-03-11 10:27:49","2025-03-11 10:27:49",Dev Token,Dev Token
Pneumonia PCV15 Vaccination (Vaxneuvance),1903,4656,2,20000.00,active,"2025-03-11 10:27:49","2025-03-11 10:27:49",Dev Token,Dev Token
Vaksinasi Pneumonia PCV15 (Vaxneuvance),1904,4656,3,30000.00,active,"2025-03-11 10:27:49","2025-03-11 10:27:49",Dev Token,Dev Token
Pneumonia PCV15 Vaccination (Vaxneuvance),1904,4656,3,30000.00,active,"2025-03-11 10:27:49","2025-03-11 10:27:49",Dev Token,Dev Token
Vaksinasi Pneumonia PCV15 (Vaxneuvance),1905,4656,4,40000.00,active,"2025-03-11 10:27:50","2025-03-11 10:27:50",Dev Token,Dev Token
Pneumonia PCV15 Vaccination (Vaxneuvance),1905,4656,4,40000.00,active,"2025-03-11 10:27:50","2025-03-11 10:27:50",Dev Token,Dev Token
Vaksinasi Pneumonia PCV15 (Vaxneuvance),1906,4657,2,20000.00,active,"2025-03-11 10:27:50","2025-03-11 10:27:50",Dev Token,Dev Token
Pneumonia PCV15 Vaccination (Vaxneuvance),1906,4657,2,20000.00,active,"2025-03-11 10:27:50","2025-03-11 10:27:50",Dev Token,Dev Token
Vaksinasi Pneumonia PCV15 (Vaxneuvance),1907,4657,3,30000.00,active,"2025-03-11 10:27:50","2025-03-11 10:27:50",Dev Token,Dev Token
Pneumonia PCV15 Vaccination (Vaxneuvance),1907,4657,3,30000.00,active,"2025-03-11 10:27:50","2025-03-11 10:27:50",Dev Token,Dev Token
Vaksinasi Pneumonia PCV15 (Vaxneuvance),1908,4657,4,40000.00,active,"2025-03-11 10:27:50","2025-03-11 10:27:50",Dev Token,Dev Token
Pneumonia PCV15 Vaccination (Vaxneuvance),1908,4657,4,40000.00,active,"2025-03-11 10:27:50","2025-03-11 10:27:50",Dev Token,Dev Token
Vaksinasi Pneumonia PCV15 (Vaxneuvance),1909,4658,2,20000.00,active,"2025-03-11 10:27:50","2025-03-11 10:27:50",Dev Token,Dev Token
Pneumonia PCV15 Vaccination (Vaxneuvance),1909,4658,2,20000.00,active,"2025-03-11 10:27:50","2025-03-11 10:27:50",Dev Token,Dev Token
Vaksinasi Pneumonia PCV15 (Vaxneuvance),1910,4658,3,30000.00,active,"2025-03-11 10:27:50","2025-03-11 10:27:50",Dev Token,Dev Token
Pneumonia PCV15 Vaccination (Vaxneuvance),1910,4658,3,30000.00,active,"2025-03-11 10:27:50","2025-03-11 10:27:50",Dev Token,Dev Token
Vaksinasi Pneumonia PCV15 (Vaxneuvance),1911,4658,4,40000.00,active,"2025-03-11 10:27:50","2025-03-11 10:27:51",Dev Token,Dev Token
Pneumonia PCV15 Vaccination (Vaxneuvance),1911,4658,4,40000.00,active,"2025-03-11 10:27:50","2025-03-11 10:27:51",Dev Token,Dev Token
Vaksinasi Pneumonia PCV15 (Vaxneuvance),1912,4659,2,20000.00,active,"2025-03-11 10:27:51","2025-03-11 10:27:51",Dev Token,Dev Token
Pneumonia PCV15 Vaccination (Vaxneuvance),1912,4659,2,20000.00,active,"2025-03-11 10:27:51","2025-03-11 10:27:51",Dev Token,Dev Token
Vaksinasi Pneumonia PCV15 (Vaxneuvance),1913,4659,3,30000.00,active,"2025-03-11 10:27:51","2025-03-11 10:27:51",Dev Token,Dev Token
Pneumonia PCV15 Vaccination (Vaxneuvance),1913,4659,3,30000.00,active,"2025-03-11 10:27:51","2025-03-11 10:27:51",Dev Token,Dev Token
Vaksinasi Pneumonia PCV15 (Vaxneuvance),1914,4659,4,40000.00,active,"2025-03-11 10:27:51","2025-03-11 10:27:51",Dev Token,Dev Token
Pneumonia PCV15 Vaccination (Vaxneuvance),1914,4659,4,40000.00,active,"2025-03-11 10:27:51","2025-03-11 10:27:51",Dev Token,Dev Token
Vaksinasi Pneumonia PCV10 (Synflorix),1915,4651,2,20000.00,active,"2025-03-11 10:27:51","2025-03-11 10:27:51",Dev Token,Dev Token
Pneumonia PCV10 Vaccination (Synflorix),1915,4651,2,20000.00,active,"2025-03-11 10:27:51","2025-03-11 10:27:51",Dev Token,Dev Token
Vaksinasi Pneumonia PCV10 (Synflorix),1916,4651,3,30000.00,active,"2025-03-11 10:27:51","2025-03-11 10:27:51",Dev Token,Dev Token
Pneumonia PCV10 Vaccination (Synflorix),1916,4651,3,30000.00,active,"2025-03-11 10:27:51","2025-03-11 10:27:51",Dev Token,Dev Token
Vaksinasi Pneumonia PCV10 (Synflorix),1917,4651,4,40000.00,active,"2025-03-11 10:27:51","2025-03-11 10:27:51",Dev Token,Dev Token
Pneumonia PCV10 Vaccination (Synflorix),1917,4651,4,40000.00,active,"2025-03-11 10:27:51","2025-03-11 10:27:51",Dev Token,Dev Token
Vaksinasi Pneumonia PCV10 (Synflorix),1918,4642,2,20000.00,active,"2025-03-11 10:27:51","2025-03-11 10:27:51",Dev Token,Dev Token
Pneumonia PCV10 Vaccination (Synflorix),1918,4642,2,20000.00,active,"2025-03-11 10:27:51","2025-03-11 10:27:51",Dev Token,Dev Token
Vaksinasi Pneumonia PCV10 (Synflorix),1919,4642,3,30000.00,active,"2025-03-11 10:27:51","2025-03-11 10:27:51",Dev Token,Dev Token
Pneumonia PCV10 Vaccination (Synflorix),1919,4642,3,30000.00,active,"2025-03-11 10:27:51","2025-03-11 10:27:51",Dev Token,Dev Token
Vaksinasi Pneumonia PCV10 (Synflorix),1920,4642,4,40000.00,active,"2025-03-11 10:27:51","2025-03-11 10:27:51",Dev Token,Dev Token
Pneumonia PCV10 Vaccination (Synflorix),1920,4642,4,40000.00,active,"2025-03-11 10:27:51","2025-03-11 10:27:51",Dev Token,Dev Token
Vaksinasi Pneumonia PCV10 (Synflorix),1921,4649,2,20000.00,active,"2025-03-11 10:27:51","2025-03-11 10:27:51",Dev Token,Dev Token
Pneumonia PCV10 Vaccination (Synflorix),1921,4649,2,20000.00,active,"2025-03-11 10:27:51","2025-03-11 10:27:51",Dev Token,Dev Token
Vaksinasi Pneumonia PCV10 (Synflorix),1922,4649,3,30000.00,active,"2025-03-11 10:27:51","2025-03-11 10:27:51",Dev Token,Dev Token
Pneumonia PCV10 Vaccination (Synflorix),1922,4649,3,30000.00,active,"2025-03-11 10:27:51","2025-03-11 10:27:51",Dev Token,Dev Token
Vaksinasi Pneumonia PCV10 (Synflorix),1923,4649,4,40000.00,active,"2025-03-11 10:27:51","2025-03-11 10:27:51",Dev Token,Dev Token
Pneumonia PCV10 Vaccination (Synflorix),1923,4649,4,40000.00,active,"2025-03-11 10:27:51","2025-03-11 10:27:51",Dev Token,Dev Token
Vaksinasi Pneumonia PCV10 (Synflorix),1924,4650,2,20000.00,active,"2025-03-11 10:27:52","2025-03-11 10:27:52",Dev Token,Dev Token
Pneumonia PCV10 Vaccination (Synflorix),1924,4650,2,20000.00,active,"2025-03-11 10:27:52","2025-03-11 10:27:52",Dev Token,Dev Token
Vaksinasi Pneumonia PCV10 (Synflorix),1925,4650,3,30000.00,active,"2025-03-11 10:27:52","2025-03-11 10:27:52",Dev Token,Dev Token
Pneumonia PCV10 Vaccination (Synflorix),1925,4650,3,30000.00,active,"2025-03-11 10:27:52","2025-03-11 10:27:52",Dev Token,Dev Token
Vaksinasi Pneumonia PCV10 (Synflorix),1926,4650,4,40000.00,active,"2025-03-11 10:27:52","2025-03-11 10:27:52",Dev Token,Dev Token
Pneumonia PCV10 Vaccination (Synflorix),1926,4650,4,40000.00,active,"2025-03-11 10:27:52","2025-03-11 10:27:52",Dev Token,Dev Token
Vaksinasi Pneumonia PCV10 (Synflorix),1927,4643,2,20000.00,active,"2025-03-11 10:27:52","2025-03-11 10:27:52",Dev Token,Dev Token
Pneumonia PCV10 Vaccination (Synflorix),1927,4643,2,20000.00,active,"2025-03-11 10:27:52","2025-03-11 10:27:52",Dev Token,Dev Token
Vaksinasi Pneumonia PCV10 (Synflorix),1928,4643,3,30000.00,active,"2025-03-11 10:27:52","2025-03-11 10:27:52",Dev Token,Dev Token
Pneumonia PCV10 Vaccination (Synflorix),1928,4643,3,30000.00,active,"2025-03-11 10:27:52","2025-03-11 10:27:52",Dev Token,Dev Token
Vaksinasi Pneumonia PCV10 (Synflorix),1929,4643,4,40000.00,active,"2025-03-11 10:27:52","2025-03-11 10:27:52",Dev Token,Dev Token
Pneumonia PCV10 Vaccination (Synflorix),1929,4643,4,40000.00,active,"2025-03-11 10:27:52","2025-03-11 10:27:52",Dev Token,Dev Token
Vaksinasi Pneumonia PCV10 (Synflorix),1930,4644,2,20000.00,active,"2025-03-11 10:27:52","2025-03-11 10:27:52",Dev Token,Dev Token
Pneumonia PCV10 Vaccination (Synflorix),1930,4644,2,20000.00,active,"2025-03-11 10:27:52","2025-03-11 10:27:52",Dev Token,Dev Token
Vaksinasi Pneumonia PCV10 (Synflorix),1931,4644,3,30000.00,active,"2025-03-11 10:27:52","2025-03-11 10:27:52",Dev Token,Dev Token
Pneumonia PCV10 Vaccination (Synflorix),1931,4644,3,30000.00,active,"2025-03-11 10:27:52","2025-03-11 10:27:52",Dev Token,Dev Token
Vaksinasi Pneumonia PCV10 (Synflorix),1932,4644,4,40000.00,active,"2025-03-11 10:27:52","2025-03-11 10:27:52",Dev Token,Dev Token
Pneumonia PCV10 Vaccination (Synflorix),1932,4644,4,40000.00,active,"2025-03-11 10:27:52","2025-03-11 10:27:52",Dev Token,Dev Token
Vaksinasi Pneumonia PCV10 (Synflorix),1933,4645,2,20000.00,active,"2025-03-11 10:27:52","2025-03-11 10:27:52",Dev Token,Dev Token
Pneumonia PCV10 Vaccination (Synflorix),1933,4645,2,20000.00,active,"2025-03-11 10:27:52","2025-03-11 10:27:52",Dev Token,Dev Token
Vaksinasi Pneumonia PCV10 (Synflorix),1934,4645,3,30000.00,active,"2025-03-11 10:27:52","2025-03-11 10:27:52",Dev Token,Dev Token
Pneumonia PCV10 Vaccination (Synflorix),1934,4645,3,30000.00,active,"2025-03-11 10:27:52","2025-03-11 10:27:52",Dev Token,Dev Token
Vaksinasi Pneumonia PCV10 (Synflorix),1935,4645,4,40000.00,active,"2025-03-11 10:27:52","2025-03-11 10:27:52",Dev Token,Dev Token
Pneumonia PCV10 Vaccination (Synflorix),1935,4645,4,40000.00,active,"2025-03-11 10:27:52","2025-03-11 10:27:52",Dev Token,Dev Token
Vaksinasi Pneumonia PCV10 (Synflorix),1936,4646,2,20000.00,active,"2025-03-11 10:27:53","2025-03-11 10:27:53",Dev Token,Dev Token
Pneumonia PCV10 Vaccination (Synflorix),1936,4646,2,20000.00,active,"2025-03-11 10:27:53","2025-03-11 10:27:53",Dev Token,Dev Token
Vaksinasi Pneumonia PCV10 (Synflorix),1937,4646,3,30000.00,active,"2025-03-11 10:27:53","2025-03-11 10:27:53",Dev Token,Dev Token
Pneumonia PCV10 Vaccination (Synflorix),1937,4646,3,30000.00,active,"2025-03-11 10:27:53","2025-03-11 10:27:53",Dev Token,Dev Token
Vaksinasi Pneumonia PCV10 (Synflorix),1938,4646,4,40000.00,active,"2025-03-11 10:27:53","2025-03-11 10:27:53",Dev Token,Dev Token
Pneumonia PCV10 Vaccination (Synflorix),1938,4646,4,40000.00,active,"2025-03-11 10:27:53","2025-03-11 10:27:53",Dev Token,Dev Token
Vaksinasi Pneumonia PCV10 (Synflorix),1939,4647,2,20000.00,active,"2025-03-11 10:27:53","2025-03-11 10:27:53",Dev Token,Dev Token
Pneumonia PCV10 Vaccination (Synflorix),1939,4647,2,20000.00,active,"2025-03-11 10:27:53","2025-03-11 10:27:53",Dev Token,Dev Token
Vaksinasi Pneumonia PCV10 (Synflorix),1940,4647,3,30000.00,active,"2025-03-11 10:27:53","2025-03-11 10:27:53",Dev Token,Dev Token
Pneumonia PCV10 Vaccination (Synflorix),1940,4647,3,30000.00,active,"2025-03-11 10:27:53","2025-03-11 10:27:53",Dev Token,Dev Token
Vaksinasi Pneumonia PCV10 (Synflorix),1941,4647,4,40000.00,active,"2025-03-11 10:27:53","2025-03-11 10:27:53",Dev Token,Dev Token
Pneumonia PCV10 Vaccination (Synflorix),1941,4647,4,40000.00,active,"2025-03-11 10:27:53","2025-03-11 10:27:53",Dev Token,Dev Token
Vaksinasi Pneumonia PCV10 (Synflorix),1942,4648,2,20000.00,active,"2025-03-11 10:27:53","2025-03-11 10:27:53",Dev Token,Dev Token
Pneumonia PCV10 Vaccination (Synflorix),1942,4648,2,20000.00,active,"2025-03-11 10:27:53","2025-03-11 10:27:53",Dev Token,Dev Token
Vaksinasi Pneumonia PCV10 (Synflorix),1943,4648,3,30000.00,active,"2025-03-11 10:27:53","2025-03-11 10:27:53",Dev Token,Dev Token
Pneumonia PCV10 Vaccination (Synflorix),1943,4648,3,30000.00,active,"2025-03-11 10:27:53","2025-03-11 10:27:53",Dev Token,Dev Token
Vaksinasi Pneumonia PCV10 (Synflorix),1944,4648,4,40000.00,active,"2025-03-11 10:27:53","2025-03-11 10:27:53",Dev Token,Dev Token
Pneumonia PCV10 Vaccination (Synflorix),1944,4648,4,40000.00,active,"2025-03-11 10:27:53","2025-03-11 10:27:53",Dev Token,Dev Token
Infus Anti Hangover,1945,4682,2,20000.00,active,"2025-03-11 10:27:53","2025-03-11 10:27:53",Dev Token,Dev Token
Anti Hangover Drip,1945,4682,2,20000.00,active,"2025-03-11 10:27:53","2025-03-11 10:27:53",Dev Token,Dev Token
Infus Anti Hangover,1946,4682,3,30000.00,active,"2025-03-11 10:27:53","2025-03-11 10:27:53",Dev Token,Dev Token
Anti Hangover Drip,1946,4682,3,30000.00,active,"2025-03-11 10:27:53","2025-03-11 10:27:53",Dev Token,Dev Token
Infus Anti Hangover,1947,4682,4,40000.00,active,"2025-03-11 10:27:53","2025-03-11 10:27:53",Dev Token,Dev Token
Anti Hangover Drip,1947,4682,4,40000.00,active,"2025-03-11 10:27:53","2025-03-11 10:27:53",Dev Token,Dev Token
Infus Anti Hangover,1948,4681,2,20000.00,active,"2025-03-11 10:27:53","2025-03-11 10:27:53",Dev Token,Dev Token
Anti Hangover Drip,1948,4681,2,20000.00,active,"2025-03-11 10:27:53","2025-03-11 10:27:53",Dev Token,Dev Token
Infus Anti Hangover,1949,4681,3,30000.00,active,"2025-03-11 10:27:53","2025-03-11 10:27:53",Dev Token,Dev Token
Anti Hangover Drip,1949,4681,3,30000.00,active,"2025-03-11 10:27:53","2025-03-11 10:27:53",Dev Token,Dev Token
Infus Anti Hangover,1950,4681,4,40000.00,active,"2025-03-11 10:27:54","2025-03-11 10:27:54",Dev Token,Dev Token
Anti Hangover Drip,1950,4681,4,40000.00,active,"2025-03-11 10:27:54","2025-03-11 10:27:54",Dev Token,Dev Token
Infus Anti Hangover,1951,4674,2,20000.00,active,"2025-03-11 10:27:54","2025-03-11 10:27:54",Dev Token,Dev Token
Anti Hangover Drip,1951,4674,2,20000.00,active,"2025-03-11 10:27:54","2025-03-11 10:27:54",Dev Token,Dev Token
Infus Anti Hangover,1952,4674,3,30000.00,active,"2025-03-11 10:27:54","2025-03-11 10:27:54",Dev Token,Dev Token
Anti Hangover Drip,1952,4674,3,30000.00,active,"2025-03-11 10:27:54","2025-03-11 10:27:54",Dev Token,Dev Token
Infus Anti Hangover,1953,4674,4,40000.00,active,"2025-03-11 10:27:54","2025-03-11 10:27:54",Dev Token,Dev Token
Anti Hangover Drip,1953,4674,4,40000.00,active,"2025-03-11 10:27:54","2025-03-11 10:27:54",Dev Token,Dev Token
Infus Anti Hangover,1954,4673,2,20000.00,active,"2025-03-11 10:27:54","2025-03-11 10:27:54",Dev Token,Dev Token
Anti Hangover Drip,1954,4673,2,20000.00,active,"2025-03-11 10:27:54","2025-03-11 10:27:54",Dev Token,Dev Token
Infus Anti Hangover,1955,4673,3,30000.00,active,"2025-03-11 10:27:54","2025-03-11 10:27:54",Dev Token,Dev Token
Anti Hangover Drip,1955,4673,3,30000.00,active,"2025-03-11 10:27:54","2025-03-11 10:27:54",Dev Token,Dev Token
Infus Anti Hangover,1956,4673,4,40000.00,active,"2025-03-11 10:27:54","2025-03-11 10:27:54",Dev Token,Dev Token
Anti Hangover Drip,1956,4673,4,40000.00,active,"2025-03-11 10:27:54","2025-03-11 10:27:54",Dev Token,Dev Token
Infus Anti Hangover,1957,4680,2,20000.00,active,"2025-03-11 10:27:54","2025-03-11 10:27:54",Dev Token,Dev Token
Anti Hangover Drip,1957,4680,2,20000.00,active,"2025-03-11 10:27:54","2025-03-11 10:27:54",Dev Token,Dev Token
Infus Anti Hangover,1958,4680,3,30000.00,active,"2025-03-11 10:27:54","2025-03-11 10:27:54",Dev Token,Dev Token
Anti Hangover Drip,1958,4680,3,30000.00,active,"2025-03-11 10:27:54","2025-03-11 10:27:54",Dev Token,Dev Token
Infus Anti Hangover,1959,4680,4,40000.00,active,"2025-03-11 10:27:54","2025-03-11 10:27:54",Dev Token,Dev Token
Anti Hangover Drip,1959,4680,4,40000.00,active,"2025-03-11 10:27:54","2025-03-11 10:27:54",Dev Token,Dev Token
Infus Anti Hangover,1960,4679,2,20000.00,active,"2025-03-11 10:27:54","2025-03-11 10:27:54",Dev Token,Dev Token
Anti Hangover Drip,1960,4679,2,20000.00,active,"2025-03-11 10:27:54","2025-03-11 10:27:54",Dev Token,Dev Token
Infus Anti Hangover,1961,4679,3,30000.00,active,"2025-03-11 10:27:54","2025-03-11 10:27:54",Dev Token,Dev Token
Anti Hangover Drip,1961,4679,3,30000.00,active,"2025-03-11 10:27:54","2025-03-11 10:27:54",Dev Token,Dev Token
Infus Anti Hangover,1962,4679,4,40000.00,active,"2025-03-11 10:27:55","2025-03-11 10:27:55",Dev Token,Dev Token
Anti Hangover Drip,1962,4679,4,40000.00,active,"2025-03-11 10:27:55","2025-03-11 10:27:55",Dev Token,Dev Token
Infus Anti Hangover,1963,4678,2,20000.00,active,"2025-03-11 10:27:55","2025-03-11 10:27:55",Dev Token,Dev Token
Anti Hangover Drip,1963,4678,2,20000.00,active,"2025-03-11 10:27:55","2025-03-11 10:27:55",Dev Token,Dev Token
Infus Anti Hangover,1964,4678,3,30000.00,active,"2025-03-11 10:27:55","2025-03-11 10:27:55",Dev Token,Dev Token
Anti Hangover Drip,1964,4678,3,30000.00,active,"2025-03-11 10:27:55","2025-03-11 10:27:55",Dev Token,Dev Token
Infus Anti Hangover,1965,4678,4,40000.00,active,"2025-03-11 10:27:55","2025-03-11 10:27:55",Dev Token,Dev Token
Anti Hangover Drip,1965,4678,4,40000.00,active,"2025-03-11 10:27:55","2025-03-11 10:27:55",Dev Token,Dev Token
Infus Anti Hangover,1966,4677,2,20000.00,active,"2025-03-11 10:27:55","2025-03-11 10:27:55",Dev Token,Dev Token
Anti Hangover Drip,1966,4677,2,20000.00,active,"2025-03-11 10:27:55","2025-03-11 10:27:55",Dev Token,Dev Token
Infus Anti Hangover,1967,4677,3,30000.00,active,"2025-03-11 10:27:55","2025-03-11 10:27:55",Dev Token,Dev Token
Anti Hangover Drip,1967,4677,3,30000.00,active,"2025-03-11 10:27:55","2025-03-11 10:27:55",Dev Token,Dev Token
Infus Anti Hangover,1968,4677,4,40000.00,active,"2025-03-11 10:27:55","2025-03-11 10:27:55",Dev Token,Dev Token
Anti Hangover Drip,1968,4677,4,40000.00,active,"2025-03-11 10:27:55","2025-03-11 10:27:55",Dev Token,Dev Token
Infus Anti Hangover,1969,4676,2,20000.00,active,"2025-03-11 10:27:55","2025-03-11 10:27:55",Dev Token,Dev Token
Anti Hangover Drip,1969,4676,2,20000.00,active,"2025-03-11 10:27:55","2025-03-11 10:27:55",Dev Token,Dev Token
Infus Anti Hangover,1970,4676,3,30000.00,active,"2025-03-11 10:27:55","2025-03-11 10:27:55",Dev Token,Dev Token
Anti Hangover Drip,1970,4676,3,30000.00,active,"2025-03-11 10:27:55","2025-03-11 10:27:55",Dev Token,Dev Token
Infus Anti Hangover,1971,4676,4,40000.00,active,"2025-03-11 10:27:55","2025-03-11 10:27:55",Dev Token,Dev Token
Anti Hangover Drip,1971,4676,4,40000.00,active,"2025-03-11 10:27:55","2025-03-11 10:27:55",Dev Token,Dev Token
Infus Anti Hangover,1972,4675,2,20000.00,active,"2025-03-11 10:27:56","2025-03-11 10:27:56",Dev Token,Dev Token
Anti Hangover Drip,1972,4675,2,20000.00,active,"2025-03-11 10:27:56","2025-03-11 10:27:56",Dev Token,Dev Token
Infus Anti Hangover,1973,4675,3,30000.00,active,"2025-03-11 10:27:56","2025-03-11 10:27:56",Dev Token,Dev Token
Anti Hangover Drip,1973,4675,3,30000.00,active,"2025-03-11 10:27:56","2025-03-11 10:27:56",Dev Token,Dev Token
Infus Anti Hangover,1974,4675,4,40000.00,active,"2025-03-11 10:27:56","2025-03-11 10:27:56",Dev Token,Dev Token
Anti Hangover Drip,1974,4675,4,40000.00,active,"2025-03-11 10:27:56","2025-03-11 10:27:56",Dev Token,Dev Token
Vaksinasi Rabies (Verorab) Pra-paparan,1975,4720,2,20000.00,active,"2025-03-11 10:27:56","2025-03-11 10:27:56",Dev Token,Dev Token
Rabies Vaccination (Verorab) Pre-exposure,1975,4720,2,20000.00,active,"2025-03-11 10:27:56","2025-03-11 10:27:56",Dev Token,Dev Token
Vaksinasi Rabies (Verorab) Pra-paparan,1976,4720,3,30000.00,active,"2025-03-11 10:27:56","2025-03-11 10:27:56",Dev Token,Dev Token
Rabies Vaccination (Verorab) Pre-exposure,1976,4720,3,30000.00,active,"2025-03-11 10:27:56","2025-03-11 10:27:56",Dev Token,Dev Token
Vaksinasi Rabies (Verorab) Pra-paparan,1977,4720,4,40000.00,active,"2025-03-11 10:27:56","2025-03-11 10:27:56",Dev Token,Dev Token
Rabies Vaccination (Verorab) Pre-exposure,1977,4720,4,40000.00,active,"2025-03-11 10:27:56","2025-03-11 10:27:56",Dev Token,Dev Token
Vaksinasi Rabies (Verorab) Pra-paparan,1978,4721,2,20000.00,active,"2025-03-11 10:27:56","2025-03-11 10:27:56",Dev Token,Dev Token
Rabies Vaccination (Verorab) Pre-exposure,1978,4721,2,20000.00,active,"2025-03-11 10:27:56","2025-03-11 10:27:56",Dev Token,Dev Token
Vaksinasi Rabies (Verorab) Pra-paparan,1979,4721,3,30000.00,active,"2025-03-11 10:27:56","2025-03-11 10:27:56",Dev Token,Dev Token
Rabies Vaccination (Verorab) Pre-exposure,1979,4721,3,30000.00,active,"2025-03-11 10:27:56","2025-03-11 10:27:56",Dev Token,Dev Token
Vaksinasi Rabies (Verorab) Pra-paparan,1980,4721,4,40000.00,active,"2025-03-11 10:27:56","2025-03-11 10:27:56",Dev Token,Dev Token
Rabies Vaccination (Verorab) Pre-exposure,1980,4721,4,40000.00,active,"2025-03-11 10:27:56","2025-03-11 10:27:56",Dev Token,Dev Token
Vaksinasi Rabies (Verorab) Pra-paparan,1981,4715,2,20000.00,active,"2025-03-11 10:27:56","2025-03-11 10:27:56",Dev Token,Dev Token
Rabies Vaccination (Verorab) Pre-exposure,1981,4715,2,20000.00,active,"2025-03-11 10:27:56","2025-03-11 10:27:56",Dev Token,Dev Token
Vaksinasi Rabies (Verorab) Pra-paparan,1982,4715,3,30000.00,active,"2025-03-11 10:27:56","2025-03-11 10:27:56",Dev Token,Dev Token
Rabies Vaccination (Verorab) Pre-exposure,1982,4715,3,30000.00,active,"2025-03-11 10:27:56","2025-03-11 10:27:56",Dev Token,Dev Token
Vaksinasi Rabies (Verorab) Pra-paparan,1983,4715,4,40000.00,active,"2025-03-11 10:27:56","2025-03-11 10:27:56",Dev Token,Dev Token
Rabies Vaccination (Verorab) Pre-exposure,1983,4715,4,40000.00,active,"2025-03-11 10:27:56","2025-03-11 10:27:56",Dev Token,Dev Token
Vaksinasi Rabies (Verorab) Pra-paparan,1984,4714,2,20000.00,active,"2025-03-11 10:27:57","2025-03-11 10:27:57",Dev Token,Dev Token
Rabies Vaccination (Verorab) Pre-exposure,1984,4714,2,20000.00,active,"2025-03-11 10:27:57","2025-03-11 10:27:57",Dev Token,Dev Token
Vaksinasi Rabies (Verorab) Pra-paparan,1985,4714,3,30000.00,active,"2025-03-11 10:27:57","2025-03-11 10:27:57",Dev Token,Dev Token
Rabies Vaccination (Verorab) Pre-exposure,1985,4714,3,30000.00,active,"2025-03-11 10:27:57","2025-03-11 10:27:57",Dev Token,Dev Token
Vaksinasi Rabies (Verorab) Pra-paparan,1986,4714,4,40000.00,active,"2025-03-11 10:27:57","2025-03-11 10:27:57",Dev Token,Dev Token
Rabies Vaccination (Verorab) Pre-exposure,1986,4714,4,40000.00,active,"2025-03-11 10:27:57","2025-03-11 10:27:57",Dev Token,Dev Token
Vaksinasi Rabies (Verorab) Pra-paparan,1987,4722,2,20000.00,active,"2025-03-11 10:27:57","2025-03-11 10:27:57",Dev Token,Dev Token
Rabies Vaccination (Verorab) Pre-exposure,1987,4722,2,20000.00,active,"2025-03-11 10:27:57","2025-03-11 10:27:57",Dev Token,Dev Token
Vaksinasi Rabies (Verorab) Pra-paparan,1988,4722,3,30000.00,active,"2025-03-11 10:27:57","2025-03-11 10:27:57",Dev Token,Dev Token
Rabies Vaccination (Verorab) Pre-exposure,1988,4722,3,30000.00,active,"2025-03-11 10:27:57","2025-03-11 10:27:57",Dev Token,Dev Token
Vaksinasi Rabies (Verorab) Pra-paparan,1989,4722,4,40000.00,active,"2025-03-11 10:27:57","2025-03-11 10:27:57",Dev Token,Dev Token
Rabies Vaccination (Verorab) Pre-exposure,1989,4722,4,40000.00,active,"2025-03-11 10:27:57","2025-03-11 10:27:57",Dev Token,Dev Token
Vaksinasi Rabies (Verorab) Pra-paparan,1990,4723,2,20000.00,active,"2025-03-11 10:27:57","2025-03-11 10:27:57",Dev Token,Dev Token
Rabies Vaccination (Verorab) Pre-exposure,1990,4723,2,20000.00,active,"2025-03-11 10:27:57","2025-03-11 10:27:57",Dev Token,Dev Token
Vaksinasi Rabies (Verorab) Pra-paparan,1991,4723,3,30000.00,active,"2025-03-11 10:27:57","2025-03-11 10:27:57",Dev Token,Dev Token
Rabies Vaccination (Verorab) Pre-exposure,1991,4723,3,30000.00,active,"2025-03-11 10:27:57","2025-03-11 10:27:57",Dev Token,Dev Token
Vaksinasi Rabies (Verorab) Pra-paparan,1992,4723,4,40000.00,active,"2025-03-11 10:27:57","2025-03-11 10:27:57",Dev Token,Dev Token
Rabies Vaccination (Verorab) Pre-exposure,1992,4723,4,40000.00,active,"2025-03-11 10:27:57","2025-03-11 10:27:57",Dev Token,Dev Token
Vaksinasi Rabies (Verorab) Pra-paparan,1993,4719,2,20000.00,active,"2025-03-11 10:27:57","2025-03-11 10:27:57",Dev Token,Dev Token
Rabies Vaccination (Verorab) Pre-exposure,1993,4719,2,20000.00,active,"2025-03-11 10:27:57","2025-03-11 10:27:57",Dev Token,Dev Token
Vaksinasi Rabies (Verorab) Pra-paparan,1994,4719,3,30000.00,active,"2025-03-11 10:27:57","2025-03-11 10:27:57",Dev Token,Dev Token
Rabies Vaccination (Verorab) Pre-exposure,1994,4719,3,30000.00,active,"2025-03-11 10:27:57","2025-03-11 10:27:57",Dev Token,Dev Token
Vaksinasi Rabies (Verorab) Pra-paparan,1995,4719,4,40000.00,active,"2025-03-11 10:27:57","2025-03-11 10:27:58",Dev Token,Dev Token
Rabies Vaccination (Verorab) Pre-exposure,1995,4719,4,40000.00,active,"2025-03-11 10:27:57","2025-03-11 10:27:58",Dev Token,Dev Token
Vaksinasi Rabies (Verorab) Pra-paparan,1996,4718,2,20000.00,active,"2025-03-11 10:27:58","2025-03-11 10:27:58",Dev Token,Dev Token
Rabies Vaccination (Verorab) Pre-exposure,1996,4718,2,20000.00,active,"2025-03-11 10:27:58","2025-03-11 10:27:58",Dev Token,Dev Token
Vaksinasi Rabies (Verorab) Pra-paparan,1997,4718,3,30000.00,active,"2025-03-11 10:27:58","2025-03-11 10:27:58",Dev Token,Dev Token
Rabies Vaccination (Verorab) Pre-exposure,1997,4718,3,30000.00,active,"2025-03-11 10:27:58","2025-03-11 10:27:58",Dev Token,Dev Token
Vaksinasi Rabies (Verorab) Pra-paparan,1998,4718,4,40000.00,active,"2025-03-11 10:27:58","2025-03-11 10:27:58",Dev Token,Dev Token
Rabies Vaccination (Verorab) Pre-exposure,1998,4718,4,40000.00,active,"2025-03-11 10:27:58","2025-03-11 10:27:58",Dev Token,Dev Token
Vaksinasi Rabies (Verorab) Pra-paparan,1999,4717,2,20000.00,active,"2025-03-11 10:27:58","2025-03-11 10:27:58",Dev Token,Dev Token
Rabies Vaccination (Verorab) Pre-exposure,1999,4717,2,20000.00,active,"2025-03-11 10:27:58","2025-03-11 10:27:58",Dev Token,Dev Token
Vaksinasi Rabies (Verorab) Pra-paparan,2000,4717,3,30000.00,active,"2025-03-11 10:27:58","2025-03-11 10:27:58",Dev Token,Dev Token
Rabies Vaccination (Verorab) Pre-exposure,2000,4717,3,30000.00,active,"2025-03-11 10:27:58","2025-03-11 10:27:58",Dev Token,Dev Token
Vaksinasi Rabies (Verorab) Pra-paparan,2001,4717,4,40000.00,active,"2025-03-11 10:27:58","2025-03-11 10:27:58",Dev Token,Dev Token
Rabies Vaccination (Verorab) Pre-exposure,2001,4717,4,40000.00,active,"2025-03-11 10:27:58","2025-03-11 10:27:58",Dev Token,Dev Token
Vaksinasi Rabies (Verorab) Pra-paparan,2002,4716,2,20000.00,active,"2025-03-11 10:27:58","2025-03-11 10:27:58",Dev Token,Dev Token
Rabies Vaccination (Verorab) Pre-exposure,2002,4716,2,20000.00,active,"2025-03-11 10:27:58","2025-03-11 10:27:58",Dev Token,Dev Token
Vaksinasi Rabies (Verorab) Pra-paparan,2003,4716,3,30000.00,active,"2025-03-11 10:27:58","2025-03-11 10:27:58",Dev Token,Dev Token
Rabies Vaccination (Verorab) Pre-exposure,2003,4716,3,30000.00,active,"2025-03-11 10:27:58","2025-03-11 10:27:58",Dev Token,Dev Token
Vaksinasi Rabies (Verorab) Pra-paparan,2004,4716,4,40000.00,active,"2025-03-11 10:27:58","2025-03-11 10:27:58",Dev Token,Dev Token
Rabies Vaccination (Verorab) Pre-exposure,2004,4716,4,40000.00,active,"2025-03-11 10:27:58","2025-03-11 10:27:58",Dev Token,Dev Token
Vaksinasi Hepatitis A Dewasa (Havrix 1440),2005,4703,2,20000.00,active,"2025-03-11 10:27:58","2025-03-11 10:27:58",Dev Token,Dev Token
Hepatitis A Adult Vaccination (Havrix 1440),2005,4703,2,20000.00,active,"2025-03-11 10:27:58","2025-03-11 10:27:58",Dev Token,Dev Token
Vaksinasi Hepatitis A Dewasa (Havrix 1440),2006,4703,3,30000.00,active,"2025-03-11 10:27:58","2025-03-11 10:27:58",Dev Token,Dev Token
Hepatitis A Adult Vaccination (Havrix 1440),2006,4703,3,30000.00,active,"2025-03-11 10:27:58","2025-03-11 10:27:58",Dev Token,Dev Token
Vaksinasi Hepatitis A Dewasa (Havrix 1440),2007,4703,4,40000.00,active,"2025-03-11 10:27:58","2025-03-11 10:27:58",Dev Token,Dev Token
Hepatitis A Adult Vaccination (Havrix 1440),2007,4703,4,40000.00,active,"2025-03-11 10:27:58","2025-03-11 10:27:58",Dev Token,Dev Token
Vaksinasi Hepatitis A Dewasa (Havrix 1440),2008,4702,2,20000.00,active,"2025-03-11 10:27:58","2025-03-11 10:27:58",Dev Token,Dev Token
Hepatitis A Adult Vaccination (Havrix 1440),2008,4702,2,20000.00,active,"2025-03-11 10:27:58","2025-03-11 10:27:58",Dev Token,Dev Token
Vaksinasi Hepatitis A Dewasa (Havrix 1440),2009,4702,3,30000.00,active,"2025-03-11 10:27:59","2025-03-11 10:27:59",Dev Token,Dev Token
Hepatitis A Adult Vaccination (Havrix 1440),2009,4702,3,30000.00,active,"2025-03-11 10:27:59","2025-03-11 10:27:59",Dev Token,Dev Token
Vaksinasi Hepatitis A Dewasa (Havrix 1440),2010,4702,4,40000.00,active,"2025-03-11 10:27:59","2025-03-11 10:27:59",Dev Token,Dev Token
Hepatitis A Adult Vaccination (Havrix 1440),2010,4702,4,40000.00,active,"2025-03-11 10:27:59","2025-03-11 10:27:59",Dev Token,Dev Token
Vaksinasi Hepatitis A Dewasa (Havrix 1440),2011,4695,2,20000.00,active,"2025-03-11 10:27:59","2025-03-11 10:27:59",Dev Token,Dev Token
Hepatitis A Adult Vaccination (Havrix 1440),2011,4695,2,20000.00,active,"2025-03-11 10:27:59","2025-03-11 10:27:59",Dev Token,Dev Token
Vaksinasi Hepatitis A Dewasa (Havrix 1440),2012,4695,3,30000.00,active,"2025-03-11 10:27:59","2025-03-11 10:27:59",Dev Token,Dev Token
Hepatitis A Adult Vaccination (Havrix 1440),2012,4695,3,30000.00,active,"2025-03-11 10:27:59","2025-03-11 10:27:59",Dev Token,Dev Token
Vaksinasi Hepatitis A Dewasa (Havrix 1440),2013,4695,4,40000.00,active,"2025-03-11 10:27:59","2025-03-11 10:27:59",Dev Token,Dev Token
Hepatitis A Adult Vaccination (Havrix 1440),2013,4695,4,40000.00,active,"2025-03-11 10:27:59","2025-03-11 10:27:59",Dev Token,Dev Token
Vaksinasi Hepatitis A Dewasa (Havrix 1440),2014,4694,2,20000.00,active,"2025-03-11 10:27:59","2025-03-11 10:27:59",Dev Token,Dev Token
Hepatitis A Adult Vaccination (Havrix 1440),2014,4694,2,20000.00,active,"2025-03-11 10:27:59","2025-03-11 10:27:59",Dev Token,Dev Token
Vaksinasi Hepatitis A Dewasa (Havrix 1440),2015,4694,3,30000.00,active,"2025-03-11 10:27:59","2025-03-11 10:27:59",Dev Token,Dev Token
Hepatitis A Adult Vaccination (Havrix 1440),2015,4694,3,30000.00,active,"2025-03-11 10:27:59","2025-03-11 10:27:59",Dev Token,Dev Token
Vaksinasi Hepatitis A Dewasa (Havrix 1440),2016,4694,4,40000.00,active,"2025-03-11 10:27:59","2025-03-11 10:27:59",Dev Token,Dev Token
Hepatitis A Adult Vaccination (Havrix 1440),2016,4694,4,40000.00,active,"2025-03-11 10:27:59","2025-03-11 10:27:59",Dev Token,Dev Token
Vaksinasi Hepatitis A Dewasa (Havrix 1440),2017,4701,2,20000.00,active,"2025-03-11 10:27:59","2025-03-11 10:27:59",Dev Token,Dev Token
Hepatitis A Adult Vaccination (Havrix 1440),2017,4701,2,20000.00,active,"2025-03-11 10:27:59","2025-03-11 10:27:59",Dev Token,Dev Token
Vaksinasi Hepatitis A Dewasa (Havrix 1440),2018,4701,3,30000.00,active,"2025-03-11 10:27:59","2025-03-11 10:27:59",Dev Token,Dev Token
Hepatitis A Adult Vaccination (Havrix 1440),2018,4701,3,30000.00,active,"2025-03-11 10:27:59","2025-03-11 10:27:59",Dev Token,Dev Token
Vaksinasi Hepatitis A Dewasa (Havrix 1440),2019,4701,4,40000.00,active,"2025-03-11 10:27:59","2025-03-11 10:27:59",Dev Token,Dev Token
Hepatitis A Adult Vaccination (Havrix 1440),2019,4701,4,40000.00,active,"2025-03-11 10:27:59","2025-03-11 10:27:59",Dev Token,Dev Token
Vaksinasi Hepatitis A Dewasa (Havrix 1440),2020,4700,2,20000.00,active,"2025-03-11 10:27:59","2025-03-11 10:28:00",Dev Token,Dev Token
Hepatitis A Adult Vaccination (Havrix 1440),2020,4700,2,20000.00,active,"2025-03-11 10:27:59","2025-03-11 10:28:00",Dev Token,Dev Token
Vaksinasi Hepatitis A Dewasa (Havrix 1440),2021,4700,3,30000.00,active,"2025-03-11 10:28:00","2025-03-11 10:28:00",Dev Token,Dev Token
Hepatitis A Adult Vaccination (Havrix 1440),2021,4700,3,30000.00,active,"2025-03-11 10:28:00","2025-03-11 10:28:00",Dev Token,Dev Token
Vaksinasi Hepatitis A Dewasa (Havrix 1440),2022,4700,4,40000.00,active,"2025-03-11 10:28:00","2025-03-11 10:28:00",Dev Token,Dev Token
Hepatitis A Adult Vaccination (Havrix 1440),2022,4700,4,40000.00,active,"2025-03-11 10:28:00","2025-03-11 10:28:00",Dev Token,Dev Token
Vaksinasi Hepatitis A Dewasa (Havrix 1440),2023,4699,2,20000.00,active,"2025-03-11 10:28:00","2025-03-11 10:28:00",Dev Token,Dev Token
Hepatitis A Adult Vaccination (Havrix 1440),2023,4699,2,20000.00,active,"2025-03-11 10:28:00","2025-03-11 10:28:00",Dev Token,Dev Token
Vaksinasi Hepatitis A Dewasa (Havrix 1440),2024,4699,3,30000.00,active,"2025-03-11 10:28:00","2025-03-11 10:28:00",Dev Token,Dev Token
Hepatitis A Adult Vaccination (Havrix 1440),2024,4699,3,30000.00,active,"2025-03-11 10:28:00","2025-03-11 10:28:00",Dev Token,Dev Token
Vaksinasi Hepatitis A Dewasa (Havrix 1440),2025,4699,4,40000.00,active,"2025-03-11 10:28:00","2025-03-11 10:28:00",Dev Token,Dev Token
Hepatitis A Adult Vaccination (Havrix 1440),2025,4699,4,40000.00,active,"2025-03-11 10:28:00","2025-03-11 10:28:00",Dev Token,Dev Token
Vaksinasi Hepatitis A Dewasa (Havrix 1440),2026,4698,2,20000.00,active,"2025-03-11 10:28:00","2025-03-11 10:28:00",Dev Token,Dev Token
Hepatitis A Adult Vaccination (Havrix 1440),2026,4698,2,20000.00,active,"2025-03-11 10:28:00","2025-03-11 10:28:00",Dev Token,Dev Token
Vaksinasi Hepatitis A Dewasa (Havrix 1440),2027,4698,3,30000.00,active,"2025-03-11 10:28:00","2025-03-11 10:28:00",Dev Token,Dev Token
Hepatitis A Adult Vaccination (Havrix 1440),2027,4698,3,30000.00,active,"2025-03-11 10:28:00","2025-03-11 10:28:00",Dev Token,Dev Token
Vaksinasi Hepatitis A Dewasa (Havrix 1440),2028,4698,4,40000.00,active,"2025-03-11 10:28:01","2025-03-11 10:28:01",Dev Token,Dev Token
Hepatitis A Adult Vaccination (Havrix 1440),2028,4698,4,40000.00,active,"2025-03-11 10:28:01","2025-03-11 10:28:01",Dev Token,Dev Token
Vaksinasi Hepatitis A Dewasa (Havrix 1440),2029,4697,2,20000.00,active,"2025-03-11 10:28:01","2025-03-11 10:28:01",Dev Token,Dev Token
Hepatitis A Adult Vaccination (Havrix 1440),2029,4697,2,20000.00,active,"2025-03-11 10:28:01","2025-03-11 10:28:01",Dev Token,Dev Token
Vaksinasi Hepatitis A Dewasa (Havrix 1440),2030,4697,3,30000.00,active,"2025-03-11 10:28:01","2025-03-11 10:28:01",Dev Token,Dev Token
Hepatitis A Adult Vaccination (Havrix 1440),2030,4697,3,30000.00,active,"2025-03-11 10:28:01","2025-03-11 10:28:01",Dev Token,Dev Token
Vaksinasi Hepatitis A Dewasa (Havrix 1440),2031,4697,4,40000.00,active,"2025-03-11 10:28:01","2025-03-11 10:28:01",Dev Token,Dev Token
Hepatitis A Adult Vaccination (Havrix 1440),2031,4697,4,40000.00,active,"2025-03-11 10:28:01","2025-03-11 10:28:01",Dev Token,Dev Token
Vaksinasi Hepatitis A Dewasa (Havrix 1440),2032,4696,2,20000.00,active,"2025-03-11 10:28:01","2025-03-11 10:28:01",Dev Token,Dev Token
Hepatitis A Adult Vaccination (Havrix 1440),2032,4696,2,20000.00,active,"2025-03-11 10:28:01","2025-03-11 10:28:01",Dev Token,Dev Token
Vaksinasi Hepatitis A Dewasa (Havrix 1440),2033,4696,3,30000.00,active,"2025-03-11 10:28:01","2025-03-11 10:28:01",Dev Token,Dev Token
Hepatitis A Adult Vaccination (Havrix 1440),2033,4696,3,30000.00,active,"2025-03-11 10:28:01","2025-03-11 10:28:01",Dev Token,Dev Token
Vaksinasi Hepatitis A Dewasa (Havrix 1440),2034,4696,4,40000.00,active,"2025-03-11 10:28:01","2025-03-11 10:28:01",Dev Token,Dev Token
Hepatitis A Adult Vaccination (Havrix 1440),2034,4696,4,40000.00,active,"2025-03-11 10:28:01","2025-03-11 10:28:01",Dev Token,Dev Token
Medical Check Up Asisten Rumah Tangga,2035,4825,2,20000.00,active,"2025-03-21 14:37:31","2025-03-21 14:37:31",Dev Token,Dev Token
Household Assistant Medical Check Up,2035,4825,2,20000.00,active,"2025-03-21 14:37:31","2025-03-21 14:37:31",Dev Token,Dev Token
Medical Check Up Asisten Rumah Tangga,2036,4825,3,30000.00,active,"2025-03-21 14:37:31","2025-03-21 14:37:31",Dev Token,Dev Token
Household Assistant Medical Check Up,2036,4825,3,30000.00,active,"2025-03-21 14:37:31","2025-03-21 14:37:31",Dev Token,Dev Token
Medical Check Up Asisten Rumah Tangga,2037,4825,4,40000.00,active,"2025-03-21 14:37:31","2025-03-21 14:37:31",Dev Token,Dev Token
Household Assistant Medical Check Up,2037,4825,4,40000.00,active,"2025-03-21 14:37:31","2025-03-21 14:37:31",Dev Token,Dev Token
Medical Check Up Asisten Rumah Tangga,2038,4823,2,20000.00,active,"2025-03-21 14:37:31","2025-03-21 14:37:31",Dev Token,Dev Token
Household Assistant Medical Check Up,2038,4823,2,20000.00,active,"2025-03-21 14:37:31","2025-03-21 14:37:31",Dev Token,Dev Token
Medical Check Up Asisten Rumah Tangga,2039,4823,3,30000.00,active,"2025-03-21 14:37:32","2025-03-21 14:37:32",Dev Token,Dev Token
Household Assistant Medical Check Up,2039,4823,3,30000.00,active,"2025-03-21 14:37:32","2025-03-21 14:37:32",Dev Token,Dev Token
Medical Check Up Asisten Rumah Tangga,2040,4823,4,40000.00,active,"2025-03-21 14:37:32","2025-03-21 14:37:32",Dev Token,Dev Token
Household Assistant Medical Check Up,2040,4823,4,40000.00,active,"2025-03-21 14:37:32","2025-03-21 14:37:32",Dev Token,Dev Token
Medical Check Up Asisten Rumah Tangga,2041,4831,2,20000.00,active,"2025-03-21 14:37:32","2025-03-21 14:37:32",Dev Token,Dev Token
Household Assistant Medical Check Up,2041,4831,2,20000.00,active,"2025-03-21 14:37:32","2025-03-21 14:37:32",Dev Token,Dev Token
Medical Check Up Asisten Rumah Tangga,2042,4831,3,30000.00,active,"2025-03-21 14:37:32","2025-03-21 14:37:32",Dev Token,Dev Token
Household Assistant Medical Check Up,2042,4831,3,30000.00,active,"2025-03-21 14:37:32","2025-03-21 14:37:32",Dev Token,Dev Token
Medical Check Up Asisten Rumah Tangga,2043,4831,4,40000.00,active,"2025-03-21 14:37:32","2025-03-21 14:37:32",Dev Token,Dev Token
Household Assistant Medical Check Up,2043,4831,4,40000.00,active,"2025-03-21 14:37:32","2025-03-21 14:37:32",Dev Token,Dev Token
Medical Check Up Asisten Rumah Tangga,2044,4830,2,20000.00,active,"2025-03-21 14:37:32","2025-03-21 14:37:32",Dev Token,Dev Token
Household Assistant Medical Check Up,2044,4830,2,20000.00,active,"2025-03-21 14:37:32","2025-03-21 14:37:32",Dev Token,Dev Token
Medical Check Up Asisten Rumah Tangga,2045,4830,3,30000.00,active,"2025-03-21 14:37:32","2025-03-21 14:37:32",Dev Token,Dev Token
Household Assistant Medical Check Up,2045,4830,3,30000.00,active,"2025-03-21 14:37:32","2025-03-21 14:37:32",Dev Token,Dev Token
Medical Check Up Asisten Rumah Tangga,2046,4830,4,40000.00,active,"2025-03-21 14:37:32","2025-03-21 14:37:32",Dev Token,Dev Token
Household Assistant Medical Check Up,2046,4830,4,40000.00,active,"2025-03-21 14:37:32","2025-03-21 14:37:32",Dev Token,Dev Token
Medical Check Up Asisten Rumah Tangga,2047,4829,2,20000.00,active,"2025-03-21 14:37:32","2025-03-21 14:37:32",Dev Token,Dev Token
Household Assistant Medical Check Up,2047,4829,2,20000.00,active,"2025-03-21 14:37:32","2025-03-21 14:37:32",Dev Token,Dev Token
Medical Check Up Asisten Rumah Tangga,2048,4829,3,30000.00,active,"2025-03-21 14:37:32","2025-03-21 14:37:32",Dev Token,Dev Token
Household Assistant Medical Check Up,2048,4829,3,30000.00,active,"2025-03-21 14:37:32","2025-03-21 14:37:32",Dev Token,Dev Token
Medical Check Up Asisten Rumah Tangga,2049,4829,4,40000.00,active,"2025-03-21 14:37:32","2025-03-21 14:37:32",Dev Token,Dev Token
Household Assistant Medical Check Up,2049,4829,4,40000.00,active,"2025-03-21 14:37:32","2025-03-21 14:37:32",Dev Token,Dev Token
Medical Check Up Asisten Rumah Tangga,2050,4828,2,20000.00,active,"2025-03-21 14:37:32","2025-03-21 14:37:32",Dev Token,Dev Token
Household Assistant Medical Check Up,2050,4828,2,20000.00,active,"2025-03-21 14:37:32","2025-03-21 14:37:32",Dev Token,Dev Token
Medical Check Up Asisten Rumah Tangga,2051,4828,3,30000.00,active,"2025-03-21 14:37:32","2025-03-21 14:37:32",Dev Token,Dev Token
Household Assistant Medical Check Up,2051,4828,3,30000.00,active,"2025-03-21 14:37:32","2025-03-21 14:37:32",Dev Token,Dev Token
Medical Check Up Asisten Rumah Tangga,2052,4828,4,40000.00,active,"2025-03-21 14:37:32","2025-03-21 14:37:32",Dev Token,Dev Token
Household Assistant Medical Check Up,2052,4828,4,40000.00,active,"2025-03-21 14:37:32","2025-03-21 14:37:32",Dev Token,Dev Token
Medical Check Up Asisten Rumah Tangga,2053,4827,2,20000.00,active,"2025-03-21 14:37:32","2025-03-21 14:37:33",Dev Token,Dev Token
Household Assistant Medical Check Up,2053,4827,2,20000.00,active,"2025-03-21 14:37:32","2025-03-21 14:37:33",Dev Token,Dev Token
Medical Check Up Asisten Rumah Tangga,2054,4827,3,30000.00,active,"2025-03-21 14:37:33","2025-03-21 14:37:33",Dev Token,Dev Token
Household Assistant Medical Check Up,2054,4827,3,30000.00,active,"2025-03-21 14:37:33","2025-03-21 14:37:33",Dev Token,Dev Token
Medical Check Up Asisten Rumah Tangga,2055,4827,4,40000.00,active,"2025-03-21 14:37:33","2025-03-21 14:37:33",Dev Token,Dev Token
Household Assistant Medical Check Up,2055,4827,4,40000.00,active,"2025-03-21 14:37:33","2025-03-21 14:37:33",Dev Token,Dev Token
Medical Check Up Asisten Rumah Tangga,2056,4826,2,20000.00,active,"2025-03-21 14:37:33","2025-03-21 14:37:33",Dev Token,Dev Token
Household Assistant Medical Check Up,2056,4826,2,20000.00,active,"2025-03-21 14:37:33","2025-03-21 14:37:33",Dev Token,Dev Token
Medical Check Up Asisten Rumah Tangga,2057,4826,3,30000.00,active,"2025-03-21 14:37:33","2025-03-21 14:37:33",Dev Token,Dev Token
Household Assistant Medical Check Up,2057,4826,3,30000.00,active,"2025-03-21 14:37:33","2025-03-21 14:37:33",Dev Token,Dev Token
Medical Check Up Asisten Rumah Tangga,2058,4826,4,40000.00,active,"2025-03-21 14:37:33","2025-03-21 14:37:33",Dev Token,Dev Token
Household Assistant Medical Check Up,2058,4826,4,40000.00,active,"2025-03-21 14:37:33","2025-03-21 14:37:33",Dev Token,Dev Token
Medical Check Up Asisten Rumah Tangga,2059,4832,2,20000.00,active,"2025-03-21 14:37:33","2025-03-21 14:37:33",Dev Token,Dev Token
Household Assistant Medical Check Up,2059,4832,2,20000.00,active,"2025-03-21 14:37:33","2025-03-21 14:37:33",Dev Token,Dev Token
Medical Check Up Asisten Rumah Tangga,2060,4832,3,30000.00,active,"2025-03-21 14:37:33","2025-03-21 14:37:33",Dev Token,Dev Token
Household Assistant Medical Check Up,2060,4832,3,30000.00,active,"2025-03-21 14:37:33","2025-03-21 14:37:33",Dev Token,Dev Token
Medical Check Up Asisten Rumah Tangga,2061,4832,4,40000.00,active,"2025-03-21 14:37:33","2025-03-21 14:37:33",Dev Token,Dev Token
Household Assistant Medical Check Up,2061,4832,4,40000.00,active,"2025-03-21 14:37:33","2025-03-21 14:37:33",Dev Token,Dev Token
Medical Check Up Asisten Rumah Tangga,2062,4833,2,20000.00,active,"2025-03-21 14:37:33","2025-03-21 14:37:33",Dev Token,Dev Token
Household Assistant Medical Check Up,2062,4833,2,20000.00,active,"2025-03-21 14:37:33","2025-03-21 14:37:33",Dev Token,Dev Token
Medical Check Up Asisten Rumah Tangga,2063,4833,3,30000.00,active,"2025-03-21 14:37:33","2025-03-21 14:37:33",Dev Token,Dev Token
Household Assistant Medical Check Up,2063,4833,3,30000.00,active,"2025-03-21 14:37:33","2025-03-21 14:37:33",Dev Token,Dev Token
Medical Check Up Asisten Rumah Tangga,2064,4833,4,40000.00,active,"2025-03-21 14:37:33","2025-03-21 14:37:33",Dev Token,Dev Token
Household Assistant Medical Check Up,2064,4833,4,40000.00,active,"2025-03-21 14:37:33","2025-03-21 14:37:33",Dev Token,Dev Token
Medical Check Up Asisten Rumah Tangga,2065,4824,2,20000.00,active,"2025-03-21 14:37:33","2025-03-21 14:37:34",Dev Token,Dev Token
Household Assistant Medical Check Up,2065,4824,2,20000.00,active,"2025-03-21 14:37:33","2025-03-21 14:37:34",Dev Token,Dev Token
Medical Check Up Asisten Rumah Tangga,2066,4824,3,30000.00,active,"2025-03-21 14:37:34","2025-03-21 14:37:34",Dev Token,Dev Token
Household Assistant Medical Check Up,2066,4824,3,30000.00,active,"2025-03-21 14:37:34","2025-03-21 14:37:34",Dev Token,Dev Token
Medical Check Up Asisten Rumah Tangga,2067,4824,4,40000.00,active,"2025-03-21 14:37:34","2025-03-21 14:37:34",Dev Token,Dev Token
Household Assistant Medical Check Up,2067,4824,4,40000.00,active,"2025-03-21 14:37:34","2025-03-21 14:37:34",Dev Token,Dev Token
Paket Vaksinasi Asisten Rumah Tangga,2068,4835,2,20000.00,active,"2025-03-21 14:37:34","2025-03-21 14:37:34",Dev Token,Dev Token
Household Assistant Vaccination Bundle,2068,4835,2,20000.00,active,"2025-03-21 14:37:34","2025-03-21 14:37:34",Dev Token,Dev Token
Paket Vaksinasi Asisten Rumah Tangga,2069,4835,3,30000.00,active,"2025-03-21 14:37:34","2025-03-21 14:37:34",Dev Token,Dev Token
Household Assistant Vaccination Bundle,2069,4835,3,30000.00,active,"2025-03-21 14:37:34","2025-03-21 14:37:34",Dev Token,Dev Token
Paket Vaksinasi Asisten Rumah Tangga,2070,4835,4,40000.00,active,"2025-03-21 14:37:34","2025-03-21 14:37:34",Dev Token,Dev Token
Household Assistant Vaccination Bundle,2070,4835,4,40000.00,active,"2025-03-21 14:37:34","2025-03-21 14:37:34",Dev Token,Dev Token
Paket Vaksinasi Asisten Rumah Tangga,2071,4834,2,20000.00,active,"2025-03-21 14:37:34","2025-03-21 14:37:34",Dev Token,Dev Token
Household Assistant Vaccination Bundle,2071,4834,2,20000.00,active,"2025-03-21 14:37:34","2025-03-21 14:37:34",Dev Token,Dev Token
Paket Vaksinasi Asisten Rumah Tangga,2072,4834,3,30000.00,active,"2025-03-21 14:37:34","2025-03-21 14:37:34",Dev Token,Dev Token
Household Assistant Vaccination Bundle,2072,4834,3,30000.00,active,"2025-03-21 14:37:34","2025-03-21 14:37:34",Dev Token,Dev Token
Paket Vaksinasi Asisten Rumah Tangga,2073,4834,4,40000.00,active,"2025-03-21 14:37:34","2025-03-21 14:37:34",Dev Token,Dev Token
Household Assistant Vaccination Bundle,2073,4834,4,40000.00,active,"2025-03-21 14:37:34","2025-03-21 14:37:34",Dev Token,Dev Token
Paket Vaksinasi Asisten Rumah Tangga,2074,4841,2,20000.00,active,"2025-03-21 14:37:34","2025-03-21 14:37:34",Dev Token,Dev Token
Household Assistant Vaccination Bundle,2074,4841,2,20000.00,active,"2025-03-21 14:37:34","2025-03-21 14:37:34",Dev Token,Dev Token
Paket Vaksinasi Asisten Rumah Tangga,2075,4841,3,30000.00,active,"2025-03-21 14:37:34","2025-03-21 14:37:34",Dev Token,Dev Token
Household Assistant Vaccination Bundle,2075,4841,3,30000.00,active,"2025-03-21 14:37:34","2025-03-21 14:37:34",Dev Token,Dev Token
Paket Vaksinasi Asisten Rumah Tangga,2076,4841,4,40000.00,active,"2025-03-21 14:37:34","2025-03-21 14:37:34",Dev Token,Dev Token
Household Assistant Vaccination Bundle,2076,4841,4,40000.00,active,"2025-03-21 14:37:34","2025-03-21 14:37:34",Dev Token,Dev Token
Paket Vaksinasi Asisten Rumah Tangga,2077,4840,2,20000.00,active,"2025-03-21 14:37:34","2025-03-21 14:37:34",Dev Token,Dev Token
Household Assistant Vaccination Bundle,2077,4840,2,20000.00,active,"2025-03-21 14:37:34","2025-03-21 14:37:34",Dev Token,Dev Token
Paket Vaksinasi Asisten Rumah Tangga,2078,4840,3,30000.00,active,"2025-03-21 14:37:34","2025-03-21 14:37:34",Dev Token,Dev Token
Household Assistant Vaccination Bundle,2078,4840,3,30000.00,active,"2025-03-21 14:37:34","2025-03-21 14:37:34",Dev Token,Dev Token
Paket Vaksinasi Asisten Rumah Tangga,2079,4840,4,40000.00,active,"2025-03-21 14:37:35","2025-03-21 14:37:35",Dev Token,Dev Token
Household Assistant Vaccination Bundle,2079,4840,4,40000.00,active,"2025-03-21 14:37:35","2025-03-21 14:37:35",Dev Token,Dev Token
Paket Vaksinasi Asisten Rumah Tangga,2080,4839,2,20000.00,active,"2025-03-21 14:37:35","2025-03-21 14:37:35",Dev Token,Dev Token
Household Assistant Vaccination Bundle,2080,4839,2,20000.00,active,"2025-03-21 14:37:35","2025-03-21 14:37:35",Dev Token,Dev Token
Paket Vaksinasi Asisten Rumah Tangga,2081,4839,3,30000.00,active,"2025-03-21 14:37:35","2025-03-21 14:37:35",Dev Token,Dev Token
Household Assistant Vaccination Bundle,2081,4839,3,30000.00,active,"2025-03-21 14:37:35","2025-03-21 14:37:35",Dev Token,Dev Token
Paket Vaksinasi Asisten Rumah Tangga,2082,4839,4,40000.00,active,"2025-03-21 14:37:35","2025-03-21 14:37:35",Dev Token,Dev Token
Household Assistant Vaccination Bundle,2082,4839,4,40000.00,active,"2025-03-21 14:37:35","2025-03-21 14:37:35",Dev Token,Dev Token
Paket Vaksinasi Asisten Rumah Tangga,2083,4838,2,20000.00,active,"2025-03-21 14:37:35","2025-03-21 14:37:35",Dev Token,Dev Token
Household Assistant Vaccination Bundle,2083,4838,2,20000.00,active,"2025-03-21 14:37:35","2025-03-21 14:37:35",Dev Token,Dev Token
Paket Vaksinasi Asisten Rumah Tangga,2084,4838,3,30000.00,active,"2025-03-21 14:37:35","2025-03-21 14:37:35",Dev Token,Dev Token
Household Assistant Vaccination Bundle,2084,4838,3,30000.00,active,"2025-03-21 14:37:35","2025-03-21 14:37:35",Dev Token,Dev Token
Paket Vaksinasi Asisten Rumah Tangga,2085,4838,4,40000.00,active,"2025-03-21 14:37:35","2025-03-21 14:37:35",Dev Token,Dev Token
Household Assistant Vaccination Bundle,2085,4838,4,40000.00,active,"2025-03-21 14:37:35","2025-03-21 14:37:35",Dev Token,Dev Token
Paket Vaksinasi Asisten Rumah Tangga,2086,4837,2,20000.00,active,"2025-03-21 14:37:35","2025-03-21 14:37:35",Dev Token,Dev Token
Household Assistant Vaccination Bundle,2086,4837,2,20000.00,active,"2025-03-21 14:37:35","2025-03-21 14:37:35",Dev Token,Dev Token
Paket Vaksinasi Asisten Rumah Tangga,2087,4837,3,30000.00,active,"2025-03-21 14:37:35","2025-03-21 14:37:35",Dev Token,Dev Token
Household Assistant Vaccination Bundle,2087,4837,3,30000.00,active,"2025-03-21 14:37:35","2025-03-21 14:37:35",Dev Token,Dev Token
Paket Vaksinasi Asisten Rumah Tangga,2088,4837,4,40000.00,active,"2025-03-21 14:37:35","2025-03-21 14:37:35",Dev Token,Dev Token
Household Assistant Vaccination Bundle,2088,4837,4,40000.00,active,"2025-03-21 14:37:35","2025-03-21 14:37:35",Dev Token,Dev Token
Paket Vaksinasi Asisten Rumah Tangga,2089,4836,2,20000.00,active,"2025-03-21 14:37:35","2025-03-21 14:37:35",Dev Token,Dev Token
Household Assistant Vaccination Bundle,2089,4836,2,20000.00,active,"2025-03-21 14:37:35","2025-03-21 14:37:35",Dev Token,Dev Token
Paket Vaksinasi Asisten Rumah Tangga,2090,4836,3,30000.00,active,"2025-03-21 14:37:35","2025-03-21 14:37:35",Dev Token,Dev Token
Household Assistant Vaccination Bundle,2090,4836,3,30000.00,active,"2025-03-21 14:37:35","2025-03-21 14:37:35",Dev Token,Dev Token
Paket Vaksinasi Asisten Rumah Tangga,2091,4836,4,40000.00,active,"2025-03-21 14:37:35","2025-03-21 14:37:36",Dev Token,Dev Token
Household Assistant Vaccination Bundle,2091,4836,4,40000.00,active,"2025-03-21 14:37:35","2025-03-21 14:37:36",Dev Token,Dev Token
Paket Vaksinasi Asisten Rumah Tangga,2092,4842,2,20000.00,active,"2025-03-21 14:37:36","2025-03-21 14:37:36",Dev Token,Dev Token
Household Assistant Vaccination Bundle,2092,4842,2,20000.00,active,"2025-03-21 14:37:36","2025-03-21 14:37:36",Dev Token,Dev Token
Paket Vaksinasi Asisten Rumah Tangga,2093,4842,3,30000.00,active,"2025-03-21 14:37:36","2025-03-21 14:37:36",Dev Token,Dev Token
Household Assistant Vaccination Bundle,2093,4842,3,30000.00,active,"2025-03-21 14:37:36","2025-03-21 14:37:36",Dev Token,Dev Token
Paket Vaksinasi Asisten Rumah Tangga,2094,4842,4,40000.00,active,"2025-03-21 14:37:36","2025-03-21 14:37:36",Dev Token,Dev Token
Household Assistant Vaccination Bundle,2094,4842,4,40000.00,active,"2025-03-21 14:37:36","2025-03-21 14:37:36",Dev Token,Dev Token
Paket Vaksinasi Asisten Rumah Tangga,2095,4843,2,20000.00,active,"2025-03-21 14:37:36","2025-03-21 14:37:36",Dev Token,Dev Token
Household Assistant Vaccination Bundle,2095,4843,2,20000.00,active,"2025-03-21 14:37:36","2025-03-21 14:37:36",Dev Token,Dev Token
Paket Vaksinasi Asisten Rumah Tangga,2096,4843,3,30000.00,active,"2025-03-21 14:37:36","2025-03-21 14:37:36",Dev Token,Dev Token
Household Assistant Vaccination Bundle,2096,4843,3,30000.00,active,"2025-03-21 14:37:36","2025-03-21 14:37:36",Dev Token,Dev Token
Paket Vaksinasi Asisten Rumah Tangga,2097,4843,4,40000.00,active,"2025-03-21 14:37:36","2025-03-21 14:37:36",Dev Token,Dev Token
Household Assistant Vaccination Bundle,2097,4843,4,40000.00,active,"2025-03-21 14:37:36","2025-03-21 14:37:36",Dev Token,Dev Token
Pemeriksaan Nutrigenomic (Nutrigenme Kalbe),2098,4764,2,20000.00,active,"2025-03-21 14:58:20","2025-03-26 13:49:02",Dev Token,Dev Token
Nutrigenomic Test (Nutrigenme Kalbe),2098,4764,2,20000.00,active,"2025-03-21 14:58:20","2025-03-26 13:49:02",Dev Token,Dev Token
Pemeriksaan Nutrigenomic (Nutrigenme Kalbe),2099,4764,3,30000.00,active,"2025-03-21 14:58:21","2025-03-26 13:49:02",Dev Token,Dev Token
Nutrigenomic Test (Nutrigenme Kalbe),2099,4764,3,30000.00,active,"2025-03-21 14:58:21","2025-03-26 13:49:02",Dev Token,Dev Token
Pemeriksaan Nutrigenomic (Nutrigenme Kalbe),2100,4764,4,40000.00,active,"2025-03-21 14:58:21","2025-03-26 13:49:02",Dev Token,Dev Token
Nutrigenomic Test (Nutrigenme Kalbe),2100,4764,4,40000.00,active,"2025-03-21 14:58:21","2025-03-26 13:49:02",Dev Token,Dev Token
Pemeriksaan Nutrigenomic (Nutrigenme Kalbe),2101,4766,2,20000.00,active,"2025-03-21 14:58:21","2025-03-26 13:49:03",Dev Token,Dev Token
Nutrigenomic Test (Nutrigenme Kalbe),2101,4766,2,20000.00,active,"2025-03-21 14:58:21","2025-03-26 13:49:03",Dev Token,Dev Token
Pemeriksaan Nutrigenomic (Nutrigenme Kalbe),2102,4766,3,30000.00,active,"2025-03-21 14:58:21","2025-03-26 13:49:03",Dev Token,Dev Token
Nutrigenomic Test (Nutrigenme Kalbe),2102,4766,3,30000.00,active,"2025-03-21 14:58:21","2025-03-26 13:49:03",Dev Token,Dev Token
Pemeriksaan Nutrigenomic (Nutrigenme Kalbe),2103,4766,4,40000.00,active,"2025-03-21 14:58:21","2025-03-26 13:49:03",Dev Token,Dev Token
Nutrigenomic Test (Nutrigenme Kalbe),2103,4766,4,40000.00,active,"2025-03-21 14:58:21","2025-03-26 13:49:03",Dev Token,Dev Token
Pemeriksaan Nutrigenomic (Nutrigenme Kalbe),2104,4755,2,20000.00,active,"2025-03-21 14:58:21","2025-03-26 13:49:03",Dev Token,Dev Token
Nutrigenomic Test (Nutrigenme Kalbe),2104,4755,2,20000.00,active,"2025-03-21 14:58:21","2025-03-26 13:49:03",Dev Token,Dev Token
Pemeriksaan Nutrigenomic (Nutrigenme Kalbe),2105,4755,3,30000.00,active,"2025-03-21 14:58:21","2025-03-26 13:49:03",Dev Token,Dev Token
Nutrigenomic Test (Nutrigenme Kalbe),2105,4755,3,30000.00,active,"2025-03-21 14:58:21","2025-03-26 13:49:03",Dev Token,Dev Token
Pemeriksaan Nutrigenomic (Nutrigenme Kalbe),2106,4755,4,40000.00,active,"2025-03-21 14:58:21","2025-03-26 13:49:03",Dev Token,Dev Token
Nutrigenomic Test (Nutrigenme Kalbe),2106,4755,4,40000.00,active,"2025-03-21 14:58:21","2025-03-26 13:49:03",Dev Token,Dev Token
Pemeriksaan Nutrigenomic (Nutrigenme Kalbe),2107,4759,2,20000.00,active,"2025-03-21 14:58:21","2025-03-26 13:49:03",Dev Token,Dev Token
Nutrigenomic Test (Nutrigenme Kalbe),2107,4759,2,20000.00,active,"2025-03-21 14:58:21","2025-03-26 13:49:03",Dev Token,Dev Token
Pemeriksaan Nutrigenomic (Nutrigenme Kalbe),2108,4759,3,30000.00,active,"2025-03-21 14:58:21","2025-03-26 13:49:04",Dev Token,Dev Token
Nutrigenomic Test (Nutrigenme Kalbe),2108,4759,3,30000.00,active,"2025-03-21 14:58:21","2025-03-26 13:49:04",Dev Token,Dev Token
Pemeriksaan Nutrigenomic (Nutrigenme Kalbe),2109,4759,4,40000.00,active,"2025-03-21 14:58:21","2025-03-26 13:49:04",Dev Token,Dev Token
Nutrigenomic Test (Nutrigenme Kalbe),2109,4759,4,40000.00,active,"2025-03-21 14:58:21","2025-03-26 13:49:04",Dev Token,Dev Token
Pemeriksaan Nutrigenomic (Nutrigenme Kalbe),2110,4760,2,20000.00,active,"2025-03-21 14:58:21","2025-03-26 13:49:04",Dev Token,Dev Token
Nutrigenomic Test (Nutrigenme Kalbe),2110,4760,2,20000.00,active,"2025-03-21 14:58:21","2025-03-26 13:49:04",Dev Token,Dev Token
Pemeriksaan Nutrigenomic (Nutrigenme Kalbe),2111,4760,3,30000.00,active,"2025-03-21 14:58:22","2025-03-26 13:49:04",Dev Token,Dev Token
Nutrigenomic Test (Nutrigenme Kalbe),2111,4760,3,30000.00,active,"2025-03-21 14:58:22","2025-03-26 13:49:04",Dev Token,Dev Token
Pemeriksaan Nutrigenomic (Nutrigenme Kalbe),2112,4760,4,40000.00,active,"2025-03-21 14:58:22","2025-03-26 13:49:04",Dev Token,Dev Token
Nutrigenomic Test (Nutrigenme Kalbe),2112,4760,4,40000.00,active,"2025-03-21 14:58:22","2025-03-26 13:49:04",Dev Token,Dev Token
Pemeriksaan Nutrigenomic (Nutrigenme Kalbe),2113,4761,2,20000.00,active,"2025-03-21 14:58:22","2025-03-26 13:49:05",Dev Token,Dev Token
Nutrigenomic Test (Nutrigenme Kalbe),2113,4761,2,20000.00,active,"2025-03-21 14:58:22","2025-03-26 13:49:05",Dev Token,Dev Token
Pemeriksaan Nutrigenomic (Nutrigenme Kalbe),2114,4761,3,30000.00,active,"2025-03-21 14:58:22","2025-03-26 13:49:05",Dev Token,Dev Token
Nutrigenomic Test (Nutrigenme Kalbe),2114,4761,3,30000.00,active,"2025-03-21 14:58:22","2025-03-26 13:49:05",Dev Token,Dev Token
Pemeriksaan Nutrigenomic (Nutrigenme Kalbe),2115,4761,4,40000.00,active,"2025-03-21 14:58:22","2025-03-26 13:49:05",Dev Token,Dev Token
Nutrigenomic Test (Nutrigenme Kalbe),2115,4761,4,40000.00,active,"2025-03-21 14:58:22","2025-03-26 13:49:05",Dev Token,Dev Token
Pemeriksaan Nutrigenomic (Nutrigenme Kalbe),2116,4762,2,20000.00,active,"2025-03-21 14:58:22","2025-03-26 13:49:05",Dev Token,Dev Token
Nutrigenomic Test (Nutrigenme Kalbe),2116,4762,2,20000.00,active,"2025-03-21 14:58:22","2025-03-26 13:49:05",Dev Token,Dev Token
Pemeriksaan Nutrigenomic (Nutrigenme Kalbe),2117,4762,3,30000.00,active,"2025-03-21 14:58:22","2025-03-26 13:49:05",Dev Token,Dev Token
Nutrigenomic Test (Nutrigenme Kalbe),2117,4762,3,30000.00,active,"2025-03-21 14:58:22","2025-03-26 13:49:05",Dev Token,Dev Token
Pemeriksaan Nutrigenomic (Nutrigenme Kalbe),2118,4762,4,40000.00,active,"2025-03-21 14:58:22","2025-03-26 13:49:05",Dev Token,Dev Token
Nutrigenomic Test (Nutrigenme Kalbe),2118,4762,4,40000.00,active,"2025-03-21 14:58:22","2025-03-26 13:49:05",Dev Token,Dev Token
Pemeriksaan Nutrigenomic (Nutrigenme Kalbe),2119,4763,2,20000.00,active,"2025-03-21 14:58:22","2025-03-26 13:49:05",Dev Token,Dev Token
Nutrigenomic Test (Nutrigenme Kalbe),2119,4763,2,20000.00,active,"2025-03-21 14:58:22","2025-03-26 13:49:05",Dev Token,Dev Token
Pemeriksaan Nutrigenomic (Nutrigenme Kalbe),2120,4763,3,30000.00,active,"2025-03-21 14:58:22","2025-03-26 13:49:06",Dev Token,Dev Token
Nutrigenomic Test (Nutrigenme Kalbe),2120,4763,3,30000.00,active,"2025-03-21 14:58:22","2025-03-26 13:49:06",Dev Token,Dev Token
Pemeriksaan Nutrigenomic (Nutrigenme Kalbe),2121,4763,4,40000.00,active,"2025-03-21 14:58:22","2025-03-26 13:49:06",Dev Token,Dev Token
Nutrigenomic Test (Nutrigenme Kalbe),2121,4763,4,40000.00,active,"2025-03-21 14:58:22","2025-03-26 13:49:06",Dev Token,Dev Token
Pemeriksaan Nutrigenomic (Nutrigenme Kalbe),2122,4758,2,20000.00,active,"2025-03-21 14:58:22","2025-03-26 13:49:06",Dev Token,Dev Token
Nutrigenomic Test (Nutrigenme Kalbe),2122,4758,2,20000.00,active,"2025-03-21 14:58:22","2025-03-26 13:49:06",Dev Token,Dev Token
Pemeriksaan Nutrigenomic (Nutrigenme Kalbe),2123,4758,3,30000.00,active,"2025-03-21 14:58:22","2025-03-26 13:49:06",Dev Token,Dev Token
Nutrigenomic Test (Nutrigenme Kalbe),2123,4758,3,30000.00,active,"2025-03-21 14:58:22","2025-03-26 13:49:06",Dev Token,Dev Token
Pemeriksaan Nutrigenomic (Nutrigenme Kalbe),2124,4758,4,40000.00,active,"2025-03-21 14:58:23","2025-03-26 13:49:06",Dev Token,Dev Token
Nutrigenomic Test (Nutrigenme Kalbe),2124,4758,4,40000.00,active,"2025-03-21 14:58:23","2025-03-26 13:49:06",Dev Token,Dev Token
Pemeriksaan Nutrigenomic (Nutrigenme Kalbe),2125,4757,2,20000.00,active,"2025-03-21 14:58:23","2025-03-26 13:49:06",Dev Token,Dev Token
Nutrigenomic Test (Nutrigenme Kalbe),2125,4757,2,20000.00,active,"2025-03-21 14:58:23","2025-03-26 13:49:06",Dev Token,Dev Token
Pemeriksaan Nutrigenomic (Nutrigenme Kalbe),2126,4757,3,30000.00,active,"2025-03-21 14:58:23","2025-03-26 13:49:07",Dev Token,Dev Token
Nutrigenomic Test (Nutrigenme Kalbe),2126,4757,3,30000.00,active,"2025-03-21 14:58:23","2025-03-26 13:49:07",Dev Token,Dev Token
Pemeriksaan Nutrigenomic (Nutrigenme Kalbe),2127,4757,4,40000.00,active,"2025-03-21 14:58:23","2025-03-26 13:49:07",Dev Token,Dev Token
Nutrigenomic Test (Nutrigenme Kalbe),2127,4757,4,40000.00,active,"2025-03-21 14:58:23","2025-03-26 13:49:07",Dev Token,Dev Token
Pemeriksaan Nutrigenomic (Nutrigenme Kalbe),2128,4765,2,20000.00,active,"2025-03-21 14:58:23","2025-03-26 13:49:07",Dev Token,Dev Token
Nutrigenomic Test (Nutrigenme Kalbe),2128,4765,2,20000.00,active,"2025-03-21 14:58:23","2025-03-26 13:49:07",Dev Token,Dev Token
Pemeriksaan Nutrigenomic (Nutrigenme Kalbe),2129,4765,3,30000.00,active,"2025-03-21 14:58:23","2025-03-26 13:49:07",Dev Token,Dev Token
Nutrigenomic Test (Nutrigenme Kalbe),2129,4765,3,30000.00,active,"2025-03-21 14:58:23","2025-03-26 13:49:07",Dev Token,Dev Token
Pemeriksaan Nutrigenomic (Nutrigenme Kalbe),2130,4765,4,40000.00,active,"2025-03-21 14:58:23","2025-03-26 13:49:07",Dev Token,Dev Token
Nutrigenomic Test (Nutrigenme Kalbe),2130,4765,4,40000.00,active,"2025-03-21 14:58:23","2025-03-26 13:49:07",Dev Token,Dev Token
Vaksinasi Influenza (Fluarix Tetra),2131,4863,2,20000.00,active,"2025-03-23 10:34:30","2025-03-23 10:34:30",Dev Token,Dev Token
Influenza Vaccination (Fluarix Tetra),2131,4863,2,20000.00,active,"2025-03-23 10:34:30","2025-03-23 10:34:30",Dev Token,Dev Token
Vaksinasi Influenza (Fluarix Tetra),2132,4863,3,30000.00,active,"2025-03-23 10:34:30","2025-03-23 10:34:30",Dev Token,Dev Token
Influenza Vaccination (Fluarix Tetra),2132,4863,3,30000.00,active,"2025-03-23 10:34:30","2025-03-23 10:34:30",Dev Token,Dev Token
Vaksinasi Influenza (Fluarix Tetra),2133,4863,4,40000.00,active,"2025-03-23 10:34:30","2025-03-23 10:34:30",Dev Token,Dev Token
Influenza Vaccination (Fluarix Tetra),2133,4863,4,40000.00,active,"2025-03-23 10:34:30","2025-03-23 10:34:30",Dev Token,Dev Token
Vaksinasi Influenza (Fluarix Tetra),2134,4864,2,20000.00,active,"2025-03-23 10:34:30","2025-03-23 10:34:30",Dev Token,Dev Token
Influenza Vaccination (Fluarix Tetra),2134,4864,2,20000.00,active,"2025-03-23 10:34:30","2025-03-23 10:34:30",Dev Token,Dev Token
Vaksinasi Influenza (Fluarix Tetra),2135,4864,3,30000.00,active,"2025-03-23 10:34:30","2025-03-23 10:34:30",Dev Token,Dev Token
Influenza Vaccination (Fluarix Tetra),2135,4864,3,30000.00,active,"2025-03-23 10:34:30","2025-03-23 10:34:30",Dev Token,Dev Token
Vaksinasi Influenza (Fluarix Tetra),2136,4864,4,40000.00,active,"2025-03-23 10:34:30","2025-03-23 10:34:30",Dev Token,Dev Token
Influenza Vaccination (Fluarix Tetra),2136,4864,4,40000.00,active,"2025-03-23 10:34:30","2025-03-23 10:34:30",Dev Token,Dev Token
Vaksinasi Influenza (Fluarix Tetra),2137,4861,2,20000.00,active,"2025-03-23 10:34:30","2025-03-23 10:34:31",Dev Token,Dev Token
Influenza Vaccination (Fluarix Tetra),2137,4861,2,20000.00,active,"2025-03-23 10:34:30","2025-03-23 10:34:31",Dev Token,Dev Token
Vaksinasi Influenza (Fluarix Tetra),2138,4861,3,30000.00,active,"2025-03-23 10:34:31","2025-03-23 10:34:31",Dev Token,Dev Token
Influenza Vaccination (Fluarix Tetra),2138,4861,3,30000.00,active,"2025-03-23 10:34:31","2025-03-23 10:34:31",Dev Token,Dev Token
Vaksinasi Influenza (Fluarix Tetra),2139,4861,4,40000.00,active,"2025-03-23 10:34:31","2025-03-23 10:34:31",Dev Token,Dev Token
Influenza Vaccination (Fluarix Tetra),2139,4861,4,40000.00,active,"2025-03-23 10:34:31","2025-03-23 10:34:31",Dev Token,Dev Token
Vaksinasi Influenza (Fluarix Tetra),2140,4862,2,20000.00,active,"2025-03-23 10:34:31","2025-03-23 10:34:31",Dev Token,Dev Token
Influenza Vaccination (Fluarix Tetra),2140,4862,2,20000.00,active,"2025-03-23 10:34:31","2025-03-23 10:34:31",Dev Token,Dev Token
Vaksinasi Influenza (Fluarix Tetra),2141,4862,3,30000.00,active,"2025-03-23 10:34:31","2025-03-23 10:34:31",Dev Token,Dev Token
Influenza Vaccination (Fluarix Tetra),2141,4862,3,30000.00,active,"2025-03-23 10:34:31","2025-03-23 10:34:31",Dev Token,Dev Token
Vaksinasi Influenza (Fluarix Tetra),2142,4862,4,40000.00,active,"2025-03-23 10:34:31","2025-03-23 10:34:31",Dev Token,Dev Token
Influenza Vaccination (Fluarix Tetra),2142,4862,4,40000.00,active,"2025-03-23 10:34:31","2025-03-23 10:34:31",Dev Token,Dev Token
Vaksinasi Influenza (Fluarix Tetra),2143,4856,2,20000.00,active,"2025-03-23 10:34:31","2025-03-23 10:34:31",Dev Token,Dev Token
Influenza Vaccination (Fluarix Tetra),2143,4856,2,20000.00,active,"2025-03-23 10:34:31","2025-03-23 10:34:31",Dev Token,Dev Token
Vaksinasi Influenza (Fluarix Tetra),2144,4856,3,30000.00,active,"2025-03-23 10:34:31","2025-03-23 10:34:31",Dev Token,Dev Token
Influenza Vaccination (Fluarix Tetra),2144,4856,3,30000.00,active,"2025-03-23 10:34:31","2025-03-23 10:34:31",Dev Token,Dev Token
Vaksinasi Influenza (Fluarix Tetra),2145,4856,4,40000.00,active,"2025-03-23 10:34:31","2025-03-23 10:34:31",Dev Token,Dev Token
Influenza Vaccination (Fluarix Tetra),2145,4856,4,40000.00,active,"2025-03-23 10:34:31","2025-03-23 10:34:31",Dev Token,Dev Token
Vaksinasi Influenza (Fluarix Tetra),2146,4857,2,20000.00,active,"2025-03-23 10:34:31","2025-03-23 10:34:31",Dev Token,Dev Token
Influenza Vaccination (Fluarix Tetra),2146,4857,2,20000.00,active,"2025-03-23 10:34:31","2025-03-23 10:34:31",Dev Token,Dev Token
Vaksinasi Influenza (Fluarix Tetra),2147,4857,3,30000.00,active,"2025-03-23 10:34:31","2025-03-23 10:34:31",Dev Token,Dev Token
Influenza Vaccination (Fluarix Tetra),2147,4857,3,30000.00,active,"2025-03-23 10:34:31","2025-03-23 10:34:31",Dev Token,Dev Token
Vaksinasi Influenza (Fluarix Tetra),2148,4857,4,40000.00,active,"2025-03-23 10:34:32","2025-03-23 10:34:32",Dev Token,Dev Token
Influenza Vaccination (Fluarix Tetra),2148,4857,4,40000.00,active,"2025-03-23 10:34:32","2025-03-23 10:34:32",Dev Token,Dev Token
Vaksinasi Influenza (Fluarix Tetra),2149,4860,2,20000.00,active,"2025-03-23 10:34:32","2025-03-23 10:34:32",Dev Token,Dev Token
Influenza Vaccination (Fluarix Tetra),2149,4860,2,20000.00,active,"2025-03-23 10:34:32","2025-03-23 10:34:32",Dev Token,Dev Token
Vaksinasi Influenza (Fluarix Tetra),2150,4860,3,30000.00,active,"2025-03-23 10:34:32","2025-03-23 10:34:32",Dev Token,Dev Token
Influenza Vaccination (Fluarix Tetra),2150,4860,3,30000.00,active,"2025-03-23 10:34:32","2025-03-23 10:34:32",Dev Token,Dev Token
Vaksinasi Influenza (Fluarix Tetra),2151,4860,4,40000.00,active,"2025-03-23 10:34:32","2025-03-23 10:34:32",Dev Token,Dev Token
Influenza Vaccination (Fluarix Tetra),2151,4860,4,40000.00,active,"2025-03-23 10:34:32","2025-03-23 10:34:32",Dev Token,Dev Token
Vaksinasi Influenza (Fluarix Tetra),2152,4858,2,20000.00,active,"2025-03-23 10:34:32","2025-03-23 10:34:32",Dev Token,Dev Token
Influenza Vaccination (Fluarix Tetra),2152,4858,2,20000.00,active,"2025-03-23 10:34:32","2025-03-23 10:34:32",Dev Token,Dev Token
Vaksinasi Influenza (Fluarix Tetra),2153,4858,3,30000.00,active,"2025-03-23 10:34:32","2025-03-23 10:34:32",Dev Token,Dev Token
Influenza Vaccination (Fluarix Tetra),2153,4858,3,30000.00,active,"2025-03-23 10:34:32","2025-03-23 10:34:32",Dev Token,Dev Token
Vaksinasi Influenza (Fluarix Tetra),2154,4858,4,40000.00,active,"2025-03-23 10:34:32","2025-03-23 10:34:32",Dev Token,Dev Token
Influenza Vaccination (Fluarix Tetra),2154,4858,4,40000.00,active,"2025-03-23 10:34:32","2025-03-23 10:34:32",Dev Token,Dev Token
Vaksinasi Influenza (Fluarix Tetra),2155,4859,2,20000.00,active,"2025-03-23 10:34:32","2025-03-23 10:34:32",Dev Token,Dev Token
Influenza Vaccination (Fluarix Tetra),2155,4859,2,20000.00,active,"2025-03-23 10:34:32","2025-03-23 10:34:32",Dev Token,Dev Token
Vaksinasi Influenza (Fluarix Tetra),2156,4859,3,30000.00,active,"2025-03-23 10:34:32","2025-03-23 10:34:32",Dev Token,Dev Token
Influenza Vaccination (Fluarix Tetra),2156,4859,3,30000.00,active,"2025-03-23 10:34:32","2025-03-23 10:34:32",Dev Token,Dev Token
Vaksinasi Influenza (Fluarix Tetra),2157,4859,4,40000.00,active,"2025-03-23 10:34:32","2025-03-23 10:34:32",Dev Token,Dev Token
Influenza Vaccination (Fluarix Tetra),2157,4859,4,40000.00,active,"2025-03-23 10:34:32","2025-03-23 10:34:32",Dev Token,Dev Token
Vaksinasi Influenza (Fluarix Tetra),2158,4865,2,20000.00,active,"2025-03-23 10:34:32","2025-03-23 10:34:32",Dev Token,Dev Token
Influenza Vaccination (Fluarix Tetra),2158,4865,2,20000.00,active,"2025-03-23 10:34:32","2025-03-23 10:34:32",Dev Token,Dev Token
Vaksinasi Influenza (Fluarix Tetra),2159,4865,3,30000.00,active,"2025-03-23 10:34:33","2025-03-23 10:34:33",Dev Token,Dev Token
Influenza Vaccination (Fluarix Tetra),2159,4865,3,30000.00,active,"2025-03-23 10:34:33","2025-03-23 10:34:33",Dev Token,Dev Token
Vaksinasi Influenza (Fluarix Tetra),2160,4865,4,40000.00,active,"2025-03-23 10:34:33","2025-03-23 10:34:33",Dev Token,Dev Token
Influenza Vaccination (Fluarix Tetra),2160,4865,4,40000.00,active,"2025-03-23 10:34:33","2025-03-23 10:34:33",Dev Token,Dev Token
Paket Vaksinasi Lansia,2161,4875,2,20000.00,active,"2025-03-26 16:15:05","2025-03-26 16:15:05",Dev Token,Dev Token
Elderly Vaccination Bundle,2161,4875,2,20000.00,active,"2025-03-26 16:15:05","2025-03-26 16:15:05",Dev Token,Dev Token
Paket Vaksinasi Lansia,2162,4875,3,30000.00,active,"2025-03-26 16:15:05","2025-03-26 16:15:05",Dev Token,Dev Token
Elderly Vaccination Bundle,2162,4875,3,30000.00,active,"2025-03-26 16:15:05","2025-03-26 16:15:05",Dev Token,Dev Token
Paket Vaksinasi Lansia,2163,4875,4,40000.00,active,"2025-03-26 16:15:05","2025-03-26 16:15:05",Dev Token,Dev Token
Elderly Vaccination Bundle,2163,4875,4,40000.00,active,"2025-03-26 16:15:05","2025-03-26 16:15:05",Dev Token,Dev Token
Paket Vaksinasi Lansia,2164,4874,2,20000.00,active,"2025-03-26 16:15:06","2025-03-26 16:15:06",Dev Token,Dev Token
Elderly Vaccination Bundle,2164,4874,2,20000.00,active,"2025-03-26 16:15:06","2025-03-26 16:15:06",Dev Token,Dev Token
Paket Vaksinasi Lansia,2165,4874,3,30000.00,active,"2025-03-26 16:15:06","2025-03-26 16:15:06",Dev Token,Dev Token
Elderly Vaccination Bundle,2165,4874,3,30000.00,active,"2025-03-26 16:15:06","2025-03-26 16:15:06",Dev Token,Dev Token
Paket Vaksinasi Lansia,2166,4874,4,40000.00,active,"2025-03-26 16:15:06","2025-03-26 16:15:06",Dev Token,Dev Token
Elderly Vaccination Bundle,2166,4874,4,40000.00,active,"2025-03-26 16:15:06","2025-03-26 16:15:06",Dev Token,Dev Token
Paket Vaksinasi Lansia,2167,4867,2,20000.00,active,"2025-03-26 16:15:06","2025-03-26 16:15:06",Dev Token,Dev Token
Elderly Vaccination Bundle,2167,4867,2,20000.00,active,"2025-03-26 16:15:06","2025-03-26 16:15:06",Dev Token,Dev Token
Paket Vaksinasi Lansia,2168,4867,3,30000.00,active,"2025-03-26 16:15:06","2025-03-26 16:15:06",Dev Token,Dev Token
Elderly Vaccination Bundle,2168,4867,3,30000.00,active,"2025-03-26 16:15:06","2025-03-26 16:15:06",Dev Token,Dev Token
Paket Vaksinasi Lansia,2169,4867,4,40000.00,active,"2025-03-26 16:15:06","2025-03-26 16:15:06",Dev Token,Dev Token
Elderly Vaccination Bundle,2169,4867,4,40000.00,active,"2025-03-26 16:15:06","2025-03-26 16:15:06",Dev Token,Dev Token
Paket Vaksinasi Lansia,2170,4866,2,20000.00,active,"2025-03-26 16:15:06","2025-03-26 16:15:06",Dev Token,Dev Token
Elderly Vaccination Bundle,2170,4866,2,20000.00,active,"2025-03-26 16:15:06","2025-03-26 16:15:06",Dev Token,Dev Token
Paket Vaksinasi Lansia,2171,4866,3,30000.00,active,"2025-03-26 16:15:07","2025-03-26 16:15:07",Dev Token,Dev Token
Elderly Vaccination Bundle,2171,4866,3,30000.00,active,"2025-03-26 16:15:07","2025-03-26 16:15:07",Dev Token,Dev Token
Paket Vaksinasi Lansia,2172,4866,4,40000.00,active,"2025-03-26 16:15:07","2025-03-26 16:15:07",Dev Token,Dev Token
Elderly Vaccination Bundle,2172,4866,4,40000.00,active,"2025-03-26 16:15:07","2025-03-26 16:15:07",Dev Token,Dev Token
Paket Vaksinasi Lansia,2173,4873,2,20000.00,active,"2025-03-26 16:15:07","2025-03-26 16:15:07",Dev Token,Dev Token
Elderly Vaccination Bundle,2173,4873,2,20000.00,active,"2025-03-26 16:15:07","2025-03-26 16:15:07",Dev Token,Dev Token
Paket Vaksinasi Lansia,2174,4873,3,30000.00,active,"2025-03-26 16:15:07","2025-03-26 16:15:07",Dev Token,Dev Token
Elderly Vaccination Bundle,2174,4873,3,30000.00,active,"2025-03-26 16:15:07","2025-03-26 16:15:07",Dev Token,Dev Token
Paket Vaksinasi Lansia,2175,4873,4,40000.00,active,"2025-03-26 16:15:07","2025-03-26 16:15:07",Dev Token,Dev Token
Elderly Vaccination Bundle,2175,4873,4,40000.00,active,"2025-03-26 16:15:07","2025-03-26 16:15:07",Dev Token,Dev Token
Paket Vaksinasi Lansia,2176,4872,2,20000.00,active,"2025-03-26 16:15:07","2025-03-26 16:15:07",Dev Token,Dev Token
Elderly Vaccination Bundle,2176,4872,2,20000.00,active,"2025-03-26 16:15:07","2025-03-26 16:15:07",Dev Token,Dev Token
Paket Vaksinasi Lansia,2177,4872,3,30000.00,active,"2025-03-26 16:15:08","2025-03-26 16:15:08",Dev Token,Dev Token
Elderly Vaccination Bundle,2177,4872,3,30000.00,active,"2025-03-26 16:15:08","2025-03-26 16:15:08",Dev Token,Dev Token
Paket Vaksinasi Lansia,2178,4872,4,40000.00,active,"2025-03-26 16:15:08","2025-03-26 16:15:08",Dev Token,Dev Token
Elderly Vaccination Bundle,2178,4872,4,40000.00,active,"2025-03-26 16:15:08","2025-03-26 16:15:08",Dev Token,Dev Token
Paket Vaksinasi Lansia,2179,4871,2,20000.00,active,"2025-03-26 16:15:08","2025-03-26 16:15:08",Dev Token,Dev Token
Elderly Vaccination Bundle,2179,4871,2,20000.00,active,"2025-03-26 16:15:08","2025-03-26 16:15:08",Dev Token,Dev Token
Paket Vaksinasi Lansia,2180,4871,3,30000.00,active,"2025-03-26 16:15:08","2025-03-26 16:15:08",Dev Token,Dev Token
Elderly Vaccination Bundle,2180,4871,3,30000.00,active,"2025-03-26 16:15:08","2025-03-26 16:15:08",Dev Token,Dev Token
Paket Vaksinasi Lansia,2181,4871,4,40000.00,active,"2025-03-26 16:15:08","2025-03-26 16:15:08",Dev Token,Dev Token
Elderly Vaccination Bundle,2181,4871,4,40000.00,active,"2025-03-26 16:15:08","2025-03-26 16:15:08",Dev Token,Dev Token
Paket Vaksinasi Lansia,2182,4870,2,20000.00,active,"2025-03-26 16:15:08","2025-03-26 16:15:08",Dev Token,Dev Token
Elderly Vaccination Bundle,2182,4870,2,20000.00,active,"2025-03-26 16:15:08","2025-03-26 16:15:08",Dev Token,Dev Token
Paket Vaksinasi Lansia,2183,4870,3,30000.00,active,"2025-03-26 16:15:08","2025-03-26 16:15:08",Dev Token,Dev Token
Elderly Vaccination Bundle,2183,4870,3,30000.00,active,"2025-03-26 16:15:08","2025-03-26 16:15:08",Dev Token,Dev Token
Paket Vaksinasi Lansia,2184,4870,4,40000.00,active,"2025-03-26 16:15:09","2025-03-26 16:15:09",Dev Token,Dev Token
Elderly Vaccination Bundle,2184,4870,4,40000.00,active,"2025-03-26 16:15:09","2025-03-26 16:15:09",Dev Token,Dev Token
Paket Vaksinasi Lansia,2185,4869,2,20000.00,active,"2025-03-26 16:15:09","2025-03-26 16:15:09",Dev Token,Dev Token
Elderly Vaccination Bundle,2185,4869,2,20000.00,active,"2025-03-26 16:15:09","2025-03-26 16:15:09",Dev Token,Dev Token
Paket Vaksinasi Lansia,2186,4869,3,30000.00,active,"2025-03-26 16:15:09","2025-03-26 16:15:09",Dev Token,Dev Token
Elderly Vaccination Bundle,2186,4869,3,30000.00,active,"2025-03-26 16:15:09","2025-03-26 16:15:09",Dev Token,Dev Token
Paket Vaksinasi Lansia,2187,4869,4,40000.00,active,"2025-03-26 16:15:09","2025-03-26 16:15:09",Dev Token,Dev Token
Elderly Vaccination Bundle,2187,4869,4,40000.00,active,"2025-03-26 16:15:09","2025-03-26 16:15:09",Dev Token,Dev Token
Paket Vaksinasi Lansia,2188,4868,2,20000.00,active,"2025-03-26 16:15:09","2025-03-26 16:15:09",Dev Token,Dev Token
Elderly Vaccination Bundle,2188,4868,2,20000.00,active,"2025-03-26 16:15:09","2025-03-26 16:15:09",Dev Token,Dev Token
Paket Vaksinasi Lansia,2189,4868,3,30000.00,active,"2025-03-26 16:15:09","2025-03-26 16:15:09",Dev Token,Dev Token
Elderly Vaccination Bundle,2189,4868,3,30000.00,active,"2025-03-26 16:15:09","2025-03-26 16:15:09",Dev Token,Dev Token
Paket Vaksinasi Lansia,2190,4868,4,40000.00,active,"2025-03-26 16:15:09","2025-03-26 16:15:10",Dev Token,Dev Token
Elderly Vaccination Bundle,2190,4868,4,40000.00,active,"2025-03-26 16:15:09","2025-03-26 16:15:10",Dev Token,Dev Token
Paket Vaksinasi Influenza (Vaxigrip Tetra) + Pneumonia PCV20,2191,4885,2,20000.00,active,"2025-03-26 16:15:10","2025-03-26 16:15:10",Dev Token,Dev Token
Influenza (Vaxigrip Tetra) + Pneumonia PCV20 Vaccination Bundle,2191,4885,2,20000.00,active,"2025-03-26 16:15:10","2025-03-26 16:15:10",Dev Token,Dev Token
Paket Vaksinasi Influenza (Vaxigrip Tetra) + Pneumonia PCV20,2192,4885,3,30000.00,active,"2025-03-26 16:15:10","2025-03-26 16:15:10",Dev Token,Dev Token
Influenza (Vaxigrip Tetra) + Pneumonia PCV20 Vaccination Bundle,2192,4885,3,30000.00,active,"2025-03-26 16:15:10","2025-03-26 16:15:10",Dev Token,Dev Token
Paket Vaksinasi Influenza (Vaxigrip Tetra) + Pneumonia PCV20,2193,4885,4,40000.00,active,"2025-03-26 16:15:10","2025-03-26 16:15:10",Dev Token,Dev Token
Influenza (Vaxigrip Tetra) + Pneumonia PCV20 Vaccination Bundle,2193,4885,4,40000.00,active,"2025-03-26 16:15:10","2025-03-26 16:15:10",Dev Token,Dev Token
Paket Vaksinasi Influenza (Vaxigrip Tetra) + Pneumonia PCV20,2194,4884,2,20000.00,active,"2025-03-26 16:15:10","2025-03-26 16:15:10",Dev Token,Dev Token
Influenza (Vaxigrip Tetra) + Pneumonia PCV20 Vaccination Bundle,2194,4884,2,20000.00,active,"2025-03-26 16:15:10","2025-03-26 16:15:10",Dev Token,Dev Token
Paket Vaksinasi Influenza (Vaxigrip Tetra) + Pneumonia PCV20,2195,4884,3,30000.00,active,"2025-03-26 16:15:10","2025-03-26 16:15:10",Dev Token,Dev Token
Influenza (Vaxigrip Tetra) + Pneumonia PCV20 Vaccination Bundle,2195,4884,3,30000.00,active,"2025-03-26 16:15:10","2025-03-26 16:15:10",Dev Token,Dev Token
Paket Vaksinasi Influenza (Vaxigrip Tetra) + Pneumonia PCV20,2196,4884,4,40000.00,active,"2025-03-26 16:15:11","2025-03-26 16:15:11",Dev Token,Dev Token
Influenza (Vaxigrip Tetra) + Pneumonia PCV20 Vaccination Bundle,2196,4884,4,40000.00,active,"2025-03-26 16:15:11","2025-03-26 16:15:11",Dev Token,Dev Token
Paket Vaksinasi Influenza (Vaxigrip Tetra) + Pneumonia PCV20,2197,4876,2,20000.00,active,"2025-03-26 16:15:11","2025-03-26 16:15:11",Dev Token,Dev Token
Influenza (Vaxigrip Tetra) + Pneumonia PCV20 Vaccination Bundle,2197,4876,2,20000.00,active,"2025-03-26 16:15:11","2025-03-26 16:15:11",Dev Token,Dev Token
Paket Vaksinasi Influenza (Vaxigrip Tetra) + Pneumonia PCV20,2198,4876,3,30000.00,active,"2025-03-26 16:15:11","2025-03-26 16:15:11",Dev Token,Dev Token
Influenza (Vaxigrip Tetra) + Pneumonia PCV20 Vaccination Bundle,2198,4876,3,30000.00,active,"2025-03-26 16:15:11","2025-03-26 16:15:11",Dev Token,Dev Token
Paket Vaksinasi Influenza (Vaxigrip Tetra) + Pneumonia PCV20,2199,4876,4,40000.00,active,"2025-03-26 16:15:11","2025-03-26 16:15:11",Dev Token,Dev Token
Influenza (Vaxigrip Tetra) + Pneumonia PCV20 Vaccination Bundle,2199,4876,4,40000.00,active,"2025-03-26 16:15:11","2025-03-26 16:15:11",Dev Token,Dev Token
Paket Vaksinasi Influenza (Vaxigrip Tetra) + Pneumonia PCV20,2200,4877,2,20000.00,active,"2025-03-26 16:15:11","2025-03-26 16:15:11",Dev Token,Dev Token
Influenza (Vaxigrip Tetra) + Pneumonia PCV20 Vaccination Bundle,2200,4877,2,20000.00,active,"2025-03-26 16:15:11","2025-03-26 16:15:11",Dev Token,Dev Token
Paket Vaksinasi Influenza (Vaxigrip Tetra) + Pneumonia PCV20,2201,4877,3,30000.00,active,"2025-03-26 16:15:11","2025-03-26 16:15:11",Dev Token,Dev Token
Influenza (Vaxigrip Tetra) + Pneumonia PCV20 Vaccination Bundle,2201,4877,3,30000.00,active,"2025-03-26 16:15:11","2025-03-26 16:15:11",Dev Token,Dev Token
Paket Vaksinasi Influenza (Vaxigrip Tetra) + Pneumonia PCV20,2202,4877,4,40000.00,active,"2025-03-26 16:15:11","2025-03-26 16:15:11",Dev Token,Dev Token
Influenza (Vaxigrip Tetra) + Pneumonia PCV20 Vaccination Bundle,2202,4877,4,40000.00,active,"2025-03-26 16:15:11","2025-03-26 16:15:11",Dev Token,Dev Token
Paket Vaksinasi Influenza (Vaxigrip Tetra) + Pneumonia PCV20,2203,4883,2,20000.00,active,"2025-03-26 16:15:12","2025-03-26 16:15:12",Dev Token,Dev Token
Influenza (Vaxigrip Tetra) + Pneumonia PCV20 Vaccination Bundle,2203,4883,2,20000.00,active,"2025-03-26 16:15:12","2025-03-26 16:15:12",Dev Token,Dev Token
Paket Vaksinasi Influenza (Vaxigrip Tetra) + Pneumonia PCV20,2204,4883,3,30000.00,active,"2025-03-26 16:15:12","2025-03-26 16:15:12",Dev Token,Dev Token
Influenza (Vaxigrip Tetra) + Pneumonia PCV20 Vaccination Bundle,2204,4883,3,30000.00,active,"2025-03-26 16:15:12","2025-03-26 16:15:12",Dev Token,Dev Token
Paket Vaksinasi Influenza (Vaxigrip Tetra) + Pneumonia PCV20,2205,4883,4,40000.00,active,"2025-03-26 16:15:12","2025-03-26 16:15:12",Dev Token,Dev Token
Influenza (Vaxigrip Tetra) + Pneumonia PCV20 Vaccination Bundle,2205,4883,4,40000.00,active,"2025-03-26 16:15:12","2025-03-26 16:15:12",Dev Token,Dev Token
Paket Vaksinasi Influenza (Vaxigrip Tetra) + Pneumonia PCV20,2206,4882,2,20000.00,active,"2025-03-26 16:15:12","2025-03-26 16:15:12",Dev Token,Dev Token
Influenza (Vaxigrip Tetra) + Pneumonia PCV20 Vaccination Bundle,2206,4882,2,20000.00,active,"2025-03-26 16:15:12","2025-03-26 16:15:12",Dev Token,Dev Token
Paket Vaksinasi Influenza (Vaxigrip Tetra) + Pneumonia PCV20,2207,4882,3,30000.00,active,"2025-03-26 16:15:12","2025-03-26 16:15:12",Dev Token,Dev Token
Influenza (Vaxigrip Tetra) + Pneumonia PCV20 Vaccination Bundle,2207,4882,3,30000.00,active,"2025-03-26 16:15:12","2025-03-26 16:15:12",Dev Token,Dev Token
Paket Vaksinasi Influenza (Vaxigrip Tetra) + Pneumonia PCV20,2208,4882,4,40000.00,active,"2025-03-26 16:15:12","2025-03-26 16:15:12",Dev Token,Dev Token
Influenza (Vaxigrip Tetra) + Pneumonia PCV20 Vaccination Bundle,2208,4882,4,40000.00,active,"2025-03-26 16:15:12","2025-03-26 16:15:12",Dev Token,Dev Token
Paket Vaksinasi Influenza (Vaxigrip Tetra) + Pneumonia PCV20,2209,4881,2,20000.00,active,"2025-03-26 16:15:12","2025-03-26 16:15:13",Dev Token,Dev Token
Influenza (Vaxigrip Tetra) + Pneumonia PCV20 Vaccination Bundle,2209,4881,2,20000.00,active,"2025-03-26 16:15:12","2025-03-26 16:15:13",Dev Token,Dev Token
Paket Vaksinasi Influenza (Vaxigrip Tetra) + Pneumonia PCV20,2210,4881,3,30000.00,active,"2025-03-26 16:15:13","2025-03-26 16:15:13",Dev Token,Dev Token
Influenza (Vaxigrip Tetra) + Pneumonia PCV20 Vaccination Bundle,2210,4881,3,30000.00,active,"2025-03-26 16:15:13","2025-03-26 16:15:13",Dev Token,Dev Token
Paket Vaksinasi Influenza (Vaxigrip Tetra) + Pneumonia PCV20,2211,4881,4,40000.00,active,"2025-03-26 16:15:13","2025-03-26 16:15:13",Dev Token,Dev Token
Influenza (Vaxigrip Tetra) + Pneumonia PCV20 Vaccination Bundle,2211,4881,4,40000.00,active,"2025-03-26 16:15:13","2025-03-26 16:15:13",Dev Token,Dev Token
Paket Vaksinasi Influenza (Vaxigrip Tetra) + Pneumonia PCV20,2212,4880,2,20000.00,active,"2025-03-26 16:15:13","2025-03-26 16:15:13",Dev Token,Dev Token
Influenza (Vaxigrip Tetra) + Pneumonia PCV20 Vaccination Bundle,2212,4880,2,20000.00,active,"2025-03-26 16:15:13","2025-03-26 16:15:13",Dev Token,Dev Token
Paket Vaksinasi Influenza (Vaxigrip Tetra) + Pneumonia PCV20,2213,4880,3,30000.00,active,"2025-03-26 16:15:13","2025-03-26 16:15:13",Dev Token,Dev Token
Influenza (Vaxigrip Tetra) + Pneumonia PCV20 Vaccination Bundle,2213,4880,3,30000.00,active,"2025-03-26 16:15:13","2025-03-26 16:15:13",Dev Token,Dev Token
Paket Vaksinasi Influenza (Vaxigrip Tetra) + Pneumonia PCV20,2214,4880,4,40000.00,active,"2025-03-26 16:15:13","2025-03-26 16:15:13",Dev Token,Dev Token
Influenza (Vaxigrip Tetra) + Pneumonia PCV20 Vaccination Bundle,2214,4880,4,40000.00,active,"2025-03-26 16:15:13","2025-03-26 16:15:13",Dev Token,Dev Token
Paket Vaksinasi Influenza (Vaxigrip Tetra) + Pneumonia PCV20,2215,4879,2,20000.00,active,"2025-03-26 16:15:13","2025-03-26 16:15:13",Dev Token,Dev Token
Influenza (Vaxigrip Tetra) + Pneumonia PCV20 Vaccination Bundle,2215,4879,2,20000.00,active,"2025-03-26 16:15:13","2025-03-26 16:15:13",Dev Token,Dev Token
Paket Vaksinasi Influenza (Vaxigrip Tetra) + Pneumonia PCV20,2216,4879,3,30000.00,active,"2025-03-26 16:15:14","2025-03-26 16:15:14",Dev Token,Dev Token
Influenza (Vaxigrip Tetra) + Pneumonia PCV20 Vaccination Bundle,2216,4879,3,30000.00,active,"2025-03-26 16:15:14","2025-03-26 16:15:14",Dev Token,Dev Token
Paket Vaksinasi Influenza (Vaxigrip Tetra) + Pneumonia PCV20,2217,4879,4,40000.00,active,"2025-03-26 16:15:14","2025-03-26 16:15:14",Dev Token,Dev Token
Influenza (Vaxigrip Tetra) + Pneumonia PCV20 Vaccination Bundle,2217,4879,4,40000.00,active,"2025-03-26 16:15:14","2025-03-26 16:15:14",Dev Token,Dev Token
Paket Vaksinasi Influenza (Vaxigrip Tetra) + Pneumonia PCV20,2218,4878,2,20000.00,active,"2025-03-26 16:15:14","2025-03-26 16:15:14",Dev Token,Dev Token
Influenza (Vaxigrip Tetra) + Pneumonia PCV20 Vaccination Bundle,2218,4878,2,20000.00,active,"2025-03-26 16:15:14","2025-03-26 16:15:14",Dev Token,Dev Token
Paket Vaksinasi Influenza (Vaxigrip Tetra) + Pneumonia PCV20,2219,4878,3,30000.00,active,"2025-03-26 16:15:14","2025-03-26 16:15:14",Dev Token,Dev Token
Influenza (Vaxigrip Tetra) + Pneumonia PCV20 Vaccination Bundle,2219,4878,3,30000.00,active,"2025-03-26 16:15:14","2025-03-26 16:15:14",Dev Token,Dev Token
Paket Vaksinasi Influenza (Vaxigrip Tetra) + Pneumonia PCV20,2220,4878,4,40000.00,active,"2025-03-26 16:15:14","2025-03-26 16:15:14",Dev Token,Dev Token
Influenza (Vaxigrip Tetra) + Pneumonia PCV20 Vaccination Bundle,2220,4878,4,40000.00,active,"2025-03-26 16:15:14","2025-03-26 16:15:14",Dev Token,Dev Token
Vaksinasi DTaP-POLIO IPV-HIB (Infanrix IPV Hib),2221,4886,2,20000.00,active,"2025-04-10 13:15:11","2025-04-10 13:15:11",Dev Token,Dev Token
DTaP-POLIO IPV-HIB Vaccination (Infanrix IPV Hib),2221,4886,2,20000.00,active,"2025-04-10 13:15:11","2025-04-10 13:15:11",Dev Token,Dev Token
Vaksinasi DTaP-POLIO IPV-HIB (Infanrix IPV Hib),2222,4886,3,30000.00,active,"2025-04-10 13:15:11","2025-04-10 13:15:11",Dev Token,Dev Token
DTaP-POLIO IPV-HIB Vaccination (Infanrix IPV Hib),2222,4886,3,30000.00,active,"2025-04-10 13:15:11","2025-04-10 13:15:11",Dev Token,Dev Token
Vaksinasi DTaP-POLIO IPV-HIB (Infanrix IPV Hib),2223,4886,4,40000.00,active,"2025-04-10 13:15:11","2025-04-10 13:15:11",Dev Token,Dev Token
DTaP-POLIO IPV-HIB Vaccination (Infanrix IPV Hib),2223,4886,4,40000.00,active,"2025-04-10 13:15:11","2025-04-10 13:15:11",Dev Token,Dev Token
Vaksinasi DTaP-POLIO IPV-HIB (Infanrix IPV Hib),2224,4887,2,20000.00,active,"2025-04-10 13:15:11","2025-04-10 13:15:11",Dev Token,Dev Token
DTaP-POLIO IPV-HIB Vaccination (Infanrix IPV Hib),2224,4887,2,20000.00,active,"2025-04-10 13:15:11","2025-04-10 13:15:11",Dev Token,Dev Token
Vaksinasi DTaP-POLIO IPV-HIB (Infanrix IPV Hib),2225,4887,3,30000.00,active,"2025-04-10 13:15:12","2025-04-10 13:15:12",Dev Token,Dev Token
DTaP-POLIO IPV-HIB Vaccination (Infanrix IPV Hib),2225,4887,3,30000.00,active,"2025-04-10 13:15:12","2025-04-10 13:15:12",Dev Token,Dev Token
Vaksinasi DTaP-POLIO IPV-HIB (Infanrix IPV Hib),2226,4887,4,40000.00,active,"2025-04-10 13:15:12","2025-04-10 13:15:12",Dev Token,Dev Token
DTaP-POLIO IPV-HIB Vaccination (Infanrix IPV Hib),2226,4887,4,40000.00,active,"2025-04-10 13:15:12","2025-04-10 13:15:12",Dev Token,Dev Token
Vaksinasi DTaP-POLIO IPV-HIB (Infanrix IPV Hib),2227,4894,2,20000.00,active,"2025-04-10 13:15:12","2025-04-10 13:15:12",Dev Token,Dev Token
DTaP-POLIO IPV-HIB Vaccination (Infanrix IPV Hib),2227,4894,2,20000.00,active,"2025-04-10 13:15:12","2025-04-10 13:15:12",Dev Token,Dev Token
Vaksinasi DTaP-POLIO IPV-HIB (Infanrix IPV Hib),2228,4894,3,30000.00,active,"2025-04-10 13:15:12","2025-04-10 13:15:12",Dev Token,Dev Token
DTaP-POLIO IPV-HIB Vaccination (Infanrix IPV Hib),2228,4894,3,30000.00,active,"2025-04-10 13:15:12","2025-04-10 13:15:12",Dev Token,Dev Token
Vaksinasi DTaP-POLIO IPV-HIB (Infanrix IPV Hib),2229,4894,4,40000.00,active,"2025-04-10 13:15:12","2025-04-10 13:15:12",Dev Token,Dev Token
DTaP-POLIO IPV-HIB Vaccination (Infanrix IPV Hib),2229,4894,4,40000.00,active,"2025-04-10 13:15:12","2025-04-10 13:15:12",Dev Token,Dev Token
Vaksinasi DTaP-POLIO IPV-HIB (Infanrix IPV Hib),2230,4895,2,20000.00,active,"2025-04-10 13:15:12","2025-04-10 13:15:12",Dev Token,Dev Token
DTaP-POLIO IPV-HIB Vaccination (Infanrix IPV Hib),2230,4895,2,20000.00,active,"2025-04-10 13:15:12","2025-04-10 13:15:12",Dev Token,Dev Token
Vaksinasi DTaP-POLIO IPV-HIB (Infanrix IPV Hib),2231,4895,3,30000.00,active,"2025-04-10 13:15:12","2025-04-10 13:15:12",Dev Token,Dev Token
DTaP-POLIO IPV-HIB Vaccination (Infanrix IPV Hib),2231,4895,3,30000.00,active,"2025-04-10 13:15:12","2025-04-10 13:15:12",Dev Token,Dev Token
Vaksinasi DTaP-POLIO IPV-HIB (Infanrix IPV Hib),2232,4895,4,40000.00,active,"2025-04-10 13:15:13","2025-04-10 13:15:13",Dev Token,Dev Token
DTaP-POLIO IPV-HIB Vaccination (Infanrix IPV Hib),2232,4895,4,40000.00,active,"2025-04-10 13:15:13","2025-04-10 13:15:13",Dev Token,Dev Token
Vaksinasi DTaP-POLIO IPV-HIB (Infanrix IPV Hib),2233,4888,2,20000.00,active,"2025-04-10 13:15:13","2025-04-10 13:15:13",Dev Token,Dev Token
DTaP-POLIO IPV-HIB Vaccination (Infanrix IPV Hib),2233,4888,2,20000.00,active,"2025-04-10 13:15:13","2025-04-10 13:15:13",Dev Token,Dev Token
Vaksinasi DTaP-POLIO IPV-HIB (Infanrix IPV Hib),2234,4888,3,30000.00,active,"2025-04-10 13:15:13","2025-04-10 13:15:13",Dev Token,Dev Token
DTaP-POLIO IPV-HIB Vaccination (Infanrix IPV Hib),2234,4888,3,30000.00,active,"2025-04-10 13:15:13","2025-04-10 13:15:13",Dev Token,Dev Token
Vaksinasi DTaP-POLIO IPV-HIB (Infanrix IPV Hib),2235,4888,4,40000.00,active,"2025-04-10 13:15:13","2025-04-10 13:15:13",Dev Token,Dev Token
DTaP-POLIO IPV-HIB Vaccination (Infanrix IPV Hib),2235,4888,4,40000.00,active,"2025-04-10 13:15:13","2025-04-10 13:15:13",Dev Token,Dev Token
Vaksinasi DTaP-POLIO IPV-HIB (Infanrix IPV Hib),2236,4889,2,20000.00,active,"2025-04-10 13:15:13","2025-04-10 13:15:13",Dev Token,Dev Token
DTaP-POLIO IPV-HIB Vaccination (Infanrix IPV Hib),2236,4889,2,20000.00,active,"2025-04-10 13:15:13","2025-04-10 13:15:13",Dev Token,Dev Token
Vaksinasi DTaP-POLIO IPV-HIB (Infanrix IPV Hib),2237,4889,3,30000.00,active,"2025-04-10 13:15:13","2025-04-10 13:15:13",Dev Token,Dev Token
DTaP-POLIO IPV-HIB Vaccination (Infanrix IPV Hib),2237,4889,3,30000.00,active,"2025-04-10 13:15:13","2025-04-10 13:15:13",Dev Token,Dev Token
Vaksinasi DTaP-POLIO IPV-HIB (Infanrix IPV Hib),2238,4889,4,40000.00,active,"2025-04-10 13:15:13","2025-04-10 13:15:13",Dev Token,Dev Token
DTaP-POLIO IPV-HIB Vaccination (Infanrix IPV Hib),2238,4889,4,40000.00,active,"2025-04-10 13:15:13","2025-04-10 13:15:13",Dev Token,Dev Token
Vaksinasi DTaP-POLIO IPV-HIB (Infanrix IPV Hib),2239,4890,2,20000.00,active,"2025-04-10 13:15:14","2025-04-10 13:15:14",Dev Token,Dev Token
DTaP-POLIO IPV-HIB Vaccination (Infanrix IPV Hib),2239,4890,2,20000.00,active,"2025-04-10 13:15:14","2025-04-10 13:15:14",Dev Token,Dev Token
Vaksinasi DTaP-POLIO IPV-HIB (Infanrix IPV Hib),2240,4890,3,30000.00,active,"2025-04-10 13:15:14","2025-04-10 13:15:14",Dev Token,Dev Token
DTaP-POLIO IPV-HIB Vaccination (Infanrix IPV Hib),2240,4890,3,30000.00,active,"2025-04-10 13:15:14","2025-04-10 13:15:14",Dev Token,Dev Token
Vaksinasi DTaP-POLIO IPV-HIB (Infanrix IPV Hib),2241,4890,4,40000.00,active,"2025-04-10 13:15:14","2025-04-10 13:15:14",Dev Token,Dev Token
DTaP-POLIO IPV-HIB Vaccination (Infanrix IPV Hib),2241,4890,4,40000.00,active,"2025-04-10 13:15:14","2025-04-10 13:15:14",Dev Token,Dev Token
Vaksinasi DTaP-POLIO IPV-HIB (Infanrix IPV Hib),2242,4891,2,20000.00,active,"2025-04-10 13:15:14","2025-04-10 13:15:14",Dev Token,Dev Token
DTaP-POLIO IPV-HIB Vaccination (Infanrix IPV Hib),2242,4891,2,20000.00,active,"2025-04-10 13:15:14","2025-04-10 13:15:14",Dev Token,Dev Token
Vaksinasi DTaP-POLIO IPV-HIB (Infanrix IPV Hib),2243,4891,3,30000.00,active,"2025-04-10 13:15:14","2025-04-10 13:15:14",Dev Token,Dev Token
DTaP-POLIO IPV-HIB Vaccination (Infanrix IPV Hib),2243,4891,3,30000.00,active,"2025-04-10 13:15:14","2025-04-10 13:15:14",Dev Token,Dev Token
Vaksinasi DTaP-POLIO IPV-HIB (Infanrix IPV Hib),2244,4891,4,40000.00,active,"2025-04-10 13:15:14","2025-04-10 13:15:14",Dev Token,Dev Token
DTaP-POLIO IPV-HIB Vaccination (Infanrix IPV Hib),2244,4891,4,40000.00,active,"2025-04-10 13:15:14","2025-04-10 13:15:14",Dev Token,Dev Token
Vaksinasi DTaP-POLIO IPV-HIB (Infanrix IPV Hib),2245,4892,2,20000.00,active,"2025-04-10 13:15:15","2025-04-10 13:15:15",Dev Token,Dev Token
DTaP-POLIO IPV-HIB Vaccination (Infanrix IPV Hib),2245,4892,2,20000.00,active,"2025-04-10 13:15:15","2025-04-10 13:15:15",Dev Token,Dev Token
Vaksinasi DTaP-POLIO IPV-HIB (Infanrix IPV Hib),2246,4892,3,30000.00,active,"2025-04-10 13:15:15","2025-04-10 13:15:15",Dev Token,Dev Token
DTaP-POLIO IPV-HIB Vaccination (Infanrix IPV Hib),2246,4892,3,30000.00,active,"2025-04-10 13:15:15","2025-04-10 13:15:15",Dev Token,Dev Token
Vaksinasi DTaP-POLIO IPV-HIB (Infanrix IPV Hib),2247,4892,4,40000.00,active,"2025-04-10 13:15:15","2025-04-10 13:15:15",Dev Token,Dev Token
DTaP-POLIO IPV-HIB Vaccination (Infanrix IPV Hib),2247,4892,4,40000.00,active,"2025-04-10 13:15:15","2025-04-10 13:15:15",Dev Token,Dev Token
Vaksinasi DTaP-POLIO IPV-HIB (Infanrix IPV Hib),2248,4893,2,20000.00,active,"2025-04-10 13:15:15","2025-04-10 13:15:15",Dev Token,Dev Token
DTaP-POLIO IPV-HIB Vaccination (Infanrix IPV Hib),2248,4893,2,20000.00,active,"2025-04-10 13:15:15","2025-04-10 13:15:15",Dev Token,Dev Token
Vaksinasi DTaP-POLIO IPV-HIB (Infanrix IPV Hib),2249,4893,3,30000.00,active,"2025-04-10 13:15:15","2025-04-10 13:15:15",Dev Token,Dev Token
DTaP-POLIO IPV-HIB Vaccination (Infanrix IPV Hib),2249,4893,3,30000.00,active,"2025-04-10 13:15:15","2025-04-10 13:15:15",Dev Token,Dev Token
Vaksinasi DTaP-POLIO IPV-HIB (Infanrix IPV Hib),2250,4893,4,40000.00,active,"2025-04-10 13:15:15","2025-04-10 13:15:15",Dev Token,Dev Token
DTaP-POLIO IPV-HIB Vaccination (Infanrix IPV Hib),2250,4893,4,40000.00,active,"2025-04-10 13:15:15","2025-04-10 13:15:15",Dev Token,Dev Token
Vaksinasi Pneumonia PPSV23 (Pneumovax 23),2251,4854,2,20000.00,active,"2025-05-07 11:40:31","2025-05-07 11:40:31",Dev Token,Dev Token
Pneumonia PPSV23 Vaccination (Pneumovax 23),2251,4854,2,20000.00,active,"2025-05-07 11:40:31","2025-05-07 11:40:31",Dev Token,Dev Token
Vaksinasi Pneumonia PPSV23 (Pneumovax 23),2252,4854,3,30000.00,active,"2025-05-07 11:40:32","2025-05-07 11:40:32",Dev Token,Dev Token
Pneumonia PPSV23 Vaccination (Pneumovax 23),2252,4854,3,30000.00,active,"2025-05-07 11:40:32","2025-05-07 11:40:32",Dev Token,Dev Token
Vaksinasi Pneumonia PPSV23 (Pneumovax 23),2253,4854,4,40000.00,active,"2025-05-07 11:40:32","2025-05-07 11:40:32",Dev Token,Dev Token
Pneumonia PPSV23 Vaccination (Pneumovax 23),2253,4854,4,40000.00,active,"2025-05-07 11:40:32","2025-05-07 11:40:32",Dev Token,Dev Token
Vaksinasi Pneumonia PPSV23 (Pneumovax 23),2254,4853,2,20000.00,active,"2025-05-07 11:40:32","2025-05-07 11:40:32",Dev Token,Dev Token
Pneumonia PPSV23 Vaccination (Pneumovax 23),2254,4853,2,20000.00,active,"2025-05-07 11:40:32","2025-05-07 11:40:32",Dev Token,Dev Token
Vaksinasi Pneumonia PPSV23 (Pneumovax 23),2255,4853,3,30000.00,active,"2025-05-07 11:40:32","2025-05-07 11:40:32",Dev Token,Dev Token
Pneumonia PPSV23 Vaccination (Pneumovax 23),2255,4853,3,30000.00,active,"2025-05-07 11:40:32","2025-05-07 11:40:32",Dev Token,Dev Token
Vaksinasi Pneumonia PPSV23 (Pneumovax 23),2256,4853,4,40000.00,active,"2025-05-07 11:40:32","2025-05-07 11:40:33",Dev Token,Dev Token
Pneumonia PPSV23 Vaccination (Pneumovax 23),2256,4853,4,40000.00,active,"2025-05-07 11:40:32","2025-05-07 11:40:33",Dev Token,Dev Token
Vaksinasi Pneumonia PPSV23 (Pneumovax 23),2257,4846,2,20000.00,active,"2025-05-07 11:40:33","2025-05-07 11:40:33",Dev Token,Dev Token
Pneumonia PPSV23 Vaccination (Pneumovax 23),2257,4846,2,20000.00,active,"2025-05-07 11:40:33","2025-05-07 11:40:33",Dev Token,Dev Token
Vaksinasi Pneumonia PPSV23 (Pneumovax 23),2258,4846,3,30000.00,active,"2025-05-07 11:40:33","2025-05-07 11:40:33",Dev Token,Dev Token
Pneumonia PPSV23 Vaccination (Pneumovax 23),2258,4846,3,30000.00,active,"2025-05-07 11:40:33","2025-05-07 11:40:33",Dev Token,Dev Token
Vaksinasi Pneumonia PPSV23 (Pneumovax 23),2259,4846,4,40000.00,active,"2025-05-07 11:40:33","2025-05-07 11:40:33",Dev Token,Dev Token
Pneumonia PPSV23 Vaccination (Pneumovax 23),2259,4846,4,40000.00,active,"2025-05-07 11:40:33","2025-05-07 11:40:33",Dev Token,Dev Token
Vaksinasi Pneumonia PPSV23 (Pneumovax 23),2260,4844,2,20000.00,active,"2025-05-07 11:40:33","2025-05-07 11:40:33",Dev Token,Dev Token
Pneumonia PPSV23 Vaccination (Pneumovax 23),2260,4844,2,20000.00,active,"2025-05-07 11:40:33","2025-05-07 11:40:33",Dev Token,Dev Token
Vaksinasi Pneumonia PPSV23 (Pneumovax 23),2261,4844,3,30000.00,active,"2025-05-07 11:40:33","2025-05-07 11:40:33",Dev Token,Dev Token
Pneumonia PPSV23 Vaccination (Pneumovax 23),2261,4844,3,30000.00,active,"2025-05-07 11:40:33","2025-05-07 11:40:33",Dev Token,Dev Token
Vaksinasi Pneumonia PPSV23 (Pneumovax 23),2262,4844,4,40000.00,active,"2025-05-07 11:40:33","2025-05-07 11:40:34",Dev Token,Dev Token
Pneumonia PPSV23 Vaccination (Pneumovax 23),2262,4844,4,40000.00,active,"2025-05-07 11:40:33","2025-05-07 11:40:34",Dev Token,Dev Token
Vaksinasi Pneumonia PPSV23 (Pneumovax 23),2263,4852,2,20000.00,active,"2025-05-07 11:40:34","2025-05-07 11:40:34",Dev Token,Dev Token
Pneumonia PPSV23 Vaccination (Pneumovax 23),2263,4852,2,20000.00,active,"2025-05-07 11:40:34","2025-05-07 11:40:34",Dev Token,Dev Token
Vaksinasi Pneumonia PPSV23 (Pneumovax 23),2264,4852,3,30000.00,active,"2025-05-07 11:40:34","2025-05-07 11:40:34",Dev Token,Dev Token
Pneumonia PPSV23 Vaccination (Pneumovax 23),2264,4852,3,30000.00,active,"2025-05-07 11:40:34","2025-05-07 11:40:34",Dev Token,Dev Token
Vaksinasi Pneumonia PPSV23 (Pneumovax 23),2265,4852,4,40000.00,active,"2025-05-07 11:40:34","2025-05-07 11:40:34",Dev Token,Dev Token
Pneumonia PPSV23 Vaccination (Pneumovax 23),2265,4852,4,40000.00,active,"2025-05-07 11:40:34","2025-05-07 11:40:34",Dev Token,Dev Token
Vaksinasi Pneumonia PPSV23 (Pneumovax 23),2266,4851,2,20000.00,active,"2025-05-07 11:40:34","2025-05-07 11:40:34",Dev Token,Dev Token
Pneumonia PPSV23 Vaccination (Pneumovax 23),2266,4851,2,20000.00,active,"2025-05-07 11:40:34","2025-05-07 11:40:34",Dev Token,Dev Token
Vaksinasi Pneumonia PPSV23 (Pneumovax 23),2267,4851,3,30000.00,active,"2025-05-07 11:40:34","2025-05-07 11:40:34",Dev Token,Dev Token
Pneumonia PPSV23 Vaccination (Pneumovax 23),2267,4851,3,30000.00,active,"2025-05-07 11:40:34","2025-05-07 11:40:34",Dev Token,Dev Token
Vaksinasi Pneumonia PPSV23 (Pneumovax 23),2268,4851,4,40000.00,active,"2025-05-07 11:40:34","2025-05-07 11:40:34",Dev Token,Dev Token
Pneumonia PPSV23 Vaccination (Pneumovax 23),2268,4851,4,40000.00,active,"2025-05-07 11:40:34","2025-05-07 11:40:34",Dev Token,Dev Token
Vaksinasi Pneumonia PPSV23 (Pneumovax 23),2269,4850,2,20000.00,active,"2025-05-07 11:40:34","2025-05-07 11:40:34",Dev Token,Dev Token
Pneumonia PPSV23 Vaccination (Pneumovax 23),2269,4850,2,20000.00,active,"2025-05-07 11:40:34","2025-05-07 11:40:34",Dev Token,Dev Token
Vaksinasi Pneumonia PPSV23 (Pneumovax 23),2270,4850,3,30000.00,active,"2025-05-07 11:40:34","2025-05-07 11:40:34",Dev Token,Dev Token
Pneumonia PPSV23 Vaccination (Pneumovax 23),2270,4850,3,30000.00,active,"2025-05-07 11:40:34","2025-05-07 11:40:34",Dev Token,Dev Token
Vaksinasi Pneumonia PPSV23 (Pneumovax 23),2271,4850,4,40000.00,active,"2025-05-07 11:40:35","2025-05-07 11:40:35",Dev Token,Dev Token
Pneumonia PPSV23 Vaccination (Pneumovax 23),2271,4850,4,40000.00,active,"2025-05-07 11:40:35","2025-05-07 11:40:35",Dev Token,Dev Token
Vaksinasi Pneumonia PPSV23 (Pneumovax 23),2272,4849,2,20000.00,active,"2025-05-07 11:40:35","2025-05-07 11:40:35",Dev Token,Dev Token
Pneumonia PPSV23 Vaccination (Pneumovax 23),2272,4849,2,20000.00,active,"2025-05-07 11:40:35","2025-05-07 11:40:35",Dev Token,Dev Token
Vaksinasi Pneumonia PPSV23 (Pneumovax 23),2273,4849,3,30000.00,active,"2025-05-07 11:40:35","2025-05-07 11:40:35",Dev Token,Dev Token
Pneumonia PPSV23 Vaccination (Pneumovax 23),2273,4849,3,30000.00,active,"2025-05-07 11:40:35","2025-05-07 11:40:35",Dev Token,Dev Token
Vaksinasi Pneumonia PPSV23 (Pneumovax 23),2274,4849,4,40000.00,active,"2025-05-07 11:40:35","2025-05-07 11:40:35",Dev Token,Dev Token
Pneumonia PPSV23 Vaccination (Pneumovax 23),2274,4849,4,40000.00,active,"2025-05-07 11:40:35","2025-05-07 11:40:35",Dev Token,Dev Token
Vaksinasi Pneumonia PPSV23 (Pneumovax 23),2275,4848,2,20000.00,active,"2025-05-07 11:40:35","2025-05-07 11:40:35",Dev Token,Dev Token
Pneumonia PPSV23 Vaccination (Pneumovax 23),2275,4848,2,20000.00,active,"2025-05-07 11:40:35","2025-05-07 11:40:35",Dev Token,Dev Token
Vaksinasi Pneumonia PPSV23 (Pneumovax 23),2276,4848,3,30000.00,active,"2025-05-07 11:40:35","2025-05-07 11:40:35",Dev Token,Dev Token
Pneumonia PPSV23 Vaccination (Pneumovax 23),2276,4848,3,30000.00,active,"2025-05-07 11:40:35","2025-05-07 11:40:35",Dev Token,Dev Token
Vaksinasi Pneumonia PPSV23 (Pneumovax 23),2277,4848,4,40000.00,active,"2025-05-07 11:40:35","2025-05-07 11:40:35",Dev Token,Dev Token
Pneumonia PPSV23 Vaccination (Pneumovax 23),2277,4848,4,40000.00,active,"2025-05-07 11:40:35","2025-05-07 11:40:35",Dev Token,Dev Token
Vaksinasi Pneumonia PPSV23 (Pneumovax 23),2278,4847,2,20000.00,active,"2025-05-07 11:40:35","2025-05-07 11:40:35",Dev Token,Dev Token
Pneumonia PPSV23 Vaccination (Pneumovax 23),2278,4847,2,20000.00,active,"2025-05-07 11:40:35","2025-05-07 11:40:35",Dev Token,Dev Token
Vaksinasi Pneumonia PPSV23 (Pneumovax 23),2279,4847,3,30000.00,active,"2025-05-07 11:40:35","2025-05-07 11:40:35",Dev Token,Dev Token
Pneumonia PPSV23 Vaccination (Pneumovax 23),2279,4847,3,30000.00,active,"2025-05-07 11:40:35","2025-05-07 11:40:35",Dev Token,Dev Token
Vaksinasi Pneumonia PPSV23 (Pneumovax 23),2280,4847,4,40000.00,active,"2025-05-07 11:40:36","2025-05-07 11:40:36",Dev Token,Dev Token
Pneumonia PPSV23 Vaccination (Pneumovax 23),2280,4847,4,40000.00,active,"2025-05-07 11:40:36","2025-05-07 11:40:36",Dev Token,Dev Token
[TANPA BUKU KUNING] Vaksinasi Meningitis (Menivax ACYW),2281,6637,2,20000.00,active,"2025-05-07 22:45:42","2025-05-07 22:45:42",Dev Token,Dev Token
[WITHOUT YELLOW BOOK] Meningococcal Polysaccharide Vaccination (Menivax ACYW),2281,6637,2,20000.00,active,"2025-05-07 22:45:42","2025-05-07 22:45:42",Dev Token,Dev Token
[TANPA BUKU KUNING] Vaksinasi Meningitis (Menivax ACYW),2282,6637,3,30000.00,active,"2025-05-07 22:45:42","2025-05-07 22:45:42",Dev Token,Dev Token
[WITHOUT YELLOW BOOK] Meningococcal Polysaccharide Vaccination (Menivax ACYW),2282,6637,3,30000.00,active,"2025-05-07 22:45:42","2025-05-07 22:45:42",Dev Token,Dev Token
[TANPA BUKU KUNING] Vaksinasi Meningitis (Menivax ACYW),2283,6637,4,40000.00,active,"2025-05-07 22:45:43","2025-05-07 22:45:43",Dev Token,Dev Token
[WITHOUT YELLOW BOOK] Meningococcal Polysaccharide Vaccination (Menivax ACYW),2283,6637,4,40000.00,active,"2025-05-07 22:45:43","2025-05-07 22:45:43",Dev Token,Dev Token
[TANPA BUKU KUNING] Vaksinasi Meningitis (Menivax ACYW),2284,6636,2,20000.00,active,"2025-05-07 22:45:43","2025-05-07 22:45:43",Dev Token,Dev Token
[WITHOUT YELLOW BOOK] Meningococcal Polysaccharide Vaccination (Menivax ACYW),2284,6636,2,20000.00,active,"2025-05-07 22:45:43","2025-05-07 22:45:43",Dev Token,Dev Token
[TANPA BUKU KUNING] Vaksinasi Meningitis (Menivax ACYW),2285,6636,3,30000.00,active,"2025-05-07 22:45:43","2025-05-07 22:45:43",Dev Token,Dev Token
[WITHOUT YELLOW BOOK] Meningococcal Polysaccharide Vaccination (Menivax ACYW),2285,6636,3,30000.00,active,"2025-05-07 22:45:43","2025-05-07 22:45:43",Dev Token,Dev Token
[TANPA BUKU KUNING] Vaksinasi Meningitis (Menivax ACYW),2286,6636,4,40000.00,active,"2025-05-07 22:45:44","2025-05-07 22:45:44",Dev Token,Dev Token
[WITHOUT YELLOW BOOK] Meningococcal Polysaccharide Vaccination (Menivax ACYW),2286,6636,4,40000.00,active,"2025-05-07 22:45:44","2025-05-07 22:45:44",Dev Token,Dev Token
[TANPA BUKU KUNING] Vaksinasi Meningitis (Menivax ACYW),2287,6629,2,20000.00,active,"2025-05-07 22:45:44","2025-05-07 22:45:44",Dev Token,Dev Token
[WITHOUT YELLOW BOOK] Meningococcal Polysaccharide Vaccination (Menivax ACYW),2287,6629,2,20000.00,active,"2025-05-07 22:45:44","2025-05-07 22:45:44",Dev Token,Dev Token
[TANPA BUKU KUNING] Vaksinasi Meningitis (Menivax ACYW),2288,6629,3,30000.00,active,"2025-05-07 22:45:44","2025-05-07 22:45:44",Dev Token,Dev Token
[WITHOUT YELLOW BOOK] Meningococcal Polysaccharide Vaccination (Menivax ACYW),2288,6629,3,30000.00,active,"2025-05-07 22:45:44","2025-05-07 22:45:44",Dev Token,Dev Token
[TANPA BUKU KUNING] Vaksinasi Meningitis (Menivax ACYW),2289,6629,4,40000.00,active,"2025-05-07 22:45:44","2025-05-07 22:45:44",Dev Token,Dev Token
[WITHOUT YELLOW BOOK] Meningococcal Polysaccharide Vaccination (Menivax ACYW),2289,6629,4,40000.00,active,"2025-05-07 22:45:44","2025-05-07 22:45:44",Dev Token,Dev Token
[TANPA BUKU KUNING] Vaksinasi Meningitis (Menivax ACYW),2290,6628,2,20000.00,active,"2025-05-07 22:45:44","2025-05-07 22:45:44",Dev Token,Dev Token
[WITHOUT YELLOW BOOK] Meningococcal Polysaccharide Vaccination (Menivax ACYW),2290,6628,2,20000.00,active,"2025-05-07 22:45:44","2025-05-07 22:45:44",Dev Token,Dev Token
[TANPA BUKU KUNING] Vaksinasi Meningitis (Menivax ACYW),2291,6628,3,30000.00,active,"2025-05-07 22:45:44","2025-05-07 22:45:45",Dev Token,Dev Token
[WITHOUT YELLOW BOOK] Meningococcal Polysaccharide Vaccination (Menivax ACYW),2291,6628,3,30000.00,active,"2025-05-07 22:45:44","2025-05-07 22:45:45",Dev Token,Dev Token
[TANPA BUKU KUNING] Vaksinasi Meningitis (Menivax ACYW),2292,6628,4,40000.00,active,"2025-05-07 22:45:45","2025-05-07 22:45:45",Dev Token,Dev Token
[WITHOUT YELLOW BOOK] Meningococcal Polysaccharide Vaccination (Menivax ACYW),2292,6628,4,40000.00,active,"2025-05-07 22:45:45","2025-05-07 22:45:45",Dev Token,Dev Token
[TANPA BUKU KUNING] Vaksinasi Meningitis (Menivax ACYW),2293,6635,2,20000.00,active,"2025-05-07 22:45:45","2025-05-07 22:45:45",Dev Token,Dev Token
[WITHOUT YELLOW BOOK] Meningococcal Polysaccharide Vaccination (Menivax ACYW),2293,6635,2,20000.00,active,"2025-05-07 22:45:45","2025-05-07 22:45:45",Dev Token,Dev Token
[TANPA BUKU KUNING] Vaksinasi Meningitis (Menivax ACYW),2294,6635,3,30000.00,active,"2025-05-07 22:45:45","2025-05-07 22:45:45",Dev Token,Dev Token
[WITHOUT YELLOW BOOK] Meningococcal Polysaccharide Vaccination (Menivax ACYW),2294,6635,3,30000.00,active,"2025-05-07 22:45:45","2025-05-07 22:45:45",Dev Token,Dev Token
[TANPA BUKU KUNING] Vaksinasi Meningitis (Menivax ACYW),2295,6635,4,40000.00,active,"2025-05-07 22:45:46","2025-05-07 22:45:46",Dev Token,Dev Token
[WITHOUT YELLOW BOOK] Meningococcal Polysaccharide Vaccination (Menivax ACYW),2295,6635,4,40000.00,active,"2025-05-07 22:45:46","2025-05-07 22:45:46",Dev Token,Dev Token
[TANPA BUKU KUNING] Vaksinasi Meningitis (Menivax ACYW),2296,6634,2,20000.00,active,"2025-05-07 22:45:46","2025-05-07 22:45:46",Dev Token,Dev Token
[WITHOUT YELLOW BOOK] Meningococcal Polysaccharide Vaccination (Menivax ACYW),2296,6634,2,20000.00,active,"2025-05-07 22:45:46","2025-05-07 22:45:46",Dev Token,Dev Token
[TANPA BUKU KUNING] Vaksinasi Meningitis (Menivax ACYW),2297,6634,3,30000.00,active,"2025-05-07 22:45:46","2025-05-07 22:45:46",Dev Token,Dev Token
[WITHOUT YELLOW BOOK] Meningococcal Polysaccharide Vaccination (Menivax ACYW),2297,6634,3,30000.00,active,"2025-05-07 22:45:46","2025-05-07 22:45:46",Dev Token,Dev Token
[TANPA BUKU KUNING] Vaksinasi Meningitis (Menivax ACYW),2298,6634,4,40000.00,active,"2025-05-07 22:45:46","2025-05-07 22:45:46",Dev Token,Dev Token
[WITHOUT YELLOW BOOK] Meningococcal Polysaccharide Vaccination (Menivax ACYW),2298,6634,4,40000.00,active,"2025-05-07 22:45:46","2025-05-07 22:45:46",Dev Token,Dev Token
[TANPA BUKU KUNING] Vaksinasi Meningitis (Menivax ACYW),2299,6633,2,20000.00,active,"2025-05-07 22:45:46","2025-05-07 22:45:46",Dev Token,Dev Token
[WITHOUT YELLOW BOOK] Meningococcal Polysaccharide Vaccination (Menivax ACYW),2299,6633,2,20000.00,active,"2025-05-07 22:45:46","2025-05-07 22:45:46",Dev Token,Dev Token
[TANPA BUKU KUNING] Vaksinasi Meningitis (Menivax ACYW),2300,6633,3,30000.00,active,"2025-05-07 22:45:46","2025-05-07 22:45:46",Dev Token,Dev Token
[WITHOUT YELLOW BOOK] Meningococcal Polysaccharide Vaccination (Menivax ACYW),2300,6633,3,30000.00,active,"2025-05-07 22:45:46","2025-05-07 22:45:46",Dev Token,Dev Token
[TANPA BUKU KUNING] Vaksinasi Meningitis (Menivax ACYW),2301,6633,4,40000.00,active,"2025-05-07 22:45:46","2025-05-07 22:45:46",Dev Token,Dev Token
[WITHOUT YELLOW BOOK] Meningococcal Polysaccharide Vaccination (Menivax ACYW),2301,6633,4,40000.00,active,"2025-05-07 22:45:46","2025-05-07 22:45:46",Dev Token,Dev Token
[TANPA BUKU KUNING] Vaksinasi Meningitis (Menivax ACYW),2302,6632,2,20000.00,active,"2025-05-07 22:45:47","2025-05-07 22:45:47",Dev Token,Dev Token
[WITHOUT YELLOW BOOK] Meningococcal Polysaccharide Vaccination (Menivax ACYW),2302,6632,2,20000.00,active,"2025-05-07 22:45:47","2025-05-07 22:45:47",Dev Token,Dev Token
[TANPA BUKU KUNING] Vaksinasi Meningitis (Menivax ACYW),2303,6632,3,30000.00,active,"2025-05-07 22:45:47","2025-05-07 22:45:47",Dev Token,Dev Token
[WITHOUT YELLOW BOOK] Meningococcal Polysaccharide Vaccination (Menivax ACYW),2303,6632,3,30000.00,active,"2025-05-07 22:45:47","2025-05-07 22:45:47",Dev Token,Dev Token
[TANPA BUKU KUNING] Vaksinasi Meningitis (Menivax ACYW),2304,6632,4,40000.00,active,"2025-05-07 22:45:47","2025-05-07 22:45:47",Dev Token,Dev Token
[WITHOUT YELLOW BOOK] Meningococcal Polysaccharide Vaccination (Menivax ACYW),2304,6632,4,40000.00,active,"2025-05-07 22:45:47","2025-05-07 22:45:47",Dev Token,Dev Token
[TANPA BUKU KUNING] Vaksinasi Meningitis (Menivax ACYW),2305,6631,2,20000.00,active,"2025-05-07 22:45:47","2025-05-07 22:45:47",Dev Token,Dev Token
[WITHOUT YELLOW BOOK] Meningococcal Polysaccharide Vaccination (Menivax ACYW),2305,6631,2,20000.00,active,"2025-05-07 22:45:47","2025-05-07 22:45:47",Dev Token,Dev Token
[TANPA BUKU KUNING] Vaksinasi Meningitis (Menivax ACYW),2306,6631,3,30000.00,active,"2025-05-07 22:45:47","2025-05-07 22:45:47",Dev Token,Dev Token
[WITHOUT YELLOW BOOK] Meningococcal Polysaccharide Vaccination (Menivax ACYW),2306,6631,3,30000.00,active,"2025-05-07 22:45:47","2025-05-07 22:45:47",Dev Token,Dev Token
[TANPA BUKU KUNING] Vaksinasi Meningitis (Menivax ACYW),2307,6631,4,40000.00,active,"2025-05-07 22:45:47","2025-05-07 22:45:47",Dev Token,Dev Token
[WITHOUT YELLOW BOOK] Meningococcal Polysaccharide Vaccination (Menivax ACYW),2307,6631,4,40000.00,active,"2025-05-07 22:45:47","2025-05-07 22:45:47",Dev Token,Dev Token
[TANPA BUKU KUNING] Vaksinasi Meningitis (Menivax ACYW),2308,6630,2,20000.00,active,"2025-05-07 22:45:47","2025-05-07 22:45:47",Dev Token,Dev Token
[WITHOUT YELLOW BOOK] Meningococcal Polysaccharide Vaccination (Menivax ACYW),2308,6630,2,20000.00,active,"2025-05-07 22:45:47","2025-05-07 22:45:47",Dev Token,Dev Token
[TANPA BUKU KUNING] Vaksinasi Meningitis (Menivax ACYW),2309,6630,3,30000.00,active,"2025-05-07 22:45:48","2025-05-07 22:45:48",Dev Token,Dev Token
[WITHOUT YELLOW BOOK] Meningococcal Polysaccharide Vaccination (Menivax ACYW),2309,6630,3,30000.00,active,"2025-05-07 22:45:48","2025-05-07 22:45:48",Dev Token,Dev Token
[TANPA BUKU KUNING] Vaksinasi Meningitis (Menivax ACYW),2310,6630,4,40000.00,active,"2025-05-07 22:45:48","2025-05-07 22:45:48",Dev Token,Dev Token
[WITHOUT YELLOW BOOK] Meningococcal Polysaccharide Vaccination (Menivax ACYW),2310,6630,4,40000.00,active,"2025-05-07 22:45:48","2025-05-07 22:45:48",Dev Token,Dev Token
[DENGAN BUKU KUNING] Vaksinasi Meningitis (Menivax ACYW),2311,6651,2,20000.00,active,"2025-05-07 22:45:48","2025-05-07 22:45:48",Dev Token,Dev Token
[WITH YELLOW BOOK] Meningococcal Polysaccharide Vaccination (Menivax ACYW),2311,6651,2,20000.00,active,"2025-05-07 22:45:48","2025-05-07 22:45:48",Dev Token,Dev Token
[DENGAN BUKU KUNING] Vaksinasi Meningitis (Menivax ACYW),2312,6651,3,30000.00,active,"2025-05-07 22:45:48","2025-05-07 22:45:48",Dev Token,Dev Token
[WITH YELLOW BOOK] Meningococcal Polysaccharide Vaccination (Menivax ACYW),2312,6651,3,30000.00,active,"2025-05-07 22:45:48","2025-05-07 22:45:48",Dev Token,Dev Token
[DENGAN BUKU KUNING] Vaksinasi Meningitis (Menivax ACYW),2313,6651,4,40000.00,active,"2025-05-07 22:45:48","2025-05-07 22:45:48",Dev Token,Dev Token
[WITH YELLOW BOOK] Meningococcal Polysaccharide Vaccination (Menivax ACYW),2313,6651,4,40000.00,active,"2025-05-07 22:45:48","2025-05-07 22:45:48",Dev Token,Dev Token
[DENGAN BUKU KUNING] Vaksinasi Meningitis (Menivax ACYW),2314,6650,2,20000.00,active,"2025-05-07 22:45:48","2025-05-07 22:45:48",Dev Token,Dev Token
[WITH YELLOW BOOK] Meningococcal Polysaccharide Vaccination (Menivax ACYW),2314,6650,2,20000.00,active,"2025-05-07 22:45:48","2025-05-07 22:45:48",Dev Token,Dev Token
[DENGAN BUKU KUNING] Vaksinasi Meningitis (Menivax ACYW),2315,6650,3,30000.00,active,"2025-05-07 22:45:48","2025-05-07 22:45:49",Dev Token,Dev Token
[WITH YELLOW BOOK] Meningococcal Polysaccharide Vaccination (Menivax ACYW),2315,6650,3,30000.00,active,"2025-05-07 22:45:48","2025-05-07 22:45:49",Dev Token,Dev Token
[DENGAN BUKU KUNING] Vaksinasi Meningitis (Menivax ACYW),2316,6650,4,40000.00,active,"2025-05-07 22:45:49","2025-05-07 22:45:49",Dev Token,Dev Token
[WITH YELLOW BOOK] Meningococcal Polysaccharide Vaccination (Menivax ACYW),2316,6650,4,40000.00,active,"2025-05-07 22:45:49","2025-05-07 22:45:49",Dev Token,Dev Token
[DENGAN BUKU KUNING] Vaksinasi Meningitis (Menivax ACYW),2317,6643,2,20000.00,active,"2025-05-07 22:45:49","2025-05-07 22:45:49",Dev Token,Dev Token
[WITH YELLOW BOOK] Meningococcal Polysaccharide Vaccination (Menivax ACYW),2317,6643,2,20000.00,active,"2025-05-07 22:45:49","2025-05-07 22:45:49",Dev Token,Dev Token
[DENGAN BUKU KUNING] Vaksinasi Meningitis (Menivax ACYW),2318,6643,3,30000.00,active,"2025-05-07 22:45:49","2025-05-07 22:45:49",Dev Token,Dev Token
[WITH YELLOW BOOK] Meningococcal Polysaccharide Vaccination (Menivax ACYW),2318,6643,3,30000.00,active,"2025-05-07 22:45:49","2025-05-07 22:45:49",Dev Token,Dev Token
[DENGAN BUKU KUNING] Vaksinasi Meningitis (Menivax ACYW),2319,6643,4,40000.00,active,"2025-05-07 22:45:49","2025-05-07 22:45:49",Dev Token,Dev Token
[WITH YELLOW BOOK] Meningococcal Polysaccharide Vaccination (Menivax ACYW),2319,6643,4,40000.00,active,"2025-05-07 22:45:49","2025-05-07 22:45:49",Dev Token,Dev Token
[DENGAN BUKU KUNING] Vaksinasi Meningitis (Menivax ACYW),2320,6642,2,20000.00,active,"2025-05-07 22:45:49","2025-05-07 22:45:49",Dev Token,Dev Token
[WITH YELLOW BOOK] Meningococcal Polysaccharide Vaccination (Menivax ACYW),2320,6642,2,20000.00,active,"2025-05-07 22:45:49","2025-05-07 22:45:49",Dev Token,Dev Token
[DENGAN BUKU KUNING] Vaksinasi Meningitis (Menivax ACYW),2321,6642,3,30000.00,active,"2025-05-07 22:45:49","2025-05-07 22:45:49",Dev Token,Dev Token
[WITH YELLOW BOOK] Meningococcal Polysaccharide Vaccination (Menivax ACYW),2321,6642,3,30000.00,active,"2025-05-07 22:45:49","2025-05-07 22:45:49",Dev Token,Dev Token
[DENGAN BUKU KUNING] Vaksinasi Meningitis (Menivax ACYW),2322,6642,4,40000.00,active,"2025-05-07 22:45:49","2025-05-07 22:45:50",Dev Token,Dev Token
[WITH YELLOW BOOK] Meningococcal Polysaccharide Vaccination (Menivax ACYW),2322,6642,4,40000.00,active,"2025-05-07 22:45:49","2025-05-07 22:45:50",Dev Token,Dev Token
[DENGAN BUKU KUNING] Vaksinasi Meningitis (Menivax ACYW),2323,6649,2,20000.00,active,"2025-05-07 22:45:50","2025-05-07 22:45:50",Dev Token,Dev Token
[WITH YELLOW BOOK] Meningococcal Polysaccharide Vaccination (Menivax ACYW),2323,6649,2,20000.00,active,"2025-05-07 22:45:50","2025-05-07 22:45:50",Dev Token,Dev Token
[DENGAN BUKU KUNING] Vaksinasi Meningitis (Menivax ACYW),2324,6649,3,30000.00,active,"2025-05-07 22:45:50","2025-05-07 22:45:50",Dev Token,Dev Token
[WITH YELLOW BOOK] Meningococcal Polysaccharide Vaccination (Menivax ACYW),2324,6649,3,30000.00,active,"2025-05-07 22:45:50","2025-05-07 22:45:50",Dev Token,Dev Token
[DENGAN BUKU KUNING] Vaksinasi Meningitis (Menivax ACYW),2325,6649,4,40000.00,active,"2025-05-07 22:45:50","2025-05-07 22:45:50",Dev Token,Dev Token
[WITH YELLOW BOOK] Meningococcal Polysaccharide Vaccination (Menivax ACYW),2325,6649,4,40000.00,active,"2025-05-07 22:45:50","2025-05-07 22:45:50",Dev Token,Dev Token
[DENGAN BUKU KUNING] Vaksinasi Meningitis (Menivax ACYW),2326,6648,2,20000.00,active,"2025-05-07 22:45:50","2025-05-07 22:45:50",Dev Token,Dev Token
[WITH YELLOW BOOK] Meningococcal Polysaccharide Vaccination (Menivax ACYW),2326,6648,2,20000.00,active,"2025-05-07 22:45:50","2025-05-07 22:45:50",Dev Token,Dev Token
[DENGAN BUKU KUNING] Vaksinasi Meningitis (Menivax ACYW),2327,6648,3,30000.00,active,"2025-05-07 22:45:50","2025-05-07 22:45:50",Dev Token,Dev Token
[WITH YELLOW BOOK] Meningococcal Polysaccharide Vaccination (Menivax ACYW),2327,6648,3,30000.00,active,"2025-05-07 22:45:50","2025-05-07 22:45:50",Dev Token,Dev Token
[DENGAN BUKU KUNING] Vaksinasi Meningitis (Menivax ACYW),2328,6648,4,40000.00,active,"2025-05-07 22:45:50","2025-05-07 22:45:50",Dev Token,Dev Token
[WITH YELLOW BOOK] Meningococcal Polysaccharide Vaccination (Menivax ACYW),2328,6648,4,40000.00,active,"2025-05-07 22:45:50","2025-05-07 22:45:50",Dev Token,Dev Token
[DENGAN BUKU KUNING] Vaksinasi Meningitis (Menivax ACYW),2329,6647,2,20000.00,active,"2025-05-07 22:45:51","2025-05-07 22:45:51",Dev Token,Dev Token
[WITH YELLOW BOOK] Meningococcal Polysaccharide Vaccination (Menivax ACYW),2329,6647,2,20000.00,active,"2025-05-07 22:45:51","2025-05-07 22:45:51",Dev Token,Dev Token
[DENGAN BUKU KUNING] Vaksinasi Meningitis (Menivax ACYW),2330,6647,3,30000.00,active,"2025-05-07 22:45:51","2025-05-07 22:45:51",Dev Token,Dev Token
[WITH YELLOW BOOK] Meningococcal Polysaccharide Vaccination (Menivax ACYW),2330,6647,3,30000.00,active,"2025-05-07 22:45:51","2025-05-07 22:45:51",Dev Token,Dev Token
[DENGAN BUKU KUNING] Vaksinasi Meningitis (Menivax ACYW),2331,6647,4,40000.00,active,"2025-05-07 22:45:51","2025-05-07 22:45:51",Dev Token,Dev Token
[WITH YELLOW BOOK] Meningococcal Polysaccharide Vaccination (Menivax ACYW),2331,6647,4,40000.00,active,"2025-05-07 22:45:51","2025-05-07 22:45:51",Dev Token,Dev Token
[DENGAN BUKU KUNING] Vaksinasi Meningitis (Menivax ACYW),2332,6646,2,20000.00,active,"2025-05-07 22:45:51","2025-05-07 22:45:51",Dev Token,Dev Token
[WITH YELLOW BOOK] Meningococcal Polysaccharide Vaccination (Menivax ACYW),2332,6646,2,20000.00,active,"2025-05-07 22:45:51","2025-05-07 22:45:51",Dev Token,Dev Token
[DENGAN BUKU KUNING] Vaksinasi Meningitis (Menivax ACYW),2333,6646,3,30000.00,active,"2025-05-07 22:45:51","2025-05-07 22:45:51",Dev Token,Dev Token
[WITH YELLOW BOOK] Meningococcal Polysaccharide Vaccination (Menivax ACYW),2333,6646,3,30000.00,active,"2025-05-07 22:45:51","2025-05-07 22:45:51",Dev Token,Dev Token
[DENGAN BUKU KUNING] Vaksinasi Meningitis (Menivax ACYW),2334,6646,4,40000.00,active,"2025-05-07 22:45:51","2025-05-07 22:45:51",Dev Token,Dev Token
[WITH YELLOW BOOK] Meningococcal Polysaccharide Vaccination (Menivax ACYW),2334,6646,4,40000.00,active,"2025-05-07 22:45:51","2025-05-07 22:45:51",Dev Token,Dev Token
[DENGAN BUKU KUNING] Vaksinasi Meningitis (Menivax ACYW),2335,6645,2,20000.00,active,"2025-05-07 22:45:52","2025-05-07 22:45:52",Dev Token,Dev Token
[WITH YELLOW BOOK] Meningococcal Polysaccharide Vaccination (Menivax ACYW),2335,6645,2,20000.00,active,"2025-05-07 22:45:52","2025-05-07 22:45:52",Dev Token,Dev Token
[DENGAN BUKU KUNING] Vaksinasi Meningitis (Menivax ACYW),2336,6645,3,30000.00,active,"2025-05-07 22:45:52","2025-05-07 22:45:52",Dev Token,Dev Token
[WITH YELLOW BOOK] Meningococcal Polysaccharide Vaccination (Menivax ACYW),2336,6645,3,30000.00,active,"2025-05-07 22:45:52","2025-05-07 22:45:52",Dev Token,Dev Token
[DENGAN BUKU KUNING] Vaksinasi Meningitis (Menivax ACYW),2337,6645,4,40000.00,active,"2025-05-07 22:45:52","2025-05-07 22:45:52",Dev Token,Dev Token
[WITH YELLOW BOOK] Meningococcal Polysaccharide Vaccination (Menivax ACYW),2337,6645,4,40000.00,active,"2025-05-07 22:45:52","2025-05-07 22:45:52",Dev Token,Dev Token
[DENGAN BUKU KUNING] Vaksinasi Meningitis (Menivax ACYW),2338,6644,2,20000.00,active,"2025-05-07 22:45:52","2025-05-07 22:45:52",Dev Token,Dev Token
[WITH YELLOW BOOK] Meningococcal Polysaccharide Vaccination (Menivax ACYW),2338,6644,2,20000.00,active,"2025-05-07 22:45:52","2025-05-07 22:45:52",Dev Token,Dev Token
[DENGAN BUKU KUNING] Vaksinasi Meningitis (Menivax ACYW),2339,6644,3,30000.00,active,"2025-05-07 22:45:52","2025-05-07 22:45:52",Dev Token,Dev Token
[WITH YELLOW BOOK] Meningococcal Polysaccharide Vaccination (Menivax ACYW),2339,6644,3,30000.00,active,"2025-05-07 22:45:52","2025-05-07 22:45:52",Dev Token,Dev Token
[DENGAN BUKU KUNING] Vaksinasi Meningitis (Menivax ACYW),2340,6644,4,40000.00,active,"2025-05-07 22:45:52","2025-05-07 22:45:52",Dev Token,Dev Token
[WITH YELLOW BOOK] Meningococcal Polysaccharide Vaccination (Menivax ACYW),2340,6644,4,40000.00,active,"2025-05-07 22:45:52","2025-05-07 22:45:52",Dev Token,Dev Token
Vaksin Anjing Pertama (DHPPi),2341,6765,2,20000.00,inactive,"2025-06-05 12:09:32","2025-06-13 16:17:52",Dev Token,Dev Token
First Dog Vaccine (DHPPi),2341,6765,2,20000.00,inactive,"2025-06-05 12:09:32","2025-06-13 16:17:52",Dev Token,Dev Token
Vaksin Anjing Pertama (DHPPi),2342,6765,3,30000.00,inactive,"2025-06-05 12:09:34","2025-06-13 16:17:54",Dev Token,Dev Token
First Dog Vaccine (DHPPi),2342,6765,3,30000.00,inactive,"2025-06-05 12:09:34","2025-06-13 16:17:54",Dev Token,Dev Token
Vaksin Anjing Pertama (DHPPi),2343,6765,4,40000.00,inactive,"2025-06-05 12:09:35","2025-06-13 16:17:55",Dev Token,Dev Token
First Dog Vaccine (DHPPi),2343,6765,4,40000.00,inactive,"2025-06-05 12:09:35","2025-06-13 16:17:55",Dev Token,Dev Token
Vaksin Kucing Pertama (F3),2344,6762,2,20000.00,inactive,"2025-06-05 12:09:36","2025-06-13 16:17:56",Dev Token,Dev Token
First Cat Vaccine (F3),2344,6762,2,20000.00,inactive,"2025-06-05 12:09:36","2025-06-13 16:17:56",Dev Token,Dev Token
Vaksin Kucing Pertama (F3),2345,6762,3,30000.00,inactive,"2025-06-05 12:09:36","2025-06-13 16:17:56",Dev Token,Dev Token
First Cat Vaccine (F3),2345,6762,3,30000.00,inactive,"2025-06-05 12:09:36","2025-06-13 16:17:56",Dev Token,Dev Token
Vaksin Kucing Pertama (F3),2346,6762,4,40000.00,inactive,"2025-06-05 12:09:37","2025-06-13 16:17:57",Dev Token,Dev Token
First Cat Vaccine (F3),2346,6762,4,40000.00,inactive,"2025-06-05 12:09:37","2025-06-13 16:17:57",Dev Token,Dev Token
Vaksin Kucing Kedua (F4),2347,6761,2,20000.00,inactive,"2025-06-05 12:09:37","2025-06-13 16:17:57",Dev Token,Dev Token
Second Cat Vaccine (F4),2347,6761,2,20000.00,inactive,"2025-06-05 12:09:37","2025-06-13 16:17:57",Dev Token,Dev Token
Vaksin Kucing Kedua (F4),2348,6761,3,30000.00,inactive,"2025-06-05 12:09:38","2025-06-13 16:17:57",Dev Token,Dev Token
Second Cat Vaccine (F4),2348,6761,3,30000.00,inactive,"2025-06-05 12:09:38","2025-06-13 16:17:57",Dev Token,Dev Token
Vaksin Kucing Kedua (F4),2349,6761,4,40000.00,inactive,"2025-06-05 12:09:38","2025-06-13 16:17:58",Dev Token,Dev Token
Second Cat Vaccine (F4),2349,6761,4,40000.00,inactive,"2025-06-05 12:09:38","2025-06-13 16:17:58",Dev Token,Dev Token
Grooming Anjing,2350,6758,2,20000.00,inactive,"2025-06-05 12:09:39","2025-06-13 16:17:58",Dev Token,Dev Token
Dog Grooming,2350,6758,2,20000.00,inactive,"2025-06-05 12:09:39","2025-06-13 16:17:58",Dev Token,Dev Token
Grooming Anjing,2351,6758,3,30000.00,inactive,"2025-06-05 12:09:39","2025-06-13 16:17:58",Dev Token,Dev Token
Dog Grooming,2351,6758,3,30000.00,inactive,"2025-06-05 12:09:39","2025-06-13 16:17:58",Dev Token,Dev Token
Grooming Anjing,2352,6758,4,40000.00,inactive,"2025-06-05 12:09:39","2025-06-13 16:17:58",Dev Token,Dev Token
Dog Grooming,2352,6758,4,40000.00,inactive,"2025-06-05 12:09:39","2025-06-13 16:17:58",Dev Token,Dev Token
Vaksin Anjing Ketiga / Tahunan (DHPPi + L + R),2353,6763,2,20000.00,inactive,"2025-06-05 12:09:40","2025-06-13 16:17:59",Dev Token,Dev Token
Third / Yearly Booster Dog Vaccine (DHPPi + L + R),2353,6763,2,20000.00,inactive,"2025-06-05 12:09:40","2025-06-13 16:17:59",Dev Token,Dev Token
Vaksin Anjing Ketiga / Tahunan (DHPPi + L + R),2354,6763,3,30000.00,inactive,"2025-06-05 12:09:40","2025-06-13 16:17:59",Dev Token,Dev Token
Third / Yearly Booster Dog Vaccine (DHPPi + L + R),2354,6763,3,30000.00,inactive,"2025-06-05 12:09:40","2025-06-13 16:17:59",Dev Token,Dev Token
Vaksin Anjing Ketiga / Tahunan (DHPPi + L + R),2355,6763,4,40000.00,inactive,"2025-06-05 12:09:40","2025-06-13 16:17:59",Dev Token,Dev Token
Third / Yearly Booster Dog Vaccine (DHPPi + L + R),2355,6763,4,40000.00,inactive,"2025-06-05 12:09:40","2025-06-13 16:17:59",Dev Token,Dev Token
Vaksin Kucing Ketiga / Tahunan (F4 + R),2356,6760,2,20000.00,inactive,"2025-06-05 12:09:41","2025-06-13 16:17:59",Dev Token,Dev Token
Third / Yearly Booster Cat Vaccine (F4 + R),2356,6760,2,20000.00,inactive,"2025-06-05 12:09:41","2025-06-13 16:17:59",Dev Token,Dev Token
Vaksin Kucing Ketiga / Tahunan (F4 + R),2357,6760,3,30000.00,inactive,"2025-06-05 12:09:41","2025-06-13 16:18:00",Dev Token,Dev Token
Third / Yearly Booster Cat Vaccine (F4 + R),2357,6760,3,30000.00,inactive,"2025-06-05 12:09:41","2025-06-13 16:18:00",Dev Token,Dev Token
Vaksin Kucing Ketiga / Tahunan (F4 + R),2358,6760,4,40000.00,inactive,"2025-06-05 12:09:41","2025-06-13 16:18:00",Dev Token,Dev Token
Third / Yearly Booster Cat Vaccine (F4 + R),2358,6760,4,40000.00,inactive,"2025-06-05 12:09:41","2025-06-13 16:18:00",Dev Token,Dev Token
Vaksin Anjing Kedua (DHPPi + L),2359,6764,2,20000.00,inactive,"2025-06-05 12:09:42","2025-06-13 16:18:01",Dev Token,Dev Token
Second Dog Vaccine (DHPPi + L),2359,6764,2,20000.00,inactive,"2025-06-05 12:09:42","2025-06-13 16:18:01",Dev Token,Dev Token
Vaksin Anjing Kedua (DHPPi + L),2360,6764,3,30000.00,inactive,"2025-06-05 12:09:42","2025-06-13 16:18:01",Dev Token,Dev Token
Second Dog Vaccine (DHPPi + L),2360,6764,3,30000.00,inactive,"2025-06-05 12:09:42","2025-06-13 16:18:01",Dev Token,Dev Token
Vaksin Anjing Kedua (DHPPi + L),2361,6764,4,40000.00,inactive,"2025-06-05 12:09:42","2025-06-13 16:18:01",Dev Token,Dev Token
Second Dog Vaccine (DHPPi + L),2361,6764,4,40000.00,inactive,"2025-06-05 12:09:42","2025-06-13 16:18:01",Dev Token,Dev Token
Grooming Kucing,2362,6759,2,20000.00,inactive,"2025-06-05 12:09:43","2025-06-13 16:18:01",Dev Token,Dev Token
Cat Grooming,2362,6759,2,20000.00,inactive,"2025-06-05 12:09:43","2025-06-13 16:18:01",Dev Token,Dev Token
Grooming Kucing,2363,6759,3,30000.00,inactive,"2025-06-05 12:09:43","2025-06-13 16:18:01",Dev Token,Dev Token
Cat Grooming,2363,6759,3,30000.00,inactive,"2025-06-05 12:09:43","2025-06-13 16:18:01",Dev Token,Dev Token
Grooming Kucing,2364,6759,4,40000.00,inactive,"2025-06-05 12:09:43","2025-06-13 16:18:01",Dev Token,Dev Token
Cat Grooming,2364,6759,4,40000.00,inactive,"2025-06-05 12:09:43","2025-06-13 16:18:01",Dev Token,Dev Token
Vaksin Anjing Pertama (DHPPi),2365,6729,2,20000.00,inactive,"2025-06-05 12:09:44","2025-06-13 16:18:02",Dev Token,Dev Token
First Dog Vaccine (DHPPi),2365,6729,2,20000.00,inactive,"2025-06-05 12:09:44","2025-06-13 16:18:02",Dev Token,Dev Token
Vaksin Anjing Pertama (DHPPi),2366,6729,3,30000.00,inactive,"2025-06-05 12:09:44","2025-06-13 16:18:02",Dev Token,Dev Token
First Dog Vaccine (DHPPi),2366,6729,3,30000.00,inactive,"2025-06-05 12:09:44","2025-06-13 16:18:02",Dev Token,Dev Token
Vaksin Anjing Pertama (DHPPi),2367,6729,4,40000.00,inactive,"2025-06-05 12:09:44","2025-06-13 16:18:02",Dev Token,Dev Token
First Dog Vaccine (DHPPi),2367,6729,4,40000.00,inactive,"2025-06-05 12:09:44","2025-06-13 16:18:02",Dev Token,Dev Token
Vaksin Kucing Pertama (F3),2368,6726,2,20000.00,inactive,"2025-06-05 12:09:45","2025-06-13 16:18:02",Dev Token,Dev Token
First Cat Vaccine (F3),2368,6726,2,20000.00,inactive,"2025-06-05 12:09:45","2025-06-13 16:18:02",Dev Token,Dev Token
Vaksin Kucing Pertama (F3),2369,6726,3,30000.00,inactive,"2025-06-05 12:09:45","2025-06-13 16:18:02",Dev Token,Dev Token
First Cat Vaccine (F3),2369,6726,3,30000.00,inactive,"2025-06-05 12:09:45","2025-06-13 16:18:02",Dev Token,Dev Token
Vaksin Kucing Pertama (F3),2370,6726,4,40000.00,inactive,"2025-06-05 12:09:45","2025-06-13 16:18:03",Dev Token,Dev Token
First Cat Vaccine (F3),2370,6726,4,40000.00,inactive,"2025-06-05 12:09:45","2025-06-13 16:18:03",Dev Token,Dev Token
Vaksin Kucing Kedua (F4),2371,6725,2,20000.00,inactive,"2025-06-05 12:09:45","2025-06-13 16:18:03",Dev Token,Dev Token
Second Cat Vaccine (F4),2371,6725,2,20000.00,inactive,"2025-06-05 12:09:45","2025-06-13 16:18:03",Dev Token,Dev Token
Vaksin Kucing Kedua (F4),2372,6725,3,30000.00,inactive,"2025-06-05 12:09:45","2025-06-13 16:18:03",Dev Token,Dev Token
Second Cat Vaccine (F4),2372,6725,3,30000.00,inactive,"2025-06-05 12:09:45","2025-06-13 16:18:03",Dev Token,Dev Token
Vaksin Kucing Kedua (F4),2373,6725,4,40000.00,inactive,"2025-06-05 12:09:46","2025-06-13 16:18:03",Dev Token,Dev Token
Second Cat Vaccine (F4),2373,6725,4,40000.00,inactive,"2025-06-05 12:09:46","2025-06-13 16:18:03",Dev Token,Dev Token
Grooming Anjing,2374,6722,2,20000.00,inactive,"2025-06-05 12:09:46","2025-06-13 16:18:04",Dev Token,Dev Token
Dog Grooming,2374,6722,2,20000.00,inactive,"2025-06-05 12:09:46","2025-06-13 16:18:04",Dev Token,Dev Token
Grooming Anjing,2375,6722,3,30000.00,inactive,"2025-06-05 12:09:46","2025-06-13 16:18:04",Dev Token,Dev Token
Dog Grooming,2375,6722,3,30000.00,inactive,"2025-06-05 12:09:46","2025-06-13 16:18:04",Dev Token,Dev Token
Grooming Anjing,2376,6722,4,40000.00,inactive,"2025-06-05 12:09:46","2025-06-13 16:18:04",Dev Token,Dev Token
Dog Grooming,2376,6722,4,40000.00,inactive,"2025-06-05 12:09:46","2025-06-13 16:18:04",Dev Token,Dev Token
Vaksin Anjing Ketiga / Tahunan (DHPPi + L + R),2377,6727,2,20000.00,inactive,"2025-06-05 12:09:47","2025-06-13 16:18:05",Dev Token,Dev Token
Third / Yearly Booster Dog Vaccine (DHPPi + L + R),2377,6727,2,20000.00,inactive,"2025-06-05 12:09:47","2025-06-13 16:18:05",Dev Token,Dev Token
Vaksin Anjing Ketiga / Tahunan (DHPPi + L + R),2378,6727,3,30000.00,inactive,"2025-06-05 12:09:47","2025-06-13 16:18:05",Dev Token,Dev Token
Third / Yearly Booster Dog Vaccine (DHPPi + L + R),2378,6727,3,30000.00,inactive,"2025-06-05 12:09:47","2025-06-13 16:18:05",Dev Token,Dev Token
Vaksin Anjing Ketiga / Tahunan (DHPPi + L + R),2379,6727,4,40000.00,inactive,"2025-06-05 12:09:47","2025-06-13 16:18:06",Dev Token,Dev Token
Third / Yearly Booster Dog Vaccine (DHPPi + L + R),2379,6727,4,40000.00,inactive,"2025-06-05 12:09:47","2025-06-13 16:18:06",Dev Token,Dev Token
Vaksin Kucing Ketiga / Tahunan (F4 + R),2380,6724,2,20000.00,inactive,"2025-06-05 12:09:47","2025-06-13 16:18:06",Dev Token,Dev Token
Third / Yearly Booster Cat Vaccine (F4 + R),2380,6724,2,20000.00,inactive,"2025-06-05 12:09:47","2025-06-13 16:18:06",Dev Token,Dev Token
Vaksin Kucing Ketiga / Tahunan (F4 + R),2381,6724,3,30000.00,inactive,"2025-06-05 12:09:48","2025-06-13 16:18:06",Dev Token,Dev Token
Third / Yearly Booster Cat Vaccine (F4 + R),2381,6724,3,30000.00,inactive,"2025-06-05 12:09:48","2025-06-13 16:18:06",Dev Token,Dev Token
Vaksin Kucing Ketiga / Tahunan (F4 + R),2382,6724,4,40000.00,inactive,"2025-06-05 12:09:48","2025-06-13 16:18:06",Dev Token,Dev Token
Third / Yearly Booster Cat Vaccine (F4 + R),2382,6724,4,40000.00,inactive,"2025-06-05 12:09:48","2025-06-13 16:18:06",Dev Token,Dev Token
Vaksin Anjing Kedua (DHPPi + L),2383,6728,2,20000.00,inactive,"2025-06-05 12:09:48","2025-06-13 16:18:06",Dev Token,Dev Token
Second Dog Vaccine (DHPPi + L),2383,6728,2,20000.00,inactive,"2025-06-05 12:09:48","2025-06-13 16:18:06",Dev Token,Dev Token
Vaksin Anjing Kedua (DHPPi + L),2384,6728,3,30000.00,inactive,"2025-06-05 12:09:48","2025-06-13 16:18:06",Dev Token,Dev Token
Second Dog Vaccine (DHPPi + L),2384,6728,3,30000.00,inactive,"2025-06-05 12:09:48","2025-06-13 16:18:06",Dev Token,Dev Token
Vaksin Anjing Kedua (DHPPi + L),2385,6728,4,40000.00,inactive,"2025-06-05 12:09:48","2025-06-13 16:18:07",Dev Token,Dev Token
Second Dog Vaccine (DHPPi + L),2385,6728,4,40000.00,inactive,"2025-06-05 12:09:48","2025-06-13 16:18:07",Dev Token,Dev Token
Grooming Kucing,2386,6723,2,20000.00,inactive,"2025-06-05 12:09:49","2025-06-13 16:18:07",Dev Token,Dev Token
Cat Grooming,2386,6723,2,20000.00,inactive,"2025-06-05 12:09:49","2025-06-13 16:18:07",Dev Token,Dev Token
Grooming Kucing,2387,6723,3,30000.00,inactive,"2025-06-05 12:09:49","2025-06-13 16:18:07",Dev Token,Dev Token
Cat Grooming,2387,6723,3,30000.00,inactive,"2025-06-05 12:09:49","2025-06-13 16:18:07",Dev Token,Dev Token
Grooming Kucing,2388,6723,4,40000.00,inactive,"2025-06-05 12:09:49","2025-06-13 16:18:07",Dev Token,Dev Token
Cat Grooming,2388,6723,4,40000.00,inactive,"2025-06-05 12:09:49","2025-06-13 16:18:07",Dev Token,Dev Token
Vaksin Anjing Pertama (DHPPi),2389,6712,2,20000.00,inactive,"2025-06-05 12:09:49","2025-06-13 16:18:08",Dev Token,Dev Token
First Dog Vaccine (DHPPi),2389,6712,2,20000.00,inactive,"2025-06-05 12:09:49","2025-06-13 16:18:08",Dev Token,Dev Token
Vaksin Anjing Pertama (DHPPi),2390,6712,3,30000.00,inactive,"2025-06-05 12:09:50","2025-06-13 16:18:08",Dev Token,Dev Token
First Dog Vaccine (DHPPi),2390,6712,3,30000.00,inactive,"2025-06-05 12:09:50","2025-06-13 16:18:08",Dev Token,Dev Token
Vaksin Anjing Pertama (DHPPi),2391,6712,4,40000.00,inactive,"2025-06-05 12:09:50","2025-06-13 16:18:08",Dev Token,Dev Token
First Dog Vaccine (DHPPi),2391,6712,4,40000.00,inactive,"2025-06-05 12:09:50","2025-06-13 16:18:08",Dev Token,Dev Token
Vaksin Kucing Pertama (F3),2392,6715,2,20000.00,inactive,"2025-06-05 12:09:50","2025-06-13 16:18:08",Dev Token,Dev Token
First Cat Vaccine (F3),2392,6715,2,20000.00,inactive,"2025-06-05 12:09:50","2025-06-13 16:18:08",Dev Token,Dev Token
Vaksin Kucing Pertama (F3),2393,6715,3,30000.00,inactive,"2025-06-05 12:09:50","2025-06-13 16:18:08",Dev Token,Dev Token
First Cat Vaccine (F3),2393,6715,3,30000.00,inactive,"2025-06-05 12:09:50","2025-06-13 16:18:08",Dev Token,Dev Token
Vaksin Kucing Pertama (F3),2394,6715,4,40000.00,inactive,"2025-06-05 12:09:50","2025-06-13 16:18:09",Dev Token,Dev Token
First Cat Vaccine (F3),2394,6715,4,40000.00,inactive,"2025-06-05 12:09:50","2025-06-13 16:18:09",Dev Token,Dev Token
Vaksin Kucing Kedua (F4),2395,6716,2,20000.00,inactive,"2025-06-05 12:09:51","2025-06-13 16:18:09",Dev Token,Dev Token
Second Cat Vaccine (F4),2395,6716,2,20000.00,inactive,"2025-06-05 12:09:51","2025-06-13 16:18:09",Dev Token,Dev Token
Vaksin Kucing Kedua (F4),2396,6716,3,30000.00,inactive,"2025-06-05 12:09:51","2025-06-13 16:18:09",Dev Token,Dev Token
Second Cat Vaccine (F4),2396,6716,3,30000.00,inactive,"2025-06-05 12:09:51","2025-06-13 16:18:09",Dev Token,Dev Token
Vaksin Kucing Kedua (F4),2397,6716,4,40000.00,inactive,"2025-06-05 12:09:51","2025-06-13 16:18:10",Dev Token,Dev Token
Second Cat Vaccine (F4),2397,6716,4,40000.00,inactive,"2025-06-05 12:09:51","2025-06-13 16:18:10",Dev Token,Dev Token
Grooming Anjing,2398,6719,2,20000.00,inactive,"2025-06-05 12:09:51","2025-06-13 16:18:10",Dev Token,Dev Token
Dog Grooming,2398,6719,2,20000.00,inactive,"2025-06-05 12:09:51","2025-06-13 16:18:10",Dev Token,Dev Token
Grooming Anjing,2399,6719,3,30000.00,inactive,"2025-06-05 12:09:51","2025-06-13 16:18:10",Dev Token,Dev Token
Dog Grooming,2399,6719,3,30000.00,inactive,"2025-06-05 12:09:51","2025-06-13 16:18:10",Dev Token,Dev Token
Grooming Anjing,2400,6719,4,40000.00,inactive,"2025-06-05 12:09:52","2025-06-13 16:18:10",Dev Token,Dev Token
Dog Grooming,2400,6719,4,40000.00,inactive,"2025-06-05 12:09:52","2025-06-13 16:18:10",Dev Token,Dev Token
Vaksin Anjing Ketiga / Tahunan (DHPPi + L + R),2401,6714,2,20000.00,inactive,"2025-06-05 12:09:52","2025-06-13 16:18:10",Dev Token,Dev Token
Third / Yearly Booster Dog Vaccine (DHPPi + L + R),2401,6714,2,20000.00,inactive,"2025-06-05 12:09:52","2025-06-13 16:18:10",Dev Token,Dev Token
Vaksin Anjing Ketiga / Tahunan (DHPPi + L + R),2402,6714,3,30000.00,inactive,"2025-06-05 12:09:52","2025-06-13 16:18:10",Dev Token,Dev Token
Third / Yearly Booster Dog Vaccine (DHPPi + L + R),2402,6714,3,30000.00,inactive,"2025-06-05 12:09:52","2025-06-13 16:18:10",Dev Token,Dev Token
Vaksin Anjing Ketiga / Tahunan (DHPPi + L + R),2403,6714,4,40000.00,inactive,"2025-06-05 12:09:53","2025-06-13 16:18:11",Dev Token,Dev Token
Third / Yearly Booster Dog Vaccine (DHPPi + L + R),2403,6714,4,40000.00,inactive,"2025-06-05 12:09:53","2025-06-13 16:18:11",Dev Token,Dev Token
Vaksin Kucing Ketiga / Tahunan (F4 + R),2404,6717,2,20000.00,inactive,"2025-06-05 12:09:53","2025-06-13 16:18:11",Dev Token,Dev Token
Third / Yearly Booster Cat Vaccine (F4 + R),2404,6717,2,20000.00,inactive,"2025-06-05 12:09:53","2025-06-13 16:18:11",Dev Token,Dev Token
Vaksin Kucing Ketiga / Tahunan (F4 + R),2405,6717,3,30000.00,inactive,"2025-06-05 12:09:53","2025-06-13 16:18:11",Dev Token,Dev Token
Third / Yearly Booster Cat Vaccine (F4 + R),2405,6717,3,30000.00,inactive,"2025-06-05 12:09:53","2025-06-13 16:18:11",Dev Token,Dev Token
Vaksin Kucing Ketiga / Tahunan (F4 + R),2406,6717,4,40000.00,inactive,"2025-06-05 12:09:53","2025-06-13 16:18:11",Dev Token,Dev Token
Third / Yearly Booster Cat Vaccine (F4 + R),2406,6717,4,40000.00,inactive,"2025-06-05 12:09:53","2025-06-13 16:18:11",Dev Token,Dev Token
Vaksin Anjing Kedua (DHPPi + L),2407,6713,2,20000.00,inactive,"2025-06-05 12:09:53","2025-06-13 16:18:11",Dev Token,Dev Token
Second Dog Vaccine (DHPPi + L),2407,6713,2,20000.00,inactive,"2025-06-05 12:09:53","2025-06-13 16:18:11",Dev Token,Dev Token
Vaksin Anjing Kedua (DHPPi + L),2408,6713,3,30000.00,inactive,"2025-06-05 12:09:54","2025-06-13 16:18:11",Dev Token,Dev Token
Second Dog Vaccine (DHPPi + L),2408,6713,3,30000.00,inactive,"2025-06-05 12:09:54","2025-06-13 16:18:11",Dev Token,Dev Token
Vaksin Anjing Kedua (DHPPi + L),2409,6713,4,40000.00,inactive,"2025-06-05 12:09:54","2025-06-13 16:18:12",Dev Token,Dev Token
Second Dog Vaccine (DHPPi + L),2409,6713,4,40000.00,inactive,"2025-06-05 12:09:54","2025-06-13 16:18:12",Dev Token,Dev Token
Grooming Kucing,2410,6718,2,20000.00,inactive,"2025-06-05 12:09:54","2025-06-13 16:18:12",Dev Token,Dev Token
Cat Grooming,2410,6718,2,20000.00,inactive,"2025-06-05 12:09:54","2025-06-13 16:18:12",Dev Token,Dev Token
Grooming Kucing,2411,6718,3,30000.00,inactive,"2025-06-05 12:09:55","2025-06-13 16:18:12",Dev Token,Dev Token
Cat Grooming,2411,6718,3,30000.00,inactive,"2025-06-05 12:09:55","2025-06-13 16:18:12",Dev Token,Dev Token
Grooming Kucing,2412,6718,4,40000.00,inactive,"2025-06-05 12:09:55","2025-06-13 16:18:13",Dev Token,Dev Token
Cat Grooming,2412,6718,4,40000.00,inactive,"2025-06-05 12:09:55","2025-06-13 16:18:13",Dev Token,Dev Token
Vaksin Anjing Pertama (DHPPi),2413,6766,2,20000.00,inactive,"2025-06-05 12:09:55","2025-06-13 16:18:13",Dev Token,Dev Token
First Dog Vaccine (DHPPi),2413,6766,2,20000.00,inactive,"2025-06-05 12:09:55","2025-06-13 16:18:13",Dev Token,Dev Token
Vaksin Anjing Pertama (DHPPi),2414,6766,3,30000.00,inactive,"2025-06-05 12:09:55","2025-06-13 16:18:13",Dev Token,Dev Token
First Dog Vaccine (DHPPi),2414,6766,3,30000.00,inactive,"2025-06-05 12:09:55","2025-06-13 16:18:13",Dev Token,Dev Token
Vaksin Anjing Pertama (DHPPi),2415,6766,4,40000.00,inactive,"2025-06-05 12:09:55","2025-06-13 16:18:13",Dev Token,Dev Token
First Dog Vaccine (DHPPi),2415,6766,4,40000.00,inactive,"2025-06-05 12:09:55","2025-06-13 16:18:13",Dev Token,Dev Token
Vaksin Kucing Pertama (F3),2416,6769,2,20000.00,inactive,"2025-06-05 12:09:56","2025-06-13 16:18:14",Dev Token,Dev Token
First Cat Vaccine (F3),2416,6769,2,20000.00,inactive,"2025-06-05 12:09:56","2025-06-13 16:18:14",Dev Token,Dev Token
Vaksin Kucing Pertama (F3),2417,6769,3,30000.00,inactive,"2025-06-05 12:09:56","2025-06-13 16:18:14",Dev Token,Dev Token
First Cat Vaccine (F3),2417,6769,3,30000.00,inactive,"2025-06-05 12:09:56","2025-06-13 16:18:14",Dev Token,Dev Token
Vaksin Kucing Pertama (F3),2418,6769,4,40000.00,inactive,"2025-06-05 12:09:56","2025-06-13 16:18:14",Dev Token,Dev Token
First Cat Vaccine (F3),2418,6769,4,40000.00,inactive,"2025-06-05 12:09:56","2025-06-13 16:18:14",Dev Token,Dev Token
Vaksin Kucing Kedua (F4),2419,6770,2,20000.00,inactive,"2025-06-05 12:09:56","2025-06-13 16:18:14",Dev Token,Dev Token
Second Cat Vaccine (F4),2419,6770,2,20000.00,inactive,"2025-06-05 12:09:56","2025-06-13 16:18:14",Dev Token,Dev Token
Vaksin Kucing Kedua (F4),2420,6770,3,30000.00,inactive,"2025-06-05 12:09:56","2025-06-13 16:18:14",Dev Token,Dev Token
Second Cat Vaccine (F4),2420,6770,3,30000.00,inactive,"2025-06-05 12:09:56","2025-06-13 16:18:14",Dev Token,Dev Token
Vaksin Kucing Kedua (F4),2421,6770,4,40000.00,inactive,"2025-06-05 12:09:56","2025-06-13 16:18:15",Dev Token,Dev Token
Second Cat Vaccine (F4),2421,6770,4,40000.00,inactive,"2025-06-05 12:09:56","2025-06-13 16:18:15",Dev Token,Dev Token
Grooming Anjing,2422,6773,2,20000.00,inactive,"2025-06-05 12:09:57","2025-06-13 16:18:15",Dev Token,Dev Token
Dog Grooming,2422,6773,2,20000.00,inactive,"2025-06-05 12:09:57","2025-06-13 16:18:15",Dev Token,Dev Token
Grooming Anjing,2423,6773,3,30000.00,inactive,"2025-06-05 12:09:57","2025-06-13 16:18:15",Dev Token,Dev Token
Dog Grooming,2423,6773,3,30000.00,inactive,"2025-06-05 12:09:57","2025-06-13 16:18:15",Dev Token,Dev Token
Grooming Anjing,2424,6773,4,40000.00,inactive,"2025-06-05 12:09:57","2025-06-13 16:18:15",Dev Token,Dev Token
Dog Grooming,2424,6773,4,40000.00,inactive,"2025-06-05 12:09:57","2025-06-13 16:18:15",Dev Token,Dev Token
Vaksin Anjing Ketiga / Tahunan (DHPPi + L + R),2425,6768,2,20000.00,inactive,"2025-06-05 12:09:57","2025-06-13 16:18:15",Dev Token,Dev Token
Third / Yearly Booster Dog Vaccine (DHPPi + L + R),2425,6768,2,20000.00,inactive,"2025-06-05 12:09:57","2025-06-13 16:18:15",Dev Token,Dev Token
Vaksin Anjing Ketiga / Tahunan (DHPPi + L + R),2426,6768,3,30000.00,inactive,"2025-06-05 12:09:58","2025-06-13 16:18:16",Dev Token,Dev Token
Third / Yearly Booster Dog Vaccine (DHPPi + L + R),2426,6768,3,30000.00,inactive,"2025-06-05 12:09:58","2025-06-13 16:18:16",Dev Token,Dev Token
Vaksin Anjing Ketiga / Tahunan (DHPPi + L + R),2427,6768,4,40000.00,inactive,"2025-06-05 12:09:58","2025-06-13 16:18:16",Dev Token,Dev Token
Third / Yearly Booster Dog Vaccine (DHPPi + L + R),2427,6768,4,40000.00,inactive,"2025-06-05 12:09:58","2025-06-13 16:18:16",Dev Token,Dev Token
Vaksin Kucing Ketiga / Tahunan (F4 + R),2428,6771,2,20000.00,inactive,"2025-06-05 12:09:58","2025-06-13 16:18:16",Dev Token,Dev Token
Third / Yearly Booster Cat Vaccine (F4 + R),2428,6771,2,20000.00,inactive,"2025-06-05 12:09:58","2025-06-13 16:18:16",Dev Token,Dev Token
Vaksin Kucing Ketiga / Tahunan (F4 + R),2429,6771,3,30000.00,inactive,"2025-06-05 12:09:58","2025-06-13 16:18:16",Dev Token,Dev Token
Third / Yearly Booster Cat Vaccine (F4 + R),2429,6771,3,30000.00,inactive,"2025-06-05 12:09:58","2025-06-13 16:18:16",Dev Token,Dev Token
Vaksin Kucing Ketiga / Tahunan (F4 + R),2430,6771,4,40000.00,inactive,"2025-06-05 12:09:58","2025-06-13 16:18:16",Dev Token,Dev Token
Third / Yearly Booster Cat Vaccine (F4 + R),2430,6771,4,40000.00,inactive,"2025-06-05 12:09:58","2025-06-13 16:18:16",Dev Token,Dev Token
Vaksin Anjing Kedua (DHPPi + L),2431,6767,2,20000.00,inactive,"2025-06-05 12:09:58","2025-06-13 16:18:16",Dev Token,Dev Token
Second Dog Vaccine (DHPPi + L),2431,6767,2,20000.00,inactive,"2025-06-05 12:09:58","2025-06-13 16:18:16",Dev Token,Dev Token
Vaksin Anjing Kedua (DHPPi + L),2432,6767,3,30000.00,inactive,"2025-06-05 12:09:58","2025-06-13 16:18:17",Dev Token,Dev Token
Second Dog Vaccine (DHPPi + L),2432,6767,3,30000.00,inactive,"2025-06-05 12:09:58","2025-06-13 16:18:17",Dev Token,Dev Token
Vaksin Anjing Kedua (DHPPi + L),2433,6767,4,40000.00,inactive,"2025-06-05 12:09:58","2025-06-13 16:18:17",Dev Token,Dev Token
Second Dog Vaccine (DHPPi + L),2433,6767,4,40000.00,inactive,"2025-06-05 12:09:58","2025-06-13 16:18:17",Dev Token,Dev Token
Grooming Kucing,2434,6772,2,20000.00,inactive,"2025-06-05 12:09:59","2025-06-13 16:18:17",Dev Token,Dev Token
Cat Grooming,2434,6772,2,20000.00,inactive,"2025-06-05 12:09:59","2025-06-13 16:18:17",Dev Token,Dev Token
Grooming Kucing,2435,6772,3,30000.00,inactive,"2025-06-05 12:09:59","2025-06-13 16:18:17",Dev Token,Dev Token
Cat Grooming,2435,6772,3,30000.00,inactive,"2025-06-05 12:09:59","2025-06-13 16:18:17",Dev Token,Dev Token
Grooming Kucing,2436,6772,4,40000.00,inactive,"2025-06-05 12:09:59","2025-06-13 16:18:17",Dev Token,Dev Token
Cat Grooming,2436,6772,4,40000.00,inactive,"2025-06-05 12:09:59","2025-06-13 16:18:17",Dev Token,Dev Token
Vaksin Anjing Pertama (DHPPi),2437,6711,2,20000.00,inactive,"2025-06-05 12:09:59","2025-06-13 16:18:17",Dev Token,Dev Token
First Dog Vaccine (DHPPi),2437,6711,2,20000.00,inactive,"2025-06-05 12:09:59","2025-06-13 16:18:17",Dev Token,Dev Token
Vaksin Anjing Pertama (DHPPi),2438,6711,3,30000.00,inactive,"2025-06-05 12:09:59","2025-06-13 16:18:18",Dev Token,Dev Token
First Dog Vaccine (DHPPi),2438,6711,3,30000.00,inactive,"2025-06-05 12:09:59","2025-06-13 16:18:18",Dev Token,Dev Token
Vaksin Anjing Pertama (DHPPi),2439,6711,4,40000.00,inactive,"2025-06-05 12:09:59","2025-06-13 16:18:18",Dev Token,Dev Token
First Dog Vaccine (DHPPi),2439,6711,4,40000.00,inactive,"2025-06-05 12:09:59","2025-06-13 16:18:18",Dev Token,Dev Token
Vaksin Kucing Pertama (F3),2440,6708,2,20000.00,inactive,"2025-06-05 12:09:59","2025-06-13 16:18:18",Dev Token,Dev Token
First Cat Vaccine (F3),2440,6708,2,20000.00,inactive,"2025-06-05 12:09:59","2025-06-13 16:18:18",Dev Token,Dev Token
Vaksin Kucing Pertama (F3),2441,6708,3,30000.00,inactive,"2025-06-05 12:09:59","2025-06-13 16:18:18",Dev Token,Dev Token
First Cat Vaccine (F3),2441,6708,3,30000.00,inactive,"2025-06-05 12:09:59","2025-06-13 16:18:18",Dev Token,Dev Token
Vaksin Kucing Pertama (F3),2442,6708,4,40000.00,inactive,"2025-06-05 12:10:00","2025-06-13 16:18:18",Dev Token,Dev Token
First Cat Vaccine (F3),2442,6708,4,40000.00,inactive,"2025-06-05 12:10:00","2025-06-13 16:18:18",Dev Token,Dev Token
Vaksin Kucing Kedua (F4),2443,6707,2,20000.00,inactive,"2025-06-05 12:10:00","2025-06-13 16:18:18",Dev Token,Dev Token
Second Cat Vaccine (F4),2443,6707,2,20000.00,inactive,"2025-06-05 12:10:00","2025-06-13 16:18:18",Dev Token,Dev Token
Vaksin Kucing Kedua (F4),2444,6707,3,30000.00,inactive,"2025-06-05 12:10:00","2025-06-13 16:18:18",Dev Token,Dev Token
Second Cat Vaccine (F4),2444,6707,3,30000.00,inactive,"2025-06-05 12:10:00","2025-06-13 16:18:18",Dev Token,Dev Token
Vaksin Kucing Kedua (F4),2445,6707,4,40000.00,inactive,"2025-06-05 12:10:00","2025-06-13 16:18:19",Dev Token,Dev Token
Second Cat Vaccine (F4),2445,6707,4,40000.00,inactive,"2025-06-05 12:10:00","2025-06-13 16:18:19",Dev Token,Dev Token
Grooming Anjing,2446,6704,2,20000.00,inactive,"2025-06-05 12:10:01","2025-06-13 16:18:19",Dev Token,Dev Token
Dog Grooming,2446,6704,2,20000.00,inactive,"2025-06-05 12:10:01","2025-06-13 16:18:19",Dev Token,Dev Token
Grooming Anjing,2447,6704,3,30000.00,inactive,"2025-06-05 12:10:01","2025-06-13 16:18:19",Dev Token,Dev Token
Dog Grooming,2447,6704,3,30000.00,inactive,"2025-06-05 12:10:01","2025-06-13 16:18:19",Dev Token,Dev Token
Grooming Anjing,2448,6704,4,40000.00,inactive,"2025-06-05 12:10:01","2025-06-13 16:18:19",Dev Token,Dev Token
Dog Grooming,2448,6704,4,40000.00,inactive,"2025-06-05 12:10:01","2025-06-13 16:18:19",Dev Token,Dev Token
Vaksin Anjing Ketiga / Tahunan (DHPPi + L + R),2449,6709,2,20000.00,inactive,"2025-06-05 12:10:01","2025-06-13 16:18:19",Dev Token,Dev Token
Third / Yearly Booster Dog Vaccine (DHPPi + L + R),2449,6709,2,20000.00,inactive,"2025-06-05 12:10:01","2025-06-13 16:18:19",Dev Token,Dev Token
Vaksin Anjing Ketiga / Tahunan (DHPPi + L + R),2450,6709,3,30000.00,inactive,"2025-06-05 12:10:02","2025-06-13 16:18:19",Dev Token,Dev Token
Third / Yearly Booster Dog Vaccine (DHPPi + L + R),2450,6709,3,30000.00,inactive,"2025-06-05 12:10:02","2025-06-13 16:18:19",Dev Token,Dev Token
Vaksin Anjing Ketiga / Tahunan (DHPPi + L + R),2451,6709,4,40000.00,inactive,"2025-06-05 12:10:02","2025-06-13 16:18:19",Dev Token,Dev Token
Third / Yearly Booster Dog Vaccine (DHPPi + L + R),2451,6709,4,40000.00,inactive,"2025-06-05 12:10:02","2025-06-13 16:18:19",Dev Token,Dev Token
Vaksin Kucing Ketiga / Tahunan (F4 + R),2452,6706,2,20000.00,inactive,"2025-06-05 12:10:02","2025-06-13 16:18:20",Dev Token,Dev Token
Third / Yearly Booster Cat Vaccine (F4 + R),2452,6706,2,20000.00,inactive,"2025-06-05 12:10:02","2025-06-13 16:18:20",Dev Token,Dev Token
Vaksin Kucing Ketiga / Tahunan (F4 + R),2453,6706,3,30000.00,inactive,"2025-06-05 12:10:02","2025-06-13 16:18:20",Dev Token,Dev Token
Third / Yearly Booster Cat Vaccine (F4 + R),2453,6706,3,30000.00,inactive,"2025-06-05 12:10:02","2025-06-13 16:18:20",Dev Token,Dev Token
Vaksin Kucing Ketiga / Tahunan (F4 + R),2454,6706,4,40000.00,inactive,"2025-06-05 12:10:02","2025-06-13 16:18:20",Dev Token,Dev Token
Third / Yearly Booster Cat Vaccine (F4 + R),2454,6706,4,40000.00,inactive,"2025-06-05 12:10:02","2025-06-13 16:18:20",Dev Token,Dev Token
Vaksin Anjing Kedua (DHPPi + L),2455,6710,2,20000.00,inactive,"2025-06-05 12:10:02","2025-06-13 16:18:20",Dev Token,Dev Token
Second Dog Vaccine (DHPPi + L),2455,6710,2,20000.00,inactive,"2025-06-05 12:10:02","2025-06-13 16:18:20",Dev Token,Dev Token
Vaksin Anjing Kedua (DHPPi + L),2456,6710,3,30000.00,inactive,"2025-06-05 12:10:02","2025-06-13 16:18:21",Dev Token,Dev Token
Second Dog Vaccine (DHPPi + L),2456,6710,3,30000.00,inactive,"2025-06-05 12:10:02","2025-06-13 16:18:21",Dev Token,Dev Token
Vaksin Anjing Kedua (DHPPi + L),2457,6710,4,40000.00,inactive,"2025-06-05 12:10:02","2025-06-13 16:18:21",Dev Token,Dev Token
Second Dog Vaccine (DHPPi + L),2457,6710,4,40000.00,inactive,"2025-06-05 12:10:02","2025-06-13 16:18:21",Dev Token,Dev Token
Grooming Kucing,2458,6705,2,20000.00,inactive,"2025-06-05 12:10:02","2025-06-13 16:18:21",Dev Token,Dev Token
Cat Grooming,2458,6705,2,20000.00,inactive,"2025-06-05 12:10:02","2025-06-13 16:18:21",Dev Token,Dev Token
Grooming Kucing,2459,6705,3,30000.00,inactive,"2025-06-05 12:10:03","2025-06-13 16:18:21",Dev Token,Dev Token
Cat Grooming,2459,6705,3,30000.00,inactive,"2025-06-05 12:10:03","2025-06-13 16:18:21",Dev Token,Dev Token
Grooming Kucing,2460,6705,4,40000.00,inactive,"2025-06-05 12:10:03","2025-06-13 16:18:21",Dev Token,Dev Token
Cat Grooming,2460,6705,4,40000.00,inactive,"2025-06-05 12:10:03","2025-06-13 16:18:21",Dev Token,Dev Token
Vaksin Anjing Pertama (DHPPi),2461,6783,2,20000.00,inactive,"2025-06-05 12:10:06","2025-06-13 16:18:26",Dev Token,Dev Token
First Dog Vaccine (DHPPi),2461,6783,2,20000.00,inactive,"2025-06-05 12:10:06","2025-06-13 16:18:26",Dev Token,Dev Token
Vaksin Anjing Pertama (DHPPi),2462,6783,3,30000.00,inactive,"2025-06-05 12:10:06","2025-06-13 16:18:26",Dev Token,Dev Token
First Dog Vaccine (DHPPi),2462,6783,3,30000.00,inactive,"2025-06-05 12:10:06","2025-06-13 16:18:26",Dev Token,Dev Token
Vaksin Anjing Pertama (DHPPi),2463,6783,4,40000.00,inactive,"2025-06-05 12:10:07","2025-06-13 16:18:26",Dev Token,Dev Token
First Dog Vaccine (DHPPi),2463,6783,4,40000.00,inactive,"2025-06-05 12:10:07","2025-06-13 16:18:26",Dev Token,Dev Token
Vaksin Kucing Pertama (F3),2464,6780,2,20000.00,inactive,"2025-06-05 12:10:07","2025-06-13 16:18:26",Dev Token,Dev Token
First Cat Vaccine (F3),2464,6780,2,20000.00,inactive,"2025-06-05 12:10:07","2025-06-13 16:18:26",Dev Token,Dev Token
Vaksin Kucing Pertama (F3),2465,6780,3,30000.00,inactive,"2025-06-05 12:10:07","2025-06-13 16:18:26",Dev Token,Dev Token
First Cat Vaccine (F3),2465,6780,3,30000.00,inactive,"2025-06-05 12:10:07","2025-06-13 16:18:26",Dev Token,Dev Token
Vaksin Kucing Pertama (F3),2466,6780,4,40000.00,inactive,"2025-06-05 12:10:07","2025-06-13 16:18:27",Dev Token,Dev Token
First Cat Vaccine (F3),2466,6780,4,40000.00,inactive,"2025-06-05 12:10:07","2025-06-13 16:18:27",Dev Token,Dev Token
Vaksin Kucing Kedua (F4),2467,6779,2,20000.00,inactive,"2025-06-05 12:10:07","2025-06-13 16:18:27",Dev Token,Dev Token
Second Cat Vaccine (F4),2467,6779,2,20000.00,inactive,"2025-06-05 12:10:07","2025-06-13 16:18:27",Dev Token,Dev Token
Vaksin Kucing Kedua (F4),2468,6779,3,30000.00,inactive,"2025-06-05 12:10:07","2025-06-13 16:18:27",Dev Token,Dev Token
Second Cat Vaccine (F4),2468,6779,3,30000.00,inactive,"2025-06-05 12:10:07","2025-06-13 16:18:27",Dev Token,Dev Token
Vaksin Kucing Kedua (F4),2469,6779,4,40000.00,inactive,"2025-06-05 12:10:07","2025-06-13 16:18:27",Dev Token,Dev Token
Second Cat Vaccine (F4),2469,6779,4,40000.00,inactive,"2025-06-05 12:10:07","2025-06-13 16:18:27",Dev Token,Dev Token
Grooming Anjing,2470,6776,2,20000.00,inactive,"2025-06-05 12:10:07","2025-06-13 16:18:27",Dev Token,Dev Token
Dog Grooming,2470,6776,2,20000.00,inactive,"2025-06-05 12:10:07","2025-06-13 16:18:27",Dev Token,Dev Token
Grooming Anjing,2471,6776,3,30000.00,inactive,"2025-06-05 12:10:07","2025-06-13 16:18:27",Dev Token,Dev Token
Dog Grooming,2471,6776,3,30000.00,inactive,"2025-06-05 12:10:07","2025-06-13 16:18:27",Dev Token,Dev Token
Grooming Anjing,2472,6776,4,40000.00,inactive,"2025-06-05 12:10:08","2025-06-13 16:18:28",Dev Token,Dev Token
Dog Grooming,2472,6776,4,40000.00,inactive,"2025-06-05 12:10:08","2025-06-13 16:18:28",Dev Token,Dev Token
Vaksin Anjing Ketiga / Tahunan (DHPPi + L + R),2473,6781,2,20000.00,inactive,"2025-06-05 12:10:08","2025-06-13 16:18:28",Dev Token,Dev Token
Third / Yearly Booster Dog Vaccine (DHPPi + L + R),2473,6781,2,20000.00,inactive,"2025-06-05 12:10:08","2025-06-13 16:18:28",Dev Token,Dev Token
Vaksin Anjing Ketiga / Tahunan (DHPPi + L + R),2474,6781,3,30000.00,inactive,"2025-06-05 12:10:08","2025-06-13 16:18:28",Dev Token,Dev Token
Third / Yearly Booster Dog Vaccine (DHPPi + L + R),2474,6781,3,30000.00,inactive,"2025-06-05 12:10:08","2025-06-13 16:18:28",Dev Token,Dev Token
Vaksin Anjing Ketiga / Tahunan (DHPPi + L + R),2475,6781,4,40000.00,inactive,"2025-06-05 12:10:08","2025-06-13 16:18:28",Dev Token,Dev Token
Third / Yearly Booster Dog Vaccine (DHPPi + L + R),2475,6781,4,40000.00,inactive,"2025-06-05 12:10:08","2025-06-13 16:18:28",Dev Token,Dev Token
Vaksin Kucing Ketiga / Tahunan (F4 + R),2476,6778,2,20000.00,inactive,"2025-06-05 12:10:08","2025-06-13 16:18:28",Dev Token,Dev Token
Third / Yearly Booster Cat Vaccine (F4 + R),2476,6778,2,20000.00,inactive,"2025-06-05 12:10:08","2025-06-13 16:18:28",Dev Token,Dev Token
Vaksin Kucing Ketiga / Tahunan (F4 + R),2477,6778,3,30000.00,inactive,"2025-06-05 12:10:08","2025-06-13 16:18:29",Dev Token,Dev Token
Third / Yearly Booster Cat Vaccine (F4 + R),2477,6778,3,30000.00,inactive,"2025-06-05 12:10:08","2025-06-13 16:18:29",Dev Token,Dev Token
Vaksin Kucing Ketiga / Tahunan (F4 + R),2478,6778,4,40000.00,inactive,"2025-06-05 12:10:08","2025-06-13 16:18:29",Dev Token,Dev Token
Third / Yearly Booster Cat Vaccine (F4 + R),2478,6778,4,40000.00,inactive,"2025-06-05 12:10:08","2025-06-13 16:18:29",Dev Token,Dev Token
Vaksin Anjing Kedua (DHPPi + L),2479,6782,2,20000.00,inactive,"2025-06-05 12:10:08","2025-06-13 16:18:29",Dev Token,Dev Token
Second Dog Vaccine (DHPPi + L),2479,6782,2,20000.00,inactive,"2025-06-05 12:10:08","2025-06-13 16:18:29",Dev Token,Dev Token
Vaksin Anjing Kedua (DHPPi + L),2480,6782,3,30000.00,inactive,"2025-06-05 12:10:08","2025-06-13 16:18:29",Dev Token,Dev Token
Second Dog Vaccine (DHPPi + L),2480,6782,3,30000.00,inactive,"2025-06-05 12:10:08","2025-06-13 16:18:29",Dev Token,Dev Token
Vaksin Anjing Kedua (DHPPi + L),2481,6782,4,40000.00,inactive,"2025-06-05 12:10:09","2025-06-13 16:18:29",Dev Token,Dev Token
Second Dog Vaccine (DHPPi + L),2481,6782,4,40000.00,inactive,"2025-06-05 12:10:09","2025-06-13 16:18:29",Dev Token,Dev Token
Grooming Kucing,2482,6777,2,20000.00,inactive,"2025-06-05 12:10:09","2025-06-13 16:18:29",Dev Token,Dev Token
Cat Grooming,2482,6777,2,20000.00,inactive,"2025-06-05 12:10:09","2025-06-13 16:18:29",Dev Token,Dev Token
Grooming Kucing,2483,6777,3,30000.00,inactive,"2025-06-05 12:10:09","2025-06-13 16:18:30",Dev Token,Dev Token
Cat Grooming,2483,6777,3,30000.00,inactive,"2025-06-05 12:10:09","2025-06-13 16:18:30",Dev Token,Dev Token
Grooming Kucing,2484,6777,4,40000.00,inactive,"2025-06-05 12:10:09","2025-06-13 16:18:30",Dev Token,Dev Token
Cat Grooming,2484,6777,4,40000.00,inactive,"2025-06-05 12:10:09","2025-06-13 16:18:30",Dev Token,Dev Token
Vaksin Anjing Pertama (DHPPi),2485,6748,2,20000.00,inactive,"2025-06-05 12:10:13","2025-06-13 16:18:36",Dev Token,Dev Token
First Dog Vaccine (DHPPi),2485,6748,2,20000.00,inactive,"2025-06-05 12:10:13","2025-06-13 16:18:36",Dev Token,Dev Token
Vaksin Anjing Pertama (DHPPi),2486,6748,3,30000.00,inactive,"2025-06-05 12:10:13","2025-06-13 16:18:36",Dev Token,Dev Token
First Dog Vaccine (DHPPi),2486,6748,3,30000.00,inactive,"2025-06-05 12:10:13","2025-06-13 16:18:36",Dev Token,Dev Token
Vaksin Anjing Pertama (DHPPi),2487,6748,4,40000.00,inactive,"2025-06-05 12:10:13","2025-06-13 16:18:36",Dev Token,Dev Token
First Dog Vaccine (DHPPi),2487,6748,4,40000.00,inactive,"2025-06-05 12:10:13","2025-06-13 16:18:36",Dev Token,Dev Token
Vaksin Kucing Pertama (F3),2488,6751,2,20000.00,inactive,"2025-06-05 12:10:13","2025-06-13 16:18:36",Dev Token,Dev Token
First Cat Vaccine (F3),2488,6751,2,20000.00,inactive,"2025-06-05 12:10:13","2025-06-13 16:18:36",Dev Token,Dev Token
Vaksin Kucing Pertama (F3),2489,6751,3,30000.00,inactive,"2025-06-05 12:10:14","2025-06-13 16:18:36",Dev Token,Dev Token
First Cat Vaccine (F3),2489,6751,3,30000.00,inactive,"2025-06-05 12:10:14","2025-06-13 16:18:36",Dev Token,Dev Token
Vaksin Kucing Pertama (F3),2490,6751,4,40000.00,inactive,"2025-06-05 12:10:14","2025-06-13 16:18:37",Dev Token,Dev Token
First Cat Vaccine (F3),2490,6751,4,40000.00,inactive,"2025-06-05 12:10:14","2025-06-13 16:18:37",Dev Token,Dev Token
Vaksin Kucing Kedua (F4),2491,6752,2,20000.00,inactive,"2025-06-05 12:10:14","2025-06-13 16:18:37",Dev Token,Dev Token
Second Cat Vaccine (F4),2491,6752,2,20000.00,inactive,"2025-06-05 12:10:14","2025-06-13 16:18:37",Dev Token,Dev Token
Vaksin Kucing Kedua (F4),2492,6752,3,30000.00,inactive,"2025-06-05 12:10:14","2025-06-13 16:18:37",Dev Token,Dev Token
Second Cat Vaccine (F4),2492,6752,3,30000.00,inactive,"2025-06-05 12:10:14","2025-06-13 16:18:37",Dev Token,Dev Token
Vaksin Kucing Kedua (F4),2493,6752,4,40000.00,inactive,"2025-06-05 12:10:14","2025-06-13 16:18:37",Dev Token,Dev Token
Second Cat Vaccine (F4),2493,6752,4,40000.00,inactive,"2025-06-05 12:10:14","2025-06-13 16:18:37",Dev Token,Dev Token
Grooming Anjing,2494,6755,2,20000.00,inactive,"2025-06-05 12:10:14","2025-06-13 16:18:37",Dev Token,Dev Token
Dog Grooming,2494,6755,2,20000.00,inactive,"2025-06-05 12:10:14","2025-06-13 16:18:37",Dev Token,Dev Token
Grooming Anjing,2495,6755,3,30000.00,inactive,"2025-06-05 12:10:14","2025-06-13 16:18:38",Dev Token,Dev Token
Dog Grooming,2495,6755,3,30000.00,inactive,"2025-06-05 12:10:14","2025-06-13 16:18:38",Dev Token,Dev Token
Grooming Anjing,2496,6755,4,40000.00,inactive,"2025-06-05 12:10:15","2025-06-13 16:18:38",Dev Token,Dev Token
Dog Grooming,2496,6755,4,40000.00,inactive,"2025-06-05 12:10:15","2025-06-13 16:18:38",Dev Token,Dev Token
Vaksin Anjing Ketiga / Tahunan (DHPPi + L + R),2497,6750,2,20000.00,inactive,"2025-06-05 12:10:15","2025-06-13 16:18:38",Dev Token,Dev Token
Third / Yearly Booster Dog Vaccine (DHPPi + L + R),2497,6750,2,20000.00,inactive,"2025-06-05 12:10:15","2025-06-13 16:18:38",Dev Token,Dev Token
Vaksin Anjing Ketiga / Tahunan (DHPPi + L + R),2498,6750,3,30000.00,inactive,"2025-06-05 12:10:15","2025-06-13 16:18:38",Dev Token,Dev Token
Third / Yearly Booster Dog Vaccine (DHPPi + L + R),2498,6750,3,30000.00,inactive,"2025-06-05 12:10:15","2025-06-13 16:18:38",Dev Token,Dev Token
Vaksin Anjing Ketiga / Tahunan (DHPPi + L + R),2499,6750,4,40000.00,inactive,"2025-06-05 12:10:15","2025-06-13 16:18:38",Dev Token,Dev Token
Third / Yearly Booster Dog Vaccine (DHPPi + L + R),2499,6750,4,40000.00,inactive,"2025-06-05 12:10:15","2025-06-13 16:18:38",Dev Token,Dev Token
Vaksin Kucing Ketiga / Tahunan (F4 + R),2500,6753,2,20000.00,inactive,"2025-06-05 12:10:15","2025-06-13 16:18:38",Dev Token,Dev Token
Third / Yearly Booster Cat Vaccine (F4 + R),2500,6753,2,20000.00,inactive,"2025-06-05 12:10:15","2025-06-13 16:18:38",Dev Token,Dev Token
Vaksin Kucing Ketiga / Tahunan (F4 + R),2501,6753,3,30000.00,inactive,"2025-06-05 12:10:15","2025-06-13 16:18:39",Dev Token,Dev Token
Third / Yearly Booster Cat Vaccine (F4 + R),2501,6753,3,30000.00,inactive,"2025-06-05 12:10:15","2025-06-13 16:18:39",Dev Token,Dev Token
Vaksin Kucing Ketiga / Tahunan (F4 + R),2502,6753,4,40000.00,inactive,"2025-06-05 12:10:15","2025-06-13 16:18:39",Dev Token,Dev Token
Third / Yearly Booster Cat Vaccine (F4 + R),2502,6753,4,40000.00,inactive,"2025-06-05 12:10:15","2025-06-13 16:18:39",Dev Token,Dev Token
Vaksin Anjing Kedua (DHPPi + L),2503,6749,2,20000.00,inactive,"2025-06-05 12:10:15","2025-06-13 16:18:39",Dev Token,Dev Token
Second Dog Vaccine (DHPPi + L),2503,6749,2,20000.00,inactive,"2025-06-05 12:10:15","2025-06-13 16:18:39",Dev Token,Dev Token
Vaksin Anjing Kedua (DHPPi + L),2504,6749,3,30000.00,inactive,"2025-06-05 12:10:15","2025-06-13 16:18:39",Dev Token,Dev Token
Second Dog Vaccine (DHPPi + L),2504,6749,3,30000.00,inactive,"2025-06-05 12:10:15","2025-06-13 16:18:39",Dev Token,Dev Token
Vaksin Anjing Kedua (DHPPi + L),2505,6749,4,40000.00,inactive,"2025-06-05 12:10:15","2025-06-13 16:18:39",Dev Token,Dev Token
Second Dog Vaccine (DHPPi + L),2505,6749,4,40000.00,inactive,"2025-06-05 12:10:15","2025-06-13 16:18:39",Dev Token,Dev Token
Grooming Kucing,2506,6754,2,20000.00,inactive,"2025-06-05 12:10:15","2025-06-13 16:18:39",Dev Token,Dev Token
Cat Grooming,2506,6754,2,20000.00,inactive,"2025-06-05 12:10:15","2025-06-13 16:18:39",Dev Token,Dev Token
Grooming Kucing,2507,6754,3,30000.00,inactive,"2025-06-05 12:10:16","2025-06-13 16:18:39",Dev Token,Dev Token
Cat Grooming,2507,6754,3,30000.00,inactive,"2025-06-05 12:10:16","2025-06-13 16:18:39",Dev Token,Dev Token
Grooming Kucing,2508,6754,4,40000.00,inactive,"2025-06-05 12:10:16","2025-06-13 16:18:40",Dev Token,Dev Token
Cat Grooming,2508,6754,4,40000.00,inactive,"2025-06-05 12:10:16","2025-06-13 16:18:40",Dev Token,Dev Token
Vaksin Anjing Pertama (DHPPi),2509,6694,2,20000.00,inactive,"2025-06-05 12:10:18","2025-06-13 16:18:44",Dev Token,Dev Token
First Dog Vaccine (DHPPi),2509,6694,2,20000.00,inactive,"2025-06-05 12:10:18","2025-06-13 16:18:44",Dev Token,Dev Token
Vaksin Anjing Pertama (DHPPi),2510,6694,3,30000.00,inactive,"2025-06-05 12:10:18","2025-06-13 16:18:44",Dev Token,Dev Token
First Dog Vaccine (DHPPi),2510,6694,3,30000.00,inactive,"2025-06-05 12:10:18","2025-06-13 16:18:44",Dev Token,Dev Token
Vaksin Anjing Pertama (DHPPi),2511,6694,4,40000.00,inactive,"2025-06-05 12:10:18","2025-06-13 16:18:44",Dev Token,Dev Token
First Dog Vaccine (DHPPi),2511,6694,4,40000.00,inactive,"2025-06-05 12:10:18","2025-06-13 16:18:44",Dev Token,Dev Token
Vaksin Kucing Pertama (F3),2512,6697,2,20000.00,inactive,"2025-06-05 12:10:18","2025-06-13 16:18:44",Dev Token,Dev Token
First Cat Vaccine (F3),2512,6697,2,20000.00,inactive,"2025-06-05 12:10:18","2025-06-13 16:18:44",Dev Token,Dev Token
Vaksin Kucing Pertama (F3),2513,6697,3,30000.00,inactive,"2025-06-05 12:10:18","2025-06-13 16:18:44",Dev Token,Dev Token
First Cat Vaccine (F3),2513,6697,3,30000.00,inactive,"2025-06-05 12:10:18","2025-06-13 16:18:44",Dev Token,Dev Token
Vaksin Kucing Pertama (F3),2514,6697,4,40000.00,inactive,"2025-06-05 12:10:19","2025-06-13 16:18:45",Dev Token,Dev Token
First Cat Vaccine (F3),2514,6697,4,40000.00,inactive,"2025-06-05 12:10:19","2025-06-13 16:18:45",Dev Token,Dev Token
Vaksin Kucing Kedua (F4),2515,6698,2,20000.00,inactive,"2025-06-05 12:10:19","2025-06-13 16:18:45",Dev Token,Dev Token
Second Cat Vaccine (F4),2515,6698,2,20000.00,inactive,"2025-06-05 12:10:19","2025-06-13 16:18:45",Dev Token,Dev Token
Vaksin Kucing Kedua (F4),2516,6698,3,30000.00,inactive,"2025-06-05 12:10:19","2025-06-13 16:18:45",Dev Token,Dev Token
Second Cat Vaccine (F4),2516,6698,3,30000.00,inactive,"2025-06-05 12:10:19","2025-06-13 16:18:45",Dev Token,Dev Token
Vaksin Kucing Kedua (F4),2517,6698,4,40000.00,inactive,"2025-06-05 12:10:19","2025-06-13 16:18:45",Dev Token,Dev Token
Second Cat Vaccine (F4),2517,6698,4,40000.00,inactive,"2025-06-05 12:10:19","2025-06-13 16:18:45",Dev Token,Dev Token
Grooming Anjing,2518,6701,2,20000.00,inactive,"2025-06-05 12:10:19","2025-06-13 16:18:45",Dev Token,Dev Token
Dog Grooming,2518,6701,2,20000.00,inactive,"2025-06-05 12:10:19","2025-06-13 16:18:45",Dev Token,Dev Token
Grooming Anjing,2519,6701,3,30000.00,inactive,"2025-06-05 12:10:20","2025-06-13 16:18:45",Dev Token,Dev Token
Dog Grooming,2519,6701,3,30000.00,inactive,"2025-06-05 12:10:20","2025-06-13 16:18:45",Dev Token,Dev Token
Grooming Anjing,2520,6701,4,40000.00,inactive,"2025-06-05 12:10:20","2025-06-13 16:18:46",Dev Token,Dev Token
Dog Grooming,2520,6701,4,40000.00,inactive,"2025-06-05 12:10:20","2025-06-13 16:18:46",Dev Token,Dev Token
Vaksin Anjing Ketiga / Tahunan (DHPPi + L + R),2521,6696,2,20000.00,inactive,"2025-06-05 12:10:20","2025-06-13 16:18:46",Dev Token,Dev Token
Third / Yearly Booster Dog Vaccine (DHPPi + L + R),2521,6696,2,20000.00,inactive,"2025-06-05 12:10:20","2025-06-13 16:18:46",Dev Token,Dev Token
Vaksin Anjing Ketiga / Tahunan (DHPPi + L + R),2522,6696,3,30000.00,inactive,"2025-06-05 12:10:20","2025-06-13 16:18:46",Dev Token,Dev Token
Third / Yearly Booster Dog Vaccine (DHPPi + L + R),2522,6696,3,30000.00,inactive,"2025-06-05 12:10:20","2025-06-13 16:18:46",Dev Token,Dev Token
Vaksin Anjing Ketiga / Tahunan (DHPPi + L + R),2523,6696,4,40000.00,inactive,"2025-06-05 12:10:20","2025-06-13 16:18:46",Dev Token,Dev Token
Third / Yearly Booster Dog Vaccine (DHPPi + L + R),2523,6696,4,40000.00,inactive,"2025-06-05 12:10:20","2025-06-13 16:18:46",Dev Token,Dev Token
Vaksin Kucing Ketiga / Tahunan (F4 + R),2524,6699,2,20000.00,inactive,"2025-06-05 12:10:20","2025-06-13 16:18:46",Dev Token,Dev Token
Third / Yearly Booster Cat Vaccine (F4 + R),2524,6699,2,20000.00,inactive,"2025-06-05 12:10:20","2025-06-13 16:18:46",Dev Token,Dev Token
Vaksin Kucing Ketiga / Tahunan (F4 + R),2525,6699,3,30000.00,inactive,"2025-06-05 12:10:20","2025-06-13 16:18:46",Dev Token,Dev Token
Third / Yearly Booster Cat Vaccine (F4 + R),2525,6699,3,30000.00,inactive,"2025-06-05 12:10:20","2025-06-13 16:18:46",Dev Token,Dev Token
Vaksin Kucing Ketiga / Tahunan (F4 + R),2526,6699,4,40000.00,inactive,"2025-06-05 12:10:21","2025-06-13 16:18:47",Dev Token,Dev Token
Third / Yearly Booster Cat Vaccine (F4 + R),2526,6699,4,40000.00,inactive,"2025-06-05 12:10:21","2025-06-13 16:18:47",Dev Token,Dev Token
Vaksin Anjing Kedua (DHPPi + L),2527,6695,2,20000.00,inactive,"2025-06-05 12:10:21","2025-06-13 16:18:47",Dev Token,Dev Token
Second Dog Vaccine (DHPPi + L),2527,6695,2,20000.00,inactive,"2025-06-05 12:10:21","2025-06-13 16:18:47",Dev Token,Dev Token
Vaksin Anjing Kedua (DHPPi + L),2528,6695,3,30000.00,inactive,"2025-06-05 12:10:21","2025-06-13 16:18:47",Dev Token,Dev Token
Second Dog Vaccine (DHPPi + L),2528,6695,3,30000.00,inactive,"2025-06-05 12:10:21","2025-06-13 16:18:47",Dev Token,Dev Token
Vaksin Anjing Kedua (DHPPi + L),2529,6695,4,40000.00,inactive,"2025-06-05 12:10:21","2025-06-13 16:18:47",Dev Token,Dev Token
Second Dog Vaccine (DHPPi + L),2529,6695,4,40000.00,inactive,"2025-06-05 12:10:21","2025-06-13 16:18:47",Dev Token,Dev Token
Grooming Kucing,2530,6700,2,20000.00,inactive,"2025-06-05 12:10:21","2025-06-13 16:18:47",Dev Token,Dev Token
Cat Grooming,2530,6700,2,20000.00,inactive,"2025-06-05 12:10:21","2025-06-13 16:18:47",Dev Token,Dev Token
Grooming Kucing,2531,6700,3,30000.00,inactive,"2025-06-05 12:10:21","2025-06-13 16:18:47",Dev Token,Dev Token
Cat Grooming,2531,6700,3,30000.00,inactive,"2025-06-05 12:10:21","2025-06-13 16:18:47",Dev Token,Dev Token
Grooming Kucing,2532,6700,4,40000.00,inactive,"2025-06-05 12:10:21","2025-06-13 16:18:47",Dev Token,Dev Token
Cat Grooming,2532,6700,4,40000.00,inactive,"2025-06-05 12:10:21","2025-06-13 16:18:47",Dev Token,Dev Token
Vaksin Anjing Pertama (DHPPi),2533,6730,2,20000.00,inactive,"2025-06-05 12:10:25","2025-06-13 16:18:52",Dev Token,Dev Token
First Dog Vaccine (DHPPi),2533,6730,2,20000.00,inactive,"2025-06-05 12:10:25","2025-06-13 16:18:52",Dev Token,Dev Token
Vaksin Anjing Pertama (DHPPi),2534,6730,3,30000.00,inactive,"2025-06-05 12:10:25","2025-06-13 16:18:52",Dev Token,Dev Token
First Dog Vaccine (DHPPi),2534,6730,3,30000.00,inactive,"2025-06-05 12:10:25","2025-06-13 16:18:52",Dev Token,Dev Token
Vaksin Anjing Pertama (DHPPi),2535,6730,4,40000.00,inactive,"2025-06-05 12:10:25","2025-06-13 16:18:53",Dev Token,Dev Token
First Dog Vaccine (DHPPi),2535,6730,4,40000.00,inactive,"2025-06-05 12:10:25","2025-06-13 16:18:53",Dev Token,Dev Token
Vaksin Kucing Pertama (F3),2536,6733,2,20000.00,inactive,"2025-06-05 12:10:25","2025-06-13 16:18:53",Dev Token,Dev Token
First Cat Vaccine (F3),2536,6733,2,20000.00,inactive,"2025-06-05 12:10:25","2025-06-13 16:18:53",Dev Token,Dev Token
Vaksin Kucing Pertama (F3),2537,6733,3,30000.00,inactive,"2025-06-05 12:10:25","2025-06-13 16:18:53",Dev Token,Dev Token
First Cat Vaccine (F3),2537,6733,3,30000.00,inactive,"2025-06-05 12:10:25","2025-06-13 16:18:53",Dev Token,Dev Token
Vaksin Kucing Pertama (F3),2538,6733,4,40000.00,inactive,"2025-06-05 12:10:25","2025-06-13 16:18:53",Dev Token,Dev Token
First Cat Vaccine (F3),2538,6733,4,40000.00,inactive,"2025-06-05 12:10:25","2025-06-13 16:18:53",Dev Token,Dev Token
Vaksin Kucing Kedua (F4),2539,6734,2,20000.00,inactive,"2025-06-05 12:10:25","2025-06-13 16:18:53",Dev Token,Dev Token
Second Cat Vaccine (F4),2539,6734,2,20000.00,inactive,"2025-06-05 12:10:25","2025-06-13 16:18:53",Dev Token,Dev Token
Vaksin Kucing Kedua (F4),2540,6734,3,30000.00,inactive,"2025-06-05 12:10:26","2025-06-13 16:18:53",Dev Token,Dev Token
Second Cat Vaccine (F4),2540,6734,3,30000.00,inactive,"2025-06-05 12:10:26","2025-06-13 16:18:53",Dev Token,Dev Token
Vaksin Kucing Kedua (F4),2541,6734,4,40000.00,inactive,"2025-06-05 12:10:26","2025-06-13 16:18:53",Dev Token,Dev Token
Second Cat Vaccine (F4),2541,6734,4,40000.00,inactive,"2025-06-05 12:10:26","2025-06-13 16:18:53",Dev Token,Dev Token
Grooming Anjing,2542,6737,2,20000.00,inactive,"2025-06-05 12:10:26","2025-06-13 16:18:54",Dev Token,Dev Token
Dog Grooming,2542,6737,2,20000.00,inactive,"2025-06-05 12:10:26","2025-06-13 16:18:54",Dev Token,Dev Token
Grooming Anjing,2543,6737,3,30000.00,inactive,"2025-06-05 12:10:26","2025-06-13 16:18:54",Dev Token,Dev Token
Dog Grooming,2543,6737,3,30000.00,inactive,"2025-06-05 12:10:26","2025-06-13 16:18:54",Dev Token,Dev Token
Grooming Anjing,2544,6737,4,40000.00,inactive,"2025-06-05 12:10:26","2025-06-13 16:18:54",Dev Token,Dev Token
Dog Grooming,2544,6737,4,40000.00,inactive,"2025-06-05 12:10:26","2025-06-13 16:18:54",Dev Token,Dev Token
Vaksin Anjing Ketiga / Tahunan (DHPPi + L + R),2545,6732,2,20000.00,inactive,"2025-06-05 12:10:26","2025-06-13 16:18:54",Dev Token,Dev Token
Third / Yearly Booster Dog Vaccine (DHPPi + L + R),2545,6732,2,20000.00,inactive,"2025-06-05 12:10:26","2025-06-13 16:18:54",Dev Token,Dev Token
Vaksin Anjing Ketiga / Tahunan (DHPPi + L + R),2546,6732,3,30000.00,inactive,"2025-06-05 12:10:26","2025-06-13 16:18:55",Dev Token,Dev Token
Third / Yearly Booster Dog Vaccine (DHPPi + L + R),2546,6732,3,30000.00,inactive,"2025-06-05 12:10:26","2025-06-13 16:18:55",Dev Token,Dev Token
Vaksin Anjing Ketiga / Tahunan (DHPPi + L + R),2547,6732,4,40000.00,inactive,"2025-06-05 12:10:26","2025-06-13 16:18:55",Dev Token,Dev Token
Third / Yearly Booster Dog Vaccine (DHPPi + L + R),2547,6732,4,40000.00,inactive,"2025-06-05 12:10:26","2025-06-13 16:18:55",Dev Token,Dev Token
Vaksin Kucing Ketiga / Tahunan (F4 + R),2548,6735,2,20000.00,inactive,"2025-06-05 12:10:26","2025-06-13 16:18:55",Dev Token,Dev Token
Third / Yearly Booster Cat Vaccine (F4 + R),2548,6735,2,20000.00,inactive,"2025-06-05 12:10:26","2025-06-13 16:18:55",Dev Token,Dev Token
Vaksin Kucing Ketiga / Tahunan (F4 + R),2549,6735,3,30000.00,inactive,"2025-06-05 12:10:27","2025-06-13 16:18:55",Dev Token,Dev Token
Third / Yearly Booster Cat Vaccine (F4 + R),2549,6735,3,30000.00,inactive,"2025-06-05 12:10:27","2025-06-13 16:18:55",Dev Token,Dev Token
Vaksin Kucing Ketiga / Tahunan (F4 + R),2550,6735,4,40000.00,inactive,"2025-06-05 12:10:27","2025-06-13 16:18:55",Dev Token,Dev Token
Third / Yearly Booster Cat Vaccine (F4 + R),2550,6735,4,40000.00,inactive,"2025-06-05 12:10:27","2025-06-13 16:18:55",Dev Token,Dev Token
Vaksin Anjing Kedua (DHPPi + L),2551,6731,2,20000.00,inactive,"2025-06-05 12:10:27","2025-06-13 16:18:55",Dev Token,Dev Token
Second Dog Vaccine (DHPPi + L),2551,6731,2,20000.00,inactive,"2025-06-05 12:10:27","2025-06-13 16:18:55",Dev Token,Dev Token
Vaksin Anjing Kedua (DHPPi + L),2552,6731,3,30000.00,inactive,"2025-06-05 12:10:27","2025-06-13 16:18:55",Dev Token,Dev Token
Second Dog Vaccine (DHPPi + L),2552,6731,3,30000.00,inactive,"2025-06-05 12:10:27","2025-06-13 16:18:55",Dev Token,Dev Token
Vaksin Anjing Kedua (DHPPi + L),2553,6731,4,40000.00,inactive,"2025-06-05 12:10:27","2025-06-13 16:18:56",Dev Token,Dev Token
Second Dog Vaccine (DHPPi + L),2553,6731,4,40000.00,inactive,"2025-06-05 12:10:27","2025-06-13 16:18:56",Dev Token,Dev Token
Grooming Kucing,2554,6736,2,20000.00,inactive,"2025-06-05 12:10:27","2025-06-13 16:18:56",Dev Token,Dev Token
Cat Grooming,2554,6736,2,20000.00,inactive,"2025-06-05 12:10:27","2025-06-13 16:18:56",Dev Token,Dev Token
Grooming Kucing,2555,6736,3,30000.00,inactive,"2025-06-05 12:10:27","2025-06-13 16:18:56",Dev Token,Dev Token
Cat Grooming,2555,6736,3,30000.00,inactive,"2025-06-05 12:10:27","2025-06-13 16:18:56",Dev Token,Dev Token
Grooming Kucing,2556,6736,4,40000.00,inactive,"2025-06-05 12:10:28","2025-06-13 16:18:56",Dev Token,Dev Token
Cat Grooming,2556,6736,4,40000.00,inactive,"2025-06-05 12:10:28","2025-06-13 16:18:56",Dev Token,Dev Token
Vaksin Anjing Pertama (DHPPi),2557,6747,2,20000.00,inactive,"2025-06-05 12:10:31","2025-06-13 16:19:00",Dev Token,Dev Token
First Dog Vaccine (DHPPi),2557,6747,2,20000.00,inactive,"2025-06-05 12:10:31","2025-06-13 16:19:00",Dev Token,Dev Token
Vaksin Anjing Pertama (DHPPi),2558,6747,3,30000.00,inactive,"2025-06-05 12:10:31","2025-06-13 16:19:00",Dev Token,Dev Token
First Dog Vaccine (DHPPi),2558,6747,3,30000.00,inactive,"2025-06-05 12:10:31","2025-06-13 16:19:00",Dev Token,Dev Token
Vaksin Anjing Pertama (DHPPi),2559,6747,4,40000.00,inactive,"2025-06-05 12:10:31","2025-06-13 16:19:01",Dev Token,Dev Token
First Dog Vaccine (DHPPi),2559,6747,4,40000.00,inactive,"2025-06-05 12:10:31","2025-06-13 16:19:01",Dev Token,Dev Token
Vaksin Kucing Pertama (F3),2560,6744,2,20000.00,inactive,"2025-06-05 12:10:31","2025-06-13 16:19:01",Dev Token,Dev Token
First Cat Vaccine (F3),2560,6744,2,20000.00,inactive,"2025-06-05 12:10:31","2025-06-13 16:19:01",Dev Token,Dev Token
Vaksin Kucing Pertama (F3),2561,6744,3,30000.00,inactive,"2025-06-05 12:10:31","2025-06-13 16:19:01",Dev Token,Dev Token
First Cat Vaccine (F3),2561,6744,3,30000.00,inactive,"2025-06-05 12:10:31","2025-06-13 16:19:01",Dev Token,Dev Token
Vaksin Kucing Pertama (F3),2562,6744,4,40000.00,inactive,"2025-06-05 12:10:32","2025-06-13 16:19:01",Dev Token,Dev Token
First Cat Vaccine (F3),2562,6744,4,40000.00,inactive,"2025-06-05 12:10:32","2025-06-13 16:19:01",Dev Token,Dev Token
Vaksin Kucing Kedua (F4),2563,6743,2,20000.00,inactive,"2025-06-05 12:10:32","2025-06-13 16:19:01",Dev Token,Dev Token
Second Cat Vaccine (F4),2563,6743,2,20000.00,inactive,"2025-06-05 12:10:32","2025-06-13 16:19:01",Dev Token,Dev Token
Vaksin Kucing Kedua (F4),2564,6743,3,30000.00,inactive,"2025-06-05 12:10:33","2025-06-13 16:19:01",Dev Token,Dev Token
Second Cat Vaccine (F4),2564,6743,3,30000.00,inactive,"2025-06-05 12:10:33","2025-06-13 16:19:01",Dev Token,Dev Token
Vaksin Kucing Kedua (F4),2565,6743,4,40000.00,inactive,"2025-06-05 12:10:34","2025-06-13 16:19:01",Dev Token,Dev Token
Second Cat Vaccine (F4),2565,6743,4,40000.00,inactive,"2025-06-05 12:10:34","2025-06-13 16:19:01",Dev Token,Dev Token
Grooming Anjing,2566,6740,2,20000.00,inactive,"2025-06-05 12:10:35","2025-06-13 16:19:02",Dev Token,Dev Token
Dog Grooming,2566,6740,2,20000.00,inactive,"2025-06-05 12:10:35","2025-06-13 16:19:02",Dev Token,Dev Token
Grooming Anjing,2567,6740,3,30000.00,inactive,"2025-06-05 12:10:35","2025-06-13 16:19:02",Dev Token,Dev Token
Dog Grooming,2567,6740,3,30000.00,inactive,"2025-06-05 12:10:35","2025-06-13 16:19:02",Dev Token,Dev Token
Grooming Anjing,2568,6740,4,40000.00,inactive,"2025-06-05 12:10:35","2025-06-13 16:19:02",Dev Token,Dev Token
Dog Grooming,2568,6740,4,40000.00,inactive,"2025-06-05 12:10:35","2025-06-13 16:19:02",Dev Token,Dev Token
Vaksin Anjing Ketiga / Tahunan (DHPPi + L + R),2569,6745,2,20000.00,inactive,"2025-06-05 12:10:36","2025-06-13 16:19:02",Dev Token,Dev Token
Third / Yearly Booster Dog Vaccine (DHPPi + L + R),2569,6745,2,20000.00,inactive,"2025-06-05 12:10:36","2025-06-13 16:19:02",Dev Token,Dev Token
Vaksin Anjing Ketiga / Tahunan (DHPPi + L + R),2570,6745,3,30000.00,inactive,"2025-06-05 12:10:36","2025-06-13 16:19:02",Dev Token,Dev Token
Third / Yearly Booster Dog Vaccine (DHPPi + L + R),2570,6745,3,30000.00,inactive,"2025-06-05 12:10:36","2025-06-13 16:19:02",Dev Token,Dev Token
Vaksin Anjing Ketiga / Tahunan (DHPPi + L + R),2571,6745,4,40000.00,inactive,"2025-06-05 12:10:36","2025-06-13 16:19:02",Dev Token,Dev Token
Third / Yearly Booster Dog Vaccine (DHPPi + L + R),2571,6745,4,40000.00,inactive,"2025-06-05 12:10:36","2025-06-13 16:19:02",Dev Token,Dev Token
Vaksin Kucing Ketiga / Tahunan (F4 + R),2572,6742,2,20000.00,inactive,"2025-06-05 12:10:37","2025-06-13 16:19:02",Dev Token,Dev Token
Third / Yearly Booster Cat Vaccine (F4 + R),2572,6742,2,20000.00,inactive,"2025-06-05 12:10:37","2025-06-13 16:19:02",Dev Token,Dev Token
Vaksin Kucing Ketiga / Tahunan (F4 + R),2573,6742,3,30000.00,inactive,"2025-06-05 12:10:38","2025-06-13 16:19:03",Dev Token,Dev Token
Third / Yearly Booster Cat Vaccine (F4 + R),2573,6742,3,30000.00,inactive,"2025-06-05 12:10:38","2025-06-13 16:19:03",Dev Token,Dev Token
Vaksin Kucing Ketiga / Tahunan (F4 + R),2574,6742,4,40000.00,inactive,"2025-06-05 12:10:38","2025-06-13 16:19:03",Dev Token,Dev Token
Third / Yearly Booster Cat Vaccine (F4 + R),2574,6742,4,40000.00,inactive,"2025-06-05 12:10:38","2025-06-13 16:19:03",Dev Token,Dev Token
Vaksin Anjing Kedua (DHPPi + L),2575,6746,2,20000.00,inactive,"2025-06-05 12:10:38","2025-06-13 16:19:03",Dev Token,Dev Token
Second Dog Vaccine (DHPPi + L),2575,6746,2,20000.00,inactive,"2025-06-05 12:10:38","2025-06-13 16:19:03",Dev Token,Dev Token
Vaksin Anjing Kedua (DHPPi + L),2576,6746,3,30000.00,inactive,"2025-06-05 12:10:38","2025-06-13 16:19:03",Dev Token,Dev Token
Second Dog Vaccine (DHPPi + L),2576,6746,3,30000.00,inactive,"2025-06-05 12:10:38","2025-06-13 16:19:03",Dev Token,Dev Token
Vaksin Anjing Kedua (DHPPi + L),2577,6746,4,40000.00,inactive,"2025-06-05 12:10:39","2025-06-13 16:19:03",Dev Token,Dev Token
Second Dog Vaccine (DHPPi + L),2577,6746,4,40000.00,inactive,"2025-06-05 12:10:39","2025-06-13 16:19:03",Dev Token,Dev Token
Grooming Kucing,2578,6741,2,20000.00,inactive,"2025-06-05 12:10:39","2025-06-13 16:19:03",Dev Token,Dev Token
Cat Grooming,2578,6741,2,20000.00,inactive,"2025-06-05 12:10:39","2025-06-13 16:19:03",Dev Token,Dev Token
Grooming Kucing,2579,6741,3,30000.00,inactive,"2025-06-05 12:10:39","2025-06-13 16:19:04",Dev Token,Dev Token
Cat Grooming,2579,6741,3,30000.00,inactive,"2025-06-05 12:10:39","2025-06-13 16:19:04",Dev Token,Dev Token
Grooming Kucing,2580,6741,4,40000.00,inactive,"2025-06-05 12:10:39","2025-06-13 16:19:04",Dev Token,Dev Token
Cat Grooming,2580,6741,4,40000.00,inactive,"2025-06-05 12:10:39","2025-06-13 16:19:04",Dev Token,Dev Token
[DENGAN BUKU KUNING] Vaksinasi Yellow Fever (Stamaril),2581,6846,2,20000.00,active,"2025-07-09 14:48:36","2025-07-09 14:48:36",Dev Token,Dev Token
[WITH YELLOW BOOK] Yellow Fever Vaccination (Stamaril),2581,6846,2,20000.00,active,"2025-07-09 14:48:36","2025-07-09 14:48:36",Dev Token,Dev Token
[DENGAN BUKU KUNING] Vaksinasi Yellow Fever (Stamaril),2582,6846,3,30000.00,active,"2025-07-09 14:48:36","2025-07-09 14:48:36",Dev Token,Dev Token
[WITH YELLOW BOOK] Yellow Fever Vaccination (Stamaril),2582,6846,3,30000.00,active,"2025-07-09 14:48:36","2025-07-09 14:48:36",Dev Token,Dev Token
[DENGAN BUKU KUNING] Vaksinasi Yellow Fever (Stamaril),2583,6846,4,40000.00,active,"2025-07-09 14:48:37","2025-07-09 14:48:37",Dev Token,Dev Token
[WITH YELLOW BOOK] Yellow Fever Vaccination (Stamaril),2583,6846,4,40000.00,active,"2025-07-09 14:48:37","2025-07-09 14:48:37",Dev Token,Dev Token
[DENGAN BUKU KUNING] Vaksinasi Yellow Fever (Stamaril),2584,6830,2,20000.00,active,"2025-07-09 14:48:37","2025-07-09 14:48:37",Dev Token,Dev Token
[WITH YELLOW BOOK] Yellow Fever Vaccination (Stamaril),2584,6830,2,20000.00,active,"2025-07-09 14:48:37","2025-07-09 14:48:37",Dev Token,Dev Token
[DENGAN BUKU KUNING] Vaksinasi Yellow Fever (Stamaril),2585,6830,3,30000.00,active,"2025-07-09 14:48:37","2025-07-09 14:48:37",Dev Token,Dev Token
[WITH YELLOW BOOK] Yellow Fever Vaccination (Stamaril),2585,6830,3,30000.00,active,"2025-07-09 14:48:37","2025-07-09 14:48:37",Dev Token,Dev Token
[DENGAN BUKU KUNING] Vaksinasi Yellow Fever (Stamaril),2586,6830,4,40000.00,active,"2025-07-09 14:48:37","2025-07-09 14:48:37",Dev Token,Dev Token
[WITH YELLOW BOOK] Yellow Fever Vaccination (Stamaril),2586,6830,4,40000.00,active,"2025-07-09 14:48:37","2025-07-09 14:48:37",Dev Token,Dev Token
[DENGAN BUKU KUNING] Vaksinasi Yellow Fever (Stamaril),2587,6848,2,20000.00,active,"2025-07-09 14:48:37","2025-07-09 14:48:37",Dev Token,Dev Token
[WITH YELLOW BOOK] Yellow Fever Vaccination (Stamaril),2587,6848,2,20000.00,active,"2025-07-09 14:48:37","2025-07-09 14:48:37",Dev Token,Dev Token
[DENGAN BUKU KUNING] Vaksinasi Yellow Fever (Stamaril),2588,6848,3,30000.00,active,"2025-07-09 14:48:37","2025-07-09 14:48:37",Dev Token,Dev Token
[WITH YELLOW BOOK] Yellow Fever Vaccination (Stamaril),2588,6848,3,30000.00,active,"2025-07-09 14:48:37","2025-07-09 14:48:37",Dev Token,Dev Token
[DENGAN BUKU KUNING] Vaksinasi Yellow Fever (Stamaril),2589,6848,4,40000.00,active,"2025-07-09 14:48:37","2025-07-09 14:48:37",Dev Token,Dev Token
[WITH YELLOW BOOK] Yellow Fever Vaccination (Stamaril),2589,6848,4,40000.00,active,"2025-07-09 14:48:37","2025-07-09 14:48:37",Dev Token,Dev Token
[DENGAN BUKU KUNING] Vaksinasi Yellow Fever (Stamaril),2590,6844,2,20000.00,active,"2025-07-09 14:48:37","2025-07-09 14:48:37",Dev Token,Dev Token
[WITH YELLOW BOOK] Yellow Fever Vaccination (Stamaril),2590,6844,2,20000.00,active,"2025-07-09 14:48:37","2025-07-09 14:48:37",Dev Token,Dev Token
[DENGAN BUKU KUNING] Vaksinasi Yellow Fever (Stamaril),2591,6844,3,30000.00,active,"2025-07-09 14:48:37","2025-07-09 14:48:37",Dev Token,Dev Token
[WITH YELLOW BOOK] Yellow Fever Vaccination (Stamaril),2591,6844,3,30000.00,active,"2025-07-09 14:48:37","2025-07-09 14:48:37",Dev Token,Dev Token
[DENGAN BUKU KUNING] Vaksinasi Yellow Fever (Stamaril),2592,6844,4,40000.00,active,"2025-07-09 14:48:38","2025-07-09 14:48:38",Dev Token,Dev Token
[WITH YELLOW BOOK] Yellow Fever Vaccination (Stamaril),2592,6844,4,40000.00,active,"2025-07-09 14:48:38","2025-07-09 14:48:38",Dev Token,Dev Token
[DENGAN BUKU KUNING] Vaksinasi Yellow Fever (Stamaril),2593,6838,2,20000.00,active,"2025-07-09 14:48:38","2025-07-09 14:48:38",Dev Token,Dev Token
[WITH YELLOW BOOK] Yellow Fever Vaccination (Stamaril),2593,6838,2,20000.00,active,"2025-07-09 14:48:38","2025-07-09 14:48:38",Dev Token,Dev Token
[DENGAN BUKU KUNING] Vaksinasi Yellow Fever (Stamaril),2594,6838,3,30000.00,active,"2025-07-09 14:48:38","2025-07-09 14:48:38",Dev Token,Dev Token
[WITH YELLOW BOOK] Yellow Fever Vaccination (Stamaril),2594,6838,3,30000.00,active,"2025-07-09 14:48:38","2025-07-09 14:48:38",Dev Token,Dev Token
[DENGAN BUKU KUNING] Vaksinasi Yellow Fever (Stamaril),2595,6838,4,40000.00,active,"2025-07-09 14:48:38","2025-07-09 14:48:38",Dev Token,Dev Token
[WITH YELLOW BOOK] Yellow Fever Vaccination (Stamaril),2595,6838,4,40000.00,active,"2025-07-09 14:48:38","2025-07-09 14:48:38",Dev Token,Dev Token
[DENGAN BUKU KUNING] Vaksinasi Yellow Fever (Stamaril),2596,6840,2,20000.00,active,"2025-07-09 14:48:38","2025-07-09 14:48:38",Dev Token,Dev Token
[WITH YELLOW BOOK] Yellow Fever Vaccination (Stamaril),2596,6840,2,20000.00,active,"2025-07-09 14:48:38","2025-07-09 14:48:38",Dev Token,Dev Token
[DENGAN BUKU KUNING] Vaksinasi Yellow Fever (Stamaril),2597,6840,3,30000.00,active,"2025-07-09 14:48:38","2025-07-09 14:48:38",Dev Token,Dev Token
[WITH YELLOW BOOK] Yellow Fever Vaccination (Stamaril),2597,6840,3,30000.00,active,"2025-07-09 14:48:38","2025-07-09 14:48:38",Dev Token,Dev Token
[DENGAN BUKU KUNING] Vaksinasi Yellow Fever (Stamaril),2598,6840,4,40000.00,active,"2025-07-09 14:48:38","2025-07-09 14:48:38",Dev Token,Dev Token
[WITH YELLOW BOOK] Yellow Fever Vaccination (Stamaril),2598,6840,4,40000.00,active,"2025-07-09 14:48:38","2025-07-09 14:48:38",Dev Token,Dev Token
[DENGAN BUKU KUNING] Vaksinasi Yellow Fever (Stamaril),2599,6842,2,20000.00,active,"2025-07-09 14:48:38","2025-07-09 14:48:38",Dev Token,Dev Token
[WITH YELLOW BOOK] Yellow Fever Vaccination (Stamaril),2599,6842,2,20000.00,active,"2025-07-09 14:48:38","2025-07-09 14:48:38",Dev Token,Dev Token
[DENGAN BUKU KUNING] Vaksinasi Yellow Fever (Stamaril),2600,6842,3,30000.00,active,"2025-07-09 14:48:38","2025-07-09 14:48:38",Dev Token,Dev Token
[WITH YELLOW BOOK] Yellow Fever Vaccination (Stamaril),2600,6842,3,30000.00,active,"2025-07-09 14:48:38","2025-07-09 14:48:38",Dev Token,Dev Token
[DENGAN BUKU KUNING] Vaksinasi Yellow Fever (Stamaril),2601,6842,4,40000.00,active,"2025-07-09 14:48:38","2025-07-09 14:48:38",Dev Token,Dev Token
[WITH YELLOW BOOK] Yellow Fever Vaccination (Stamaril),2601,6842,4,40000.00,active,"2025-07-09 14:48:38","2025-07-09 14:48:38",Dev Token,Dev Token
[DENGAN BUKU KUNING] Vaksinasi Yellow Fever (Stamaril),2602,6836,2,20000.00,active,"2025-07-09 14:48:38","2025-07-09 14:48:38",Dev Token,Dev Token
[WITH YELLOW BOOK] Yellow Fever Vaccination (Stamaril),2602,6836,2,20000.00,active,"2025-07-09 14:48:38","2025-07-09 14:48:38",Dev Token,Dev Token
[DENGAN BUKU KUNING] Vaksinasi Yellow Fever (Stamaril),2603,6836,3,30000.00,active,"2025-07-09 14:48:39","2025-07-09 14:48:39",Dev Token,Dev Token
[WITH YELLOW BOOK] Yellow Fever Vaccination (Stamaril),2603,6836,3,30000.00,active,"2025-07-09 14:48:39","2025-07-09 14:48:39",Dev Token,Dev Token
[DENGAN BUKU KUNING] Vaksinasi Yellow Fever (Stamaril),2604,6836,4,40000.00,active,"2025-07-09 14:48:39","2025-07-09 14:48:39",Dev Token,Dev Token
[WITH YELLOW BOOK] Yellow Fever Vaccination (Stamaril),2604,6836,4,40000.00,active,"2025-07-09 14:48:39","2025-07-09 14:48:39",Dev Token,Dev Token
[DENGAN BUKU KUNING] Vaksinasi Yellow Fever (Stamaril),2605,6834,2,20000.00,active,"2025-07-09 14:48:39","2025-07-09 14:48:39",Dev Token,Dev Token
[WITH YELLOW BOOK] Yellow Fever Vaccination (Stamaril),2605,6834,2,20000.00,active,"2025-07-09 14:48:39","2025-07-09 14:48:39",Dev Token,Dev Token
[DENGAN BUKU KUNING] Vaksinasi Yellow Fever (Stamaril),2606,6834,3,30000.00,active,"2025-07-09 14:48:39","2025-07-09 14:48:39",Dev Token,Dev Token
[WITH YELLOW BOOK] Yellow Fever Vaccination (Stamaril),2606,6834,3,30000.00,active,"2025-07-09 14:48:39","2025-07-09 14:48:39",Dev Token,Dev Token
[DENGAN BUKU KUNING] Vaksinasi Yellow Fever (Stamaril),2607,6834,4,40000.00,active,"2025-07-09 14:48:39","2025-07-09 14:48:39",Dev Token,Dev Token
[WITH YELLOW BOOK] Yellow Fever Vaccination (Stamaril),2607,6834,4,40000.00,active,"2025-07-09 14:48:39","2025-07-09 14:48:39",Dev Token,Dev Token
[DENGAN BUKU KUNING] Vaksinasi Yellow Fever (Stamaril),2608,6832,2,20000.00,active,"2025-07-09 14:48:39","2025-07-09 14:48:39",Dev Token,Dev Token
[WITH YELLOW BOOK] Yellow Fever Vaccination (Stamaril),2608,6832,2,20000.00,active,"2025-07-09 14:48:39","2025-07-09 14:48:39",Dev Token,Dev Token
[DENGAN BUKU KUNING] Vaksinasi Yellow Fever (Stamaril),2609,6832,3,30000.00,active,"2025-07-09 14:48:39","2025-07-09 14:48:39",Dev Token,Dev Token
[WITH YELLOW BOOK] Yellow Fever Vaccination (Stamaril),2609,6832,3,30000.00,active,"2025-07-09 14:48:39","2025-07-09 14:48:39",Dev Token,Dev Token
[DENGAN BUKU KUNING] Vaksinasi Yellow Fever (Stamaril),2610,6832,4,40000.00,active,"2025-07-09 14:48:39","2025-07-09 14:48:39",Dev Token,Dev Token
[WITH YELLOW BOOK] Yellow Fever Vaccination (Stamaril),2610,6832,4,40000.00,active,"2025-07-09 14:48:39","2025-07-09 14:48:39",Dev Token,Dev Token
[TANPA BUKU KUNING] Vaksinasi Yellow Fever (Stamaril),2611,6847,2,20000.00,active,"2025-07-09 14:48:39","2025-07-09 14:48:39",Dev Token,Dev Token
[WITHOUT YELLOW BOOK] Yellow Fever Vaccination (Stamaril),2611,6847,2,20000.00,active,"2025-07-09 14:48:39","2025-07-09 14:48:39",Dev Token,Dev Token
[TANPA BUKU KUNING] Vaksinasi Yellow Fever (Stamaril),2612,6847,3,30000.00,active,"2025-07-09 14:48:40","2025-07-09 14:48:40",Dev Token,Dev Token
[WITHOUT YELLOW BOOK] Yellow Fever Vaccination (Stamaril),2612,6847,3,30000.00,active,"2025-07-09 14:48:40","2025-07-09 14:48:40",Dev Token,Dev Token
[TANPA BUKU KUNING] Vaksinasi Yellow Fever (Stamaril),2613,6847,4,40000.00,active,"2025-07-09 14:48:40","2025-07-09 14:48:40",Dev Token,Dev Token
[WITHOUT YELLOW BOOK] Yellow Fever Vaccination (Stamaril),2613,6847,4,40000.00,active,"2025-07-09 14:48:40","2025-07-09 14:48:40",Dev Token,Dev Token
[TANPA BUKU KUNING] Vaksinasi Yellow Fever (Stamaril),2614,6831,2,20000.00,active,"2025-07-09 14:48:40","2025-07-09 14:48:40",Dev Token,Dev Token
[WITHOUT YELLOW BOOK] Yellow Fever Vaccination (Stamaril),2614,6831,2,20000.00,active,"2025-07-09 14:48:40","2025-07-09 14:48:40",Dev Token,Dev Token
[TANPA BUKU KUNING] Vaksinasi Yellow Fever (Stamaril),2615,6831,3,30000.00,active,"2025-07-09 14:48:40","2025-07-09 14:48:40",Dev Token,Dev Token
[WITHOUT YELLOW BOOK] Yellow Fever Vaccination (Stamaril),2615,6831,3,30000.00,active,"2025-07-09 14:48:40","2025-07-09 14:48:40",Dev Token,Dev Token
[TANPA BUKU KUNING] Vaksinasi Yellow Fever (Stamaril),2616,6831,4,40000.00,active,"2025-07-09 14:48:40","2025-07-09 14:48:40",Dev Token,Dev Token
[WITHOUT YELLOW BOOK] Yellow Fever Vaccination (Stamaril),2616,6831,4,40000.00,active,"2025-07-09 14:48:40","2025-07-09 14:48:40",Dev Token,Dev Token
[TANPA BUKU KUNING] Vaksinasi Yellow Fever (Stamaril),2617,6849,2,20000.00,active,"2025-07-09 14:48:40","2025-07-09 14:48:40",Dev Token,Dev Token
[WITHOUT YELLOW BOOK] Yellow Fever Vaccination (Stamaril),2617,6849,2,20000.00,active,"2025-07-09 14:48:40","2025-07-09 14:48:40",Dev Token,Dev Token
[TANPA BUKU KUNING] Vaksinasi Yellow Fever (Stamaril),2618,6849,3,30000.00,active,"2025-07-09 14:48:40","2025-07-09 14:48:40",Dev Token,Dev Token
[WITHOUT YELLOW BOOK] Yellow Fever Vaccination (Stamaril),2618,6849,3,30000.00,active,"2025-07-09 14:48:40","2025-07-09 14:48:40",Dev Token,Dev Token
[TANPA BUKU KUNING] Vaksinasi Yellow Fever (Stamaril),2619,6849,4,40000.00,active,"2025-07-09 14:48:40","2025-07-09 14:48:40",Dev Token,Dev Token
[WITHOUT YELLOW BOOK] Yellow Fever Vaccination (Stamaril),2619,6849,4,40000.00,active,"2025-07-09 14:48:40","2025-07-09 14:48:40",Dev Token,Dev Token
[TANPA BUKU KUNING] Vaksinasi Yellow Fever (Stamaril),2620,6845,2,20000.00,active,"2025-07-09 14:48:40","2025-07-09 14:48:40",Dev Token,Dev Token
[WITHOUT YELLOW BOOK] Yellow Fever Vaccination (Stamaril),2620,6845,2,20000.00,active,"2025-07-09 14:48:40","2025-07-09 14:48:40",Dev Token,Dev Token
[TANPA BUKU KUNING] Vaksinasi Yellow Fever (Stamaril),2621,6845,3,30000.00,active,"2025-07-09 14:48:40","2025-07-09 14:48:40",Dev Token,Dev Token
[WITHOUT YELLOW BOOK] Yellow Fever Vaccination (Stamaril),2621,6845,3,30000.00,active,"2025-07-09 14:48:40","2025-07-09 14:48:40",Dev Token,Dev Token
[TANPA BUKU KUNING] Vaksinasi Yellow Fever (Stamaril),2622,6845,4,40000.00,active,"2025-07-09 14:48:40","2025-07-09 14:48:40",Dev Token,Dev Token
[WITHOUT YELLOW BOOK] Yellow Fever Vaccination (Stamaril),2622,6845,4,40000.00,active,"2025-07-09 14:48:40","2025-07-09 14:48:40",Dev Token,Dev Token
[TANPA BUKU KUNING] Vaksinasi Yellow Fever (Stamaril),2623,6839,2,20000.00,active,"2025-07-09 14:48:41","2025-07-09 14:48:41",Dev Token,Dev Token
[WITHOUT YELLOW BOOK] Yellow Fever Vaccination (Stamaril),2623,6839,2,20000.00,active,"2025-07-09 14:48:41","2025-07-09 14:48:41",Dev Token,Dev Token
[TANPA BUKU KUNING] Vaksinasi Yellow Fever (Stamaril),2624,6839,3,30000.00,active,"2025-07-09 14:48:41","2025-07-09 14:48:41",Dev Token,Dev Token
[WITHOUT YELLOW BOOK] Yellow Fever Vaccination (Stamaril),2624,6839,3,30000.00,active,"2025-07-09 14:48:41","2025-07-09 14:48:41",Dev Token,Dev Token
[TANPA BUKU KUNING] Vaksinasi Yellow Fever (Stamaril),2625,6839,4,40000.00,active,"2025-07-09 14:48:41","2025-07-09 14:48:41",Dev Token,Dev Token
[WITHOUT YELLOW BOOK] Yellow Fever Vaccination (Stamaril),2625,6839,4,40000.00,active,"2025-07-09 14:48:41","2025-07-09 14:48:41",Dev Token,Dev Token
[TANPA BUKU KUNING] Vaksinasi Yellow Fever (Stamaril),2626,6841,2,20000.00,active,"2025-07-09 14:48:41","2025-07-09 14:48:41",Dev Token,Dev Token
[WITHOUT YELLOW BOOK] Yellow Fever Vaccination (Stamaril),2626,6841,2,20000.00,active,"2025-07-09 14:48:41","2025-07-09 14:48:41",Dev Token,Dev Token
[TANPA BUKU KUNING] Vaksinasi Yellow Fever (Stamaril),2627,6841,3,30000.00,active,"2025-07-09 14:48:41","2025-07-09 14:48:41",Dev Token,Dev Token
[WITHOUT YELLOW BOOK] Yellow Fever Vaccination (Stamaril),2627,6841,3,30000.00,active,"2025-07-09 14:48:41","2025-07-09 14:48:41",Dev Token,Dev Token
[TANPA BUKU KUNING] Vaksinasi Yellow Fever (Stamaril),2628,6841,4,40000.00,active,"2025-07-09 14:48:41","2025-07-09 14:48:41",Dev Token,Dev Token
[WITHOUT YELLOW BOOK] Yellow Fever Vaccination (Stamaril),2628,6841,4,40000.00,active,"2025-07-09 14:48:41","2025-07-09 14:48:41",Dev Token,Dev Token
[TANPA BUKU KUNING] Vaksinasi Yellow Fever (Stamaril),2629,6843,2,20000.00,active,"2025-07-09 14:48:41","2025-07-09 14:48:41",Dev Token,Dev Token
[WITHOUT YELLOW BOOK] Yellow Fever Vaccination (Stamaril),2629,6843,2,20000.00,active,"2025-07-09 14:48:41","2025-07-09 14:48:41",Dev Token,Dev Token
[TANPA BUKU KUNING] Vaksinasi Yellow Fever (Stamaril),2630,6843,3,30000.00,active,"2025-07-09 14:48:41","2025-07-09 14:48:41",Dev Token,Dev Token
[WITHOUT YELLOW BOOK] Yellow Fever Vaccination (Stamaril),2630,6843,3,30000.00,active,"2025-07-09 14:48:41","2025-07-09 14:48:41",Dev Token,Dev Token
[TANPA BUKU KUNING] Vaksinasi Yellow Fever (Stamaril),2631,6843,4,40000.00,active,"2025-07-09 14:48:41","2025-07-09 14:48:41",Dev Token,Dev Token
[WITHOUT YELLOW BOOK] Yellow Fever Vaccination (Stamaril),2631,6843,4,40000.00,active,"2025-07-09 14:48:41","2025-07-09 14:48:41",Dev Token,Dev Token
[TANPA BUKU KUNING] Vaksinasi Yellow Fever (Stamaril),2632,6837,2,20000.00,active,"2025-07-09 14:48:41","2025-07-09 14:48:41",Dev Token,Dev Token
[WITHOUT YELLOW BOOK] Yellow Fever Vaccination (Stamaril),2632,6837,2,20000.00,active,"2025-07-09 14:48:41","2025-07-09 14:48:41",Dev Token,Dev Token
[TANPA BUKU KUNING] Vaksinasi Yellow Fever (Stamaril),2633,6837,3,30000.00,active,"2025-07-09 14:48:41","2025-07-09 14:48:41",Dev Token,Dev Token
[WITHOUT YELLOW BOOK] Yellow Fever Vaccination (Stamaril),2633,6837,3,30000.00,active,"2025-07-09 14:48:41","2025-07-09 14:48:41",Dev Token,Dev Token
[TANPA BUKU KUNING] Vaksinasi Yellow Fever (Stamaril),2634,6837,4,40000.00,active,"2025-07-09 14:48:41","2025-07-09 14:48:41",Dev Token,Dev Token
[WITHOUT YELLOW BOOK] Yellow Fever Vaccination (Stamaril),2634,6837,4,40000.00,active,"2025-07-09 14:48:41","2025-07-09 14:48:41",Dev Token,Dev Token
[TANPA BUKU KUNING] Vaksinasi Yellow Fever (Stamaril),2635,6835,2,20000.00,active,"2025-07-09 14:48:42","2025-07-09 14:48:42",Dev Token,Dev Token
[WITHOUT YELLOW BOOK] Yellow Fever Vaccination (Stamaril),2635,6835,2,20000.00,active,"2025-07-09 14:48:42","2025-07-09 14:48:42",Dev Token,Dev Token
[TANPA BUKU KUNING] Vaksinasi Yellow Fever (Stamaril),2636,6835,3,30000.00,active,"2025-07-09 14:48:42","2025-07-09 14:48:42",Dev Token,Dev Token
[WITHOUT YELLOW BOOK] Yellow Fever Vaccination (Stamaril),2636,6835,3,30000.00,active,"2025-07-09 14:48:42","2025-07-09 14:48:42",Dev Token,Dev Token
[TANPA BUKU KUNING] Vaksinasi Yellow Fever (Stamaril),2637,6835,4,40000.00,active,"2025-07-09 14:48:42","2025-07-09 14:48:42",Dev Token,Dev Token
[WITHOUT YELLOW BOOK] Yellow Fever Vaccination (Stamaril),2637,6835,4,40000.00,active,"2025-07-09 14:48:42","2025-07-09 14:48:42",Dev Token,Dev Token
[TANPA BUKU KUNING] Vaksinasi Yellow Fever (Stamaril),2638,6833,2,20000.00,active,"2025-07-09 14:48:42","2025-07-09 14:48:42",Dev Token,Dev Token
[WITHOUT YELLOW BOOK] Yellow Fever Vaccination (Stamaril),2638,6833,2,20000.00,active,"2025-07-09 14:48:42","2025-07-09 14:48:42",Dev Token,Dev Token
[TANPA BUKU KUNING] Vaksinasi Yellow Fever (Stamaril),2639,6833,3,30000.00,active,"2025-07-09 14:48:42","2025-07-09 14:48:42",Dev Token,Dev Token
[WITHOUT YELLOW BOOK] Yellow Fever Vaccination (Stamaril),2639,6833,3,30000.00,active,"2025-07-09 14:48:42","2025-07-09 14:48:42",Dev Token,Dev Token
[TANPA BUKU KUNING] Vaksinasi Yellow Fever (Stamaril),2640,6833,4,40000.00,active,"2025-07-09 14:48:42","2025-07-09 14:48:42",Dev Token,Dev Token
[WITHOUT YELLOW BOOK] Yellow Fever Vaccination (Stamaril),2640,6833,4,40000.00,active,"2025-07-09 14:48:42","2025-07-09 14:48:42",Dev Token,Dev Token
