"id","demand_zone_package_id","patient_count","amount","status","created_at","updated_at","created_by","updated_by"
1,3255,2,20000.00,active,"2024-06-26 15:44:55","2024-11-04 08:48:47",Dev Token,Dev Token
2,3255,3,30000.00,active,"2024-06-26 15:44:57","2024-11-04 08:48:48",Dev Token,Dev Token
3,3255,4,40000.00,active,"2024-06-26 15:44:59","2024-11-04 08:48:49",Dev Token,Dev Token
4,683,2,20000.00,active,"2024-06-26 15:49:13","2024-11-04 08:49:35",Dev Token,Dev Token
5,683,3,30000.00,active,"2024-06-26 15:49:18","2024-11-04 08:49:36",Dev Token,Dev Token
6,683,4,40000.00,active,"2024-06-26 15:49:20","2024-11-04 08:49:37",Dev Token,Dev Token
7,657,2,20000.00,active,"2024-06-27 09:36:12","2024-11-04 08:48:37",Dev Token,Dev Token
8,657,3,30000.00,active,"2024-06-27 09:36:14","2024-11-04 08:48:38",Dev Token,Dev Token
9,657,4,40000.00,active,"2024-06-27 09:36:16","2024-11-04 08:48:39",Dev Token,Dev Token
10,665,2,20000.00,active,"2024-06-27 09:36:17","2024-11-04 08:49:10",Dev Token,Dev Token
11,665,3,30000.00,active,"2024-06-27 09:36:19","2024-11-04 08:49:11",Dev Token,Dev Token
12,665,4,40000.00,active,"2024-06-27 09:36:21","2024-11-04 08:49:12",Dev Token,Dev Token
13,666,2,20000.00,active,"2024-06-27 09:36:23","2024-11-04 08:49:13",Dev Token,Dev Token
14,666,3,30000.00,active,"2024-06-27 09:36:25","2024-11-04 08:49:14",Dev Token,Dev Token
15,666,4,40000.00,active,"2024-06-27 09:36:27","2024-11-04 08:49:15",Dev Token,Dev Token
16,3234,2,20000.00,active,"2024-06-27 09:36:28","2024-11-04 08:49:00",Dev Token,Dev Token
17,3234,3,30000.00,active,"2024-06-27 09:36:30","2024-11-04 08:49:01",Dev Token,Dev Token
18,3234,4,40000.00,active,"2024-06-27 09:36:32","2024-11-04 08:49:02",Dev Token,Dev Token
19,3297,2,20000.00,active,"2024-06-27 09:36:33","2024-11-04 08:48:34",Dev Token,Dev Token
20,3297,3,30000.00,active,"2024-06-27 09:36:35","2024-11-04 08:48:35",Dev Token,Dev Token
21,3297,4,40000.00,active,"2024-06-27 09:36:37","2024-11-04 08:48:36",Dev Token,Dev Token
22,669,2,20000.00,active,"2024-06-27 09:36:39","2024-11-04 08:49:03",Dev Token,Dev Token
23,669,3,30000.00,active,"2024-06-27 09:36:40","2024-11-04 08:49:04",Dev Token,Dev Token
24,669,4,40000.00,active,"2024-06-27 09:36:42","2024-11-04 08:49:05",Dev Token,Dev Token
25,670,2,20000.00,active,"2024-06-27 09:36:43","2024-11-04 08:49:06",Dev Token,Dev Token
26,670,3,30000.00,active,"2024-06-27 09:36:45","2024-11-04 08:49:07",Dev Token,Dev Token
27,670,4,40000.00,active,"2024-06-27 09:36:47","2024-11-04 08:49:08",Dev Token,Dev Token
28,671,2,20000.00,active,"2024-06-27 09:36:49","2024-11-04 08:49:16",Dev Token,Dev Token
29,671,3,30000.00,active,"2024-06-27 09:36:50","2024-11-04 08:49:17",Dev Token,Dev Token
30,671,4,40000.00,active,"2024-06-27 09:36:52","2024-11-04 08:49:18",Dev Token,Dev Token
31,672,2,20000.00,active,"2024-06-27 09:36:53","2024-11-04 08:50:08",Dev Token,Dev Token
32,672,3,30000.00,active,"2024-06-27 09:36:54","2024-11-04 08:50:09",Dev Token,Dev Token
33,672,4,40000.00,active,"2024-06-27 09:36:56","2024-11-04 08:50:10",Dev Token,Dev Token
34,673,2,20000.00,active,"2024-06-27 09:36:57","2024-11-04 08:50:11",Dev Token,Dev Token
35,673,3,30000.00,active,"2024-06-27 09:36:59","2024-11-04 08:50:12",Dev Token,Dev Token
36,673,4,40000.00,active,"2024-06-27 09:37:01","2024-11-04 08:50:13",Dev Token,Dev Token
37,3223,2,20000.00,active,"2024-06-27 09:37:02","2024-11-04 08:48:50",Dev Token,Dev Token
38,3223,3,30000.00,active,"2024-06-27 09:37:04","2024-11-04 08:48:51",Dev Token,Dev Token
39,3223,4,40000.00,active,"2024-06-27 09:37:06","2024-11-04 08:48:52",Dev Token,Dev Token
40,675,2,20000.00,active,"2024-06-27 09:37:08","2024-11-04 08:50:14",Dev Token,Dev Token
41,675,3,30000.00,active,"2024-06-27 09:37:09","2024-11-04 08:50:15",Dev Token,Dev Token
42,675,4,40000.00,active,"2024-06-27 09:37:11","2024-11-04 08:50:16",Dev Token,Dev Token
43,676,2,20000.00,active,"2024-06-27 09:37:13","2024-11-04 08:50:17",Dev Token,Dev Token
44,676,3,30000.00,active,"2024-06-27 09:37:14","2024-11-04 08:50:18",Dev Token,Dev Token
45,676,4,40000.00,active,"2024-06-27 09:37:16","2024-11-04 08:50:19",Dev Token,Dev Token
46,677,2,20000.00,active,"2024-06-27 09:37:18","2024-11-04 08:50:20",Dev Token,Dev Token
47,677,3,30000.00,active,"2024-06-27 09:37:20","2024-11-04 08:50:22",Dev Token,Dev Token
48,677,4,40000.00,active,"2024-06-27 09:37:22","2024-11-04 08:50:23",Dev Token,Dev Token
49,3212,2,20000.00,active,"2024-06-27 09:37:24","2024-11-04 08:48:56",Dev Token,Dev Token
50,3212,3,30000.00,active,"2024-06-27 09:37:25","2024-11-04 08:48:57",Dev Token,Dev Token
51,3212,4,40000.00,active,"2024-06-27 09:37:27","2024-11-04 08:48:59",Dev Token,Dev Token
52,3266,2,20000.00,active,"2024-06-27 09:37:28","2024-11-04 08:48:53",Dev Token,Dev Token
53,3266,3,30000.00,active,"2024-06-27 09:37:30","2024-11-04 08:48:54",Dev Token,Dev Token
54,3266,4,40000.00,active,"2024-06-27 09:37:31","2024-11-04 08:48:55",Dev Token,Dev Token
55,3286,2,20000.00,active,"2024-06-27 09:37:33","2024-11-04 08:48:40",Dev Token,Dev Token
56,3286,3,30000.00,active,"2024-06-27 09:37:35","2024-11-04 08:48:41",Dev Token,Dev Token
57,3286,4,40000.00,active,"2024-06-27 09:37:37","2024-11-04 08:48:42",Dev Token,Dev Token
58,680,2,20000.00,active,"2024-06-27 09:37:38","2024-11-04 08:50:27",Dev Token,Dev Token
59,680,3,30000.00,active,"2024-06-27 09:37:39","2024-11-04 08:50:28",Dev Token,Dev Token
60,680,4,40000.00,active,"2024-06-27 09:37:41","2024-11-04 08:50:29",Dev Token,Dev Token
61,681,2,20000.00,active,"2024-06-27 09:37:42","2024-11-04 08:50:30",Dev Token,Dev Token
62,681,3,30000.00,active,"2024-06-27 09:37:44","2024-11-04 08:50:31",Dev Token,Dev Token
63,681,4,40000.00,active,"2024-06-27 09:37:45","2024-11-04 08:50:32",Dev Token,Dev Token
64,682,2,20000.00,active,"2024-06-27 09:37:47","2024-11-04 08:49:32",Dev Token,Dev Token
65,682,3,30000.00,active,"2024-06-27 09:37:49","2024-11-04 08:49:33",Dev Token,Dev Token
66,682,4,40000.00,active,"2024-06-27 09:37:50","2024-11-04 08:49:34",Dev Token,Dev Token
67,684,2,20000.00,active,"2024-06-27 09:37:57","2024-11-04 08:49:39",Dev Token,Dev Token
68,684,3,30000.00,active,"2024-06-27 09:37:58","2024-11-04 08:49:40",Dev Token,Dev Token
69,684,4,40000.00,active,"2024-06-27 09:38:00","2024-11-04 08:49:41",Dev Token,Dev Token
70,685,2,20000.00,active,"2024-06-27 09:38:02","2024-11-04 08:49:42",Dev Token,Dev Token
71,685,3,30000.00,active,"2024-06-27 09:38:04","2024-11-04 08:49:43",Dev Token,Dev Token
72,685,4,40000.00,active,"2024-06-27 09:38:06","2024-11-04 08:49:44",Dev Token,Dev Token
73,686,2,20000.00,active,"2024-06-27 09:38:07","2024-11-04 08:49:45",Dev Token,Dev Token
74,686,3,30000.00,active,"2024-06-27 09:38:09","2024-11-04 08:49:46",Dev Token,Dev Token
75,686,4,40000.00,active,"2024-06-27 09:38:11","2024-11-04 08:49:47",Dev Token,Dev Token
76,687,2,20000.00,active,"2024-06-27 09:38:13","2024-11-04 08:49:48",Dev Token,Dev Token
77,687,3,30000.00,active,"2024-06-27 09:38:15","2024-11-04 08:49:49",Dev Token,Dev Token
78,687,4,40000.00,active,"2024-06-27 09:38:17","2024-11-04 08:49:50",Dev Token,Dev Token
79,688,2,20000.00,active,"2024-06-27 09:38:19","2024-11-04 08:49:51",Dev Token,Dev Token
80,688,3,30000.00,active,"2024-06-27 09:38:21","2024-11-04 08:49:52",Dev Token,Dev Token
81,688,4,40000.00,active,"2024-06-27 09:38:22","2024-11-04 08:49:54",Dev Token,Dev Token
82,689,2,20000.00,active,"2024-06-27 09:38:24","2024-11-04 08:49:55",Dev Token,Dev Token
83,689,3,30000.00,active,"2024-06-27 09:38:26","2024-11-04 08:49:56",Dev Token,Dev Token
84,689,4,40000.00,active,"2024-06-27 09:38:28","2024-11-04 08:49:57",Dev Token,Dev Token
85,690,2,20000.00,active,"2024-06-27 09:38:30","2024-11-04 08:49:58",Dev Token,Dev Token
86,690,3,30000.00,active,"2024-06-27 09:38:32","2024-11-04 08:49:59",Dev Token,Dev Token
87,690,4,40000.00,active,"2024-06-27 09:38:33","2024-11-04 08:50:00",Dev Token,Dev Token
88,691,2,20000.00,active,"2024-06-27 09:38:35","2024-11-04 08:50:01",Dev Token,Dev Token
89,691,3,30000.00,active,"2024-06-27 09:38:37","2024-11-04 08:50:02",Dev Token,Dev Token
90,691,4,40000.00,active,"2024-06-27 09:38:38","2024-11-04 08:50:03",Dev Token,Dev Token
91,692,2,20000.00,active,"2024-06-27 09:38:40","2024-11-04 08:50:04",Dev Token,Dev Token
92,692,3,30000.00,active,"2024-06-27 09:38:41","2024-11-04 08:50:05",Dev Token,Dev Token
93,692,4,40000.00,active,"2024-06-27 09:38:43","2024-11-04 08:50:07",Dev Token,Dev Token
94,693,2,20000.00,active,"2024-06-27 09:38:45","2024-11-04 08:49:19",Dev Token,Dev Token
95,693,3,30000.00,active,"2024-06-27 09:38:46","2024-11-04 08:49:20",Dev Token,Dev Token
96,693,4,40000.00,active,"2024-06-27 09:38:48","2024-11-04 08:49:21",Dev Token,Dev Token
97,694,2,20000.00,active,"2024-06-27 09:38:49","2024-11-04 08:49:22",Dev Token,Dev Token
98,694,3,30000.00,active,"2024-06-27 09:38:50","2024-11-04 08:49:24",Dev Token,Dev Token
99,694,4,40000.00,active,"2024-06-27 09:38:52","2024-11-04 08:49:25",Dev Token,Dev Token
100,695,2,20000.00,active,"2024-06-27 09:38:53","2024-11-04 08:49:26",Dev Token,Dev Token
101,695,3,30000.00,active,"2024-06-27 09:38:55","2024-11-04 08:49:27",Dev Token,Dev Token
102,695,4,40000.00,active,"2024-06-27 09:38:57","2024-11-04 08:49:28",Dev Token,Dev Token
103,696,2,20000.00,active,"2024-06-27 09:38:58","2024-11-04 08:49:29",Dev Token,Dev Token
104,696,3,30000.00,active,"2024-06-27 09:39:00","2024-11-04 08:49:30",Dev Token,Dev Token
105,696,4,40000.00,active,"2024-06-27 09:39:02","2024-11-04 08:49:31",Dev Token,Dev Token
106,2182,2,20000.00,active,"2024-06-27 09:39:03","2024-11-04 08:50:24",Dev Token,Dev Token
107,2182,3,30000.00,active,"2024-06-27 09:39:05","2024-11-04 08:50:25",Dev Token,Dev Token
108,2182,4,40000.00,active,"2024-06-27 09:39:07","2024-11-04 08:50:26",Dev Token,Dev Token
109,2718,2,20000.00,active,"2024-06-27 09:39:09","2024-11-04 08:48:43",Dev Token,Dev Token
110,2718,3,30000.00,active,"2024-06-27 09:39:11","2024-11-04 08:48:44",Dev Token,Dev Token
111,2718,4,40000.00,active,"2024-06-27 09:39:13","2024-11-04 08:48:46",Dev Token,Dev Token
112,3245,2,20000.00,active,"2024-06-27 09:39:14","2024-11-04 08:50:59",Dev Token,Dev Token
113,3245,3,30000.00,active,"2024-06-27 09:39:16","2024-11-04 08:51:00",Dev Token,Dev Token
114,3245,4,40000.00,active,"2024-06-27 09:39:17","2024-11-04 08:51:01",Dev Token,Dev Token
115,659,2,20000.00,active,"2024-06-27 09:39:19","2024-11-04 08:50:49",Dev Token,Dev Token
116,659,3,30000.00,active,"2024-06-27 09:39:21","2024-11-04 08:50:51",Dev Token,Dev Token
117,659,4,40000.00,active,"2024-06-27 09:39:22","2024-11-04 08:50:52",Dev Token,Dev Token
118,833,2,20000.00,active,"2024-06-27 09:39:24","2024-11-04 08:51:22",Dev Token,Dev Token
119,833,3,30000.00,active,"2024-06-27 09:39:25","2024-11-04 08:51:23",Dev Token,Dev Token
120,833,4,40000.00,active,"2024-06-27 09:39:27","2024-11-04 08:51:24",Dev Token,Dev Token
121,834,2,20000.00,active,"2024-06-27 09:39:29","2024-11-04 08:51:25",Dev Token,Dev Token
122,834,3,30000.00,active,"2024-06-27 09:39:30","2024-11-04 08:51:26",Dev Token,Dev Token
123,834,4,40000.00,active,"2024-06-27 09:39:32","2024-11-04 08:51:27",Dev Token,Dev Token
124,3235,2,20000.00,active,"2024-06-27 09:39:34","2024-11-04 08:51:12",Dev Token,Dev Token
125,3235,3,30000.00,active,"2024-06-27 09:39:36","2024-11-04 08:51:13",Dev Token,Dev Token
126,3235,4,40000.00,active,"2024-06-27 09:39:38","2024-11-04 08:51:14",Dev Token,Dev Token
127,3287,2,20000.00,active,"2024-06-27 09:39:39","2024-11-04 08:50:46",Dev Token,Dev Token
128,3287,3,30000.00,active,"2024-06-27 09:39:41","2024-11-04 08:50:47",Dev Token,Dev Token
129,3287,4,40000.00,active,"2024-06-27 09:39:42","2024-11-04 08:50:48",Dev Token,Dev Token
130,837,2,20000.00,active,"2024-06-27 09:39:44","2024-11-04 08:51:16",Dev Token,Dev Token
131,837,3,30000.00,active,"2024-06-27 09:39:46","2024-11-04 08:51:17",Dev Token,Dev Token
132,837,4,40000.00,active,"2024-06-27 09:39:48","2024-11-04 08:51:18",Dev Token,Dev Token
133,838,2,20000.00,active,"2024-06-27 09:39:49","2024-11-04 08:51:19",Dev Token,Dev Token
134,838,3,30000.00,active,"2024-06-27 09:39:51","2024-11-04 08:51:20",Dev Token,Dev Token
135,838,4,40000.00,active,"2024-06-27 09:39:53","2024-11-04 08:51:21",Dev Token,Dev Token
136,839,2,20000.00,active,"2024-06-27 09:39:54","2024-11-04 08:51:28",Dev Token,Dev Token
137,839,3,30000.00,active,"2024-06-27 09:39:56","2024-11-04 08:51:29",Dev Token,Dev Token
138,839,4,40000.00,active,"2024-06-27 09:39:58","2024-11-04 08:51:30",Dev Token,Dev Token
139,840,2,20000.00,active,"2024-06-27 09:39:59","2024-11-04 08:52:20",Dev Token,Dev Token
140,840,3,30000.00,active,"2024-06-27 09:40:02","2024-11-04 08:52:21",Dev Token,Dev Token
141,840,4,40000.00,active,"2024-06-27 09:40:03","2024-11-04 08:52:22",Dev Token,Dev Token
142,841,2,20000.00,active,"2024-06-27 09:40:05","2024-11-04 08:52:23",Dev Token,Dev Token
143,841,3,30000.00,active,"2024-06-27 09:40:07","2024-11-04 08:52:24",Dev Token,Dev Token
144,841,4,40000.00,active,"2024-06-27 09:40:09","2024-11-04 08:52:25",Dev Token,Dev Token
145,3224,2,20000.00,active,"2024-06-27 09:40:11","2024-11-04 08:51:03",Dev Token,Dev Token
146,3224,3,30000.00,active,"2024-06-27 09:40:13","2024-11-04 08:51:04",Dev Token,Dev Token
147,3224,4,40000.00,active,"2024-06-27 09:40:14","2024-11-04 08:51:05",Dev Token,Dev Token
148,843,2,20000.00,active,"2024-06-27 09:40:17","2024-11-04 08:52:26",Dev Token,Dev Token
149,843,3,30000.00,active,"2024-06-27 09:40:19","2024-11-04 08:52:27",Dev Token,Dev Token
150,843,4,40000.00,active,"2024-06-27 09:40:20","2024-11-04 08:52:28",Dev Token,Dev Token
151,844,2,20000.00,active,"2024-06-27 09:40:22","2024-11-04 08:52:30",Dev Token,Dev Token
152,844,3,30000.00,active,"2024-06-27 09:40:24","2024-11-04 08:52:31",Dev Token,Dev Token
153,844,4,40000.00,active,"2024-06-27 09:40:26","2024-11-04 08:52:32",Dev Token,Dev Token
154,845,2,20000.00,active,"2024-06-27 09:40:28","2024-11-04 08:52:33",Dev Token,Dev Token
155,845,3,30000.00,active,"2024-06-27 09:40:30","2024-11-04 08:52:34",Dev Token,Dev Token
156,845,4,40000.00,active,"2024-06-27 09:40:32","2024-11-04 08:52:35",Dev Token,Dev Token
157,3213,2,20000.00,active,"2024-06-27 09:40:34","2024-11-04 08:51:09",Dev Token,Dev Token
158,3213,3,30000.00,active,"2024-06-27 09:40:35","2024-11-04 08:51:10",Dev Token,Dev Token
159,3213,4,40000.00,active,"2024-06-27 09:40:37","2024-11-04 08:51:11",Dev Token,Dev Token
160,3256,2,20000.00,active,"2024-06-27 09:40:38","2024-11-04 08:51:06",Dev Token,Dev Token
161,3256,3,30000.00,active,"2024-06-27 09:40:40","2024-11-04 08:51:07",Dev Token,Dev Token
162,3256,4,40000.00,active,"2024-06-27 09:40:42","2024-11-04 08:51:08",Dev Token,Dev Token
163,3276,2,20000.00,active,"2024-06-27 09:40:44","2024-11-04 08:50:53",Dev Token,Dev Token
164,3276,3,30000.00,active,"2024-06-27 09:40:46","2024-11-04 08:50:54",Dev Token,Dev Token
165,3276,4,40000.00,active,"2024-06-27 09:40:48","2024-11-04 08:50:55",Dev Token,Dev Token
166,848,2,20000.00,active,"2024-06-27 09:40:49","2024-11-04 08:52:39",Dev Token,Dev Token
167,848,3,30000.00,active,"2024-06-27 09:40:51","2024-11-04 08:52:40",Dev Token,Dev Token
168,848,4,40000.00,active,"2024-06-27 09:40:53","2024-11-04 08:52:41",Dev Token,Dev Token
169,849,2,20000.00,active,"2024-06-27 09:40:55","2024-11-04 08:52:42",Dev Token,Dev Token
170,849,3,30000.00,active,"2024-06-27 09:40:57","2024-11-04 08:52:43",Dev Token,Dev Token
171,849,4,40000.00,active,"2024-06-27 09:40:59","2024-11-04 08:52:45",Dev Token,Dev Token
172,850,2,20000.00,active,"2024-06-27 09:41:01","2024-11-04 08:51:44",Dev Token,Dev Token
173,850,3,30000.00,active,"2024-06-27 09:41:03","2024-11-04 08:51:45",Dev Token,Dev Token
174,850,4,40000.00,active,"2024-06-27 09:41:05","2024-11-04 08:51:47",Dev Token,Dev Token
175,851,2,20000.00,active,"2024-06-27 09:41:07","2024-11-04 08:51:48",Dev Token,Dev Token
176,851,3,30000.00,active,"2024-06-27 09:41:09","2024-11-04 08:51:49",Dev Token,Dev Token
177,851,4,40000.00,active,"2024-06-27 09:41:11","2024-11-04 08:51:50",Dev Token,Dev Token
178,852,2,20000.00,active,"2024-06-27 09:41:13","2024-11-04 08:51:51",Dev Token,Dev Token
179,852,3,30000.00,active,"2024-06-27 09:41:15","2024-11-04 08:51:52",Dev Token,Dev Token
180,852,4,40000.00,active,"2024-06-27 09:41:17","2024-11-04 08:51:53",Dev Token,Dev Token
181,853,2,20000.00,active,"2024-06-27 09:41:18","2024-11-04 08:51:54",Dev Token,Dev Token
182,853,3,30000.00,active,"2024-06-27 09:41:20","2024-11-04 08:51:55",Dev Token,Dev Token
183,853,4,40000.00,active,"2024-06-27 09:41:22","2024-11-04 08:51:56",Dev Token,Dev Token
184,854,2,20000.00,active,"2024-06-27 09:41:23","2024-11-04 08:51:57",Dev Token,Dev Token
185,854,3,30000.00,active,"2024-06-27 09:41:25","2024-11-04 08:51:58",Dev Token,Dev Token
186,854,4,40000.00,active,"2024-06-27 09:41:27","2024-11-04 08:51:59",Dev Token,Dev Token
187,855,2,20000.00,active,"2024-06-27 09:41:28","2024-11-04 08:52:01",Dev Token,Dev Token
188,855,3,30000.00,active,"2024-06-27 09:41:30","2024-11-04 08:52:02",Dev Token,Dev Token
189,855,4,40000.00,active,"2024-06-27 09:41:31","2024-11-04 08:52:03",Dev Token,Dev Token
190,856,2,20000.00,active,"2024-06-27 09:41:33","2024-11-04 08:52:04",Dev Token,Dev Token
191,856,3,30000.00,active,"2024-06-27 09:41:34","2024-11-04 08:52:05",Dev Token,Dev Token
192,856,4,40000.00,active,"2024-06-27 09:41:36","2024-11-04 08:52:06",Dev Token,Dev Token
193,857,2,20000.00,active,"2024-06-27 09:41:37","2024-11-04 08:52:07",Dev Token,Dev Token
194,857,3,30000.00,active,"2024-06-27 09:41:39","2024-11-04 08:52:08",Dev Token,Dev Token
195,857,4,40000.00,active,"2024-06-27 09:41:41","2024-11-04 08:52:09",Dev Token,Dev Token
196,858,2,20000.00,active,"2024-06-27 09:41:43","2024-11-04 08:52:10",Dev Token,Dev Token
197,858,3,30000.00,active,"2024-06-27 09:41:44","2024-11-04 08:52:11",Dev Token,Dev Token
198,858,4,40000.00,active,"2024-06-27 09:41:46","2024-11-04 08:52:12",Dev Token,Dev Token
199,859,2,20000.00,active,"2024-06-27 09:41:48","2024-11-04 08:52:13",Dev Token,Dev Token
200,859,3,30000.00,active,"2024-06-27 09:41:50","2024-11-04 08:52:14",Dev Token,Dev Token
201,859,4,40000.00,active,"2024-06-27 09:41:52","2024-11-04 08:52:16",Dev Token,Dev Token
202,860,2,20000.00,active,"2024-06-27 09:41:53","2024-11-04 08:52:17",Dev Token,Dev Token
203,860,3,30000.00,active,"2024-06-27 09:41:55","2024-11-04 08:52:18",Dev Token,Dev Token
204,860,4,40000.00,active,"2024-06-27 09:41:57","2024-11-04 08:52:19",Dev Token,Dev Token
205,861,2,20000.00,active,"2024-06-27 09:41:58","2024-11-04 08:51:32",Dev Token,Dev Token
206,861,3,30000.00,active,"2024-06-27 09:42:00","2024-11-04 08:51:33",Dev Token,Dev Token
207,861,4,40000.00,active,"2024-06-27 09:42:02","2024-11-04 08:51:34",Dev Token,Dev Token
208,862,2,20000.00,active,"2024-06-27 09:42:04","2024-11-04 08:51:35",Dev Token,Dev Token
209,862,3,30000.00,active,"2024-06-27 09:42:06","2024-11-04 08:51:36",Dev Token,Dev Token
210,862,4,40000.00,active,"2024-06-27 09:42:07","2024-11-04 08:51:37",Dev Token,Dev Token
211,863,2,20000.00,active,"2024-06-27 09:42:10","2024-11-04 08:51:38",Dev Token,Dev Token
212,863,3,30000.00,active,"2024-06-27 09:42:12","2024-11-04 08:51:39",Dev Token,Dev Token
213,863,4,40000.00,active,"2024-06-27 09:42:13","2024-11-04 08:51:40",Dev Token,Dev Token
214,864,2,20000.00,active,"2024-06-27 09:42:15","2024-11-04 08:51:41",Dev Token,Dev Token
215,864,3,30000.00,active,"2024-06-27 09:42:17","2024-11-04 08:51:42",Dev Token,Dev Token
216,864,4,40000.00,active,"2024-06-27 09:42:18","2024-11-04 08:51:43",Dev Token,Dev Token
217,2183,2,20000.00,active,"2024-06-27 09:42:20","2024-11-04 08:52:36",Dev Token,Dev Token
218,2183,3,30000.00,active,"2024-06-27 09:42:22","2024-11-04 08:52:37",Dev Token,Dev Token
219,2183,4,40000.00,active,"2024-06-27 09:42:24","2024-11-04 08:52:38",Dev Token,Dev Token
220,2719,2,20000.00,active,"2024-06-27 09:42:26","2024-11-04 08:50:56",Dev Token,Dev Token
221,2719,3,30000.00,active,"2024-06-27 09:42:27","2024-11-04 08:50:57",Dev Token,Dev Token
222,2719,4,40000.00,active,"2024-06-27 09:42:29","2024-11-04 08:50:58",Dev Token,Dev Token
223,3246,2,20000.00,active,"2024-06-27 09:42:30","2024-11-04 08:53:11",Dev Token,Dev Token
224,3246,3,30000.00,active,"2024-06-27 09:42:32","2024-11-04 08:53:12",Dev Token,Dev Token
225,3246,4,40000.00,active,"2024-06-27 09:42:33","2024-11-04 08:53:13",Dev Token,Dev Token
226,3267,2,20000.00,active,"2024-06-27 09:42:35","2024-11-04 08:53:02",Dev Token,Dev Token
227,3267,3,30000.00,active,"2024-06-27 09:42:37","2024-11-04 08:53:03",Dev Token,Dev Token
228,3267,4,40000.00,active,"2024-06-27 09:42:39","2024-11-04 08:53:04",Dev Token,Dev Token
229,1006,2,20000.00,active,"2024-06-27 09:42:41","2024-11-04 08:53:34",Dev Token,Dev Token
230,1006,3,30000.00,active,"2024-06-27 09:42:43","2024-11-04 08:53:35",Dev Token,Dev Token
231,1006,4,40000.00,active,"2024-06-27 09:42:44","2024-11-04 08:53:36",Dev Token,Dev Token
232,1007,2,20000.00,active,"2024-06-27 09:42:46","2024-11-04 08:53:37",Dev Token,Dev Token
233,1007,3,30000.00,active,"2024-06-27 09:42:48","2024-11-04 08:53:38",Dev Token,Dev Token
234,1007,4,40000.00,active,"2024-06-27 09:42:49","2024-11-04 08:53:39",Dev Token,Dev Token
235,3236,2,20000.00,active,"2024-06-27 09:42:51","2024-11-04 08:53:24",Dev Token,Dev Token
236,3236,3,30000.00,active,"2024-06-27 09:42:53","2024-11-04 08:53:25",Dev Token,Dev Token
237,3236,4,40000.00,active,"2024-06-27 09:42:55","2024-11-04 08:53:26",Dev Token,Dev Token
238,3288,2,20000.00,active,"2024-06-27 09:42:57","2024-11-04 08:52:58",Dev Token,Dev Token
239,3288,3,30000.00,active,"2024-06-27 09:42:58","2024-11-04 08:52:59",Dev Token,Dev Token
240,3288,4,40000.00,active,"2024-06-27 09:43:00","2024-11-04 08:53:01",Dev Token,Dev Token
241,1010,2,20000.00,active,"2024-06-27 09:43:01","2024-11-04 08:53:28",Dev Token,Dev Token
242,1010,3,30000.00,active,"2024-06-27 09:43:03","2024-11-04 08:53:29",Dev Token,Dev Token
243,1010,4,40000.00,active,"2024-06-27 09:43:05","2024-11-04 08:53:30",Dev Token,Dev Token
244,1011,2,20000.00,active,"2024-06-27 09:43:07","2024-11-04 08:53:31",Dev Token,Dev Token
245,1011,3,30000.00,active,"2024-06-27 09:43:09","2024-11-04 08:53:32",Dev Token,Dev Token
246,1011,4,40000.00,active,"2024-06-27 09:43:10","2024-11-04 08:53:33",Dev Token,Dev Token
247,1012,2,20000.00,active,"2024-06-27 09:43:13","2024-11-04 08:53:40",Dev Token,Dev Token
248,1012,3,30000.00,active,"2024-06-27 09:43:15","2024-11-04 08:53:41",Dev Token,Dev Token
249,1012,4,40000.00,active,"2024-06-27 09:43:16","2024-11-04 08:53:42",Dev Token,Dev Token
250,1013,2,20000.00,active,"2024-06-27 09:43:18","2024-11-04 08:54:32",Dev Token,Dev Token
251,1013,3,30000.00,active,"2024-06-27 09:43:20","2024-11-04 08:54:33",Dev Token,Dev Token
252,1013,4,40000.00,active,"2024-06-27 09:43:22","2024-11-04 08:54:34",Dev Token,Dev Token
253,1014,2,20000.00,active,"2024-06-27 09:43:23","2024-11-04 08:54:35",Dev Token,Dev Token
254,1014,3,30000.00,active,"2024-06-27 09:43:25","2024-11-04 08:54:36",Dev Token,Dev Token
255,1014,4,40000.00,active,"2024-06-27 09:43:26","2024-11-04 08:54:37",Dev Token,Dev Token
256,3225,2,20000.00,active,"2024-06-27 09:43:28","2024-11-04 08:53:15",Dev Token,Dev Token
257,3225,3,30000.00,active,"2024-06-27 09:43:29","2024-11-04 08:53:16",Dev Token,Dev Token
258,3225,4,40000.00,active,"2024-06-27 09:43:31","2024-11-04 08:53:17",Dev Token,Dev Token
259,1016,2,20000.00,active,"2024-06-27 09:43:33","2024-11-04 08:54:38",Dev Token,Dev Token
260,1016,3,30000.00,active,"2024-06-27 09:43:34","2024-11-04 08:54:40",Dev Token,Dev Token
261,1016,4,40000.00,active,"2024-06-27 09:43:36","2024-11-04 08:54:41",Dev Token,Dev Token
262,1017,2,20000.00,active,"2024-06-27 09:43:38","2024-11-04 08:54:42",Dev Token,Dev Token
263,1017,3,30000.00,active,"2024-06-27 09:43:40","2024-11-04 08:54:43",Dev Token,Dev Token
264,1017,4,40000.00,active,"2024-06-27 09:43:42","2024-11-04 08:54:44",Dev Token,Dev Token
265,1018,2,20000.00,active,"2024-06-27 09:43:44","2024-11-04 08:54:45",Dev Token,Dev Token
266,1018,3,30000.00,active,"2024-06-27 09:43:45","2024-11-04 08:54:46",Dev Token,Dev Token
267,1018,4,40000.00,active,"2024-06-27 09:43:47","2024-11-04 08:54:47",Dev Token,Dev Token
268,3214,2,20000.00,active,"2024-06-27 09:43:48","2024-11-04 08:53:21",Dev Token,Dev Token
269,3214,3,30000.00,active,"2024-06-27 09:43:50","2024-11-04 08:53:22",Dev Token,Dev Token
270,3214,4,40000.00,active,"2024-06-27 09:43:51","2024-11-04 08:53:23",Dev Token,Dev Token
271,3257,2,20000.00,active,"2024-06-27 09:43:53","2024-11-04 08:53:18",Dev Token,Dev Token
272,3257,3,30000.00,active,"2024-06-27 09:43:55","2024-11-04 08:53:19",Dev Token,Dev Token
273,3257,4,40000.00,active,"2024-06-27 09:43:56","2024-11-04 08:53:20",Dev Token,Dev Token
274,3277,2,20000.00,active,"2024-06-27 09:43:58","2024-11-04 08:53:05",Dev Token,Dev Token
275,3277,3,30000.00,active,"2024-06-27 09:44:00","2024-11-04 08:53:06",Dev Token,Dev Token
276,3277,4,40000.00,active,"2024-06-27 09:44:02","2024-11-04 08:53:07",Dev Token,Dev Token
277,1022,2,20000.00,active,"2024-06-27 09:44:04","2024-11-04 08:54:51",Dev Token,Dev Token
278,1022,3,30000.00,active,"2024-06-27 09:44:06","2024-11-04 08:54:52",Dev Token,Dev Token
279,1022,4,40000.00,active,"2024-06-27 09:44:08","2024-11-04 08:54:53",Dev Token,Dev Token
280,1023,2,20000.00,active,"2024-06-27 09:44:09","2024-11-04 08:54:55",Dev Token,Dev Token
281,1023,3,30000.00,active,"2024-06-27 09:44:11","2024-11-04 08:54:56",Dev Token,Dev Token
282,1023,4,40000.00,active,"2024-06-27 09:44:13","2024-11-04 08:54:57",Dev Token,Dev Token
283,1024,2,20000.00,active,"2024-06-27 09:44:15","2024-11-04 08:53:56",Dev Token,Dev Token
284,1024,3,30000.00,active,"2024-06-27 09:44:17","2024-11-04 08:53:57",Dev Token,Dev Token
285,1024,4,40000.00,active,"2024-06-27 09:44:18","2024-11-04 08:53:59",Dev Token,Dev Token
286,1335,2,20000.00,active,"2024-06-27 09:44:20","2024-11-04 08:54:00",Dev Token,Dev Token
287,1335,3,30000.00,active,"2024-06-27 09:44:22","2024-11-04 08:54:01",Dev Token,Dev Token
288,1335,4,40000.00,active,"2024-06-27 09:44:23","2024-11-04 08:54:02",Dev Token,Dev Token
289,999,2,20000.00,active,"2024-06-27 09:44:25","2024-11-04 08:54:03",Dev Token,Dev Token
290,999,3,30000.00,active,"2024-06-27 09:44:27","2024-11-04 08:54:04",Dev Token,Dev Token
291,999,4,40000.00,active,"2024-06-27 09:44:29","2024-11-04 08:54:05",Dev Token,Dev Token
292,1000,2,20000.00,active,"2024-06-27 09:44:30","2024-11-04 08:54:06",Dev Token,Dev Token
293,1000,3,30000.00,active,"2024-06-27 09:44:32","2024-11-04 08:54:07",Dev Token,Dev Token
294,1000,4,40000.00,active,"2024-06-27 09:44:33","2024-11-04 08:54:08",Dev Token,Dev Token
295,1001,2,20000.00,active,"2024-06-27 09:44:35","2024-11-04 08:54:09",Dev Token,Dev Token
296,1001,3,30000.00,active,"2024-06-27 09:44:37","2024-11-04 08:54:10",Dev Token,Dev Token
297,1001,4,40000.00,active,"2024-06-27 09:44:38","2024-11-04 08:54:11",Dev Token,Dev Token
298,1002,2,20000.00,active,"2024-06-27 09:44:40","2024-11-04 08:54:13",Dev Token,Dev Token
299,1002,3,30000.00,active,"2024-06-27 09:44:42","2024-11-04 08:54:14",Dev Token,Dev Token
300,1002,4,40000.00,active,"2024-06-27 09:44:44","2024-11-04 08:54:15",Dev Token,Dev Token
301,1003,2,20000.00,active,"2024-06-27 09:44:46","2024-11-04 08:54:16",Dev Token,Dev Token
302,1003,3,30000.00,active,"2024-06-27 09:44:47","2024-11-04 08:54:17",Dev Token,Dev Token
303,1003,4,40000.00,active,"2024-06-27 09:44:49","2024-11-04 08:54:18",Dev Token,Dev Token
304,1025,2,20000.00,active,"2024-06-27 09:44:51","2024-11-04 08:54:19",Dev Token,Dev Token
305,1025,3,30000.00,active,"2024-06-27 09:44:53","2024-11-04 08:54:20",Dev Token,Dev Token
306,1025,4,40000.00,active,"2024-06-27 09:44:55","2024-11-04 08:54:21",Dev Token,Dev Token
307,1026,2,20000.00,active,"2024-06-27 09:44:57","2024-11-04 08:54:22",Dev Token,Dev Token
308,1026,3,30000.00,active,"2024-06-27 09:44:58","2024-11-04 08:54:23",Dev Token,Dev Token
309,1026,4,40000.00,active,"2024-06-27 09:45:00","2024-11-04 08:54:24",Dev Token,Dev Token
310,1027,2,20000.00,active,"2024-06-27 09:45:02","2024-11-04 08:54:25",Dev Token,Dev Token
311,1027,3,30000.00,active,"2024-06-27 09:45:04","2024-11-04 08:54:27",Dev Token,Dev Token
312,1027,4,40000.00,active,"2024-06-27 09:45:05","2024-11-04 08:54:28",Dev Token,Dev Token
313,1028,2,20000.00,active,"2024-06-27 09:45:06","2024-11-04 08:54:29",Dev Token,Dev Token
314,1028,3,30000.00,active,"2024-06-27 09:45:08","2024-11-04 08:54:30",Dev Token,Dev Token
315,1028,4,40000.00,active,"2024-06-27 09:45:09","2024-11-04 08:54:31",Dev Token,Dev Token
316,1029,2,20000.00,active,"2024-06-27 09:45:11","2024-11-04 08:53:44",Dev Token,Dev Token
317,1029,3,30000.00,active,"2024-06-27 09:45:13","2024-11-04 08:53:45",Dev Token,Dev Token
318,1029,4,40000.00,active,"2024-06-27 09:45:15","2024-11-04 08:53:46",Dev Token,Dev Token
319,1030,2,20000.00,active,"2024-06-27 09:45:17","2024-11-04 08:53:47",Dev Token,Dev Token
320,1030,3,30000.00,active,"2024-06-27 09:45:18","2024-11-04 08:53:48",Dev Token,Dev Token
321,1030,4,40000.00,active,"2024-06-27 09:45:20","2024-11-04 08:53:49",Dev Token,Dev Token
322,1031,2,20000.00,active,"2024-06-27 09:45:22","2024-11-04 08:53:50",Dev Token,Dev Token
323,1031,3,30000.00,active,"2024-06-27 09:45:23","2024-11-04 08:53:51",Dev Token,Dev Token
324,1031,4,40000.00,active,"2024-06-27 09:45:25","2024-11-04 08:53:52",Dev Token,Dev Token
325,1032,2,20000.00,active,"2024-06-27 09:45:26","2024-11-04 08:53:53",Dev Token,Dev Token
326,1032,3,30000.00,active,"2024-06-27 09:45:28","2024-11-04 08:53:54",Dev Token,Dev Token
327,1032,4,40000.00,active,"2024-06-27 09:45:29","2024-11-04 08:53:55",Dev Token,Dev Token
328,2184,2,20000.00,active,"2024-06-27 09:45:31","2024-11-04 08:54:48",Dev Token,Dev Token
329,2184,3,30000.00,active,"2024-06-27 09:45:32","2024-11-04 08:54:49",Dev Token,Dev Token
330,2184,4,40000.00,active,"2024-06-27 09:45:34","2024-11-04 08:54:50",Dev Token,Dev Token
331,2720,2,20000.00,active,"2024-06-27 09:45:35","2024-11-04 08:53:08",Dev Token,Dev Token
332,2720,3,30000.00,active,"2024-06-27 09:45:37","2024-11-04 08:53:09",Dev Token,Dev Token
333,2720,4,40000.00,active,"2024-06-27 09:45:38","2024-11-04 08:53:10",Dev Token,Dev Token
334,3247,2,20000.00,active,"2024-06-27 09:45:40","2024-11-04 08:46:34",Dev Token,Dev Token
335,3247,3,30000.00,active,"2024-06-27 09:45:42","2024-11-04 08:46:35",Dev Token,Dev Token
336,3247,4,40000.00,active,"2024-06-27 09:45:43","2024-11-04 08:46:36",Dev Token,Dev Token
337,3268,2,20000.00,active,"2024-06-27 09:45:45","2024-11-04 08:46:24",Dev Token,Dev Token
338,3268,3,30000.00,active,"2024-06-27 09:45:46","2024-11-04 08:46:25",Dev Token,Dev Token
339,3268,4,40000.00,active,"2024-06-27 09:45:48","2024-11-04 08:46:26",Dev Token,Dev Token
340,1169,2,20000.00,active,"2024-06-27 09:45:50","2024-11-04 08:46:57",Dev Token,Dev Token
341,1169,3,30000.00,active,"2024-06-27 09:45:52","2024-11-04 08:46:58",Dev Token,Dev Token
342,1169,4,40000.00,active,"2024-06-27 09:45:53","2024-11-04 08:46:59",Dev Token,Dev Token
343,1170,2,20000.00,active,"2024-06-27 09:45:55","2024-11-04 08:47:00",Dev Token,Dev Token
344,1170,3,30000.00,active,"2024-06-27 09:45:57","2024-11-04 08:47:01",Dev Token,Dev Token
345,1170,4,40000.00,active,"2024-06-27 09:45:59","2024-11-04 08:47:02",Dev Token,Dev Token
346,3237,2,20000.00,active,"2024-06-27 09:46:01","2024-11-04 08:46:47",Dev Token,Dev Token
347,3237,3,30000.00,active,"2024-06-27 09:46:02","2024-11-04 08:46:48",Dev Token,Dev Token
348,3237,4,40000.00,active,"2024-06-27 09:46:04","2024-11-04 08:46:49",Dev Token,Dev Token
349,3289,2,20000.00,active,"2024-06-27 09:46:05","2024-11-04 08:46:21",Dev Token,Dev Token
350,3289,3,30000.00,active,"2024-06-27 09:46:07","2024-11-04 08:46:22",Dev Token,Dev Token
351,3289,4,40000.00,active,"2024-06-27 09:46:08","2024-11-04 08:46:23",Dev Token,Dev Token
352,1173,2,20000.00,active,"2024-06-27 09:46:10","2024-11-04 08:46:50",Dev Token,Dev Token
353,1173,3,30000.00,active,"2024-06-27 09:46:12","2024-11-04 08:46:51",Dev Token,Dev Token
354,1173,4,40000.00,active,"2024-06-27 09:46:14","2024-11-04 08:46:52",Dev Token,Dev Token
355,1174,2,20000.00,active,"2024-06-27 09:46:16","2024-11-04 08:46:53",Dev Token,Dev Token
356,1174,3,30000.00,active,"2024-06-27 09:46:17","2024-11-04 08:46:54",Dev Token,Dev Token
357,1174,4,40000.00,active,"2024-06-27 09:46:19","2024-11-04 08:46:55",Dev Token,Dev Token
358,1175,2,20000.00,active,"2024-06-27 09:46:21","2024-11-04 08:47:03",Dev Token,Dev Token
359,1175,3,30000.00,active,"2024-06-27 09:46:22","2024-11-04 08:47:04",Dev Token,Dev Token
360,1175,4,40000.00,active,"2024-06-27 09:46:24","2024-11-04 08:47:05",Dev Token,Dev Token
361,1176,2,20000.00,active,"2024-06-27 09:46:25","2024-11-04 08:47:55",Dev Token,Dev Token
362,1176,3,30000.00,active,"2024-06-27 09:46:27","2024-11-04 08:47:56",Dev Token,Dev Token
363,1176,4,40000.00,active,"2024-06-27 09:46:28","2024-11-04 08:47:57",Dev Token,Dev Token
364,1177,2,20000.00,active,"2024-06-27 09:46:30","2024-11-04 08:47:58",Dev Token,Dev Token
365,1177,3,30000.00,active,"2024-06-27 09:46:32","2024-11-04 08:47:59",Dev Token,Dev Token
366,1177,4,40000.00,active,"2024-06-27 09:46:34","2024-11-04 08:48:00",Dev Token,Dev Token
367,3226,2,20000.00,active,"2024-06-27 09:46:35","2024-11-04 08:46:37",Dev Token,Dev Token
368,3226,3,30000.00,active,"2024-06-27 09:46:37","2024-11-04 08:46:38",Dev Token,Dev Token
369,3226,4,40000.00,active,"2024-06-27 09:46:38","2024-11-04 08:46:39",Dev Token,Dev Token
370,1179,2,20000.00,active,"2024-06-27 09:46:40","2024-11-04 08:48:02",Dev Token,Dev Token
371,1179,3,30000.00,active,"2024-06-27 09:46:42","2024-11-04 08:48:03",Dev Token,Dev Token
372,1179,4,40000.00,active,"2024-06-27 09:46:44","2024-11-04 08:48:04",Dev Token,Dev Token
373,1180,2,20000.00,active,"2024-06-27 09:46:45","2024-11-04 08:48:05",Dev Token,Dev Token
374,1180,3,30000.00,active,"2024-06-27 09:46:47","2024-11-04 08:48:06",Dev Token,Dev Token
375,1180,4,40000.00,active,"2024-06-27 09:46:48","2024-11-04 08:48:07",Dev Token,Dev Token
376,1181,2,20000.00,active,"2024-06-27 09:46:50","2024-11-04 08:48:08",Dev Token,Dev Token
377,1181,3,30000.00,active,"2024-06-27 09:46:51","2024-11-04 08:48:09",Dev Token,Dev Token
378,1181,4,40000.00,active,"2024-06-27 09:46:53","2024-11-04 08:48:10",Dev Token,Dev Token
379,3215,2,20000.00,active,"2024-06-27 09:46:55","2024-11-04 08:46:44",Dev Token,Dev Token
380,3215,3,30000.00,active,"2024-06-27 09:46:57","2024-11-04 08:46:45",Dev Token,Dev Token
381,3215,4,40000.00,active,"2024-06-27 09:46:58","2024-11-04 08:46:46",Dev Token,Dev Token
382,3258,2,20000.00,active,"2024-06-27 09:47:00","2024-11-04 08:46:40",Dev Token,Dev Token
383,3258,3,30000.00,active,"2024-06-27 09:47:02","2024-11-04 08:46:42",Dev Token,Dev Token
384,3258,4,40000.00,active,"2024-06-27 09:47:04","2024-11-04 08:46:43",Dev Token,Dev Token
385,3278,2,20000.00,active,"2024-06-27 09:47:05","2024-11-04 08:46:28",Dev Token,Dev Token
386,3278,3,30000.00,active,"2024-06-27 09:47:07","2024-11-04 08:46:29",Dev Token,Dev Token
387,3278,4,40000.00,active,"2024-06-27 09:47:08","2024-11-04 08:46:30",Dev Token,Dev Token
388,1185,2,20000.00,active,"2024-06-27 09:47:10","2024-11-04 08:48:14",Dev Token,Dev Token
389,1185,3,30000.00,active,"2024-06-27 09:47:12","2024-11-04 08:48:16",Dev Token,Dev Token
390,1185,4,40000.00,active,"2024-06-27 09:47:14","2024-11-04 08:48:17",Dev Token,Dev Token
391,1186,2,20000.00,active,"2024-06-27 09:47:16","2024-11-04 08:48:18",Dev Token,Dev Token
392,1186,3,30000.00,active,"2024-06-27 09:47:17","2024-11-04 08:48:19",Dev Token,Dev Token
393,1186,4,40000.00,active,"2024-06-27 09:47:19","2024-11-04 08:48:20",Dev Token,Dev Token
394,1187,2,20000.00,active,"2024-06-27 09:47:21","2024-11-04 08:47:19",Dev Token,Dev Token
395,1187,3,30000.00,active,"2024-06-27 09:47:23","2024-11-04 08:47:20",Dev Token,Dev Token
396,1187,4,40000.00,active,"2024-06-27 09:47:25","2024-11-04 08:47:21",Dev Token,Dev Token
397,1336,2,20000.00,active,"2024-06-27 09:47:26","2024-11-04 08:47:23",Dev Token,Dev Token
398,1336,3,30000.00,active,"2024-06-27 09:47:28","2024-11-04 08:47:24",Dev Token,Dev Token
399,1336,4,40000.00,active,"2024-06-27 09:47:29","2024-11-04 08:47:25",Dev Token,Dev Token
400,1188,2,20000.00,active,"2024-06-27 09:47:31","2024-11-04 08:47:26",Dev Token,Dev Token
401,1188,3,30000.00,active,"2024-06-27 09:47:32","2024-11-04 08:47:27",Dev Token,Dev Token
402,1188,4,40000.00,active,"2024-06-27 09:47:34","2024-11-04 08:47:28",Dev Token,Dev Token
403,1189,2,20000.00,active,"2024-06-27 09:47:35","2024-11-04 08:47:29",Dev Token,Dev Token
404,1189,3,30000.00,active,"2024-06-27 09:47:37","2024-11-04 08:47:30",Dev Token,Dev Token
405,1189,4,40000.00,active,"2024-06-27 09:47:39","2024-11-04 08:47:31",Dev Token,Dev Token
406,1190,2,20000.00,active,"2024-06-27 09:47:41","2024-11-04 08:47:32",Dev Token,Dev Token
407,1190,3,30000.00,active,"2024-06-27 09:47:43","2024-11-04 08:47:33",Dev Token,Dev Token
408,1190,4,40000.00,active,"2024-06-27 09:47:44","2024-11-04 08:47:34",Dev Token,Dev Token
409,1191,2,20000.00,active,"2024-06-27 09:47:46","2024-11-04 08:47:35",Dev Token,Dev Token
410,1191,3,30000.00,active,"2024-06-27 09:47:48","2024-11-04 08:47:36",Dev Token,Dev Token
411,1191,4,40000.00,active,"2024-06-27 09:47:49","2024-11-04 08:47:37",Dev Token,Dev Token
412,1192,2,20000.00,active,"2024-06-27 09:47:51","2024-11-04 08:47:39",Dev Token,Dev Token
413,1192,3,30000.00,active,"2024-06-27 09:47:53","2024-11-04 08:47:40",Dev Token,Dev Token
414,1192,4,40000.00,active,"2024-06-27 09:47:55","2024-11-04 08:47:41",Dev Token,Dev Token
415,1193,2,20000.00,active,"2024-06-27 09:47:56","2024-11-04 08:47:42",Dev Token,Dev Token
416,1193,3,30000.00,active,"2024-06-27 09:47:58","2024-11-04 08:47:43",Dev Token,Dev Token
417,1193,4,40000.00,active,"2024-06-27 09:48:00","2024-11-04 08:47:44",Dev Token,Dev Token
418,1194,2,20000.00,active,"2024-06-27 09:48:01","2024-11-04 08:47:45",Dev Token,Dev Token
419,1194,3,30000.00,active,"2024-06-27 09:48:03","2024-11-04 08:47:46",Dev Token,Dev Token
420,1194,4,40000.00,active,"2024-06-27 09:48:05","2024-11-04 08:47:47",Dev Token,Dev Token
421,1195,2,20000.00,active,"2024-06-27 09:48:06","2024-11-04 08:47:48",Dev Token,Dev Token
422,1195,3,30000.00,active,"2024-06-27 09:48:08","2024-11-04 08:47:49",Dev Token,Dev Token
423,1195,4,40000.00,active,"2024-06-27 09:48:09","2024-11-04 08:47:50",Dev Token,Dev Token
424,1196,2,20000.00,active,"2024-06-27 09:48:11","2024-11-04 08:47:51",Dev Token,Dev Token
425,1196,3,30000.00,active,"2024-06-27 09:48:13","2024-11-04 08:47:52",Dev Token,Dev Token
426,1196,4,40000.00,active,"2024-06-27 09:48:15","2024-11-04 08:47:54",Dev Token,Dev Token
427,1197,2,20000.00,active,"2024-06-27 09:48:17","2024-11-04 08:47:06",Dev Token,Dev Token
428,1197,3,30000.00,active,"2024-06-27 09:48:19","2024-11-04 08:47:07",Dev Token,Dev Token
429,1197,4,40000.00,active,"2024-06-27 09:48:20","2024-11-04 08:47:08",Dev Token,Dev Token
430,1198,2,20000.00,active,"2024-06-27 09:48:22","2024-11-04 08:47:10",Dev Token,Dev Token
431,1198,3,30000.00,active,"2024-06-27 09:48:23","2024-11-04 08:47:11",Dev Token,Dev Token
432,1198,4,40000.00,active,"2024-06-27 09:48:25","2024-11-04 08:47:12",Dev Token,Dev Token
433,1199,2,20000.00,active,"2024-06-27 09:48:27","2024-11-04 08:47:13",Dev Token,Dev Token
434,1199,3,30000.00,active,"2024-06-27 09:48:29","2024-11-04 08:47:14",Dev Token,Dev Token
435,1199,4,40000.00,active,"2024-06-27 09:48:30","2024-11-04 08:47:15",Dev Token,Dev Token
436,1200,2,20000.00,active,"2024-06-27 09:48:32","2024-11-04 08:47:16",Dev Token,Dev Token
437,1200,3,30000.00,active,"2024-06-27 09:48:34","2024-11-04 08:47:17",Dev Token,Dev Token
438,1200,4,40000.00,active,"2024-06-27 09:48:35","2024-11-04 08:47:18",Dev Token,Dev Token
439,2185,2,20000.00,active,"2024-06-27 09:48:37","2024-11-04 08:48:11",Dev Token,Dev Token
440,2185,3,30000.00,active,"2024-06-27 09:48:38","2024-11-04 08:48:12",Dev Token,Dev Token
441,2185,4,40000.00,active,"2024-06-27 09:48:40","2024-11-04 08:48:13",Dev Token,Dev Token
442,2721,2,20000.00,active,"2024-06-27 09:48:42","2024-11-04 08:46:31",Dev Token,Dev Token
443,2721,3,30000.00,active,"2024-06-27 09:48:43","2024-11-04 08:46:32",Dev Token,Dev Token
444,2721,4,40000.00,active,"2024-06-27 09:48:45","2024-11-04 08:46:33",Dev Token,Dev Token
445,3248,2,20000.00,active,"2024-06-27 09:48:46","2024-11-04 08:44:21",Dev Token,Dev Token
446,3248,3,30000.00,active,"2024-06-27 09:48:47","2024-11-04 08:44:22",Dev Token,Dev Token
447,3248,4,40000.00,active,"2024-06-27 09:48:49","2024-11-04 08:44:23",Dev Token,Dev Token
448,3269,2,20000.00,active,"2024-06-27 09:48:50","2024-11-04 08:44:11",Dev Token,Dev Token
449,3269,3,30000.00,active,"2024-06-27 09:48:51","2024-11-04 08:44:12",Dev Token,Dev Token
450,3269,4,40000.00,active,"2024-06-27 09:48:53","2024-11-04 08:44:13",Dev Token,Dev Token
451,1508,2,20000.00,active,"2024-06-27 09:48:54","2024-11-04 08:44:44",Dev Token,Dev Token
452,1508,3,30000.00,active,"2024-06-27 09:48:56","2024-11-04 08:44:45",Dev Token,Dev Token
453,1508,4,40000.00,active,"2024-06-27 09:48:57","2024-11-04 08:44:46",Dev Token,Dev Token
454,1509,2,20000.00,active,"2024-06-27 09:48:58","2024-11-04 08:44:47",Dev Token,Dev Token
455,1509,3,30000.00,active,"2024-06-27 09:49:00","2024-11-04 08:44:48",Dev Token,Dev Token
456,1509,4,40000.00,active,"2024-06-27 09:49:02","2024-11-04 08:44:49",Dev Token,Dev Token
457,3238,2,20000.00,active,"2024-06-27 09:49:03","2024-11-04 08:44:34",Dev Token,Dev Token
458,3238,3,30000.00,active,"2024-06-27 09:49:05","2024-11-04 08:44:35",Dev Token,Dev Token
459,3238,4,40000.00,active,"2024-06-27 09:49:07","2024-11-04 08:44:36",Dev Token,Dev Token
460,3290,2,20000.00,active,"2024-06-27 09:49:08","2024-11-04 08:44:08",Dev Token,Dev Token
461,3290,3,30000.00,active,"2024-06-27 09:49:11","2024-11-04 08:44:09",Dev Token,Dev Token
462,3290,4,40000.00,active,"2024-06-27 09:49:12","2024-11-04 08:44:10",Dev Token,Dev Token
463,1512,2,20000.00,active,"2024-06-27 09:49:14","2024-11-04 08:44:37",Dev Token,Dev Token
464,1512,3,30000.00,active,"2024-06-27 09:49:15","2024-11-04 08:44:38",Dev Token,Dev Token
465,1512,4,40000.00,active,"2024-06-27 09:49:17","2024-11-04 08:44:39",Dev Token,Dev Token
466,1513,2,20000.00,active,"2024-06-27 09:49:19","2024-11-04 08:44:40",Dev Token,Dev Token
467,1513,3,30000.00,active,"2024-06-27 09:49:20","2024-11-04 08:44:42",Dev Token,Dev Token
468,1513,4,40000.00,active,"2024-06-27 09:49:22","2024-11-04 08:44:43",Dev Token,Dev Token
469,1514,2,20000.00,active,"2024-06-27 09:49:23","2024-11-04 08:44:50",Dev Token,Dev Token
470,1514,3,30000.00,active,"2024-06-27 09:49:25","2024-11-04 08:44:51",Dev Token,Dev Token
471,1514,4,40000.00,active,"2024-06-27 09:49:26","2024-11-04 08:44:52",Dev Token,Dev Token
472,1515,2,20000.00,active,"2024-06-27 09:49:28","2024-11-04 08:45:42",Dev Token,Dev Token
473,1515,3,30000.00,active,"2024-06-27 09:49:30","2024-11-04 08:45:43",Dev Token,Dev Token
474,1515,4,40000.00,active,"2024-06-27 09:49:32","2024-11-04 08:45:44",Dev Token,Dev Token
475,1516,2,20000.00,active,"2024-06-27 09:49:33","2024-11-04 08:45:45",Dev Token,Dev Token
476,1516,3,30000.00,active,"2024-06-27 09:49:34","2024-11-04 08:45:46",Dev Token,Dev Token
477,1516,4,40000.00,active,"2024-06-27 09:49:36","2024-11-04 08:45:47",Dev Token,Dev Token
478,3227,2,20000.00,active,"2024-06-27 09:49:38","2024-11-04 08:44:24",Dev Token,Dev Token
479,3227,3,30000.00,active,"2024-06-27 09:49:40","2024-11-04 08:44:25",Dev Token,Dev Token
480,3227,4,40000.00,active,"2024-06-27 09:49:41","2024-11-04 08:44:26",Dev Token,Dev Token
481,1518,2,20000.00,active,"2024-06-27 09:49:43","2024-11-04 08:45:48",Dev Token,Dev Token
482,1518,3,30000.00,active,"2024-06-27 09:49:45","2024-11-04 08:45:49",Dev Token,Dev Token
483,1518,4,40000.00,active,"2024-06-27 09:49:47","2024-11-04 08:45:51",Dev Token,Dev Token
484,1519,2,20000.00,active,"2024-06-27 09:49:48","2024-11-04 08:45:52",Dev Token,Dev Token
485,1519,3,30000.00,active,"2024-06-27 09:49:50","2024-11-04 08:45:53",Dev Token,Dev Token
486,1519,4,40000.00,active,"2024-06-27 09:49:52","2024-11-04 08:45:54",Dev Token,Dev Token
487,1520,2,20000.00,active,"2024-06-27 09:49:53","2024-11-04 08:45:55",Dev Token,Dev Token
488,1520,3,30000.00,active,"2024-06-27 09:49:55","2024-11-04 08:45:56",Dev Token,Dev Token
489,1520,4,40000.00,active,"2024-06-27 09:49:57","2024-11-04 08:45:57",Dev Token,Dev Token
490,3216,2,20000.00,active,"2024-06-27 09:49:58","2024-11-04 08:44:31",Dev Token,Dev Token
491,3216,3,30000.00,active,"2024-06-27 09:49:59","2024-11-04 08:44:32",Dev Token,Dev Token
492,3216,4,40000.00,active,"2024-06-27 09:50:01","2024-11-04 08:44:33",Dev Token,Dev Token
493,3259,2,20000.00,active,"2024-06-27 09:50:02","2024-11-04 08:44:28",Dev Token,Dev Token
494,3259,3,30000.00,active,"2024-06-27 09:50:04","2024-11-04 08:44:29",Dev Token,Dev Token
495,3259,4,40000.00,active,"2024-06-27 09:50:05","2024-11-04 08:44:30",Dev Token,Dev Token
496,3279,2,20000.00,active,"2024-06-27 09:50:07","2024-11-04 08:44:15",Dev Token,Dev Token
497,3279,3,30000.00,active,"2024-06-27 09:50:09","2024-11-04 08:44:16",Dev Token,Dev Token
498,3279,4,40000.00,active,"2024-06-27 09:50:11","2024-11-04 08:44:17",Dev Token,Dev Token
499,1524,2,20000.00,active,"2024-06-27 09:50:12","2024-11-04 08:46:02",Dev Token,Dev Token
500,1524,3,30000.00,active,"2024-06-27 09:50:14","2024-11-04 08:46:03",Dev Token,Dev Token
501,1524,4,40000.00,active,"2024-06-27 09:50:16","2024-11-04 08:46:04",Dev Token,Dev Token
502,1525,2,20000.00,active,"2024-06-27 09:50:18","2024-11-04 08:46:05",Dev Token,Dev Token
503,1525,3,30000.00,active,"2024-06-27 09:50:20","2024-11-04 08:46:06",Dev Token,Dev Token
504,1525,4,40000.00,active,"2024-06-27 09:50:22","2024-11-04 08:46:07",Dev Token,Dev Token
505,1526,2,20000.00,active,"2024-06-27 09:50:23","2024-11-04 08:45:06",Dev Token,Dev Token
506,1526,3,30000.00,active,"2024-06-27 09:50:25","2024-11-04 08:45:07",Dev Token,Dev Token
507,1526,4,40000.00,active,"2024-06-27 09:50:27","2024-11-04 08:45:09",Dev Token,Dev Token
508,2180,2,20000.00,active,"2024-06-27 09:50:29","2024-11-04 08:45:10",Dev Token,Dev Token
509,2180,3,30000.00,active,"2024-06-27 09:50:31","2024-11-04 08:45:11",Dev Token,Dev Token
510,2180,4,40000.00,active,"2024-06-27 09:50:32","2024-11-04 08:45:12",Dev Token,Dev Token
511,1527,2,20000.00,active,"2024-06-27 09:50:34","2024-11-04 08:45:13",Dev Token,Dev Token
512,1527,3,30000.00,active,"2024-06-27 09:50:35","2024-11-04 08:45:14",Dev Token,Dev Token
513,1527,4,40000.00,active,"2024-06-27 09:50:36","2024-11-04 08:45:15",Dev Token,Dev Token
514,1528,2,20000.00,active,"2024-06-27 09:50:38","2024-11-04 08:45:16",Dev Token,Dev Token
515,1528,3,30000.00,active,"2024-06-27 09:50:39","2024-11-04 08:45:17",Dev Token,Dev Token
516,1528,4,40000.00,active,"2024-06-27 09:50:40","2024-11-04 08:45:18",Dev Token,Dev Token
517,1529,2,20000.00,active,"2024-06-27 09:50:42","2024-11-04 08:45:19",Dev Token,Dev Token
518,1529,3,30000.00,active,"2024-06-27 09:50:43","2024-11-04 08:45:20",Dev Token,Dev Token
519,1529,4,40000.00,active,"2024-06-27 09:50:45","2024-11-04 08:45:21",Dev Token,Dev Token
520,1530,2,20000.00,active,"2024-06-27 09:50:47","2024-11-04 08:45:22",Dev Token,Dev Token
521,1530,3,30000.00,active,"2024-06-27 09:50:48","2024-11-04 08:45:24",Dev Token,Dev Token
522,1530,4,40000.00,active,"2024-06-27 09:50:50","2024-11-04 08:45:25",Dev Token,Dev Token
523,1531,2,20000.00,active,"2024-06-27 09:50:52","2024-11-04 08:45:26",Dev Token,Dev Token
524,1531,3,30000.00,active,"2024-06-27 09:50:53","2024-11-04 08:45:27",Dev Token,Dev Token
525,1531,4,40000.00,active,"2024-06-27 09:50:55","2024-11-04 08:45:28",Dev Token,Dev Token
526,1532,2,20000.00,active,"2024-06-27 09:50:57","2024-11-04 08:45:29",Dev Token,Dev Token
527,1532,3,30000.00,active,"2024-06-27 09:50:58","2024-11-04 08:45:30",Dev Token,Dev Token
528,1532,4,40000.00,active,"2024-06-27 09:51:00","2024-11-04 08:45:31",Dev Token,Dev Token
529,1533,2,20000.00,active,"2024-06-27 09:51:01","2024-11-04 08:45:32",Dev Token,Dev Token
530,1533,3,30000.00,active,"2024-06-27 09:51:03","2024-11-04 08:45:33",Dev Token,Dev Token
531,1533,4,40000.00,active,"2024-06-27 09:51:05","2024-11-04 08:45:34",Dev Token,Dev Token
532,1534,2,20000.00,active,"2024-06-27 09:51:07","2024-11-04 08:45:35",Dev Token,Dev Token
533,1534,3,30000.00,active,"2024-06-27 09:51:09","2024-11-04 08:45:37",Dev Token,Dev Token
534,1534,4,40000.00,active,"2024-06-27 09:51:10","2024-11-04 08:45:38",Dev Token,Dev Token
535,1535,2,20000.00,active,"2024-06-27 09:51:12","2024-11-04 08:45:39",Dev Token,Dev Token
536,1535,3,30000.00,active,"2024-06-27 09:51:13","2024-11-04 08:45:40",Dev Token,Dev Token
537,1535,4,40000.00,active,"2024-06-27 09:51:15","2024-11-04 08:45:41",Dev Token,Dev Token
538,1536,2,20000.00,active,"2024-06-27 09:51:16","2024-11-04 08:44:53",Dev Token,Dev Token
539,1536,3,30000.00,active,"2024-06-27 09:51:18","2024-11-04 08:44:54",Dev Token,Dev Token
540,1536,4,40000.00,active,"2024-06-27 09:51:19","2024-11-04 08:44:55",Dev Token,Dev Token
541,1537,2,20000.00,active,"2024-06-27 09:51:22","2024-11-04 08:44:57",Dev Token,Dev Token
542,1537,3,30000.00,active,"2024-06-27 09:51:23","2024-11-04 08:44:58",Dev Token,Dev Token
543,1537,4,40000.00,active,"2024-06-27 09:51:25","2024-11-04 08:44:59",Dev Token,Dev Token
544,1538,2,20000.00,active,"2024-06-27 09:51:27","2024-11-04 08:45:00",Dev Token,Dev Token
545,1538,3,30000.00,active,"2024-06-27 09:51:29","2024-11-04 08:45:01",Dev Token,Dev Token
546,1538,4,40000.00,active,"2024-06-27 09:51:30","2024-11-04 08:45:02",Dev Token,Dev Token
547,1539,2,20000.00,active,"2024-06-27 09:51:32","2024-11-04 08:45:03",Dev Token,Dev Token
548,1539,3,30000.00,active,"2024-06-27 09:51:33","2024-11-04 08:45:04",Dev Token,Dev Token
549,1539,4,40000.00,active,"2024-06-27 09:51:35","2024-11-04 08:45:05",Dev Token,Dev Token
550,2186,2,20000.00,active,"2024-06-27 09:51:37","2024-11-04 08:45:58",Dev Token,Dev Token
551,2186,3,30000.00,active,"2024-06-27 09:51:38","2024-11-04 08:45:59",Dev Token,Dev Token
552,2186,4,40000.00,active,"2024-06-27 09:51:40","2024-11-04 08:46:00",Dev Token,Dev Token
553,2722,2,20000.00,active,"2024-06-27 09:51:42","2024-11-04 08:44:18",Dev Token,Dev Token
554,2722,3,30000.00,active,"2024-06-27 09:51:43","2024-11-04 08:44:19",Dev Token,Dev Token
555,2722,4,40000.00,active,"2024-06-27 09:51:45","2024-11-04 08:44:20",Dev Token,Dev Token
556,3249,2,20000.00,active,"2024-06-27 09:51:47","2024-11-04 08:42:07",Dev Token,Dev Token
557,3249,3,30000.00,active,"2024-06-27 09:51:48","2024-11-04 08:42:09",Dev Token,Dev Token
558,3249,4,40000.00,active,"2024-06-27 09:51:49","2024-11-04 08:42:10",Dev Token,Dev Token
559,3270,2,20000.00,active,"2024-06-27 09:51:51","2024-11-04 08:41:58",Dev Token,Dev Token
560,3270,3,30000.00,active,"2024-06-27 09:51:53","2024-11-04 08:41:59",Dev Token,Dev Token
561,3270,4,40000.00,active,"2024-06-27 09:51:54","2024-11-04 08:42:00",Dev Token,Dev Token
562,1676,2,20000.00,active,"2024-06-27 09:51:56","2024-11-04 08:42:30",Dev Token,Dev Token
563,1676,3,30000.00,active,"2024-06-27 09:51:58","2024-11-04 08:42:31",Dev Token,Dev Token
564,1676,4,40000.00,active,"2024-06-27 09:51:59","2024-11-04 08:42:32",Dev Token,Dev Token
565,1677,2,20000.00,active,"2024-06-27 09:52:01","2024-11-04 08:42:34",Dev Token,Dev Token
566,1677,3,30000.00,active,"2024-06-27 09:52:02","2024-11-04 08:42:35",Dev Token,Dev Token
567,1677,4,40000.00,active,"2024-06-27 09:52:04","2024-11-04 08:42:36",Dev Token,Dev Token
568,3239,2,20000.00,active,"2024-06-27 09:52:05","2024-11-04 08:42:21",Dev Token,Dev Token
569,3239,3,30000.00,active,"2024-06-27 09:52:07","2024-11-04 08:42:22",Dev Token,Dev Token
570,3239,4,40000.00,active,"2024-06-27 09:52:08","2024-11-04 08:42:23",Dev Token,Dev Token
571,3291,2,20000.00,active,"2024-06-27 09:52:10","2024-11-04 08:41:54",Dev Token,Dev Token
572,3291,3,30000.00,active,"2024-06-27 09:52:11","2024-11-04 08:41:55",Dev Token,Dev Token
573,3291,4,40000.00,active,"2024-06-27 09:52:13","2024-11-04 08:41:57",Dev Token,Dev Token
574,1680,2,20000.00,active,"2024-06-27 09:52:15","2024-11-04 08:42:24",Dev Token,Dev Token
575,1680,3,30000.00,active,"2024-06-27 09:52:17","2024-11-04 08:42:25",Dev Token,Dev Token
576,1680,4,40000.00,active,"2024-06-27 09:52:19","2024-11-04 08:42:26",Dev Token,Dev Token
577,1681,2,20000.00,active,"2024-06-27 09:52:21","2024-11-04 08:42:27",Dev Token,Dev Token
578,1681,3,30000.00,active,"2024-06-27 09:52:22","2024-11-04 08:42:28",Dev Token,Dev Token
579,1681,4,40000.00,active,"2024-06-27 09:52:24","2024-11-04 08:42:29",Dev Token,Dev Token
580,1682,2,20000.00,active,"2024-06-27 09:52:25","2024-11-04 08:42:37",Dev Token,Dev Token
581,1682,3,30000.00,active,"2024-06-27 09:52:27","2024-11-04 08:42:38",Dev Token,Dev Token
582,1682,4,40000.00,active,"2024-06-27 09:52:29","2024-11-04 08:42:39",Dev Token,Dev Token
583,1683,2,20000.00,active,"2024-06-27 09:52:31","2024-11-04 08:43:29",Dev Token,Dev Token
584,1683,3,30000.00,active,"2024-06-27 09:52:32","2024-11-04 08:43:30",Dev Token,Dev Token
585,1683,4,40000.00,active,"2024-06-27 09:52:33","2024-11-04 08:43:31",Dev Token,Dev Token
586,1684,2,20000.00,active,"2024-06-27 09:52:35","2024-11-04 08:43:32",Dev Token,Dev Token
587,1684,3,30000.00,active,"2024-06-27 09:52:36","2024-11-04 08:43:33",Dev Token,Dev Token
588,1684,4,40000.00,active,"2024-06-27 09:52:38","2024-11-04 08:43:34",Dev Token,Dev Token
589,3228,2,20000.00,active,"2024-06-27 09:52:40","2024-11-04 08:42:11",Dev Token,Dev Token
590,3228,3,30000.00,active,"2024-06-27 09:52:41","2024-11-04 08:42:12",Dev Token,Dev Token
591,3228,4,40000.00,active,"2024-06-27 09:52:43","2024-11-04 08:42:13",Dev Token,Dev Token
592,1686,2,20000.00,active,"2024-06-27 09:52:44","2024-11-04 08:43:35",Dev Token,Dev Token
593,1686,3,30000.00,active,"2024-06-27 09:52:46","2024-11-04 08:43:36",Dev Token,Dev Token
594,1686,4,40000.00,active,"2024-06-27 09:52:47","2024-11-04 08:43:37",Dev Token,Dev Token
595,1687,2,20000.00,active,"2024-06-27 09:52:49","2024-11-04 08:43:39",Dev Token,Dev Token
596,1687,3,30000.00,active,"2024-06-27 09:52:50","2024-11-04 08:43:40",Dev Token,Dev Token
597,1687,4,40000.00,active,"2024-06-27 09:52:52","2024-11-04 08:43:41",Dev Token,Dev Token
598,1688,2,20000.00,active,"2024-06-27 09:52:53","2024-11-04 08:43:42",Dev Token,Dev Token
599,1688,3,30000.00,active,"2024-06-27 09:52:55","2024-11-04 08:43:43",Dev Token,Dev Token
600,1688,4,40000.00,active,"2024-06-27 09:52:56","2024-11-04 08:43:44",Dev Token,Dev Token
601,3217,2,20000.00,active,"2024-06-27 09:52:58","2024-11-04 08:42:17",Dev Token,Dev Token
602,3217,3,30000.00,active,"2024-06-27 09:53:00","2024-11-04 08:42:18",Dev Token,Dev Token
603,3217,4,40000.00,active,"2024-06-27 09:53:02","2024-11-04 08:42:20",Dev Token,Dev Token
604,3260,2,20000.00,active,"2024-06-27 09:53:03","2024-11-04 08:42:14",Dev Token,Dev Token
605,3260,3,30000.00,active,"2024-06-27 09:53:04","2024-11-04 08:42:15",Dev Token,Dev Token
606,3260,4,40000.00,active,"2024-06-27 09:53:06","2024-11-04 08:42:16",Dev Token,Dev Token
607,3280,2,20000.00,active,"2024-06-27 09:53:07","2024-11-04 08:42:01",Dev Token,Dev Token
608,3280,3,30000.00,active,"2024-06-27 09:53:09","2024-11-04 08:42:02",Dev Token,Dev Token
609,3280,4,40000.00,active,"2024-06-27 09:53:11","2024-11-04 08:42:03",Dev Token,Dev Token
610,1692,2,20000.00,active,"2024-06-27 09:53:12","2024-11-04 08:43:48",Dev Token,Dev Token
611,1692,3,30000.00,active,"2024-06-27 09:53:14","2024-11-04 08:43:49",Dev Token,Dev Token
612,1692,4,40000.00,active,"2024-06-27 09:53:15","2024-11-04 08:43:50",Dev Token,Dev Token
613,1693,2,20000.00,active,"2024-06-27 09:53:17","2024-11-04 08:43:51",Dev Token,Dev Token
614,1693,3,30000.00,active,"2024-06-27 09:53:19","2024-11-04 08:43:52",Dev Token,Dev Token
615,1693,4,40000.00,active,"2024-06-27 09:53:21","2024-11-04 08:43:54",Dev Token,Dev Token
616,1694,2,20000.00,active,"2024-06-27 09:53:23","2024-11-04 08:42:53",Dev Token,Dev Token
617,1694,3,30000.00,active,"2024-06-27 09:53:24","2024-11-04 08:42:54",Dev Token,Dev Token
618,1694,4,40000.00,active,"2024-06-27 09:53:26","2024-11-04 08:42:55",Dev Token,Dev Token
619,1951,2,20000.00,active,"2024-06-27 09:53:27","2024-11-04 08:42:56",Dev Token,Dev Token
620,1951,3,30000.00,active,"2024-06-27 09:53:29","2024-11-04 08:42:57",Dev Token,Dev Token
621,1951,4,40000.00,active,"2024-06-27 09:53:30","2024-11-04 08:42:59",Dev Token,Dev Token
622,1695,2,20000.00,active,"2024-06-27 09:53:32","2024-11-04 08:43:00",Dev Token,Dev Token
623,1695,3,30000.00,active,"2024-06-27 09:53:34","2024-11-04 08:43:01",Dev Token,Dev Token
624,1695,4,40000.00,active,"2024-06-27 09:53:36","2024-11-04 08:43:02",Dev Token,Dev Token
625,1696,2,20000.00,active,"2024-06-27 09:53:37","2024-11-04 08:43:03",Dev Token,Dev Token
626,1696,3,30000.00,active,"2024-06-27 09:53:39","2024-11-04 08:43:04",Dev Token,Dev Token
627,1696,4,40000.00,active,"2024-06-27 09:53:41","2024-11-04 08:43:05",Dev Token,Dev Token
628,1697,2,20000.00,active,"2024-06-27 09:53:43","2024-11-04 08:43:06",Dev Token,Dev Token
629,1697,3,30000.00,active,"2024-06-27 09:53:45","2024-11-04 08:43:07",Dev Token,Dev Token
630,1697,4,40000.00,active,"2024-06-27 09:53:46","2024-11-04 08:43:08",Dev Token,Dev Token
631,1698,2,20000.00,active,"2024-06-27 09:53:47","2024-11-04 08:43:09",Dev Token,Dev Token
632,1698,3,30000.00,active,"2024-06-27 09:53:49","2024-11-04 08:43:10",Dev Token,Dev Token
633,1698,4,40000.00,active,"2024-06-27 09:53:51","2024-11-04 08:43:12",Dev Token,Dev Token
634,1699,2,20000.00,active,"2024-06-27 09:53:52","2024-11-04 08:43:13",Dev Token,Dev Token
635,1699,3,30000.00,active,"2024-06-27 09:53:54","2024-11-04 08:43:14",Dev Token,Dev Token
636,1699,4,40000.00,active,"2024-06-27 09:53:55","2024-11-04 08:43:15",Dev Token,Dev Token
637,1700,2,20000.00,active,"2024-06-27 09:53:57","2024-11-04 08:43:16",Dev Token,Dev Token
638,1700,3,30000.00,active,"2024-06-27 09:53:58","2024-11-04 08:43:17",Dev Token,Dev Token
639,1700,4,40000.00,active,"2024-06-27 09:53:59","2024-11-04 08:43:18",Dev Token,Dev Token
640,1701,2,20000.00,active,"2024-06-27 09:54:01","2024-11-04 08:43:19",Dev Token,Dev Token
641,1701,3,30000.00,active,"2024-06-27 09:54:03","2024-11-04 08:43:20",Dev Token,Dev Token
642,1701,4,40000.00,active,"2024-06-27 09:54:04","2024-11-04 08:43:21",Dev Token,Dev Token
643,1702,2,20000.00,active,"2024-06-27 09:54:06","2024-11-04 08:43:22",Dev Token,Dev Token
644,1702,3,30000.00,active,"2024-06-27 09:54:07","2024-11-04 08:43:24",Dev Token,Dev Token
645,1702,4,40000.00,active,"2024-06-27 09:54:09","2024-11-04 08:43:25",Dev Token,Dev Token
646,1703,2,20000.00,active,"2024-06-27 09:54:11","2024-11-04 08:43:26",Dev Token,Dev Token
647,1703,3,30000.00,active,"2024-06-27 09:54:12","2024-11-04 08:43:27",Dev Token,Dev Token
648,1703,4,40000.00,active,"2024-06-27 09:54:14","2024-11-04 08:43:28",Dev Token,Dev Token
649,1704,2,20000.00,active,"2024-06-27 09:54:16","2024-11-04 08:42:40",Dev Token,Dev Token
650,1704,3,30000.00,active,"2024-06-27 09:54:17","2024-11-04 08:42:41",Dev Token,Dev Token
651,1704,4,40000.00,active,"2024-06-27 09:54:19","2024-11-04 08:42:42",Dev Token,Dev Token
652,1705,2,20000.00,active,"2024-06-27 09:54:21","2024-11-04 08:42:43",Dev Token,Dev Token
653,1705,3,30000.00,active,"2024-06-27 09:54:23","2024-11-04 08:42:44",Dev Token,Dev Token
654,1705,4,40000.00,active,"2024-06-27 09:54:25","2024-11-04 08:42:45",Dev Token,Dev Token
655,1706,2,20000.00,active,"2024-06-27 09:54:26","2024-11-04 08:42:46",Dev Token,Dev Token
656,1706,3,30000.00,active,"2024-06-27 09:54:28","2024-11-04 08:42:48",Dev Token,Dev Token
657,1706,4,40000.00,active,"2024-06-27 09:54:29","2024-11-04 08:42:49",Dev Token,Dev Token
658,1707,2,20000.00,active,"2024-06-27 09:54:31","2024-11-04 08:42:50",Dev Token,Dev Token
659,1707,3,30000.00,active,"2024-06-27 09:54:33","2024-11-04 08:42:51",Dev Token,Dev Token
660,1707,4,40000.00,active,"2024-06-27 09:54:35","2024-11-04 08:42:52",Dev Token,Dev Token
661,2187,2,20000.00,active,"2024-06-27 09:54:37","2024-11-04 08:43:45",Dev Token,Dev Token
662,2187,3,30000.00,active,"2024-06-27 09:54:39","2024-11-04 08:43:46",Dev Token,Dev Token
663,2187,4,40000.00,active,"2024-06-27 09:54:40","2024-11-04 08:43:47",Dev Token,Dev Token
664,2723,2,20000.00,active,"2024-06-27 09:54:42","2024-11-04 08:42:04",Dev Token,Dev Token
665,2723,3,30000.00,active,"2024-06-27 09:54:43","2024-11-04 08:42:05",Dev Token,Dev Token
666,2723,4,40000.00,active,"2024-06-27 09:54:45","2024-11-04 08:42:06",Dev Token,Dev Token
667,3250,2,20000.00,active,"2024-06-27 09:54:46","2024-11-04 09:02:02",Dev Token,Dev Token
668,3250,3,30000.00,active,"2024-06-27 09:54:48","2024-11-04 09:02:03",Dev Token,Dev Token
669,3250,4,40000.00,active,"2024-06-27 09:54:49","2024-11-04 09:02:04",Dev Token,Dev Token
670,3271,2,20000.00,active,"2024-06-27 09:54:50","2024-11-04 09:01:52",Dev Token,Dev Token
671,3271,3,30000.00,active,"2024-06-27 09:54:52","2024-11-04 09:01:53",Dev Token,Dev Token
672,3271,4,40000.00,active,"2024-06-27 09:54:53","2024-11-04 09:01:54",Dev Token,Dev Token
673,1981,2,20000.00,active,"2024-06-27 09:54:55","2024-11-04 09:02:24",Dev Token,Dev Token
674,1981,3,30000.00,active,"2024-06-27 09:54:56","2024-11-04 09:02:25",Dev Token,Dev Token
675,1981,4,40000.00,active,"2024-06-27 09:54:57","2024-11-04 09:02:26",Dev Token,Dev Token
676,1982,2,20000.00,active,"2024-06-27 09:54:59","2024-11-04 09:02:27",Dev Token,Dev Token
677,1982,3,30000.00,active,"2024-06-27 09:55:00","2024-11-04 09:02:28",Dev Token,Dev Token
678,1982,4,40000.00,active,"2024-06-27 09:55:02","2024-11-04 09:02:29",Dev Token,Dev Token
679,3240,2,20000.00,active,"2024-06-27 09:55:03","2024-11-04 09:02:14",Dev Token,Dev Token
680,3240,3,30000.00,active,"2024-06-27 09:55:05","2024-11-04 09:02:16",Dev Token,Dev Token
681,3240,4,40000.00,active,"2024-06-27 09:55:06","2024-11-04 09:02:17",Dev Token,Dev Token
682,3292,2,20000.00,active,"2024-06-27 09:55:08","2024-11-04 09:01:49",Dev Token,Dev Token
683,3292,3,30000.00,active,"2024-06-27 09:55:09","2024-11-04 09:01:50",Dev Token,Dev Token
684,3292,4,40000.00,active,"2024-06-27 09:55:11","2024-11-04 09:01:51",Dev Token,Dev Token
685,1989,2,20000.00,active,"2024-06-27 09:55:13","2024-11-04 09:02:18",Dev Token,Dev Token
686,1989,3,30000.00,active,"2024-06-27 09:55:14","2024-11-04 09:02:19",Dev Token,Dev Token
687,1989,4,40000.00,active,"2024-06-27 09:55:16","2024-11-04 09:02:20",Dev Token,Dev Token
688,1990,2,20000.00,active,"2024-06-27 09:55:18","2024-11-04 09:02:21",Dev Token,Dev Token
689,1990,3,30000.00,active,"2024-06-27 09:55:20","2024-11-04 09:02:22",Dev Token,Dev Token
690,1990,4,40000.00,active,"2024-06-27 09:55:22","2024-11-04 09:02:23",Dev Token,Dev Token
691,1991,2,20000.00,active,"2024-06-27 09:55:24","2024-11-04 09:02:31",Dev Token,Dev Token
692,1991,3,30000.00,active,"2024-06-27 09:55:26","2024-11-04 09:02:32",Dev Token,Dev Token
693,1991,4,40000.00,active,"2024-06-27 09:55:27","2024-11-04 09:02:33",Dev Token,Dev Token
694,1992,2,20000.00,active,"2024-06-27 09:55:29","2024-11-04 09:03:22",Dev Token,Dev Token
695,1992,3,30000.00,active,"2024-06-27 09:55:30","2024-11-04 09:03:23",Dev Token,Dev Token
696,1992,4,40000.00,active,"2024-06-27 09:55:32","2024-11-04 09:03:24",Dev Token,Dev Token
697,1994,2,20000.00,active,"2024-06-27 09:55:33","2024-11-04 09:03:26",Dev Token,Dev Token
698,1994,3,30000.00,active,"2024-06-27 09:55:35","2024-11-04 09:03:27",Dev Token,Dev Token
699,1994,4,40000.00,active,"2024-06-27 09:55:37","2024-11-04 09:03:28",Dev Token,Dev Token
700,3229,2,20000.00,active,"2024-06-27 09:55:38","2024-11-04 09:02:05",Dev Token,Dev Token
701,3229,3,30000.00,active,"2024-06-27 09:55:40","2024-11-04 09:02:06",Dev Token,Dev Token
702,3229,4,40000.00,active,"2024-06-27 09:55:41","2024-11-04 09:02:07",Dev Token,Dev Token
703,1997,2,20000.00,active,"2024-06-27 09:55:43","2024-11-04 09:03:29",Dev Token,Dev Token
704,1997,3,30000.00,active,"2024-06-27 09:55:45","2024-11-04 09:03:30",Dev Token,Dev Token
705,1997,4,40000.00,active,"2024-06-27 09:55:46","2024-11-04 09:03:31",Dev Token,Dev Token
706,1999,2,20000.00,active,"2024-06-27 09:55:48","2024-11-04 09:03:32",Dev Token,Dev Token
707,1999,3,30000.00,active,"2024-06-27 09:55:50","2024-11-04 09:03:33",Dev Token,Dev Token
708,1999,4,40000.00,active,"2024-06-27 09:55:52","2024-11-04 09:03:34",Dev Token,Dev Token
709,2001,2,20000.00,active,"2024-06-27 09:55:53","2024-11-04 09:03:35",Dev Token,Dev Token
710,2001,3,30000.00,active,"2024-06-27 09:55:55","2024-11-04 09:03:36",Dev Token,Dev Token
711,2001,4,40000.00,active,"2024-06-27 09:55:56","2024-11-04 09:03:37",Dev Token,Dev Token
712,3218,2,20000.00,active,"2024-06-27 09:55:58","2024-11-04 09:02:11",Dev Token,Dev Token
713,3218,3,30000.00,active,"2024-06-27 09:55:59","2024-11-04 09:02:12",Dev Token,Dev Token
714,3218,4,40000.00,active,"2024-06-27 09:56:01","2024-11-04 09:02:13",Dev Token,Dev Token
715,3261,2,20000.00,active,"2024-06-27 09:56:03","2024-11-04 09:02:08",Dev Token,Dev Token
716,3261,3,30000.00,active,"2024-06-27 09:56:05","2024-11-04 09:02:09",Dev Token,Dev Token
717,3261,4,40000.00,active,"2024-06-27 09:56:06","2024-11-04 09:02:10",Dev Token,Dev Token
718,3281,2,20000.00,active,"2024-06-27 09:56:08","2024-11-04 09:01:55",Dev Token,Dev Token
719,3281,3,30000.00,active,"2024-06-27 09:56:09","2024-11-04 09:01:56",Dev Token,Dev Token
720,3281,4,40000.00,active,"2024-06-27 09:56:11","2024-11-04 09:01:57",Dev Token,Dev Token
721,2009,2,20000.00,active,"2024-06-27 09:56:12","2024-11-04 09:03:42",Dev Token,Dev Token
722,2009,3,30000.00,active,"2024-06-27 09:56:14","2024-11-04 09:03:43",Dev Token,Dev Token
723,2009,4,40000.00,active,"2024-06-27 09:56:16","2024-11-04 09:03:44",Dev Token,Dev Token
724,2010,2,20000.00,active,"2024-06-27 09:56:17","2024-11-04 09:03:45",Dev Token,Dev Token
725,2010,3,30000.00,active,"2024-06-27 09:56:19","2024-11-04 09:03:46",Dev Token,Dev Token
726,2010,4,40000.00,active,"2024-06-27 09:56:21","2024-11-04 09:03:47",Dev Token,Dev Token
727,2012,2,20000.00,active,"2024-06-27 09:56:22","2024-11-04 09:02:47",Dev Token,Dev Token
728,2012,3,30000.00,active,"2024-06-27 09:56:24","2024-11-04 09:02:48",Dev Token,Dev Token
729,2012,4,40000.00,active,"2024-06-27 09:56:25","2024-11-04 09:02:49",Dev Token,Dev Token
730,2179,2,20000.00,active,"2024-06-27 09:56:27","2024-11-04 09:02:50",Dev Token,Dev Token
731,2179,3,30000.00,active,"2024-06-27 09:56:29","2024-11-04 09:02:51",Dev Token,Dev Token
732,2179,4,40000.00,active,"2024-06-27 09:56:31","2024-11-04 09:02:52",Dev Token,Dev Token
733,2032,2,20000.00,active,"2024-06-27 09:56:32","2024-11-04 09:02:53",Dev Token,Dev Token
734,2032,3,30000.00,active,"2024-06-27 09:56:34","2024-11-04 09:02:54",Dev Token,Dev Token
735,2032,4,40000.00,active,"2024-06-27 09:56:35","2024-11-04 09:02:55",Dev Token,Dev Token
736,2033,2,20000.00,active,"2024-06-27 09:56:37","2024-11-04 09:02:56",Dev Token,Dev Token
737,2033,3,30000.00,active,"2024-06-27 09:56:38","2024-11-04 09:02:57",Dev Token,Dev Token
738,2033,4,40000.00,active,"2024-06-27 09:56:40","2024-11-04 09:02:59",Dev Token,Dev Token
739,2034,2,20000.00,active,"2024-06-27 09:56:42","2024-11-04 09:03:00",Dev Token,Dev Token
740,2034,3,30000.00,active,"2024-06-27 09:56:43","2024-11-04 09:03:01",Dev Token,Dev Token
741,2034,4,40000.00,active,"2024-06-27 09:56:44","2024-11-04 09:03:02",Dev Token,Dev Token
742,2035,2,20000.00,active,"2024-06-27 09:56:46","2024-11-04 09:03:03",Dev Token,Dev Token
743,2035,3,30000.00,active,"2024-06-27 09:56:47","2024-11-04 09:03:04",Dev Token,Dev Token
744,2035,4,40000.00,active,"2024-06-27 09:56:49","2024-11-04 09:03:05",Dev Token,Dev Token
745,2036,2,20000.00,active,"2024-06-27 09:56:50","2024-11-04 09:03:06",Dev Token,Dev Token
746,2036,3,30000.00,active,"2024-06-27 09:56:52","2024-11-04 09:03:07",Dev Token,Dev Token
747,2036,4,40000.00,active,"2024-06-27 09:56:54","2024-11-04 09:03:08",Dev Token,Dev Token
748,2037,2,20000.00,active,"2024-06-27 09:56:56","2024-11-04 09:03:09",Dev Token,Dev Token
749,2037,3,30000.00,active,"2024-06-27 09:56:58","2024-11-04 09:03:10",Dev Token,Dev Token
750,2037,4,40000.00,active,"2024-06-27 09:56:59","2024-11-04 09:03:11",Dev Token,Dev Token
751,2038,2,20000.00,active,"2024-06-27 09:57:01","2024-11-04 09:03:13",Dev Token,Dev Token
752,2038,3,30000.00,active,"2024-06-27 09:57:03","2024-11-04 09:03:14",Dev Token,Dev Token
753,2038,4,40000.00,active,"2024-06-27 09:57:05","2024-11-04 09:03:15",Dev Token,Dev Token
754,2039,2,20000.00,active,"2024-06-27 09:57:07","2024-11-04 09:03:16",Dev Token,Dev Token
755,2039,3,30000.00,active,"2024-06-27 09:57:09","2024-11-04 09:03:17",Dev Token,Dev Token
756,2039,4,40000.00,active,"2024-06-27 09:57:11","2024-11-04 09:03:18",Dev Token,Dev Token
757,2040,2,20000.00,active,"2024-06-27 09:57:13","2024-11-04 09:03:19",Dev Token,Dev Token
758,2040,3,30000.00,active,"2024-06-27 09:57:14","2024-11-04 09:03:20",Dev Token,Dev Token
759,2040,4,40000.00,active,"2024-06-27 09:57:16","2024-11-04 09:03:21",Dev Token,Dev Token
760,2041,2,20000.00,active,"2024-06-27 09:57:17","2024-11-04 09:02:34",Dev Token,Dev Token
761,2041,3,30000.00,active,"2024-06-27 09:57:19","2024-11-04 09:02:35",Dev Token,Dev Token
762,2041,4,40000.00,active,"2024-06-27 09:57:20","2024-11-04 09:02:36",Dev Token,Dev Token
763,2042,2,20000.00,active,"2024-06-27 09:57:22","2024-11-04 09:02:37",Dev Token,Dev Token
764,2042,3,30000.00,active,"2024-06-27 09:57:23","2024-11-04 09:02:38",Dev Token,Dev Token
765,2042,4,40000.00,active,"2024-06-27 09:57:25","2024-11-04 09:02:39",Dev Token,Dev Token
766,2043,2,20000.00,active,"2024-06-27 09:57:27","2024-11-04 09:02:40",Dev Token,Dev Token
767,2043,3,30000.00,active,"2024-06-27 09:57:28","2024-11-04 09:02:41",Dev Token,Dev Token
768,2043,4,40000.00,active,"2024-06-27 09:57:30","2024-11-04 09:02:42",Dev Token,Dev Token
769,2044,2,20000.00,active,"2024-06-27 09:57:32","2024-11-04 09:02:43",Dev Token,Dev Token
770,2044,3,30000.00,active,"2024-06-27 09:57:33","2024-11-04 09:02:45",Dev Token,Dev Token
771,2044,4,40000.00,active,"2024-06-27 09:57:35","2024-11-04 09:02:46",Dev Token,Dev Token
772,2188,2,20000.00,active,"2024-06-27 09:57:37","2024-11-04 09:03:38",Dev Token,Dev Token
773,2188,3,30000.00,active,"2024-06-27 09:57:39","2024-11-04 09:03:39",Dev Token,Dev Token
774,2188,4,40000.00,active,"2024-06-27 09:57:40","2024-11-04 09:03:41",Dev Token,Dev Token
775,2724,2,20000.00,active,"2024-06-27 09:57:42","2024-11-04 09:01:58",Dev Token,Dev Token
776,2724,3,30000.00,active,"2024-06-27 09:57:44","2024-11-04 09:01:59",Dev Token,Dev Token
777,2724,4,40000.00,active,"2024-06-27 09:57:45","2024-11-04 09:02:01",Dev Token,Dev Token
778,3251,2,20000.00,active,"2024-06-27 09:57:47","2024-11-04 08:57:36",Dev Token,Dev Token
779,3251,3,30000.00,active,"2024-06-27 09:57:49","2024-11-04 08:57:37",Dev Token,Dev Token
780,3251,4,40000.00,active,"2024-06-27 09:57:50","2024-11-04 08:57:38",Dev Token,Dev Token
781,3272,2,20000.00,active,"2024-06-27 09:57:52","2024-11-04 08:57:27",Dev Token,Dev Token
782,3272,3,30000.00,active,"2024-06-27 09:57:53","2024-11-04 08:57:28",Dev Token,Dev Token
783,3272,4,40000.00,active,"2024-06-27 09:57:54","2024-11-04 08:57:29",Dev Token,Dev Token
784,1844,2,20000.00,active,"2024-06-27 09:57:56","2024-11-04 08:57:59",Dev Token,Dev Token
785,1844,3,30000.00,active,"2024-06-27 09:57:57","2024-11-04 08:58:00",Dev Token,Dev Token
786,1844,4,40000.00,active,"2024-06-27 09:57:59","2024-11-04 08:58:01",Dev Token,Dev Token
787,1845,2,20000.00,active,"2024-06-27 09:58:01","2024-11-04 08:58:02",Dev Token,Dev Token
788,1845,3,30000.00,active,"2024-06-27 09:58:02","2024-11-04 08:58:03",Dev Token,Dev Token
789,1845,4,40000.00,active,"2024-06-27 09:58:04","2024-11-04 08:58:04",Dev Token,Dev Token
790,3241,2,20000.00,active,"2024-06-27 09:58:06","2024-11-04 08:57:49",Dev Token,Dev Token
791,3241,3,30000.00,active,"2024-06-27 09:58:08","2024-11-04 08:57:50",Dev Token,Dev Token
792,3241,4,40000.00,active,"2024-06-27 09:58:10","2024-11-04 08:57:51",Dev Token,Dev Token
793,3293,2,20000.00,active,"2024-06-27 09:58:12","2024-11-04 08:57:23",Dev Token,Dev Token
794,3293,3,30000.00,active,"2024-06-27 09:58:13","2024-11-04 08:57:24",Dev Token,Dev Token
795,3293,4,40000.00,active,"2024-06-27 09:58:15","2024-11-04 08:57:25",Dev Token,Dev Token
796,1848,2,20000.00,active,"2024-06-27 09:58:17","2024-11-04 08:57:52",Dev Token,Dev Token
797,1848,3,30000.00,active,"2024-06-27 09:58:19","2024-11-04 08:57:53",Dev Token,Dev Token
798,1848,4,40000.00,active,"2024-06-27 09:58:21","2024-11-04 08:57:54",Dev Token,Dev Token
799,1849,2,20000.00,active,"2024-06-27 09:58:22","2024-11-04 08:57:55",Dev Token,Dev Token
800,1849,3,30000.00,active,"2024-06-27 09:58:23","2024-11-04 08:57:57",Dev Token,Dev Token
801,1849,4,40000.00,active,"2024-06-27 09:58:24","2024-11-04 08:57:58",Dev Token,Dev Token
802,1850,2,20000.00,active,"2024-06-27 09:58:26","2024-11-04 08:58:05",Dev Token,Dev Token
803,1850,3,30000.00,active,"2024-06-27 09:58:27","2024-11-04 08:58:06",Dev Token,Dev Token
804,1850,4,40000.00,active,"2024-06-27 09:58:29","2024-11-04 08:58:07",Dev Token,Dev Token
805,1851,2,20000.00,active,"2024-06-27 09:58:31","2024-11-04 08:58:57",Dev Token,Dev Token
806,1851,3,30000.00,active,"2024-06-27 09:58:32","2024-11-04 08:58:58",Dev Token,Dev Token
807,1851,4,40000.00,active,"2024-06-27 09:58:34","2024-11-04 08:58:59",Dev Token,Dev Token
808,1852,2,20000.00,active,"2024-06-27 09:58:35","2024-11-04 08:59:00",Dev Token,Dev Token
809,1852,3,30000.00,active,"2024-06-27 09:58:37","2024-11-04 08:59:01",Dev Token,Dev Token
810,1852,4,40000.00,active,"2024-06-27 09:58:38","2024-11-04 08:59:02",Dev Token,Dev Token
811,3230,2,20000.00,active,"2024-06-27 09:58:40","2024-11-04 08:57:39",Dev Token,Dev Token
812,3230,3,30000.00,active,"2024-06-27 09:58:41","2024-11-04 08:57:40",Dev Token,Dev Token
813,3230,4,40000.00,active,"2024-06-27 09:58:43","2024-11-04 08:57:42",Dev Token,Dev Token
814,1854,2,20000.00,active,"2024-06-27 09:58:45","2024-11-04 08:59:03",Dev Token,Dev Token
815,1854,3,30000.00,active,"2024-06-27 09:58:47","2024-11-04 08:59:04",Dev Token,Dev Token
816,1854,4,40000.00,active,"2024-06-27 09:58:48","2024-11-04 08:59:05",Dev Token,Dev Token
817,1855,2,20000.00,active,"2024-06-27 09:58:50","2024-11-04 08:59:06",Dev Token,Dev Token
818,1855,3,30000.00,active,"2024-06-27 09:58:51","2024-11-04 08:59:08",Dev Token,Dev Token
819,1855,4,40000.00,active,"2024-06-27 09:58:53","2024-11-04 08:59:09",Dev Token,Dev Token
820,1856,2,20000.00,active,"2024-06-27 09:58:55","2024-11-04 08:59:10",Dev Token,Dev Token
821,1856,3,30000.00,active,"2024-06-27 09:58:56","2024-11-04 08:59:11",Dev Token,Dev Token
822,1856,4,40000.00,active,"2024-06-27 09:58:58","2024-11-04 08:59:12",Dev Token,Dev Token
823,3219,2,20000.00,active,"2024-06-27 09:59:00","2024-11-04 08:57:46",Dev Token,Dev Token
824,3219,3,30000.00,active,"2024-06-27 09:59:02","2024-11-04 08:57:47",Dev Token,Dev Token
825,3219,4,40000.00,active,"2024-06-27 09:59:03","2024-11-04 08:57:48",Dev Token,Dev Token
826,3262,2,20000.00,active,"2024-06-27 09:59:05","2024-11-04 08:57:43",Dev Token,Dev Token
827,3262,3,30000.00,active,"2024-06-27 09:59:07","2024-11-04 08:57:44",Dev Token,Dev Token
828,3262,4,40000.00,active,"2024-06-27 09:59:09","2024-11-04 08:57:45",Dev Token,Dev Token
829,3282,2,20000.00,active,"2024-06-27 09:59:11","2024-11-04 08:57:30",Dev Token,Dev Token
830,3282,3,30000.00,active,"2024-06-27 09:59:12","2024-11-04 08:57:31",Dev Token,Dev Token
831,3282,4,40000.00,active,"2024-06-27 09:59:14","2024-11-04 08:57:32",Dev Token,Dev Token
832,1860,2,20000.00,active,"2024-06-27 09:59:15","2024-11-04 08:59:16",Dev Token,Dev Token
833,1860,3,30000.00,active,"2024-06-27 09:59:17","2024-11-04 08:59:17",Dev Token,Dev Token
834,1860,4,40000.00,active,"2024-06-27 09:59:18","2024-11-04 08:59:18",Dev Token,Dev Token
835,1861,2,20000.00,active,"2024-06-27 09:59:20","2024-11-04 08:59:19",Dev Token,Dev Token
836,1861,3,30000.00,active,"2024-06-27 09:59:22","2024-11-04 08:59:20",Dev Token,Dev Token
837,1861,4,40000.00,active,"2024-06-27 09:59:24","2024-11-04 08:59:22",Dev Token,Dev Token
838,1862,2,20000.00,active,"2024-06-27 09:59:25","2024-11-04 08:58:21",Dev Token,Dev Token
839,1862,3,30000.00,active,"2024-06-27 09:59:27","2024-11-04 08:58:22",Dev Token,Dev Token
840,1862,4,40000.00,active,"2024-06-27 09:59:29","2024-11-04 08:58:23",Dev Token,Dev Token
841,2181,2,20000.00,active,"2024-06-27 09:59:30","2024-11-04 08:58:24",Dev Token,Dev Token
842,2181,3,30000.00,active,"2024-06-27 09:59:32","2024-11-04 08:58:26",Dev Token,Dev Token
843,2181,4,40000.00,active,"2024-06-27 09:59:33","2024-11-04 08:58:27",Dev Token,Dev Token
844,1863,2,20000.00,active,"2024-06-27 09:59:35","2024-11-04 08:58:28",Dev Token,Dev Token
845,1863,3,30000.00,active,"2024-06-27 09:59:36","2024-11-04 08:58:29",Dev Token,Dev Token
846,1863,4,40000.00,active,"2024-06-27 09:59:38","2024-11-04 08:58:30",Dev Token,Dev Token
847,1864,2,20000.00,active,"2024-06-27 09:59:39","2024-11-04 08:58:31",Dev Token,Dev Token
848,1864,3,30000.00,active,"2024-06-27 09:59:41","2024-11-04 08:58:32",Dev Token,Dev Token
849,1864,4,40000.00,active,"2024-06-27 09:59:42","2024-11-04 08:58:33",Dev Token,Dev Token
850,1865,2,20000.00,active,"2024-06-27 09:59:44","2024-11-04 08:58:34",Dev Token,Dev Token
851,1865,3,30000.00,active,"2024-06-27 09:59:46","2024-11-04 08:58:35",Dev Token,Dev Token
852,1865,4,40000.00,active,"2024-06-27 09:59:48","2024-11-04 08:58:36",Dev Token,Dev Token
853,1866,2,20000.00,active,"2024-06-27 09:59:50","2024-11-04 08:58:37",Dev Token,Dev Token
854,1866,3,30000.00,active,"2024-06-27 09:59:52","2024-11-04 08:58:39",Dev Token,Dev Token
855,1866,4,40000.00,active,"2024-06-27 09:59:53","2024-11-04 08:58:40",Dev Token,Dev Token
856,1867,2,20000.00,active,"2024-06-27 09:59:55","2024-11-04 08:58:41",Dev Token,Dev Token
857,1867,3,30000.00,active,"2024-06-27 09:59:57","2024-11-04 08:58:42",Dev Token,Dev Token
858,1867,4,40000.00,active,"2024-06-27 09:59:59","2024-11-04 08:58:43",Dev Token,Dev Token
859,1868,2,20000.00,active,"2024-06-27 10:00:01","2024-11-04 08:58:44",Dev Token,Dev Token
860,1868,3,30000.00,active,"2024-06-27 10:00:03","2024-11-04 08:58:45",Dev Token,Dev Token
861,1868,4,40000.00,active,"2024-06-27 10:00:05","2024-11-04 08:58:46",Dev Token,Dev Token
862,1869,2,20000.00,active,"2024-06-27 10:00:07","2024-11-04 08:58:47",Dev Token,Dev Token
863,1869,3,30000.00,active,"2024-06-27 10:00:09","2024-11-04 08:58:48",Dev Token,Dev Token
864,1869,4,40000.00,active,"2024-06-27 10:00:11","2024-11-04 08:58:49",Dev Token,Dev Token
865,1870,2,20000.00,active,"2024-06-27 10:00:12","2024-11-04 08:58:50",Dev Token,Dev Token
866,1870,3,30000.00,active,"2024-06-27 10:00:14","2024-11-04 08:58:51",Dev Token,Dev Token
867,1870,4,40000.00,active,"2024-06-27 10:00:16","2024-11-04 08:58:52",Dev Token,Dev Token
868,1871,2,20000.00,active,"2024-06-27 10:00:17","2024-11-04 08:58:53",Dev Token,Dev Token
869,1871,3,30000.00,active,"2024-06-27 10:00:19","2024-11-04 08:58:55",Dev Token,Dev Token
870,1871,4,40000.00,active,"2024-06-27 10:00:21","2024-11-04 08:58:56",Dev Token,Dev Token
871,1872,2,20000.00,active,"2024-06-27 10:00:23","2024-11-04 08:58:08",Dev Token,Dev Token
872,1872,3,30000.00,active,"2024-06-27 10:00:24","2024-11-04 08:58:09",Dev Token,Dev Token
873,1872,4,40000.00,active,"2024-06-27 10:00:26","2024-11-04 08:58:10",Dev Token,Dev Token
874,1873,2,20000.00,active,"2024-06-27 10:00:28","2024-11-04 08:58:12",Dev Token,Dev Token
875,1873,3,30000.00,active,"2024-06-27 10:00:30","2024-11-04 08:58:13",Dev Token,Dev Token
876,1873,4,40000.00,active,"2024-06-27 10:00:32","2024-11-04 08:58:14",Dev Token,Dev Token
877,1874,2,20000.00,active,"2024-06-27 10:00:33","2024-11-04 08:58:15",Dev Token,Dev Token
878,1874,3,30000.00,active,"2024-06-27 10:00:35","2024-11-04 08:58:16",Dev Token,Dev Token
879,1874,4,40000.00,active,"2024-06-27 10:00:36","2024-11-04 08:58:17",Dev Token,Dev Token
880,1875,2,20000.00,active,"2024-06-27 10:00:38","2024-11-04 08:58:18",Dev Token,Dev Token
881,1875,3,30000.00,active,"2024-06-27 10:00:39","2024-11-04 08:58:19",Dev Token,Dev Token
882,1875,4,40000.00,active,"2024-06-27 10:00:41","2024-11-04 08:58:20",Dev Token,Dev Token
883,2189,2,20000.00,active,"2024-06-27 10:00:43","2024-11-04 08:59:13",Dev Token,Dev Token
884,2189,3,30000.00,active,"2024-06-27 10:00:45","2024-11-04 08:59:14",Dev Token,Dev Token
885,2189,4,40000.00,active,"2024-06-27 10:00:46","2024-11-04 08:59:15",Dev Token,Dev Token
886,2725,2,20000.00,active,"2024-06-27 10:00:48","2024-11-04 08:57:33",Dev Token,Dev Token
887,2725,3,30000.00,active,"2024-06-27 10:00:50","2024-11-04 08:57:34",Dev Token,Dev Token
888,2725,4,40000.00,active,"2024-06-27 10:00:52","2024-11-04 08:57:35",Dev Token,Dev Token
889,3252,2,20000.00,active,"2024-06-27 10:00:54","2024-11-04 08:55:24",Dev Token,Dev Token
890,3252,3,30000.00,active,"2024-06-27 10:00:55","2024-11-04 08:55:25",Dev Token,Dev Token
891,3252,4,40000.00,active,"2024-06-27 10:00:57","2024-11-04 08:55:26",Dev Token,Dev Token
892,3273,2,20000.00,active,"2024-06-27 10:00:59","2024-11-04 08:55:14",Dev Token,Dev Token
893,3273,3,30000.00,active,"2024-06-27 10:01:01","2024-11-04 08:55:15",Dev Token,Dev Token
894,3273,4,40000.00,active,"2024-06-27 10:01:03","2024-11-04 08:55:16",Dev Token,Dev Token
895,1339,2,20000.00,active,"2024-06-27 10:01:05","2024-11-04 08:55:46",Dev Token,Dev Token
896,1339,3,30000.00,active,"2024-06-27 10:01:07","2024-11-04 08:55:47",Dev Token,Dev Token
897,1339,4,40000.00,active,"2024-06-27 10:01:08","2024-11-04 08:55:48",Dev Token,Dev Token
898,1340,2,20000.00,active,"2024-06-27 10:01:10","2024-11-04 08:55:49",Dev Token,Dev Token
899,1340,3,30000.00,active,"2024-06-27 10:01:12","2024-11-04 08:55:50",Dev Token,Dev Token
900,1340,4,40000.00,active,"2024-06-27 10:01:13","2024-11-04 08:55:52",Dev Token,Dev Token
901,3242,2,20000.00,active,"2024-06-27 10:01:15","2024-11-04 08:55:37",Dev Token,Dev Token
902,3242,3,30000.00,active,"2024-06-27 10:01:17","2024-11-04 08:55:38",Dev Token,Dev Token
903,3242,4,40000.00,active,"2024-06-27 10:01:18","2024-11-04 08:55:39",Dev Token,Dev Token
904,3294,2,20000.00,active,"2024-06-27 10:01:20","2024-11-04 08:55:11",Dev Token,Dev Token
905,3294,3,30000.00,active,"2024-06-27 10:01:22","2024-11-04 08:55:12",Dev Token,Dev Token
906,3294,4,40000.00,active,"2024-06-27 10:01:23","2024-11-04 08:55:13",Dev Token,Dev Token
907,1343,2,20000.00,active,"2024-06-27 10:01:25","2024-11-04 08:55:40",Dev Token,Dev Token
908,1343,3,30000.00,active,"2024-06-27 10:01:26","2024-11-04 08:55:41",Dev Token,Dev Token
909,1343,4,40000.00,active,"2024-06-27 10:01:28","2024-11-04 08:55:42",Dev Token,Dev Token
910,1344,2,20000.00,active,"2024-06-27 10:01:30","2024-11-04 08:55:43",Dev Token,Dev Token
911,1344,3,30000.00,active,"2024-06-27 10:01:31","2024-11-04 08:55:44",Dev Token,Dev Token
912,1344,4,40000.00,active,"2024-06-27 10:01:33","2024-11-04 08:55:45",Dev Token,Dev Token
913,1345,2,20000.00,active,"2024-06-27 10:01:35","2024-11-04 08:55:53",Dev Token,Dev Token
914,1345,3,30000.00,active,"2024-06-27 10:01:36","2024-11-04 08:55:54",Dev Token,Dev Token
915,1345,4,40000.00,active,"2024-06-27 10:01:38","2024-11-04 08:55:55",Dev Token,Dev Token
916,1346,2,20000.00,active,"2024-06-27 10:01:40","2024-11-04 08:56:44",Dev Token,Dev Token
917,1346,3,30000.00,active,"2024-06-27 10:01:41","2024-11-04 08:56:46",Dev Token,Dev Token
918,1346,4,40000.00,active,"2024-06-27 10:01:43","2024-11-04 08:56:47",Dev Token,Dev Token
919,1347,2,20000.00,active,"2024-06-27 10:01:44","2024-11-04 08:56:48",Dev Token,Dev Token
920,1347,3,30000.00,active,"2024-06-27 10:01:45","2024-11-04 08:56:49",Dev Token,Dev Token
921,1347,4,40000.00,active,"2024-06-27 10:01:47","2024-11-04 08:56:50",Dev Token,Dev Token
922,3231,2,20000.00,active,"2024-06-27 10:01:49","2024-11-04 08:55:27",Dev Token,Dev Token
923,3231,3,30000.00,active,"2024-06-27 10:01:50","2024-11-04 08:55:28",Dev Token,Dev Token
924,3231,4,40000.00,active,"2024-06-27 10:01:52","2024-11-04 08:55:29",Dev Token,Dev Token
925,1349,2,20000.00,active,"2024-06-27 10:01:54","2024-11-04 08:56:51",Dev Token,Dev Token
926,1349,3,30000.00,active,"2024-06-27 10:01:56","2024-11-04 08:56:52",Dev Token,Dev Token
927,1349,4,40000.00,active,"2024-06-27 10:01:57","2024-11-04 08:56:53",Dev Token,Dev Token
928,1350,2,20000.00,active,"2024-06-27 10:01:58","2024-11-04 08:56:54",Dev Token,Dev Token
929,1350,3,30000.00,active,"2024-06-27 10:02:00","2024-11-04 08:56:55",Dev Token,Dev Token
930,1350,4,40000.00,active,"2024-06-27 10:02:01","2024-11-04 08:56:56",Dev Token,Dev Token
931,1351,2,20000.00,active,"2024-06-27 10:02:03","2024-11-04 08:56:57",Dev Token,Dev Token
932,1351,3,30000.00,active,"2024-06-27 10:02:04","2024-11-04 08:56:58",Dev Token,Dev Token
933,1351,4,40000.00,active,"2024-06-27 10:02:06","2024-11-04 08:56:59",Dev Token,Dev Token
934,3220,2,20000.00,active,"2024-06-27 10:02:08","2024-11-04 08:55:33",Dev Token,Dev Token
935,3220,3,30000.00,active,"2024-06-27 10:02:10","2024-11-04 08:55:34",Dev Token,Dev Token
936,3220,4,40000.00,active,"2024-06-27 10:02:12","2024-11-04 08:55:36",Dev Token,Dev Token
937,3263,2,20000.00,active,"2024-06-27 10:02:14","2024-11-04 08:55:30",Dev Token,Dev Token
938,3263,3,30000.00,active,"2024-06-27 10:02:15","2024-11-04 08:55:31",Dev Token,Dev Token
939,3263,4,40000.00,active,"2024-06-27 10:02:17","2024-11-04 08:55:32",Dev Token,Dev Token
940,3283,2,20000.00,active,"2024-06-27 10:02:18","2024-11-04 08:55:17",Dev Token,Dev Token
941,3283,3,30000.00,active,"2024-06-27 10:02:20","2024-11-04 08:55:18",Dev Token,Dev Token
942,3283,4,40000.00,active,"2024-06-27 10:02:22","2024-11-04 08:55:19",Dev Token,Dev Token
943,1355,2,20000.00,active,"2024-06-27 10:02:23","2024-11-04 08:57:04",Dev Token,Dev Token
944,1355,3,30000.00,active,"2024-06-27 10:02:25","2024-11-04 08:57:05",Dev Token,Dev Token
945,1355,4,40000.00,active,"2024-06-27 10:02:27","2024-11-04 08:57:06",Dev Token,Dev Token
946,1356,2,20000.00,active,"2024-06-27 10:02:28","2024-11-04 08:57:07",Dev Token,Dev Token
947,1356,3,30000.00,active,"2024-06-27 10:02:30","2024-11-04 08:57:08",Dev Token,Dev Token
948,1356,4,40000.00,active,"2024-06-27 10:02:31","2024-11-04 08:57:09",Dev Token,Dev Token
949,1357,2,20000.00,active,"2024-06-27 10:02:33","2024-11-04 08:56:09",Dev Token,Dev Token
950,1357,3,30000.00,active,"2024-06-27 10:02:34","2024-11-04 08:56:10",Dev Token,Dev Token
951,1357,4,40000.00,active,"2024-06-27 10:02:37","2024-11-04 08:56:11",Dev Token,Dev Token
952,1505,2,20000.00,active,"2024-06-27 10:02:38","2024-11-04 08:56:12",Dev Token,Dev Token
953,1505,3,30000.00,active,"2024-06-27 10:02:40","2024-11-04 08:56:13",Dev Token,Dev Token
954,1505,4,40000.00,active,"2024-06-27 10:02:42","2024-11-04 08:56:14",Dev Token,Dev Token
955,1358,2,20000.00,active,"2024-06-27 10:02:44","2024-11-04 08:56:15",Dev Token,Dev Token
956,1358,3,30000.00,active,"2024-06-27 10:02:45","2024-11-04 08:56:17",Dev Token,Dev Token
957,1358,4,40000.00,active,"2024-06-27 10:02:47","2024-11-04 08:56:18",Dev Token,Dev Token
958,1359,2,20000.00,active,"2024-06-27 10:02:49","2024-11-04 08:56:19",Dev Token,Dev Token
959,1359,3,30000.00,active,"2024-06-27 10:02:50","2024-11-04 08:56:20",Dev Token,Dev Token
960,1359,4,40000.00,active,"2024-06-27 10:02:52","2024-11-04 08:56:21",Dev Token,Dev Token
961,1360,2,20000.00,active,"2024-06-27 10:02:53","2024-11-04 08:56:22",Dev Token,Dev Token
962,1360,3,30000.00,active,"2024-06-27 10:02:54","2024-11-04 08:56:23",Dev Token,Dev Token
963,1360,4,40000.00,active,"2024-06-27 10:02:56","2024-11-04 08:56:24",Dev Token,Dev Token
964,1361,2,20000.00,active,"2024-06-27 10:02:58","2024-11-04 08:56:25",Dev Token,Dev Token
965,1361,3,30000.00,active,"2024-06-27 10:02:59","2024-11-04 08:56:26",Dev Token,Dev Token
966,1361,4,40000.00,active,"2024-06-27 10:03:01","2024-11-04 08:56:27",Dev Token,Dev Token
967,1362,2,20000.00,active,"2024-06-27 10:03:02","2024-11-04 08:56:28",Dev Token,Dev Token
968,1362,3,30000.00,active,"2024-06-27 10:03:03","2024-11-04 08:56:29",Dev Token,Dev Token
969,1362,4,40000.00,active,"2024-06-27 10:03:05","2024-11-04 08:56:31",Dev Token,Dev Token
970,1363,2,20000.00,active,"2024-06-27 10:03:07","2024-11-04 08:56:32",Dev Token,Dev Token
971,1363,3,30000.00,active,"2024-06-27 10:03:09","2024-11-04 08:56:33",Dev Token,Dev Token
972,1363,4,40000.00,active,"2024-06-27 10:03:10","2024-11-04 08:56:34",Dev Token,Dev Token
973,1364,2,20000.00,active,"2024-06-27 10:03:12","2024-11-04 08:56:35",Dev Token,Dev Token
974,1364,3,30000.00,active,"2024-06-27 10:03:14","2024-11-04 08:56:36",Dev Token,Dev Token
975,1364,4,40000.00,active,"2024-06-27 10:03:16","2024-11-04 08:56:37",Dev Token,Dev Token
976,1365,2,20000.00,active,"2024-06-27 10:03:18","2024-11-04 08:56:38",Dev Token,Dev Token
977,1365,3,30000.00,active,"2024-06-27 10:03:19","2024-11-04 08:56:39",Dev Token,Dev Token
978,1365,4,40000.00,active,"2024-06-27 10:03:21","2024-11-04 08:56:40",Dev Token,Dev Token
979,1366,2,20000.00,active,"2024-06-27 10:03:23","2024-11-04 08:56:41",Dev Token,Dev Token
980,1366,3,30000.00,active,"2024-06-27 10:03:25","2024-11-04 08:56:42",Dev Token,Dev Token
981,1366,4,40000.00,active,"2024-06-27 10:03:27","2024-11-04 08:56:43",Dev Token,Dev Token
982,1367,2,20000.00,active,"2024-06-27 10:03:29","2024-11-04 08:55:56",Dev Token,Dev Token
983,1367,3,30000.00,active,"2024-06-27 10:03:30","2024-11-04 08:55:57",Dev Token,Dev Token
984,1367,4,40000.00,active,"2024-06-27 10:03:32","2024-11-04 08:55:58",Dev Token,Dev Token
985,1368,2,20000.00,active,"2024-06-27 10:03:33","2024-11-04 08:55:59",Dev Token,Dev Token
986,1368,3,30000.00,active,"2024-06-27 10:03:35","2024-11-04 08:56:00",Dev Token,Dev Token
987,1368,4,40000.00,active,"2024-06-27 10:03:37","2024-11-04 08:56:02",Dev Token,Dev Token
988,1369,2,20000.00,active,"2024-06-27 10:03:38","2024-11-04 08:56:03",Dev Token,Dev Token
989,1369,3,30000.00,active,"2024-06-27 10:03:40","2024-11-04 08:56:04",Dev Token,Dev Token
990,1369,4,40000.00,active,"2024-06-27 10:03:42","2024-11-04 08:56:05",Dev Token,Dev Token
991,1370,2,20000.00,active,"2024-06-27 10:03:44","2024-11-04 08:56:06",Dev Token,Dev Token
992,1370,3,30000.00,active,"2024-06-27 10:03:46","2024-11-04 08:56:07",Dev Token,Dev Token
993,1370,4,40000.00,active,"2024-06-27 10:03:47","2024-11-04 08:56:08",Dev Token,Dev Token
994,2190,2,20000.00,active,"2024-06-27 10:03:49","2024-11-04 08:57:01",Dev Token,Dev Token
995,2190,3,30000.00,active,"2024-06-27 10:03:50","2024-11-04 08:57:02",Dev Token,Dev Token
996,2190,4,40000.00,active,"2024-06-27 10:03:52","2024-11-04 08:57:03",Dev Token,Dev Token
997,2726,2,20000.00,active,"2024-06-27 10:03:54","2024-11-04 08:55:20",Dev Token,Dev Token
998,2726,3,30000.00,active,"2024-06-27 10:03:55","2024-11-04 08:55:21",Dev Token,Dev Token
999,2726,4,40000.00,active,"2024-06-27 10:03:57","2024-11-04 08:55:22",Dev Token,Dev Token
1000,3428,2,20000.00,active,"2024-08-30 15:12:02","2024-11-04 08:50:37",Dev Token,Dev Token
1001,3428,3,30000.00,active,"2024-08-30 15:12:03","2024-11-04 08:50:38",Dev Token,Dev Token
1002,3428,4,40000.00,active,"2024-08-30 15:12:04","2024-11-04 08:50:39",Dev Token,Dev Token
1003,3439,2,20000.00,active,"2024-08-30 15:12:05","2024-11-04 08:50:40",Dev Token,Dev Token
1004,3439,3,30000.00,active,"2024-08-30 15:12:07","2024-11-04 08:50:41",Dev Token,Dev Token
1005,3439,4,40000.00,active,"2024-08-30 15:12:08","2024-11-04 08:50:42",Dev Token,Dev Token
1006,3429,2,20000.00,active,"2024-08-30 15:12:09","2024-11-04 08:52:49",Dev Token,Dev Token
1007,3429,3,30000.00,active,"2024-08-30 15:12:10","2024-11-04 08:52:50",Dev Token,Dev Token
1008,3429,4,40000.00,active,"2024-08-30 15:12:11","2024-11-04 08:52:51",Dev Token,Dev Token
1009,3440,2,20000.00,active,"2024-08-30 15:12:13","2024-11-04 08:52:52",Dev Token,Dev Token
1010,3440,3,30000.00,active,"2024-08-30 15:12:14","2024-11-04 08:52:53",Dev Token,Dev Token
1011,3440,4,40000.00,active,"2024-08-30 15:12:15","2024-11-04 08:52:54",Dev Token,Dev Token
1012,3430,2,20000.00,active,"2024-08-30 15:12:16","2024-11-04 08:55:01",Dev Token,Dev Token
1013,3430,3,30000.00,active,"2024-08-30 15:12:17","2024-11-04 08:55:02",Dev Token,Dev Token
1014,3430,4,40000.00,active,"2024-08-30 15:12:18","2024-11-04 08:55:03",Dev Token,Dev Token
1015,3441,2,20000.00,active,"2024-08-30 15:12:19","2024-11-04 08:55:04",Dev Token,Dev Token
1016,3441,3,30000.00,active,"2024-08-30 15:12:21","2024-11-04 08:55:05",Dev Token,Dev Token
1017,3441,4,40000.00,active,"2024-08-30 15:12:22","2024-11-04 08:55:06",Dev Token,Dev Token
1018,3431,2,20000.00,active,"2024-08-30 15:12:23","2024-11-04 08:48:24",Dev Token,Dev Token
1019,3431,3,30000.00,active,"2024-08-30 15:12:24","2024-11-04 08:48:25",Dev Token,Dev Token
1020,3431,4,40000.00,active,"2024-08-30 15:12:25","2024-11-04 08:48:26",Dev Token,Dev Token
1021,3442,2,20000.00,active,"2024-08-30 15:12:26","2024-11-04 08:48:27",Dev Token,Dev Token
1022,3442,3,30000.00,active,"2024-08-30 15:12:27","2024-11-04 08:48:28",Dev Token,Dev Token
1023,3442,4,40000.00,active,"2024-08-30 15:12:29","2024-11-04 08:48:29",Dev Token,Dev Token
1024,3432,2,20000.00,active,"2024-08-30 15:12:30","2024-11-04 08:46:11",Dev Token,Dev Token
1025,3432,3,30000.00,active,"2024-08-30 15:12:31","2024-11-04 08:46:12",Dev Token,Dev Token
1026,3432,4,40000.00,active,"2024-08-30 15:12:32","2024-11-04 08:46:13",Dev Token,Dev Token
1027,3443,2,20000.00,active,"2024-08-30 15:12:33","2024-11-04 08:46:14",Dev Token,Dev Token
1028,3443,3,30000.00,active,"2024-08-30 15:12:34","2024-11-04 08:46:16",Dev Token,Dev Token
1029,3443,4,40000.00,active,"2024-08-30 15:12:35","2024-11-04 08:46:17",Dev Token,Dev Token
1030,3433,2,20000.00,active,"2024-08-30 15:12:37","2024-11-04 08:43:58",Dev Token,Dev Token
1031,3433,3,30000.00,active,"2024-08-30 15:12:38","2024-11-04 08:43:59",Dev Token,Dev Token
1032,3433,4,40000.00,active,"2024-08-30 15:12:39","2024-11-04 08:44:00",Dev Token,Dev Token
1033,3444,2,20000.00,active,"2024-08-30 15:12:40","2024-11-04 08:44:02",Dev Token,Dev Token
1034,3444,3,30000.00,active,"2024-08-30 15:12:41","2024-11-04 08:44:03",Dev Token,Dev Token
1035,3444,4,40000.00,active,"2024-08-30 15:12:43","2024-11-04 08:44:04",Dev Token,Dev Token
1036,3434,2,20000.00,active,"2024-08-30 15:12:44","2024-11-04 09:03:51",Dev Token,Dev Token
1037,3434,3,30000.00,active,"2024-08-30 15:12:45","2024-11-04 09:03:52",Dev Token,Dev Token
1038,3434,4,40000.00,active,"2024-08-30 15:12:46","2024-11-04 09:03:53",Dev Token,Dev Token
1039,3445,2,20000.00,active,"2024-08-30 15:12:47","2024-11-04 09:03:54",Dev Token,Dev Token
1040,3445,3,30000.00,active,"2024-08-30 15:12:48","2024-11-04 09:03:56",Dev Token,Dev Token
1041,3445,4,40000.00,active,"2024-08-30 15:12:50","2024-11-04 09:03:57",Dev Token,Dev Token
1042,3435,2,20000.00,active,"2024-08-30 15:12:51","2024-11-04 08:59:26",Dev Token,Dev Token
1043,3435,3,30000.00,active,"2024-08-30 15:12:52","2024-11-04 08:59:27",Dev Token,Dev Token
1044,3435,4,40000.00,active,"2024-08-30 15:12:53","2024-11-04 08:59:28",Dev Token,Dev Token
1045,3446,2,20000.00,active,"2024-08-30 15:12:54","2024-11-04 08:59:29",Dev Token,Dev Token
1046,3446,3,30000.00,active,"2024-08-30 15:12:55","2024-11-04 08:59:30",Dev Token,Dev Token
1047,3446,4,40000.00,active,"2024-08-30 15:12:57","2024-11-04 08:59:31",Dev Token,Dev Token
1048,3436,2,20000.00,active,"2024-08-30 15:12:58","2024-11-04 08:57:13",Dev Token,Dev Token
1049,3436,3,30000.00,active,"2024-08-30 15:12:59","2024-11-04 08:57:15",Dev Token,Dev Token
1050,3436,4,40000.00,active,"2024-08-30 15:13:00","2024-11-04 08:57:16",Dev Token,Dev Token
1051,3447,2,20000.00,active,"2024-08-30 15:13:01","2024-11-04 08:57:17",Dev Token,Dev Token
1052,3447,3,30000.00,active,"2024-08-30 15:13:02","2024-11-04 08:57:18",Dev Token,Dev Token
1053,3447,4,40000.00,active,"2024-08-30 15:13:03","2024-11-04 08:57:19",Dev Token,Dev Token
1054,3426,2,20000.00,active,"2024-08-30 15:13:05","2024-11-04 09:01:39",Dev Token,Dev Token
1055,3426,3,30000.00,active,"2024-08-30 15:13:06","2024-11-04 09:01:40",Dev Token,Dev Token
1056,3426,4,40000.00,active,"2024-08-30 15:13:07","2024-11-04 09:01:41",Dev Token,Dev Token
1057,3437,2,20000.00,active,"2024-08-30 15:13:08","2024-11-04 09:01:42",Dev Token,Dev Token
1058,3437,3,30000.00,active,"2024-08-30 15:13:09","2024-11-04 09:01:43",Dev Token,Dev Token
1059,3437,4,40000.00,active,"2024-08-30 15:13:10","2024-11-04 09:01:44",Dev Token,Dev Token
1060,3477,2,20000.00,active,"2024-10-02 12:23:28","2024-11-04 09:01:45",Dev Token,Dev Token
1061,3477,3,30000.00,active,"2024-10-02 12:23:30","2024-11-04 09:01:47",Dev Token,Dev Token
1062,3477,4,40000.00,active,"2024-10-02 12:23:31","2024-11-04 09:01:48",Dev Token,Dev Token
1063,3470,2,20000.00,active,"2024-10-02 12:23:32","2024-11-04 08:55:07",Dev Token,Dev Token
1064,3470,3,30000.00,active,"2024-10-02 12:23:33","2024-11-04 08:55:09",Dev Token,Dev Token
1065,3470,4,40000.00,active,"2024-10-02 12:23:34","2024-11-04 08:55:10",Dev Token,Dev Token
1066,3471,2,20000.00,active,"2024-10-02 12:23:35","2024-11-04 08:48:31",Dev Token,Dev Token
1067,3471,3,30000.00,active,"2024-10-02 12:23:36","2024-11-04 08:48:32",Dev Token,Dev Token
1068,3471,4,40000.00,active,"2024-10-02 12:23:37","2024-11-04 08:48:33",Dev Token,Dev Token
1069,3472,2,20000.00,active,"2024-10-02 12:23:38","2024-11-04 08:50:43",Dev Token,Dev Token
1070,3472,3,30000.00,active,"2024-10-02 12:23:39","2024-11-04 08:50:44",Dev Token,Dev Token
1071,3472,4,40000.00,active,"2024-10-02 12:23:40","2024-11-04 08:50:45",Dev Token,Dev Token
1072,3473,2,20000.00,active,"2024-10-02 12:23:41","2024-11-04 08:52:55",Dev Token,Dev Token
1073,3473,3,30000.00,active,"2024-10-02 12:23:43","2024-11-04 08:52:56",Dev Token,Dev Token
1074,3473,4,40000.00,active,"2024-10-02 12:23:44","2024-11-04 08:52:57",Dev Token,Dev Token
1075,3474,2,20000.00,active,"2024-10-02 12:23:45","2024-11-04 08:46:18",Dev Token,Dev Token
1076,3474,3,30000.00,active,"2024-10-02 12:23:46","2024-11-04 08:46:19",Dev Token,Dev Token
1077,3474,4,40000.00,active,"2024-10-02 12:23:47","2024-11-04 08:46:20",Dev Token,Dev Token
1078,3475,2,20000.00,active,"2024-10-02 12:23:48","2024-11-04 08:44:05",Dev Token,Dev Token
1079,3475,3,30000.00,active,"2024-10-02 12:23:49","2024-11-04 08:44:06",Dev Token,Dev Token
1080,3475,4,40000.00,active,"2024-10-02 12:23:50","2024-11-04 08:44:07",Dev Token,Dev Token
1081,3476,2,20000.00,active,"2024-10-02 12:23:51","2024-11-04 08:41:51",Dev Token,Dev Token
1082,3476,3,30000.00,active,"2024-10-02 12:23:52","2024-11-04 08:41:52",Dev Token,Dev Token
1083,3476,4,40000.00,active,"2024-10-02 12:23:53","2024-11-04 08:41:53",Dev Token,Dev Token
1084,3469,2,20000.00,active,"2024-10-02 12:23:54","2024-11-04 08:39:38",Dev Token,Dev Token
1085,3469,3,30000.00,active,"2024-10-02 12:23:55","2024-11-04 08:39:39",Dev Token,Dev Token
1086,3469,4,40000.00,active,"2024-10-02 12:23:57","2024-11-04 08:39:40",Dev Token,Dev Token
1087,3507,2,20000.00,active,"2024-10-07 10:01:27","2024-11-04 08:57:20",Dev Token,Dev Token
1088,3507,3,30000.00,active,"2024-10-07 10:01:28","2024-11-04 08:57:21",Dev Token,Dev Token
1089,3507,4,40000.00,active,"2024-10-07 10:01:30","2024-11-04 08:57:22",Dev Token,Dev Token
1090,3254,2,20000.00,active,"2024-10-07 10:01:31","2024-11-04 08:39:54",Dev Token,Dev Token
1091,3254,3,30000.00,active,"2024-10-07 10:01:32","2024-11-04 08:39:55",Dev Token,Dev Token
1092,3254,4,40000.00,active,"2024-10-07 10:01:33","2024-11-04 08:39:56",Dev Token,Dev Token
1093,3275,2,20000.00,active,"2024-10-07 10:01:34","2024-11-04 08:39:44",Dev Token,Dev Token
1094,3275,3,30000.00,active,"2024-10-07 10:01:35","2024-11-04 08:39:46",Dev Token,Dev Token
1095,3275,4,40000.00,active,"2024-10-07 10:01:36","2024-11-04 08:39:47",Dev Token,Dev Token
1096,2534,2,20000.00,active,"2024-10-07 10:01:37","2024-11-04 08:40:17",Dev Token,Dev Token
1097,2534,3,30000.00,active,"2024-10-07 10:01:39","2024-11-04 08:40:18",Dev Token,Dev Token
1098,2534,4,40000.00,active,"2024-10-07 10:01:40","2024-11-04 08:40:19",Dev Token,Dev Token
1099,2535,2,20000.00,active,"2024-10-07 10:01:41","2024-11-04 08:40:20",Dev Token,Dev Token
1100,2535,3,30000.00,active,"2024-10-07 10:01:42","2024-11-04 08:40:21",Dev Token,Dev Token
1101,2535,4,40000.00,active,"2024-10-07 10:01:43","2024-11-04 08:40:22",Dev Token,Dev Token
1102,3244,2,20000.00,active,"2024-10-07 10:01:44","2024-11-04 08:40:07",Dev Token,Dev Token
1103,3244,3,30000.00,active,"2024-10-07 10:01:46","2024-11-04 08:40:08",Dev Token,Dev Token
1104,3244,4,40000.00,active,"2024-10-07 10:01:47","2024-11-04 08:40:10",Dev Token,Dev Token
1105,3296,2,20000.00,active,"2024-10-07 10:01:48","2024-11-04 08:39:41",Dev Token,Dev Token
1106,3296,3,30000.00,active,"2024-10-07 10:01:49","2024-11-04 08:39:42",Dev Token,Dev Token
1107,3296,4,40000.00,active,"2024-10-07 10:01:50","2024-11-04 08:39:43",Dev Token,Dev Token
1108,2538,2,20000.00,active,"2024-10-07 10:01:51","2024-11-04 08:40:11",Dev Token,Dev Token
1109,2538,3,30000.00,active,"2024-10-07 10:01:52","2024-11-04 08:40:12",Dev Token,Dev Token
1110,2538,4,40000.00,active,"2024-10-07 10:01:53","2024-11-04 08:40:13",Dev Token,Dev Token
1111,2539,2,20000.00,active,"2024-10-07 10:01:54","2024-11-04 08:40:14",Dev Token,Dev Token
1112,2539,3,30000.00,active,"2024-10-07 10:01:56","2024-11-04 08:40:15",Dev Token,Dev Token
1113,2539,4,40000.00,active,"2024-10-07 10:01:57","2024-11-04 08:40:16",Dev Token,Dev Token
1114,2540,2,20000.00,active,"2024-10-07 10:01:58","2024-11-04 08:40:24",Dev Token,Dev Token
1115,2540,3,30000.00,active,"2024-10-07 10:01:59","2024-11-04 08:40:25",Dev Token,Dev Token
1116,2540,4,40000.00,active,"2024-10-07 10:02:01","2024-11-04 08:40:26",Dev Token,Dev Token
1117,2541,2,20000.00,active,"2024-10-07 10:02:02","2024-11-04 08:41:16",Dev Token,Dev Token
1118,2541,3,30000.00,active,"2024-10-07 10:02:03","2024-11-04 08:41:17",Dev Token,Dev Token
1119,2541,4,40000.00,active,"2024-10-07 10:02:04","2024-11-04 08:41:18",Dev Token,Dev Token
1120,2542,2,20000.00,active,"2024-10-07 10:02:05","2024-11-04 08:41:19",Dev Token,Dev Token
1121,2542,3,30000.00,active,"2024-10-07 10:02:06","2024-11-04 08:41:20",Dev Token,Dev Token
1122,2542,4,40000.00,active,"2024-10-07 10:02:08","2024-11-04 08:41:21",Dev Token,Dev Token
1123,3233,2,20000.00,active,"2024-10-07 10:02:09","2024-11-04 08:39:57",Dev Token,Dev Token
1124,3233,3,30000.00,active,"2024-10-07 10:02:10","2024-11-04 08:39:58",Dev Token,Dev Token
1125,3233,4,40000.00,active,"2024-10-07 10:02:11","2024-11-04 08:40:00",Dev Token,Dev Token
1126,2544,2,20000.00,active,"2024-10-07 10:02:12","2024-11-04 08:41:22",Dev Token,Dev Token
1127,2544,3,30000.00,active,"2024-10-07 10:02:13","2024-11-04 08:41:23",Dev Token,Dev Token
1128,2544,4,40000.00,active,"2024-10-07 10:02:14","2024-11-04 08:41:24",Dev Token,Dev Token
1129,2545,2,20000.00,active,"2024-10-07 10:02:16","2024-11-04 08:41:25",Dev Token,Dev Token
1130,2545,3,30000.00,active,"2024-10-07 10:02:17","2024-11-04 08:41:27",Dev Token,Dev Token
1131,2545,4,40000.00,active,"2024-10-07 10:02:18","2024-11-04 08:41:28",Dev Token,Dev Token
1132,2546,2,20000.00,active,"2024-10-07 10:02:19","2024-11-04 08:41:29",Dev Token,Dev Token
1133,2546,3,30000.00,active,"2024-10-07 10:02:20","2024-11-04 08:41:30",Dev Token,Dev Token
1134,2546,4,40000.00,active,"2024-10-07 10:02:21","2024-11-04 08:41:31",Dev Token,Dev Token
1135,3222,2,20000.00,active,"2024-10-07 10:02:22","2024-11-04 08:40:04",Dev Token,Dev Token
1136,3222,3,30000.00,active,"2024-10-07 10:02:23","2024-11-04 08:40:05",Dev Token,Dev Token
1137,3222,4,40000.00,active,"2024-10-07 10:02:25","2024-11-04 08:40:06",Dev Token,Dev Token
1138,3265,2,20000.00,active,"2024-10-07 10:02:26","2024-11-04 08:40:01",Dev Token,Dev Token
1139,3265,3,30000.00,active,"2024-10-07 10:02:27","2024-11-04 08:40:02",Dev Token,Dev Token
1140,3265,4,40000.00,active,"2024-10-07 10:02:28","2024-11-04 08:40:03",Dev Token,Dev Token
1141,3285,2,20000.00,active,"2024-10-07 10:02:29","2024-11-04 08:39:48",Dev Token,Dev Token
1142,3285,3,30000.00,active,"2024-10-07 10:02:30","2024-11-04 08:39:49",Dev Token,Dev Token
1143,3285,4,40000.00,active,"2024-10-07 10:02:31","2024-11-04 08:39:50",Dev Token,Dev Token
1144,2550,2,20000.00,active,"2024-10-07 10:02:32","2024-11-04 08:41:35",Dev Token,Dev Token
1145,2550,3,30000.00,active,"2024-10-07 10:02:34","2024-11-04 08:41:36",Dev Token,Dev Token
1146,2550,4,40000.00,active,"2024-10-07 10:02:35","2024-11-04 08:41:37",Dev Token,Dev Token
1147,2551,2,20000.00,active,"2024-10-07 10:02:36","2024-11-04 08:41:38",Dev Token,Dev Token
1148,2551,3,30000.00,active,"2024-10-07 10:02:37","2024-11-04 08:41:39",Dev Token,Dev Token
1149,2551,4,40000.00,active,"2024-10-07 10:02:38","2024-11-04 08:41:40",Dev Token,Dev Token
1150,2552,2,20000.00,active,"2024-10-07 10:02:39","2024-11-04 08:40:40",Dev Token,Dev Token
1151,2552,3,30000.00,active,"2024-10-07 10:02:40","2024-11-04 08:40:41",Dev Token,Dev Token
1152,2552,4,40000.00,active,"2024-10-07 10:02:42","2024-11-04 08:40:42",Dev Token,Dev Token
1153,2553,2,20000.00,active,"2024-10-07 10:02:43","2024-11-04 08:40:43",Dev Token,Dev Token
1154,2553,3,30000.00,active,"2024-10-07 10:02:44","2024-11-04 08:40:44",Dev Token,Dev Token
1155,2553,4,40000.00,active,"2024-10-07 10:02:45","2024-11-04 08:40:45",Dev Token,Dev Token
1156,2554,2,20000.00,active,"2024-10-07 10:02:46","2024-11-04 08:40:46",Dev Token,Dev Token
1157,2554,3,30000.00,active,"2024-10-07 10:02:47","2024-11-04 08:40:47",Dev Token,Dev Token
1158,2554,4,40000.00,active,"2024-10-07 10:02:48","2024-11-04 08:40:48",Dev Token,Dev Token
1159,2555,2,20000.00,active,"2024-10-07 10:02:49","2024-11-04 08:40:49",Dev Token,Dev Token
1160,2555,3,30000.00,active,"2024-10-07 10:02:50","2024-11-04 08:40:50",Dev Token,Dev Token
1161,2555,4,40000.00,active,"2024-10-07 10:02:52","2024-11-04 08:40:51",Dev Token,Dev Token
1162,2556,2,20000.00,active,"2024-10-07 10:02:53","2024-11-04 08:40:52",Dev Token,Dev Token
1163,2556,3,30000.00,active,"2024-10-07 10:02:54","2024-11-04 08:40:54",Dev Token,Dev Token
1164,2556,4,40000.00,active,"2024-10-07 10:02:55","2024-11-04 08:40:55",Dev Token,Dev Token
1165,2557,2,20000.00,active,"2024-10-07 10:02:56","2024-11-04 08:40:56",Dev Token,Dev Token
1166,2557,3,30000.00,active,"2024-10-07 10:02:57","2024-11-04 08:40:57",Dev Token,Dev Token
1167,2557,4,40000.00,active,"2024-10-07 10:02:58","2024-11-04 08:40:58",Dev Token,Dev Token
1168,2558,2,20000.00,active,"2024-10-07 10:03:00","2024-11-04 08:40:59",Dev Token,Dev Token
1169,2558,3,30000.00,active,"2024-10-07 10:03:01","2024-11-04 08:41:01",Dev Token,Dev Token
1170,2558,4,40000.00,active,"2024-10-07 10:03:02","2024-11-04 08:41:02",Dev Token,Dev Token
1171,2559,2,20000.00,active,"2024-10-07 10:03:03","2024-11-04 08:41:03",Dev Token,Dev Token
1172,2559,3,30000.00,active,"2024-10-07 10:03:04","2024-11-04 08:41:04",Dev Token,Dev Token
1173,2559,4,40000.00,active,"2024-10-07 10:03:05","2024-11-04 08:41:05",Dev Token,Dev Token
1174,2560,2,20000.00,active,"2024-10-07 10:03:06","2024-11-04 08:41:06",Dev Token,Dev Token
1175,2560,3,30000.00,active,"2024-10-07 10:03:08","2024-11-04 08:41:07",Dev Token,Dev Token
1176,2560,4,40000.00,active,"2024-10-07 10:03:09","2024-11-04 08:41:08",Dev Token,Dev Token
1177,2561,2,20000.00,active,"2024-10-07 10:03:10","2024-11-04 08:41:09",Dev Token,Dev Token
1178,2561,3,30000.00,active,"2024-10-07 10:03:11","2024-11-04 08:41:10",Dev Token,Dev Token
1179,2561,4,40000.00,active,"2024-10-07 10:03:12","2024-11-04 08:41:11",Dev Token,Dev Token
1180,2562,2,20000.00,active,"2024-10-07 10:03:13","2024-11-04 08:41:13",Dev Token,Dev Token
1181,2562,3,30000.00,active,"2024-10-07 10:03:14","2024-11-04 08:41:14",Dev Token,Dev Token
1182,2562,4,40000.00,active,"2024-10-07 10:03:15","2024-11-04 08:41:15",Dev Token,Dev Token
1183,2563,2,20000.00,active,"2024-10-07 10:03:17","2024-11-04 08:40:27",Dev Token,Dev Token
1184,2563,3,30000.00,active,"2024-10-07 10:03:18","2024-11-04 08:40:28",Dev Token,Dev Token
1185,2563,4,40000.00,active,"2024-10-07 10:03:19","2024-11-04 08:40:29",Dev Token,Dev Token
1186,2564,2,20000.00,active,"2024-10-07 10:03:20","2024-11-04 08:40:30",Dev Token,Dev Token
1187,2564,3,30000.00,active,"2024-10-07 10:03:21","2024-11-04 08:40:31",Dev Token,Dev Token
1188,2564,4,40000.00,active,"2024-10-07 10:03:22","2024-11-04 08:40:32",Dev Token,Dev Token
1189,2565,2,20000.00,active,"2024-10-07 10:03:23","2024-11-04 08:40:33",Dev Token,Dev Token
1190,2565,3,30000.00,active,"2024-10-07 10:03:24","2024-11-04 08:40:34",Dev Token,Dev Token
1191,2565,4,40000.00,active,"2024-10-07 10:03:25","2024-11-04 08:40:35",Dev Token,Dev Token
1192,2566,2,20000.00,active,"2024-10-07 10:03:27","2024-11-04 08:40:36",Dev Token,Dev Token
1193,2566,3,30000.00,active,"2024-10-07 10:03:28","2024-11-04 08:40:37",Dev Token,Dev Token
1194,2566,4,40000.00,active,"2024-10-07 10:03:29","2024-11-04 08:40:39",Dev Token,Dev Token
1195,2700,2,20000.00,active,"2024-10-07 10:03:30","2024-11-04 08:41:32",Dev Token,Dev Token
1196,2700,3,30000.00,active,"2024-10-07 10:03:31","2024-11-04 08:41:33",Dev Token,Dev Token
1197,2700,4,40000.00,active,"2024-10-07 10:03:32","2024-11-04 08:41:34",Dev Token,Dev Token
1198,2717,2,20000.00,active,"2024-10-07 10:03:33","2024-11-04 08:39:51",Dev Token,Dev Token
1199,2717,3,30000.00,active,"2024-10-07 10:03:34","2024-11-04 08:39:52",Dev Token,Dev Token
1200,2717,4,40000.00,active,"2024-10-07 10:03:36","2024-11-04 08:39:53",Dev Token,Dev Token
1201,3427,2,20000.00,active,"2024-10-07 10:03:37","2024-11-04 08:41:45",Dev Token,Dev Token
1202,3427,3,30000.00,active,"2024-10-07 10:03:38","2024-11-04 08:41:46",Dev Token,Dev Token
1203,3427,4,40000.00,active,"2024-10-07 10:03:39","2024-11-04 08:41:47",Dev Token,Dev Token
1204,3438,2,20000.00,active,"2024-10-07 10:03:40","2024-11-04 08:41:48",Dev Token,Dev Token
1205,3438,3,30000.00,active,"2024-10-07 10:03:41","2024-11-04 08:41:49",Dev Token,Dev Token
1206,3438,4,40000.00,active,"2024-10-07 10:03:42","2024-11-04 08:41:50",Dev Token,Dev Token
1207,3253,2,20000.00,active,"2024-10-07 10:03:43","2024-11-04 08:59:49",Dev Token,Dev Token
1208,3253,3,30000.00,active,"2024-10-07 10:03:45","2024-11-04 08:59:50",Dev Token,Dev Token
1209,3253,4,40000.00,active,"2024-10-07 10:03:46","2024-11-04 08:59:51",Dev Token,Dev Token
1210,3274,2,20000.00,active,"2024-10-07 10:03:47","2024-11-04 08:59:39",Dev Token,Dev Token
1211,3274,3,30000.00,active,"2024-10-07 10:03:48","2024-11-04 08:59:40",Dev Token,Dev Token
1212,3274,4,40000.00,active,"2024-10-07 10:03:49","2024-11-04 08:59:41",Dev Token,Dev Token
1213,2364,2,20000.00,active,"2024-10-07 10:03:50","2024-11-04 09:00:12",Dev Token,Dev Token
1214,2364,3,30000.00,active,"2024-10-07 10:03:51","2024-11-04 09:00:13",Dev Token,Dev Token
1215,2364,4,40000.00,active,"2024-10-07 10:03:52","2024-11-04 09:00:14",Dev Token,Dev Token
1216,2365,2,20000.00,active,"2024-10-07 10:03:54","2024-11-04 09:00:15",Dev Token,Dev Token
1217,2365,3,30000.00,active,"2024-10-07 10:03:55","2024-11-04 09:00:16",Dev Token,Dev Token
1218,2365,4,40000.00,active,"2024-10-07 10:03:56","2024-11-04 09:00:17",Dev Token,Dev Token
1219,3243,2,20000.00,active,"2024-10-07 10:03:57","2024-11-04 09:00:02",Dev Token,Dev Token
1220,3243,3,30000.00,active,"2024-10-07 10:03:58","2024-11-04 09:00:03",Dev Token,Dev Token
1221,3243,4,40000.00,active,"2024-10-07 10:03:59","2024-11-04 09:00:04",Dev Token,Dev Token
1222,3295,2,20000.00,active,"2024-10-07 10:04:01","2024-11-04 08:59:36",Dev Token,Dev Token
1223,3295,3,30000.00,active,"2024-10-07 10:04:02","2024-11-04 08:59:37",Dev Token,Dev Token
1224,3295,4,40000.00,active,"2024-10-07 10:04:03","2024-11-04 08:59:38",Dev Token,Dev Token
1225,2368,2,20000.00,active,"2024-10-07 10:04:04","2024-11-04 09:00:05",Dev Token,Dev Token
1226,2368,3,30000.00,active,"2024-10-07 10:04:05","2024-11-04 09:00:06",Dev Token,Dev Token
1227,2368,4,40000.00,active,"2024-10-07 10:04:06","2024-11-04 09:00:07",Dev Token,Dev Token
1228,2369,2,20000.00,active,"2024-10-07 10:04:07","2024-11-04 09:00:09",Dev Token,Dev Token
1229,2369,3,30000.00,active,"2024-10-07 10:04:08","2024-11-04 09:00:10",Dev Token,Dev Token
1230,2369,4,40000.00,active,"2024-10-07 10:04:10","2024-11-04 09:00:11",Dev Token,Dev Token
1231,2370,2,20000.00,active,"2024-10-07 10:04:11","2024-11-04 09:00:18",Dev Token,Dev Token
1232,2370,3,30000.00,active,"2024-10-07 10:04:12","2024-11-04 09:00:19",Dev Token,Dev Token
1233,2370,4,40000.00,active,"2024-10-07 10:04:13","2024-11-04 09:00:21",Dev Token,Dev Token
1234,2371,2,20000.00,active,"2024-10-07 10:04:14","2024-11-04 09:01:10",Dev Token,Dev Token
1235,2371,3,30000.00,active,"2024-10-07 10:04:15","2024-11-04 09:01:11",Dev Token,Dev Token
1236,2371,4,40000.00,active,"2024-10-07 10:04:16","2024-11-04 09:01:12",Dev Token,Dev Token
1237,2372,2,20000.00,active,"2024-10-07 10:04:17","2024-11-04 09:01:13",Dev Token,Dev Token
1238,2372,3,30000.00,active,"2024-10-07 10:04:19","2024-11-04 09:01:14",Dev Token,Dev Token
1239,2372,4,40000.00,active,"2024-10-07 10:04:20","2024-11-04 09:01:15",Dev Token,Dev Token
1240,3232,2,20000.00,active,"2024-10-07 10:04:21","2024-11-04 08:59:52",Dev Token,Dev Token
1241,3232,3,30000.00,active,"2024-10-07 10:04:22","2024-11-04 08:59:53",Dev Token,Dev Token
1242,3232,4,40000.00,active,"2024-10-07 10:04:23","2024-11-04 08:59:54",Dev Token,Dev Token
1243,2374,2,20000.00,active,"2024-10-07 10:04:24","2024-11-04 09:01:17",Dev Token,Dev Token
1244,2374,3,30000.00,active,"2024-10-07 10:04:25","2024-11-04 09:01:18",Dev Token,Dev Token
1245,2374,4,40000.00,active,"2024-10-07 10:04:26","2024-11-04 09:01:19",Dev Token,Dev Token
1246,2375,2,20000.00,active,"2024-10-07 10:04:28","2024-11-04 09:01:20",Dev Token,Dev Token
1247,2375,3,30000.00,active,"2024-10-07 10:04:29","2024-11-04 09:01:21",Dev Token,Dev Token
1248,2375,4,40000.00,active,"2024-10-07 10:04:30","2024-11-04 09:01:22",Dev Token,Dev Token
1249,2376,2,20000.00,active,"2024-10-07 10:04:31","2024-11-04 09:01:23",Dev Token,Dev Token
1250,2376,3,30000.00,active,"2024-10-07 10:04:32","2024-11-04 09:01:24",Dev Token,Dev Token
1251,2376,4,40000.00,active,"2024-10-07 10:04:33","2024-11-04 09:01:25",Dev Token,Dev Token
1252,3221,2,20000.00,active,"2024-10-07 10:04:34","2024-11-04 08:59:58",Dev Token,Dev Token
1253,3221,3,30000.00,active,"2024-10-07 10:04:35","2024-11-04 08:59:59",Dev Token,Dev Token
1254,3221,4,40000.00,active,"2024-10-07 10:04:37","2024-11-04 09:00:01",Dev Token,Dev Token
1255,3264,2,20000.00,active,"2024-10-07 10:04:38","2024-11-04 08:59:55",Dev Token,Dev Token
1256,3264,3,30000.00,active,"2024-10-07 10:04:39","2024-11-04 08:59:56",Dev Token,Dev Token
1257,3264,4,40000.00,active,"2024-10-07 10:04:40","2024-11-04 08:59:57",Dev Token,Dev Token
1258,3284,2,20000.00,active,"2024-10-07 10:04:41","2024-11-04 08:59:42",Dev Token,Dev Token
1259,3284,3,30000.00,active,"2024-10-07 10:04:42","2024-11-04 08:59:43",Dev Token,Dev Token
1260,3284,4,40000.00,active,"2024-10-07 10:04:43","2024-11-04 08:59:44",Dev Token,Dev Token
1261,2380,2,20000.00,active,"2024-10-07 10:04:44","2024-11-04 09:01:29",Dev Token,Dev Token
1262,2380,3,30000.00,active,"2024-10-07 10:04:45","2024-11-04 09:01:30",Dev Token,Dev Token
1263,2380,4,40000.00,active,"2024-10-07 10:04:47","2024-11-04 09:01:32",Dev Token,Dev Token
1264,2381,2,20000.00,active,"2024-10-07 10:04:48","2024-11-04 09:01:33",Dev Token,Dev Token
1265,2381,3,30000.00,active,"2024-10-07 10:04:49","2024-11-04 09:01:34",Dev Token,Dev Token
1266,2381,4,40000.00,active,"2024-10-07 10:04:50","2024-11-04 09:01:35",Dev Token,Dev Token
1267,2382,2,20000.00,active,"2024-10-07 10:04:51","2024-11-04 09:00:34",Dev Token,Dev Token
1268,2382,3,30000.00,active,"2024-10-07 10:04:52","2024-11-04 09:00:36",Dev Token,Dev Token
1269,2382,4,40000.00,active,"2024-10-07 10:04:53","2024-11-04 09:00:37",Dev Token,Dev Token
1270,2383,2,20000.00,active,"2024-10-07 10:04:54","2024-11-04 09:00:38",Dev Token,Dev Token
1271,2383,3,30000.00,active,"2024-10-07 10:04:56","2024-11-04 09:00:39",Dev Token,Dev Token
1272,2383,4,40000.00,active,"2024-10-07 10:04:57","2024-11-04 09:00:40",Dev Token,Dev Token
1273,2384,2,20000.00,active,"2024-10-07 10:04:58","2024-11-04 09:00:41",Dev Token,Dev Token
1274,2384,3,30000.00,active,"2024-10-07 10:04:59","2024-11-04 09:00:42",Dev Token,Dev Token
1275,2384,4,40000.00,active,"2024-10-07 10:05:00","2024-11-04 09:00:43",Dev Token,Dev Token
1276,2385,2,20000.00,active,"2024-10-07 10:05:02","2024-11-04 09:00:44",Dev Token,Dev Token
1277,2385,3,30000.00,active,"2024-10-07 10:05:03","2024-11-04 09:00:45",Dev Token,Dev Token
1278,2385,4,40000.00,active,"2024-10-07 10:05:04","2024-11-04 09:00:46",Dev Token,Dev Token
1279,2386,2,20000.00,active,"2024-10-07 10:05:05","2024-11-04 09:00:47",Dev Token,Dev Token
1280,2386,3,30000.00,active,"2024-10-07 10:05:06","2024-11-04 09:00:48",Dev Token,Dev Token
1281,2386,4,40000.00,active,"2024-10-07 10:05:07","2024-11-04 09:00:49",Dev Token,Dev Token
1282,2387,2,20000.00,active,"2024-10-07 10:05:08","2024-11-04 09:00:51",Dev Token,Dev Token
1283,2387,3,30000.00,active,"2024-10-07 10:05:10","2024-11-04 09:00:52",Dev Token,Dev Token
1284,2387,4,40000.00,active,"2024-10-07 10:05:11","2024-11-04 09:00:53",Dev Token,Dev Token
1285,2388,2,20000.00,active,"2024-10-07 10:05:12","2024-11-04 09:00:54",Dev Token,Dev Token
1286,2388,3,30000.00,active,"2024-10-07 10:05:13","2024-11-04 09:00:55",Dev Token,Dev Token
1287,2388,4,40000.00,active,"2024-10-07 10:05:14","2024-11-04 09:00:56",Dev Token,Dev Token
1288,2389,2,20000.00,active,"2024-10-07 10:05:15","2024-11-04 09:00:57",Dev Token,Dev Token
1289,2389,3,30000.00,active,"2024-10-07 10:05:16","2024-11-04 09:00:58",Dev Token,Dev Token
1290,2389,4,40000.00,active,"2024-10-07 10:05:18","2024-11-04 09:00:59",Dev Token,Dev Token
1291,2390,2,20000.00,active,"2024-10-07 10:05:19","2024-11-04 09:01:00",Dev Token,Dev Token
1292,2390,3,30000.00,active,"2024-10-07 10:05:20","2024-11-04 09:01:01",Dev Token,Dev Token
1293,2390,4,40000.00,active,"2024-10-07 10:05:21","2024-11-04 09:01:03",Dev Token,Dev Token
1294,2391,2,20000.00,active,"2024-10-07 10:05:22","2024-11-04 09:01:04",Dev Token,Dev Token
1295,2391,3,30000.00,active,"2024-10-07 10:05:23","2024-11-04 09:01:05",Dev Token,Dev Token
1296,2391,4,40000.00,active,"2024-10-07 10:05:24","2024-11-04 09:01:06",Dev Token,Dev Token
1297,2392,2,20000.00,active,"2024-10-07 10:05:25","2024-11-04 09:01:07",Dev Token,Dev Token
1298,2392,3,30000.00,active,"2024-10-07 10:05:26","2024-11-04 09:01:08",Dev Token,Dev Token
1299,2392,4,40000.00,active,"2024-10-07 10:05:28","2024-11-04 09:01:09",Dev Token,Dev Token
1300,2393,2,20000.00,active,"2024-10-07 10:05:29","2024-11-04 09:00:22",Dev Token,Dev Token
1301,2393,3,30000.00,active,"2024-10-07 10:05:30","2024-11-04 09:00:23",Dev Token,Dev Token
1302,2393,4,40000.00,active,"2024-10-07 10:05:31","2024-11-04 09:00:24",Dev Token,Dev Token
1303,2394,2,20000.00,active,"2024-10-07 10:05:32","2024-11-04 09:00:25",Dev Token,Dev Token
1304,2394,3,30000.00,active,"2024-10-07 10:05:33","2024-11-04 09:00:26",Dev Token,Dev Token
1305,2394,4,40000.00,active,"2024-10-07 10:05:34","2024-11-04 09:00:27",Dev Token,Dev Token
1306,2395,2,20000.00,active,"2024-10-07 10:05:35","2024-11-04 09:00:28",Dev Token,Dev Token
1307,2395,3,30000.00,active,"2024-10-07 10:05:37","2024-11-04 09:00:29",Dev Token,Dev Token
1308,2395,4,40000.00,active,"2024-10-07 10:05:38","2024-11-04 09:00:30",Dev Token,Dev Token
1309,2396,2,20000.00,active,"2024-10-07 10:05:39","2024-11-04 09:00:31",Dev Token,Dev Token
1310,2396,3,30000.00,active,"2024-10-07 10:05:40","2024-11-04 09:00:32",Dev Token,Dev Token
1311,2396,4,40000.00,active,"2024-10-07 10:05:41","2024-11-04 09:00:33",Dev Token,Dev Token
1312,2530,2,20000.00,active,"2024-10-07 10:05:42","2024-11-04 09:01:26",Dev Token,Dev Token
1313,2530,3,30000.00,active,"2024-10-07 10:05:43","2024-11-04 09:01:27",Dev Token,Dev Token
1314,2530,4,40000.00,active,"2024-10-07 10:05:44","2024-11-04 09:01:28",Dev Token,Dev Token
1315,2716,2,20000.00,active,"2024-10-07 10:05:46","2024-11-04 08:59:45",Dev Token,Dev Token
1316,2716,3,30000.00,active,"2024-10-07 10:05:47","2024-11-04 08:59:46",Dev Token,Dev Token
1317,2716,4,40000.00,active,"2024-10-07 10:05:48","2024-11-04 08:59:47",Dev Token,Dev Token
1318,3495,2,20000.00,active,"2024-10-07 10:05:49","2024-11-04 08:59:32",Dev Token,Dev Token
1319,3495,3,30000.00,active,"2024-10-07 10:05:50","2024-11-04 08:59:34",Dev Token,Dev Token
1320,3495,4,40000.00,active,"2024-10-07 10:05:51","2024-11-04 08:59:35",Dev Token,Dev Token
1321,3505,2,20000.00,active,"2024-10-07 15:11:21","2024-11-04 09:01:36",Dev Token,Dev Token
1322,3505,3,30000.00,active,"2024-10-07 15:11:22","2024-11-04 09:01:37",Dev Token,Dev Token
1323,3505,4,40000.00,active,"2024-10-07 15:11:23","2024-11-04 09:01:38",Dev Token,Dev Token
1324,3504,2,20000.00,active,"2024-10-07 15:11:24","2024-11-04 08:41:42",Dev Token,Dev Token
1325,3504,3,30000.00,active,"2024-10-07 15:11:25","2024-11-04 08:41:43",Dev Token,Dev Token
1326,3504,4,40000.00,active,"2024-10-07 15:11:26","2024-11-04 08:41:44",Dev Token,Dev Token
1327,3497,2,20000.00,active,"2024-10-07 15:11:27","2024-11-04 09:03:48",Dev Token,Dev Token
1328,3497,3,30000.00,active,"2024-10-07 15:11:28","2024-11-04 09:03:49",Dev Token,Dev Token
1329,3497,4,40000.00,active,"2024-10-07 15:11:30","2024-11-04 09:03:50",Dev Token,Dev Token
1330,3508,2,20000.00,active,"2024-10-07 15:11:31","2024-11-04 08:59:23",Dev Token,Dev Token
1331,3508,3,30000.00,active,"2024-10-07 15:11:32","2024-11-04 08:59:24",Dev Token,Dev Token
1332,3508,4,40000.00,active,"2024-10-07 15:11:33","2024-11-04 08:59:25",Dev Token,Dev Token
1333,3496,2,20000.00,active,"2024-10-07 15:11:34","2024-11-04 08:57:10",Dev Token,Dev Token
1334,3496,3,30000.00,active,"2024-10-07 15:11:35","2024-11-04 08:57:11",Dev Token,Dev Token
1335,3496,4,40000.00,active,"2024-10-07 15:11:36","2024-11-04 08:57:12",Dev Token,Dev Token
1336,3503,2,20000.00,active,"2024-10-07 15:11:37","2024-11-04 08:50:33",Dev Token,Dev Token
1337,3503,3,30000.00,active,"2024-10-07 15:11:39","2024-11-04 08:50:34",Dev Token,Dev Token
1338,3503,4,40000.00,active,"2024-10-07 15:11:40","2024-11-04 08:50:35",Dev Token,Dev Token
1339,3502,2,20000.00,active,"2024-10-07 15:11:41","2024-11-04 08:52:46",Dev Token,Dev Token
1340,3502,3,30000.00,active,"2024-10-07 15:11:42","2024-11-04 08:52:47",Dev Token,Dev Token
1341,3502,4,40000.00,active,"2024-10-07 15:11:43","2024-11-04 08:52:48",Dev Token,Dev Token
1342,3501,2,20000.00,active,"2024-10-07 15:11:44","2024-11-04 08:54:58",Dev Token,Dev Token
1343,3501,3,30000.00,active,"2024-10-07 15:11:45","2024-11-04 08:54:59",Dev Token,Dev Token
1344,3501,4,40000.00,active,"2024-10-07 15:11:46","2024-11-04 08:55:00",Dev Token,Dev Token
1345,3500,2,20000.00,active,"2024-10-07 15:11:47","2024-11-04 08:48:21",Dev Token,Dev Token
1346,3500,3,30000.00,active,"2024-10-07 15:11:49","2024-11-04 08:48:22",Dev Token,Dev Token
1347,3500,4,40000.00,active,"2024-10-07 15:11:50","2024-11-04 08:48:23",Dev Token,Dev Token
1348,3499,2,20000.00,active,"2024-10-07 15:11:51","2024-11-04 08:46:08",Dev Token,Dev Token
1349,3499,3,30000.00,active,"2024-10-07 15:11:52","2024-11-04 08:46:09",Dev Token,Dev Token
1350,3499,4,40000.00,active,"2024-10-07 15:11:53","2024-11-04 08:46:10",Dev Token,Dev Token
1351,3498,2,20000.00,active,"2024-10-07 15:11:54","2024-11-04 08:43:55",Dev Token,Dev Token
1352,3498,3,30000.00,active,"2024-10-07 15:11:55","2024-11-04 08:43:56",Dev Token,Dev Token
1353,3498,4,40000.00,active,"2024-10-07 15:11:56","2024-11-04 08:43:57",Dev Token,Dev Token
1354,3579,2,20000.00,active,"2024-11-26 09:31:38","2024-11-26 09:31:39",Dev Token,Dev Token
1355,3579,3,30000.00,active,"2024-11-26 09:31:40","2024-11-26 09:31:40",Dev Token,Dev Token
1356,3579,4,40000.00,active,"2024-11-26 09:31:41","2024-11-26 09:31:41",Dev Token,Dev Token
1357,3580,2,20000.00,active,"2024-11-26 09:31:42","2024-11-26 09:31:42",Dev Token,Dev Token
1358,3580,3,30000.00,active,"2024-11-26 09:31:43","2024-11-26 09:31:43",Dev Token,Dev Token
1359,3580,4,40000.00,active,"2024-11-26 09:31:44","2024-11-26 09:31:44",Dev Token,Dev Token
1360,3587,2,20000.00,active,"2024-11-26 09:31:45","2024-11-26 09:31:45",Dev Token,Dev Token
1361,3587,3,30000.00,active,"2024-11-26 09:31:46","2024-11-26 09:31:46",Dev Token,Dev Token
1362,3587,4,40000.00,active,"2024-11-26 09:31:48","2024-11-26 09:31:48",Dev Token,Dev Token
1363,3578,2,20000.00,active,"2024-11-26 09:31:49","2024-11-26 09:31:49",Dev Token,Dev Token
1364,3578,3,30000.00,active,"2024-11-26 09:31:50","2024-11-26 09:31:50",Dev Token,Dev Token
1365,3578,4,40000.00,active,"2024-11-26 09:31:51","2024-11-26 09:31:51",Dev Token,Dev Token
1366,3581,2,20000.00,active,"2024-11-26 09:31:52","2024-11-26 09:31:52",Dev Token,Dev Token
1367,3581,3,30000.00,active,"2024-11-26 09:31:53","2024-11-26 09:31:53",Dev Token,Dev Token
1368,3581,4,40000.00,active,"2024-11-26 09:31:54","2024-11-26 09:31:54",Dev Token,Dev Token
1369,3582,2,20000.00,active,"2024-11-26 09:31:55","2024-11-26 09:31:55",Dev Token,Dev Token
1370,3582,3,30000.00,active,"2024-11-26 09:31:56","2024-11-26 09:31:56",Dev Token,Dev Token
1371,3582,4,40000.00,active,"2024-11-26 09:31:58","2024-11-26 09:31:58",Dev Token,Dev Token
1372,3583,2,20000.00,active,"2024-11-26 09:31:59","2024-11-26 09:31:59",Dev Token,Dev Token
1373,3583,3,30000.00,active,"2024-11-26 09:32:00","2024-11-26 09:32:00",Dev Token,Dev Token
1374,3583,4,40000.00,active,"2024-11-26 09:32:01","2024-11-26 09:32:01",Dev Token,Dev Token
1375,3584,2,20000.00,active,"2024-11-26 09:32:02","2024-11-26 09:32:02",Dev Token,Dev Token
1376,3584,3,30000.00,active,"2024-11-26 09:32:03","2024-11-26 09:32:03",Dev Token,Dev Token
1377,3584,4,40000.00,active,"2024-11-26 09:32:04","2024-11-26 09:32:04",Dev Token,Dev Token
1378,3585,2,20000.00,active,"2024-11-26 09:32:05","2024-11-26 09:32:05",Dev Token,Dev Token
1379,3585,3,30000.00,active,"2024-11-26 09:32:06","2024-11-26 09:32:07",Dev Token,Dev Token
1380,3585,4,40000.00,active,"2024-11-26 09:32:08","2024-11-26 09:32:08",Dev Token,Dev Token
1381,3586,2,20000.00,active,"2024-11-26 09:32:09","2024-11-26 09:32:09",Dev Token,Dev Token
1382,3586,3,30000.00,active,"2024-11-26 09:32:10","2024-11-26 09:32:10",Dev Token,Dev Token
1383,3586,4,40000.00,active,"2024-11-26 09:32:11","2024-11-26 09:32:11",Dev Token,Dev Token
1384,3609,2,20000.00,active,"2024-12-05 08:51:09","2024-12-05 08:51:09",Dev Token,Dev Token
1385,3609,3,30000.00,active,"2024-12-05 08:51:11","2024-12-05 08:51:11",Dev Token,Dev Token
1386,3609,4,40000.00,active,"2024-12-05 08:51:12","2024-12-05 08:51:12",Dev Token,Dev Token
1387,3615,2,20000.00,active,"2024-12-05 08:51:13","2024-12-05 08:51:13",Dev Token,Dev Token
1388,3615,3,30000.00,active,"2024-12-05 08:51:14","2024-12-05 08:51:14",Dev Token,Dev Token
1389,3615,4,40000.00,active,"2024-12-05 08:51:15","2024-12-05 08:51:15",Dev Token,Dev Token
1390,3614,2,20000.00,active,"2024-12-05 08:51:16","2024-12-05 08:51:16",Dev Token,Dev Token
1391,3614,3,30000.00,active,"2024-12-05 08:51:17","2024-12-05 08:51:17",Dev Token,Dev Token
1392,3614,4,40000.00,active,"2024-12-05 08:51:19","2024-12-05 08:51:19",Dev Token,Dev Token
1393,3613,2,20000.00,active,"2024-12-05 08:51:20","2024-12-05 08:51:20",Dev Token,Dev Token
1394,3613,3,30000.00,active,"2024-12-05 08:51:21","2024-12-05 08:51:21",Dev Token,Dev Token
1395,3613,4,40000.00,active,"2024-12-05 08:51:22","2024-12-05 08:51:22",Dev Token,Dev Token
1396,3610,2,20000.00,active,"2024-12-05 08:51:23","2024-12-05 08:51:23",Dev Token,Dev Token
1397,3610,3,30000.00,active,"2024-12-05 08:51:24","2024-12-05 08:51:24",Dev Token,Dev Token
1398,3610,4,40000.00,active,"2024-12-05 08:51:25","2024-12-05 08:51:25",Dev Token,Dev Token
1399,3611,2,20000.00,active,"2024-12-05 08:51:26","2024-12-05 08:51:26",Dev Token,Dev Token
1400,3611,3,30000.00,active,"2024-12-05 08:51:28","2024-12-05 08:51:28",Dev Token,Dev Token
1401,3611,4,40000.00,active,"2024-12-05 08:51:29","2024-12-05 08:51:29",Dev Token,Dev Token
1402,3612,2,20000.00,active,"2024-12-05 08:51:30","2024-12-05 08:51:30",Dev Token,Dev Token
1403,3612,3,30000.00,active,"2024-12-05 08:51:31","2024-12-05 08:51:31",Dev Token,Dev Token
1404,3612,4,40000.00,active,"2024-12-05 08:51:32","2024-12-05 08:51:32",Dev Token,Dev Token
1405,3618,2,20000.00,active,"2024-12-05 08:51:33","2024-12-05 08:51:33",Dev Token,Dev Token
1406,3618,3,30000.00,active,"2024-12-05 08:51:34","2024-12-05 08:51:34",Dev Token,Dev Token
1407,3618,4,40000.00,active,"2024-12-05 08:51:35","2024-12-05 08:51:36",Dev Token,Dev Token
1408,3617,2,20000.00,active,"2024-12-05 08:51:37","2024-12-05 08:51:37",Dev Token,Dev Token
1409,3617,3,30000.00,active,"2024-12-05 08:51:38","2024-12-05 08:51:38",Dev Token,Dev Token
1410,3617,4,40000.00,active,"2024-12-05 08:51:39","2024-12-05 08:51:39",Dev Token,Dev Token
1411,3608,2,20000.00,active,"2024-12-05 08:51:40","2024-12-05 08:51:40",Dev Token,Dev Token
1412,3608,3,30000.00,active,"2024-12-05 08:51:41","2024-12-05 08:51:41",Dev Token,Dev Token
1413,3608,4,40000.00,active,"2024-12-05 08:51:42","2024-12-05 08:51:42",Dev Token,Dev Token
1414,3616,2,20000.00,active,"2024-12-05 08:51:43","2024-12-05 08:51:43",Dev Token,Dev Token
1415,3616,3,30000.00,active,"2024-12-05 08:51:44","2024-12-05 08:51:44",Dev Token,Dev Token
1416,3616,4,40000.00,active,"2024-12-05 08:51:46","2024-12-05 08:51:46",Dev Token,Dev Token
1417,3744,2,20000.00,active,"2024-12-23 20:54:45","2024-12-23 20:54:45",Dev Token,Dev Token
1418,3744,3,30000.00,active,"2024-12-23 20:54:46","2024-12-23 20:54:46",Dev Token,Dev Token
1419,3744,4,40000.00,active,"2024-12-23 20:54:47","2024-12-23 20:54:48",Dev Token,Dev Token
1420,3745,2,20000.00,active,"2024-12-23 20:54:49","2024-12-23 20:54:49",Dev Token,Dev Token
1421,3745,3,30000.00,active,"2024-12-23 20:54:50","2024-12-23 20:54:50",Dev Token,Dev Token
1422,3745,4,40000.00,active,"2024-12-23 20:54:51","2024-12-23 20:54:51",Dev Token,Dev Token
1423,3752,2,20000.00,active,"2024-12-23 20:54:52","2024-12-23 20:54:52",Dev Token,Dev Token
1424,3752,3,30000.00,active,"2024-12-23 20:54:53","2024-12-23 20:54:53",Dev Token,Dev Token
1425,3752,4,40000.00,active,"2024-12-23 20:54:54","2024-12-23 20:54:54",Dev Token,Dev Token
1426,3753,2,20000.00,active,"2024-12-23 20:54:55","2024-12-23 20:54:55",Dev Token,Dev Token
1427,3753,3,30000.00,active,"2024-12-23 20:54:56","2024-12-23 20:54:56",Dev Token,Dev Token
1428,3753,4,40000.00,active,"2024-12-23 20:54:57","2024-12-23 20:54:57",Dev Token,Dev Token
1429,3746,2,20000.00,active,"2024-12-23 20:54:59","2024-12-23 20:54:59",Dev Token,Dev Token
1430,3746,3,30000.00,active,"2024-12-23 20:55:00","2024-12-23 20:55:00",Dev Token,Dev Token
1431,3746,4,40000.00,active,"2024-12-23 20:55:01","2024-12-23 20:55:01",Dev Token,Dev Token
1432,3747,2,20000.00,active,"2024-12-23 20:55:02","2024-12-23 20:55:02",Dev Token,Dev Token
1433,3747,3,30000.00,active,"2024-12-23 20:55:03","2024-12-23 20:55:03",Dev Token,Dev Token
1434,3747,4,40000.00,active,"2024-12-23 20:55:04","2024-12-23 20:55:04",Dev Token,Dev Token
1435,3748,2,20000.00,active,"2024-12-23 20:55:05","2024-12-23 20:55:05",Dev Token,Dev Token
1436,3748,3,30000.00,active,"2024-12-23 20:55:06","2024-12-23 20:55:06",Dev Token,Dev Token
1437,3748,4,40000.00,active,"2024-12-23 20:55:07","2024-12-23 20:55:07",Dev Token,Dev Token
1438,3749,2,20000.00,active,"2024-12-23 20:55:08","2024-12-23 20:55:08",Dev Token,Dev Token
1439,3749,3,30000.00,active,"2024-12-23 20:55:10","2024-12-23 20:55:10",Dev Token,Dev Token
1440,3749,4,40000.00,active,"2024-12-23 20:55:11","2024-12-23 20:55:11",Dev Token,Dev Token
1441,3750,2,20000.00,active,"2024-12-23 20:55:12","2024-12-23 20:55:12",Dev Token,Dev Token
1442,3750,3,30000.00,active,"2024-12-23 20:55:13","2024-12-23 20:55:13",Dev Token,Dev Token
1443,3750,4,40000.00,active,"2024-12-23 20:55:14","2024-12-23 20:55:14",Dev Token,Dev Token
1444,3751,2,20000.00,active,"2024-12-23 20:55:15","2024-12-23 20:55:15",Dev Token,Dev Token
1445,3751,3,30000.00,active,"2024-12-23 20:55:16","2024-12-23 20:55:16",Dev Token,Dev Token
1446,3751,4,40000.00,active,"2024-12-23 20:55:17","2024-12-23 20:55:17",Dev Token,Dev Token
1447,3755,2,20000.00,active,"2024-12-26 16:24:50","2024-12-26 16:24:50",Dev Token,Dev Token
1448,3755,3,30000.00,active,"2024-12-26 16:24:51","2024-12-26 16:24:51",Dev Token,Dev Token
1449,3755,4,40000.00,active,"2024-12-26 16:24:52","2024-12-26 16:24:52",Dev Token,Dev Token
1450,3756,2,20000.00,active,"2024-12-26 16:24:53","2024-12-26 16:24:53",Dev Token,Dev Token
1451,3756,3,30000.00,active,"2024-12-26 16:24:54","2024-12-26 16:24:54",Dev Token,Dev Token
1452,3756,4,40000.00,active,"2024-12-26 16:24:55","2024-12-26 16:24:55",Dev Token,Dev Token
1453,3763,2,20000.00,active,"2024-12-26 16:24:57","2024-12-26 16:24:57",Dev Token,Dev Token
1454,3763,3,30000.00,active,"2024-12-26 16:24:58","2024-12-26 16:24:58",Dev Token,Dev Token
1455,3763,4,40000.00,active,"2024-12-26 16:24:59","2024-12-26 16:24:59",Dev Token,Dev Token
1456,3765,2,20000.00,active,"2024-12-26 16:25:01","2024-12-26 16:25:01",Dev Token,Dev Token
1457,3765,3,30000.00,active,"2024-12-26 16:25:02","2024-12-26 16:25:02",Dev Token,Dev Token
1458,3765,4,40000.00,active,"2024-12-26 16:25:03","2024-12-26 16:25:03",Dev Token,Dev Token
1459,3757,2,20000.00,active,"2024-12-26 16:25:04","2024-12-26 16:25:04",Dev Token,Dev Token
1460,3757,3,30000.00,active,"2024-12-26 16:25:05","2024-12-26 16:25:05",Dev Token,Dev Token
1461,3757,4,40000.00,active,"2024-12-26 16:25:06","2024-12-26 16:25:06",Dev Token,Dev Token
1462,3758,2,20000.00,active,"2024-12-26 16:25:07","2024-12-26 16:25:07",Dev Token,Dev Token
1463,3758,3,30000.00,active,"2024-12-26 16:25:09","2024-12-26 16:25:09",Dev Token,Dev Token
1464,3758,4,40000.00,active,"2024-12-26 16:25:10","2024-12-26 16:25:10",Dev Token,Dev Token
1465,3759,2,20000.00,active,"2024-12-26 16:25:11","2024-12-26 16:25:11",Dev Token,Dev Token
1466,3759,3,30000.00,active,"2024-12-26 16:25:12","2024-12-26 16:25:12",Dev Token,Dev Token
1467,3759,4,40000.00,active,"2024-12-26 16:25:13","2024-12-26 16:25:13",Dev Token,Dev Token
1468,3760,2,20000.00,active,"2024-12-26 16:25:14","2024-12-26 16:25:14",Dev Token,Dev Token
1469,3760,3,30000.00,active,"2024-12-26 16:25:15","2024-12-26 16:25:15",Dev Token,Dev Token
1470,3760,4,40000.00,active,"2024-12-26 16:25:17","2024-12-26 16:25:17",Dev Token,Dev Token
1471,3761,2,20000.00,active,"2024-12-26 16:25:18","2024-12-26 16:25:18",Dev Token,Dev Token
1472,3761,3,30000.00,active,"2024-12-26 16:25:19","2024-12-26 16:25:19",Dev Token,Dev Token
1473,3761,4,40000.00,active,"2024-12-26 16:25:20","2024-12-26 16:25:20",Dev Token,Dev Token
1474,3762,2,20000.00,active,"2024-12-26 16:25:21","2024-12-26 16:25:21",Dev Token,Dev Token
1475,3762,3,30000.00,active,"2024-12-26 16:25:22","2024-12-26 16:25:22",Dev Token,Dev Token
1476,3762,4,40000.00,active,"2024-12-26 16:25:23","2024-12-26 16:25:23",Dev Token,Dev Token
1477,3764,2,20000.00,active,"2024-12-26 16:25:25","2024-12-26 16:25:25",Dev Token,Dev Token
1478,3764,3,30000.00,active,"2024-12-26 16:25:26","2024-12-26 16:25:26",Dev Token,Dev Token
1479,3764,4,40000.00,active,"2024-12-26 16:25:27","2024-12-26 16:25:27",Dev Token,Dev Token
1480,3799,2,20000.00,active,"2024-12-26 16:25:28","2024-12-26 16:25:28",Dev Token,Dev Token
1481,3799,3,30000.00,active,"2024-12-26 16:25:29","2024-12-26 16:25:29",Dev Token,Dev Token
1482,3799,4,40000.00,active,"2024-12-26 16:25:30","2024-12-26 16:25:30",Dev Token,Dev Token
1483,3800,2,20000.00,active,"2024-12-26 16:25:31","2024-12-26 16:25:32",Dev Token,Dev Token
1484,3800,3,30000.00,active,"2024-12-26 16:25:33","2024-12-26 16:25:33",Dev Token,Dev Token
1485,3800,4,40000.00,active,"2024-12-26 16:25:34","2024-12-26 16:25:34",Dev Token,Dev Token
1486,3807,2,20000.00,active,"2024-12-26 16:25:35","2024-12-26 16:25:35",Dev Token,Dev Token
1487,3807,3,30000.00,active,"2024-12-26 16:25:36","2024-12-26 16:25:36",Dev Token,Dev Token
1488,3807,4,40000.00,active,"2024-12-26 16:25:38","2024-12-26 16:25:38",Dev Token,Dev Token
1489,3809,2,20000.00,active,"2024-12-26 16:25:39","2024-12-26 16:25:39",Dev Token,Dev Token
1490,3809,3,30000.00,active,"2024-12-26 16:25:40","2024-12-26 16:25:40",Dev Token,Dev Token
1491,3809,4,40000.00,active,"2024-12-26 16:25:41","2024-12-26 16:25:41",Dev Token,Dev Token
1492,3801,2,20000.00,active,"2024-12-26 16:25:42","2024-12-26 16:25:42",Dev Token,Dev Token
1493,3801,3,30000.00,active,"2024-12-26 16:25:43","2024-12-26 16:25:43",Dev Token,Dev Token
1494,3801,4,40000.00,active,"2024-12-26 16:25:44","2024-12-26 16:25:44",Dev Token,Dev Token
1495,3802,2,20000.00,active,"2024-12-26 16:25:46","2024-12-26 16:25:46",Dev Token,Dev Token
1496,3802,3,30000.00,active,"2024-12-26 16:25:47","2024-12-26 16:25:47",Dev Token,Dev Token
1497,3802,4,40000.00,active,"2024-12-26 16:25:48","2024-12-26 16:25:48",Dev Token,Dev Token
1498,3803,2,20000.00,active,"2024-12-26 16:25:49","2024-12-26 16:25:49",Dev Token,Dev Token
1499,3803,3,30000.00,active,"2024-12-26 16:25:50","2024-12-26 16:25:50",Dev Token,Dev Token
1500,3803,4,40000.00,active,"2024-12-26 16:25:51","2024-12-26 16:25:51",Dev Token,Dev Token
1501,3804,2,20000.00,active,"2024-12-26 16:25:52","2024-12-26 16:25:52",Dev Token,Dev Token
1502,3804,3,30000.00,active,"2024-12-26 16:25:54","2024-12-26 16:25:54",Dev Token,Dev Token
1503,3804,4,40000.00,active,"2024-12-26 16:25:55","2024-12-26 16:25:55",Dev Token,Dev Token
1504,3805,2,20000.00,active,"2024-12-26 16:25:56","2024-12-26 16:25:56",Dev Token,Dev Token
1505,3805,3,30000.00,active,"2024-12-26 16:25:57","2024-12-26 16:25:57",Dev Token,Dev Token
1506,3805,4,40000.00,active,"2024-12-26 16:25:58","2024-12-26 16:25:58",Dev Token,Dev Token
1507,3806,2,20000.00,active,"2024-12-26 16:25:59","2024-12-26 16:25:59",Dev Token,Dev Token
1508,3806,3,30000.00,active,"2024-12-26 16:26:01","2024-12-26 16:26:01",Dev Token,Dev Token
1509,3806,4,40000.00,active,"2024-12-26 16:26:02","2024-12-26 16:26:02",Dev Token,Dev Token
1510,3808,2,20000.00,active,"2024-12-26 16:26:03","2024-12-26 16:26:03",Dev Token,Dev Token
1511,3808,3,30000.00,active,"2024-12-26 16:26:04","2024-12-26 16:26:04",Dev Token,Dev Token
1512,3808,4,40000.00,active,"2024-12-26 16:26:05","2024-12-26 16:26:05",Dev Token,Dev Token
1513,3766,2,20000.00,active,"2024-12-26 16:26:06","2024-12-26 16:26:06",Dev Token,Dev Token
1514,3766,3,30000.00,active,"2024-12-26 16:26:07","2024-12-26 16:26:07",Dev Token,Dev Token
1515,3766,4,40000.00,active,"2024-12-26 16:26:09","2024-12-26 16:26:09",Dev Token,Dev Token
1516,3767,2,20000.00,active,"2024-12-26 16:26:10","2024-12-26 16:26:10",Dev Token,Dev Token
1517,3767,3,30000.00,active,"2024-12-26 16:26:11","2024-12-26 16:26:11",Dev Token,Dev Token
1518,3767,4,40000.00,active,"2024-12-26 16:26:12","2024-12-26 16:26:12",Dev Token,Dev Token
1519,3774,2,20000.00,active,"2024-12-26 16:26:13","2024-12-26 16:26:13",Dev Token,Dev Token
1520,3774,3,30000.00,active,"2024-12-26 16:26:14","2024-12-26 16:26:14",Dev Token,Dev Token
1521,3774,4,40000.00,active,"2024-12-26 16:26:15","2024-12-26 16:26:15",Dev Token,Dev Token
1522,3776,2,20000.00,active,"2024-12-26 16:26:17","2024-12-26 16:26:17",Dev Token,Dev Token
1523,3776,3,30000.00,active,"2024-12-26 16:26:18","2024-12-26 16:26:18",Dev Token,Dev Token
1524,3776,4,40000.00,active,"2024-12-26 16:26:19","2024-12-26 16:26:19",Dev Token,Dev Token
1525,3768,2,20000.00,active,"2024-12-26 16:26:20","2024-12-26 16:26:20",Dev Token,Dev Token
1526,3768,3,30000.00,active,"2024-12-26 16:26:21","2024-12-26 16:26:21",Dev Token,Dev Token
1527,3768,4,40000.00,active,"2024-12-26 16:26:22","2024-12-26 16:26:22",Dev Token,Dev Token
1528,3769,2,20000.00,active,"2024-12-26 16:26:23","2024-12-26 16:26:24",Dev Token,Dev Token
1529,3769,3,30000.00,active,"2024-12-26 16:26:25","2024-12-26 16:26:25",Dev Token,Dev Token
1530,3769,4,40000.00,active,"2024-12-26 16:26:26","2024-12-26 16:26:26",Dev Token,Dev Token
1531,3770,2,20000.00,active,"2024-12-26 16:26:27","2024-12-26 16:26:27",Dev Token,Dev Token
1532,3770,3,30000.00,active,"2024-12-26 16:26:28","2024-12-26 16:26:28",Dev Token,Dev Token
1533,3770,4,40000.00,active,"2024-12-26 16:26:29","2024-12-26 16:26:29",Dev Token,Dev Token
1534,3771,2,20000.00,active,"2024-12-26 16:26:30","2024-12-26 16:26:30",Dev Token,Dev Token
1535,3771,3,30000.00,active,"2024-12-26 16:26:32","2024-12-26 16:26:32",Dev Token,Dev Token
1536,3771,4,40000.00,active,"2024-12-26 16:26:33","2024-12-26 16:26:33",Dev Token,Dev Token
1537,3772,2,20000.00,active,"2024-12-26 16:26:34","2024-12-26 16:26:34",Dev Token,Dev Token
1538,3772,3,30000.00,active,"2024-12-26 16:26:35","2024-12-26 16:26:35",Dev Token,Dev Token
1539,3772,4,40000.00,active,"2024-12-26 16:26:36","2024-12-26 16:26:36",Dev Token,Dev Token
1540,3773,2,20000.00,active,"2024-12-26 16:26:38","2024-12-26 16:26:38",Dev Token,Dev Token
1541,3773,3,30000.00,active,"2024-12-26 16:26:39","2024-12-26 16:26:39",Dev Token,Dev Token
1542,3773,4,40000.00,active,"2024-12-26 16:26:40","2024-12-26 16:26:40",Dev Token,Dev Token
1543,3775,2,20000.00,active,"2024-12-26 16:26:41","2024-12-26 16:26:41",Dev Token,Dev Token
1544,3775,3,30000.00,active,"2024-12-26 16:26:43","2024-12-26 16:26:43",Dev Token,Dev Token
1545,3775,4,40000.00,active,"2024-12-26 16:26:44","2024-12-26 16:26:44",Dev Token,Dev Token
1546,3777,2,20000.00,active,"2024-12-26 16:26:45","2024-12-26 16:26:45",Dev Token,Dev Token
1547,3777,3,30000.00,active,"2024-12-26 16:26:46","2024-12-26 16:26:46",Dev Token,Dev Token
1548,3777,4,40000.00,active,"2024-12-26 16:26:47","2024-12-26 16:26:47",Dev Token,Dev Token
1549,3778,2,20000.00,active,"2024-12-26 16:26:48","2024-12-26 16:26:48",Dev Token,Dev Token
1550,3778,3,30000.00,active,"2024-12-26 16:26:50","2024-12-26 16:26:50",Dev Token,Dev Token
1551,3778,4,40000.00,active,"2024-12-26 16:26:51","2024-12-26 16:26:51",Dev Token,Dev Token
1552,3785,2,20000.00,active,"2024-12-26 16:26:52","2024-12-26 16:26:52",Dev Token,Dev Token
1553,3785,3,30000.00,active,"2024-12-26 16:26:53","2024-12-26 16:26:53",Dev Token,Dev Token
1554,3785,4,40000.00,active,"2024-12-26 16:26:54","2024-12-26 16:26:54",Dev Token,Dev Token
1555,3787,2,20000.00,active,"2024-12-26 16:26:55","2024-12-26 16:26:55",Dev Token,Dev Token
1556,3787,3,30000.00,active,"2024-12-26 16:26:56","2024-12-26 16:26:56",Dev Token,Dev Token
1557,3787,4,40000.00,active,"2024-12-26 16:26:58","2024-12-26 16:26:58",Dev Token,Dev Token
1558,3779,2,20000.00,active,"2024-12-26 16:26:59","2024-12-26 16:26:59",Dev Token,Dev Token
1559,3779,3,30000.00,active,"2024-12-26 16:27:00","2024-12-26 16:27:00",Dev Token,Dev Token
1560,3779,4,40000.00,active,"2024-12-26 16:27:01","2024-12-26 16:27:01",Dev Token,Dev Token
1561,3780,2,20000.00,active,"2024-12-26 16:27:02","2024-12-26 16:27:02",Dev Token,Dev Token
1562,3780,3,30000.00,active,"2024-12-26 16:27:03","2024-12-26 16:27:03",Dev Token,Dev Token
1563,3780,4,40000.00,active,"2024-12-26 16:27:04","2024-12-26 16:27:04",Dev Token,Dev Token
1564,3781,2,20000.00,active,"2024-12-26 16:27:06","2024-12-26 16:27:06",Dev Token,Dev Token
1565,3781,3,30000.00,active,"2024-12-26 16:27:07","2024-12-26 16:27:07",Dev Token,Dev Token
1566,3781,4,40000.00,active,"2024-12-26 16:27:08","2024-12-26 16:27:08",Dev Token,Dev Token
1567,3782,2,20000.00,active,"2024-12-26 16:27:09","2024-12-26 16:27:09",Dev Token,Dev Token
1568,3782,3,30000.00,active,"2024-12-26 16:27:10","2024-12-26 16:27:10",Dev Token,Dev Token
1569,3782,4,40000.00,active,"2024-12-26 16:27:11","2024-12-26 16:27:11",Dev Token,Dev Token
1570,3783,2,20000.00,active,"2024-12-26 16:27:12","2024-12-26 16:27:12",Dev Token,Dev Token
1571,3783,3,30000.00,active,"2024-12-26 16:27:14","2024-12-26 16:27:14",Dev Token,Dev Token
1572,3783,4,40000.00,active,"2024-12-26 16:27:15","2024-12-26 16:27:15",Dev Token,Dev Token
1573,3784,2,20000.00,active,"2024-12-26 16:27:16","2024-12-26 16:27:16",Dev Token,Dev Token
1574,3784,3,30000.00,active,"2024-12-26 16:27:17","2024-12-26 16:27:17",Dev Token,Dev Token
1575,3784,4,40000.00,active,"2024-12-26 16:27:18","2024-12-26 16:27:18",Dev Token,Dev Token
1576,3786,2,20000.00,active,"2024-12-26 16:27:19","2024-12-26 16:27:19",Dev Token,Dev Token
1577,3786,3,30000.00,active,"2024-12-26 16:27:20","2024-12-26 16:27:21",Dev Token,Dev Token
1578,3786,4,40000.00,active,"2024-12-26 16:27:22","2024-12-26 16:27:22",Dev Token,Dev Token
1579,3798,2,20000.00,active,"2024-12-26 16:27:23","2024-12-26 16:27:23",Dev Token,Dev Token
1580,3798,3,30000.00,active,"2024-12-26 16:27:24","2024-12-26 16:27:24",Dev Token,Dev Token
1581,3798,4,40000.00,active,"2024-12-26 16:27:25","2024-12-26 16:27:25",Dev Token,Dev Token
1582,3797,2,20000.00,active,"2024-12-26 16:27:26","2024-12-26 16:27:26",Dev Token,Dev Token
1583,3797,3,30000.00,active,"2024-12-26 16:27:27","2024-12-26 16:27:27",Dev Token,Dev Token
1584,3797,4,40000.00,active,"2024-12-26 16:27:28","2024-12-26 16:27:29",Dev Token,Dev Token
1585,3790,2,20000.00,active,"2024-12-26 16:27:30","2024-12-26 16:27:30",Dev Token,Dev Token
1586,3790,3,30000.00,active,"2024-12-26 16:27:31","2024-12-26 16:27:31",Dev Token,Dev Token
1587,3790,4,40000.00,active,"2024-12-26 16:27:32","2024-12-26 16:27:32",Dev Token,Dev Token
1588,3788,2,20000.00,active,"2024-12-26 16:27:33","2024-12-26 16:27:33",Dev Token,Dev Token
1589,3788,3,30000.00,active,"2024-12-26 16:27:34","2024-12-26 16:27:34",Dev Token,Dev Token
1590,3788,4,40000.00,active,"2024-12-26 16:27:36","2024-12-26 16:27:36",Dev Token,Dev Token
1591,3796,2,20000.00,active,"2024-12-26 16:27:37","2024-12-26 16:27:37",Dev Token,Dev Token
1592,3796,3,30000.00,active,"2024-12-26 16:27:38","2024-12-26 16:27:38",Dev Token,Dev Token
1593,3796,4,40000.00,active,"2024-12-26 16:27:39","2024-12-26 16:27:39",Dev Token,Dev Token
1594,3795,2,20000.00,active,"2024-12-26 16:27:40","2024-12-26 16:27:40",Dev Token,Dev Token
1595,3795,3,30000.00,active,"2024-12-26 16:27:41","2024-12-26 16:27:41",Dev Token,Dev Token
1596,3795,4,40000.00,active,"2024-12-26 16:27:42","2024-12-26 16:27:42",Dev Token,Dev Token
1597,3794,2,20000.00,active,"2024-12-26 16:27:44","2024-12-26 16:27:44",Dev Token,Dev Token
1598,3794,3,30000.00,active,"2024-12-26 16:27:45","2024-12-26 16:27:45",Dev Token,Dev Token
1599,3794,4,40000.00,active,"2024-12-26 16:27:46","2024-12-26 16:27:46",Dev Token,Dev Token
1600,3793,2,20000.00,active,"2024-12-26 16:27:47","2024-12-26 16:27:47",Dev Token,Dev Token
1601,3793,3,30000.00,active,"2024-12-26 16:27:48","2024-12-26 16:27:48",Dev Token,Dev Token
1602,3793,4,40000.00,active,"2024-12-26 16:27:49","2024-12-26 16:27:49",Dev Token,Dev Token
1603,3792,2,20000.00,active,"2024-12-26 16:27:50","2024-12-26 16:27:50",Dev Token,Dev Token
1604,3792,3,30000.00,active,"2024-12-26 16:27:52","2024-12-26 16:27:52",Dev Token,Dev Token
1605,3792,4,40000.00,active,"2024-12-26 16:27:53","2024-12-26 16:27:53",Dev Token,Dev Token
1606,3791,2,20000.00,active,"2024-12-26 16:27:54","2024-12-26 16:27:54",Dev Token,Dev Token
1607,3791,3,30000.00,active,"2024-12-26 16:27:55","2024-12-26 16:27:55",Dev Token,Dev Token
1608,3791,4,40000.00,active,"2024-12-26 16:27:56","2024-12-26 16:27:56",Dev Token,Dev Token
1609,3789,2,20000.00,active,"2024-12-26 16:27:57","2024-12-26 16:27:57",Dev Token,Dev Token
1610,3789,3,30000.00,active,"2024-12-26 16:27:59","2024-12-26 16:27:59",Dev Token,Dev Token
1611,3789,4,40000.00,active,"2024-12-26 16:28:00","2024-12-26 16:28:00",Dev Token,Dev Token
1612,3846,2,20000.00,active,"2025-01-30 18:45:14","2025-01-30 18:45:14",Dev Token,Dev Token
1613,3846,3,30000.00,active,"2025-01-30 18:45:14","2025-01-30 18:45:14",Dev Token,Dev Token
1614,3846,4,40000.00,active,"2025-01-30 18:45:14","2025-01-30 18:45:14",Dev Token,Dev Token
1615,3838,2,20000.00,active,"2025-01-30 18:45:14","2025-01-30 18:45:15",Dev Token,Dev Token
1616,3838,3,30000.00,active,"2025-01-30 18:45:15","2025-01-30 18:45:15",Dev Token,Dev Token
1617,3838,4,40000.00,active,"2025-01-30 18:45:15","2025-01-30 18:45:15",Dev Token,Dev Token
1618,3847,2,20000.00,active,"2025-01-30 18:45:15","2025-01-30 18:45:15",Dev Token,Dev Token
1619,3847,3,30000.00,active,"2025-01-30 18:45:15","2025-01-30 18:45:15",Dev Token,Dev Token
1620,3847,4,40000.00,active,"2025-01-30 18:45:16","2025-01-30 18:45:16",Dev Token,Dev Token
1621,3842,2,20000.00,active,"2025-01-30 18:45:16","2025-01-30 18:45:16",Dev Token,Dev Token
1622,3842,3,30000.00,active,"2025-01-30 18:45:16","2025-01-30 18:45:16",Dev Token,Dev Token
1623,3842,4,40000.00,active,"2025-01-30 18:45:16","2025-01-30 18:45:16",Dev Token,Dev Token
1624,3841,2,20000.00,active,"2025-01-30 18:45:16","2025-01-30 18:45:16",Dev Token,Dev Token
1625,3841,3,30000.00,active,"2025-01-30 18:45:16","2025-01-30 18:45:16",Dev Token,Dev Token
1626,3841,4,40000.00,active,"2025-01-30 18:45:17","2025-01-30 18:45:17",Dev Token,Dev Token
1627,3840,2,20000.00,active,"2025-01-30 18:45:17","2025-01-30 18:45:17",Dev Token,Dev Token
1628,3840,3,30000.00,active,"2025-01-30 18:45:17","2025-01-30 18:45:17",Dev Token,Dev Token
1629,3840,4,40000.00,active,"2025-01-30 18:45:17","2025-01-30 18:45:17",Dev Token,Dev Token
1630,3843,2,20000.00,active,"2025-01-30 18:45:17","2025-01-30 18:45:17",Dev Token,Dev Token
1631,3843,3,30000.00,active,"2025-01-30 18:45:17","2025-01-30 18:45:17",Dev Token,Dev Token
1632,3843,4,40000.00,active,"2025-01-30 18:45:17","2025-01-30 18:45:17",Dev Token,Dev Token
1633,3844,2,20000.00,active,"2025-01-30 18:45:17","2025-01-30 18:45:17",Dev Token,Dev Token
1634,3844,3,30000.00,active,"2025-01-30 18:45:17","2025-01-30 18:45:17",Dev Token,Dev Token
1635,3844,4,40000.00,active,"2025-01-30 18:45:17","2025-01-30 18:45:17",Dev Token,Dev Token
1636,3845,2,20000.00,active,"2025-01-30 18:45:17","2025-01-30 18:45:17",Dev Token,Dev Token
1637,3845,3,30000.00,active,"2025-01-30 18:45:17","2025-01-30 18:45:17",Dev Token,Dev Token
1638,3845,4,40000.00,active,"2025-01-30 18:45:18","2025-01-30 18:45:18",Dev Token,Dev Token
1639,3839,2,20000.00,active,"2025-01-30 18:45:18","2025-01-30 18:45:18",Dev Token,Dev Token
1640,3839,3,30000.00,active,"2025-01-30 18:45:18","2025-01-30 18:45:18",Dev Token,Dev Token
1641,3839,4,40000.00,active,"2025-01-30 18:45:18","2025-01-30 18:45:18",Dev Token,Dev Token
1642,3856,2,20000.00,active,"2025-01-31 12:04:36","2025-01-31 12:04:37",Dev Token,Dev Token
1643,3856,3,30000.00,active,"2025-01-31 12:04:37","2025-01-31 12:04:37",Dev Token,Dev Token
1644,3856,4,40000.00,active,"2025-01-31 12:04:37","2025-01-31 12:04:37",Dev Token,Dev Token
1645,3849,2,20000.00,active,"2025-01-31 12:04:37","2025-01-31 12:04:37",Dev Token,Dev Token
1646,3849,3,30000.00,active,"2025-01-31 12:04:37","2025-01-31 12:04:37",Dev Token,Dev Token
1647,3849,4,40000.00,active,"2025-01-31 12:04:37","2025-01-31 12:04:37",Dev Token,Dev Token
1648,3858,2,20000.00,active,"2025-01-31 12:04:38","2025-01-31 12:04:38",Dev Token,Dev Token
1649,3858,3,30000.00,active,"2025-01-31 12:04:38","2025-01-31 12:04:38",Dev Token,Dev Token
1650,3858,4,40000.00,active,"2025-01-31 12:04:38","2025-01-31 12:04:38",Dev Token,Dev Token
1651,3852,2,20000.00,active,"2025-01-31 12:04:38","2025-01-31 12:04:38",Dev Token,Dev Token
1652,3852,3,30000.00,active,"2025-01-31 12:04:38","2025-01-31 12:04:38",Dev Token,Dev Token
1653,3852,4,40000.00,active,"2025-01-31 12:04:38","2025-01-31 12:04:38",Dev Token,Dev Token
1654,3851,2,20000.00,active,"2025-01-31 12:04:38","2025-01-31 12:04:38",Dev Token,Dev Token
1655,3851,3,30000.00,active,"2025-01-31 12:04:39","2025-01-31 12:04:39",Dev Token,Dev Token
1656,3851,4,40000.00,active,"2025-01-31 12:04:39","2025-01-31 12:04:39",Dev Token,Dev Token
1657,3848,2,20000.00,active,"2025-01-31 12:04:39","2025-01-31 12:04:39",Dev Token,Dev Token
1658,3848,3,30000.00,active,"2025-01-31 12:04:39","2025-01-31 12:04:39",Dev Token,Dev Token
1659,3848,4,40000.00,active,"2025-01-31 12:04:39","2025-01-31 12:04:39",Dev Token,Dev Token
1660,3853,2,20000.00,active,"2025-01-31 12:04:39","2025-01-31 12:04:39",Dev Token,Dev Token
1661,3853,3,30000.00,active,"2025-01-31 12:04:39","2025-01-31 12:04:39",Dev Token,Dev Token
1662,3853,4,40000.00,active,"2025-01-31 12:04:40","2025-01-31 12:04:40",Dev Token,Dev Token
1663,3854,2,20000.00,active,"2025-01-31 12:04:40","2025-01-31 12:04:40",Dev Token,Dev Token
1664,3854,3,30000.00,active,"2025-01-31 12:04:40","2025-01-31 12:04:40",Dev Token,Dev Token
1665,3854,4,40000.00,active,"2025-01-31 12:04:40","2025-01-31 12:04:40",Dev Token,Dev Token
1666,3855,2,20000.00,active,"2025-01-31 12:04:40","2025-01-31 12:04:40",Dev Token,Dev Token
1667,3855,3,30000.00,active,"2025-01-31 12:04:40","2025-01-31 12:04:40",Dev Token,Dev Token
1668,3855,4,40000.00,active,"2025-01-31 12:04:40","2025-01-31 12:04:41",Dev Token,Dev Token
1669,3850,2,20000.00,active,"2025-01-31 12:04:41","2025-01-31 12:04:41",Dev Token,Dev Token
1670,3850,3,30000.00,active,"2025-01-31 12:04:41","2025-01-31 12:04:41",Dev Token,Dev Token
1671,3850,4,40000.00,active,"2025-01-31 12:04:41","2025-01-31 12:04:41",Dev Token,Dev Token
1672,3857,2,20000.00,active,"2025-01-31 12:04:41","2025-01-31 12:04:41",Dev Token,Dev Token
1673,3857,3,30000.00,active,"2025-01-31 12:04:41","2025-01-31 12:04:41",Dev Token,Dev Token
1674,3857,4,40000.00,active,"2025-01-31 12:04:41","2025-01-31 12:04:41",Dev Token,Dev Token
1675,3867,2,20000.00,active,"2025-02-10 10:08:29","2025-02-10 10:08:29",Dev Token,Dev Token
1676,3867,3,30000.00,active,"2025-02-10 10:08:30","2025-02-10 10:08:30",Dev Token,Dev Token
1677,3867,4,40000.00,active,"2025-02-10 10:08:30","2025-02-10 10:08:30",Dev Token,Dev Token
1678,3868,2,20000.00,active,"2025-02-10 10:08:30","2025-02-10 10:08:30",Dev Token,Dev Token
1679,3868,3,30000.00,active,"2025-02-10 10:08:30","2025-02-10 10:08:30",Dev Token,Dev Token
1680,3868,4,40000.00,active,"2025-02-10 10:08:30","2025-02-10 10:08:30",Dev Token,Dev Token
1681,3875,2,20000.00,active,"2025-02-10 10:08:30","2025-02-10 10:08:31",Dev Token,Dev Token
1682,3875,3,30000.00,active,"2025-02-10 10:08:31","2025-02-10 10:08:31",Dev Token,Dev Token
1683,3875,4,40000.00,active,"2025-02-10 10:08:31","2025-02-10 10:08:31",Dev Token,Dev Token
1684,3876,2,20000.00,active,"2025-02-10 10:08:31","2025-02-10 10:08:31",Dev Token,Dev Token
1685,3876,3,30000.00,active,"2025-02-10 10:08:31","2025-02-10 10:08:31",Dev Token,Dev Token
1686,3876,4,40000.00,active,"2025-02-10 10:08:31","2025-02-10 10:08:31",Dev Token,Dev Token
1687,3869,2,20000.00,active,"2025-02-10 10:08:31","2025-02-10 10:08:31",Dev Token,Dev Token
1688,3869,3,30000.00,active,"2025-02-10 10:08:31","2025-02-10 10:08:31",Dev Token,Dev Token
1689,3869,4,40000.00,active,"2025-02-10 10:08:31","2025-02-10 10:08:31",Dev Token,Dev Token
1690,3870,2,20000.00,active,"2025-02-10 10:08:31","2025-02-10 10:08:31",Dev Token,Dev Token
1691,3870,3,30000.00,active,"2025-02-10 10:08:31","2025-02-10 10:08:31",Dev Token,Dev Token
1692,3870,4,40000.00,active,"2025-02-10 10:08:31","2025-02-10 10:08:32",Dev Token,Dev Token
1693,3871,2,20000.00,active,"2025-02-10 10:08:32","2025-02-10 10:08:32",Dev Token,Dev Token
1694,3871,3,30000.00,active,"2025-02-10 10:08:32","2025-02-10 10:08:32",Dev Token,Dev Token
1695,3871,4,40000.00,active,"2025-02-10 10:08:32","2025-02-10 10:08:32",Dev Token,Dev Token
1696,3872,2,20000.00,active,"2025-02-10 10:08:32","2025-02-10 10:08:32",Dev Token,Dev Token
1697,3872,3,30000.00,active,"2025-02-10 10:08:32","2025-02-10 10:08:32",Dev Token,Dev Token
1698,3872,4,40000.00,active,"2025-02-10 10:08:32","2025-02-10 10:08:32",Dev Token,Dev Token
1699,3873,2,20000.00,active,"2025-02-10 10:08:32","2025-02-10 10:08:32",Dev Token,Dev Token
1700,3873,3,30000.00,active,"2025-02-10 10:08:32","2025-02-10 10:08:32",Dev Token,Dev Token
1701,3873,4,40000.00,active,"2025-02-10 10:08:32","2025-02-10 10:08:32",Dev Token,Dev Token
1702,3874,2,20000.00,active,"2025-02-10 10:08:32","2025-02-10 10:08:32",Dev Token,Dev Token
1703,3874,3,30000.00,active,"2025-02-10 10:08:33","2025-02-10 10:08:33",Dev Token,Dev Token
1704,3874,4,40000.00,active,"2025-02-10 10:08:33","2025-02-10 10:08:33",Dev Token,Dev Token
1705,3914,2,20000.00,active,"2025-02-14 13:19:25","2025-02-14 13:19:25",Dev Token,Dev Token
1706,3914,3,30000.00,active,"2025-02-14 13:19:25","2025-02-14 13:19:25",Dev Token,Dev Token
1707,3914,4,40000.00,active,"2025-02-14 13:19:25","2025-02-14 13:19:25",Dev Token,Dev Token
1708,3915,2,20000.00,active,"2025-02-14 13:19:25","2025-02-14 13:19:25",Dev Token,Dev Token
1709,3915,3,30000.00,active,"2025-02-14 13:19:25","2025-02-14 13:19:25",Dev Token,Dev Token
1710,3915,4,40000.00,active,"2025-02-14 13:19:25","2025-02-14 13:19:26",Dev Token,Dev Token
1711,3922,2,20000.00,active,"2025-02-14 13:19:26","2025-02-14 13:19:26",Dev Token,Dev Token
1712,3922,3,30000.00,active,"2025-02-14 13:19:26","2025-02-14 13:19:26",Dev Token,Dev Token
1713,3922,4,40000.00,active,"2025-02-14 13:19:26","2025-02-14 13:19:26",Dev Token,Dev Token
1714,3923,2,20000.00,active,"2025-02-14 13:19:26","2025-02-14 13:19:26",Dev Token,Dev Token
1715,3923,3,30000.00,active,"2025-02-14 13:19:26","2025-02-14 13:19:26",Dev Token,Dev Token
1716,3923,4,40000.00,active,"2025-02-14 13:19:27","2025-02-14 13:19:27",Dev Token,Dev Token
1717,3916,2,20000.00,active,"2025-02-14 13:19:27","2025-02-14 13:19:27",Dev Token,Dev Token
1718,3916,3,30000.00,active,"2025-02-14 13:19:27","2025-02-14 13:19:27",Dev Token,Dev Token
1719,3916,4,40000.00,active,"2025-02-14 13:19:27","2025-02-14 13:19:27",Dev Token,Dev Token
1720,3917,2,20000.00,active,"2025-02-14 13:19:27","2025-02-14 13:19:27",Dev Token,Dev Token
1721,3917,3,30000.00,active,"2025-02-14 13:19:27","2025-02-14 13:19:27",Dev Token,Dev Token
1722,3917,4,40000.00,active,"2025-02-14 13:19:27","2025-02-14 13:19:27",Dev Token,Dev Token
1723,3918,2,20000.00,active,"2025-02-14 13:19:28","2025-02-14 13:19:28",Dev Token,Dev Token
1724,3918,3,30000.00,active,"2025-02-14 13:19:28","2025-02-14 13:19:28",Dev Token,Dev Token
1725,3918,4,40000.00,active,"2025-02-14 13:19:28","2025-02-14 13:19:28",Dev Token,Dev Token
1726,3919,2,20000.00,active,"2025-02-14 13:19:28","2025-02-14 13:19:28",Dev Token,Dev Token
1727,3919,3,30000.00,active,"2025-02-14 13:19:28","2025-02-14 13:19:28",Dev Token,Dev Token
1728,3919,4,40000.00,active,"2025-02-14 13:19:28","2025-02-14 13:19:28",Dev Token,Dev Token
1729,3920,2,20000.00,active,"2025-02-14 13:19:28","2025-02-14 13:19:28",Dev Token,Dev Token
1730,3920,3,30000.00,active,"2025-02-14 13:19:29","2025-02-14 13:19:29",Dev Token,Dev Token
1731,3920,4,40000.00,active,"2025-02-14 13:19:29","2025-02-14 13:19:29",Dev Token,Dev Token
1732,3921,2,20000.00,active,"2025-02-14 13:19:29","2025-02-14 13:19:29",Dev Token,Dev Token
1733,3921,3,30000.00,active,"2025-02-14 13:19:29","2025-02-14 13:19:29",Dev Token,Dev Token
1734,3921,4,40000.00,active,"2025-02-14 13:19:29","2025-02-14 13:19:29",Dev Token,Dev Token
1735,4704,2,20000.00,active,"2025-03-11 09:03:16","2025-03-11 09:03:16",Dev Token,Dev Token
1736,4704,3,30000.00,active,"2025-03-11 09:03:17","2025-03-11 09:03:17",Dev Token,Dev Token
1737,4704,4,40000.00,active,"2025-03-11 09:03:17","2025-03-11 09:03:17",Dev Token,Dev Token
1738,4705,2,20000.00,active,"2025-03-11 09:03:17","2025-03-11 09:03:17",Dev Token,Dev Token
1739,4705,3,30000.00,active,"2025-03-11 09:03:17","2025-03-11 09:03:17",Dev Token,Dev Token
1740,4705,4,40000.00,active,"2025-03-11 09:03:18","2025-03-11 09:03:18",Dev Token,Dev Token
1741,4712,2,20000.00,active,"2025-03-11 09:03:18","2025-03-11 09:03:18",Dev Token,Dev Token
1742,4712,3,30000.00,active,"2025-03-11 09:03:18","2025-03-11 09:03:18",Dev Token,Dev Token
1743,4712,4,40000.00,active,"2025-03-11 09:03:18","2025-03-11 09:03:18",Dev Token,Dev Token
1744,4713,2,20000.00,active,"2025-03-11 09:03:18","2025-03-11 09:03:18",Dev Token,Dev Token
1745,4713,3,30000.00,active,"2025-03-11 09:03:18","2025-03-11 09:03:18",Dev Token,Dev Token
1746,4713,4,40000.00,active,"2025-03-11 09:03:18","2025-03-11 09:03:18",Dev Token,Dev Token
1747,4706,2,20000.00,active,"2025-03-11 09:03:18","2025-03-11 09:03:18",Dev Token,Dev Token
1748,4706,3,30000.00,active,"2025-03-11 09:03:18","2025-03-11 09:03:18",Dev Token,Dev Token
1749,4706,4,40000.00,active,"2025-03-11 09:03:19","2025-03-11 09:03:19",Dev Token,Dev Token
1750,4707,2,20000.00,active,"2025-03-11 09:03:19","2025-03-11 09:03:19",Dev Token,Dev Token
1751,4707,3,30000.00,active,"2025-03-11 09:03:19","2025-03-11 09:03:19",Dev Token,Dev Token
1752,4707,4,40000.00,active,"2025-03-11 09:03:19","2025-03-11 09:03:19",Dev Token,Dev Token
1753,4708,2,20000.00,active,"2025-03-11 09:03:19","2025-03-11 09:03:19",Dev Token,Dev Token
1754,4708,3,30000.00,active,"2025-03-11 09:03:19","2025-03-11 09:03:19",Dev Token,Dev Token
1755,4708,4,40000.00,active,"2025-03-11 09:03:19","2025-03-11 09:03:19",Dev Token,Dev Token
1756,4709,2,20000.00,active,"2025-03-11 09:03:19","2025-03-11 09:03:19",Dev Token,Dev Token
1757,4709,3,30000.00,active,"2025-03-11 09:03:19","2025-03-11 09:03:19",Dev Token,Dev Token
1758,4709,4,40000.00,active,"2025-03-11 09:03:19","2025-03-11 09:03:19",Dev Token,Dev Token
1759,4710,2,20000.00,active,"2025-03-11 09:03:19","2025-03-11 09:03:19",Dev Token,Dev Token
1760,4710,3,30000.00,active,"2025-03-11 09:03:20","2025-03-11 09:03:20",Dev Token,Dev Token
1761,4710,4,40000.00,active,"2025-03-11 09:03:20","2025-03-11 09:03:20",Dev Token,Dev Token
1762,4711,2,20000.00,active,"2025-03-11 09:03:20","2025-03-11 09:03:20",Dev Token,Dev Token
1763,4711,3,30000.00,active,"2025-03-11 09:03:20","2025-03-11 09:03:20",Dev Token,Dev Token
1764,4711,4,40000.00,active,"2025-03-11 09:03:20","2025-03-11 09:03:20",Dev Token,Dev Token
1765,4724,2,20000.00,active,"2025-03-11 09:03:20","2025-03-11 09:03:20",Dev Token,Dev Token
1766,4724,3,30000.00,active,"2025-03-11 09:03:20","2025-03-11 09:03:20",Dev Token,Dev Token
1767,4724,4,40000.00,active,"2025-03-11 09:03:20","2025-03-11 09:03:20",Dev Token,Dev Token
1768,4725,2,20000.00,active,"2025-03-11 09:03:20","2025-03-11 09:03:20",Dev Token,Dev Token
1769,4725,3,30000.00,active,"2025-03-11 09:03:20","2025-03-11 09:03:20",Dev Token,Dev Token
1770,4725,4,40000.00,active,"2025-03-11 09:03:20","2025-03-11 09:03:20",Dev Token,Dev Token
1771,4733,2,20000.00,active,"2025-03-11 09:03:20","2025-03-11 09:03:20",Dev Token,Dev Token
1772,4733,3,30000.00,active,"2025-03-11 09:03:20","2025-03-11 09:03:21",Dev Token,Dev Token
1773,4733,4,40000.00,active,"2025-03-11 09:03:21","2025-03-11 09:03:21",Dev Token,Dev Token
1774,4732,2,20000.00,active,"2025-03-11 09:03:21","2025-03-11 09:03:21",Dev Token,Dev Token
1775,4732,3,30000.00,active,"2025-03-11 09:03:21","2025-03-11 09:03:21",Dev Token,Dev Token
1776,4732,4,40000.00,active,"2025-03-11 09:03:21","2025-03-11 09:03:21",Dev Token,Dev Token
1777,4726,2,20000.00,active,"2025-03-11 09:03:21","2025-03-11 09:03:21",Dev Token,Dev Token
1778,4726,3,30000.00,active,"2025-03-11 09:03:21","2025-03-11 09:03:21",Dev Token,Dev Token
1779,4726,4,40000.00,active,"2025-03-11 09:03:21","2025-03-11 09:03:21",Dev Token,Dev Token
1780,4727,2,20000.00,active,"2025-03-11 09:03:21","2025-03-11 09:03:21",Dev Token,Dev Token
1781,4727,3,30000.00,active,"2025-03-11 09:03:21","2025-03-11 09:03:21",Dev Token,Dev Token
1782,4727,4,40000.00,active,"2025-03-11 09:03:21","2025-03-11 09:03:21",Dev Token,Dev Token
1783,4728,2,20000.00,active,"2025-03-11 09:03:21","2025-03-11 09:03:21",Dev Token,Dev Token
1784,4728,3,30000.00,active,"2025-03-11 09:03:22","2025-03-11 09:03:22",Dev Token,Dev Token
1785,4728,4,40000.00,active,"2025-03-11 09:03:22","2025-03-11 09:03:22",Dev Token,Dev Token
1786,4729,2,20000.00,active,"2025-03-11 09:03:22","2025-03-11 09:03:22",Dev Token,Dev Token
1787,4729,3,30000.00,active,"2025-03-11 09:03:22","2025-03-11 09:03:22",Dev Token,Dev Token
1788,4729,4,40000.00,active,"2025-03-11 09:03:22","2025-03-11 09:03:22",Dev Token,Dev Token
1789,4730,2,20000.00,active,"2025-03-11 09:03:22","2025-03-11 09:03:22",Dev Token,Dev Token
1790,4730,3,30000.00,active,"2025-03-11 09:03:22","2025-03-11 09:03:22",Dev Token,Dev Token
1791,4730,4,40000.00,active,"2025-03-11 09:03:22","2025-03-11 09:03:22",Dev Token,Dev Token
1792,4731,2,20000.00,active,"2025-03-11 09:03:22","2025-03-11 09:03:22",Dev Token,Dev Token
1793,4731,3,30000.00,active,"2025-03-11 09:03:23","2025-03-11 09:03:23",Dev Token,Dev Token
1794,4731,4,40000.00,active,"2025-03-11 09:03:23","2025-03-11 09:03:23",Dev Token,Dev Token
1795,4735,2,20000.00,active,"2025-03-11 09:03:23","2025-03-11 09:03:23",Dev Token,Dev Token
1796,4735,3,30000.00,active,"2025-03-11 09:03:23","2025-03-11 09:03:23",Dev Token,Dev Token
1797,4735,4,40000.00,active,"2025-03-11 09:03:23","2025-03-11 09:03:23",Dev Token,Dev Token
1798,4736,2,20000.00,active,"2025-03-11 09:03:23","2025-03-11 09:03:23",Dev Token,Dev Token
1799,4736,3,30000.00,active,"2025-03-11 09:03:23","2025-03-11 09:03:23",Dev Token,Dev Token
1800,4736,4,40000.00,active,"2025-03-11 09:03:23","2025-03-11 09:03:23",Dev Token,Dev Token
1801,4743,2,20000.00,active,"2025-03-11 09:03:24","2025-03-11 09:03:24",Dev Token,Dev Token
1802,4743,3,30000.00,active,"2025-03-11 09:03:24","2025-03-11 09:03:24",Dev Token,Dev Token
1803,4743,4,40000.00,active,"2025-03-11 09:03:24","2025-03-11 09:03:24",Dev Token,Dev Token
1804,4744,2,20000.00,active,"2025-03-11 09:03:24","2025-03-11 09:03:24",Dev Token,Dev Token
1805,4744,3,30000.00,active,"2025-03-11 09:03:24","2025-03-11 09:03:24",Dev Token,Dev Token
1806,4744,4,40000.00,active,"2025-03-11 09:03:25","2025-03-11 09:03:25",Dev Token,Dev Token
1807,4737,2,20000.00,active,"2025-03-11 09:03:25","2025-03-11 09:03:25",Dev Token,Dev Token
1808,4737,3,30000.00,active,"2025-03-11 09:03:25","2025-03-11 09:03:26",Dev Token,Dev Token
1809,4737,4,40000.00,active,"2025-03-11 09:03:26","2025-03-11 09:03:26",Dev Token,Dev Token
1810,4738,2,20000.00,active,"2025-03-11 09:03:26","2025-03-11 09:03:26",Dev Token,Dev Token
1811,4738,3,30000.00,active,"2025-03-11 09:03:26","2025-03-11 09:03:26",Dev Token,Dev Token
1812,4738,4,40000.00,active,"2025-03-11 09:03:26","2025-03-11 09:03:26",Dev Token,Dev Token
1813,4739,2,20000.00,active,"2025-03-11 09:03:26","2025-03-11 09:03:26",Dev Token,Dev Token
1814,4739,3,30000.00,active,"2025-03-11 09:03:26","2025-03-11 09:03:26",Dev Token,Dev Token
1815,4739,4,40000.00,active,"2025-03-11 09:03:26","2025-03-11 09:03:26",Dev Token,Dev Token
1816,4740,2,20000.00,active,"2025-03-11 09:03:26","2025-03-11 09:03:26",Dev Token,Dev Token
1817,4740,3,30000.00,active,"2025-03-11 09:03:26","2025-03-11 09:03:26",Dev Token,Dev Token
1818,4740,4,40000.00,active,"2025-03-11 09:03:26","2025-03-11 09:03:26",Dev Token,Dev Token
1819,4741,2,20000.00,active,"2025-03-11 09:03:26","2025-03-11 09:03:26",Dev Token,Dev Token
1820,4741,3,30000.00,active,"2025-03-11 09:03:26","2025-03-11 09:03:27",Dev Token,Dev Token
1821,4741,4,40000.00,active,"2025-03-11 09:03:27","2025-03-11 09:03:27",Dev Token,Dev Token
1822,4742,2,20000.00,active,"2025-03-11 09:03:27","2025-03-11 09:03:27",Dev Token,Dev Token
1823,4742,3,30000.00,active,"2025-03-11 09:03:27","2025-03-11 09:03:27",Dev Token,Dev Token
1824,4742,4,40000.00,active,"2025-03-11 09:03:27","2025-03-11 09:03:27",Dev Token,Dev Token
1825,4745,2,20000.00,active,"2025-03-11 10:27:42","2025-03-11 10:27:42",Dev Token,Dev Token
1826,4745,3,30000.00,active,"2025-03-11 10:27:42","2025-03-11 10:27:42",Dev Token,Dev Token
1827,4745,4,40000.00,active,"2025-03-11 10:27:42","2025-03-11 10:27:42",Dev Token,Dev Token
1828,4746,2,20000.00,active,"2025-03-11 10:27:42","2025-03-11 10:27:42",Dev Token,Dev Token
1829,4746,3,30000.00,active,"2025-03-11 10:27:42","2025-03-11 10:27:42",Dev Token,Dev Token
1830,4746,4,40000.00,active,"2025-03-11 10:27:42","2025-03-11 10:27:42",Dev Token,Dev Token
1831,4753,2,20000.00,active,"2025-03-11 10:27:42","2025-03-11 10:27:42",Dev Token,Dev Token
1832,4753,3,30000.00,active,"2025-03-11 10:27:43","2025-03-11 10:27:43",Dev Token,Dev Token
1833,4753,4,40000.00,active,"2025-03-11 10:27:43","2025-03-11 10:27:43",Dev Token,Dev Token
1834,4754,2,20000.00,active,"2025-03-11 10:27:43","2025-03-11 10:27:43",Dev Token,Dev Token
1835,4754,3,30000.00,active,"2025-03-11 10:27:43","2025-03-11 10:27:43",Dev Token,Dev Token
1836,4754,4,40000.00,active,"2025-03-11 10:27:43","2025-03-11 10:27:43",Dev Token,Dev Token
1837,4747,2,20000.00,active,"2025-03-11 10:27:43","2025-03-11 10:27:43",Dev Token,Dev Token
1838,4747,3,30000.00,active,"2025-03-11 10:27:43","2025-03-11 10:27:43",Dev Token,Dev Token
1839,4747,4,40000.00,active,"2025-03-11 10:27:43","2025-03-11 10:27:43",Dev Token,Dev Token
1840,4748,2,20000.00,active,"2025-03-11 10:27:43","2025-03-11 10:27:43",Dev Token,Dev Token
1841,4748,3,30000.00,active,"2025-03-11 10:27:43","2025-03-11 10:27:43",Dev Token,Dev Token
1842,4748,4,40000.00,active,"2025-03-11 10:27:43","2025-03-11 10:27:43",Dev Token,Dev Token
1843,4749,2,20000.00,active,"2025-03-11 10:27:44","2025-03-11 10:27:44",Dev Token,Dev Token
1844,4749,3,30000.00,active,"2025-03-11 10:27:44","2025-03-11 10:27:44",Dev Token,Dev Token
1845,4749,4,40000.00,active,"2025-03-11 10:27:44","2025-03-11 10:27:44",Dev Token,Dev Token
1846,4750,2,20000.00,active,"2025-03-11 10:27:44","2025-03-11 10:27:44",Dev Token,Dev Token
1847,4750,3,30000.00,active,"2025-03-11 10:27:44","2025-03-11 10:27:44",Dev Token,Dev Token
1848,4750,4,40000.00,active,"2025-03-11 10:27:44","2025-03-11 10:27:44",Dev Token,Dev Token
1849,4751,2,20000.00,active,"2025-03-11 10:27:44","2025-03-11 10:27:44",Dev Token,Dev Token
1850,4751,3,30000.00,active,"2025-03-11 10:27:44","2025-03-11 10:27:44",Dev Token,Dev Token
1851,4751,4,40000.00,active,"2025-03-11 10:27:44","2025-03-11 10:27:44",Dev Token,Dev Token
1852,4752,2,20000.00,active,"2025-03-11 10:27:44","2025-03-11 10:27:44",Dev Token,Dev Token
1853,4752,3,30000.00,active,"2025-03-11 10:27:45","2025-03-11 10:27:45",Dev Token,Dev Token
1854,4752,4,40000.00,active,"2025-03-11 10:27:45","2025-03-11 10:27:45",Dev Token,Dev Token
1855,4662,2,20000.00,active,"2025-03-11 10:27:45","2025-03-11 10:27:45",Dev Token,Dev Token
1856,4662,3,30000.00,active,"2025-03-11 10:27:45","2025-03-11 10:27:45",Dev Token,Dev Token
1857,4662,4,40000.00,active,"2025-03-11 10:27:45","2025-03-11 10:27:45",Dev Token,Dev Token
1858,4663,2,20000.00,active,"2025-03-11 10:27:45","2025-03-11 10:27:45",Dev Token,Dev Token
1859,4663,3,30000.00,active,"2025-03-11 10:27:45","2025-03-11 10:27:45",Dev Token,Dev Token
1860,4663,4,40000.00,active,"2025-03-11 10:27:45","2025-03-11 10:27:45",Dev Token,Dev Token
1861,4670,2,20000.00,active,"2025-03-11 10:27:45","2025-03-11 10:27:45",Dev Token,Dev Token
1862,4670,3,30000.00,active,"2025-03-11 10:27:45","2025-03-11 10:27:45",Dev Token,Dev Token
1863,4670,4,40000.00,active,"2025-03-11 10:27:45","2025-03-11 10:27:45",Dev Token,Dev Token
1864,4671,2,20000.00,active,"2025-03-11 10:27:46","2025-03-11 10:27:46",Dev Token,Dev Token
1865,4671,3,30000.00,active,"2025-03-11 10:27:46","2025-03-11 10:27:46",Dev Token,Dev Token
1866,4671,4,40000.00,active,"2025-03-11 10:27:46","2025-03-11 10:27:46",Dev Token,Dev Token
1867,4664,2,20000.00,active,"2025-03-11 10:27:46","2025-03-11 10:27:46",Dev Token,Dev Token
1868,4664,3,30000.00,active,"2025-03-11 10:27:46","2025-03-11 10:27:46",Dev Token,Dev Token
1869,4664,4,40000.00,active,"2025-03-11 10:27:46","2025-03-11 10:27:46",Dev Token,Dev Token
1870,4665,2,20000.00,active,"2025-03-11 10:27:46","2025-03-11 10:27:46",Dev Token,Dev Token
1871,4665,3,30000.00,active,"2025-03-11 10:27:46","2025-03-11 10:27:46",Dev Token,Dev Token
1872,4665,4,40000.00,active,"2025-03-11 10:27:46","2025-03-11 10:27:46",Dev Token,Dev Token
1873,4666,2,20000.00,active,"2025-03-11 10:27:46","2025-03-11 10:27:46",Dev Token,Dev Token
1874,4666,3,30000.00,active,"2025-03-11 10:27:46","2025-03-11 10:27:46",Dev Token,Dev Token
1875,4666,4,40000.00,active,"2025-03-11 10:27:47","2025-03-11 10:27:47",Dev Token,Dev Token
1876,4667,2,20000.00,active,"2025-03-11 10:27:47","2025-03-11 10:27:47",Dev Token,Dev Token
1877,4667,3,30000.00,active,"2025-03-11 10:27:47","2025-03-11 10:27:47",Dev Token,Dev Token
1878,4667,4,40000.00,active,"2025-03-11 10:27:47","2025-03-11 10:27:47",Dev Token,Dev Token
1879,4668,2,20000.00,active,"2025-03-11 10:27:47","2025-03-11 10:27:47",Dev Token,Dev Token
1880,4668,3,30000.00,active,"2025-03-11 10:27:47","2025-03-11 10:27:47",Dev Token,Dev Token
1881,4668,4,40000.00,active,"2025-03-11 10:27:47","2025-03-11 10:27:47",Dev Token,Dev Token
1882,4669,2,20000.00,active,"2025-03-11 10:27:47","2025-03-11 10:27:47",Dev Token,Dev Token
1883,4669,3,30000.00,active,"2025-03-11 10:27:47","2025-03-11 10:27:47",Dev Token,Dev Token
1884,4669,4,40000.00,active,"2025-03-11 10:27:47","2025-03-11 10:27:47",Dev Token,Dev Token
1885,4652,2,20000.00,active,"2025-03-11 10:27:47","2025-03-11 10:27:47",Dev Token,Dev Token
1886,4652,3,30000.00,active,"2025-03-11 10:27:47","2025-03-11 10:27:47",Dev Token,Dev Token
1887,4652,4,40000.00,active,"2025-03-11 10:27:47","2025-03-11 10:27:47",Dev Token,Dev Token
1888,4653,2,20000.00,active,"2025-03-11 10:27:48","2025-03-11 10:27:48",Dev Token,Dev Token
1889,4653,3,30000.00,active,"2025-03-11 10:27:48","2025-03-11 10:27:48",Dev Token,Dev Token
1890,4653,4,40000.00,active,"2025-03-11 10:27:48","2025-03-11 10:27:48",Dev Token,Dev Token
1891,4660,2,20000.00,active,"2025-03-11 10:27:48","2025-03-11 10:27:48",Dev Token,Dev Token
1892,4660,3,30000.00,active,"2025-03-11 10:27:48","2025-03-11 10:27:48",Dev Token,Dev Token
1893,4660,4,40000.00,active,"2025-03-11 10:27:48","2025-03-11 10:27:48",Dev Token,Dev Token
1894,4661,2,20000.00,active,"2025-03-11 10:27:48","2025-03-11 10:27:48",Dev Token,Dev Token
1895,4661,3,30000.00,active,"2025-03-11 10:27:48","2025-03-11 10:27:48",Dev Token,Dev Token
1896,4661,4,40000.00,active,"2025-03-11 10:27:48","2025-03-11 10:27:48",Dev Token,Dev Token
1897,4654,2,20000.00,active,"2025-03-11 10:27:48","2025-03-11 10:27:48",Dev Token,Dev Token
1898,4654,3,30000.00,active,"2025-03-11 10:27:49","2025-03-11 10:27:49",Dev Token,Dev Token
1899,4654,4,40000.00,active,"2025-03-11 10:27:49","2025-03-11 10:27:49",Dev Token,Dev Token
1900,4655,2,20000.00,active,"2025-03-11 10:27:49","2025-03-11 10:27:49",Dev Token,Dev Token
1901,4655,3,30000.00,active,"2025-03-11 10:27:49","2025-03-11 10:27:49",Dev Token,Dev Token
1902,4655,4,40000.00,active,"2025-03-11 10:27:49","2025-03-11 10:27:49",Dev Token,Dev Token
1903,4656,2,20000.00,active,"2025-03-11 10:27:49","2025-03-11 10:27:49",Dev Token,Dev Token
1904,4656,3,30000.00,active,"2025-03-11 10:27:49","2025-03-11 10:27:49",Dev Token,Dev Token
1905,4656,4,40000.00,active,"2025-03-11 10:27:50","2025-03-11 10:27:50",Dev Token,Dev Token
1906,4657,2,20000.00,active,"2025-03-11 10:27:50","2025-03-11 10:27:50",Dev Token,Dev Token
1907,4657,3,30000.00,active,"2025-03-11 10:27:50","2025-03-11 10:27:50",Dev Token,Dev Token
1908,4657,4,40000.00,active,"2025-03-11 10:27:50","2025-03-11 10:27:50",Dev Token,Dev Token
1909,4658,2,20000.00,active,"2025-03-11 10:27:50","2025-03-11 10:27:50",Dev Token,Dev Token
1910,4658,3,30000.00,active,"2025-03-11 10:27:50","2025-03-11 10:27:50",Dev Token,Dev Token
1911,4658,4,40000.00,active,"2025-03-11 10:27:50","2025-03-11 10:27:51",Dev Token,Dev Token
1912,4659,2,20000.00,active,"2025-03-11 10:27:51","2025-03-11 10:27:51",Dev Token,Dev Token
1913,4659,3,30000.00,active,"2025-03-11 10:27:51","2025-03-11 10:27:51",Dev Token,Dev Token
1914,4659,4,40000.00,active,"2025-03-11 10:27:51","2025-03-11 10:27:51",Dev Token,Dev Token
1915,4651,2,20000.00,active,"2025-03-11 10:27:51","2025-03-11 10:27:51",Dev Token,Dev Token
1916,4651,3,30000.00,active,"2025-03-11 10:27:51","2025-03-11 10:27:51",Dev Token,Dev Token
1917,4651,4,40000.00,active,"2025-03-11 10:27:51","2025-03-11 10:27:51",Dev Token,Dev Token
1918,4642,2,20000.00,active,"2025-03-11 10:27:51","2025-03-11 10:27:51",Dev Token,Dev Token
1919,4642,3,30000.00,active,"2025-03-11 10:27:51","2025-03-11 10:27:51",Dev Token,Dev Token
1920,4642,4,40000.00,active,"2025-03-11 10:27:51","2025-03-11 10:27:51",Dev Token,Dev Token
1921,4649,2,20000.00,active,"2025-03-11 10:27:51","2025-03-11 10:27:51",Dev Token,Dev Token
1922,4649,3,30000.00,active,"2025-03-11 10:27:51","2025-03-11 10:27:51",Dev Token,Dev Token
1923,4649,4,40000.00,active,"2025-03-11 10:27:51","2025-03-11 10:27:51",Dev Token,Dev Token
1924,4650,2,20000.00,active,"2025-03-11 10:27:52","2025-03-11 10:27:52",Dev Token,Dev Token
1925,4650,3,30000.00,active,"2025-03-11 10:27:52","2025-03-11 10:27:52",Dev Token,Dev Token
1926,4650,4,40000.00,active,"2025-03-11 10:27:52","2025-03-11 10:27:52",Dev Token,Dev Token
1927,4643,2,20000.00,active,"2025-03-11 10:27:52","2025-03-11 10:27:52",Dev Token,Dev Token
1928,4643,3,30000.00,active,"2025-03-11 10:27:52","2025-03-11 10:27:52",Dev Token,Dev Token
1929,4643,4,40000.00,active,"2025-03-11 10:27:52","2025-03-11 10:27:52",Dev Token,Dev Token
1930,4644,2,20000.00,active,"2025-03-11 10:27:52","2025-03-11 10:27:52",Dev Token,Dev Token
1931,4644,3,30000.00,active,"2025-03-11 10:27:52","2025-03-11 10:27:52",Dev Token,Dev Token
1932,4644,4,40000.00,active,"2025-03-11 10:27:52","2025-03-11 10:27:52",Dev Token,Dev Token
1933,4645,2,20000.00,active,"2025-03-11 10:27:52","2025-03-11 10:27:52",Dev Token,Dev Token
1934,4645,3,30000.00,active,"2025-03-11 10:27:52","2025-03-11 10:27:52",Dev Token,Dev Token
1935,4645,4,40000.00,active,"2025-03-11 10:27:52","2025-03-11 10:27:52",Dev Token,Dev Token
1936,4646,2,20000.00,active,"2025-03-11 10:27:53","2025-03-11 10:27:53",Dev Token,Dev Token
1937,4646,3,30000.00,active,"2025-03-11 10:27:53","2025-03-11 10:27:53",Dev Token,Dev Token
1938,4646,4,40000.00,active,"2025-03-11 10:27:53","2025-03-11 10:27:53",Dev Token,Dev Token
1939,4647,2,20000.00,active,"2025-03-11 10:27:53","2025-03-11 10:27:53",Dev Token,Dev Token
1940,4647,3,30000.00,active,"2025-03-11 10:27:53","2025-03-11 10:27:53",Dev Token,Dev Token
1941,4647,4,40000.00,active,"2025-03-11 10:27:53","2025-03-11 10:27:53",Dev Token,Dev Token
1942,4648,2,20000.00,active,"2025-03-11 10:27:53","2025-03-11 10:27:53",Dev Token,Dev Token
1943,4648,3,30000.00,active,"2025-03-11 10:27:53","2025-03-11 10:27:53",Dev Token,Dev Token
1944,4648,4,40000.00,active,"2025-03-11 10:27:53","2025-03-11 10:27:53",Dev Token,Dev Token
1945,4682,2,20000.00,active,"2025-03-11 10:27:53","2025-03-11 10:27:53",Dev Token,Dev Token
1946,4682,3,30000.00,active,"2025-03-11 10:27:53","2025-03-11 10:27:53",Dev Token,Dev Token
1947,4682,4,40000.00,active,"2025-03-11 10:27:53","2025-03-11 10:27:53",Dev Token,Dev Token
1948,4681,2,20000.00,active,"2025-03-11 10:27:53","2025-03-11 10:27:53",Dev Token,Dev Token
1949,4681,3,30000.00,active,"2025-03-11 10:27:53","2025-03-11 10:27:53",Dev Token,Dev Token
1950,4681,4,40000.00,active,"2025-03-11 10:27:54","2025-03-11 10:27:54",Dev Token,Dev Token
1951,4674,2,20000.00,active,"2025-03-11 10:27:54","2025-03-11 10:27:54",Dev Token,Dev Token
1952,4674,3,30000.00,active,"2025-03-11 10:27:54","2025-03-11 10:27:54",Dev Token,Dev Token
1953,4674,4,40000.00,active,"2025-03-11 10:27:54","2025-03-11 10:27:54",Dev Token,Dev Token
1954,4673,2,20000.00,active,"2025-03-11 10:27:54","2025-03-11 10:27:54",Dev Token,Dev Token
1955,4673,3,30000.00,active,"2025-03-11 10:27:54","2025-03-11 10:27:54",Dev Token,Dev Token
1956,4673,4,40000.00,active,"2025-03-11 10:27:54","2025-03-11 10:27:54",Dev Token,Dev Token
1957,4680,2,20000.00,active,"2025-03-11 10:27:54","2025-03-11 10:27:54",Dev Token,Dev Token
1958,4680,3,30000.00,active,"2025-03-11 10:27:54","2025-03-11 10:27:54",Dev Token,Dev Token
1959,4680,4,40000.00,active,"2025-03-11 10:27:54","2025-03-11 10:27:54",Dev Token,Dev Token
1960,4679,2,20000.00,active,"2025-03-11 10:27:54","2025-03-11 10:27:54",Dev Token,Dev Token
1961,4679,3,30000.00,active,"2025-03-11 10:27:54","2025-03-11 10:27:54",Dev Token,Dev Token
1962,4679,4,40000.00,active,"2025-03-11 10:27:55","2025-03-11 10:27:55",Dev Token,Dev Token
1963,4678,2,20000.00,active,"2025-03-11 10:27:55","2025-03-11 10:27:55",Dev Token,Dev Token
1964,4678,3,30000.00,active,"2025-03-11 10:27:55","2025-03-11 10:27:55",Dev Token,Dev Token
1965,4678,4,40000.00,active,"2025-03-11 10:27:55","2025-03-11 10:27:55",Dev Token,Dev Token
1966,4677,2,20000.00,active,"2025-03-11 10:27:55","2025-03-11 10:27:55",Dev Token,Dev Token
1967,4677,3,30000.00,active,"2025-03-11 10:27:55","2025-03-11 10:27:55",Dev Token,Dev Token
1968,4677,4,40000.00,active,"2025-03-11 10:27:55","2025-03-11 10:27:55",Dev Token,Dev Token
1969,4676,2,20000.00,active,"2025-03-11 10:27:55","2025-03-11 10:27:55",Dev Token,Dev Token
1970,4676,3,30000.00,active,"2025-03-11 10:27:55","2025-03-11 10:27:55",Dev Token,Dev Token
1971,4676,4,40000.00,active,"2025-03-11 10:27:55","2025-03-11 10:27:55",Dev Token,Dev Token
1972,4675,2,20000.00,active,"2025-03-11 10:27:56","2025-03-11 10:27:56",Dev Token,Dev Token
1973,4675,3,30000.00,active,"2025-03-11 10:27:56","2025-03-11 10:27:56",Dev Token,Dev Token
1974,4675,4,40000.00,active,"2025-03-11 10:27:56","2025-03-11 10:27:56",Dev Token,Dev Token
1975,4720,2,20000.00,active,"2025-03-11 10:27:56","2025-03-11 10:27:56",Dev Token,Dev Token
1976,4720,3,30000.00,active,"2025-03-11 10:27:56","2025-03-11 10:27:56",Dev Token,Dev Token
1977,4720,4,40000.00,active,"2025-03-11 10:27:56","2025-03-11 10:27:56",Dev Token,Dev Token
1978,4721,2,20000.00,active,"2025-03-11 10:27:56","2025-03-11 10:27:56",Dev Token,Dev Token
1979,4721,3,30000.00,active,"2025-03-11 10:27:56","2025-03-11 10:27:56",Dev Token,Dev Token
1980,4721,4,40000.00,active,"2025-03-11 10:27:56","2025-03-11 10:27:56",Dev Token,Dev Token
1981,4715,2,20000.00,active,"2025-03-11 10:27:56","2025-03-11 10:27:56",Dev Token,Dev Token
1982,4715,3,30000.00,active,"2025-03-11 10:27:56","2025-03-11 10:27:56",Dev Token,Dev Token
1983,4715,4,40000.00,active,"2025-03-11 10:27:56","2025-03-11 10:27:56",Dev Token,Dev Token
1984,4714,2,20000.00,active,"2025-03-11 10:27:57","2025-03-11 10:27:57",Dev Token,Dev Token
1985,4714,3,30000.00,active,"2025-03-11 10:27:57","2025-03-11 10:27:57",Dev Token,Dev Token
1986,4714,4,40000.00,active,"2025-03-11 10:27:57","2025-03-11 10:27:57",Dev Token,Dev Token
1987,4722,2,20000.00,active,"2025-03-11 10:27:57","2025-03-11 10:27:57",Dev Token,Dev Token
1988,4722,3,30000.00,active,"2025-03-11 10:27:57","2025-03-11 10:27:57",Dev Token,Dev Token
1989,4722,4,40000.00,active,"2025-03-11 10:27:57","2025-03-11 10:27:57",Dev Token,Dev Token
1990,4723,2,20000.00,active,"2025-03-11 10:27:57","2025-03-11 10:27:57",Dev Token,Dev Token
1991,4723,3,30000.00,active,"2025-03-11 10:27:57","2025-03-11 10:27:57",Dev Token,Dev Token
1992,4723,4,40000.00,active,"2025-03-11 10:27:57","2025-03-11 10:27:57",Dev Token,Dev Token
1993,4719,2,20000.00,active,"2025-03-11 10:27:57","2025-03-11 10:27:57",Dev Token,Dev Token
1994,4719,3,30000.00,active,"2025-03-11 10:27:57","2025-03-11 10:27:57",Dev Token,Dev Token
1995,4719,4,40000.00,active,"2025-03-11 10:27:57","2025-03-11 10:27:58",Dev Token,Dev Token
1996,4718,2,20000.00,active,"2025-03-11 10:27:58","2025-03-11 10:27:58",Dev Token,Dev Token
1997,4718,3,30000.00,active,"2025-03-11 10:27:58","2025-03-11 10:27:58",Dev Token,Dev Token
1998,4718,4,40000.00,active,"2025-03-11 10:27:58","2025-03-11 10:27:58",Dev Token,Dev Token
1999,4717,2,20000.00,active,"2025-03-11 10:27:58","2025-03-11 10:27:58",Dev Token,Dev Token
2000,4717,3,30000.00,active,"2025-03-11 10:27:58","2025-03-11 10:27:58",Dev Token,Dev Token
2001,4717,4,40000.00,active,"2025-03-11 10:27:58","2025-03-11 10:27:58",Dev Token,Dev Token
2002,4716,2,20000.00,active,"2025-03-11 10:27:58","2025-03-11 10:27:58",Dev Token,Dev Token
2003,4716,3,30000.00,active,"2025-03-11 10:27:58","2025-03-11 10:27:58",Dev Token,Dev Token
2004,4716,4,40000.00,active,"2025-03-11 10:27:58","2025-03-11 10:27:58",Dev Token,Dev Token
2005,4703,2,20000.00,active,"2025-03-11 10:27:58","2025-03-11 10:27:58",Dev Token,Dev Token
2006,4703,3,30000.00,active,"2025-03-11 10:27:58","2025-03-11 10:27:58",Dev Token,Dev Token
2007,4703,4,40000.00,active,"2025-03-11 10:27:58","2025-03-11 10:27:58",Dev Token,Dev Token
2008,4702,2,20000.00,active,"2025-03-11 10:27:58","2025-03-11 10:27:58",Dev Token,Dev Token
2009,4702,3,30000.00,active,"2025-03-11 10:27:59","2025-03-11 10:27:59",Dev Token,Dev Token
2010,4702,4,40000.00,active,"2025-03-11 10:27:59","2025-03-11 10:27:59",Dev Token,Dev Token
2011,4695,2,20000.00,active,"2025-03-11 10:27:59","2025-03-11 10:27:59",Dev Token,Dev Token
2012,4695,3,30000.00,active,"2025-03-11 10:27:59","2025-03-11 10:27:59",Dev Token,Dev Token
2013,4695,4,40000.00,active,"2025-03-11 10:27:59","2025-03-11 10:27:59",Dev Token,Dev Token
2014,4694,2,20000.00,active,"2025-03-11 10:27:59","2025-03-11 10:27:59",Dev Token,Dev Token
2015,4694,3,30000.00,active,"2025-03-11 10:27:59","2025-03-11 10:27:59",Dev Token,Dev Token
2016,4694,4,40000.00,active,"2025-03-11 10:27:59","2025-03-11 10:27:59",Dev Token,Dev Token
2017,4701,2,20000.00,active,"2025-03-11 10:27:59","2025-03-11 10:27:59",Dev Token,Dev Token
2018,4701,3,30000.00,active,"2025-03-11 10:27:59","2025-03-11 10:27:59",Dev Token,Dev Token
2019,4701,4,40000.00,active,"2025-03-11 10:27:59","2025-03-11 10:27:59",Dev Token,Dev Token
2020,4700,2,20000.00,active,"2025-03-11 10:27:59","2025-03-11 10:28:00",Dev Token,Dev Token
2021,4700,3,30000.00,active,"2025-03-11 10:28:00","2025-03-11 10:28:00",Dev Token,Dev Token
2022,4700,4,40000.00,active,"2025-03-11 10:28:00","2025-03-11 10:28:00",Dev Token,Dev Token
2023,4699,2,20000.00,active,"2025-03-11 10:28:00","2025-03-11 10:28:00",Dev Token,Dev Token
2024,4699,3,30000.00,active,"2025-03-11 10:28:00","2025-03-11 10:28:00",Dev Token,Dev Token
2025,4699,4,40000.00,active,"2025-03-11 10:28:00","2025-03-11 10:28:00",Dev Token,Dev Token
2026,4698,2,20000.00,active,"2025-03-11 10:28:00","2025-03-11 10:28:00",Dev Token,Dev Token
2027,4698,3,30000.00,active,"2025-03-11 10:28:00","2025-03-11 10:28:00",Dev Token,Dev Token
2028,4698,4,40000.00,active,"2025-03-11 10:28:01","2025-03-11 10:28:01",Dev Token,Dev Token
2029,4697,2,20000.00,active,"2025-03-11 10:28:01","2025-03-11 10:28:01",Dev Token,Dev Token
2030,4697,3,30000.00,active,"2025-03-11 10:28:01","2025-03-11 10:28:01",Dev Token,Dev Token
2031,4697,4,40000.00,active,"2025-03-11 10:28:01","2025-03-11 10:28:01",Dev Token,Dev Token
2032,4696,2,20000.00,active,"2025-03-11 10:28:01","2025-03-11 10:28:01",Dev Token,Dev Token
2033,4696,3,30000.00,active,"2025-03-11 10:28:01","2025-03-11 10:28:01",Dev Token,Dev Token
2034,4696,4,40000.00,active,"2025-03-11 10:28:01","2025-03-11 10:28:01",Dev Token,Dev Token
2035,4825,2,20000.00,active,"2025-03-21 14:37:31","2025-03-21 14:37:31",Dev Token,Dev Token
2036,4825,3,30000.00,active,"2025-03-21 14:37:31","2025-03-21 14:37:31",Dev Token,Dev Token
2037,4825,4,40000.00,active,"2025-03-21 14:37:31","2025-03-21 14:37:31",Dev Token,Dev Token
2038,4823,2,20000.00,active,"2025-03-21 14:37:31","2025-03-21 14:37:31",Dev Token,Dev Token
2039,4823,3,30000.00,active,"2025-03-21 14:37:32","2025-03-21 14:37:32",Dev Token,Dev Token
2040,4823,4,40000.00,active,"2025-03-21 14:37:32","2025-03-21 14:37:32",Dev Token,Dev Token
2041,4831,2,20000.00,active,"2025-03-21 14:37:32","2025-03-21 14:37:32",Dev Token,Dev Token
2042,4831,3,30000.00,active,"2025-03-21 14:37:32","2025-03-21 14:37:32",Dev Token,Dev Token
2043,4831,4,40000.00,active,"2025-03-21 14:37:32","2025-03-21 14:37:32",Dev Token,Dev Token
2044,4830,2,20000.00,active,"2025-03-21 14:37:32","2025-03-21 14:37:32",Dev Token,Dev Token
2045,4830,3,30000.00,active,"2025-03-21 14:37:32","2025-03-21 14:37:32",Dev Token,Dev Token
2046,4830,4,40000.00,active,"2025-03-21 14:37:32","2025-03-21 14:37:32",Dev Token,Dev Token
2047,4829,2,20000.00,active,"2025-03-21 14:37:32","2025-03-21 14:37:32",Dev Token,Dev Token
2048,4829,3,30000.00,active,"2025-03-21 14:37:32","2025-03-21 14:37:32",Dev Token,Dev Token
2049,4829,4,40000.00,active,"2025-03-21 14:37:32","2025-03-21 14:37:32",Dev Token,Dev Token
2050,4828,2,20000.00,active,"2025-03-21 14:37:32","2025-03-21 14:37:32",Dev Token,Dev Token
2051,4828,3,30000.00,active,"2025-03-21 14:37:32","2025-03-21 14:37:32",Dev Token,Dev Token
2052,4828,4,40000.00,active,"2025-03-21 14:37:32","2025-03-21 14:37:32",Dev Token,Dev Token
2053,4827,2,20000.00,active,"2025-03-21 14:37:32","2025-03-21 14:37:33",Dev Token,Dev Token
2054,4827,3,30000.00,active,"2025-03-21 14:37:33","2025-03-21 14:37:33",Dev Token,Dev Token
2055,4827,4,40000.00,active,"2025-03-21 14:37:33","2025-03-21 14:37:33",Dev Token,Dev Token
2056,4826,2,20000.00,active,"2025-03-21 14:37:33","2025-03-21 14:37:33",Dev Token,Dev Token
2057,4826,3,30000.00,active,"2025-03-21 14:37:33","2025-03-21 14:37:33",Dev Token,Dev Token
2058,4826,4,40000.00,active,"2025-03-21 14:37:33","2025-03-21 14:37:33",Dev Token,Dev Token
2059,4832,2,20000.00,active,"2025-03-21 14:37:33","2025-03-21 14:37:33",Dev Token,Dev Token
2060,4832,3,30000.00,active,"2025-03-21 14:37:33","2025-03-21 14:37:33",Dev Token,Dev Token
2061,4832,4,40000.00,active,"2025-03-21 14:37:33","2025-03-21 14:37:33",Dev Token,Dev Token
2062,4833,2,20000.00,active,"2025-03-21 14:37:33","2025-03-21 14:37:33",Dev Token,Dev Token
2063,4833,3,30000.00,active,"2025-03-21 14:37:33","2025-03-21 14:37:33",Dev Token,Dev Token
2064,4833,4,40000.00,active,"2025-03-21 14:37:33","2025-03-21 14:37:33",Dev Token,Dev Token
2065,4824,2,20000.00,active,"2025-03-21 14:37:33","2025-03-21 14:37:34",Dev Token,Dev Token
2066,4824,3,30000.00,active,"2025-03-21 14:37:34","2025-03-21 14:37:34",Dev Token,Dev Token
2067,4824,4,40000.00,active,"2025-03-21 14:37:34","2025-03-21 14:37:34",Dev Token,Dev Token
2068,4835,2,20000.00,active,"2025-03-21 14:37:34","2025-03-21 14:37:34",Dev Token,Dev Token
2069,4835,3,30000.00,active,"2025-03-21 14:37:34","2025-03-21 14:37:34",Dev Token,Dev Token
2070,4835,4,40000.00,active,"2025-03-21 14:37:34","2025-03-21 14:37:34",Dev Token,Dev Token
2071,4834,2,20000.00,active,"2025-03-21 14:37:34","2025-03-21 14:37:34",Dev Token,Dev Token
2072,4834,3,30000.00,active,"2025-03-21 14:37:34","2025-03-21 14:37:34",Dev Token,Dev Token
2073,4834,4,40000.00,active,"2025-03-21 14:37:34","2025-03-21 14:37:34",Dev Token,Dev Token
2074,4841,2,20000.00,active,"2025-03-21 14:37:34","2025-03-21 14:37:34",Dev Token,Dev Token
2075,4841,3,30000.00,active,"2025-03-21 14:37:34","2025-03-21 14:37:34",Dev Token,Dev Token
2076,4841,4,40000.00,active,"2025-03-21 14:37:34","2025-03-21 14:37:34",Dev Token,Dev Token
2077,4840,2,20000.00,active,"2025-03-21 14:37:34","2025-03-21 14:37:34",Dev Token,Dev Token
2078,4840,3,30000.00,active,"2025-03-21 14:37:34","2025-03-21 14:37:34",Dev Token,Dev Token
2079,4840,4,40000.00,active,"2025-03-21 14:37:35","2025-03-21 14:37:35",Dev Token,Dev Token
2080,4839,2,20000.00,active,"2025-03-21 14:37:35","2025-03-21 14:37:35",Dev Token,Dev Token
2081,4839,3,30000.00,active,"2025-03-21 14:37:35","2025-03-21 14:37:35",Dev Token,Dev Token
2082,4839,4,40000.00,active,"2025-03-21 14:37:35","2025-03-21 14:37:35",Dev Token,Dev Token
2083,4838,2,20000.00,active,"2025-03-21 14:37:35","2025-03-21 14:37:35",Dev Token,Dev Token
2084,4838,3,30000.00,active,"2025-03-21 14:37:35","2025-03-21 14:37:35",Dev Token,Dev Token
2085,4838,4,40000.00,active,"2025-03-21 14:37:35","2025-03-21 14:37:35",Dev Token,Dev Token
2086,4837,2,20000.00,active,"2025-03-21 14:37:35","2025-03-21 14:37:35",Dev Token,Dev Token
2087,4837,3,30000.00,active,"2025-03-21 14:37:35","2025-03-21 14:37:35",Dev Token,Dev Token
2088,4837,4,40000.00,active,"2025-03-21 14:37:35","2025-03-21 14:37:35",Dev Token,Dev Token
2089,4836,2,20000.00,active,"2025-03-21 14:37:35","2025-03-21 14:37:35",Dev Token,Dev Token
2090,4836,3,30000.00,active,"2025-03-21 14:37:35","2025-03-21 14:37:35",Dev Token,Dev Token
2091,4836,4,40000.00,active,"2025-03-21 14:37:35","2025-03-21 14:37:36",Dev Token,Dev Token
2092,4842,2,20000.00,active,"2025-03-21 14:37:36","2025-03-21 14:37:36",Dev Token,Dev Token
2093,4842,3,30000.00,active,"2025-03-21 14:37:36","2025-03-21 14:37:36",Dev Token,Dev Token
2094,4842,4,40000.00,active,"2025-03-21 14:37:36","2025-03-21 14:37:36",Dev Token,Dev Token
2095,4843,2,20000.00,active,"2025-03-21 14:37:36","2025-03-21 14:37:36",Dev Token,Dev Token
2096,4843,3,30000.00,active,"2025-03-21 14:37:36","2025-03-21 14:37:36",Dev Token,Dev Token
2097,4843,4,40000.00,active,"2025-03-21 14:37:36","2025-03-21 14:37:36",Dev Token,Dev Token
2098,4764,2,20000.00,active,"2025-03-21 14:58:20","2025-03-26 13:49:02",Dev Token,Dev Token
2099,4764,3,30000.00,active,"2025-03-21 14:58:21","2025-03-26 13:49:02",Dev Token,Dev Token
2100,4764,4,40000.00,active,"2025-03-21 14:58:21","2025-03-26 13:49:02",Dev Token,Dev Token
2101,4766,2,20000.00,active,"2025-03-21 14:58:21","2025-03-26 13:49:03",Dev Token,Dev Token
2102,4766,3,30000.00,active,"2025-03-21 14:58:21","2025-03-26 13:49:03",Dev Token,Dev Token
2103,4766,4,40000.00,active,"2025-03-21 14:58:21","2025-03-26 13:49:03",Dev Token,Dev Token
2104,4755,2,20000.00,active,"2025-03-21 14:58:21","2025-03-26 13:49:03",Dev Token,Dev Token
2105,4755,3,30000.00,active,"2025-03-21 14:58:21","2025-03-26 13:49:03",Dev Token,Dev Token
2106,4755,4,40000.00,active,"2025-03-21 14:58:21","2025-03-26 13:49:03",Dev Token,Dev Token
2107,4759,2,20000.00,active,"2025-03-21 14:58:21","2025-03-26 13:49:03",Dev Token,Dev Token
2108,4759,3,30000.00,active,"2025-03-21 14:58:21","2025-03-26 13:49:04",Dev Token,Dev Token
2109,4759,4,40000.00,active,"2025-03-21 14:58:21","2025-03-26 13:49:04",Dev Token,Dev Token
2110,4760,2,20000.00,active,"2025-03-21 14:58:21","2025-03-26 13:49:04",Dev Token,Dev Token
2111,4760,3,30000.00,active,"2025-03-21 14:58:22","2025-03-26 13:49:04",Dev Token,Dev Token
2112,4760,4,40000.00,active,"2025-03-21 14:58:22","2025-03-26 13:49:04",Dev Token,Dev Token
2113,4761,2,20000.00,active,"2025-03-21 14:58:22","2025-03-26 13:49:05",Dev Token,Dev Token
2114,4761,3,30000.00,active,"2025-03-21 14:58:22","2025-03-26 13:49:05",Dev Token,Dev Token
2115,4761,4,40000.00,active,"2025-03-21 14:58:22","2025-03-26 13:49:05",Dev Token,Dev Token
2116,4762,2,20000.00,active,"2025-03-21 14:58:22","2025-03-26 13:49:05",Dev Token,Dev Token
2117,4762,3,30000.00,active,"2025-03-21 14:58:22","2025-03-26 13:49:05",Dev Token,Dev Token
2118,4762,4,40000.00,active,"2025-03-21 14:58:22","2025-03-26 13:49:05",Dev Token,Dev Token
2119,4763,2,20000.00,active,"2025-03-21 14:58:22","2025-03-26 13:49:05",Dev Token,Dev Token
2120,4763,3,30000.00,active,"2025-03-21 14:58:22","2025-03-26 13:49:06",Dev Token,Dev Token
2121,4763,4,40000.00,active,"2025-03-21 14:58:22","2025-03-26 13:49:06",Dev Token,Dev Token
2122,4758,2,20000.00,active,"2025-03-21 14:58:22","2025-03-26 13:49:06",Dev Token,Dev Token
2123,4758,3,30000.00,active,"2025-03-21 14:58:22","2025-03-26 13:49:06",Dev Token,Dev Token
2124,4758,4,40000.00,active,"2025-03-21 14:58:23","2025-03-26 13:49:06",Dev Token,Dev Token
2125,4757,2,20000.00,active,"2025-03-21 14:58:23","2025-03-26 13:49:06",Dev Token,Dev Token
2126,4757,3,30000.00,active,"2025-03-21 14:58:23","2025-03-26 13:49:07",Dev Token,Dev Token
2127,4757,4,40000.00,active,"2025-03-21 14:58:23","2025-03-26 13:49:07",Dev Token,Dev Token
2128,4765,2,20000.00,active,"2025-03-21 14:58:23","2025-03-26 13:49:07",Dev Token,Dev Token
2129,4765,3,30000.00,active,"2025-03-21 14:58:23","2025-03-26 13:49:07",Dev Token,Dev Token
2130,4765,4,40000.00,active,"2025-03-21 14:58:23","2025-03-26 13:49:07",Dev Token,Dev Token
2131,4863,2,20000.00,active,"2025-03-23 10:34:30","2025-03-23 10:34:30",Dev Token,Dev Token
2132,4863,3,30000.00,active,"2025-03-23 10:34:30","2025-03-23 10:34:30",Dev Token,Dev Token
2133,4863,4,40000.00,active,"2025-03-23 10:34:30","2025-03-23 10:34:30",Dev Token,Dev Token
2134,4864,2,20000.00,active,"2025-03-23 10:34:30","2025-03-23 10:34:30",Dev Token,Dev Token
2135,4864,3,30000.00,active,"2025-03-23 10:34:30","2025-03-23 10:34:30",Dev Token,Dev Token
2136,4864,4,40000.00,active,"2025-03-23 10:34:30","2025-03-23 10:34:30",Dev Token,Dev Token
2137,4861,2,20000.00,active,"2025-03-23 10:34:30","2025-03-23 10:34:31",Dev Token,Dev Token
2138,4861,3,30000.00,active,"2025-03-23 10:34:31","2025-03-23 10:34:31",Dev Token,Dev Token
2139,4861,4,40000.00,active,"2025-03-23 10:34:31","2025-03-23 10:34:31",Dev Token,Dev Token
2140,4862,2,20000.00,active,"2025-03-23 10:34:31","2025-03-23 10:34:31",Dev Token,Dev Token
2141,4862,3,30000.00,active,"2025-03-23 10:34:31","2025-03-23 10:34:31",Dev Token,Dev Token
2142,4862,4,40000.00,active,"2025-03-23 10:34:31","2025-03-23 10:34:31",Dev Token,Dev Token
2143,4856,2,20000.00,active,"2025-03-23 10:34:31","2025-03-23 10:34:31",Dev Token,Dev Token
2144,4856,3,30000.00,active,"2025-03-23 10:34:31","2025-03-23 10:34:31",Dev Token,Dev Token
2145,4856,4,40000.00,active,"2025-03-23 10:34:31","2025-03-23 10:34:31",Dev Token,Dev Token
2146,4857,2,20000.00,active,"2025-03-23 10:34:31","2025-03-23 10:34:31",Dev Token,Dev Token
2147,4857,3,30000.00,active,"2025-03-23 10:34:31","2025-03-23 10:34:31",Dev Token,Dev Token
2148,4857,4,40000.00,active,"2025-03-23 10:34:32","2025-03-23 10:34:32",Dev Token,Dev Token
2149,4860,2,20000.00,active,"2025-03-23 10:34:32","2025-03-23 10:34:32",Dev Token,Dev Token
2150,4860,3,30000.00,active,"2025-03-23 10:34:32","2025-03-23 10:34:32",Dev Token,Dev Token
2151,4860,4,40000.00,active,"2025-03-23 10:34:32","2025-03-23 10:34:32",Dev Token,Dev Token
2152,4858,2,20000.00,active,"2025-03-23 10:34:32","2025-03-23 10:34:32",Dev Token,Dev Token
2153,4858,3,30000.00,active,"2025-03-23 10:34:32","2025-03-23 10:34:32",Dev Token,Dev Token
2154,4858,4,40000.00,active,"2025-03-23 10:34:32","2025-03-23 10:34:32",Dev Token,Dev Token
2155,4859,2,20000.00,active,"2025-03-23 10:34:32","2025-03-23 10:34:32",Dev Token,Dev Token
2156,4859,3,30000.00,active,"2025-03-23 10:34:32","2025-03-23 10:34:32",Dev Token,Dev Token
2157,4859,4,40000.00,active,"2025-03-23 10:34:32","2025-03-23 10:34:32",Dev Token,Dev Token
2158,4865,2,20000.00,active,"2025-03-23 10:34:32","2025-03-23 10:34:32",Dev Token,Dev Token
2159,4865,3,30000.00,active,"2025-03-23 10:34:33","2025-03-23 10:34:33",Dev Token,Dev Token
2160,4865,4,40000.00,active,"2025-03-23 10:34:33","2025-03-23 10:34:33",Dev Token,Dev Token
2161,4875,2,20000.00,active,"2025-03-26 16:15:05","2025-03-26 16:15:05",Dev Token,Dev Token
2162,4875,3,30000.00,active,"2025-03-26 16:15:05","2025-03-26 16:15:05",Dev Token,Dev Token
2163,4875,4,40000.00,active,"2025-03-26 16:15:05","2025-03-26 16:15:05",Dev Token,Dev Token
2164,4874,2,20000.00,active,"2025-03-26 16:15:06","2025-03-26 16:15:06",Dev Token,Dev Token
2165,4874,3,30000.00,active,"2025-03-26 16:15:06","2025-03-26 16:15:06",Dev Token,Dev Token
2166,4874,4,40000.00,active,"2025-03-26 16:15:06","2025-03-26 16:15:06",Dev Token,Dev Token
2167,4867,2,20000.00,active,"2025-03-26 16:15:06","2025-03-26 16:15:06",Dev Token,Dev Token
2168,4867,3,30000.00,active,"2025-03-26 16:15:06","2025-03-26 16:15:06",Dev Token,Dev Token
2169,4867,4,40000.00,active,"2025-03-26 16:15:06","2025-03-26 16:15:06",Dev Token,Dev Token
2170,4866,2,20000.00,active,"2025-03-26 16:15:06","2025-03-26 16:15:06",Dev Token,Dev Token
2171,4866,3,30000.00,active,"2025-03-26 16:15:07","2025-03-26 16:15:07",Dev Token,Dev Token
2172,4866,4,40000.00,active,"2025-03-26 16:15:07","2025-03-26 16:15:07",Dev Token,Dev Token
2173,4873,2,20000.00,active,"2025-03-26 16:15:07","2025-03-26 16:15:07",Dev Token,Dev Token
2174,4873,3,30000.00,active,"2025-03-26 16:15:07","2025-03-26 16:15:07",Dev Token,Dev Token
2175,4873,4,40000.00,active,"2025-03-26 16:15:07","2025-03-26 16:15:07",Dev Token,Dev Token
2176,4872,2,20000.00,active,"2025-03-26 16:15:07","2025-03-26 16:15:07",Dev Token,Dev Token
2177,4872,3,30000.00,active,"2025-03-26 16:15:08","2025-03-26 16:15:08",Dev Token,Dev Token
2178,4872,4,40000.00,active,"2025-03-26 16:15:08","2025-03-26 16:15:08",Dev Token,Dev Token
2179,4871,2,20000.00,active,"2025-03-26 16:15:08","2025-03-26 16:15:08",Dev Token,Dev Token
2180,4871,3,30000.00,active,"2025-03-26 16:15:08","2025-03-26 16:15:08",Dev Token,Dev Token
2181,4871,4,40000.00,active,"2025-03-26 16:15:08","2025-03-26 16:15:08",Dev Token,Dev Token
2182,4870,2,20000.00,active,"2025-03-26 16:15:08","2025-03-26 16:15:08",Dev Token,Dev Token
2183,4870,3,30000.00,active,"2025-03-26 16:15:08","2025-03-26 16:15:08",Dev Token,Dev Token
2184,4870,4,40000.00,active,"2025-03-26 16:15:09","2025-03-26 16:15:09",Dev Token,Dev Token
2185,4869,2,20000.00,active,"2025-03-26 16:15:09","2025-03-26 16:15:09",Dev Token,Dev Token
2186,4869,3,30000.00,active,"2025-03-26 16:15:09","2025-03-26 16:15:09",Dev Token,Dev Token
2187,4869,4,40000.00,active,"2025-03-26 16:15:09","2025-03-26 16:15:09",Dev Token,Dev Token
2188,4868,2,20000.00,active,"2025-03-26 16:15:09","2025-03-26 16:15:09",Dev Token,Dev Token
2189,4868,3,30000.00,active,"2025-03-26 16:15:09","2025-03-26 16:15:09",Dev Token,Dev Token
2190,4868,4,40000.00,active,"2025-03-26 16:15:09","2025-03-26 16:15:10",Dev Token,Dev Token
2191,4885,2,20000.00,active,"2025-03-26 16:15:10","2025-03-26 16:15:10",Dev Token,Dev Token
2192,4885,3,30000.00,active,"2025-03-26 16:15:10","2025-03-26 16:15:10",Dev Token,Dev Token
2193,4885,4,40000.00,active,"2025-03-26 16:15:10","2025-03-26 16:15:10",Dev Token,Dev Token
2194,4884,2,20000.00,active,"2025-03-26 16:15:10","2025-03-26 16:15:10",Dev Token,Dev Token
2195,4884,3,30000.00,active,"2025-03-26 16:15:10","2025-03-26 16:15:10",Dev Token,Dev Token
2196,4884,4,40000.00,active,"2025-03-26 16:15:11","2025-03-26 16:15:11",Dev Token,Dev Token
2197,4876,2,20000.00,active,"2025-03-26 16:15:11","2025-03-26 16:15:11",Dev Token,Dev Token
2198,4876,3,30000.00,active,"2025-03-26 16:15:11","2025-03-26 16:15:11",Dev Token,Dev Token
2199,4876,4,40000.00,active,"2025-03-26 16:15:11","2025-03-26 16:15:11",Dev Token,Dev Token
2200,4877,2,20000.00,active,"2025-03-26 16:15:11","2025-03-26 16:15:11",Dev Token,Dev Token
2201,4877,3,30000.00,active,"2025-03-26 16:15:11","2025-03-26 16:15:11",Dev Token,Dev Token
2202,4877,4,40000.00,active,"2025-03-26 16:15:11","2025-03-26 16:15:11",Dev Token,Dev Token
2203,4883,2,20000.00,active,"2025-03-26 16:15:12","2025-03-26 16:15:12",Dev Token,Dev Token
2204,4883,3,30000.00,active,"2025-03-26 16:15:12","2025-03-26 16:15:12",Dev Token,Dev Token
2205,4883,4,40000.00,active,"2025-03-26 16:15:12","2025-03-26 16:15:12",Dev Token,Dev Token
2206,4882,2,20000.00,active,"2025-03-26 16:15:12","2025-03-26 16:15:12",Dev Token,Dev Token
2207,4882,3,30000.00,active,"2025-03-26 16:15:12","2025-03-26 16:15:12",Dev Token,Dev Token
2208,4882,4,40000.00,active,"2025-03-26 16:15:12","2025-03-26 16:15:12",Dev Token,Dev Token
2209,4881,2,20000.00,active,"2025-03-26 16:15:12","2025-03-26 16:15:13",Dev Token,Dev Token
2210,4881,3,30000.00,active,"2025-03-26 16:15:13","2025-03-26 16:15:13",Dev Token,Dev Token
2211,4881,4,40000.00,active,"2025-03-26 16:15:13","2025-03-26 16:15:13",Dev Token,Dev Token
2212,4880,2,20000.00,active,"2025-03-26 16:15:13","2025-03-26 16:15:13",Dev Token,Dev Token
2213,4880,3,30000.00,active,"2025-03-26 16:15:13","2025-03-26 16:15:13",Dev Token,Dev Token
2214,4880,4,40000.00,active,"2025-03-26 16:15:13","2025-03-26 16:15:13",Dev Token,Dev Token
2215,4879,2,20000.00,active,"2025-03-26 16:15:13","2025-03-26 16:15:13",Dev Token,Dev Token
2216,4879,3,30000.00,active,"2025-03-26 16:15:14","2025-03-26 16:15:14",Dev Token,Dev Token
2217,4879,4,40000.00,active,"2025-03-26 16:15:14","2025-03-26 16:15:14",Dev Token,Dev Token
2218,4878,2,20000.00,active,"2025-03-26 16:15:14","2025-03-26 16:15:14",Dev Token,Dev Token
2219,4878,3,30000.00,active,"2025-03-26 16:15:14","2025-03-26 16:15:14",Dev Token,Dev Token
2220,4878,4,40000.00,active,"2025-03-26 16:15:14","2025-03-26 16:15:14",Dev Token,Dev Token
2221,4886,2,20000.00,active,"2025-04-10 13:15:11","2025-04-10 13:15:11",Dev Token,Dev Token
2222,4886,3,30000.00,active,"2025-04-10 13:15:11","2025-04-10 13:15:11",Dev Token,Dev Token
2223,4886,4,40000.00,active,"2025-04-10 13:15:11","2025-04-10 13:15:11",Dev Token,Dev Token
2224,4887,2,20000.00,active,"2025-04-10 13:15:11","2025-04-10 13:15:11",Dev Token,Dev Token
2225,4887,3,30000.00,active,"2025-04-10 13:15:12","2025-04-10 13:15:12",Dev Token,Dev Token
2226,4887,4,40000.00,active,"2025-04-10 13:15:12","2025-04-10 13:15:12",Dev Token,Dev Token
2227,4894,2,20000.00,active,"2025-04-10 13:15:12","2025-04-10 13:15:12",Dev Token,Dev Token
2228,4894,3,30000.00,active,"2025-04-10 13:15:12","2025-04-10 13:15:12",Dev Token,Dev Token
2229,4894,4,40000.00,active,"2025-04-10 13:15:12","2025-04-10 13:15:12",Dev Token,Dev Token
2230,4895,2,20000.00,active,"2025-04-10 13:15:12","2025-04-10 13:15:12",Dev Token,Dev Token
2231,4895,3,30000.00,active,"2025-04-10 13:15:12","2025-04-10 13:15:12",Dev Token,Dev Token
2232,4895,4,40000.00,active,"2025-04-10 13:15:13","2025-04-10 13:15:13",Dev Token,Dev Token
2233,4888,2,20000.00,active,"2025-04-10 13:15:13","2025-04-10 13:15:13",Dev Token,Dev Token
2234,4888,3,30000.00,active,"2025-04-10 13:15:13","2025-04-10 13:15:13",Dev Token,Dev Token
2235,4888,4,40000.00,active,"2025-04-10 13:15:13","2025-04-10 13:15:13",Dev Token,Dev Token
2236,4889,2,20000.00,active,"2025-04-10 13:15:13","2025-04-10 13:15:13",Dev Token,Dev Token
2237,4889,3,30000.00,active,"2025-04-10 13:15:13","2025-04-10 13:15:13",Dev Token,Dev Token
2238,4889,4,40000.00,active,"2025-04-10 13:15:13","2025-04-10 13:15:13",Dev Token,Dev Token
2239,4890,2,20000.00,active,"2025-04-10 13:15:14","2025-04-10 13:15:14",Dev Token,Dev Token
2240,4890,3,30000.00,active,"2025-04-10 13:15:14","2025-04-10 13:15:14",Dev Token,Dev Token
2241,4890,4,40000.00,active,"2025-04-10 13:15:14","2025-04-10 13:15:14",Dev Token,Dev Token
2242,4891,2,20000.00,active,"2025-04-10 13:15:14","2025-04-10 13:15:14",Dev Token,Dev Token
2243,4891,3,30000.00,active,"2025-04-10 13:15:14","2025-04-10 13:15:14",Dev Token,Dev Token
2244,4891,4,40000.00,active,"2025-04-10 13:15:14","2025-04-10 13:15:14",Dev Token,Dev Token
2245,4892,2,20000.00,active,"2025-04-10 13:15:15","2025-04-10 13:15:15",Dev Token,Dev Token
2246,4892,3,30000.00,active,"2025-04-10 13:15:15","2025-04-10 13:15:15",Dev Token,Dev Token
2247,4892,4,40000.00,active,"2025-04-10 13:15:15","2025-04-10 13:15:15",Dev Token,Dev Token
2248,4893,2,20000.00,active,"2025-04-10 13:15:15","2025-04-10 13:15:15",Dev Token,Dev Token
2249,4893,3,30000.00,active,"2025-04-10 13:15:15","2025-04-10 13:15:15",Dev Token,Dev Token
2250,4893,4,40000.00,active,"2025-04-10 13:15:15","2025-04-10 13:15:15",Dev Token,Dev Token
2251,4854,2,20000.00,active,"2025-05-07 11:40:31","2025-05-07 11:40:31",Dev Token,Dev Token
2252,4854,3,30000.00,active,"2025-05-07 11:40:32","2025-05-07 11:40:32",Dev Token,Dev Token
2253,4854,4,40000.00,active,"2025-05-07 11:40:32","2025-05-07 11:40:32",Dev Token,Dev Token
2254,4853,2,20000.00,active,"2025-05-07 11:40:32","2025-05-07 11:40:32",Dev Token,Dev Token
2255,4853,3,30000.00,active,"2025-05-07 11:40:32","2025-05-07 11:40:32",Dev Token,Dev Token
2256,4853,4,40000.00,active,"2025-05-07 11:40:32","2025-05-07 11:40:33",Dev Token,Dev Token
2257,4846,2,20000.00,active,"2025-05-07 11:40:33","2025-05-07 11:40:33",Dev Token,Dev Token
2258,4846,3,30000.00,active,"2025-05-07 11:40:33","2025-05-07 11:40:33",Dev Token,Dev Token
2259,4846,4,40000.00,active,"2025-05-07 11:40:33","2025-05-07 11:40:33",Dev Token,Dev Token
2260,4844,2,20000.00,active,"2025-05-07 11:40:33","2025-05-07 11:40:33",Dev Token,Dev Token
2261,4844,3,30000.00,active,"2025-05-07 11:40:33","2025-05-07 11:40:33",Dev Token,Dev Token
2262,4844,4,40000.00,active,"2025-05-07 11:40:33","2025-05-07 11:40:34",Dev Token,Dev Token
2263,4852,2,20000.00,active,"2025-05-07 11:40:34","2025-05-07 11:40:34",Dev Token,Dev Token
2264,4852,3,30000.00,active,"2025-05-07 11:40:34","2025-05-07 11:40:34",Dev Token,Dev Token
2265,4852,4,40000.00,active,"2025-05-07 11:40:34","2025-05-07 11:40:34",Dev Token,Dev Token
2266,4851,2,20000.00,active,"2025-05-07 11:40:34","2025-05-07 11:40:34",Dev Token,Dev Token
2267,4851,3,30000.00,active,"2025-05-07 11:40:34","2025-05-07 11:40:34",Dev Token,Dev Token
2268,4851,4,40000.00,active,"2025-05-07 11:40:34","2025-05-07 11:40:34",Dev Token,Dev Token
2269,4850,2,20000.00,active,"2025-05-07 11:40:34","2025-05-07 11:40:34",Dev Token,Dev Token
2270,4850,3,30000.00,active,"2025-05-07 11:40:34","2025-05-07 11:40:34",Dev Token,Dev Token
2271,4850,4,40000.00,active,"2025-05-07 11:40:35","2025-05-07 11:40:35",Dev Token,Dev Token
2272,4849,2,20000.00,active,"2025-05-07 11:40:35","2025-05-07 11:40:35",Dev Token,Dev Token
2273,4849,3,30000.00,active,"2025-05-07 11:40:35","2025-05-07 11:40:35",Dev Token,Dev Token
2274,4849,4,40000.00,active,"2025-05-07 11:40:35","2025-05-07 11:40:35",Dev Token,Dev Token
2275,4848,2,20000.00,active,"2025-05-07 11:40:35","2025-05-07 11:40:35",Dev Token,Dev Token
2276,4848,3,30000.00,active,"2025-05-07 11:40:35","2025-05-07 11:40:35",Dev Token,Dev Token
2277,4848,4,40000.00,active,"2025-05-07 11:40:35","2025-05-07 11:40:35",Dev Token,Dev Token
2278,4847,2,20000.00,active,"2025-05-07 11:40:35","2025-05-07 11:40:35",Dev Token,Dev Token
2279,4847,3,30000.00,active,"2025-05-07 11:40:35","2025-05-07 11:40:35",Dev Token,Dev Token
2280,4847,4,40000.00,active,"2025-05-07 11:40:36","2025-05-07 11:40:36",Dev Token,Dev Token
2281,6637,2,20000.00,active,"2025-05-07 22:45:42","2025-05-07 22:45:42",Dev Token,Dev Token
2282,6637,3,30000.00,active,"2025-05-07 22:45:42","2025-05-07 22:45:42",Dev Token,Dev Token
2283,6637,4,40000.00,active,"2025-05-07 22:45:43","2025-05-07 22:45:43",Dev Token,Dev Token
2284,6636,2,20000.00,active,"2025-05-07 22:45:43","2025-05-07 22:45:43",Dev Token,Dev Token
2285,6636,3,30000.00,active,"2025-05-07 22:45:43","2025-05-07 22:45:43",Dev Token,Dev Token
2286,6636,4,40000.00,active,"2025-05-07 22:45:44","2025-05-07 22:45:44",Dev Token,Dev Token
2287,6629,2,20000.00,active,"2025-05-07 22:45:44","2025-05-07 22:45:44",Dev Token,Dev Token
2288,6629,3,30000.00,active,"2025-05-07 22:45:44","2025-05-07 22:45:44",Dev Token,Dev Token
2289,6629,4,40000.00,active,"2025-05-07 22:45:44","2025-05-07 22:45:44",Dev Token,Dev Token
2290,6628,2,20000.00,active,"2025-05-07 22:45:44","2025-05-07 22:45:44",Dev Token,Dev Token
2291,6628,3,30000.00,active,"2025-05-07 22:45:44","2025-05-07 22:45:45",Dev Token,Dev Token
2292,6628,4,40000.00,active,"2025-05-07 22:45:45","2025-05-07 22:45:45",Dev Token,Dev Token
2293,6635,2,20000.00,active,"2025-05-07 22:45:45","2025-05-07 22:45:45",Dev Token,Dev Token
2294,6635,3,30000.00,active,"2025-05-07 22:45:45","2025-05-07 22:45:45",Dev Token,Dev Token
2295,6635,4,40000.00,active,"2025-05-07 22:45:46","2025-05-07 22:45:46",Dev Token,Dev Token
2296,6634,2,20000.00,active,"2025-05-07 22:45:46","2025-05-07 22:45:46",Dev Token,Dev Token
2297,6634,3,30000.00,active,"2025-05-07 22:45:46","2025-05-07 22:45:46",Dev Token,Dev Token
2298,6634,4,40000.00,active,"2025-05-07 22:45:46","2025-05-07 22:45:46",Dev Token,Dev Token
2299,6633,2,20000.00,active,"2025-05-07 22:45:46","2025-05-07 22:45:46",Dev Token,Dev Token
2300,6633,3,30000.00,active,"2025-05-07 22:45:46","2025-05-07 22:45:46",Dev Token,Dev Token
2301,6633,4,40000.00,active,"2025-05-07 22:45:46","2025-05-07 22:45:46",Dev Token,Dev Token
2302,6632,2,20000.00,active,"2025-05-07 22:45:47","2025-05-07 22:45:47",Dev Token,Dev Token
2303,6632,3,30000.00,active,"2025-05-07 22:45:47","2025-05-07 22:45:47",Dev Token,Dev Token
2304,6632,4,40000.00,active,"2025-05-07 22:45:47","2025-05-07 22:45:47",Dev Token,Dev Token
2305,6631,2,20000.00,active,"2025-05-07 22:45:47","2025-05-07 22:45:47",Dev Token,Dev Token
2306,6631,3,30000.00,active,"2025-05-07 22:45:47","2025-05-07 22:45:47",Dev Token,Dev Token
2307,6631,4,40000.00,active,"2025-05-07 22:45:47","2025-05-07 22:45:47",Dev Token,Dev Token
2308,6630,2,20000.00,active,"2025-05-07 22:45:47","2025-05-07 22:45:47",Dev Token,Dev Token
2309,6630,3,30000.00,active,"2025-05-07 22:45:48","2025-05-07 22:45:48",Dev Token,Dev Token
2310,6630,4,40000.00,active,"2025-05-07 22:45:48","2025-05-07 22:45:48",Dev Token,Dev Token
2311,6651,2,20000.00,active,"2025-05-07 22:45:48","2025-05-07 22:45:48",Dev Token,Dev Token
2312,6651,3,30000.00,active,"2025-05-07 22:45:48","2025-05-07 22:45:48",Dev Token,Dev Token
2313,6651,4,40000.00,active,"2025-05-07 22:45:48","2025-05-07 22:45:48",Dev Token,Dev Token
2314,6650,2,20000.00,active,"2025-05-07 22:45:48","2025-05-07 22:45:48",Dev Token,Dev Token
2315,6650,3,30000.00,active,"2025-05-07 22:45:48","2025-05-07 22:45:49",Dev Token,Dev Token
2316,6650,4,40000.00,active,"2025-05-07 22:45:49","2025-05-07 22:45:49",Dev Token,Dev Token
2317,6643,2,20000.00,active,"2025-05-07 22:45:49","2025-05-07 22:45:49",Dev Token,Dev Token
2318,6643,3,30000.00,active,"2025-05-07 22:45:49","2025-05-07 22:45:49",Dev Token,Dev Token
2319,6643,4,40000.00,active,"2025-05-07 22:45:49","2025-05-07 22:45:49",Dev Token,Dev Token
2320,6642,2,20000.00,active,"2025-05-07 22:45:49","2025-05-07 22:45:49",Dev Token,Dev Token
2321,6642,3,30000.00,active,"2025-05-07 22:45:49","2025-05-07 22:45:49",Dev Token,Dev Token
2322,6642,4,40000.00,active,"2025-05-07 22:45:49","2025-05-07 22:45:50",Dev Token,Dev Token
2323,6649,2,20000.00,active,"2025-05-07 22:45:50","2025-05-07 22:45:50",Dev Token,Dev Token
2324,6649,3,30000.00,active,"2025-05-07 22:45:50","2025-05-07 22:45:50",Dev Token,Dev Token
2325,6649,4,40000.00,active,"2025-05-07 22:45:50","2025-05-07 22:45:50",Dev Token,Dev Token
2326,6648,2,20000.00,active,"2025-05-07 22:45:50","2025-05-07 22:45:50",Dev Token,Dev Token
2327,6648,3,30000.00,active,"2025-05-07 22:45:50","2025-05-07 22:45:50",Dev Token,Dev Token
2328,6648,4,40000.00,active,"2025-05-07 22:45:50","2025-05-07 22:45:50",Dev Token,Dev Token
2329,6647,2,20000.00,active,"2025-05-07 22:45:51","2025-05-07 22:45:51",Dev Token,Dev Token
2330,6647,3,30000.00,active,"2025-05-07 22:45:51","2025-05-07 22:45:51",Dev Token,Dev Token
2331,6647,4,40000.00,active,"2025-05-07 22:45:51","2025-05-07 22:45:51",Dev Token,Dev Token
2332,6646,2,20000.00,active,"2025-05-07 22:45:51","2025-05-07 22:45:51",Dev Token,Dev Token
2333,6646,3,30000.00,active,"2025-05-07 22:45:51","2025-05-07 22:45:51",Dev Token,Dev Token
2334,6646,4,40000.00,active,"2025-05-07 22:45:51","2025-05-07 22:45:51",Dev Token,Dev Token
2335,6645,2,20000.00,active,"2025-05-07 22:45:52","2025-05-07 22:45:52",Dev Token,Dev Token
2336,6645,3,30000.00,active,"2025-05-07 22:45:52","2025-05-07 22:45:52",Dev Token,Dev Token
2337,6645,4,40000.00,active,"2025-05-07 22:45:52","2025-05-07 22:45:52",Dev Token,Dev Token
2338,6644,2,20000.00,active,"2025-05-07 22:45:52","2025-05-07 22:45:52",Dev Token,Dev Token
2339,6644,3,30000.00,active,"2025-05-07 22:45:52","2025-05-07 22:45:52",Dev Token,Dev Token
2340,6644,4,40000.00,active,"2025-05-07 22:45:52","2025-05-07 22:45:52",Dev Token,Dev Token
2341,6765,2,20000.00,inactive,"2025-06-05 12:09:32","2025-06-13 16:17:52",Dev Token,Dev Token
2342,6765,3,30000.00,inactive,"2025-06-05 12:09:34","2025-06-13 16:17:54",Dev Token,Dev Token
2343,6765,4,40000.00,inactive,"2025-06-05 12:09:35","2025-06-13 16:17:55",Dev Token,Dev Token
2344,6762,2,20000.00,inactive,"2025-06-05 12:09:36","2025-06-13 16:17:56",Dev Token,Dev Token
2345,6762,3,30000.00,inactive,"2025-06-05 12:09:36","2025-06-13 16:17:56",Dev Token,Dev Token
2346,6762,4,40000.00,inactive,"2025-06-05 12:09:37","2025-06-13 16:17:57",Dev Token,Dev Token
2347,6761,2,20000.00,inactive,"2025-06-05 12:09:37","2025-06-13 16:17:57",Dev Token,Dev Token
2348,6761,3,30000.00,inactive,"2025-06-05 12:09:38","2025-06-13 16:17:57",Dev Token,Dev Token
2349,6761,4,40000.00,inactive,"2025-06-05 12:09:38","2025-06-13 16:17:58",Dev Token,Dev Token
2350,6758,2,20000.00,inactive,"2025-06-05 12:09:39","2025-06-13 16:17:58",Dev Token,Dev Token
2351,6758,3,30000.00,inactive,"2025-06-05 12:09:39","2025-06-13 16:17:58",Dev Token,Dev Token
2352,6758,4,40000.00,inactive,"2025-06-05 12:09:39","2025-06-13 16:17:58",Dev Token,Dev Token
2353,6763,2,20000.00,inactive,"2025-06-05 12:09:40","2025-06-13 16:17:59",Dev Token,Dev Token
2354,6763,3,30000.00,inactive,"2025-06-05 12:09:40","2025-06-13 16:17:59",Dev Token,Dev Token
2355,6763,4,40000.00,inactive,"2025-06-05 12:09:40","2025-06-13 16:17:59",Dev Token,Dev Token
2356,6760,2,20000.00,inactive,"2025-06-05 12:09:41","2025-06-13 16:17:59",Dev Token,Dev Token
2357,6760,3,30000.00,inactive,"2025-06-05 12:09:41","2025-06-13 16:18:00",Dev Token,Dev Token
2358,6760,4,40000.00,inactive,"2025-06-05 12:09:41","2025-06-13 16:18:00",Dev Token,Dev Token
2359,6764,2,20000.00,inactive,"2025-06-05 12:09:42","2025-06-13 16:18:01",Dev Token,Dev Token
2360,6764,3,30000.00,inactive,"2025-06-05 12:09:42","2025-06-13 16:18:01",Dev Token,Dev Token
2361,6764,4,40000.00,inactive,"2025-06-05 12:09:42","2025-06-13 16:18:01",Dev Token,Dev Token
2362,6759,2,20000.00,inactive,"2025-06-05 12:09:43","2025-06-13 16:18:01",Dev Token,Dev Token
2363,6759,3,30000.00,inactive,"2025-06-05 12:09:43","2025-06-13 16:18:01",Dev Token,Dev Token
2364,6759,4,40000.00,inactive,"2025-06-05 12:09:43","2025-06-13 16:18:01",Dev Token,Dev Token
2365,6729,2,20000.00,inactive,"2025-06-05 12:09:44","2025-06-13 16:18:02",Dev Token,Dev Token
2366,6729,3,30000.00,inactive,"2025-06-05 12:09:44","2025-06-13 16:18:02",Dev Token,Dev Token
2367,6729,4,40000.00,inactive,"2025-06-05 12:09:44","2025-06-13 16:18:02",Dev Token,Dev Token
2368,6726,2,20000.00,inactive,"2025-06-05 12:09:45","2025-06-13 16:18:02",Dev Token,Dev Token
2369,6726,3,30000.00,inactive,"2025-06-05 12:09:45","2025-06-13 16:18:02",Dev Token,Dev Token
2370,6726,4,40000.00,inactive,"2025-06-05 12:09:45","2025-06-13 16:18:03",Dev Token,Dev Token
2371,6725,2,20000.00,inactive,"2025-06-05 12:09:45","2025-06-13 16:18:03",Dev Token,Dev Token
2372,6725,3,30000.00,inactive,"2025-06-05 12:09:45","2025-06-13 16:18:03",Dev Token,Dev Token
2373,6725,4,40000.00,inactive,"2025-06-05 12:09:46","2025-06-13 16:18:03",Dev Token,Dev Token
2374,6722,2,20000.00,inactive,"2025-06-05 12:09:46","2025-06-13 16:18:04",Dev Token,Dev Token
2375,6722,3,30000.00,inactive,"2025-06-05 12:09:46","2025-06-13 16:18:04",Dev Token,Dev Token
2376,6722,4,40000.00,inactive,"2025-06-05 12:09:46","2025-06-13 16:18:04",Dev Token,Dev Token
2377,6727,2,20000.00,inactive,"2025-06-05 12:09:47","2025-06-13 16:18:05",Dev Token,Dev Token
2378,6727,3,30000.00,inactive,"2025-06-05 12:09:47","2025-06-13 16:18:05",Dev Token,Dev Token
2379,6727,4,40000.00,inactive,"2025-06-05 12:09:47","2025-06-13 16:18:06",Dev Token,Dev Token
2380,6724,2,20000.00,inactive,"2025-06-05 12:09:47","2025-06-13 16:18:06",Dev Token,Dev Token
2381,6724,3,30000.00,inactive,"2025-06-05 12:09:48","2025-06-13 16:18:06",Dev Token,Dev Token
2382,6724,4,40000.00,inactive,"2025-06-05 12:09:48","2025-06-13 16:18:06",Dev Token,Dev Token
2383,6728,2,20000.00,inactive,"2025-06-05 12:09:48","2025-06-13 16:18:06",Dev Token,Dev Token
2384,6728,3,30000.00,inactive,"2025-06-05 12:09:48","2025-06-13 16:18:06",Dev Token,Dev Token
2385,6728,4,40000.00,inactive,"2025-06-05 12:09:48","2025-06-13 16:18:07",Dev Token,Dev Token
2386,6723,2,20000.00,inactive,"2025-06-05 12:09:49","2025-06-13 16:18:07",Dev Token,Dev Token
2387,6723,3,30000.00,inactive,"2025-06-05 12:09:49","2025-06-13 16:18:07",Dev Token,Dev Token
2388,6723,4,40000.00,inactive,"2025-06-05 12:09:49","2025-06-13 16:18:07",Dev Token,Dev Token
2389,6712,2,20000.00,inactive,"2025-06-05 12:09:49","2025-06-13 16:18:08",Dev Token,Dev Token
2390,6712,3,30000.00,inactive,"2025-06-05 12:09:50","2025-06-13 16:18:08",Dev Token,Dev Token
2391,6712,4,40000.00,inactive,"2025-06-05 12:09:50","2025-06-13 16:18:08",Dev Token,Dev Token
2392,6715,2,20000.00,inactive,"2025-06-05 12:09:50","2025-06-13 16:18:08",Dev Token,Dev Token
2393,6715,3,30000.00,inactive,"2025-06-05 12:09:50","2025-06-13 16:18:08",Dev Token,Dev Token
2394,6715,4,40000.00,inactive,"2025-06-05 12:09:50","2025-06-13 16:18:09",Dev Token,Dev Token
2395,6716,2,20000.00,inactive,"2025-06-05 12:09:51","2025-06-13 16:18:09",Dev Token,Dev Token
2396,6716,3,30000.00,inactive,"2025-06-05 12:09:51","2025-06-13 16:18:09",Dev Token,Dev Token
2397,6716,4,40000.00,inactive,"2025-06-05 12:09:51","2025-06-13 16:18:10",Dev Token,Dev Token
2398,6719,2,20000.00,inactive,"2025-06-05 12:09:51","2025-06-13 16:18:10",Dev Token,Dev Token
2399,6719,3,30000.00,inactive,"2025-06-05 12:09:51","2025-06-13 16:18:10",Dev Token,Dev Token
2400,6719,4,40000.00,inactive,"2025-06-05 12:09:52","2025-06-13 16:18:10",Dev Token,Dev Token
2401,6714,2,20000.00,inactive,"2025-06-05 12:09:52","2025-06-13 16:18:10",Dev Token,Dev Token
2402,6714,3,30000.00,inactive,"2025-06-05 12:09:52","2025-06-13 16:18:10",Dev Token,Dev Token
2403,6714,4,40000.00,inactive,"2025-06-05 12:09:53","2025-06-13 16:18:11",Dev Token,Dev Token
2404,6717,2,20000.00,inactive,"2025-06-05 12:09:53","2025-06-13 16:18:11",Dev Token,Dev Token
2405,6717,3,30000.00,inactive,"2025-06-05 12:09:53","2025-06-13 16:18:11",Dev Token,Dev Token
2406,6717,4,40000.00,inactive,"2025-06-05 12:09:53","2025-06-13 16:18:11",Dev Token,Dev Token
2407,6713,2,20000.00,inactive,"2025-06-05 12:09:53","2025-06-13 16:18:11",Dev Token,Dev Token
2408,6713,3,30000.00,inactive,"2025-06-05 12:09:54","2025-06-13 16:18:11",Dev Token,Dev Token
2409,6713,4,40000.00,inactive,"2025-06-05 12:09:54","2025-06-13 16:18:12",Dev Token,Dev Token
2410,6718,2,20000.00,inactive,"2025-06-05 12:09:54","2025-06-13 16:18:12",Dev Token,Dev Token
2411,6718,3,30000.00,inactive,"2025-06-05 12:09:55","2025-06-13 16:18:12",Dev Token,Dev Token
2412,6718,4,40000.00,inactive,"2025-06-05 12:09:55","2025-06-13 16:18:13",Dev Token,Dev Token
2413,6766,2,20000.00,inactive,"2025-06-05 12:09:55","2025-06-13 16:18:13",Dev Token,Dev Token
2414,6766,3,30000.00,inactive,"2025-06-05 12:09:55","2025-06-13 16:18:13",Dev Token,Dev Token
2415,6766,4,40000.00,inactive,"2025-06-05 12:09:55","2025-06-13 16:18:13",Dev Token,Dev Token
2416,6769,2,20000.00,inactive,"2025-06-05 12:09:56","2025-06-13 16:18:14",Dev Token,Dev Token
2417,6769,3,30000.00,inactive,"2025-06-05 12:09:56","2025-06-13 16:18:14",Dev Token,Dev Token
2418,6769,4,40000.00,inactive,"2025-06-05 12:09:56","2025-06-13 16:18:14",Dev Token,Dev Token
2419,6770,2,20000.00,inactive,"2025-06-05 12:09:56","2025-06-13 16:18:14",Dev Token,Dev Token
2420,6770,3,30000.00,inactive,"2025-06-05 12:09:56","2025-06-13 16:18:14",Dev Token,Dev Token
2421,6770,4,40000.00,inactive,"2025-06-05 12:09:56","2025-06-13 16:18:15",Dev Token,Dev Token
2422,6773,2,20000.00,inactive,"2025-06-05 12:09:57","2025-06-13 16:18:15",Dev Token,Dev Token
2423,6773,3,30000.00,inactive,"2025-06-05 12:09:57","2025-06-13 16:18:15",Dev Token,Dev Token
2424,6773,4,40000.00,inactive,"2025-06-05 12:09:57","2025-06-13 16:18:15",Dev Token,Dev Token
2425,6768,2,20000.00,inactive,"2025-06-05 12:09:57","2025-06-13 16:18:15",Dev Token,Dev Token
2426,6768,3,30000.00,inactive,"2025-06-05 12:09:58","2025-06-13 16:18:16",Dev Token,Dev Token
2427,6768,4,40000.00,inactive,"2025-06-05 12:09:58","2025-06-13 16:18:16",Dev Token,Dev Token
2428,6771,2,20000.00,inactive,"2025-06-05 12:09:58","2025-06-13 16:18:16",Dev Token,Dev Token
2429,6771,3,30000.00,inactive,"2025-06-05 12:09:58","2025-06-13 16:18:16",Dev Token,Dev Token
2430,6771,4,40000.00,inactive,"2025-06-05 12:09:58","2025-06-13 16:18:16",Dev Token,Dev Token
2431,6767,2,20000.00,inactive,"2025-06-05 12:09:58","2025-06-13 16:18:16",Dev Token,Dev Token
2432,6767,3,30000.00,inactive,"2025-06-05 12:09:58","2025-06-13 16:18:17",Dev Token,Dev Token
2433,6767,4,40000.00,inactive,"2025-06-05 12:09:58","2025-06-13 16:18:17",Dev Token,Dev Token
2434,6772,2,20000.00,inactive,"2025-06-05 12:09:59","2025-06-13 16:18:17",Dev Token,Dev Token
2435,6772,3,30000.00,inactive,"2025-06-05 12:09:59","2025-06-13 16:18:17",Dev Token,Dev Token
2436,6772,4,40000.00,inactive,"2025-06-05 12:09:59","2025-06-13 16:18:17",Dev Token,Dev Token
2437,6711,2,20000.00,inactive,"2025-06-05 12:09:59","2025-06-13 16:18:17",Dev Token,Dev Token
2438,6711,3,30000.00,inactive,"2025-06-05 12:09:59","2025-06-13 16:18:18",Dev Token,Dev Token
2439,6711,4,40000.00,inactive,"2025-06-05 12:09:59","2025-06-13 16:18:18",Dev Token,Dev Token
2440,6708,2,20000.00,inactive,"2025-06-05 12:09:59","2025-06-13 16:18:18",Dev Token,Dev Token
2441,6708,3,30000.00,inactive,"2025-06-05 12:09:59","2025-06-13 16:18:18",Dev Token,Dev Token
2442,6708,4,40000.00,inactive,"2025-06-05 12:10:00","2025-06-13 16:18:18",Dev Token,Dev Token
2443,6707,2,20000.00,inactive,"2025-06-05 12:10:00","2025-06-13 16:18:18",Dev Token,Dev Token
2444,6707,3,30000.00,inactive,"2025-06-05 12:10:00","2025-06-13 16:18:18",Dev Token,Dev Token
2445,6707,4,40000.00,inactive,"2025-06-05 12:10:00","2025-06-13 16:18:19",Dev Token,Dev Token
2446,6704,2,20000.00,inactive,"2025-06-05 12:10:01","2025-06-13 16:18:19",Dev Token,Dev Token
2447,6704,3,30000.00,inactive,"2025-06-05 12:10:01","2025-06-13 16:18:19",Dev Token,Dev Token
2448,6704,4,40000.00,inactive,"2025-06-05 12:10:01","2025-06-13 16:18:19",Dev Token,Dev Token
2449,6709,2,20000.00,inactive,"2025-06-05 12:10:01","2025-06-13 16:18:19",Dev Token,Dev Token
2450,6709,3,30000.00,inactive,"2025-06-05 12:10:02","2025-06-13 16:18:19",Dev Token,Dev Token
2451,6709,4,40000.00,inactive,"2025-06-05 12:10:02","2025-06-13 16:18:19",Dev Token,Dev Token
2452,6706,2,20000.00,inactive,"2025-06-05 12:10:02","2025-06-13 16:18:20",Dev Token,Dev Token
2453,6706,3,30000.00,inactive,"2025-06-05 12:10:02","2025-06-13 16:18:20",Dev Token,Dev Token
2454,6706,4,40000.00,inactive,"2025-06-05 12:10:02","2025-06-13 16:18:20",Dev Token,Dev Token
2455,6710,2,20000.00,inactive,"2025-06-05 12:10:02","2025-06-13 16:18:20",Dev Token,Dev Token
2456,6710,3,30000.00,inactive,"2025-06-05 12:10:02","2025-06-13 16:18:21",Dev Token,Dev Token
2457,6710,4,40000.00,inactive,"2025-06-05 12:10:02","2025-06-13 16:18:21",Dev Token,Dev Token
2458,6705,2,20000.00,inactive,"2025-06-05 12:10:02","2025-06-13 16:18:21",Dev Token,Dev Token
2459,6705,3,30000.00,inactive,"2025-06-05 12:10:03","2025-06-13 16:18:21",Dev Token,Dev Token
2460,6705,4,40000.00,inactive,"2025-06-05 12:10:03","2025-06-13 16:18:21",Dev Token,Dev Token
2461,6783,2,20000.00,inactive,"2025-06-05 12:10:06","2025-06-13 16:18:26",Dev Token,Dev Token
2462,6783,3,30000.00,inactive,"2025-06-05 12:10:06","2025-06-13 16:18:26",Dev Token,Dev Token
2463,6783,4,40000.00,inactive,"2025-06-05 12:10:07","2025-06-13 16:18:26",Dev Token,Dev Token
2464,6780,2,20000.00,inactive,"2025-06-05 12:10:07","2025-06-13 16:18:26",Dev Token,Dev Token
2465,6780,3,30000.00,inactive,"2025-06-05 12:10:07","2025-06-13 16:18:26",Dev Token,Dev Token
2466,6780,4,40000.00,inactive,"2025-06-05 12:10:07","2025-06-13 16:18:27",Dev Token,Dev Token
2467,6779,2,20000.00,inactive,"2025-06-05 12:10:07","2025-06-13 16:18:27",Dev Token,Dev Token
2468,6779,3,30000.00,inactive,"2025-06-05 12:10:07","2025-06-13 16:18:27",Dev Token,Dev Token
2469,6779,4,40000.00,inactive,"2025-06-05 12:10:07","2025-06-13 16:18:27",Dev Token,Dev Token
2470,6776,2,20000.00,inactive,"2025-06-05 12:10:07","2025-06-13 16:18:27",Dev Token,Dev Token
2471,6776,3,30000.00,inactive,"2025-06-05 12:10:07","2025-06-13 16:18:27",Dev Token,Dev Token
2472,6776,4,40000.00,inactive,"2025-06-05 12:10:08","2025-06-13 16:18:28",Dev Token,Dev Token
2473,6781,2,20000.00,inactive,"2025-06-05 12:10:08","2025-06-13 16:18:28",Dev Token,Dev Token
2474,6781,3,30000.00,inactive,"2025-06-05 12:10:08","2025-06-13 16:18:28",Dev Token,Dev Token
2475,6781,4,40000.00,inactive,"2025-06-05 12:10:08","2025-06-13 16:18:28",Dev Token,Dev Token
2476,6778,2,20000.00,inactive,"2025-06-05 12:10:08","2025-06-13 16:18:28",Dev Token,Dev Token
2477,6778,3,30000.00,inactive,"2025-06-05 12:10:08","2025-06-13 16:18:29",Dev Token,Dev Token
2478,6778,4,40000.00,inactive,"2025-06-05 12:10:08","2025-06-13 16:18:29",Dev Token,Dev Token
2479,6782,2,20000.00,inactive,"2025-06-05 12:10:08","2025-06-13 16:18:29",Dev Token,Dev Token
2480,6782,3,30000.00,inactive,"2025-06-05 12:10:08","2025-06-13 16:18:29",Dev Token,Dev Token
2481,6782,4,40000.00,inactive,"2025-06-05 12:10:09","2025-06-13 16:18:29",Dev Token,Dev Token
2482,6777,2,20000.00,inactive,"2025-06-05 12:10:09","2025-06-13 16:18:29",Dev Token,Dev Token
2483,6777,3,30000.00,inactive,"2025-06-05 12:10:09","2025-06-13 16:18:30",Dev Token,Dev Token
2484,6777,4,40000.00,inactive,"2025-06-05 12:10:09","2025-06-13 16:18:30",Dev Token,Dev Token
2485,6748,2,20000.00,inactive,"2025-06-05 12:10:13","2025-06-13 16:18:36",Dev Token,Dev Token
2486,6748,3,30000.00,inactive,"2025-06-05 12:10:13","2025-06-13 16:18:36",Dev Token,Dev Token
2487,6748,4,40000.00,inactive,"2025-06-05 12:10:13","2025-06-13 16:18:36",Dev Token,Dev Token
2488,6751,2,20000.00,inactive,"2025-06-05 12:10:13","2025-06-13 16:18:36",Dev Token,Dev Token
2489,6751,3,30000.00,inactive,"2025-06-05 12:10:14","2025-06-13 16:18:36",Dev Token,Dev Token
2490,6751,4,40000.00,inactive,"2025-06-05 12:10:14","2025-06-13 16:18:37",Dev Token,Dev Token
2491,6752,2,20000.00,inactive,"2025-06-05 12:10:14","2025-06-13 16:18:37",Dev Token,Dev Token
2492,6752,3,30000.00,inactive,"2025-06-05 12:10:14","2025-06-13 16:18:37",Dev Token,Dev Token
2493,6752,4,40000.00,inactive,"2025-06-05 12:10:14","2025-06-13 16:18:37",Dev Token,Dev Token
2494,6755,2,20000.00,inactive,"2025-06-05 12:10:14","2025-06-13 16:18:37",Dev Token,Dev Token
2495,6755,3,30000.00,inactive,"2025-06-05 12:10:14","2025-06-13 16:18:38",Dev Token,Dev Token
2496,6755,4,40000.00,inactive,"2025-06-05 12:10:15","2025-06-13 16:18:38",Dev Token,Dev Token
2497,6750,2,20000.00,inactive,"2025-06-05 12:10:15","2025-06-13 16:18:38",Dev Token,Dev Token
2498,6750,3,30000.00,inactive,"2025-06-05 12:10:15","2025-06-13 16:18:38",Dev Token,Dev Token
2499,6750,4,40000.00,inactive,"2025-06-05 12:10:15","2025-06-13 16:18:38",Dev Token,Dev Token
2500,6753,2,20000.00,inactive,"2025-06-05 12:10:15","2025-06-13 16:18:38",Dev Token,Dev Token
2501,6753,3,30000.00,inactive,"2025-06-05 12:10:15","2025-06-13 16:18:39",Dev Token,Dev Token
2502,6753,4,40000.00,inactive,"2025-06-05 12:10:15","2025-06-13 16:18:39",Dev Token,Dev Token
2503,6749,2,20000.00,inactive,"2025-06-05 12:10:15","2025-06-13 16:18:39",Dev Token,Dev Token
2504,6749,3,30000.00,inactive,"2025-06-05 12:10:15","2025-06-13 16:18:39",Dev Token,Dev Token
2505,6749,4,40000.00,inactive,"2025-06-05 12:10:15","2025-06-13 16:18:39",Dev Token,Dev Token
2506,6754,2,20000.00,inactive,"2025-06-05 12:10:15","2025-06-13 16:18:39",Dev Token,Dev Token
2507,6754,3,30000.00,inactive,"2025-06-05 12:10:16","2025-06-13 16:18:39",Dev Token,Dev Token
2508,6754,4,40000.00,inactive,"2025-06-05 12:10:16","2025-06-13 16:18:40",Dev Token,Dev Token
2509,6694,2,20000.00,inactive,"2025-06-05 12:10:18","2025-06-13 16:18:44",Dev Token,Dev Token
2510,6694,3,30000.00,inactive,"2025-06-05 12:10:18","2025-06-13 16:18:44",Dev Token,Dev Token
2511,6694,4,40000.00,inactive,"2025-06-05 12:10:18","2025-06-13 16:18:44",Dev Token,Dev Token
2512,6697,2,20000.00,inactive,"2025-06-05 12:10:18","2025-06-13 16:18:44",Dev Token,Dev Token
2513,6697,3,30000.00,inactive,"2025-06-05 12:10:18","2025-06-13 16:18:44",Dev Token,Dev Token
2514,6697,4,40000.00,inactive,"2025-06-05 12:10:19","2025-06-13 16:18:45",Dev Token,Dev Token
2515,6698,2,20000.00,inactive,"2025-06-05 12:10:19","2025-06-13 16:18:45",Dev Token,Dev Token
2516,6698,3,30000.00,inactive,"2025-06-05 12:10:19","2025-06-13 16:18:45",Dev Token,Dev Token
2517,6698,4,40000.00,inactive,"2025-06-05 12:10:19","2025-06-13 16:18:45",Dev Token,Dev Token
2518,6701,2,20000.00,inactive,"2025-06-05 12:10:19","2025-06-13 16:18:45",Dev Token,Dev Token
2519,6701,3,30000.00,inactive,"2025-06-05 12:10:20","2025-06-13 16:18:45",Dev Token,Dev Token
2520,6701,4,40000.00,inactive,"2025-06-05 12:10:20","2025-06-13 16:18:46",Dev Token,Dev Token
2521,6696,2,20000.00,inactive,"2025-06-05 12:10:20","2025-06-13 16:18:46",Dev Token,Dev Token
2522,6696,3,30000.00,inactive,"2025-06-05 12:10:20","2025-06-13 16:18:46",Dev Token,Dev Token
2523,6696,4,40000.00,inactive,"2025-06-05 12:10:20","2025-06-13 16:18:46",Dev Token,Dev Token
2524,6699,2,20000.00,inactive,"2025-06-05 12:10:20","2025-06-13 16:18:46",Dev Token,Dev Token
2525,6699,3,30000.00,inactive,"2025-06-05 12:10:20","2025-06-13 16:18:46",Dev Token,Dev Token
2526,6699,4,40000.00,inactive,"2025-06-05 12:10:21","2025-06-13 16:18:47",Dev Token,Dev Token
2527,6695,2,20000.00,inactive,"2025-06-05 12:10:21","2025-06-13 16:18:47",Dev Token,Dev Token
2528,6695,3,30000.00,inactive,"2025-06-05 12:10:21","2025-06-13 16:18:47",Dev Token,Dev Token
2529,6695,4,40000.00,inactive,"2025-06-05 12:10:21","2025-06-13 16:18:47",Dev Token,Dev Token
2530,6700,2,20000.00,inactive,"2025-06-05 12:10:21","2025-06-13 16:18:47",Dev Token,Dev Token
2531,6700,3,30000.00,inactive,"2025-06-05 12:10:21","2025-06-13 16:18:47",Dev Token,Dev Token
2532,6700,4,40000.00,inactive,"2025-06-05 12:10:21","2025-06-13 16:18:47",Dev Token,Dev Token
2533,6730,2,20000.00,inactive,"2025-06-05 12:10:25","2025-06-13 16:18:52",Dev Token,Dev Token
2534,6730,3,30000.00,inactive,"2025-06-05 12:10:25","2025-06-13 16:18:52",Dev Token,Dev Token
2535,6730,4,40000.00,inactive,"2025-06-05 12:10:25","2025-06-13 16:18:53",Dev Token,Dev Token
2536,6733,2,20000.00,inactive,"2025-06-05 12:10:25","2025-06-13 16:18:53",Dev Token,Dev Token
2537,6733,3,30000.00,inactive,"2025-06-05 12:10:25","2025-06-13 16:18:53",Dev Token,Dev Token
2538,6733,4,40000.00,inactive,"2025-06-05 12:10:25","2025-06-13 16:18:53",Dev Token,Dev Token
2539,6734,2,20000.00,inactive,"2025-06-05 12:10:25","2025-06-13 16:18:53",Dev Token,Dev Token
2540,6734,3,30000.00,inactive,"2025-06-05 12:10:26","2025-06-13 16:18:53",Dev Token,Dev Token
2541,6734,4,40000.00,inactive,"2025-06-05 12:10:26","2025-06-13 16:18:53",Dev Token,Dev Token
2542,6737,2,20000.00,inactive,"2025-06-05 12:10:26","2025-06-13 16:18:54",Dev Token,Dev Token
2543,6737,3,30000.00,inactive,"2025-06-05 12:10:26","2025-06-13 16:18:54",Dev Token,Dev Token
2544,6737,4,40000.00,inactive,"2025-06-05 12:10:26","2025-06-13 16:18:54",Dev Token,Dev Token
2545,6732,2,20000.00,inactive,"2025-06-05 12:10:26","2025-06-13 16:18:54",Dev Token,Dev Token
2546,6732,3,30000.00,inactive,"2025-06-05 12:10:26","2025-06-13 16:18:55",Dev Token,Dev Token
2547,6732,4,40000.00,inactive,"2025-06-05 12:10:26","2025-06-13 16:18:55",Dev Token,Dev Token
2548,6735,2,20000.00,inactive,"2025-06-05 12:10:26","2025-06-13 16:18:55",Dev Token,Dev Token
2549,6735,3,30000.00,inactive,"2025-06-05 12:10:27","2025-06-13 16:18:55",Dev Token,Dev Token
2550,6735,4,40000.00,inactive,"2025-06-05 12:10:27","2025-06-13 16:18:55",Dev Token,Dev Token
2551,6731,2,20000.00,inactive,"2025-06-05 12:10:27","2025-06-13 16:18:55",Dev Token,Dev Token
2552,6731,3,30000.00,inactive,"2025-06-05 12:10:27","2025-06-13 16:18:55",Dev Token,Dev Token
2553,6731,4,40000.00,inactive,"2025-06-05 12:10:27","2025-06-13 16:18:56",Dev Token,Dev Token
2554,6736,2,20000.00,inactive,"2025-06-05 12:10:27","2025-06-13 16:18:56",Dev Token,Dev Token
2555,6736,3,30000.00,inactive,"2025-06-05 12:10:27","2025-06-13 16:18:56",Dev Token,Dev Token
2556,6736,4,40000.00,inactive,"2025-06-05 12:10:28","2025-06-13 16:18:56",Dev Token,Dev Token
2557,6747,2,20000.00,inactive,"2025-06-05 12:10:31","2025-06-13 16:19:00",Dev Token,Dev Token
2558,6747,3,30000.00,inactive,"2025-06-05 12:10:31","2025-06-13 16:19:00",Dev Token,Dev Token
2559,6747,4,40000.00,inactive,"2025-06-05 12:10:31","2025-06-13 16:19:01",Dev Token,Dev Token
2560,6744,2,20000.00,inactive,"2025-06-05 12:10:31","2025-06-13 16:19:01",Dev Token,Dev Token
2561,6744,3,30000.00,inactive,"2025-06-05 12:10:31","2025-06-13 16:19:01",Dev Token,Dev Token
2562,6744,4,40000.00,inactive,"2025-06-05 12:10:32","2025-06-13 16:19:01",Dev Token,Dev Token
2563,6743,2,20000.00,inactive,"2025-06-05 12:10:32","2025-06-13 16:19:01",Dev Token,Dev Token
2564,6743,3,30000.00,inactive,"2025-06-05 12:10:33","2025-06-13 16:19:01",Dev Token,Dev Token
2565,6743,4,40000.00,inactive,"2025-06-05 12:10:34","2025-06-13 16:19:01",Dev Token,Dev Token
2566,6740,2,20000.00,inactive,"2025-06-05 12:10:35","2025-06-13 16:19:02",Dev Token,Dev Token
2567,6740,3,30000.00,inactive,"2025-06-05 12:10:35","2025-06-13 16:19:02",Dev Token,Dev Token
2568,6740,4,40000.00,inactive,"2025-06-05 12:10:35","2025-06-13 16:19:02",Dev Token,Dev Token
2569,6745,2,20000.00,inactive,"2025-06-05 12:10:36","2025-06-13 16:19:02",Dev Token,Dev Token
2570,6745,3,30000.00,inactive,"2025-06-05 12:10:36","2025-06-13 16:19:02",Dev Token,Dev Token
2571,6745,4,40000.00,inactive,"2025-06-05 12:10:36","2025-06-13 16:19:02",Dev Token,Dev Token
2572,6742,2,20000.00,inactive,"2025-06-05 12:10:37","2025-06-13 16:19:02",Dev Token,Dev Token
2573,6742,3,30000.00,inactive,"2025-06-05 12:10:38","2025-06-13 16:19:03",Dev Token,Dev Token
2574,6742,4,40000.00,inactive,"2025-06-05 12:10:38","2025-06-13 16:19:03",Dev Token,Dev Token
2575,6746,2,20000.00,inactive,"2025-06-05 12:10:38","2025-06-13 16:19:03",Dev Token,Dev Token
2576,6746,3,30000.00,inactive,"2025-06-05 12:10:38","2025-06-13 16:19:03",Dev Token,Dev Token
2577,6746,4,40000.00,inactive,"2025-06-05 12:10:39","2025-06-13 16:19:03",Dev Token,Dev Token
2578,6741,2,20000.00,inactive,"2025-06-05 12:10:39","2025-06-13 16:19:03",Dev Token,Dev Token
2579,6741,3,30000.00,inactive,"2025-06-05 12:10:39","2025-06-13 16:19:04",Dev Token,Dev Token
2580,6741,4,40000.00,inactive,"2025-06-05 12:10:39","2025-06-13 16:19:04",Dev Token,Dev Token
2581,6846,2,20000.00,active,"2025-07-09 14:48:36","2025-07-09 14:48:36",Dev Token,Dev Token
2582,6846,3,30000.00,active,"2025-07-09 14:48:36","2025-07-09 14:48:36",Dev Token,Dev Token
2583,6846,4,40000.00,active,"2025-07-09 14:48:37","2025-07-09 14:48:37",Dev Token,Dev Token
2584,6830,2,20000.00,active,"2025-07-09 14:48:37","2025-07-09 14:48:37",Dev Token,Dev Token
2585,6830,3,30000.00,active,"2025-07-09 14:48:37","2025-07-09 14:48:37",Dev Token,Dev Token
2586,6830,4,40000.00,active,"2025-07-09 14:48:37","2025-07-09 14:48:37",Dev Token,Dev Token
2587,6848,2,20000.00,active,"2025-07-09 14:48:37","2025-07-09 14:48:37",Dev Token,Dev Token
2588,6848,3,30000.00,active,"2025-07-09 14:48:37","2025-07-09 14:48:37",Dev Token,Dev Token
2589,6848,4,40000.00,active,"2025-07-09 14:48:37","2025-07-09 14:48:37",Dev Token,Dev Token
2590,6844,2,20000.00,active,"2025-07-09 14:48:37","2025-07-09 14:48:37",Dev Token,Dev Token
2591,6844,3,30000.00,active,"2025-07-09 14:48:37","2025-07-09 14:48:37",Dev Token,Dev Token
2592,6844,4,40000.00,active,"2025-07-09 14:48:38","2025-07-09 14:48:38",Dev Token,Dev Token
2593,6838,2,20000.00,active,"2025-07-09 14:48:38","2025-07-09 14:48:38",Dev Token,Dev Token
2594,6838,3,30000.00,active,"2025-07-09 14:48:38","2025-07-09 14:48:38",Dev Token,Dev Token
2595,6838,4,40000.00,active,"2025-07-09 14:48:38","2025-07-09 14:48:38",Dev Token,Dev Token
2596,6840,2,20000.00,active,"2025-07-09 14:48:38","2025-07-09 14:48:38",Dev Token,Dev Token
2597,6840,3,30000.00,active,"2025-07-09 14:48:38","2025-07-09 14:48:38",Dev Token,Dev Token
2598,6840,4,40000.00,active,"2025-07-09 14:48:38","2025-07-09 14:48:38",Dev Token,Dev Token
2599,6842,2,20000.00,active,"2025-07-09 14:48:38","2025-07-09 14:48:38",Dev Token,Dev Token
2600,6842,3,30000.00,active,"2025-07-09 14:48:38","2025-07-09 14:48:38",Dev Token,Dev Token
2601,6842,4,40000.00,active,"2025-07-09 14:48:38","2025-07-09 14:48:38",Dev Token,Dev Token
2602,6836,2,20000.00,active,"2025-07-09 14:48:38","2025-07-09 14:48:38",Dev Token,Dev Token
2603,6836,3,30000.00,active,"2025-07-09 14:48:39","2025-07-09 14:48:39",Dev Token,Dev Token
2604,6836,4,40000.00,active,"2025-07-09 14:48:39","2025-07-09 14:48:39",Dev Token,Dev Token
2605,6834,2,20000.00,active,"2025-07-09 14:48:39","2025-07-09 14:48:39",Dev Token,Dev Token
2606,6834,3,30000.00,active,"2025-07-09 14:48:39","2025-07-09 14:48:39",Dev Token,Dev Token
2607,6834,4,40000.00,active,"2025-07-09 14:48:39","2025-07-09 14:48:39",Dev Token,Dev Token
2608,6832,2,20000.00,active,"2025-07-09 14:48:39","2025-07-09 14:48:39",Dev Token,Dev Token
2609,6832,3,30000.00,active,"2025-07-09 14:48:39","2025-07-09 14:48:39",Dev Token,Dev Token
2610,6832,4,40000.00,active,"2025-07-09 14:48:39","2025-07-09 14:48:39",Dev Token,Dev Token
2611,6847,2,20000.00,active,"2025-07-09 14:48:39","2025-07-09 14:48:39",Dev Token,Dev Token
2612,6847,3,30000.00,active,"2025-07-09 14:48:40","2025-07-09 14:48:40",Dev Token,Dev Token
2613,6847,4,40000.00,active,"2025-07-09 14:48:40","2025-07-09 14:48:40",Dev Token,Dev Token
2614,6831,2,20000.00,active,"2025-07-09 14:48:40","2025-07-09 14:48:40",Dev Token,Dev Token
2615,6831,3,30000.00,active,"2025-07-09 14:48:40","2025-07-09 14:48:40",Dev Token,Dev Token
2616,6831,4,40000.00,active,"2025-07-09 14:48:40","2025-07-09 14:48:40",Dev Token,Dev Token
2617,6849,2,20000.00,active,"2025-07-09 14:48:40","2025-07-09 14:48:40",Dev Token,Dev Token
2618,6849,3,30000.00,active,"2025-07-09 14:48:40","2025-07-09 14:48:40",Dev Token,Dev Token
2619,6849,4,40000.00,active,"2025-07-09 14:48:40","2025-07-09 14:48:40",Dev Token,Dev Token
2620,6845,2,20000.00,active,"2025-07-09 14:48:40","2025-07-09 14:48:40",Dev Token,Dev Token
2621,6845,3,30000.00,active,"2025-07-09 14:48:40","2025-07-09 14:48:40",Dev Token,Dev Token
2622,6845,4,40000.00,active,"2025-07-09 14:48:40","2025-07-09 14:48:40",Dev Token,Dev Token
2623,6839,2,20000.00,active,"2025-07-09 14:48:41","2025-07-09 14:48:41",Dev Token,Dev Token
2624,6839,3,30000.00,active,"2025-07-09 14:48:41","2025-07-09 14:48:41",Dev Token,Dev Token
2625,6839,4,40000.00,active,"2025-07-09 14:48:41","2025-07-09 14:48:41",Dev Token,Dev Token
2626,6841,2,20000.00,active,"2025-07-09 14:48:41","2025-07-09 14:48:41",Dev Token,Dev Token
2627,6841,3,30000.00,active,"2025-07-09 14:48:41","2025-07-09 14:48:41",Dev Token,Dev Token
2628,6841,4,40000.00,active,"2025-07-09 14:48:41","2025-07-09 14:48:41",Dev Token,Dev Token
2629,6843,2,20000.00,active,"2025-07-09 14:48:41","2025-07-09 14:48:41",Dev Token,Dev Token
2630,6843,3,30000.00,active,"2025-07-09 14:48:41","2025-07-09 14:48:41",Dev Token,Dev Token
2631,6843,4,40000.00,active,"2025-07-09 14:48:41","2025-07-09 14:48:41",Dev Token,Dev Token
2632,6837,2,20000.00,active,"2025-07-09 14:48:41","2025-07-09 14:48:41",Dev Token,Dev Token
2633,6837,3,30000.00,active,"2025-07-09 14:48:41","2025-07-09 14:48:41",Dev Token,Dev Token
2634,6837,4,40000.00,active,"2025-07-09 14:48:41","2025-07-09 14:48:41",Dev Token,Dev Token
2635,6835,2,20000.00,active,"2025-07-09 14:48:42","2025-07-09 14:48:42",Dev Token,Dev Token
2636,6835,3,30000.00,active,"2025-07-09 14:48:42","2025-07-09 14:48:42",Dev Token,Dev Token
2637,6835,4,40000.00,active,"2025-07-09 14:48:42","2025-07-09 14:48:42",Dev Token,Dev Token
2638,6833,2,20000.00,active,"2025-07-09 14:48:42","2025-07-09 14:48:42",Dev Token,Dev Token
2639,6833,3,30000.00,active,"2025-07-09 14:48:42","2025-07-09 14:48:42",Dev Token,Dev Token
2640,6833,4,40000.00,active,"2025-07-09 14:48:42","2025-07-09 14:48:42",Dev Token,Dev Token
