"id","line_item_id","name","created_at","created_by","language","updated_at","updated_by"
1,1,Hemoglobin english,"2022-12-21 23:46:27",audhy.prabowo,english,"2022-12-22 15:05:09",midhu.joseph
2,1,Hemoglobin bahasa,"2022-12-21 23:46:27",audhy.prabowo,bahasa_indonesia,"2022-12-22 15:05:09",midhu.joseph
3,2,Hematocrit,"2022-12-21 23:46:33",audhy.prabowo,english,"2022-12-21 23:49:43",audhy.prabowo
4,2,Hematocrit,"2022-12-21 23:46:33",audhy.prabowo,bahasa_indonesia,"2022-12-21 23:49:43",audhy.prabowo
5,3,Hemoglobin,"2022-12-21 23:46:51",audhy.prabowo,english,"2022-12-21 23:46:51",audhy.prabowo
6,3,Hemoglobin,"2022-12-21 23:46:51",audhy.prabowo,bahasa_indonesia,"2022-12-21 23:46:51",audhy.prabowo
7,4,Hemoglobin,"2022-12-21 23:46:55",audhy.prabowo,english,"2022-12-21 23:46:55",audhy.prabowo
8,4,Hemoglobin,"2022-12-21 23:46:55",audhy.prabowo,bahasa_indonesia,"2022-12-21 23:46:55",audhy.prabowo
9,5,Hemoglobin,"2022-12-21 23:46:55",audhy.prabowo,english,"2022-12-21 23:46:55",audhy.prabowo
10,5,Hemoglobin,"2022-12-21 23:46:55",audhy.prabowo,bahasa_indonesia,"2022-12-21 23:46:55",audhy.prabowo
11,6,Hemoglobin,"2022-12-21 23:46:55",audhy.prabowo,english,"2022-12-21 23:46:55",audhy.prabowo
12,6,Hemoglobin,"2022-12-21 23:46:55",audhy.prabowo,bahasa_indonesia,"2022-12-21 23:46:55",audhy.prabowo
13,7,Hemoglobin,"2022-12-21 23:46:55",audhy.prabowo,english,"2022-12-21 23:46:55",audhy.prabowo
14,7,Hemoglobin,"2022-12-21 23:46:55",audhy.prabowo,bahasa_indonesia,"2022-12-21 23:46:55",audhy.prabowo
15,8,Hemoglobin,"2022-12-21 23:46:55",audhy.prabowo,english,"2022-12-21 23:46:55",audhy.prabowo
16,8,Hemoglobin,"2022-12-21 23:46:55",audhy.prabowo,bahasa_indonesia,"2022-12-21 23:46:55",audhy.prabowo
17,9,Hemoglobin,"2022-12-21 23:46:56",audhy.prabowo,english,"2022-12-21 23:46:56",audhy.prabowo
18,9,Hemoglobin,"2022-12-21 23:46:56",audhy.prabowo,bahasa_indonesia,"2022-12-21 23:46:56",audhy.prabowo
19,10,Hemoglobin,"2022-12-21 23:46:56",audhy.prabowo,english,"2022-12-21 23:46:56",audhy.prabowo
20,10,Hemoglobin,"2022-12-21 23:46:56",audhy.prabowo,bahasa_indonesia,"2022-12-21 23:46:56",audhy.prabowo
21,11,Hemoglobin,"2022-12-21 23:46:57",audhy.prabowo,english,"2022-12-21 23:46:57",audhy.prabowo
22,11,Hemoglobin,"2022-12-21 23:46:57",audhy.prabowo,bahasa_indonesia,"2022-12-21 23:46:57",audhy.prabowo
23,12,Hemoglobin,"2022-12-21 23:46:57",audhy.prabowo,english,"2022-12-21 23:46:57",audhy.prabowo
24,12,Hemoglobin,"2022-12-21 23:46:57",audhy.prabowo,bahasa_indonesia,"2022-12-21 23:46:57",audhy.prabowo
25,13,Hemoglobin,"2022-12-21 23:46:57",audhy.prabowo,english,"2022-12-21 23:46:57",audhy.prabowo
26,13,Hemoglobin,"2022-12-21 23:46:57",audhy.prabowo,bahasa_indonesia,"2022-12-21 23:46:57",audhy.prabowo
27,14,Hemoglobin,"2022-12-21 23:46:57",audhy.prabowo,english,"2022-12-21 23:46:57",audhy.prabowo
28,14,Hemoglobin,"2022-12-21 23:46:57",audhy.prabowo,bahasa_indonesia,"2022-12-21 23:46:57",audhy.prabowo
29,15,Hemoglobin,"2022-12-21 23:46:58",audhy.prabowo,english,"2022-12-21 23:46:58",audhy.prabowo
30,15,Hemoglobin,"2022-12-21 23:46:58",audhy.prabowo,bahasa_indonesia,"2022-12-21 23:46:58",audhy.prabowo
31,16,Hemoglobin,"2022-12-21 23:46:58",audhy.prabowo,english,"2022-12-21 23:46:58",audhy.prabowo
32,16,Hemoglobin,"2022-12-21 23:46:58",audhy.prabowo,bahasa_indonesia,"2022-12-21 23:46:58",audhy.prabowo
33,17,Hemoglobin,"2022-12-21 23:46:58",audhy.prabowo,english,"2022-12-21 23:46:58",audhy.prabowo
34,17,Hemoglobin,"2022-12-21 23:46:58",audhy.prabowo,bahasa_indonesia,"2022-12-21 23:46:58",audhy.prabowo
35,18,Hemoglobin,"2022-12-21 23:46:58",audhy.prabowo,english,"2022-12-21 23:46:58",audhy.prabowo
36,18,Hemoglobin,"2022-12-21 23:46:58",audhy.prabowo,bahasa_indonesia,"2022-12-21 23:46:58",audhy.prabowo
37,19,Hematocrit,"2022-12-21 23:49:45",audhy.prabowo,english,"2022-12-21 23:49:45",audhy.prabowo
38,19,Hematocrit,"2022-12-21 23:49:45",audhy.prabowo,bahasa_indonesia,"2022-12-21 23:49:45",audhy.prabowo
39,20,Hematocrit,"2022-12-21 23:49:46",audhy.prabowo,english,"2022-12-21 23:49:46",audhy.prabowo
40,20,Hematocrit,"2022-12-21 23:49:46",audhy.prabowo,bahasa_indonesia,"2022-12-21 23:49:46",audhy.prabowo
41,21,Hematocrit,"2022-12-21 23:49:46",audhy.prabowo,english,"2022-12-21 23:49:46",audhy.prabowo
42,21,Hematocrit,"2022-12-21 23:49:46",audhy.prabowo,bahasa_indonesia,"2022-12-21 23:49:46",audhy.prabowo
43,22,Hematocrit,"2022-12-21 23:49:46",audhy.prabowo,english,"2022-12-21 23:49:46",audhy.prabowo
44,22,Hematocrit,"2022-12-21 23:49:46",audhy.prabowo,bahasa_indonesia,"2022-12-21 23:49:46",audhy.prabowo
45,23,Hematocrit,"2022-12-21 23:49:46",audhy.prabowo,english,"2022-12-21 23:49:46",audhy.prabowo
46,23,Hematocrit,"2022-12-21 23:49:46",audhy.prabowo,bahasa_indonesia,"2022-12-21 23:49:46",audhy.prabowo
47,24,Hematocrit,"2022-12-21 23:49:47",audhy.prabowo,english,"2022-12-21 23:49:47",audhy.prabowo
48,24,Hematocrit,"2022-12-21 23:49:47",audhy.prabowo,bahasa_indonesia,"2022-12-21 23:49:47",audhy.prabowo
49,25,Hematocrit,"2022-12-21 23:49:47",audhy.prabowo,english,"2022-12-21 23:49:47",audhy.prabowo
50,25,Hematocrit,"2022-12-21 23:49:47",audhy.prabowo,bahasa_indonesia,"2022-12-21 23:49:47",audhy.prabowo
51,26,Hematocrit,"2022-12-21 23:49:47",audhy.prabowo,english,"2022-12-21 23:49:47",audhy.prabowo
52,26,Hematocrit,"2022-12-21 23:49:47",audhy.prabowo,bahasa_indonesia,"2022-12-21 23:49:47",audhy.prabowo
53,27,Hematocrit,"2022-12-21 23:49:47",audhy.prabowo,english,"2022-12-21 23:49:47",audhy.prabowo
54,27,Hematocrit,"2022-12-21 23:49:47",audhy.prabowo,bahasa_indonesia,"2022-12-21 23:49:47",audhy.prabowo
55,28,Hematocrit,"2022-12-21 23:49:47",audhy.prabowo,english,"2022-12-21 23:49:47",audhy.prabowo
56,28,Hematocrit,"2022-12-21 23:49:47",audhy.prabowo,bahasa_indonesia,"2022-12-21 23:49:47",audhy.prabowo
57,29,Hematocrit,"2022-12-21 23:49:47",audhy.prabowo,english,"2022-12-21 23:49:47",audhy.prabowo
58,29,Hematocrit,"2022-12-21 23:49:47",audhy.prabowo,bahasa_indonesia,"2022-12-21 23:49:47",audhy.prabowo
59,30,Hematocrit,"2022-12-21 23:49:48",audhy.prabowo,english,"2022-12-21 23:49:48",audhy.prabowo
60,30,Hematocrit,"2022-12-21 23:49:48",audhy.prabowo,bahasa_indonesia,"2022-12-21 23:49:48",audhy.prabowo
61,31,Hematocrit,"2022-12-21 23:49:48",audhy.prabowo,english,"2022-12-21 23:49:48",audhy.prabowo
62,31,Hematocrit,"2022-12-21 23:49:48",audhy.prabowo,bahasa_indonesia,"2022-12-21 23:49:48",audhy.prabowo
63,32,Hematocrit,"2022-12-21 23:49:48",audhy.prabowo,english,"2022-12-21 23:49:48",audhy.prabowo
64,32,Hematocrit,"2022-12-21 23:49:48",audhy.prabowo,bahasa_indonesia,"2022-12-21 23:49:48",audhy.prabowo
65,33,Hematocrit,"2022-12-21 23:49:48",audhy.prabowo,english,"2022-12-21 23:49:48",audhy.prabowo
66,33,Hematocrit,"2022-12-21 23:49:48",audhy.prabowo,bahasa_indonesia,"2022-12-21 23:49:48",audhy.prabowo
67,34,Hematocrit,"2022-12-21 23:49:48",audhy.prabowo,english,"2022-12-21 23:49:48",audhy.prabowo
68,34,Hematocrit,"2022-12-21 23:49:48",audhy.prabowo,bahasa_indonesia,"2022-12-21 23:49:48",audhy.prabowo
69,35,Hematocrit,"2022-12-21 23:49:48",audhy.prabowo,english,"2022-12-21 23:49:48",audhy.prabowo
70,35,Hematocrit,"2022-12-21 23:49:48",audhy.prabowo,bahasa_indonesia,"2022-12-21 23:49:48",audhy.prabowo
71,36,Hematocrit,"2022-12-21 23:49:49",audhy.prabowo,english,"2022-12-21 23:49:49",audhy.prabowo
72,36,Hematocrit,"2022-12-21 23:49:49",audhy.prabowo,bahasa_indonesia,"2022-12-21 23:49:49",audhy.prabowo
73,37,Hematocrit,"2022-12-21 23:49:49",audhy.prabowo,english,"2022-12-21 23:49:49",audhy.prabowo
74,37,Hematocrit,"2022-12-21 23:49:49",audhy.prabowo,bahasa_indonesia,"2022-12-21 23:49:49",audhy.prabowo
75,38,Hematocrit,"2022-12-21 23:49:51",audhy.prabowo,english,"2022-12-21 23:49:51",audhy.prabowo
76,38,Hematocrit,"2022-12-21 23:49:51",audhy.prabowo,bahasa_indonesia,"2022-12-21 23:49:51",audhy.prabowo
77,39,Hematocrit,"2022-12-21 23:49:52",audhy.prabowo,english,"2022-12-21 23:49:52",audhy.prabowo
78,39,Hematocrit,"2022-12-21 23:49:52",audhy.prabowo,bahasa_indonesia,"2022-12-21 23:49:52",audhy.prabowo
79,40,Hematocrit,"2022-12-21 23:49:52",audhy.prabowo,english,"2022-12-21 23:49:52",audhy.prabowo
80,40,Hematocrit,"2022-12-21 23:49:52",audhy.prabowo,bahasa_indonesia,"2022-12-21 23:49:52",audhy.prabowo
81,41,Hematocrit,"2022-12-21 23:49:52",audhy.prabowo,english,"2022-12-21 23:49:52",audhy.prabowo
82,41,Hematocrit,"2022-12-21 23:49:52",audhy.prabowo,bahasa_indonesia,"2022-12-21 23:49:52",audhy.prabowo
83,42,Hematocrit,"2022-12-21 23:49:52",audhy.prabowo,english,"2022-12-21 23:49:52",audhy.prabowo
84,42,Hematocrit,"2022-12-21 23:49:52",audhy.prabowo,bahasa_indonesia,"2022-12-21 23:49:52",audhy.prabowo
85,43,Hematocrit,"2022-12-21 23:49:53",audhy.prabowo,english,"2022-12-21 23:49:53",audhy.prabowo
86,43,Hematocrit,"2022-12-21 23:49:53",audhy.prabowo,bahasa_indonesia,"2022-12-21 23:49:53",audhy.prabowo
87,44,Hematocrit,"2022-12-21 23:49:53",audhy.prabowo,english,"2022-12-21 23:49:53",audhy.prabowo
88,44,Hematocrit,"2022-12-21 23:49:53",audhy.prabowo,bahasa_indonesia,"2022-12-21 23:49:53",audhy.prabowo
89,45,Hematocrit,"2022-12-21 23:49:53",audhy.prabowo,english,"2022-12-21 23:49:53",audhy.prabowo
90,45,Hematocrit,"2022-12-21 23:49:53",audhy.prabowo,bahasa_indonesia,"2022-12-21 23:49:53",audhy.prabowo
91,46,Hematocrit,"2022-12-21 23:49:53",audhy.prabowo,english,"2022-12-21 23:49:53",audhy.prabowo
92,46,Hematocrit,"2022-12-21 23:49:53",audhy.prabowo,bahasa_indonesia,"2022-12-21 23:49:53",audhy.prabowo
93,47,Hematocrit,"2022-12-21 23:49:53",audhy.prabowo,english,"2022-12-21 23:49:53",audhy.prabowo
94,47,Hematocrit,"2022-12-21 23:49:53",audhy.prabowo,bahasa_indonesia,"2022-12-21 23:49:53",audhy.prabowo
95,48,Hematocrit,"2022-12-21 23:49:53",audhy.prabowo,english,"2022-12-21 23:49:53",audhy.prabowo
96,48,Hematocrit,"2022-12-21 23:49:53",audhy.prabowo,bahasa_indonesia,"2022-12-21 23:49:53",audhy.prabowo
97,49,Hematocrit,"2022-12-21 23:50:16",audhy.prabowo,english,"2022-12-21 23:50:16",audhy.prabowo
98,49,Hematocrit,"2022-12-21 23:50:16",audhy.prabowo,bahasa_indonesia,"2022-12-21 23:50:16",audhy.prabowo
99,50,Hematocrit,"2022-12-21 23:50:16",audhy.prabowo,english,"2022-12-21 23:50:16",audhy.prabowo
100,50,Hematocrit,"2022-12-21 23:50:16",audhy.prabowo,bahasa_indonesia,"2022-12-21 23:50:16",audhy.prabowo
101,51,Hematocrit,"2022-12-21 23:50:16",audhy.prabowo,english,"2022-12-21 23:50:16",audhy.prabowo
102,51,Hematocrit,"2022-12-21 23:50:16",audhy.prabowo,bahasa_indonesia,"2022-12-21 23:50:16",audhy.prabowo
103,52,Hematocrit,"2022-12-21 23:50:17",audhy.prabowo,english,"2022-12-21 23:50:17",audhy.prabowo
104,52,Hematocrit,"2022-12-21 23:50:17",audhy.prabowo,bahasa_indonesia,"2022-12-21 23:50:17",audhy.prabowo
105,53,Hematocrit,"2022-12-21 23:50:17",audhy.prabowo,english,"2022-12-21 23:50:17",audhy.prabowo
106,53,Hematocrit,"2022-12-21 23:50:17",audhy.prabowo,bahasa_indonesia,"2022-12-21 23:50:17",audhy.prabowo
107,54,Hematocrit,"2022-12-21 23:50:17",audhy.prabowo,english,"2022-12-21 23:50:17",audhy.prabowo
108,54,Hematocrit,"2022-12-21 23:50:17",audhy.prabowo,bahasa_indonesia,"2022-12-21 23:50:17",audhy.prabowo
109,55,Hematocrit,"2022-12-21 23:50:17",audhy.prabowo,english,"2022-12-21 23:50:17",audhy.prabowo
110,55,Hematocrit,"2022-12-21 23:50:17",audhy.prabowo,bahasa_indonesia,"2022-12-21 23:50:17",audhy.prabowo
111,56,Hematocrit,"2022-12-21 23:50:17",audhy.prabowo,english,"2022-12-21 23:50:17",audhy.prabowo
112,56,Hematocrit,"2022-12-21 23:50:17",audhy.prabowo,bahasa_indonesia,"2022-12-21 23:50:17",audhy.prabowo
113,57,Hematocrit,"2022-12-21 23:50:17",audhy.prabowo,english,"2022-12-21 23:50:17",audhy.prabowo
114,57,Hematocrit,"2022-12-21 23:50:17",audhy.prabowo,bahasa_indonesia,"2022-12-21 23:50:17",audhy.prabowo
115,58,Hematocrit,"2022-12-21 23:50:17",audhy.prabowo,english,"2022-12-21 23:50:17",audhy.prabowo
116,58,Hematocrit,"2022-12-21 23:50:17",audhy.prabowo,bahasa_indonesia,"2022-12-21 23:50:17",audhy.prabowo
117,59,Hematocrit,"2022-12-21 23:50:18",audhy.prabowo,english,"2022-12-21 23:50:18",audhy.prabowo
118,59,Hematocrit,"2022-12-21 23:50:18",audhy.prabowo,bahasa_indonesia,"2022-12-21 23:50:18",audhy.prabowo
119,60,Hematocrit,"2022-12-21 23:50:18",audhy.prabowo,english,"2022-12-21 23:50:18",audhy.prabowo
120,60,Hematocrit,"2022-12-21 23:50:18",audhy.prabowo,bahasa_indonesia,"2022-12-21 23:50:18",audhy.prabowo
121,61,Hematocrit,"2022-12-21 23:50:18",audhy.prabowo,english,"2022-12-21 23:50:18",audhy.prabowo
122,61,Hematocrit,"2022-12-21 23:50:18",audhy.prabowo,bahasa_indonesia,"2022-12-21 23:50:18",audhy.prabowo
123,62,Hematocrit,"2022-12-21 23:50:18",audhy.prabowo,english,"2022-12-21 23:50:18",audhy.prabowo
124,62,Hematocrit,"2022-12-21 23:50:18",audhy.prabowo,bahasa_indonesia,"2022-12-21 23:50:18",audhy.prabowo
125,63,Hematocrit,"2022-12-21 23:50:18",audhy.prabowo,english,"2022-12-21 23:50:18",audhy.prabowo
126,63,Hematocrit,"2022-12-21 23:50:18",audhy.prabowo,bahasa_indonesia,"2022-12-21 23:50:18",audhy.prabowo
127,64,Hematocrit,"2022-12-21 23:50:19",audhy.prabowo,english,"2022-12-21 23:50:19",audhy.prabowo
128,64,Hematocrit,"2022-12-21 23:50:19",audhy.prabowo,bahasa_indonesia,"2022-12-21 23:50:19",audhy.prabowo
129,65,Hematocrit,"2022-12-21 23:50:19",audhy.prabowo,english,"2022-12-21 23:50:19",audhy.prabowo
130,65,Hematocrit,"2022-12-21 23:50:19",audhy.prabowo,bahasa_indonesia,"2022-12-21 23:50:19",audhy.prabowo
131,66,Hematocrit,"2022-12-21 23:50:19",audhy.prabowo,english,"2022-12-21 23:50:19",audhy.prabowo
132,66,Hematocrit,"2022-12-21 23:50:19",audhy.prabowo,bahasa_indonesia,"2022-12-21 23:50:19",audhy.prabowo
133,67,Hematocrit,"2022-12-21 23:50:19",audhy.prabowo,english,"2022-12-21 23:50:19",audhy.prabowo
134,67,Hematocrit,"2022-12-21 23:50:19",audhy.prabowo,bahasa_indonesia,"2022-12-21 23:50:19",audhy.prabowo
135,68,Hematocrit,"2022-12-21 23:50:19",audhy.prabowo,english,"2022-12-21 23:50:19",audhy.prabowo
136,68,Hematocrit,"2022-12-21 23:50:19",audhy.prabowo,bahasa_indonesia,"2022-12-21 23:50:19",audhy.prabowo
137,69,Hematocrit,"2022-12-21 23:50:19",audhy.prabowo,english,"2022-12-21 23:50:19",audhy.prabowo
138,69,Hematocrit,"2022-12-21 23:50:19",audhy.prabowo,bahasa_indonesia,"2022-12-21 23:50:19",audhy.prabowo
139,70,Hematocrit,"2022-12-21 23:50:20",audhy.prabowo,english,"2022-12-21 23:50:20",audhy.prabowo
140,70,Hematocrit,"2022-12-21 23:50:20",audhy.prabowo,bahasa_indonesia,"2022-12-21 23:50:20",audhy.prabowo
141,71,Hematocrit,"2022-12-21 23:50:20",audhy.prabowo,english,"2022-12-21 23:50:20",audhy.prabowo
142,71,Hematocrit,"2022-12-21 23:50:20",audhy.prabowo,bahasa_indonesia,"2022-12-21 23:50:20",audhy.prabowo
143,72,Hematocrit,"2022-12-21 23:50:20",audhy.prabowo,english,"2022-12-21 23:50:20",audhy.prabowo
144,72,Hematocrit,"2022-12-21 23:50:20",audhy.prabowo,bahasa_indonesia,"2022-12-21 23:50:20",audhy.prabowo
145,73,Hematocrit,"2022-12-21 23:50:20",audhy.prabowo,english,"2022-12-21 23:50:20",audhy.prabowo
146,73,Hematocrit,"2022-12-21 23:50:20",audhy.prabowo,bahasa_indonesia,"2022-12-21 23:50:20",audhy.prabowo
147,74,Hematocrit,"2022-12-21 23:50:20",audhy.prabowo,english,"2022-12-21 23:50:20",audhy.prabowo
148,74,Hematocrit,"2022-12-21 23:50:20",audhy.prabowo,bahasa_indonesia,"2022-12-21 23:50:20",audhy.prabowo
149,75,Hematocrit,"2022-12-21 23:50:21",audhy.prabowo,english,"2022-12-21 23:50:21",audhy.prabowo
150,75,Hematocrit,"2022-12-21 23:50:21",audhy.prabowo,bahasa_indonesia,"2022-12-21 23:50:21",audhy.prabowo
151,76,Hematocrit,"2022-12-21 23:50:21",audhy.prabowo,english,"2022-12-21 23:50:21",audhy.prabowo
152,76,Hematocrit,"2022-12-21 23:50:21",audhy.prabowo,bahasa_indonesia,"2022-12-21 23:50:21",audhy.prabowo
153,77,Hematocrit,"2022-12-21 23:50:21",audhy.prabowo,english,"2022-12-21 23:50:21",audhy.prabowo
154,77,Hematocrit,"2022-12-21 23:50:21",audhy.prabowo,bahasa_indonesia,"2022-12-21 23:50:21",audhy.prabowo
155,78,Hematocrit,"2022-12-21 23:50:21",audhy.prabowo,english,"2022-12-21 23:50:21",audhy.prabowo
156,78,Hematocrit,"2022-12-21 23:50:21",audhy.prabowo,bahasa_indonesia,"2022-12-21 23:50:21",audhy.prabowo
157,79,HbA1c,"2022-12-22 14:36:48",midhu.joseph,bahasa_indonesia,"2022-12-26 15:44:33",dwi.rahmawati
158,79,HbA1c,"2022-12-22 14:36:48",midhu.joseph,english,"2022-12-26 15:44:33",dwi.rahmawati
159,80,test in prod bahasa,"2022-12-22 15:06:09",midhu.joseph,bahasa_indonesia,"2022-12-22 15:06:10",midhu.joseph
160,80,test in prod english,"2022-12-22 15:06:09",midhu.joseph,english,"2022-12-22 15:06:10",midhu.joseph
161,81,Warna,"2022-12-22 16:13:56",audhy.prabowo,bahasa_indonesia,"2022-12-22 16:13:56",audhy.prabowo
162,81,Color,"2022-12-22 16:13:56",audhy.prabowo,english,"2022-12-22 16:13:56",audhy.prabowo
163,82,Kejernihan,"2022-12-23 03:07:03",audhy.prabowo,bahasa_indonesia,"2022-12-23 03:07:03",audhy.prabowo
164,82,Clarity,"2022-12-23 03:07:03",audhy.prabowo,english,"2022-12-23 03:07:03",audhy.prabowo
165,83,pH,"2022-12-23 03:15:22",audhy.prabowo,bahasa_indonesia,"2022-12-23 03:15:22",audhy.prabowo
166,83,pH,"2022-12-23 03:15:22",audhy.prabowo,english,"2022-12-23 03:15:22",audhy.prabowo
167,84,Leukosit Esterase,"2022-12-23 03:15:22",audhy.prabowo,bahasa_indonesia,"2022-12-23 03:15:22",audhy.prabowo
168,84,Leukocyte Esterase,"2022-12-23 03:15:22",audhy.prabowo,english,"2022-12-23 03:15:22",audhy.prabowo
169,85,Urobilinogen,"2022-12-23 03:15:22",audhy.prabowo,bahasa_indonesia,"2022-12-23 03:15:22",audhy.prabowo
170,85,Urobilinogen,"2022-12-23 03:15:22",audhy.prabowo,english,"2022-12-23 03:15:22",audhy.prabowo
171,86,Nitrit,"2022-12-23 03:15:22",audhy.prabowo,bahasa_indonesia,"2022-12-23 03:15:22",audhy.prabowo
172,86,Nitrite,"2022-12-23 03:15:22",audhy.prabowo,english,"2022-12-23 03:15:22",audhy.prabowo
173,87,Glukosa,"2022-12-23 03:15:22",audhy.prabowo,bahasa_indonesia,"2022-12-23 03:15:22",audhy.prabowo
174,87,Glucose,"2022-12-23 03:15:22",audhy.prabowo,english,"2022-12-23 03:15:22",audhy.prabowo
175,88,Berat Jenis,"2022-12-23 03:15:22",audhy.prabowo,bahasa_indonesia,"2022-12-23 03:15:22",audhy.prabowo
176,88,Specific Gravity,"2022-12-23 03:15:22",audhy.prabowo,english,"2022-12-23 03:15:22",audhy.prabowo
177,89,Bilirubin,"2022-12-23 03:15:22",audhy.prabowo,bahasa_indonesia,"2022-12-23 03:15:22",audhy.prabowo
178,89,Bilirubin,"2022-12-23 03:15:22",audhy.prabowo,english,"2022-12-23 03:15:22",audhy.prabowo
179,90,Protein,"2022-12-23 03:15:22",audhy.prabowo,bahasa_indonesia,"2022-12-23 03:15:22",audhy.prabowo
180,90,Protein,"2022-12-23 03:15:22",audhy.prabowo,english,"2022-12-23 03:15:22",audhy.prabowo
181,91,Darah / Eritrosit,"2022-12-23 03:15:22",audhy.prabowo,bahasa_indonesia,"2023-02-04 11:25:54",novi
182,91,Blood / Erythrocytes,"2022-12-23 03:15:22",audhy.prabowo,english,"2023-02-04 11:25:54",novi
183,92,Keton,"2022-12-23 03:15:22",audhy.prabowo,bahasa_indonesia,"2022-12-23 03:15:22",audhy.prabowo
184,92,Ketones,"2022-12-23 03:15:22",audhy.prabowo,english,"2022-12-23 03:15:22",audhy.prabowo
185,93,Eritrosit,"2022-12-23 03:20:41",audhy.prabowo,bahasa_indonesia,"2022-12-23 03:20:41",audhy.prabowo
186,93,Erythrocytes,"2022-12-23 03:20:41",audhy.prabowo,english,"2023-02-04 11:17:11",novi
187,94,Silinder,"2022-12-23 03:20:41",audhy.prabowo,bahasa_indonesia,"2022-12-23 03:20:41",audhy.prabowo
188,94,Cast,"2022-12-23 03:20:41",audhy.prabowo,english,"2022-12-23 03:20:41",audhy.prabowo
189,95,Kristal,"2022-12-23 03:20:41",audhy.prabowo,bahasa_indonesia,"2022-12-23 03:20:41",audhy.prabowo
190,95,Crystal,"2022-12-23 03:20:41",audhy.prabowo,english,"2022-12-23 03:20:41",audhy.prabowo
191,96,Lain-lain,"2022-12-23 03:20:41",audhy.prabowo,bahasa_indonesia,"2022-12-23 03:20:41",audhy.prabowo
192,96,Other,"2022-12-23 03:20:41",audhy.prabowo,english,"2022-12-23 03:20:41",audhy.prabowo
193,97,Bakteri,"2022-12-23 03:20:41",audhy.prabowo,bahasa_indonesia,"2022-12-23 03:20:41",audhy.prabowo
194,97,Bacteria,"2022-12-23 03:20:41",audhy.prabowo,english,"2022-12-23 03:20:41",audhy.prabowo
195,98,Leukosit,"2022-12-23 03:20:41",audhy.prabowo,bahasa_indonesia,"2022-12-23 03:20:41",audhy.prabowo
196,98,Leukocytes,"2022-12-23 03:20:41",audhy.prabowo,english,"2023-02-04 11:17:11",novi
197,99,Epitel Skuamus,"2022-12-23 03:20:41",audhy.prabowo,bahasa_indonesia,"2023-02-04 11:17:11",novi
198,99,Squamous Epithelial Cells,"2022-12-23 03:20:41",audhy.prabowo,english,"2023-02-04 11:17:11",novi
199,100,Hemoglobin,"2022-12-23 03:48:05",audhy.prabowo,bahasa_indonesia,"2022-12-23 03:48:05",audhy.prabowo
200,100,Hemoglobin,"2022-12-23 03:48:05",audhy.prabowo,english,"2022-12-23 03:48:05",audhy.prabowo
201,101,Hematokrit,"2022-12-23 03:48:37",audhy.prabowo,bahasa_indonesia,"2022-12-23 03:48:37",audhy.prabowo
202,101,Hematocrit,"2022-12-23 03:48:37",audhy.prabowo,english,"2022-12-23 03:48:37",audhy.prabowo
203,102,Eritrosit,"2022-12-23 03:48:57",audhy.prabowo,bahasa_indonesia,"2022-12-23 03:48:57",audhy.prabowo
204,102,Red Blood Cells,"2022-12-23 03:48:57",audhy.prabowo,english,"2023-02-10 15:29:10",novi
205,103,MCHC,"2022-12-23 03:50:30",audhy.prabowo,bahasa_indonesia,"2022-12-23 03:50:30",audhy.prabowo
206,103,MCHC,"2022-12-23 03:50:30",audhy.prabowo,english,"2022-12-23 03:50:30",audhy.prabowo
207,104,MCH,"2022-12-23 03:50:30",audhy.prabowo,bahasa_indonesia,"2022-12-23 03:50:30",audhy.prabowo
208,104,MCH,"2022-12-23 03:50:30",audhy.prabowo,english,"2022-12-23 03:50:30",audhy.prabowo
209,105,MCV,"2022-12-23 03:50:30",audhy.prabowo,bahasa_indonesia,"2022-12-23 03:50:30",audhy.prabowo
210,105,MCV,"2022-12-23 03:50:30",audhy.prabowo,english,"2022-12-23 03:50:30",audhy.prabowo
211,106,DELETED - RDW-CV,"2022-12-23 03:51:00",audhy.prabowo,bahasa_indonesia,"2023-02-04 08:52:41",audhy.prabowo
212,106,DELETED - RDW-CV,"2022-12-23 03:51:00",audhy.prabowo,english,"2023-02-04 08:52:41",audhy.prabowo
213,107,Leukosit,"2022-12-23 03:51:20",audhy.prabowo,bahasa_indonesia,"2022-12-23 03:51:20",audhy.prabowo
214,107,White Blood Cells,"2022-12-23 03:51:20",audhy.prabowo,english,"2023-02-10 15:29:31",novi
215,108,Monosit%,"2022-12-23 04:00:53",audhy.prabowo,bahasa_indonesia,"2023-02-02 23:40:14",novi
216,108,Monocytes%,"2022-12-23 04:00:53",audhy.prabowo,english,"2023-02-02 23:40:14",novi
217,109,Limfosit%,"2022-12-23 04:00:53",audhy.prabowo,bahasa_indonesia,"2023-02-02 23:40:14",novi
218,109,Lymphocytes%,"2022-12-23 04:00:53",audhy.prabowo,english,"2023-02-02 23:40:14",novi
219,110,Monosit#,"2022-12-23 04:00:53",audhy.prabowo,bahasa_indonesia,"2023-02-02 23:40:14",novi
220,110,Monocytes#,"2022-12-23 04:00:53",audhy.prabowo,english,"2023-02-02 23:40:14",novi
221,111,Eosinofil%,"2022-12-23 04:00:53",audhy.prabowo,bahasa_indonesia,"2023-02-02 23:40:14",novi
222,111,Eosinophils%,"2022-12-23 04:00:53",audhy.prabowo,english,"2023-02-02 23:40:14",novi
223,112,Basofil%,"2022-12-23 04:00:53",audhy.prabowo,bahasa_indonesia,"2023-02-02 23:40:14",novi
224,112,Basophils%,"2022-12-23 04:00:53",audhy.prabowo,english,"2023-02-02 23:40:14",novi
225,113,Eosinofil#,"2022-12-23 04:00:53",audhy.prabowo,bahasa_indonesia,"2023-02-02 23:40:14",novi
226,113,Eosinophils#,"2022-12-23 04:00:53",audhy.prabowo,english,"2023-02-02 23:40:14",novi
227,114,Neutrofil%,"2022-12-23 04:00:53",audhy.prabowo,bahasa_indonesia,"2023-02-02 23:40:14",novi
228,114,Neutrophils%,"2022-12-23 04:00:53",audhy.prabowo,english,"2023-02-02 23:40:14",novi
229,115,Limfosit#,"2022-12-23 04:00:53",audhy.prabowo,bahasa_indonesia,"2023-02-02 23:40:14",novi
230,115,Lymphocytes#,"2022-12-23 04:00:53",audhy.prabowo,english,"2023-02-02 23:40:14",novi
231,116,Neutrofil#,"2022-12-23 04:00:53",audhy.prabowo,bahasa_indonesia,"2023-02-02 23:40:14",novi
232,116,Neutrophils#,"2022-12-23 04:00:53",audhy.prabowo,english,"2023-02-02 23:40:14",novi
233,117,DELETED-Granulosit Imatur%,"2022-12-23 04:00:53",audhy.prabowo,bahasa_indonesia,"2023-02-04 08:54:21",audhy.prabowo
234,117,DELETED-Immature Granulocytes(IG)%,"2022-12-23 04:00:53",audhy.prabowo,english,"2023-02-04 08:54:21",audhy.prabowo
235,118,Basofil#,"2022-12-23 04:00:53",audhy.prabowo,bahasa_indonesia,"2023-02-02 23:40:14",novi
236,118,Basophils#,"2022-12-23 04:00:53",audhy.prabowo,english,"2023-02-02 23:40:14",novi
237,119,Trombosit,"2022-12-23 04:01:28",audhy.prabowo,bahasa_indonesia,"2022-12-23 04:01:28",audhy.prabowo
238,119,Platelets,"2022-12-23 04:01:28",audhy.prabowo,english,"2023-02-10 15:30:11",novi
239,120,PCT,"2022-12-23 04:09:21",audhy.prabowo,bahasa_indonesia,"2022-12-23 04:09:22",audhy.prabowo
240,120,PCT,"2022-12-23 04:09:21",audhy.prabowo,english,"2022-12-23 04:09:22",audhy.prabowo
241,121,DELETED-IPF,"2022-12-23 04:09:21",audhy.prabowo,bahasa_indonesia,"2023-02-04 08:55:17",audhy.prabowo
242,121,DELETED-IPF,"2022-12-23 04:09:21",audhy.prabowo,english,"2023-02-04 08:55:17",audhy.prabowo
243,122,PDW,"2022-12-23 04:09:21",audhy.prabowo,bahasa_indonesia,"2022-12-23 04:09:22",audhy.prabowo
244,122,PDW,"2022-12-23 04:09:21",audhy.prabowo,english,"2022-12-23 04:09:22",audhy.prabowo
245,123,MPV,"2022-12-23 04:09:21",audhy.prabowo,bahasa_indonesia,"2022-12-23 04:09:22",audhy.prabowo
246,123,MPV,"2022-12-23 04:09:21",audhy.prabowo,english,"2022-12-23 04:09:22",audhy.prabowo
247,124,DELETED-Retikulosit%,"2022-12-23 04:26:04",audhy.prabowo,bahasa_indonesia,"2023-02-04 09:08:50",audhy.prabowo
248,124,DELETED-Reticulocyte%,"2022-12-23 04:26:04",audhy.prabowo,english,"2023-02-04 09:08:50",audhy.prabowo
249,125,DELETED-Konsentrasi Retikulosit,"2022-12-23 04:26:31",audhy.prabowo,bahasa_indonesia,"2023-02-04 09:09:07",audhy.prabowo
250,125,DELETED-Reticulocyte Concentration,"2022-12-23 04:26:31",audhy.prabowo,english,"2023-02-04 09:09:07",audhy.prabowo
251,126,DELETED-Ret-He,"2022-12-23 04:27:06",audhy.prabowo,bahasa_indonesia,"2023-02-04 08:55:47",audhy.prabowo
252,126,DELETED-Ret-He,"2022-12-23 04:27:06",audhy.prabowo,english,"2023-02-04 08:55:47",audhy.prabowo
253,127,Laju Endap Darah (LED),"2022-12-23 04:40:51",audhy.prabowo,bahasa_indonesia,"2022-12-23 04:40:51",audhy.prabowo
254,127,Erythrocyte Sedimentation Rate (ESR),"2022-12-23 04:40:51",audhy.prabowo,english,"2022-12-23 04:40:51",audhy.prabowo
255,128,TIBC,"2022-12-23 14:38:58",audhy.prabowo,bahasa_indonesia,"2022-12-23 14:38:58",audhy.prabowo
256,128,TIBC,"2022-12-23 14:38:58",audhy.prabowo,english,"2022-12-23 14:38:58",audhy.prabowo
257,129,Saturasi Iron,"2022-12-23 14:39:39",audhy.prabowo,bahasa_indonesia,"2022-12-23 14:39:39",audhy.prabowo
258,129,Iron Saturation,"2022-12-23 14:39:39",audhy.prabowo,english,"2022-12-23 14:39:39",audhy.prabowo
259,130,UIBC,"2022-12-23 14:40:07",audhy.prabowo,bahasa_indonesia,"2022-12-23 14:40:07",audhy.prabowo
260,130,UIBC,"2022-12-23 14:40:07",audhy.prabowo,english,"2022-12-23 14:40:07",audhy.prabowo
261,131,Gamma GT (GGT),"2022-12-26 13:51:28",dwi.rahmawati,bahasa_indonesia,"2022-12-26 13:51:28",dwi.rahmawati
262,131,Gamma GT (GGT),"2022-12-26 13:51:28",dwi.rahmawati,english,"2022-12-26 13:51:28",dwi.rahmawati
263,132,Albumin-Creatinine Ratio (ACR) Urine Sewaktu,"2022-12-26 14:28:38",dwi.rahmawati,bahasa_indonesia,"2022-12-26 14:28:38",dwi.rahmawati
264,132,ACR (Albumin/Creatinine Ratio) Random Urine,"2022-12-26 14:28:38",dwi.rahmawati,english,"2022-12-26 14:28:38",dwi.rahmawati
265,133,Rasio Albumin/Kreatinin  (ACR) Urine Sewaktu,"2022-12-26 14:31:24",dwi.rahmawati,bahasa_indonesia,"2023-02-04 12:44:39",novi
266,133,ACR (Albumin/Creatinine Ratio) Random Urine,"2022-12-26 14:31:24",dwi.rahmawati,english,"2022-12-26 14:31:24",dwi.rahmawati
267,134,Activated Partial Thromboplastin Time (aPTT),"2022-12-26 14:37:36",dwi.rahmawati,bahasa_indonesia,"2022-12-26 14:37:36",dwi.rahmawati
268,134,Activated Partial Thromboplastin Time (aPTT),"2022-12-26 14:37:36",dwi.rahmawati,english,"2022-12-26 14:37:36",dwi.rahmawati
269,135,Anti-Salmonella IgM,"2022-12-26 14:57:25",dwi.rahmawati,bahasa_indonesia,"2022-12-26 14:57:25",dwi.rahmawati
270,135,Anti-Salmonella IgM,"2022-12-26 14:57:25",dwi.rahmawati,english,"2022-12-26 14:57:25",dwi.rahmawati
271,136,Anti-Cytomegalovirus (CMV) IgG,"2022-12-26 15:08:55",dwi.rahmawati,bahasa_indonesia,"2022-12-26 15:08:55",dwi.rahmawati
272,136,Anti-Cytomegalovirus (CMV) IgG,"2022-12-26 15:08:55",dwi.rahmawati,english,"2022-12-26 15:08:55",dwi.rahmawati
273,137,Anti SARS-CoV-2 IgG S-RBD CMIA,"2022-12-26 15:10:31",dwi.rahmawati,bahasa_indonesia,"2023-10-21 16:07:07",audhy.prabowo
274,137,Anti SARS-CoV-2 IgG S-RBD CMIA,"2022-12-26 15:10:31",dwi.rahmawati,english,"2023-10-21 16:07:07",audhy.prabowo
275,138,Anti Dengue IgG Rapid,"2022-12-26 15:12:26",dwi.rahmawati,bahasa_indonesia,"2023-02-07 16:30:58",novi
276,138,Anti Dengue IgG Rapid,"2022-12-26 15:12:26",dwi.rahmawati,english,"2023-02-07 16:30:58",novi
277,139,Anti-HCV (Rapid),"2022-12-26 15:14:33",dwi.rahmawati,bahasa_indonesia,"2023-01-12 17:07:04",dwi.rahmawati
278,139,Anti-HCV (Rapid),"2022-12-26 15:14:33",dwi.rahmawati,english,"2023-01-12 17:07:04",dwi.rahmawati
279,140,Antigen Dengue NS1 (Rapid),"2022-12-26 15:16:18",dwi.rahmawati,bahasa_indonesia,"2022-12-26 15:16:18",dwi.rahmawati
280,140,Antigen Dengue NS1 (Rapid),"2022-12-26 15:16:18",dwi.rahmawati,english,"2022-12-26 15:16:18",dwi.rahmawati
281,141,Bilirubin Direk,"2022-12-26 15:30:10",dwi.rahmawati,bahasa_indonesia,"2022-12-26 15:30:10",dwi.rahmawati
282,141,Direct Bilirubin,"2022-12-26 15:30:10",dwi.rahmawati,english,"2022-12-26 15:30:10",dwi.rahmawati
283,142,Bilirubin Total,"2022-12-26 15:31:39",dwi.rahmawati,bahasa_indonesia,"2022-12-26 15:31:39",dwi.rahmawati
284,142,Total Bilirubin,"2022-12-26 15:31:39",dwi.rahmawati,english,"2022-12-26 15:31:39",dwi.rahmawati
285,143,C-Reactive Protein (CRP),"2022-12-26 15:33:37",dwi.rahmawati,bahasa_indonesia,"2022-12-26 15:33:37",dwi.rahmawati
286,143,C-Reactive Protein (CRP),"2022-12-26 15:33:37",dwi.rahmawati,english,"2022-12-26 15:33:37",dwi.rahmawati
287,144,D-Dimer,"2022-12-26 15:34:52",dwi.rahmawati,bahasa_indonesia,"2022-12-26 15:34:52",dwi.rahmawati
288,144,D-Dimer,"2022-12-26 15:34:52",dwi.rahmawati,english,"2022-12-26 15:34:52",dwi.rahmawati
289,145,D-Dimer,"2022-12-26 15:36:21",dwi.rahmawati,bahasa_indonesia,"2022-12-26 15:36:21",dwi.rahmawati
290,145,D-Dimer,"2022-12-26 15:36:21",dwi.rahmawati,english,"2022-12-26 15:36:21",dwi.rahmawati
291,146,Darah Samar (FOBT),"2022-12-26 15:37:32",dwi.rahmawati,bahasa_indonesia,"2022-12-26 15:37:32",dwi.rahmawati
292,146,Fecal Occult Blood Test (FOBT),"2022-12-26 15:37:32",dwi.rahmawati,english,"2022-12-26 15:37:32",dwi.rahmawati
293,147,Glukosa Puasa,"2022-12-26 15:39:14",dwi.rahmawati,bahasa_indonesia,"2022-12-26 15:39:14",dwi.rahmawati
294,147,Fasting Blood Glucose,"2022-12-26 15:39:14",dwi.rahmawati,english,"2022-12-26 15:39:14",dwi.rahmawati
295,148,HBsAg (Rapid),"2022-12-26 15:42:42",dwi.rahmawati,bahasa_indonesia,"2022-12-26 15:42:42",dwi.rahmawati
296,148,HBsAg (Rapid),"2022-12-26 15:42:42",dwi.rahmawati,english,"2022-12-26 15:42:42",dwi.rahmawati
297,149,Hitung Eosinofil,"2022-12-26 15:52:56",dwi.rahmawati,bahasa_indonesia,"2023-02-28 18:16:33",audhy.prabowo
298,149,Eosinophil Count,"2022-12-26 15:52:56",dwi.rahmawati,english,"2022-12-26 15:52:56",dwi.rahmawati
299,150,Kalium (K),"2022-12-26 16:03:46",dwi.rahmawati,bahasa_indonesia,"2022-12-26 16:03:46",dwi.rahmawati
300,150,Potassium (K),"2022-12-26 16:03:46",dwi.rahmawati,english,"2022-12-26 16:03:46",dwi.rahmawati
301,151,Kolesterol HDL,"2022-12-26 16:05:26",dwi.rahmawati,bahasa_indonesia,"2022-12-26 16:05:26",dwi.rahmawati
302,151,HDL Cholesterol,"2022-12-26 16:05:26",dwi.rahmawati,english,"2022-12-26 16:05:26",dwi.rahmawati
303,152,Kolesterol LDL-Direk,"2022-12-26 16:06:41",dwi.rahmawati,bahasa_indonesia,"2022-12-26 16:06:41",dwi.rahmawati
304,152,Direct LDL Cholesterol,"2022-12-26 16:06:41",dwi.rahmawati,english,"2022-12-26 16:06:41",dwi.rahmawati
305,153,Kolesterol Total,"2022-12-26 16:07:45",dwi.rahmawati,bahasa_indonesia,"2022-12-26 16:07:45",dwi.rahmawati
306,153,Total Cholesterol,"2022-12-26 16:07:45",dwi.rahmawati,english,"2022-12-26 16:07:45",dwi.rahmawati
307,154,del-Kreatinin,"2022-12-26 16:08:30",dwi.rahmawati,bahasa_indonesia,"2023-02-04 12:35:43",novi
308,154,del -Creatinine,"2022-12-26 16:08:30",dwi.rahmawati,english,"2023-02-04 12:35:43",novi
309,155,Natrium (Na),"2022-12-26 16:18:31",dwi.rahmawati,bahasa_indonesia,"2022-12-26 16:18:31",dwi.rahmawati
310,155,Sodium (Na),"2022-12-26 16:18:31",dwi.rahmawati,english,"2023-01-12 15:31:13",dwi.rahmawati
311,156,SGOT (AST),"2022-12-26 16:19:55",dwi.rahmawati,bahasa_indonesia,"2022-12-26 16:19:55",dwi.rahmawati
312,156,SGOT (AST),"2022-12-26 16:19:55",dwi.rahmawati,english,"2022-12-26 16:19:55",dwi.rahmawati
313,157,SGPT (ALT),"2022-12-26 16:20:44",dwi.rahmawati,bahasa_indonesia,"2022-12-26 16:20:44",dwi.rahmawati
314,157,SGPT (ALT),"2022-12-26 16:20:44",dwi.rahmawati,english,"2022-12-26 16:20:44",dwi.rahmawati
315,158,Serum Iron,"2022-12-26 16:21:33",dwi.rahmawati,bahasa_indonesia,"2023-01-12 15:44:13",dwi.rahmawati
316,158,Serum Iron,"2022-12-26 16:21:33",dwi.rahmawati,english,"2022-12-26 16:21:33",dwi.rahmawati
317,159,TIBC,"2022-12-26 16:28:10",dwi.rahmawati,bahasa_indonesia,"2022-12-26 16:28:10",dwi.rahmawati
318,159,TIBC,"2022-12-26 16:28:10",dwi.rahmawati,english,"2022-12-26 16:28:10",dwi.rahmawati
319,160,Syphilis (TPHA),"2022-12-26 16:30:28",dwi.rahmawati,bahasa_indonesia,"2022-12-26 16:30:28",dwi.rahmawati
320,160,Syphilis (TPHA),"2022-12-26 16:30:28",dwi.rahmawati,english,"2022-12-26 16:30:28",dwi.rahmawati
321,161,Asam Urat,"2022-12-26 16:31:51",dwi.rahmawati,bahasa_indonesia,"2022-12-26 16:31:51",dwi.rahmawati
322,161,Uric Acid,"2022-12-26 16:31:51",dwi.rahmawati,english,"2022-12-26 16:31:51",dwi.rahmawati
323,162,S. typhi O,"2022-12-26 16:33:04",dwi.rahmawati,bahasa_indonesia,"2023-01-02 23:00:29",jocelyn.tandrian
324,162,S. typhi O,"2022-12-26 16:33:04",dwi.rahmawati,english,"2023-01-02 23:00:29",jocelyn.tandrian
325,163,Trigliserida,"2022-12-26 16:34:18",dwi.rahmawati,bahasa_indonesia,"2022-12-26 16:34:18",dwi.rahmawati
326,163,Triglycerides,"2022-12-26 16:34:18",dwi.rahmawati,english,"2023-02-10 15:26:15",audhy.prabowo
327,164,Ureum,"2022-12-26 16:35:18",dwi.rahmawati,bahasa_indonesia,"2022-12-26 16:35:18",dwi.rahmawati
328,164,Ureum,"2022-12-26 16:35:18",dwi.rahmawati,english,"2022-12-26 16:35:18",dwi.rahmawati
329,165,Syphilis (VDRL/RPR),"2022-12-26 16:36:40",dwi.rahmawati,bahasa_indonesia,"2022-12-26 16:36:40",dwi.rahmawati
330,165,Syphilis (VDRL/RPR),"2022-12-26 16:36:40",dwi.rahmawati,english,"2022-12-26 16:36:40",dwi.rahmawati
331,166,Prothrombin Time (PT),"2022-12-26 16:40:30",dwi.rahmawati,bahasa_indonesia,"2023-01-12 16:59:15",dwi.rahmawati
332,166,Prothrombin Time (PT),"2022-12-26 16:40:30",dwi.rahmawati,english,"2022-12-26 16:40:30",dwi.rahmawati
333,167,Prostate-Specific Antigen (PSA),"2022-12-26 16:42:09",dwi.rahmawati,bahasa_indonesia,"2022-12-26 16:42:09",dwi.rahmawati
334,167,Prostate-Specific Antigen (PSA),"2022-12-26 16:42:09",dwi.rahmawati,english,"2022-12-26 16:42:09",dwi.rahmawati
335,168,Ferritin,"2022-12-26 16:43:36",dwi.rahmawati,bahasa_indonesia,"2022-12-26 16:43:36",dwi.rahmawati
336,168,Ferritin,"2022-12-26 16:43:36",dwi.rahmawati,english,"2022-12-26 16:43:36",dwi.rahmawati
337,169,Klorida (Cl),"2022-12-26 16:47:37",dwi.rahmawati,bahasa_indonesia,"2022-12-26 16:47:37",dwi.rahmawati
338,169,Chloride (Cl),"2022-12-26 16:47:37",dwi.rahmawati,english,"2022-12-26 16:47:37",dwi.rahmawati
339,170,Albumin,"2022-12-26 16:49:18",dwi.rahmawati,bahasa_indonesia,"2022-12-26 16:49:18",dwi.rahmawati
340,170,Albumin,"2022-12-26 16:49:18",dwi.rahmawati,english,"2022-12-26 16:49:18",dwi.rahmawati
341,171,Protein Total,"2022-12-26 16:50:28",dwi.rahmawati,bahasa_indonesia,"2022-12-26 16:50:28",dwi.rahmawati
342,171,Total Protein,"2022-12-26 16:50:28",dwi.rahmawati,english,"2022-12-26 16:50:28",dwi.rahmawati
343,172,Glukosa Sewaktu,"2022-12-26 16:53:59",dwi.rahmawati,bahasa_indonesia,"2022-12-26 16:53:59",dwi.rahmawati
344,172,Random Blood Glucose,"2022-12-26 16:53:59",dwi.rahmawati,english,"2022-12-26 16:53:59",dwi.rahmawati
345,173,Agregasi Trombosit,"2022-12-26 16:55:49",dwi.rahmawati,bahasa_indonesia,"2022-12-26 16:55:49",dwi.rahmawati
346,173,Platelet Aggregation Panel,"2022-12-26 16:55:49",dwi.rahmawati,english,"2022-12-26 16:55:49",dwi.rahmawati
347,174,Elektroforesis Hemoglobin (Hb),"2022-12-26 16:58:54",dwi.rahmawati,bahasa_indonesia,"2022-12-26 16:58:54",dwi.rahmawati
348,174,Hemoglobin (Hb) Electrophoresis,"2022-12-26 16:58:54",dwi.rahmawati,english,"2022-12-26 16:58:54",dwi.rahmawati
349,175,Anti-HAV Total,"2022-12-26 17:09:15",dwi.rahmawati,bahasa_indonesia,"2022-12-26 17:09:15",dwi.rahmawati
350,175,Total Anti-HAV,"2022-12-26 17:09:15",dwi.rahmawati,english,"2022-12-26 17:09:15",dwi.rahmawati
351,176,HBsAg (EIA),"2022-12-26 17:17:13",dwi.rahmawati,bahasa_indonesia,"2022-12-26 17:17:13",dwi.rahmawati
352,176,HBsAg (EIA),"2022-12-26 17:17:13",dwi.rahmawati,english,"2022-12-26 17:17:13",dwi.rahmawati
353,177,Opiat (Urine),"2022-12-26 17:49:45",dwi.rahmawati,bahasa_indonesia,"2022-12-26 17:49:45",dwi.rahmawati
354,177,Opiates (Urine),"2022-12-26 17:49:45",dwi.rahmawati,english,"2022-12-26 17:49:45",dwi.rahmawati
355,178,Amfetamin (Urine),"2022-12-26 17:52:34",dwi.rahmawati,bahasa_indonesia,"2023-01-12 17:00:06",dwi.rahmawati
356,178,Amphetamine (Urine),"2022-12-26 17:52:34",dwi.rahmawati,english,"2023-01-12 17:00:06",dwi.rahmawati
357,179,Metamfetamin (Urine),"2022-12-26 17:54:03",dwi.rahmawati,bahasa_indonesia,"2022-12-26 17:54:03",dwi.rahmawati
358,179,Methamphetamine (Urine),"2022-12-26 17:54:03",dwi.rahmawati,english,"2022-12-26 17:54:03",dwi.rahmawati
359,180,Tetrahydrocannabinol (THC) Urine,"2022-12-26 17:55:25",dwi.rahmawati,bahasa_indonesia,"2022-12-26 17:55:25",dwi.rahmawati
360,180,Tetrahydrocannabinol (THC) Urine,"2022-12-26 17:55:25",dwi.rahmawati,english,"2022-12-26 17:55:25",dwi.rahmawati
361,181,Kokain (Urine),"2022-12-26 17:57:01",dwi.rahmawati,bahasa_indonesia,"2022-12-26 17:57:01",dwi.rahmawati
362,181,Cocaine (Urine),"2022-12-26 17:57:01",dwi.rahmawati,english,"2022-12-26 17:57:01",dwi.rahmawati
363,182,Benzodiazepin/Diazepam (Urine),"2022-12-26 17:58:29",dwi.rahmawati,bahasa_indonesia,"2023-01-12 16:58:46",dwi.rahmawati
364,182,Benzodiazepine/Diazepam (Urine),"2022-12-26 17:58:29",dwi.rahmawati,english,"2022-12-26 17:58:29",dwi.rahmawati
365,183,Fosfor (P) Anorganik,"2022-12-26 18:00:32",dwi.rahmawati,bahasa_indonesia,"2022-12-26 18:00:32",dwi.rahmawati
366,183,Phosphate (P),"2022-12-26 18:00:32",dwi.rahmawati,english,"2022-12-26 18:00:32",dwi.rahmawati
367,184,Troponin T,"2022-12-26 18:09:34",jocelyn.tandrian,bahasa_indonesia,"2022-12-26 18:09:34",jocelyn.tandrian
368,184,Troponin T,"2022-12-26 18:09:34",jocelyn.tandrian,english,"2022-12-26 18:09:34",jocelyn.tandrian
369,185,Kalsium Total (Ca),"2022-12-26 18:37:18",jocelyn.tandrian,bahasa_indonesia,"2022-12-26 18:37:18",jocelyn.tandrian
370,185,Total Calcium (Ca),"2022-12-26 18:37:18",jocelyn.tandrian,english,"2022-12-26 18:37:18",jocelyn.tandrian
371,186,Magnesium (Mg),"2022-12-26 18:39:19",jocelyn.tandrian,bahasa_indonesia,"2022-12-26 18:39:19",jocelyn.tandrian
372,186,Magnesium (Mg),"2022-12-26 18:39:19",jocelyn.tandrian,english,"2022-12-26 18:39:19",jocelyn.tandrian
373,187,Amilase Pankreatik,"2022-12-26 18:40:28",jocelyn.tandrian,bahasa_indonesia,"2022-12-26 18:40:28",jocelyn.tandrian
374,187,Pancreatic Amylase,"2022-12-26 18:40:28",jocelyn.tandrian,english,"2022-12-26 18:40:28",jocelyn.tandrian
375,188,Lipase,"2022-12-26 18:41:18",jocelyn.tandrian,bahasa_indonesia,"2022-12-26 18:41:18",jocelyn.tandrian
376,188,Lipase,"2022-12-26 18:41:18",jocelyn.tandrian,english,"2022-12-26 18:41:18",jocelyn.tandrian
377,189,Fibrinogen,"2022-12-26 18:43:12",jocelyn.tandrian,bahasa_indonesia,"2022-12-26 18:43:12",jocelyn.tandrian
378,189,Fibrinogen,"2022-12-26 18:43:12",jocelyn.tandrian,english,"2022-12-26 18:43:12",jocelyn.tandrian
379,190,Viskositas Darah (VD),"2022-12-26 18:45:04",jocelyn.tandrian,bahasa_indonesia,"2022-12-26 18:45:04",jocelyn.tandrian
380,190,Viscosity of Blood,"2022-12-26 18:45:04",jocelyn.tandrian,english,"2022-12-26 18:45:04",jocelyn.tandrian
381,191,Viskositas Plasma (VP),"2022-12-27 02:04:40",jocelyn.tandrian,bahasa_indonesia,"2022-12-27 02:04:40",jocelyn.tandrian
382,191,Viscosity of Plasma,"2022-12-27 02:04:40",jocelyn.tandrian,english,"2022-12-27 02:04:40",jocelyn.tandrian
383,192,Anti-HAV IgM,"2022-12-27 02:06:26",jocelyn.tandrian,bahasa_indonesia,"2022-12-27 02:06:26",jocelyn.tandrian
384,192,Anti-HAV IgM (EIA),"2022-12-27 02:06:26",jocelyn.tandrian,english,"2023-01-12 16:43:40",dwi.rahmawati
385,193,Total Anti-HBc,"2022-12-27 02:07:06",jocelyn.tandrian,bahasa_indonesia,"2022-12-27 02:07:06",jocelyn.tandrian
386,193,Anti-HBc Total,"2022-12-27 02:07:06",jocelyn.tandrian,english,"2022-12-27 02:07:06",jocelyn.tandrian
387,194,Anti-HBc IgM,"2022-12-27 02:08:17",jocelyn.tandrian,bahasa_indonesia,"2022-12-27 02:08:17",jocelyn.tandrian
388,194,Anti-HBc IgM,"2022-12-27 02:08:17",jocelyn.tandrian,english,"2022-12-27 02:08:17",jocelyn.tandrian
389,195,Hbeag,"2022-12-27 11:21:25",nabila.sauzan,bahasa_indonesia,"2022-12-27 11:21:25",nabila.sauzan
390,195,Hbeag,"2022-12-27 11:21:25",nabila.sauzan,english,"2022-12-27 11:21:25",nabila.sauzan
391,196,Alpha Fetoprotein (AFP),"2022-12-27 11:25:29",nabila.sauzan,bahasa_indonesia,"2022-12-27 11:25:29",nabila.sauzan
392,196,Alpha Fetoprotein (AFP),"2022-12-27 11:25:29",nabila.sauzan,english,"2022-12-27 11:25:29",nabila.sauzan
393,197,Deleted,"2022-12-27 11:26:14",wiwin.dwiutami.hakim,bahasa_indonesia,"2023-07-19 15:27:10",audhy.prabowo
394,197,Deleted,"2022-12-27 11:26:14",wiwin.dwiutami.hakim,english,"2023-07-19 15:27:10",audhy.prabowo
395,198,Diastole,"2022-12-27 11:26:14",wiwin.dwiutami.hakim,bahasa_indonesia,"2023-07-17 20:45:34",novi
396,198,Diastole,"2022-12-27 11:26:14",wiwin.dwiutami.hakim,english,"2023-07-17 20:45:34",novi
397,199,Sistole,"2022-12-27 11:26:46",wiwin.dwiutami.hakim,bahasa_indonesia,"2023-07-17 20:45:34",novi
398,199,Sistole,"2022-12-27 11:26:46",wiwin.dwiutami.hakim,english,"2023-07-17 20:45:34",novi
399,200,Beta-hCG (Serum),"2022-12-27 11:33:11",nabila.sauzan,bahasa_indonesia,"2022-12-27 11:33:11",nabila.sauzan
400,200,Beta-hCG (Serum),"2022-12-27 11:33:11",nabila.sauzan,english,"2022-12-27 11:33:11",nabila.sauzan
401,201,Triiodothyronine (T3),"2022-12-27 11:34:39",nabila.sauzan,bahasa_indonesia,"2022-12-27 11:34:39",nabila.sauzan
402,201,Triiodothyronine (T3),"2022-12-27 11:34:39",nabila.sauzan,english,"2022-12-27 11:34:39",nabila.sauzan
403,202,HBsAg Kuantitatif,"2022-12-27 11:34:46",wiwin.dwiutami.hakim,bahasa_indonesia,"2022-12-27 11:34:46",wiwin.dwiutami.hakim
404,202,HBsAg (Quantitative),"2022-12-27 11:34:46",wiwin.dwiutami.hakim,english,"2022-12-27 11:34:46",wiwin.dwiutami.hakim
405,203,Free T3 (FT3),"2022-12-27 11:36:05",nabila.sauzan,bahasa_indonesia,"2022-12-27 11:36:05",nabila.sauzan
406,203,Free T3 (FT3),"2022-12-27 11:36:05",nabila.sauzan,english,"2022-12-27 11:36:05",nabila.sauzan
407,204,Anti-HBs (Kuantitatif),"2022-12-27 11:36:25",wiwin.dwiutami.hakim,bahasa_indonesia,"2022-12-27 11:36:25",wiwin.dwiutami.hakim
408,204,Anti-HBs (Quantitative),"2022-12-27 11:36:25",wiwin.dwiutami.hakim,english,"2022-12-27 11:36:25",wiwin.dwiutami.hakim
409,205,Carcinoembryonic Antigen (CEA),"2022-12-27 11:38:36",wiwin.dwiutami.hakim,bahasa_indonesia,"2022-12-27 11:38:36",wiwin.dwiutami.hakim
410,205,Carcinoembryonic Antigen (CEA),"2022-12-27 11:38:36",wiwin.dwiutami.hakim,english,"2022-12-27 11:38:36",wiwin.dwiutami.hakim
411,206,Free PSA,"2022-12-27 11:39:13",wiwin.dwiutami.hakim,bahasa_indonesia,"2022-12-27 11:39:13",wiwin.dwiutami.hakim
412,206,Free PSA,"2022-12-27 11:39:13",wiwin.dwiutami.hakim,english,"2022-12-27 11:39:13",wiwin.dwiutami.hakim
413,207,Free T4 (FT4),"2022-12-27 11:39:54",wiwin.dwiutami.hakim,bahasa_indonesia,"2022-12-27 11:39:54",wiwin.dwiutami.hakim
414,207,Free T4 (FT4),"2022-12-27 11:39:54",wiwin.dwiutami.hakim,english,"2022-12-27 11:39:54",wiwin.dwiutami.hakim
415,208,Thyroid Stimulating Hormone-sensitive (TSHs),"2022-12-27 11:40:23",wiwin.dwiutami.hakim,bahasa_indonesia,"2022-12-27 11:40:23",wiwin.dwiutami.hakim
416,208,Thyroid Stimulating Hormone-sensitive (TSHs),"2022-12-27 11:40:23",wiwin.dwiutami.hakim,english,"2022-12-27 11:41:10",wiwin.dwiutami.hakim
417,209,Aviditas Anti-Toxoplasma IgG,"2022-12-27 11:42:24",wiwin.dwiutami.hakim,bahasa_indonesia,"2022-12-27 11:42:24",wiwin.dwiutami.hakim
418,209,Anti-Toxoplasma IgG Avidity,"2022-12-27 11:42:24",wiwin.dwiutami.hakim,english,"2022-12-27 11:42:24",wiwin.dwiutami.hakim
419,210,Luteinizing Hormone (LH),"2022-12-27 11:43:15",wiwin.dwiutami.hakim,bahasa_indonesia,"2022-12-27 11:43:15",wiwin.dwiutami.hakim
420,210,Luteinizing Hormone (LH),"2022-12-27 11:43:15",wiwin.dwiutami.hakim,english,"2022-12-27 11:43:15",wiwin.dwiutami.hakim
421,211,Luteinizing Hormone (LH),"2022-12-27 11:43:15",wiwin.dwiutami.hakim,bahasa_indonesia,"2022-12-27 11:43:15",wiwin.dwiutami.hakim
422,211,Luteinizing Hormone (LH),"2022-12-27 11:43:15",wiwin.dwiutami.hakim,english,"2022-12-27 11:43:15",wiwin.dwiutami.hakim
423,212,Luteinizing Hormone (LH),"2022-12-27 11:48:07",wiwin.dwiutami.hakim,bahasa_indonesia,"2022-12-27 11:48:07",wiwin.dwiutami.hakim
424,212,Luteinizing Hormone (LH),"2022-12-27 11:48:07",wiwin.dwiutami.hakim,english,"2022-12-27 11:48:07",wiwin.dwiutami.hakim
425,213,Follicle-Stimulating Hormone (FSH),"2022-12-27 11:48:56",wiwin.dwiutami.hakim,bahasa_indonesia,"2022-12-27 11:48:56",wiwin.dwiutami.hakim
426,213,Follicle-Stimulating Hormone (FSH),"2022-12-27 11:48:56",wiwin.dwiutami.hakim,english,"2022-12-27 11:48:56",wiwin.dwiutami.hakim
427,214,Prolaktin,"2022-12-27 11:49:45",wiwin.dwiutami.hakim,bahasa_indonesia,"2022-12-27 11:49:45",wiwin.dwiutami.hakim
428,214,Prolactin,"2022-12-27 11:49:45",wiwin.dwiutami.hakim,english,"2022-12-27 11:49:45",wiwin.dwiutami.hakim
429,215,Thyroxine (T4),"2022-12-27 11:58:23",nabila.sauzan,bahasa_indonesia,"2022-12-27 11:58:23",nabila.sauzan
430,215,Thyroxine (T4),"2022-12-27 11:58:23",nabila.sauzan,english,"2022-12-27 11:58:23",nabila.sauzan
431,216,Anti-Rubella IgG,"2022-12-27 11:59:18",nabila.sauzan,bahasa_indonesia,"2022-12-27 11:59:18",nabila.sauzan
432,216,Anti-Rubella IgG,"2022-12-27 11:59:18",nabila.sauzan,english,"2022-12-27 11:59:18",nabila.sauzan
433,217, Anti-Rubella IgM,"2022-12-27 12:00:21",nabila.sauzan,bahasa_indonesia,"2022-12-27 12:00:21",nabila.sauzan
434,217, Anti-Rubella IgM,"2022-12-27 12:00:21",nabila.sauzan,english,"2022-12-27 12:00:21",nabila.sauzan
435,218,Anti-HSV-2 IgG,"2022-12-27 12:01:19",nabila.sauzan,bahasa_indonesia,"2022-12-27 12:01:19",nabila.sauzan
436,218,Anti-HSV-2 IgG,"2022-12-27 12:01:19",nabila.sauzan,english,"2022-12-27 12:01:19",nabila.sauzan
437,219,Anti-HSV-2 IgM,"2022-12-27 12:02:15",nabila.sauzan,bahasa_indonesia,"2022-12-27 12:02:15",nabila.sauzan
438,219,Anti-HSV-2 IgM,"2022-12-27 12:02:15",nabila.sauzan,english,"2022-12-27 12:02:15",nabila.sauzan
439,220,Anti-HSV-1 IgG,"2022-12-27 12:03:18",nabila.sauzan,bahasa_indonesia,"2022-12-27 12:03:18",nabila.sauzan
440,220,Anti-HSV-1 IgG,"2022-12-27 12:03:18",nabila.sauzan,english,"2022-12-27 12:03:18",nabila.sauzan
441,221,Anti-HSV-1 IgM,"2022-12-27 12:04:20",nabila.sauzan,bahasa_indonesia,"2022-12-27 12:04:20",nabila.sauzan
442,221,Anti-HSV-1 IgM,"2022-12-27 12:04:20",nabila.sauzan,english,"2022-12-27 12:04:20",nabila.sauzan
443,222,Kortisol,"2022-12-27 12:05:30",nabila.sauzan,bahasa_indonesia,"2022-12-27 12:05:30",nabila.sauzan
444,222,Cortisol,"2022-12-27 12:05:30",nabila.sauzan,english,"2022-12-27 12:05:30",nabila.sauzan
445,223,Vitamin D 25(OH),"2022-12-27 12:06:11",nabila.sauzan,bahasa_indonesia,"2022-12-27 12:06:11",nabila.sauzan
446,223,Vitamin D 25(OH) (B),"2022-12-27 12:06:11",nabila.sauzan,english,"2023-01-12 15:41:50",dwi.rahmawati
447,224,IgE Total,"2022-12-27 12:06:58",nabila.sauzan,bahasa_indonesia,"2022-12-27 12:06:58",nabila.sauzan
448,224,Total IgE,"2022-12-27 12:06:58",nabila.sauzan,english,"2022-12-27 12:07:13",nabila.sauzan
449,225,IgE Atopy Panel (Indonesia),"2022-12-27 12:07:59",nabila.sauzan,bahasa_indonesia,"2022-12-27 12:08:12",nabila.sauzan
450,225,IgE Atopy Panel (Indonesia),"2022-12-27 12:07:59",nabila.sauzan,english,"2022-12-27 12:08:12",nabila.sauzan
451,226,Lipoprotein (a),"2022-12-27 12:08:57",nabila.sauzan,bahasa_indonesia,"2022-12-27 12:08:57",nabila.sauzan
452,226,Lipoprotein (a),"2022-12-27 12:08:57",nabila.sauzan,english,"2022-12-27 12:08:57",nabila.sauzan
453,227,Estradiol,"2022-12-27 13:00:29",wiwin.dwiutami.hakim,bahasa_indonesia,"2022-12-27 13:00:29",wiwin.dwiutami.hakim
454,227,Estradiol,"2022-12-27 13:00:29",wiwin.dwiutami.hakim,english,"2022-12-27 13:00:29",wiwin.dwiutami.hakim
455,228,Progesteron,"2022-12-27 13:01:14",wiwin.dwiutami.hakim,bahasa_indonesia,"2022-12-27 13:01:14",wiwin.dwiutami.hakim
456,228,Progesterone,"2022-12-27 13:01:14",wiwin.dwiutami.hakim,english,"2022-12-27 13:01:14",wiwin.dwiutami.hakim
457,229,Testosteron,"2022-12-27 13:02:24",wiwin.dwiutami.hakim,bahasa_indonesia,"2022-12-27 13:02:24",wiwin.dwiutami.hakim
458,229,Testosterone,"2022-12-27 13:02:24",wiwin.dwiutami.hakim,english,"2022-12-27 13:02:24",wiwin.dwiutami.hakim
459,230,Anti-HIV (EIA),"2022-12-27 13:03:43",wiwin.dwiutami.hakim,bahasa_indonesia,"2023-02-17 18:23:45",novi
460,230,Anti-HIV (EIA),"2022-12-27 13:03:43",wiwin.dwiutami.hakim,english,"2023-01-12 16:54:19",dwi.rahmawati
461,231,Homosistein,"2022-12-27 14:29:10",wiwin.dwiutami.hakim,bahasa_indonesia,"2022-12-27 14:29:10",wiwin.dwiutami.hakim
462,231,Homocysteine,"2022-12-27 14:29:10",wiwin.dwiutami.hakim,english,"2022-12-27 14:29:10",wiwin.dwiutami.hakim
463,232,NT-proBNP,"2022-12-27 14:29:37",wiwin.dwiutami.hakim,bahasa_indonesia,"2022-12-27 14:29:37",wiwin.dwiutami.hakim
464,232,NT-proBNP,"2022-12-27 14:29:37",wiwin.dwiutami.hakim,english,"2022-12-27 14:29:37",wiwin.dwiutami.hakim
465,233,Cystatin C,"2022-12-27 14:30:29",wiwin.dwiutami.hakim,bahasa_indonesia,"2022-12-27 14:30:29",wiwin.dwiutami.hakim
466,233,Cystatin C,"2022-12-27 14:30:29",wiwin.dwiutami.hakim,english,"2022-12-27 14:30:29",wiwin.dwiutami.hakim
467,234,Apolipoprotein B (Apo B),"2022-12-27 14:31:16",wiwin.dwiutami.hakim,bahasa_indonesia,"2022-12-27 14:31:16",wiwin.dwiutami.hakim
468,234,Apolipoprotein B (Apo B),"2022-12-27 14:31:16",wiwin.dwiutami.hakim,english,"2022-12-27 14:31:16",wiwin.dwiutami.hakim
469,235,Apolipoprotein A-1 (Apo A-1),"2022-12-27 14:34:07",wiwin.dwiutami.hakim,bahasa_indonesia,"2022-12-27 14:34:07",wiwin.dwiutami.hakim
470,235,Apolipoprotein A-1 (Apo A-1),"2022-12-27 14:34:07",wiwin.dwiutami.hakim,english,"2022-12-27 14:34:07",wiwin.dwiutami.hakim
471,236,Fosfatase Alkali (ALP),"2022-12-27 14:34:51",wiwin.dwiutami.hakim,bahasa_indonesia,"2022-12-27 14:34:51",wiwin.dwiutami.hakim
472,236,Alkaline Phosphatase (ALP),"2022-12-27 14:34:51",wiwin.dwiutami.hakim,english,"2022-12-27 14:34:51",wiwin.dwiutami.hakim
473,237,Elektroforesis Protein,"2022-12-27 14:36:12",wiwin.dwiutami.hakim,bahasa_indonesia,"2022-12-27 14:36:12",wiwin.dwiutami.hakim
474,237,Protein Electrophoresis,"2022-12-27 14:36:12",wiwin.dwiutami.hakim,english,"2022-12-27 14:36:12",wiwin.dwiutami.hakim
475,238,ASTO (Semi Kuantitatif),"2022-12-27 14:37:00",wiwin.dwiutami.hakim,bahasa_indonesia,"2022-12-27 14:37:00",wiwin.dwiutami.hakim
476,238,ASTO Anti Streptolysin O (Semi-Quantitative),"2022-12-27 14:37:00",wiwin.dwiutami.hakim,english,"2022-12-27 14:37:00",wiwin.dwiutami.hakim
477,239,Small Dense LDL,"2022-12-27 18:09:48",nabila.sauzan,bahasa_indonesia,"2022-12-27 18:09:48",nabila.sauzan
478,239,Small Dense LDL,"2022-12-27 18:09:48",nabila.sauzan,english,"2022-12-27 18:09:48",nabila.sauzan
479,240,Creatine Kinase (CK),"2022-12-27 23:20:28",nabila.sauzan,bahasa_indonesia,"2022-12-27 23:20:28",nabila.sauzan
480,240,Creatine Kinase (CK),"2022-12-27 23:20:28",nabila.sauzan,english,"2022-12-27 23:20:28",nabila.sauzan
481,241,Creatine Kinase-MB (CK-MB),"2022-12-27 23:21:17",nabila.sauzan,bahasa_indonesia,"2022-12-27 23:21:17",nabila.sauzan
482,241,Creatine Kinase-MB (CK-MB),"2022-12-27 23:21:17",nabila.sauzan,english,"2022-12-27 23:21:17",nabila.sauzan
483,242,Anti-HBE,"2022-12-27 23:22:38",nabila.sauzan,bahasa_indonesia,"2022-12-27 23:22:38",nabila.sauzan
484,242,Anti-HBE,"2022-12-27 23:22:38",nabila.sauzan,english,"2022-12-27 23:22:38",nabila.sauzan
485,243,Ca 15-3,"2022-12-27 23:23:56",nabila.sauzan,bahasa_indonesia,"2022-12-27 23:23:56",nabila.sauzan
486,243,Ca 15-3,"2022-12-27 23:23:56",nabila.sauzan,english,"2022-12-27 23:23:56",nabila.sauzan
487,244, CA 125,"2022-12-27 23:24:55",nabila.sauzan,bahasa_indonesia,"2022-12-27 23:24:55",nabila.sauzan
488,244, CA 125,"2022-12-27 23:24:55",nabila.sauzan,english,"2022-12-27 23:24:55",nabila.sauzan
489,245, Ca 19-9,"2022-12-27 23:25:52",nabila.sauzan,bahasa_indonesia,"2022-12-27 23:25:52",nabila.sauzan
490,245, Ca 19-9,"2022-12-27 23:25:52",nabila.sauzan,english,"2022-12-27 23:25:52",nabila.sauzan
491,246,Tiroglobulin,"2022-12-27 23:27:10",nabila.sauzan,bahasa_indonesia,"2022-12-27 23:27:10",nabila.sauzan
492,246,Thyroglobulin,"2022-12-27 23:27:10",nabila.sauzan,english,"2022-12-27 23:27:10",nabila.sauzan
493,247,Anti-Thyroperoxidase (Anti-TPO),"2022-12-27 23:28:13",nabila.sauzan,bahasa_indonesia,"2023-01-12 15:35:24",dwi.rahmawati
494,247,Anti-Thyroperoxidase (Anti-TPO),"2022-12-27 23:28:13",nabila.sauzan,english,"2023-01-12 15:35:24",dwi.rahmawati
495,248,Anti-Toxoplasma IgM,"2022-12-27 23:30:56",nabila.sauzan,bahasa_indonesia,"2023-01-12 16:52:41",dwi.rahmawati
496,248,Anti-Toxoplasma IgM,"2022-12-27 23:30:56",nabila.sauzan,english,"2023-01-12 16:52:41",dwi.rahmawati
497,249,Anti-Cytomegalovirus (CMV) IgM,"2022-12-27 23:31:45",nabila.sauzan,bahasa_indonesia,"2023-01-12 17:09:55",dwi.rahmawati
498,249,Anti-Cytomegalovirus (CMV) IgM,"2022-12-27 23:31:45",nabila.sauzan,english,"2023-01-12 17:09:55",dwi.rahmawati
499,250,Aviditas Anti-Cytomegalovirus (CMV) IgG,"2022-12-27 23:32:49",nabila.sauzan,bahasa_indonesia,"2023-01-12 16:45:01",dwi.rahmawati
500,250,Anti-Cytomegalovirus (CMV) IgG Avidity,"2022-12-27 23:32:49",nabila.sauzan,english,"2023-01-12 16:45:01",dwi.rahmawati
501,251,DELETED-e-GFR CKD EPI Formula,"2023-01-02 22:52:29",jocelyn.tandrian,bahasa_indonesia,"2023-02-04 09:20:06",audhy.prabowo
502,251,DELETED-e-GFR CKD EPI Formula,"2023-01-02 22:52:29",jocelyn.tandrian,english,"2023-02-04 09:20:06",audhy.prabowo
503,252,DELETED-e-GFR Bedside Schwartz Equation,"2023-01-02 22:52:58",jocelyn.tandrian,bahasa_indonesia,"2023-02-04 09:20:20",audhy.prabowo
504,252,DELETED-e-GFR Bedside Schwartz Equation,"2023-01-02 22:52:58",jocelyn.tandrian,english,"2023-02-04 09:20:20",audhy.prabowo
505,253,Anti-Dengue IgG dan IgM (Rapid),"2023-01-02 22:56:00",jocelyn.tandrian,bahasa_indonesia,"2023-02-06 17:08:31",dwi.rahmawati
506,253,Anti-Dengue IgG dan IgM (Rapid),"2023-01-02 22:56:00",jocelyn.tandrian,english,"2023-02-06 17:08:31",dwi.rahmawati
507,254,S. paratyphi AO,"2023-01-02 23:02:17",jocelyn.tandrian,bahasa_indonesia,"2023-01-02 23:02:17",jocelyn.tandrian
508,254,S. paratyphi AO,"2023-01-02 23:02:17",jocelyn.tandrian,english,"2023-01-02 23:02:17",jocelyn.tandrian
509,255,S. paratyphi BO,"2023-01-02 23:02:30",jocelyn.tandrian,bahasa_indonesia,"2023-01-02 23:02:30",jocelyn.tandrian
510,255,S. paratyphi BO,"2023-01-02 23:02:30",jocelyn.tandrian,english,"2023-01-02 23:02:30",jocelyn.tandrian
511,256,S.paratyphi CO,"2023-01-02 23:02:46",jocelyn.tandrian,bahasa_indonesia,"2023-01-02 23:02:46",jocelyn.tandrian
512,256,S.paratyphi CO,"2023-01-02 23:02:46",jocelyn.tandrian,english,"2023-01-02 23:02:46",jocelyn.tandrian
513,257,S. typhi H,"2023-01-02 23:02:57",jocelyn.tandrian,bahasa_indonesia,"2023-01-02 23:02:57",jocelyn.tandrian
514,257,S. typhi H,"2023-01-02 23:02:57",jocelyn.tandrian,english,"2023-01-02 23:02:57",jocelyn.tandrian
515,258,S. paratyphi AH,"2023-01-02 23:03:15",jocelyn.tandrian,bahasa_indonesia,"2023-01-02 23:03:15",jocelyn.tandrian
516,258,S. paratyphi AH,"2023-01-02 23:03:15",jocelyn.tandrian,english,"2023-01-02 23:03:15",jocelyn.tandrian
517,259,S. paratyphi BH,"2023-01-02 23:03:26",jocelyn.tandrian,bahasa_indonesia,"2023-01-02 23:03:26",jocelyn.tandrian
518,259,S. paratyphi BH,"2023-01-02 23:03:26",jocelyn.tandrian,english,"2023-01-02 23:03:26",jocelyn.tandrian
519,260,S. paratyphi CH,"2023-01-02 23:03:38",jocelyn.tandrian,bahasa_indonesia,"2023-01-02 23:03:38",jocelyn.tandrian
520,260,S. paratyphi CH,"2023-01-02 23:03:38",jocelyn.tandrian,english,"2023-01-02 23:03:38",jocelyn.tandrian
521,261,Anti SARS-CoV-2 IgG S-RBD,"2023-01-02 23:12:50",jocelyn.tandrian,bahasa_indonesia,"2023-10-21 16:07:20",audhy.prabowo
522,261,Anti SARS-CoV-2 IgG S-RBD,"2023-01-02 23:12:50",jocelyn.tandrian,english,"2023-10-21 16:07:20",audhy.prabowo
523,262,ABO & Rhesus Blood Group,"2023-01-05 15:45:50",dwi.rahmawati,english,"2023-01-05 15:45:50",dwi.rahmawati
524,262, Golongan Darah ABO Rhesus,"2023-01-05 15:45:50",dwi.rahmawati,bahasa_indonesia,"2023-01-05 15:45:50",dwi.rahmawati
525,263,DELETED - Stool Microscopic Examination,"2023-01-05 16:54:12",dwi.rahmawati,english,"2023-03-14 13:30:33",audhy.prabowo
526,263,DELETED - Pemeriksaan Feses Rutin,"2023-01-05 16:54:12",dwi.rahmawati,bahasa_indonesia,"2023-03-14 13:30:33",audhy.prabowo
527,264,Anti-HIV (Rapid),"2023-01-06 11:04:17",dwi.rahmawati,bahasa_indonesia,"2023-01-06 11:04:17",dwi.rahmawati
528,264,Anti-HIV (Rapid),"2023-01-06 11:04:17",dwi.rahmawati,english,"2023-01-06 11:04:17",dwi.rahmawati
529,265,eGFR CKD EPI Formula,"2023-01-12 15:28:35",dwi.rahmawati,english,"2023-01-12 15:28:35",dwi.rahmawati
530,265,eLFG Formula CKD EPI,"2023-01-12 15:28:35",dwi.rahmawati,bahasa_indonesia,"2023-01-12 15:28:35",dwi.rahmawati
531,266,Helicobacter pylori Stool Antigen (HPSA),"2023-01-12 15:30:13",dwi.rahmawati,english,"2023-01-12 15:30:13",dwi.rahmawati
532,266,Helicobacter pylori Stool Antigen (HPSA),"2023-01-12 15:30:13",dwi.rahmawati,bahasa_indonesia,"2023-01-12 15:30:13",dwi.rahmawati
533,267,Anti-Toxoplasma IgG,"2023-01-12 15:38:50",dwi.rahmawati,english,"2023-01-12 15:38:50",dwi.rahmawati
534,267,Anti-Toxoplasma IgG,"2023-01-12 15:38:50",dwi.rahmawati,bahasa_indonesia,"2023-01-12 15:38:50",dwi.rahmawati
535,268,Anti-HAV Total (Rapid) ,"2023-01-12 16:50:18",dwi.rahmawati,english,"2023-01-25 15:56:59",dwi.rahmawati
536,268,Anti-HAV Total (Rapid) ,"2023-01-12 16:50:18",dwi.rahmawati,bahasa_indonesia,"2023-01-25 15:56:59",dwi.rahmawati
537,269,Indirect Bilirubin,"2023-01-12 16:51:43",dwi.rahmawati,english,"2023-01-12 16:51:43",dwi.rahmawati
538,269,Bilirubin Indirek,"2023-01-12 16:51:43",dwi.rahmawati,bahasa_indonesia,"2023-01-12 16:51:43",dwi.rahmawati
539,270,Anti-HCV,"2023-01-12 16:57:31",dwi.rahmawati,english,"2023-01-12 16:57:31",dwi.rahmawati
540,270,Anti-HCV,"2023-01-12 16:57:31",dwi.rahmawati,bahasa_indonesia,"2023-01-12 16:57:31",dwi.rahmawati
541,271,PCR Non Swab Test - Result in 16 Hours,"2023-01-15 14:35:45",dwi.rahmawati,english,"2023-01-15 14:41:27",dwi.rahmawati
542,271,PCR Non Swab Test - Hasil 16 Jam,"2023-01-15 14:35:45",dwi.rahmawati,bahasa_indonesia,"2023-01-15 14:41:53",dwi.rahmawati
543,272,PCR Non Swab - Next Day,"2023-01-15 14:44:14",dwi.rahmawati,english,"2023-01-15 14:44:14",dwi.rahmawati
544,272,PCR Non Swab Test - Hasil H+1,"2023-01-15 14:44:14",dwi.rahmawati,bahasa_indonesia,"2023-01-15 14:44:14",dwi.rahmawati
545,273,UIBC,"2023-01-17 12:03:31",dwi.rahmawati,english,"2023-01-17 12:03:31",dwi.rahmawati
546,273,UIBC,"2023-01-17 12:03:31",dwi.rahmawati,bahasa_indonesia,"2023-01-17 12:03:31",dwi.rahmawati
547,274,Transferin Saturation,"2023-01-17 12:03:31",dwi.rahmawati,english,"2023-07-31 12:13:43",audhy.prabowo
548,274,Saturasi Transferin,"2023-01-17 12:03:31",dwi.rahmawati,bahasa_indonesia,"2023-07-31 12:13:43",audhy.prabowo
549,275,del-e-GFR CKD EPI Formula,"2023-01-17 14:19:19",dwi.rahmawati,bahasa_indonesia,"2023-02-04 12:35:43",novi
550,275,del-e-GFR CKD EPI Formula,"2023-01-17 14:19:19",dwi.rahmawati,english,"2023-02-04 12:35:43",novi
551,276,del-e-GFR Bedside Schwartz Equation,"2023-01-17 14:19:19",dwi.rahmawati,bahasa_indonesia,"2023-02-04 12:35:43",novi
552,276,del-e-GFR Bedside Schwartz Equation,"2023-01-17 14:19:19",dwi.rahmawati,english,"2023-02-04 12:35:43",novi
553,277,Anti Dengue IgM Rapid,"2023-01-17 14:48:38",dwi.rahmawati,bahasa_indonesia,"2023-02-07 16:30:58",novi
554,277,Anti Dengue IgM Rapid,"2023-01-17 14:48:38",dwi.rahmawati,english,"2023-02-07 16:30:58",novi
555,278,S. paratyphi BH,"2023-01-17 15:52:46",dwi.rahmawati,bahasa_indonesia,"2023-01-17 15:52:46",dwi.rahmawati
556,278,S. paratyphi BH,"2023-01-17 15:52:46",dwi.rahmawati,english,"2023-01-17 15:52:46",dwi.rahmawati
557,279,S. paratyphi BO,"2023-01-17 15:52:46",dwi.rahmawati,bahasa_indonesia,"2023-01-17 15:52:46",dwi.rahmawati
558,279,S. paratyphi BO,"2023-01-17 15:52:46",dwi.rahmawati,english,"2023-01-17 15:52:46",dwi.rahmawati
559,280,S. paratyphi CO,"2023-01-17 15:52:46",dwi.rahmawati,bahasa_indonesia,"2023-02-19 15:31:09",audhy.prabowo
560,280,S. paratyphi CO,"2023-01-17 15:52:46",dwi.rahmawati,english,"2023-02-19 15:31:09",audhy.prabowo
561,281,S. paratyphi CH,"2023-01-17 15:52:46",dwi.rahmawati,bahasa_indonesia,"2023-01-17 15:52:46",dwi.rahmawati
562,281,S. paratyphi CH,"2023-01-17 15:52:46",dwi.rahmawati,english,"2023-01-17 15:52:46",dwi.rahmawati
563,282,S. typhi H,"2023-01-17 15:52:46",dwi.rahmawati,bahasa_indonesia,"2023-01-17 15:52:46",dwi.rahmawati
564,282,S. typhi H,"2023-01-17 15:52:46",dwi.rahmawati,english,"2023-01-17 15:52:46",dwi.rahmawati
565,283,S. paratyphi AH,"2023-01-17 15:52:46",dwi.rahmawati,bahasa_indonesia,"2023-01-17 15:52:46",dwi.rahmawati
566,283,S. paratyphi AH,"2023-01-17 15:52:46",dwi.rahmawati,english,"2023-01-17 15:52:46",dwi.rahmawati
567,284,S. paratyphi AO,"2023-01-17 15:52:46",dwi.rahmawati,bahasa_indonesia,"2023-01-17 15:52:46",dwi.rahmawati
568,284,S. paratyphi AO,"2023-01-17 15:52:46",dwi.rahmawati,english,"2023-01-17 15:52:46",dwi.rahmawati
569,285,deleted-Anti Dengue IgM Rapid,"2023-01-17 17:00:12",dwi.rahmawati,bahasa_indonesia,"2023-02-06 17:07:57",dwi.rahmawati
570,285,deleted-Anti Dengue IgM Rapid,"2023-01-17 17:00:12",dwi.rahmawati,english,"2023-02-06 17:07:57",dwi.rahmawati
571,286,Anti-Salmonella IgG & IgM (Rapid),"2023-01-18 15:30:34",dwi.rahmawati,bahasa_indonesia,"2023-01-18 15:30:34",dwi.rahmawati
572,286,Anti-Salmonella IgG & IgM (Rapid),"2023-01-18 15:30:34",dwi.rahmawati,english,"2023-01-18 15:30:34",dwi.rahmawati
573,287,HaloDNA ,"2023-01-24 09:32:17",dwi.rahmawati,english,"2023-01-24 09:32:17",dwi.rahmawati
574,287,HaloDNA ,"2023-01-24 09:32:17",dwi.rahmawati,bahasa_indonesia,"2023-01-24 09:32:17",dwi.rahmawati
575,288,Swab PCR COVID-19,"2023-01-26 16:59:32",audhy.prabowo,english,"2023-01-26 16:59:32",audhy.prabowo
576,288,PCR Swab COVID-19,"2023-01-26 16:59:32",audhy.prabowo,bahasa_indonesia,"2023-01-26 17:00:36",audhy.prabowo
577,289,Swab PCR COVID-19,"2023-01-26 17:00:18",audhy.prabowo,english,"2023-01-26 17:00:18",audhy.prabowo
578,289,PCR Swab COVID-19,"2023-01-26 17:00:18",audhy.prabowo,bahasa_indonesia,"2023-01-26 17:00:45",audhy.prabowo
579,290,Swab Antigen SARS CoV-2,"2023-01-26 17:07:14",dwi.rahmawati,english,"2023-02-17 19:00:59",novi
580,290,Swab Antigen SARS CoV-2,"2023-01-26 17:07:14",dwi.rahmawati,bahasa_indonesia,"2023-02-17 19:00:59",novi
581,291,Reticulocytes volume,"2023-01-30 16:19:03",dwi.rahmawati,english,"2023-01-30 16:19:03",dwi.rahmawati
582,291,Volume Retikulosit,"2023-01-30 16:19:03",dwi.rahmawati,bahasa_indonesia,"2023-01-30 16:19:03",dwi.rahmawati
583,292,Reticulocytes/100 erythrocytes,"2023-01-30 16:21:23",dwi.rahmawati,english,"2023-01-30 16:21:23",dwi.rahmawati
584,292,Retikulosit/100 eritrosit,"2023-01-30 16:21:23",dwi.rahmawati,bahasa_indonesia,"2023-01-30 16:21:23",dwi.rahmawati
585,293,Nala Nutriready,"2023-01-31 09:44:17",dwi.rahmawati,bahasa_indonesia,"2023-01-31 09:44:17",dwi.rahmawati
586,293,Nala Nutriready,"2023-01-31 09:44:17",dwi.rahmawati,english,"2023-01-31 09:44:17",dwi.rahmawati
587,294,Nala Rxready,"2023-01-31 09:54:26",dwi.rahmawati,bahasa_indonesia,"2023-01-31 09:54:26",dwi.rahmawati
588,294,Nala Rxready,"2023-01-31 09:54:26",dwi.rahmawati,english,"2023-01-31 09:54:26",dwi.rahmawati
589,295,Ret-He,"2023-02-01 15:52:09",dwi.rahmawati,bahasa_indonesia,"2023-02-01 15:52:09",dwi.rahmawati
590,295,Ret-He,"2023-02-01 15:52:09",dwi.rahmawati,english,"2023-02-01 15:52:09",dwi.rahmawati
591,296,RDW-SD,"2023-02-02 23:53:53",audhy.prabowo,english,"2023-02-02 23:53:53",audhy.prabowo
592,296,RDW-SD,"2023-02-02 23:53:53",audhy.prabowo,bahasa_indonesia,"2023-02-02 23:53:53",audhy.prabowo
593,297,Granulosit Imatur%,"2023-02-03 00:02:45",novi,bahasa_indonesia,"2023-02-03 00:02:45",novi
594,297,Immature Granulocytes (IG)%,"2023-02-03 00:02:45",novi,english,"2023-02-03 00:02:45",novi
595,298,Immature Platelet Fraction (IPF)%,"2023-02-03 00:20:47",novi,bahasa_indonesia,"2023-02-03 00:20:47",novi
596,298,Immature Platelet Fraction (IPF)%,"2023-02-03 00:20:47",novi,english,"2023-02-03 00:20:47",novi
597,299,Reticulocytes%,"2023-02-03 00:45:17",novi,english,"2023-02-03 00:45:17",novi
598,299,Retikulosit%,"2023-02-03 00:45:17",novi,bahasa_indonesia,"2023-02-03 00:45:17",novi
599,300,Retikulosit#,"2023-02-03 20:06:04",helios.laboratory,bahasa_indonesia,"2023-02-03 20:06:04",helios.laboratory
600,300,Reticulocytes#,"2023-02-03 20:06:04",helios.laboratory,english,"2023-02-03 20:06:04",helios.laboratory
601,301,Ret-He,"2023-02-03 20:11:14",helios.laboratory,bahasa_indonesia,"2023-02-03 20:16:41",helios.laboratory
602,301,Ret-He,"2023-02-03 20:11:14",helios.laboratory,english,"2023-02-03 20:16:41",helios.laboratory
603,302,RDW-CV,"2023-02-04 08:53:14",audhy.prabowo,english,"2023-02-04 08:53:14",audhy.prabowo
604,302,RDW-CV,"2023-02-04 08:53:14",audhy.prabowo,bahasa_indonesia,"2023-02-04 08:53:14",audhy.prabowo
605,303,del-e-GFR,"2023-02-04 09:19:10",audhy.prabowo,english,"2023-02-04 12:35:43",novi
606,303,del-e-GFR,"2023-02-04 09:19:10",audhy.prabowo,bahasa_indonesia,"2023-02-04 12:35:43",novi
607,304,Jamur,"2023-02-04 11:17:11",novi,bahasa_indonesia,"2023-02-04 11:17:11",novi
608,304,Yeast ,"2023-02-04 11:17:11",novi,english,"2023-02-04 11:17:11",novi
609,305,BUN (Urea Nitrogen),"2023-02-04 12:26:40",novi,bahasa_indonesia,"2023-02-04 12:26:40",novi
610,305,BUN (Urea Nitrogen),"2023-02-04 12:26:40",novi,english,"2023-02-04 12:26:40",novi
611,306,Creatinine,"2023-02-04 12:41:32",novi,english,"2023-02-04 12:41:32",novi
612,306,Kreatinin,"2023-02-04 12:41:32",novi,bahasa_indonesia,"2023-02-04 12:41:32",novi
613,307,e-GFR (estimated Glomerular Filtration Rate),"2023-02-04 12:42:40",novi,english,"2023-02-04 12:42:40",novi
614,307,e-LFG (estmasi Laju Filtrasi Glomerulus),"2023-02-04 12:42:40",novi,bahasa_indonesia,"2023-02-04 12:42:40",novi
615,308,Hemoglobin,"2023-02-06 13:44:50",dwi.rahmawati,bahasa_indonesia,"2023-02-06 13:44:50",dwi.rahmawati
616,308,Hemoglobin,"2023-02-06 13:44:50",dwi.rahmawati,english,"2023-02-06 13:44:50",dwi.rahmawati
617,309,Hematokrit,"2023-02-06 13:45:17",dwi.rahmawati,bahasa_indonesia,"2023-02-06 13:45:17",dwi.rahmawati
618,309,Hematocrit,"2023-02-06 13:45:17",dwi.rahmawati,english,"2023-02-06 13:45:17",dwi.rahmawati
619,310,Eritrosit,"2023-02-06 13:45:42",dwi.rahmawati,bahasa_indonesia,"2023-02-06 13:45:42",dwi.rahmawati
620,310,Red Blood Cell,"2023-02-06 13:45:42",dwi.rahmawati,english,"2023-02-06 13:45:42",dwi.rahmawati
621,311,MCV,"2023-02-06 13:46:29",dwi.rahmawati,bahasa_indonesia,"2023-02-06 13:46:29",dwi.rahmawati
622,311,MCV,"2023-02-06 13:46:29",dwi.rahmawati,english,"2023-02-06 13:46:29",dwi.rahmawati
623,312,RDW-CV,"2023-02-06 13:47:33",dwi.rahmawati,english,"2023-02-06 13:47:33",dwi.rahmawati
624,312,RDW-CV,"2023-02-06 13:47:33",dwi.rahmawati,bahasa_indonesia,"2023-02-06 13:47:33",dwi.rahmawati
625,313,MCHC,"2023-02-06 13:47:33",dwi.rahmawati,english,"2023-02-06 13:47:33",dwi.rahmawati
626,313,MCHC,"2023-02-06 13:47:33",dwi.rahmawati,bahasa_indonesia,"2023-02-06 13:47:33",dwi.rahmawati
627,314,MCH,"2023-02-06 13:47:33",dwi.rahmawati,english,"2023-02-06 13:47:33",dwi.rahmawati
628,314,MCH,"2023-02-06 13:47:33",dwi.rahmawati,bahasa_indonesia,"2023-02-06 13:47:33",dwi.rahmawati
629,315,RDW-SD,"2023-02-06 13:47:33",dwi.rahmawati,english,"2023-02-06 13:47:33",dwi.rahmawati
630,315,RDW-SD,"2023-02-06 13:47:33",dwi.rahmawati,bahasa_indonesia,"2023-02-06 13:47:33",dwi.rahmawati
631,316,Leukosit,"2023-02-06 13:48:11",dwi.rahmawati,bahasa_indonesia,"2023-02-06 13:48:11",dwi.rahmawati
632,316,White Blood Cell,"2023-02-06 13:48:11",dwi.rahmawati,english,"2023-02-06 13:48:11",dwi.rahmawati
633,317,Eosinophils%,"2023-02-06 13:49:46",dwi.rahmawati,english,"2023-02-06 13:49:47",dwi.rahmawati
634,317,Eosinofil%,"2023-02-06 13:49:46",dwi.rahmawati,bahasa_indonesia,"2023-02-06 13:49:47",dwi.rahmawati
635,318,Lymphocytes%,"2023-02-06 13:49:46",dwi.rahmawati,english,"2023-02-06 13:49:47",dwi.rahmawati
636,318,Limfosit%,"2023-02-06 13:49:46",dwi.rahmawati,bahasa_indonesia,"2023-02-06 13:49:47",dwi.rahmawati
637,319,Neutrophils%,"2023-02-06 13:49:46",dwi.rahmawati,english,"2023-02-06 13:49:47",dwi.rahmawati
638,319,Neutrofil%,"2023-02-06 13:49:46",dwi.rahmawati,bahasa_indonesia,"2023-02-06 13:49:47",dwi.rahmawati
639,320,Monocytes%,"2023-02-06 13:49:46",dwi.rahmawati,english,"2023-02-06 13:49:47",dwi.rahmawati
640,320,Monosit%,"2023-02-06 13:49:47",dwi.rahmawati,bahasa_indonesia,"2023-02-06 13:49:47",dwi.rahmawati
641,321,Limfosit#,"2023-02-06 13:51:48",dwi.rahmawati,bahasa_indonesia,"2023-02-06 13:51:48",dwi.rahmawati
642,321,Lymphocytes#,"2023-02-06 13:51:48",dwi.rahmawati,english,"2023-02-06 13:51:48",dwi.rahmawati
643,322,Neutrofil#,"2023-02-06 13:51:48",dwi.rahmawati,bahasa_indonesia,"2023-02-06 13:51:48",dwi.rahmawati
644,322,Neutrophils#,"2023-02-06 13:51:48",dwi.rahmawati,english,"2023-02-06 13:51:48",dwi.rahmawati
645,323,Eosinofil#,"2023-02-06 13:51:48",dwi.rahmawati,bahasa_indonesia,"2023-02-06 13:51:48",dwi.rahmawati
646,323,Eosinophils#,"2023-02-06 13:51:48",dwi.rahmawati,english,"2023-02-06 13:51:48",dwi.rahmawati
647,324,Basofil#,"2023-02-06 13:51:48",dwi.rahmawati,bahasa_indonesia,"2023-02-06 13:51:48",dwi.rahmawati
648,324,Basophils#,"2023-02-06 13:51:48",dwi.rahmawati,english,"2023-02-06 13:51:48",dwi.rahmawati
649,325,Monosit#,"2023-02-06 13:51:48",dwi.rahmawati,bahasa_indonesia,"2023-02-06 13:51:48",dwi.rahmawati
650,325,Monocytes#,"2023-02-06 13:51:48",dwi.rahmawati,english,"2023-02-06 13:51:48",dwi.rahmawati
651,326,Basofil%,"2023-02-06 13:51:48",dwi.rahmawati,bahasa_indonesia,"2023-02-06 13:51:48",dwi.rahmawati
652,326,Basophils%,"2023-02-06 13:51:48",dwi.rahmawati,english,"2023-02-06 13:51:48",dwi.rahmawati
653,327,Granulosit Imatur%,"2023-02-06 13:52:23",dwi.rahmawati,bahasa_indonesia,"2023-02-06 13:52:23",dwi.rahmawati
654,327,Immature Granulocytes (IG)%,"2023-02-06 13:52:23",dwi.rahmawati,english,"2023-02-06 13:52:23",dwi.rahmawati
655,328,Trombosit,"2023-02-06 13:52:42",dwi.rahmawati,bahasa_indonesia,"2023-02-06 13:52:42",dwi.rahmawati
656,328,Platelet,"2023-02-06 13:52:42",dwi.rahmawati,english,"2023-02-06 13:52:42",dwi.rahmawati
657,329,MPV,"2023-02-06 13:53:48",dwi.rahmawati,bahasa_indonesia,"2023-02-06 13:53:48",dwi.rahmawati
658,329,MPV,"2023-02-06 13:53:48",dwi.rahmawati,english,"2023-02-06 13:53:48",dwi.rahmawati
659,330,PDW,"2023-02-06 13:53:48",dwi.rahmawati,bahasa_indonesia,"2023-02-06 13:53:48",dwi.rahmawati
660,330,PDW,"2023-02-06 13:53:48",dwi.rahmawati,english,"2023-02-06 13:53:48",dwi.rahmawati
661,331,PCT,"2023-02-06 13:53:48",dwi.rahmawati,bahasa_indonesia,"2023-02-06 13:53:48",dwi.rahmawati
662,331,PCT,"2023-02-06 13:53:48",dwi.rahmawati,english,"2023-02-06 13:53:48",dwi.rahmawati
663,332,Immature Platelet Fraction (IPF)%,"2023-02-06 13:54:17",dwi.rahmawati,bahasa_indonesia,"2023-02-06 13:54:17",dwi.rahmawati
664,332,Immature Platelet Fraction (IPF)%,"2023-02-06 13:54:17",dwi.rahmawati,english,"2023-02-06 13:54:17",dwi.rahmawati
665,333,Warna,"2023-02-07 15:21:55",novi,bahasa_indonesia,"2023-02-07 15:21:55",novi
666,333,Colour,"2023-02-07 15:21:55",novi,english,"2023-02-07 15:21:55",novi
667,334,Gross Blood,"2023-02-07 15:23:43",novi,english,"2023-02-07 15:23:43",novi
668,334,Darah,"2023-02-07 15:23:43",novi,bahasa_indonesia,"2023-02-07 15:23:43",novi
669,335,Mucus,"2023-02-07 15:23:43",novi,english,"2023-02-07 15:23:43",novi
670,335,Lendir,"2023-02-07 15:23:43",novi,bahasa_indonesia,"2023-02-07 15:23:43",novi
671,336,Consistency,"2023-02-07 15:23:43",novi,english,"2023-02-07 15:23:43",novi
672,336,Konsistensi,"2023-02-07 15:23:43",novi,bahasa_indonesia,"2023-02-07 15:23:43",novi
673,337,Leukocytes,"2023-02-07 15:28:53",novi,english,"2023-02-07 15:28:53",novi
674,337,Leukosit,"2023-02-07 15:28:53",novi,bahasa_indonesia,"2023-02-07 15:28:53",novi
675,338,Paracytes,"2023-02-07 15:28:53",novi,english,"2023-02-07 15:28:53",novi
676,338,Parasit,"2023-02-07 15:28:53",novi,bahasa_indonesia,"2023-02-07 15:28:53",novi
677,339,Yeast,"2023-02-07 15:28:53",novi,english,"2023-02-07 15:28:53",novi
678,339,Jamur,"2023-02-07 15:28:53",novi,bahasa_indonesia,"2023-02-07 15:28:53",novi
679,340,Ova,"2023-02-07 15:28:53",novi,english,"2023-02-07 15:28:53",novi
680,340,Telur Cacing,"2023-02-07 15:28:53",novi,bahasa_indonesia,"2023-02-07 15:28:53",novi
681,341,Eryhrocytes,"2023-02-07 15:28:53",novi,english,"2023-02-07 15:28:53",novi
682,341,Eritrosit,"2023-02-07 15:28:53",novi,bahasa_indonesia,"2023-02-07 15:28:53",novi
683,342,Starch,"2023-02-07 15:30:38",novi,english,"2023-02-07 15:30:38",novi
684,342,Amylum,"2023-02-07 15:30:38",novi,bahasa_indonesia,"2023-02-07 15:30:38",novi
685,343,Fat,"2023-02-07 15:30:38",novi,english,"2023-02-07 15:30:38",novi
686,343,Lemak,"2023-02-07 15:30:38",novi,bahasa_indonesia,"2023-02-07 15:30:38",novi
687,344,Fiber,"2023-02-07 15:30:38",novi,english,"2023-02-07 15:30:38",novi
688,344,Serat Makanan,"2023-02-07 15:30:38",novi,bahasa_indonesia,"2023-02-07 15:30:38",novi
689,345,Aggregation + 1uM ADP,"2023-02-21 13:42:40",dwi.rahmawati,english,"2023-02-21 13:42:40",dwi.rahmawati
690,345,Agregasi + 1uM ADP,"2023-02-21 13:42:40",dwi.rahmawati,bahasa_indonesia,"2023-02-21 13:42:40",dwi.rahmawati
691,346,Aggregation + 2uM ADP,"2023-02-21 13:43:31",dwi.rahmawati,english,"2023-02-21 13:43:31",dwi.rahmawati
692,346,Agregasi + 2uM ADP,"2023-02-21 13:43:31",dwi.rahmawati,bahasa_indonesia,"2023-02-21 13:45:10",dwi.rahmawati
693,347,Aggregation + 5uM ADP,"2023-02-21 13:45:10",dwi.rahmawati,english,"2023-02-21 13:45:10",dwi.rahmawati
694,347,Agregasi + 5uM ADP,"2023-02-21 13:45:10",dwi.rahmawati,bahasa_indonesia,"2023-02-21 13:45:10",dwi.rahmawati
695,348,Aggregation + 10uM ADP,"2023-02-21 13:45:10",dwi.rahmawati,english,"2023-02-21 13:45:10",dwi.rahmawati
696,348,Agregasi + 10uM ADP,"2023-02-21 13:45:10",dwi.rahmawati,bahasa_indonesia,"2023-02-21 14:36:48",novi
697,349,Interpretation,"2023-02-21 13:45:53",dwi.rahmawati,english,"2023-02-21 13:45:53",dwi.rahmawati
698,349,Kesan,"2023-02-21 13:45:53",dwi.rahmawati,bahasa_indonesia,"2023-02-21 13:45:53",dwi.rahmawati
699,350,Note,"2023-02-21 17:50:11",novi,english,"2023-02-21 17:50:11",novi
700,350,Catatan,"2023-02-21 17:50:11",novi,bahasa_indonesia,"2023-02-21 17:50:11",novi
701,351,AMH (mass/volume),"2023-03-01 08:52:22",novi,bahasa_indonesia,"2023-03-01 08:52:22",novi
702,351,AMH (mass/volume),"2023-03-01 08:52:22",novi,english,"2023-03-01 08:52:22",novi
703,352,AMH SI unit (moles/volume),"2023-03-01 08:54:01",novi,bahasa_indonesia,"2023-03-01 08:54:01",novi
704,352,AMH SI unit (moles/volume),"2023-03-01 08:54:01",novi,english,"2023-03-01 08:54:01",novi
705,353,INR,"2023-03-01 09:24:50",novi,english,"2023-03-01 09:24:50",novi
706,353,INR,"2023-03-01 09:24:50",novi,bahasa_indonesia,"2023-03-01 09:24:50",novi
707,354,Mentzer Index (Thalassemia Screening),"2023-03-06 13:05:59",dwi.rahmawati,english,"2023-03-06 15:23:17",dwi.rahmawati
708,354,Mentzer Index (Skrining Thalassemia),"2023-03-06 13:05:59",dwi.rahmawati,bahasa_indonesia,"2023-03-06 13:05:59",dwi.rahmawati
709,355,Lactate Dehydrogenase (LDH),"2023-03-06 15:28:37",dwi.rahmawati,english,"2023-03-06 15:28:37",dwi.rahmawati
710,355,Lactate Dehydrogenase (LDH),"2023-03-06 15:28:37",dwi.rahmawati,bahasa_indonesia,"2023-03-06 15:28:37",dwi.rahmawati
711,356,Prokalsitonin (PCT),"2023-03-06 15:33:09",dwi.rahmawati,bahasa_indonesia,"2023-03-06 15:33:09",dwi.rahmawati
712,356,Procalcitonin (PCT),"2023-03-06 15:33:09",dwi.rahmawati,english,"2023-03-06 15:33:09",dwi.rahmawati
713,357,Anticardiolipin Antibodies (ACA) IgG,"2023-04-13 12:45:57",dwi.rahmawati,english,"2023-04-13 12:45:57",dwi.rahmawati
714,357,Anticardiolipin Antibodies (ACA) IgG,"2023-04-13 12:45:57",dwi.rahmawati,bahasa_indonesia,"2023-04-13 12:45:57",dwi.rahmawati
715,358,Anticardiolipin Antibodies (ACA) IgM,"2023-04-13 12:51:17",dwi.rahmawati,english,"2023-04-13 12:51:17",dwi.rahmawati
716,358,Anticardiolipin Antibodies (ACA) IgM,"2023-04-13 12:51:17",dwi.rahmawati,bahasa_indonesia,"2023-04-13 12:51:17",dwi.rahmawati
717,359,Procalcitonin (PCT),"2023-04-13 13:11:51",dwi.rahmawati,english,"2023-04-13 13:11:51",dwi.rahmawati
718,359,Prokalsitonin (PCT),"2023-04-13 13:11:51",dwi.rahmawati,bahasa_indonesia,"2023-04-13 13:11:51",dwi.rahmawati
719,360,Anti-Mullerian Hormone (AMH),"2023-04-13 13:23:22",dwi.rahmawati,english,"2023-04-13 13:23:22",dwi.rahmawati
720,360,Anti-Mullerian Hormone (AMH),"2023-04-13 13:23:22",dwi.rahmawati,bahasa_indonesia,"2023-04-13 13:23:22",dwi.rahmawati
721,361,ANA (IF),"2023-04-13 13:28:10",jocelyn.tandrian,bahasa_indonesia,"2023-04-13 13:28:10",jocelyn.tandrian
722,361,ANA (IF),"2023-04-13 13:28:10",jocelyn.tandrian,english,"2023-04-13 13:28:10",jocelyn.tandrian
723,362,Kolinesterase (CHE),"2023-04-13 13:34:22",dwi.rahmawati,bahasa_indonesia,"2023-04-13 13:34:22",dwi.rahmawati
724,362,Cholinesterase (CHE),"2023-04-13 13:34:22",dwi.rahmawati,english,"2023-04-13 13:34:22",dwi.rahmawati
725,363,Vitamin B12,"2023-04-13 13:36:18",jocelyn.tandrian,bahasa_indonesia,"2023-04-13 13:36:18",jocelyn.tandrian
726,363,Vitamin B12,"2023-04-13 13:36:18",jocelyn.tandrian,english,"2023-04-13 13:36:18",jocelyn.tandrian
727,364,Osteocalcin,"2023-04-13 13:38:59",jocelyn.tandrian,bahasa_indonesia,"2023-04-13 13:38:59",jocelyn.tandrian
728,364,Osteocalcin,"2023-04-13 13:38:59",jocelyn.tandrian,english,"2023-04-13 13:38:59",jocelyn.tandrian
729,365,Interleukin 6 (IL-6),"2023-04-13 13:39:46",dwi.rahmawati,bahasa_indonesia,"2023-04-13 13:39:46",dwi.rahmawati
730,365,Interleukin 6 (IL-6),"2023-04-13 13:39:46",dwi.rahmawati,english,"2023-04-13 13:39:46",dwi.rahmawati
731,366,Insulin Puasa,"2023-04-13 13:40:26",jocelyn.tandrian,bahasa_indonesia,"2023-04-13 13:40:26",jocelyn.tandrian
732,366,Fasting Insulin,"2023-04-13 13:40:26",jocelyn.tandrian,english,"2023-04-13 13:40:26",jocelyn.tandrian
733,367,Anti-Helicobacter pylori IgM,"2023-04-13 13:46:10",jocelyn.tandrian,english,"2023-04-13 13:46:10",jocelyn.tandrian
734,367,Anti-Helicobacter pylori IgM,"2023-04-13 13:46:10",jocelyn.tandrian,bahasa_indonesia,"2023-04-13 13:46:10",jocelyn.tandrian
735,368,Anti-Helicobacter pylori IgG,"2023-04-13 13:48:52",jocelyn.tandrian,bahasa_indonesia,"2023-04-13 13:48:52",jocelyn.tandrian
736,368,Anti-Helicobacter pylori IgG,"2023-04-13 13:48:52",jocelyn.tandrian,english,"2023-04-13 13:48:52",jocelyn.tandrian
737,369,CYFRA 21-1,"2023-04-13 13:50:39",jocelyn.tandrian,bahasa_indonesia,"2023-04-13 13:50:39",jocelyn.tandrian
738,369,CYFRA 21-1,"2023-04-13 13:50:39",jocelyn.tandrian,english,"2023-04-13 13:50:39",jocelyn.tandrian
739,370,Anti-Thyroglobulin (TgAb),"2023-04-13 13:52:53",jocelyn.tandrian,english,"2023-04-13 13:52:53",jocelyn.tandrian
740,370,Anti-Tiroglobulin (TgAb),"2023-04-13 13:52:53",jocelyn.tandrian,bahasa_indonesia,"2023-04-13 13:52:53",jocelyn.tandrian
741,371,Vitamin B12,"2023-04-13 14:58:29",jocelyn.tandrian,english,"2023-04-13 14:58:29",jocelyn.tandrian
742,371,Vitamin B12,"2023-04-13 14:58:29",jocelyn.tandrian,bahasa_indonesia,"2023-04-13 14:58:29",jocelyn.tandrian
743,372,Anti-Toxoplasma IgG,"2023-05-19 17:37:56",dwi.rahmawati,english,"2023-05-19 17:37:56",dwi.rahmawati
744,372,Anti-Toxoplasma IgG,"2023-05-19 17:37:56",dwi.rahmawati,bahasa_indonesia,"2023-05-19 17:37:56",dwi.rahmawati
745,373,Aviditas Anti-Toxoplasma IgG,"2023-05-19 18:19:07",dwi.rahmawati,bahasa_indonesia,"2023-05-19 18:19:07",dwi.rahmawati
746,373,Anti-Toxoplasma IgG Avidity,"2023-05-19 18:19:07",dwi.rahmawati,english,"2023-05-19 18:19:07",dwi.rahmawati
747,374,Anti-Toxoplasma IgG,"2023-05-19 18:19:25",dwi.rahmawati,bahasa_indonesia,"2023-05-19 18:19:25",dwi.rahmawati
748,374,Anti-Toxoplasma IgG,"2023-05-19 18:19:25",dwi.rahmawati,english,"2023-05-19 18:19:25",dwi.rahmawati
749,375,Aviditas Anti-Cytomegalovirus (CMV) IgG,"2023-05-19 18:26:15",dwi.rahmawati,bahasa_indonesia,"2023-05-19 18:26:15",dwi.rahmawati
750,375,Anti-Cytomegalovirus (CMV) IgG Avidity,"2023-05-19 18:26:15",dwi.rahmawati,english,"2023-05-19 18:26:15",dwi.rahmawati
751,376,Anti-Cytomegalovirus (CMV) IgG,"2023-05-19 18:27:29",dwi.rahmawati,bahasa_indonesia,"2023-05-19 18:27:29",dwi.rahmawati
752,376,Anti-Cytomegalovirus (CMV) IgG,"2023-05-19 18:27:29",dwi.rahmawati,english,"2023-05-19 18:27:29",dwi.rahmawati
753,377,Hapusan Darah Tepi,"2023-05-22 17:08:48",jocelyn.tandrian,bahasa_indonesia,"2023-05-22 17:08:48",jocelyn.tandrian
754,377,Peripheral Blood Smear,"2023-05-22 17:08:48",jocelyn.tandrian,english,"2023-05-22 17:08:48",jocelyn.tandrian
755,378,Rheumatoid Factor (RF),"2023-05-29 14:53:15",nabila.sauzan,english,"2023-05-29 14:53:15",nabila.sauzan
756,378,Rheumatoid Factor (RF),"2023-05-29 14:53:15",nabila.sauzan,bahasa_indonesia,"2023-05-29 14:53:15",nabila.sauzan
757,379,ANA Profile,"2023-05-29 15:04:49",jocelyn.tandrian,english,"2023-05-29 15:04:49",jocelyn.tandrian
758,379,Profil ANA,"2023-05-29 15:04:49",jocelyn.tandrian,bahasa_indonesia,"2023-05-29 15:04:49",jocelyn.tandrian
759,380,Body Weight,"2023-05-29 18:12:15",nabila.sauzan,english,"2023-05-29 20:35:35",audhy.prabowo
760,380,Berat Badan,"2023-05-29 18:12:15",nabila.sauzan,bahasa_indonesia,"2023-05-29 20:35:35",audhy.prabowo
761,381,Systolic Blood Pressure,"2023-05-29 18:18:30",nabila.sauzan,english,"2023-05-29 20:44:09",audhy.prabowo
762,381,Tekanan Darah Sistolik,"2023-05-29 18:18:30",nabila.sauzan,bahasa_indonesia,"2023-05-29 20:44:09",audhy.prabowo
763,382,Body Height,"2023-05-29 20:35:34",audhy.prabowo,english,"2023-05-29 20:35:34",audhy.prabowo
764,382,Tinggi Badan,"2023-05-29 20:35:34",audhy.prabowo,bahasa_indonesia,"2023-05-29 20:35:34",audhy.prabowo
765,383,Tekanan Darah Diastolik,"2023-05-29 20:44:09",audhy.prabowo,bahasa_indonesia,"2023-05-29 20:44:09",audhy.prabowo
766,383,Diastolic Blood Pressure,"2023-05-29 20:44:09",audhy.prabowo,english,"2023-05-29 20:44:09",audhy.prabowo
767,384,BMI,"2023-05-29 21:23:56",audhy.prabowo,english,"2023-05-29 21:23:56",audhy.prabowo
768,384,IMT,"2023-05-29 21:23:56",audhy.prabowo,bahasa_indonesia,"2023-05-29 21:23:56",audhy.prabowo
769,385,Body Weight,"2023-06-05 10:45:39",audhy.prabowo,english,"2023-06-05 10:45:39",audhy.prabowo
770,385,Berat Badan,"2023-06-05 10:45:39",audhy.prabowo,bahasa_indonesia,"2023-06-05 10:45:39",audhy.prabowo
771,386,Body Height,"2023-06-05 10:45:39",audhy.prabowo,english,"2023-06-05 10:45:39",audhy.prabowo
772,386,Tinggi Badan,"2023-06-05 10:45:39",audhy.prabowo,bahasa_indonesia,"2023-06-05 10:45:39",audhy.prabowo
773,387,Body Mass Index,"2023-06-05 10:45:39",audhy.prabowo,english,"2023-06-05 16:03:23",nabila.sauzan
774,387,Indeks Massa Tubuh,"2023-06-05 10:45:39",audhy.prabowo,bahasa_indonesia,"2023-06-05 16:03:23",nabila.sauzan
775,388,Systolic Blood Pressure,"2023-06-05 10:45:39",audhy.prabowo,english,"2023-06-05 10:45:39",audhy.prabowo
776,388,Tekanan Darah Sistolik,"2023-06-05 10:45:39",audhy.prabowo,bahasa_indonesia,"2023-06-05 10:45:39",audhy.prabowo
777,389,Diastolyc Blood Pressure,"2023-06-05 10:45:39",audhy.prabowo,english,"2023-06-05 10:45:39",audhy.prabowo
778,389,Tekanan Darah Diastolik,"2023-06-05 10:45:39",audhy.prabowo,bahasa_indonesia,"2023-06-05 10:45:39",audhy.prabowo
779,390,Breath frequency,"2023-06-05 11:57:09",nabila.sauzan,english,"2023-06-05 11:57:09",nabila.sauzan
780,390,Frekuensi Nafas,"2023-06-05 11:57:09",nabila.sauzan,bahasa_indonesia,"2023-06-05 11:57:09",nabila.sauzan
781,391,BMI,"2023-06-05 11:57:09",nabila.sauzan,english,"2023-06-05 11:57:09",nabila.sauzan
782,391,BMI,"2023-06-05 11:57:09",nabila.sauzan,bahasa_indonesia,"2023-06-05 11:57:09",nabila.sauzan
783,392,Systolic blood pressure,"2023-06-05 11:57:09",nabila.sauzan,english,"2023-06-05 11:57:09",nabila.sauzan
784,392,Tekanan Darah SIstolik,"2023-06-05 11:57:09",nabila.sauzan,bahasa_indonesia,"2023-06-05 11:57:09",nabila.sauzan
785,393,Body temperature,"2023-06-05 11:57:09",nabila.sauzan,english,"2023-06-05 11:57:09",nabila.sauzan
786,393,Suhu Badan,"2023-06-05 11:57:09",nabila.sauzan,bahasa_indonesia,"2023-06-05 11:57:09",nabila.sauzan
787,394, Weight,"2023-06-05 11:57:09",nabila.sauzan,english,"2023-06-05 11:57:09",nabila.sauzan
788,394, Berat Badan,"2023-06-05 11:57:09",nabila.sauzan,bahasa_indonesia,"2023-06-05 11:57:09",nabila.sauzan
789,395,Height,"2023-06-05 11:57:09",nabila.sauzan,english,"2023-06-05 11:57:09",nabila.sauzan
790,395,Tinggi Badan,"2023-06-05 11:57:09",nabila.sauzan,bahasa_indonesia,"2023-06-05 11:57:09",nabila.sauzan
791,396,Pulse frequency,"2023-06-05 11:57:09",nabila.sauzan,english,"2023-06-05 11:57:09",nabila.sauzan
792,396,Frekuensi Nadi,"2023-06-05 11:57:09",nabila.sauzan,bahasa_indonesia,"2023-06-05 11:57:09",nabila.sauzan
793,397,Diastolic blood pressure,"2023-06-05 11:57:09",nabila.sauzan,english,"2023-06-05 11:57:09",nabila.sauzan
794,397,Tekanan Darah DIastolik,"2023-06-05 11:57:09",nabila.sauzan,bahasa_indonesia,"2023-06-05 11:57:09",nabila.sauzan
795,398,Left vision,"2023-06-05 11:59:51",nabila.sauzan,english,"2023-06-05 11:59:51",nabila.sauzan
796,398,Visus Kiri,"2023-06-05 11:59:51",nabila.sauzan,bahasa_indonesia,"2023-06-05 11:59:51",nabila.sauzan
797,399,Know colors,"2023-06-05 11:59:51",nabila.sauzan,english,"2023-06-05 11:59:51",nabila.sauzan
798,399,Kenal Warna,"2023-06-05 11:59:51",nabila.sauzan,bahasa_indonesia,"2023-06-05 11:59:51",nabila.sauzan
799,400,Right vision,"2023-06-05 11:59:51",nabila.sauzan,english,"2023-06-05 11:59:51",nabila.sauzan
800,400,Visus Kanan,"2023-06-05 11:59:51",nabila.sauzan,bahasa_indonesia,"2023-06-05 11:59:51",nabila.sauzan
801,401,Conjunctiva - Sklera,"2023-06-05 11:59:51",nabila.sauzan,english,"2023-06-05 11:59:51",nabila.sauzan
802,401,Konjungtiva - Sklera,"2023-06-05 11:59:51",nabila.sauzan,bahasa_indonesia,"2023-06-05 11:59:51",nabila.sauzan
803,402,Nose,"2023-06-05 12:04:28",nabila.sauzan,english,"2023-06-05 12:04:28",nabila.sauzan
804,402,Hidung,"2023-06-05 12:04:28",nabila.sauzan,bahasa_indonesia,"2023-06-05 12:04:28",nabila.sauzan
805,403,Throat,"2023-06-05 12:04:28",nabila.sauzan,english,"2023-06-05 12:04:28",nabila.sauzan
806,403,Tenggorokan,"2023-06-05 12:04:28",nabila.sauzan,bahasa_indonesia,"2023-06-05 12:04:28",nabila.sauzan
807,404,Ear,"2023-06-05 12:04:28",nabila.sauzan,english,"2023-06-05 12:04:28",nabila.sauzan
808,404,Telinga,"2023-06-05 12:04:28",nabila.sauzan,bahasa_indonesia,"2023-06-05 12:04:28",nabila.sauzan
809,405,Oral cavity and teeth,"2023-06-05 12:05:13",nabila.sauzan,english,"2023-06-05 12:05:13",nabila.sauzan
810,405,Rongga Mulut dan Gigi,"2023-06-05 12:05:13",nabila.sauzan,bahasa_indonesia,"2023-06-05 12:05:13",nabila.sauzan
811,406,Jantung,"2023-06-05 12:07:02",nabila.sauzan,english,"2023-06-05 12:07:02",nabila.sauzan
812,406,Heart,"2023-06-05 12:07:02",nabila.sauzan,bahasa_indonesia,"2023-06-05 12:07:02",nabila.sauzan
813,407,Lungs,"2023-06-05 12:07:02",nabila.sauzan,english,"2023-06-05 12:07:02",nabila.sauzan
814,407,Paru,"2023-06-05 12:07:02",nabila.sauzan,bahasa_indonesia,"2023-06-05 12:07:02",nabila.sauzan
815,408,Height,"2023-06-05 13:08:36",nabila.sauzan,english,"2023-06-05 13:08:36",nabila.sauzan
816,408,Tinggi Badan,"2023-06-05 13:08:36",nabila.sauzan,bahasa_indonesia,"2023-06-05 13:08:36",nabila.sauzan
817,409,Diastolic blood pressure,"2023-06-05 13:08:36",nabila.sauzan,english,"2023-06-05 13:08:36",nabila.sauzan
818,409,Tekanan Darah DIastolik,"2023-06-05 13:08:36",nabila.sauzan,bahasa_indonesia,"2023-06-05 13:08:36",nabila.sauzan
819,410,Body temperature,"2023-06-05 13:08:36",nabila.sauzan,english,"2023-06-05 13:08:36",nabila.sauzan
820,410,Suhu Badan,"2023-06-05 13:08:36",nabila.sauzan,bahasa_indonesia,"2023-06-05 13:08:36",nabila.sauzan
821,411, Weight,"2023-06-05 13:08:36",nabila.sauzan,english,"2023-06-05 13:08:36",nabila.sauzan
822,411, Berat Badan,"2023-06-05 13:08:36",nabila.sauzan,bahasa_indonesia,"2023-06-05 13:08:36",nabila.sauzan
823,412,BMI,"2023-06-05 13:08:36",nabila.sauzan,english,"2023-06-05 13:08:36",nabila.sauzan
824,412,BMI,"2023-06-05 13:08:36",nabila.sauzan,bahasa_indonesia,"2023-06-05 13:08:36",nabila.sauzan
825,413,Breath frequency,"2023-06-05 13:08:36",nabila.sauzan,english,"2023-06-05 13:08:36",nabila.sauzan
826,413,Frekuensi Nafas,"2023-06-05 13:08:36",nabila.sauzan,bahasa_indonesia,"2023-06-05 13:08:36",nabila.sauzan
827,414,Pulse frequency,"2023-06-05 13:08:36",nabila.sauzan,english,"2023-06-05 13:08:36",nabila.sauzan
828,414,Frekuensi Nadi,"2023-06-05 13:08:36",nabila.sauzan,bahasa_indonesia,"2023-06-05 13:08:36",nabila.sauzan
829,415,Systolic blood pressure,"2023-06-05 13:08:36",nabila.sauzan,english,"2023-06-05 13:08:36",nabila.sauzan
830,415,Tekanan Darah SIstolik,"2023-06-05 13:08:36",nabila.sauzan,bahasa_indonesia,"2023-06-05 13:08:36",nabila.sauzan
831,416,Pulse Frequency,"2023-06-05 13:20:14",nabila.sauzan,english,"2023-06-06 12:05:16",nabila.sauzan
832,416,Frekuensi Nadi,"2023-06-05 13:20:14",nabila.sauzan,bahasa_indonesia,"2023-06-05 13:20:14",nabila.sauzan
833,417,Body Temperature,"2023-06-05 13:20:14",nabila.sauzan,english,"2023-06-06 13:54:04",nabila.sauzan
834,417,Suhu Badan,"2023-06-05 13:20:14",nabila.sauzan,bahasa_indonesia,"2023-06-05 13:20:14",nabila.sauzan
835,418,Breath Frequency,"2023-06-05 13:20:14",nabila.sauzan,english,"2023-06-06 13:54:04",nabila.sauzan
836,418,Frekuensi Nafas,"2023-06-05 13:20:14",nabila.sauzan,bahasa_indonesia,"2023-06-05 13:20:14",nabila.sauzan
837,419,Know Colors,"2023-06-05 13:22:12",nabila.sauzan,english,"2023-06-06 13:41:28",nabila.sauzan
838,419,Kenal Warna,"2023-06-05 13:22:12",nabila.sauzan,bahasa_indonesia,"2023-06-05 13:22:12",nabila.sauzan
839,420,Left Vision,"2023-06-05 13:22:12",nabila.sauzan,english,"2023-06-06 13:41:28",nabila.sauzan
840,420,Visus Kiri,"2023-06-05 13:22:12",nabila.sauzan,bahasa_indonesia,"2023-06-05 13:22:12",nabila.sauzan
841,421,Right Vision,"2023-06-05 13:22:12",nabila.sauzan,english,"2023-06-06 13:41:28",nabila.sauzan
842,421,Visus Kanan,"2023-06-05 13:22:12",nabila.sauzan,bahasa_indonesia,"2023-06-05 13:22:12",nabila.sauzan
843,422,Conjunctiva - Sklera,"2023-06-05 13:22:12",nabila.sauzan,english,"2023-06-05 13:22:12",nabila.sauzan
844,422,Konjungtiva - Sklera,"2023-06-05 13:22:12",nabila.sauzan,bahasa_indonesia,"2023-06-05 13:22:12",nabila.sauzan
845,423,Ear,"2023-06-05 13:24:00",nabila.sauzan,english,"2023-06-05 13:24:00",nabila.sauzan
846,423,Telinga,"2023-06-05 13:24:00",nabila.sauzan,bahasa_indonesia,"2023-06-05 13:24:00",nabila.sauzan
847,424,Nose,"2023-06-05 13:24:00",nabila.sauzan,english,"2023-06-05 13:24:00",nabila.sauzan
848,424,Hidung,"2023-06-05 13:24:00",nabila.sauzan,bahasa_indonesia,"2023-06-05 13:24:00",nabila.sauzan
849,425,Throat,"2023-06-05 13:24:00",nabila.sauzan,english,"2023-06-05 16:05:30",nabila.sauzan
850,425,Tenggorokan,"2023-06-05 13:24:00",nabila.sauzan,bahasa_indonesia,"2023-06-05 16:05:30",nabila.sauzan
851,426,Oral Cavity and Teeth,"2023-06-05 13:26:49",nabila.sauzan,english,"2023-06-06 13:42:02",nabila.sauzan
852,426,Rongga Mulut dan Gigi,"2023-06-05 13:26:49",nabila.sauzan,bahasa_indonesia,"2023-06-05 13:26:49",nabila.sauzan
853,427,Jantung,"2023-06-05 13:28:10",nabila.sauzan,english,"2023-06-05 13:28:10",nabila.sauzan
854,427,Heart,"2023-06-05 13:28:10",nabila.sauzan,bahasa_indonesia,"2023-06-05 13:28:10",nabila.sauzan
855,428,Lungs,"2023-06-05 13:28:10",nabila.sauzan,english,"2023-06-05 13:28:10",nabila.sauzan
856,428,Paru,"2023-06-05 13:28:10",nabila.sauzan,bahasa_indonesia,"2023-06-05 13:28:10",nabila.sauzan
857,429,Abdomen,"2023-06-05 13:30:02",nabila.sauzan,english,"2023-06-05 13:30:02",nabila.sauzan
858,429,Abdomen,"2023-06-05 13:30:02",nabila.sauzan,bahasa_indonesia,"2023-06-05 13:30:02",nabila.sauzan
859,430,Kidney,"2023-06-05 13:30:02",nabila.sauzan,english,"2023-06-05 13:30:02",nabila.sauzan
860,430,Ginjal,"2023-06-05 13:30:02",nabila.sauzan,bahasa_indonesia,"2023-06-05 13:30:02",nabila.sauzan
861,431,Hernia,"2023-06-05 13:30:02",nabila.sauzan,english,"2023-06-05 13:30:02",nabila.sauzan
862,431,Hernia,"2023-06-05 13:30:02",nabila.sauzan,bahasa_indonesia,"2023-06-05 13:30:02",nabila.sauzan
863,432,Skin,"2023-06-05 13:30:46",nabila.sauzan,english,"2023-06-05 13:30:46",nabila.sauzan
864,432,Kulit,"2023-06-05 13:30:46",nabila.sauzan,bahasa_indonesia,"2023-06-05 13:30:46",nabila.sauzan
865,433,Anogenital,"2023-06-05 13:31:28",nabila.sauzan,english,"2023-06-05 13:31:28",nabila.sauzan
866,433,Anogenital,"2023-06-05 13:31:28",nabila.sauzan,bahasa_indonesia,"2023-06-05 13:31:28",nabila.sauzan
867,434,Extremity,"2023-06-05 13:32:11",nabila.sauzan,english,"2023-06-05 13:32:12",nabila.sauzan
868,434,Extremitas,"2023-06-05 13:32:11",nabila.sauzan,bahasa_indonesia,"2023-06-05 13:32:12",nabila.sauzan
869,435,Spine,"2023-06-05 13:32:50",nabila.sauzan,english,"2023-06-06 12:24:07",jocelyn.tandrian
870,435,Tulang belakang,"2023-06-05 13:32:50",nabila.sauzan,bahasa_indonesia,"2023-06-06 12:24:07",jocelyn.tandrian
871,436,Pathological reflexes,"2023-06-05 13:33:54",nabila.sauzan,english,"2023-06-05 13:33:54",nabila.sauzan
872,436,Refleks Patologis,"2023-06-05 13:33:54",nabila.sauzan,bahasa_indonesia,"2023-06-05 13:33:54",nabila.sauzan
873,437,Physiological reflex,"2023-06-05 13:33:54",nabila.sauzan,english,"2023-06-05 13:33:54",nabila.sauzan
874,437,Refleks Fisiologis,"2023-06-05 13:33:54",nabila.sauzan,bahasa_indonesia,"2023-06-05 13:33:54",nabila.sauzan
875,438,Suggestion,"2023-06-05 14:20:03",nabila.sauzan,english,"2023-06-05 14:20:03",nabila.sauzan
876,438,Saran,"2023-06-05 14:20:03",nabila.sauzan,bahasa_indonesia,"2023-06-05 14:20:03",nabila.sauzan
877,439,Impression,"2023-06-05 14:20:03",nabila.sauzan,english,"2023-06-05 14:20:03",nabila.sauzan
878,439,Kesan,"2023-06-05 14:20:03",nabila.sauzan,bahasa_indonesia,"2023-06-05 14:20:03",nabila.sauzan
879,440,FITNESS CATEGORY,"2023-06-05 14:31:57",nabila.sauzan,english,"2023-06-07 03:02:40",nabila.sauzan
880,440,FITNESS CATEGORY,"2023-06-05 14:31:57",nabila.sauzan,bahasa_indonesia,"2023-06-07 03:02:40",nabila.sauzan
881,441,SUGGESTION,"2023-06-05 14:31:57",nabila.sauzan,english,"2023-06-07 03:02:40",nabila.sauzan
882,441,SARAN,"2023-06-05 14:31:57",nabila.sauzan,bahasa_indonesia,"2023-06-07 03:02:40",nabila.sauzan
883,442,MCU CONCLUSION,"2023-06-05 14:31:57",nabila.sauzan,english,"2023-08-29 11:18:25",audhy.prabowo
884,442,KESIMPULAN MCU,"2023-06-05 14:31:57",nabila.sauzan,bahasa_indonesia,"2023-06-07 18:42:07",novi
885,443,Complaints,"2023-06-05 14:42:07",nabila.sauzan,english,"2023-06-07 02:50:00",nabila.sauzan
886,443,Keluhan,"2023-06-05 14:42:07",nabila.sauzan,bahasa_indonesia,"2023-06-05 14:42:07",nabila.sauzan
887,444,Past Medical History,"2023-06-05 14:42:36",nabila.sauzan,english,"2023-06-05 16:16:16",nabila.sauzan
888,444,Riwayat Penyakit Dahulu,"2023-06-05 14:42:36",nabila.sauzan,bahasa_indonesia,"2023-06-05 14:42:36",nabila.sauzan
889,445,Employment History,"2023-06-05 14:42:58",nabila.sauzan,english,"2023-06-05 16:16:22",nabila.sauzan
890,445,Riwayat Pekerjaan,"2023-06-05 14:42:58",nabila.sauzan,bahasa_indonesia,"2023-06-05 14:42:58",nabila.sauzan
891,446,History of Mother's Disease,"2023-06-05 14:44:10",nabila.sauzan,english,"2023-06-05 14:44:10",nabila.sauzan
892,446,Riwayat Penyakit Ibu,"2023-06-05 14:44:10",nabila.sauzan,bahasa_indonesia,"2023-06-05 14:44:10",nabila.sauzan
893,447,History of Father's Disease,"2023-06-05 14:44:10",nabila.sauzan,english,"2023-06-05 14:44:10",nabila.sauzan
894,447,Riwayat Penyakit Ayah,"2023-06-05 14:44:10",nabila.sauzan,bahasa_indonesia,"2023-06-05 14:44:10",nabila.sauzan
895,448,Allergy,"2023-06-05 14:44:38",nabila.sauzan,english,"2023-06-05 14:44:38",nabila.sauzan
896,448,Alergi,"2023-06-05 14:44:38",nabila.sauzan,bahasa_indonesia,"2023-06-05 14:44:38",nabila.sauzan
897,449,Smoking Habit,"2023-06-05 14:45:01",nabila.sauzan,english,"2023-06-05 16:16:46",nabila.sauzan
898,449,Kebiasaan Merokok,"2023-06-05 14:45:01",nabila.sauzan,bahasa_indonesia,"2023-06-05 14:45:01",nabila.sauzan
899,450,Alcohol Habits,"2023-06-05 14:45:24",nabila.sauzan,english,"2023-06-05 16:16:51",nabila.sauzan
900,450,Kebiasaan Alkohol,"2023-06-05 14:45:24",nabila.sauzan,bahasa_indonesia,"2023-06-05 14:45:24",nabila.sauzan
901,451,Sports Habits,"2023-06-05 14:45:48",nabila.sauzan,english,"2023-06-05 16:16:58",nabila.sauzan
902,451,Kebiasaan Olahraga,"2023-06-05 14:45:48",nabila.sauzan,bahasa_indonesia,"2023-06-05 14:45:48",nabila.sauzan
903,452,ECG,"2023-06-05 15:42:00",nabila.sauzan,english,"2023-06-05 15:42:00",nabila.sauzan
904,452,EKG,"2023-06-05 15:42:00",nabila.sauzan,bahasa_indonesia,"2023-06-05 15:42:00",nabila.sauzan
905,453,X-Ray,"2023-06-05 15:42:30",nabila.sauzan,english,"2023-06-05 15:42:30",nabila.sauzan
906,453,X-Ray,"2023-06-05 15:42:30",nabila.sauzan,bahasa_indonesia,"2023-06-05 15:42:30",nabila.sauzan
907,454,Impression,"2023-06-05 15:43:19",nabila.sauzan,english,"2023-06-05 15:43:19",nabila.sauzan
908,454,Kesan,"2023-06-05 15:43:19",nabila.sauzan,bahasa_indonesia,"2023-06-05 15:43:19",nabila.sauzan
909,455,Suggestion,"2023-06-05 15:43:39",nabila.sauzan,english,"2023-06-05 15:43:39",nabila.sauzan
910,455,Saran,"2023-06-05 15:43:39",nabila.sauzan,bahasa_indonesia,"2023-06-05 15:43:39",nabila.sauzan
911,456,Chest,"2023-06-05 16:09:24",nabila.sauzan,english,"2023-06-05 16:09:24",nabila.sauzan
912,456,Dada,"2023-06-05 16:09:24",nabila.sauzan,bahasa_indonesia,"2023-06-05 16:09:24",nabila.sauzan
913,457,Total Cholesterol,"2023-06-07 03:22:28",nabila.sauzan,english,"2023-06-07 03:22:28",nabila.sauzan
914,457,Kolesterol Total,"2023-06-07 03:22:28",nabila.sauzan,bahasa_indonesia,"2023-06-07 03:22:28",nabila.sauzan
915,458,LDL Cholesterol - Direct,"2023-06-07 03:22:28",nabila.sauzan,english,"2023-06-07 03:22:28",nabila.sauzan
916,458,Kolesterol LDL - Direk,"2023-06-07 03:22:28",nabila.sauzan,bahasa_indonesia,"2023-06-07 03:22:28",nabila.sauzan
917,459,HDL Cholesterol,"2023-06-07 03:22:28",nabila.sauzan,english,"2023-06-07 03:22:28",nabila.sauzan
918,459,Kolesterol HDL,"2023-06-07 03:22:28",nabila.sauzan,bahasa_indonesia,"2023-06-07 03:22:28",nabila.sauzan
919,460,Triglyceride,"2023-06-07 03:22:28",nabila.sauzan,english,"2023-06-07 03:22:28",nabila.sauzan
920,460,Trigliserida,"2023-06-07 03:22:28",nabila.sauzan,bahasa_indonesia,"2023-06-07 03:22:28",nabila.sauzan
921,461,HbA1c,"2023-06-07 03:24:32",nabila.sauzan,english,"2023-06-07 03:24:32",nabila.sauzan
922,461,HbA1c,"2023-06-07 03:24:32",nabila.sauzan,bahasa_indonesia,"2023-06-07 03:24:32",nabila.sauzan
923,462,Fasting Blood Glucose,"2023-06-07 03:24:32",nabila.sauzan,english,"2023-06-07 03:24:32",nabila.sauzan
924,462,Gula Darah Puasa,"2023-06-07 03:24:32",nabila.sauzan,bahasa_indonesia,"2023-06-07 03:24:32",nabila.sauzan
925,463,Uric Acid,"2023-06-07 03:28:02",nabila.sauzan,english,"2023-06-07 03:28:02",nabila.sauzan
926,463,Asam Urat,"2023-06-07 03:28:02",nabila.sauzan,bahasa_indonesia,"2023-06-07 03:28:02",nabila.sauzan
927,464,Berat Jenis,"2023-06-07 03:43:21",nabila.sauzan,bahasa_indonesia,"2023-06-07 03:43:22",nabila.sauzan
928,464,Specific Gravity,"2023-06-07 03:43:21",nabila.sauzan,english,"2023-06-07 03:43:22",nabila.sauzan
929,465,Epitel Skuamus,"2023-06-07 03:43:21",nabila.sauzan,bahasa_indonesia,"2023-06-07 03:43:22",nabila.sauzan
930,465,Squamous Epithelial,"2023-06-07 03:43:21",nabila.sauzan,english,"2023-06-07 03:43:22",nabila.sauzan
931,466,Urobilinogen,"2023-06-07 03:43:21",nabila.sauzan,bahasa_indonesia,"2023-06-07 03:43:22",nabila.sauzan
932,466,Urobilinogen,"2023-06-07 03:43:21",nabila.sauzan,english,"2023-06-07 03:43:22",nabila.sauzan
933,467,Glukosa,"2023-06-07 03:43:21",nabila.sauzan,bahasa_indonesia,"2023-06-07 03:43:22",nabila.sauzan
934,467,Glucose,"2023-06-07 03:43:21",nabila.sauzan,english,"2023-06-07 03:43:22",nabila.sauzan
935,468,pH,"2023-06-07 03:43:21",nabila.sauzan,bahasa_indonesia,"2023-06-07 03:43:22",nabila.sauzan
936,468,pH,"2023-06-07 03:43:21",nabila.sauzan,english,"2023-06-07 03:43:22",nabila.sauzan
937,469,Jamur,"2023-06-07 03:43:21",nabila.sauzan,bahasa_indonesia,"2023-06-07 03:43:22",nabila.sauzan
938,469,Yeast,"2023-06-07 03:43:21",nabila.sauzan,english,"2023-06-07 03:43:22",nabila.sauzan
939,470,Darah / Eritrosit,"2023-06-07 03:43:21",nabila.sauzan,bahasa_indonesia,"2023-06-07 03:43:22",nabila.sauzan
940,470,Blood / Erythrocytes,"2023-06-07 03:43:21",nabila.sauzan,english,"2023-06-07 03:43:22",nabila.sauzan
941,471,Leukosit,"2023-06-07 03:43:21",nabila.sauzan,bahasa_indonesia,"2023-06-07 03:43:22",nabila.sauzan
942,471,Leukocytes,"2023-06-07 03:43:21",nabila.sauzan,english,"2023-06-07 03:43:22",nabila.sauzan
943,472,Eritrosit,"2023-06-07 03:43:21",nabila.sauzan,bahasa_indonesia,"2023-06-07 03:43:22",nabila.sauzan
944,472,Erythrocytes,"2023-06-07 03:43:21",nabila.sauzan,english,"2023-06-07 03:43:22",nabila.sauzan
945,473,Warna,"2023-06-07 03:43:21",nabila.sauzan,bahasa_indonesia,"2023-06-07 03:43:22",nabila.sauzan
946,473,Color,"2023-06-07 03:43:21",nabila.sauzan,english,"2023-06-07 03:43:22",nabila.sauzan
947,474,Keton,"2023-06-07 03:43:21",nabila.sauzan,bahasa_indonesia,"2023-06-07 03:43:22",nabila.sauzan
948,474,Ketones,"2023-06-07 03:43:21",nabila.sauzan,english,"2023-06-07 03:43:22",nabila.sauzan
949,475,Bilirubin,"2023-06-07 03:43:22",nabila.sauzan,bahasa_indonesia,"2023-06-07 03:43:22",nabila.sauzan
950,475,Bilirubin,"2023-06-07 03:43:22",nabila.sauzan,english,"2023-06-07 03:43:22",nabila.sauzan
951,476,Kristal,"2023-06-07 03:43:22",nabila.sauzan,bahasa_indonesia,"2023-06-07 03:43:22",nabila.sauzan
952,476,Crystal,"2023-06-07 03:43:22",nabila.sauzan,english,"2023-06-07 03:43:22",nabila.sauzan
953,477,Bakteri,"2023-06-07 03:43:22",nabila.sauzan,bahasa_indonesia,"2023-06-07 03:43:22",nabila.sauzan
954,477,Bacteria,"2023-06-07 03:43:22",nabila.sauzan,english,"2023-06-07 03:43:22",nabila.sauzan
955,478,Leukosit Esterase,"2023-06-07 03:43:22",nabila.sauzan,bahasa_indonesia,"2023-06-07 03:43:22",nabila.sauzan
956,478,Leukocyte Esterase,"2023-06-07 03:43:22",nabila.sauzan,english,"2023-06-07 03:43:22",nabila.sauzan
957,479,Protein,"2023-06-07 03:43:22",nabila.sauzan,bahasa_indonesia,"2023-06-07 03:43:22",nabila.sauzan
958,479,Protein,"2023-06-07 03:43:22",nabila.sauzan,english,"2023-06-07 03:43:22",nabila.sauzan
959,480,Nitrit,"2023-06-07 03:43:22",nabila.sauzan,bahasa_indonesia,"2023-06-07 03:43:22",nabila.sauzan
960,480,Nitrite,"2023-06-07 03:43:22",nabila.sauzan,english,"2023-06-07 03:43:22",nabila.sauzan
961,481,Lain-Lain,"2023-06-07 03:43:22",nabila.sauzan,bahasa_indonesia,"2023-06-07 03:43:22",nabila.sauzan
962,481,Other,"2023-06-07 03:43:22",nabila.sauzan,english,"2023-06-07 03:43:22",nabila.sauzan
963,482,Kejernihan,"2023-06-07 03:43:22",nabila.sauzan,bahasa_indonesia,"2023-06-07 03:43:22",nabila.sauzan
964,482,Clarity,"2023-06-07 03:43:22",nabila.sauzan,english,"2023-06-07 03:43:22",nabila.sauzan
965,483,Silinder,"2023-06-07 03:43:22",nabila.sauzan,bahasa_indonesia,"2023-06-07 03:43:22",nabila.sauzan
966,483,Cast,"2023-06-07 03:43:22",nabila.sauzan,english,"2023-06-07 03:43:22",nabila.sauzan
967,484,Kesimpulan EKG,"2023-06-07 11:18:11",audhy.prabowo,bahasa_indonesia,"2023-08-29 11:16:39",audhy.prabowo
968,484,ECG Summary,"2023-06-07 11:18:11",audhy.prabowo,english,"2023-08-29 11:16:39",audhy.prabowo
969,485,DELETED,"2023-06-07 11:24:08",audhy.prabowo,english,"2023-06-07 11:25:58",audhy.prabowo
970,485,DELETED,"2023-06-07 11:24:08",audhy.prabowo,bahasa_indonesia,"2023-06-07 11:25:58",audhy.prabowo
971,486,ECG Result,"2023-06-07 11:24:08",audhy.prabowo,english,"2023-06-08 11:35:58",audhy.prabowo
972,486,Hasil EKG,"2023-06-07 11:24:08",audhy.prabowo,bahasa_indonesia,"2023-06-07 16:30:16",novi
973,487,Hasil Rontgen Toraks,"2023-06-07 11:25:12",jocelyn.tandrian,bahasa_indonesia,"2023-08-29 11:12:24",audhy.prabowo
974,487,X-Ray Thorax Result,"2023-06-07 11:25:12",jocelyn.tandrian,english,"2023-08-29 11:12:24",audhy.prabowo
975,488,DELETED,"2023-06-07 11:25:50",jocelyn.tandrian,bahasa_indonesia,"2023-08-29 11:19:43",audhy.prabowo
976,488,DELETED,"2023-06-07 11:25:50",jocelyn.tandrian,english,"2023-08-29 11:19:43",audhy.prabowo
977,489,Keluhan Saat Ini,"2023-06-07 11:40:39",nabila.sauzan,bahasa_indonesia,"2023-06-07 11:40:39",nabila.sauzan
978,489,Present Complaint,"2023-06-07 11:40:39",nabila.sauzan,english,"2023-06-07 15:35:38",novi
979,490,History of Inpatient,"2023-06-07 11:48:49",nabila.sauzan,english,"2023-06-07 11:48:49",nabila.sauzan
980,490,Riwayat Rawat Inap,"2023-06-07 11:48:49",nabila.sauzan,bahasa_indonesia,"2023-06-07 11:48:49",nabila.sauzan
981,491,History of Operational / Surgery,"2023-06-07 11:48:49",nabila.sauzan,english,"2023-06-07 11:48:49",nabila.sauzan
982,491,Riwayat Rawat Operasi / Bedah,"2023-06-07 11:48:49",nabila.sauzan,bahasa_indonesia,"2023-06-07 11:48:49",nabila.sauzan
983,492,Seizure History,"2023-06-07 11:48:49",nabila.sauzan,english,"2023-06-07 11:48:49",nabila.sauzan
984,492,Riwayat Kejang,"2023-06-07 11:48:49",nabila.sauzan,bahasa_indonesia,"2023-06-07 11:48:49",nabila.sauzan
985,493,Drug Consumption History,"2023-06-07 11:48:49",nabila.sauzan,english,"2023-06-07 11:48:49",nabila.sauzan
986,493,Riwayat Konsumsi Obat,"2023-06-07 11:48:49",nabila.sauzan,bahasa_indonesia,"2023-06-07 11:48:49",nabila.sauzan
987,494,History of Haemorroid,"2023-06-07 11:48:49",nabila.sauzan,english,"2023-06-07 11:48:49",nabila.sauzan
988,494,Riwayat Haemorroid,"2023-06-07 11:48:49",nabila.sauzan,bahasa_indonesia,"2023-06-07 11:48:49",nabila.sauzan
989,495,Other,"2023-06-07 11:48:49",nabila.sauzan,english,"2023-06-07 11:48:49",nabila.sauzan
990,495,Lain-lain,"2023-06-07 11:48:49",nabila.sauzan,bahasa_indonesia,"2023-06-07 12:17:09",nabila.sauzan
991,496,History of Allergies,"2023-06-07 11:48:49",nabila.sauzan,english,"2023-06-07 11:48:49",nabila.sauzan
992,496,Riwayat Alergi,"2023-06-07 11:48:49",nabila.sauzan,bahasa_indonesia,"2023-06-07 11:48:49",nabila.sauzan
993,497,Diabetes Mellitus,"2023-06-07 11:48:49",nabila.sauzan,english,"2023-06-07 11:54:55",nabila.sauzan
994,497,Diabetes Mellitus,"2023-06-07 11:48:49",nabila.sauzan,bahasa_indonesia,"2023-06-07 11:54:55",nabila.sauzan
995,498,TB Treatment History,"2023-06-07 11:48:49",nabila.sauzan,english,"2023-06-07 11:48:49",nabila.sauzan
996,498,Riwayat Pengobatan TBC,"2023-06-07 11:48:49",nabila.sauzan,bahasa_indonesia,"2023-06-07 11:48:49",nabila.sauzan
997,499,Hernia History,"2023-06-07 11:48:49",nabila.sauzan,english,"2023-06-07 11:48:49",nabila.sauzan
998,499,Riwayat Hernia,"2023-06-07 11:48:49",nabila.sauzan,bahasa_indonesia,"2023-06-07 11:48:49",nabila.sauzan
999,500,Heart History,"2023-06-07 11:48:49",nabila.sauzan,english,"2023-06-07 11:48:49",nabila.sauzan
1000,500,Riwayat Jantung,"2023-06-07 11:48:49",nabila.sauzan,bahasa_indonesia,"2023-06-07 11:48:49",nabila.sauzan
1001,501,History of Hypertension,"2023-06-07 11:48:49",nabila.sauzan,english,"2023-06-07 11:48:49",nabila.sauzan
1002,501,Riwayat Hipertensi,"2023-06-07 11:48:49",nabila.sauzan,bahasa_indonesia,"2023-06-07 11:48:49",nabila.sauzan
1003,502,History of Hepatitis,"2023-06-07 11:48:49",nabila.sauzan,english,"2023-06-07 11:48:49",nabila.sauzan
1004,502,Riwayat Hepatitis,"2023-06-07 11:48:49",nabila.sauzan,bahasa_indonesia,"2023-06-07 11:48:49",nabila.sauzan
1005,503,Penyakit Diabetes Mellitus,"2023-06-07 11:53:14",nabila.sauzan,bahasa_indonesia,"2023-06-07 11:53:14",nabila.sauzan
1006,503,Diabetes Mellitus,"2023-06-07 11:53:14",nabila.sauzan,english,"2023-06-07 11:53:14",nabila.sauzan
1007,504,Penyakit Lainnya,"2023-06-07 11:53:14",nabila.sauzan,bahasa_indonesia,"2023-06-07 11:53:14",nabila.sauzan
1008,504,Other Diseases,"2023-06-07 11:53:14",nabila.sauzan,english,"2023-06-07 11:53:14",nabila.sauzan
1009,505,Penyakit Stroke,"2023-06-07 11:53:14",nabila.sauzan,bahasa_indonesia,"2023-06-07 11:53:14",nabila.sauzan
1010,505,Stroke,"2023-06-07 11:53:14",nabila.sauzan,english,"2023-06-07 11:53:14",nabila.sauzan
1011,506,Penyakit Jantung,"2023-06-07 11:53:14",nabila.sauzan,bahasa_indonesia,"2023-06-07 11:53:14",nabila.sauzan
1012,506,Heart Disease,"2023-06-07 11:53:14",nabila.sauzan,english,"2023-06-07 11:53:14",nabila.sauzan
1013,507,Penyakit Paru / Asma / TBC,"2023-06-07 11:53:14",nabila.sauzan,bahasa_indonesia,"2023-06-07 12:18:31",nabila.sauzan
1014,507,Pulmonary Disease / Asthma / Tuberculosis,"2023-06-07 11:53:14",nabila.sauzan,english,"2023-06-07 12:18:31",nabila.sauzan
1015,508,Penyakit Kanker / Tumor,"2023-06-07 11:53:14",nabila.sauzan,bahasa_indonesia,"2023-06-07 12:18:31",nabila.sauzan
1016,508,Cancer / Tumor,"2023-06-07 11:53:14",nabila.sauzan,english,"2023-06-07 12:18:31",nabila.sauzan
1017,509,Penyakit Darah Tinggi,"2023-06-07 11:53:14",nabila.sauzan,bahasa_indonesia,"2023-06-07 11:53:14",nabila.sauzan
1018,509,High Blood Pressure,"2023-06-07 11:53:14",nabila.sauzan,english,"2023-06-07 11:53:14",nabila.sauzan
1019,510,History of Work Accidents,"2023-06-07 11:57:44",nabila.sauzan,english,"2023-06-07 11:57:44",nabila.sauzan
1020,510,Riwayat Kecelakaan Kerja,"2023-06-07 11:57:44",nabila.sauzan,bahasa_indonesia,"2023-06-07 11:57:44",nabila.sauzan
1021,511,X-Ray Summary,"2023-06-07 12:03:36",dwi.rahmawati,english,"2023-08-29 11:17:05",audhy.prabowo
1022,511,Kesimpulan X-Ray,"2023-06-07 12:03:36",dwi.rahmawati,bahasa_indonesia,"2023-08-29 11:17:05",audhy.prabowo
1023,512,Mengelola Makanan,"2023-06-07 12:08:08",nabila.sauzan,bahasa_indonesia,"2023-06-07 16:08:59",novi
1024,512,Food Handler,"2023-06-07 12:08:08",nabila.sauzan,english,"2023-06-07 16:08:59",novi
1025,513,Jenis Pekerjaan,"2023-06-07 12:08:08",nabila.sauzan,bahasa_indonesia,"2023-06-07 12:08:08",nabila.sauzan
1026,513,Occupation Type,"2023-06-07 12:08:08",nabila.sauzan,english,"2023-06-07 16:08:59",novi
1027,514,Posisi Kerja,"2023-06-07 12:08:08",nabila.sauzan,bahasa_indonesia,"2023-06-07 12:08:08",nabila.sauzan
1028,514,Working Position,"2023-06-07 12:08:08",nabila.sauzan,english,"2023-06-07 16:13:36",novi
1029,515,Mendorong / Menarik,"2023-06-07 12:08:08",nabila.sauzan,bahasa_indonesia,"2023-06-07 12:08:08",nabila.sauzan
1030,515,Push / Pull Movement,"2023-06-07 12:08:08",nabila.sauzan,english,"2023-06-07 16:08:59",novi
1031,516,Paparan Zat Kimia,"2023-06-07 12:08:08",nabila.sauzan,bahasa_indonesia,"2023-06-07 12:08:08",nabila.sauzan
1032,516,Exposure to Chemical Substances,"2023-06-07 12:08:08",nabila.sauzan,english,"2023-06-07 16:08:59",novi
1033,517,Lain-lain,"2023-06-07 12:08:08",nabila.sauzan,bahasa_indonesia,"2023-06-07 12:17:27",nabila.sauzan
1034,517,Other,"2023-06-07 12:08:08",nabila.sauzan,english,"2023-06-07 12:17:27",nabila.sauzan
1035,518,Gerakan Berulang,"2023-06-07 12:08:08",nabila.sauzan,bahasa_indonesia,"2023-06-07 12:08:08",nabila.sauzan
1036,518,Repeated Movements,"2023-06-07 12:08:08",nabila.sauzan,english,"2023-06-07 12:08:08",nabila.sauzan
1037,519,Monitor Komputer,"2023-06-07 12:08:08",nabila.sauzan,bahasa_indonesia,"2023-06-07 12:08:08",nabila.sauzan
1038,519,Monitor / Screen Time,"2023-06-07 12:08:08",nabila.sauzan,english,"2023-06-07 16:08:59",novi
1039,520,Angkat Beban > 25Kg,"2023-06-07 12:08:08",nabila.sauzan,bahasa_indonesia,"2023-06-07 12:08:08",nabila.sauzan
1040,520,Lift Weights > 25Kg,"2023-06-07 12:08:08",nabila.sauzan,english,"2023-06-07 12:08:08",nabila.sauzan
1041,521,Proses Kerja,"2023-06-07 12:08:08",nabila.sauzan,bahasa_indonesia,"2023-06-07 12:08:08",nabila.sauzan
1042,521,Occupation Process,"2023-06-07 12:08:08",nabila.sauzan,english,"2023-06-07 16:08:59",novi
1043,522,Paparan Debu,"2023-06-07 12:08:08",nabila.sauzan,bahasa_indonesia,"2023-06-07 12:08:08",nabila.sauzan
1044,522,Exposure to Dust,"2023-06-07 12:08:08",nabila.sauzan,english,"2023-06-07 12:08:08",nabila.sauzan
1045,523,Paparan Bising,"2023-06-07 12:08:08",nabila.sauzan,bahasa_indonesia,"2023-06-07 12:08:08",nabila.sauzan
1046,523,Exposure to Noise,"2023-06-07 12:08:08",nabila.sauzan,english,"2023-06-07 12:08:08",nabila.sauzan
1047,524,Paparan Getaran,"2023-06-07 12:08:08",nabila.sauzan,bahasa_indonesia,"2023-06-07 12:08:08",nabila.sauzan
1048,524,Exposure to Vibration,"2023-06-07 12:08:08",nabila.sauzan,english,"2023-06-07 16:08:59",novi
1049,525,Suggestion,"2023-06-07 12:11:43",audhy.prabowo,english,"2023-06-07 12:11:43",audhy.prabowo
1050,525,Saran,"2023-06-07 12:11:43",audhy.prabowo,bahasa_indonesia,"2023-06-07 12:11:43",audhy.prabowo
1051,526,Height,"2023-06-07 12:13:30",dwi.rahmawati,english,"2023-06-07 12:13:30",dwi.rahmawati
1052,526,Tinggi Badan,"2023-06-07 12:13:30",dwi.rahmawati,bahasa_indonesia,"2023-06-07 12:13:30",dwi.rahmawati
1053,527,BMI,"2023-06-07 12:13:30",dwi.rahmawati,english,"2023-06-07 12:13:30",dwi.rahmawati
1054,527,IMT,"2023-06-07 12:13:30",dwi.rahmawati,bahasa_indonesia,"2023-06-07 12:13:30",dwi.rahmawati
1055,528,Weight,"2023-06-07 12:13:30",dwi.rahmawati,english,"2023-06-07 12:13:30",dwi.rahmawati
1056,528,Berat Badan,"2023-06-07 12:13:30",dwi.rahmawati,bahasa_indonesia,"2023-06-07 12:13:30",dwi.rahmawati
1057,529,Kesimpulan,"2023-06-07 12:14:33",audhy.prabowo,bahasa_indonesia,"2023-06-07 12:14:33",audhy.prabowo
1058,529,Conclusion,"2023-06-07 12:14:33",audhy.prabowo,english,"2023-06-07 12:14:33",audhy.prabowo
1059,530,Olahraga,"2023-06-07 12:14:43",nabila.sauzan,bahasa_indonesia,"2023-06-07 12:14:43",nabila.sauzan
1060,530,Excercise,"2023-06-07 12:14:43",nabila.sauzan,english,"2023-06-07 16:09:52",novi
1061,531,Minum Kopi,"2023-06-07 12:14:43",nabila.sauzan,bahasa_indonesia,"2023-06-07 12:14:43",nabila.sauzan
1062,531,Coffee Consumption,"2023-06-07 12:14:43",nabila.sauzan,english,"2023-06-07 16:09:52",novi
1063,532,Merokok,"2023-06-07 12:14:43",nabila.sauzan,bahasa_indonesia,"2023-06-07 12:14:43",nabila.sauzan
1064,532,Smoking,"2023-06-07 12:14:43",nabila.sauzan,english,"2023-06-07 16:09:52",novi
1065,533,Minum Alkohol,"2023-06-07 12:14:43",nabila.sauzan,bahasa_indonesia,"2023-06-07 12:14:43",nabila.sauzan
1066,533,Alcohol Consumption,"2023-06-07 12:14:43",nabila.sauzan,english,"2023-06-07 16:09:52",novi
1067,534,Lingkar Pinggang,"2023-06-07 12:17:40",dwi.rahmawati,bahasa_indonesia,"2023-06-07 12:17:40",dwi.rahmawati
1068,534,Waist Circumference,"2023-06-07 12:17:40",dwi.rahmawati,english,"2023-06-07 12:17:40",dwi.rahmawati
1069,535,Heart Rate,"2023-06-07 12:19:41",nabila.sauzan,english,"2023-06-07 16:10:32",novi
1070,535,Nadi,"2023-06-07 12:19:41",nabila.sauzan,bahasa_indonesia,"2023-06-07 12:19:41",nabila.sauzan
1071,536,Systolic,"2023-06-07 12:20:03",dwi.rahmawati,english,"2023-06-07 12:20:03",dwi.rahmawati
1072,536,Sistolik,"2023-06-07 12:20:03",dwi.rahmawati,bahasa_indonesia,"2023-06-07 12:20:03",dwi.rahmawati
1073,537,Diastolic,"2023-06-07 12:20:03",dwi.rahmawati,english,"2023-06-07 12:20:03",dwi.rahmawati
1074,537,Diastolik,"2023-06-07 12:20:03",dwi.rahmawati,bahasa_indonesia,"2023-06-07 12:20:03",dwi.rahmawati
1075,538,Pernapasan,"2023-06-07 12:20:16",nabila.sauzan,bahasa_indonesia,"2023-06-07 12:20:16",nabila.sauzan
1076,538,Respiration Rate,"2023-06-07 12:20:16",nabila.sauzan,english,"2023-06-07 16:10:40",novi
1077,539,Suhu,"2023-06-07 12:22:02",nabila.sauzan,bahasa_indonesia,"2023-06-07 12:22:02",nabila.sauzan
1078,539,Temperature,"2023-06-07 12:22:02",nabila.sauzan,english,"2023-06-07 12:22:02",nabila.sauzan
1079,540,Right Eye Visual Acquity,"2023-06-07 12:22:25",nabila.sauzan,english,"2023-06-07 17:15:29",novi
1080,540,Visus Mata kanan,"2023-06-07 12:22:25",nabila.sauzan,bahasa_indonesia,"2023-06-07 17:15:29",novi
1081,541,Thorax,"2023-06-07 12:22:43",audhy.prabowo,bahasa_indonesia,"2023-06-07 12:22:43",audhy.prabowo
1082,541,Chest,"2023-06-07 12:22:43",audhy.prabowo,english,"2023-06-07 16:12:23",novi
1083,542,Anorectal,"2023-06-07 12:22:43",audhy.prabowo,bahasa_indonesia,"2023-06-07 12:22:43",audhy.prabowo
1084,542,Anorectal,"2023-06-07 12:22:43",audhy.prabowo,english,"2023-06-07 12:22:43",audhy.prabowo
1085,543,Mulut,"2023-06-07 12:22:43",audhy.prabowo,bahasa_indonesia,"2023-06-07 12:22:43",audhy.prabowo
1086,543,Mouth,"2023-06-07 12:22:43",audhy.prabowo,english,"2023-06-07 12:22:43",audhy.prabowo
1087,544,Ginjal,"2023-06-07 12:22:43",audhy.prabowo,bahasa_indonesia,"2023-06-07 12:22:43",audhy.prabowo
1088,544,Kidney,"2023-06-07 12:22:43",audhy.prabowo,english,"2023-06-07 12:22:43",audhy.prabowo
1089,545,Tenggorokan,"2023-06-07 12:22:43",audhy.prabowo,bahasa_indonesia,"2023-06-07 12:22:43",audhy.prabowo
1090,545,Throat,"2023-06-07 12:22:43",audhy.prabowo,english,"2023-06-07 12:22:43",audhy.prabowo
1091,546,Hidung,"2023-06-07 12:22:43",audhy.prabowo,bahasa_indonesia,"2023-06-07 12:22:43",audhy.prabowo
1092,546,Nose,"2023-06-07 12:22:43",audhy.prabowo,english,"2023-06-07 12:22:43",audhy.prabowo
1093,547,Telinga,"2023-06-07 12:22:43",audhy.prabowo,bahasa_indonesia,"2023-06-07 12:22:43",audhy.prabowo
1094,547,Ears,"2023-06-07 12:22:43",audhy.prabowo,english,"2023-06-07 16:12:23",novi
1095,548,Kulit,"2023-06-07 12:22:43",audhy.prabowo,bahasa_indonesia,"2023-06-07 12:22:43",audhy.prabowo
1096,548,Skin,"2023-06-07 12:22:43",audhy.prabowo,english,"2023-06-07 12:22:43",audhy.prabowo
1097,549,Abdomen & Urogenitalia,"2023-06-07 12:22:43",audhy.prabowo,bahasa_indonesia,"2023-06-07 12:22:43",audhy.prabowo
1098,549,Abdomen & Urogenitalia,"2023-06-07 12:22:43",audhy.prabowo,english,"2023-06-07 12:22:43",audhy.prabowo
1099,550,Neurologis,"2023-06-07 12:22:43",audhy.prabowo,bahasa_indonesia,"2023-06-07 12:22:43",audhy.prabowo
1100,550,Neurological,"2023-06-07 12:22:43",audhy.prabowo,english,"2023-06-07 12:22:43",audhy.prabowo
1101,551,Leher,"2023-06-07 12:22:43",audhy.prabowo,bahasa_indonesia,"2023-06-07 12:22:43",audhy.prabowo
1102,551,Neck,"2023-06-07 12:22:43",audhy.prabowo,english,"2023-06-07 12:22:43",audhy.prabowo
1103,552,Mata,"2023-06-07 12:22:43",audhy.prabowo,bahasa_indonesia,"2023-06-07 12:22:43",audhy.prabowo
1104,552,Eyes,"2023-06-07 12:22:43",audhy.prabowo,english,"2023-06-07 16:12:23",novi
1105,553,Gigi,"2023-06-07 12:22:43",audhy.prabowo,bahasa_indonesia,"2023-06-07 12:22:43",audhy.prabowo
1106,553,Teeth,"2023-06-07 12:22:43",audhy.prabowo,english,"2023-06-07 16:12:23",novi
1107,554,Ekstremitas,"2023-06-07 12:22:43",audhy.prabowo,bahasa_indonesia,"2023-06-07 12:22:43",audhy.prabowo
1108,554,Extremities,"2023-06-07 12:22:43",audhy.prabowo,english,"2023-06-07 12:22:43",audhy.prabowo
1109,555,Buta Warna,"2023-06-07 12:23:59",dwi.rahmawati,bahasa_indonesia,"2023-06-07 12:23:59",dwi.rahmawati
1110,555,Color Blind,"2023-06-07 12:23:59",dwi.rahmawati,english,"2023-06-07 12:23:59",dwi.rahmawati
1111,556,Lapang Pandang,"2023-06-07 12:24:24",nabila.sauzan,bahasa_indonesia,"2023-06-07 12:24:24",nabila.sauzan
1112,556,Visual Field,"2023-06-07 12:24:24",nabila.sauzan,english,"2023-06-07 16:11:12",novi
1113,557,Kesan Umum,"2023-06-07 12:24:34",audhy.prabowo,bahasa_indonesia,"2023-06-07 12:24:34",audhy.prabowo
1114,557,General Impression,"2023-06-07 12:24:34",audhy.prabowo,english,"2023-06-07 12:24:34",audhy.prabowo
1115,558,Kesan Gizi,"2023-06-07 12:25:16",audhy.prabowo,bahasa_indonesia,"2023-06-07 12:25:16",audhy.prabowo
1116,558,Nutritional Impression,"2023-06-07 12:25:16",audhy.prabowo,english,"2023-06-07 12:25:16",audhy.prabowo
1117,559,Past Medical History,"2023-06-07 16:07:17",nabila.sauzan,english,"2023-06-07 16:07:17",nabila.sauzan
1118,559,Riwayat Penyakit Dahulu,"2023-06-07 16:07:17",nabila.sauzan,bahasa_indonesia,"2023-06-07 16:07:17",nabila.sauzan
1119,560,Wearing Glasses/Lenses ,"2023-06-07 17:15:28",novi,english,"2023-06-07 17:15:28",novi
1120,560,Penggunaan Kacamata,"2023-06-07 17:15:28",novi,bahasa_indonesia,"2023-06-07 17:15:28",novi
1121,561,Left Eye Visual Acquity,"2023-06-07 17:15:28",novi,english,"2023-06-07 17:15:28",novi
1122,561,Visus Mata Kiri,"2023-06-07 17:15:28",novi,bahasa_indonesia,"2023-06-07 17:15:28",novi
1123,562,Riwayat Kesehatan,"2023-06-12 11:03:07",nabila.sauzan,bahasa_indonesia,"2023-06-12 11:03:07",nabila.sauzan
1124,562,Health,"2023-06-12 11:03:07",nabila.sauzan,english,"2023-06-12 11:03:07",nabila.sauzan
1125,563,Occupational,"2023-06-12 11:03:56",nabila.sauzan,english,"2023-06-12 11:03:57",nabila.sauzan
1126,563,Riwayat Pekerjaan,"2023-06-12 11:03:56",nabila.sauzan,bahasa_indonesia,"2023-06-12 11:03:57",nabila.sauzan
1127,564,Riwayat Kebiasaan,"2023-06-12 11:05:39",nabila.sauzan,bahasa_indonesia,"2023-06-12 11:05:39",nabila.sauzan
1128,564,Habitual,"2023-06-12 11:05:39",nabila.sauzan,english,"2023-06-12 11:05:39",nabila.sauzan
1129,565,BMI,"2023-06-12 15:53:40",nabila.sauzan,english,"2023-06-12 15:53:40",nabila.sauzan
1130,565,IMT,"2023-06-12 15:53:40",nabila.sauzan,bahasa_indonesia,"2023-06-12 15:53:40",nabila.sauzan
1131,566,Weight,"2023-06-12 15:53:40",nabila.sauzan,english,"2023-06-12 15:53:40",nabila.sauzan
1132,566,Berat Badan,"2023-06-12 15:53:40",nabila.sauzan,bahasa_indonesia,"2023-06-12 15:53:40",nabila.sauzan
1133,567,Height,"2023-06-12 15:53:40",nabila.sauzan,english,"2023-06-12 15:53:40",nabila.sauzan
1134,567,Tinggi Badan,"2023-06-12 15:53:40",nabila.sauzan,bahasa_indonesia,"2023-06-12 15:53:40",nabila.sauzan
1135,568,Blood Pressure,"2023-06-12 15:55:11",nabila.sauzan,english,"2023-06-12 15:55:11",nabila.sauzan
1136,568,Tekanan Darah,"2023-06-12 15:55:11",nabila.sauzan,bahasa_indonesia,"2023-06-12 15:55:11",nabila.sauzan
1137,569,Kepala,"2023-06-12 15:55:53",nabila.sauzan,bahasa_indonesia,"2023-06-12 15:55:53",nabila.sauzan
1138,569,Head,"2023-06-12 15:55:53",nabila.sauzan,english,"2023-06-12 15:55:53",nabila.sauzan
1139,570,Neck,"2023-06-12 15:56:26",nabila.sauzan,english,"2023-06-12 15:56:26",nabila.sauzan
1140,570,Leher,"2023-06-12 15:56:26",nabila.sauzan,bahasa_indonesia,"2023-06-12 15:56:26",nabila.sauzan
1141,571,Chest,"2023-06-12 15:57:15",nabila.sauzan,english,"2023-06-12 15:57:15",nabila.sauzan
1142,571,Dada,"2023-06-12 15:57:15",nabila.sauzan,bahasa_indonesia,"2023-06-12 15:57:15",nabila.sauzan
1143,572,Abdomen,"2023-06-12 15:57:50",nabila.sauzan,english,"2023-06-12 15:57:50",nabila.sauzan
1144,572,Abdomen,"2023-06-12 15:57:50",nabila.sauzan,bahasa_indonesia,"2023-06-12 15:57:50",nabila.sauzan
1145,573,Ekstrimitas,"2023-06-12 15:58:18",nabila.sauzan,bahasa_indonesia,"2023-06-12 15:58:18",nabila.sauzan
1146,573,Ekstrimitas,"2023-06-12 15:58:18",nabila.sauzan,english,"2023-06-12 15:58:18",nabila.sauzan
1147,574,Kulit,"2023-06-12 15:58:41",nabila.sauzan,bahasa_indonesia,"2023-06-12 15:58:41",nabila.sauzan
1148,574,Skin,"2023-06-12 15:58:41",nabila.sauzan,english,"2023-06-12 15:58:41",nabila.sauzan
1149,575,KESIMPULAN MCU,"2023-06-19 10:03:09",audhy.prabowo,bahasa_indonesia,"2023-06-19 10:03:09",audhy.prabowo
1150,575,MCU RESUME,"2023-06-19 10:03:09",audhy.prabowo,english,"2023-08-29 11:18:03",audhy.prabowo
1151,576,SARAN,"2023-06-19 10:03:09",audhy.prabowo,bahasa_indonesia,"2023-06-19 10:03:09",audhy.prabowo
1152,576,SUGGESTION,"2023-06-19 10:03:09",audhy.prabowo,english,"2023-06-19 10:03:09",audhy.prabowo
1153,577,Glucose 2 Hour PP,"2023-06-20 12:49:47",nabila.sauzan,english,"2023-06-20 14:52:06",dwi.rahmawati
1154,577,Glukosa 2 Jam PP,"2023-06-20 12:49:47",nabila.sauzan,bahasa_indonesia,"2023-06-20 12:49:47",nabila.sauzan
1155,578,hs-CRP,"2023-06-27 15:45:27",nabila.sauzan,english,"2023-06-27 15:45:27",nabila.sauzan
1156,578,hs-CRP,"2023-06-27 15:45:27",nabila.sauzan,bahasa_indonesia,"2023-06-27 15:45:27",nabila.sauzan
1157,579,Dosage,"2023-07-13 06:57:37",nabila.sauzan,english,"2023-07-13 06:57:37",nabila.sauzan
1158,579,Dosis,"2023-07-13 06:57:37",nabila.sauzan,bahasa_indonesia,"2023-07-13 06:57:37",nabila.sauzan
1159,580,Batch No.,"2023-07-13 06:58:43",nabila.sauzan,english,"2023-07-21 16:12:13",audhy.prabowo
1160,580,No. Batch,"2023-07-13 06:58:43",nabila.sauzan,bahasa_indonesia,"2023-07-21 16:12:13",audhy.prabowo
1161,581,Vaccine Name,"2023-07-13 07:11:05",nabila.sauzan,english,"2023-07-13 07:11:05",nabila.sauzan
1162,581,Nama Vaksin,"2023-07-13 07:11:05",nabila.sauzan,bahasa_indonesia,"2023-07-13 07:11:05",nabila.sauzan
1163,582,Batch Number,"2023-07-13 07:11:28",nabila.sauzan,english,"2023-07-13 07:11:28",nabila.sauzan
1164,582,Nomor Batch,"2023-07-13 07:11:28",nabila.sauzan,bahasa_indonesia,"2023-07-13 07:11:28",nabila.sauzan
1165,583,Method,"2023-07-13 07:11:54",nabila.sauzan,english,"2023-07-13 07:11:54",nabila.sauzan
1166,583,Metode,"2023-07-13 07:11:54",nabila.sauzan,bahasa_indonesia,"2023-07-13 07:11:54",nabila.sauzan
1167,584,Dosage,"2023-07-13 07:15:05",nabila.sauzan,english,"2023-07-13 07:15:05",nabila.sauzan
1168,584,Dosis,"2023-07-13 07:15:05",nabila.sauzan,bahasa_indonesia,"2023-07-13 07:15:05",nabila.sauzan
1169,585,Batch No.,"2023-07-13 07:15:35",nabila.sauzan,english,"2023-07-21 16:12:27",audhy.prabowo
1170,585,No. Batch,"2023-07-13 07:15:35",nabila.sauzan,bahasa_indonesia,"2023-07-21 16:12:27",audhy.prabowo
1171,586,Body Weight,"2023-07-17 20:24:06",novi,english,"2023-07-17 20:24:06",novi
1172,586,Berat Badan,"2023-07-17 20:24:06",novi,bahasa_indonesia,"2023-07-17 20:24:06",novi
1173,587,Body Height,"2023-07-17 20:24:46",novi,english,"2023-07-17 20:24:46",novi
1174,587,Tinggi Badan,"2023-07-17 20:24:46",novi,bahasa_indonesia,"2023-07-17 20:24:46",novi
1175,588,Body Mass Index (BMI),"2023-07-17 20:25:40",novi,english,"2023-07-17 20:25:40",novi
1176,588,Index Massa Tubuh (IMT),"2023-07-17 20:25:40",novi,bahasa_indonesia,"2023-07-17 20:25:40",novi
1177,589,Method,"2023-07-20 15:09:06",audhy.prabowo,english,"2023-07-20 15:09:06",audhy.prabowo
1178,589,Metode,"2023-07-20 15:09:06",audhy.prabowo,bahasa_indonesia,"2023-07-20 15:09:06",audhy.prabowo
1179,590,No. Batch,"2023-07-20 16:04:50",audhy.prabowo,english,"2023-07-20 16:04:50",audhy.prabowo
1180,590,No. Batch,"2023-07-20 16:04:50",audhy.prabowo,bahasa_indonesia,"2023-07-20 16:04:50",audhy.prabowo
1181,591,Method,"2023-07-20 16:05:12",audhy.prabowo,english,"2023-07-20 16:05:12",audhy.prabowo
1182,591,Metode,"2023-07-20 16:05:12",audhy.prabowo,bahasa_indonesia,"2023-07-20 16:05:12",audhy.prabowo
1183,592,Nama Vaksin,"2023-07-21 15:15:10",audhy.prabowo,bahasa_indonesia,"2023-07-21 15:15:10",audhy.prabowo
1184,592,Vaccine Name,"2023-07-21 15:15:10",audhy.prabowo,english,"2023-07-21 15:15:10",audhy.prabowo
1185,593,No. Batch,"2023-07-21 15:15:43",audhy.prabowo,bahasa_indonesia,"2023-07-21 15:15:43",audhy.prabowo
1186,593,Batch No.,"2023-07-21 15:15:43",audhy.prabowo,english,"2023-07-21 15:15:43",audhy.prabowo
1187,594,Metode,"2023-07-21 15:16:02",audhy.prabowo,bahasa_indonesia,"2023-07-21 15:16:02",audhy.prabowo
1188,594,Method,"2023-07-21 15:16:02",audhy.prabowo,english,"2023-07-21 15:16:02",audhy.prabowo
1189,595,Metode,"2023-07-21 15:32:34",audhy.prabowo,bahasa_indonesia,"2023-07-21 15:32:34",audhy.prabowo
1190,595,Method,"2023-07-21 15:32:34",audhy.prabowo,english,"2023-07-21 15:32:34",audhy.prabowo
1191,596,Metode,"2023-07-21 15:32:34",audhy.prabowo,bahasa_indonesia,"2023-07-21 15:32:34",audhy.prabowo
1192,596,Method,"2023-07-21 15:32:34",audhy.prabowo,english,"2023-07-21 15:32:34",audhy.prabowo
1193,597,Metode,"2023-07-21 15:32:34",audhy.prabowo,bahasa_indonesia,"2023-07-21 15:32:34",audhy.prabowo
1194,597,Method,"2023-07-21 15:32:34",audhy.prabowo,english,"2023-07-21 15:32:34",audhy.prabowo
1195,598,Metode,"2023-07-21 15:32:34",audhy.prabowo,bahasa_indonesia,"2023-07-21 15:32:34",audhy.prabowo
1196,598,Method,"2023-07-21 15:32:34",audhy.prabowo,english,"2023-07-21 15:32:34",audhy.prabowo
1197,599,Skrining Pra Tindakan,"2023-07-21 19:01:39",audhy.prabowo,bahasa_indonesia,"2023-07-21 19:01:39",audhy.prabowo
1198,599,Pre-Procedure Screening,"2023-07-21 19:01:39",audhy.prabowo,english,"2023-07-21 19:01:39",audhy.prabowo
1199,600,Nama Vaksin,"2023-08-09 18:15:50",wiwin.dwiutami.hakim,bahasa_indonesia,"2023-08-09 18:15:50",wiwin.dwiutami.hakim
1200,600,Vaccine Name,"2023-08-09 18:15:50",wiwin.dwiutami.hakim,english,"2023-08-09 18:15:50",wiwin.dwiutami.hakim
1201,601,Nomor Batch,"2023-08-09 18:16:14",wiwin.dwiutami.hakim,bahasa_indonesia,"2023-08-09 18:16:14",wiwin.dwiutami.hakim
1202,601,Batch Number,"2023-08-09 18:16:14",wiwin.dwiutami.hakim,english,"2023-08-09 18:16:14",wiwin.dwiutami.hakim
1203,602,Metode,"2023-08-09 18:16:34",wiwin.dwiutami.hakim,bahasa_indonesia,"2023-08-09 18:16:34",wiwin.dwiutami.hakim
1204,602,Method,"2023-08-09 18:16:34",wiwin.dwiutami.hakim,english,"2023-08-09 18:16:34",wiwin.dwiutami.hakim
1205,603,Skrining Pra Tindakan,"2023-08-09 18:23:41",wiwin.dwiutami.hakim,bahasa_indonesia,"2023-08-09 18:23:41",wiwin.dwiutami.hakim
1206,603,Pre-Procedure Screening,"2023-08-09 18:23:41",wiwin.dwiutami.hakim,english,"2023-08-09 18:23:41",wiwin.dwiutami.hakim
1207,604,Nama Vaksin,"2023-08-09 18:27:19",wiwin.dwiutami.hakim,bahasa_indonesia,"2023-08-09 18:27:19",wiwin.dwiutami.hakim
1208,604,Vaccine Name,"2023-08-09 18:27:19",wiwin.dwiutami.hakim,english,"2023-08-09 18:27:19",wiwin.dwiutami.hakim
1209,605,No. Batch,"2023-08-09 18:27:39",wiwin.dwiutami.hakim,bahasa_indonesia,"2023-08-09 18:27:39",wiwin.dwiutami.hakim
1210,605,Batch No.,"2023-08-09 18:27:39",wiwin.dwiutami.hakim,english,"2023-08-09 18:27:39",wiwin.dwiutami.hakim
1211,606,Metode,"2023-08-09 18:27:56",wiwin.dwiutami.hakim,bahasa_indonesia,"2023-08-09 18:27:56",wiwin.dwiutami.hakim
1212,606,Method,"2023-08-09 18:27:56",wiwin.dwiutami.hakim,english,"2023-08-09 18:27:56",wiwin.dwiutami.hakim
1213,607,Tinggi Badan,"2023-08-10 09:20:22",wiwin.dwiutami.hakim,bahasa_indonesia,"2023-08-10 09:20:22",wiwin.dwiutami.hakim
1214,607,Height,"2023-08-10 09:20:22",wiwin.dwiutami.hakim,english,"2023-08-10 09:20:22",wiwin.dwiutami.hakim
1215,608,Berat Badan,"2023-08-10 09:20:22",wiwin.dwiutami.hakim,bahasa_indonesia,"2023-08-10 09:20:22",wiwin.dwiutami.hakim
1216,608,Weight,"2023-08-10 09:20:22",wiwin.dwiutami.hakim,english,"2023-08-10 09:20:22",wiwin.dwiutami.hakim
1217,609,IMT,"2023-08-10 09:20:22",wiwin.dwiutami.hakim,bahasa_indonesia,"2023-08-10 09:20:22",wiwin.dwiutami.hakim
1218,609,BMI,"2023-08-10 09:20:22",wiwin.dwiutami.hakim,english,"2023-08-10 09:20:22",wiwin.dwiutami.hakim
1219,610,Diastolik,"2023-08-10 09:26:42",wiwin.dwiutami.hakim,bahasa_indonesia,"2023-08-10 09:26:42",wiwin.dwiutami.hakim
1220,610,Diastolic,"2023-08-10 09:26:42",wiwin.dwiutami.hakim,english,"2023-08-10 09:26:42",wiwin.dwiutami.hakim
1221,611,Sistolik,"2023-08-10 09:26:42",wiwin.dwiutami.hakim,bahasa_indonesia,"2023-08-10 09:26:42",wiwin.dwiutami.hakim
1222,611,Systolic,"2023-08-10 09:26:42",wiwin.dwiutami.hakim,english,"2023-08-10 09:26:42",wiwin.dwiutami.hakim
1223,612,Buta Warna,"2023-08-10 09:27:43",wiwin.dwiutami.hakim,bahasa_indonesia,"2023-08-10 09:27:43",wiwin.dwiutami.hakim
1224,612,Color Blind,"2023-08-10 09:27:43",wiwin.dwiutami.hakim,english,"2023-08-10 09:27:43",wiwin.dwiutami.hakim
1225,613,Lapang Pandang,"2023-08-10 09:28:27",wiwin.dwiutami.hakim,bahasa_indonesia,"2023-08-10 09:28:27",wiwin.dwiutami.hakim
1226,613,Visual Field,"2023-08-10 09:28:27",wiwin.dwiutami.hakim,english,"2023-08-10 09:28:27",wiwin.dwiutami.hakim
1227,614,Gigi,"2023-08-10 09:32:07",wiwin.dwiutami.hakim,bahasa_indonesia,"2023-08-10 09:32:07",wiwin.dwiutami.hakim
1228,614,Teeth,"2023-08-10 09:32:07",wiwin.dwiutami.hakim,english,"2023-08-10 09:32:07",wiwin.dwiutami.hakim
1229,615,Hidung,"2023-08-10 09:32:07",wiwin.dwiutami.hakim,bahasa_indonesia,"2023-08-10 09:32:07",wiwin.dwiutami.hakim
1230,615,Nose,"2023-08-10 09:32:07",wiwin.dwiutami.hakim,english,"2023-08-10 09:32:07",wiwin.dwiutami.hakim
1231,616,Telinga,"2023-08-10 09:32:07",wiwin.dwiutami.hakim,bahasa_indonesia,"2023-08-10 09:32:07",wiwin.dwiutami.hakim
1232,616,Ears,"2023-08-10 09:32:07",wiwin.dwiutami.hakim,english,"2023-08-10 09:32:07",wiwin.dwiutami.hakim
1233,617,Mulut,"2023-08-10 09:32:07",wiwin.dwiutami.hakim,bahasa_indonesia,"2023-08-10 09:32:07",wiwin.dwiutami.hakim
1234,617,Mouth,"2023-08-10 09:32:07",wiwin.dwiutami.hakim,english,"2023-08-10 09:32:07",wiwin.dwiutami.hakim
1235,618,Leher,"2023-08-10 09:42:08",wiwin.dwiutami.hakim,bahasa_indonesia,"2023-08-10 09:42:08",wiwin.dwiutami.hakim
1236,618,Neck,"2023-08-10 09:42:08",wiwin.dwiutami.hakim,english,"2023-08-10 09:42:08",wiwin.dwiutami.hakim
1237,619,Penyakit Jantung,"2023-08-10 10:02:13",wiwin.dwiutami.hakim,bahasa_indonesia,"2023-08-10 10:02:13",wiwin.dwiutami.hakim
1238,619,Heart Disease,"2023-08-10 10:02:13",wiwin.dwiutami.hakim,english,"2023-08-10 10:02:13",wiwin.dwiutami.hakim
1239,620,Penyakit Paru / Asma / TBC,"2023-08-10 10:02:13",wiwin.dwiutami.hakim,bahasa_indonesia,"2023-08-10 10:02:13",wiwin.dwiutami.hakim
1240,620,Pulmonary Disease / Asthma / Tuberculosis,"2023-08-10 10:02:13",wiwin.dwiutami.hakim,english,"2023-08-10 10:02:13",wiwin.dwiutami.hakim
1241,621,Abdomen & Urogenitalia,"2023-08-10 10:04:10",wiwin.dwiutami.hakim,bahasa_indonesia,"2023-08-10 10:04:10",wiwin.dwiutami.hakim
1242,621,Abdomen & Urogenitalia,"2023-08-10 10:04:10",wiwin.dwiutami.hakim,english,"2023-08-10 10:04:10",wiwin.dwiutami.hakim
1243,622,Ginjal,"2023-08-10 10:05:12",wiwin.dwiutami.hakim,bahasa_indonesia,"2023-08-10 10:05:12",wiwin.dwiutami.hakim
1244,622,Kidney,"2023-08-10 10:05:12",wiwin.dwiutami.hakim,english,"2023-08-10 10:05:12",wiwin.dwiutami.hakim
1245,623,Ekstremitas,"2023-08-10 10:06:51",wiwin.dwiutami.hakim,bahasa_indonesia,"2023-08-10 10:06:51",wiwin.dwiutami.hakim
1246,623,Extremities,"2023-08-10 10:06:51",wiwin.dwiutami.hakim,english,"2023-08-10 10:06:51",wiwin.dwiutami.hakim
1247,624,Kulit,"2023-08-10 10:07:40",wiwin.dwiutami.hakim,bahasa_indonesia,"2023-08-10 10:07:40",wiwin.dwiutami.hakim
1248,624,Skin,"2023-08-10 10:07:40",wiwin.dwiutami.hakim,english,"2023-08-10 10:07:40",wiwin.dwiutami.hakim
1249,625,Riwayat Penyakit Dahulu,"2023-08-10 10:20:30",wiwin.dwiutami.hakim,bahasa_indonesia,"2023-08-10 10:20:30",wiwin.dwiutami.hakim
1250,625,Past Medical History,"2023-08-10 10:20:30",wiwin.dwiutami.hakim,english,"2023-08-10 10:20:30",wiwin.dwiutami.hakim
1251,626,Paparan Getaran,"2023-08-10 10:25:44",wiwin.dwiutami.hakim,bahasa_indonesia,"2023-08-10 10:25:44",wiwin.dwiutami.hakim
1252,626,Exposure to Vibration,"2023-08-10 10:25:44",wiwin.dwiutami.hakim,english,"2023-08-10 10:25:44",wiwin.dwiutami.hakim
1253,627,Proses Kerja,"2023-08-10 10:25:44",wiwin.dwiutami.hakim,bahasa_indonesia,"2023-08-10 10:25:44",wiwin.dwiutami.hakim
1254,627,Occupation Process,"2023-08-10 10:25:44",wiwin.dwiutami.hakim,english,"2023-08-10 10:25:44",wiwin.dwiutami.hakim
1255,628,Posisi Kerja,"2023-08-10 10:25:44",wiwin.dwiutami.hakim,bahasa_indonesia,"2023-08-10 10:25:44",wiwin.dwiutami.hakim
1256,628,Working Position,"2023-08-10 10:25:44",wiwin.dwiutami.hakim,english,"2023-08-10 10:25:44",wiwin.dwiutami.hakim
1257,629,Paparan Debu,"2023-08-10 10:25:44",wiwin.dwiutami.hakim,bahasa_indonesia,"2023-08-10 10:25:44",wiwin.dwiutami.hakim
1258,629,Exposure to Dust,"2023-08-10 10:25:44",wiwin.dwiutami.hakim,english,"2023-08-10 10:25:44",wiwin.dwiutami.hakim
1259,630,Mendorong / Menarik,"2023-08-10 10:25:44",wiwin.dwiutami.hakim,bahasa_indonesia,"2023-08-10 10:25:44",wiwin.dwiutami.hakim
1260,630,Push / Pull Movement,"2023-08-10 10:25:44",wiwin.dwiutami.hakim,english,"2023-08-10 10:25:44",wiwin.dwiutami.hakim
1261,631,Lain-lain,"2023-08-10 10:25:44",wiwin.dwiutami.hakim,bahasa_indonesia,"2023-08-10 10:25:44",wiwin.dwiutami.hakim
1262,631,Other,"2023-08-10 10:25:44",wiwin.dwiutami.hakim,english,"2023-08-10 10:25:44",wiwin.dwiutami.hakim
1263,632,Jenis Pekerjaan,"2023-08-10 10:25:44",wiwin.dwiutami.hakim,bahasa_indonesia,"2023-08-10 10:25:44",wiwin.dwiutami.hakim
1264,632,Occupation Type,"2023-08-10 10:25:44",wiwin.dwiutami.hakim,english,"2023-08-10 10:25:44",wiwin.dwiutami.hakim
1265,633,Paparan Bising,"2023-08-10 10:25:44",wiwin.dwiutami.hakim,bahasa_indonesia,"2023-08-10 10:25:44",wiwin.dwiutami.hakim
1266,633,Exposure to Noise,"2023-08-10 10:25:44",wiwin.dwiutami.hakim,english,"2023-08-10 10:25:44",wiwin.dwiutami.hakim
1267,634,Mengelola Makanan,"2023-08-10 10:25:44",wiwin.dwiutami.hakim,bahasa_indonesia,"2023-08-10 10:25:44",wiwin.dwiutami.hakim
1268,634,Food Handler,"2023-08-10 10:25:44",wiwin.dwiutami.hakim,english,"2023-08-10 10:25:44",wiwin.dwiutami.hakim
1269,635,Monitor Komputer,"2023-08-10 10:25:44",wiwin.dwiutami.hakim,bahasa_indonesia,"2023-08-10 10:25:44",wiwin.dwiutami.hakim
1270,635,Monitor / Screen Time,"2023-08-10 10:25:44",wiwin.dwiutami.hakim,english,"2023-08-10 10:25:44",wiwin.dwiutami.hakim
1271,636,Gerakan Berulang,"2023-08-10 10:25:44",wiwin.dwiutami.hakim,bahasa_indonesia,"2023-08-10 10:25:44",wiwin.dwiutami.hakim
1272,636,Repeated Movements,"2023-08-10 10:25:44",wiwin.dwiutami.hakim,english,"2023-08-10 10:25:44",wiwin.dwiutami.hakim
1273,637,Paparan Zat Kimia,"2023-08-10 10:25:44",wiwin.dwiutami.hakim,bahasa_indonesia,"2023-08-10 10:25:44",wiwin.dwiutami.hakim
1274,637,Exposure to Chemical Substances,"2023-08-10 10:25:44",wiwin.dwiutami.hakim,english,"2023-08-10 10:25:44",wiwin.dwiutami.hakim
1275,638,Angkat Beban > 25Kg,"2023-08-10 10:25:44",wiwin.dwiutami.hakim,bahasa_indonesia,"2023-08-10 10:25:44",wiwin.dwiutami.hakim
1276,638,Lift Weights > 25Kg,"2023-08-10 10:25:44",wiwin.dwiutami.hakim,english,"2023-08-10 10:25:44",wiwin.dwiutami.hakim
1277,639,Minum Kopi,"2023-08-10 10:36:13",wiwin.dwiutami.hakim,bahasa_indonesia,"2023-08-10 10:36:13",wiwin.dwiutami.hakim
1278,639,Coffee Consumption,"2023-08-10 10:36:13",wiwin.dwiutami.hakim,english,"2023-08-10 10:36:13",wiwin.dwiutami.hakim
1279,640,Merokok,"2023-08-10 10:36:13",wiwin.dwiutami.hakim,bahasa_indonesia,"2023-08-10 10:36:13",wiwin.dwiutami.hakim
1280,640,Smoking,"2023-08-10 10:36:13",wiwin.dwiutami.hakim,english,"2023-08-10 10:36:13",wiwin.dwiutami.hakim
1281,641,Minum Alkohol,"2023-08-10 10:36:13",wiwin.dwiutami.hakim,bahasa_indonesia,"2023-08-10 10:36:13",wiwin.dwiutami.hakim
1282,641,Alcohol Consumption,"2023-08-10 10:36:13",wiwin.dwiutami.hakim,english,"2023-08-10 10:36:13",wiwin.dwiutami.hakim
1283,642,Olahraga,"2023-08-10 10:36:13",wiwin.dwiutami.hakim,bahasa_indonesia,"2023-08-10 10:36:13",wiwin.dwiutami.hakim
1284,642,Excercise,"2023-08-10 10:36:13",wiwin.dwiutami.hakim,english,"2023-08-10 10:36:13",wiwin.dwiutami.hakim
1285,643,Mata,"2023-08-24 15:43:17",wiwin.dwiutami.hakim,bahasa_indonesia,"2023-08-24 15:43:17",wiwin.dwiutami.hakim
1286,643,Eyes,"2023-08-24 15:43:17",wiwin.dwiutami.hakim,english,"2023-08-24 15:43:17",wiwin.dwiutami.hakim
1287,644,Treadmill Hasil,"2023-08-24 21:22:55",wiwin.dwiutami.hakim,bahasa_indonesia,"2023-08-29 11:17:21",audhy.prabowo
1288,644,Treadmill Result,"2023-08-24 21:22:55",wiwin.dwiutami.hakim,english,"2023-08-29 11:17:21",audhy.prabowo
1289,645,Vaksinasi Influenza (Vaxigrip Tetra),"2023-08-25 15:07:32",audhy.prabowo,bahasa_indonesia,"2023-12-18 07:18:38",wiwin.dwiutami.hakim
1290,645,Influenza Vaccination (Vaxigrip Tetra),"2023-08-25 15:07:32",audhy.prabowo,english,"2023-12-18 07:18:38",wiwin.dwiutami.hakim
1291,646,Vaksinasi Influenza (Flubio),"2023-08-25 15:08:56",audhy.prabowo,bahasa_indonesia,"2023-12-18 07:19:41",wiwin.dwiutami.hakim
1292,646,Influenza Vaccination (Flubio),"2023-08-25 15:08:56",audhy.prabowo,english,"2023-12-18 07:19:41",wiwin.dwiutami.hakim
1293,647,Detail Tindakan,"2023-08-25 15:16:17",audhy.prabowo,bahasa_indonesia,"2023-08-25 15:18:22",audhy.prabowo
1294,647,Procedure Details,"2023-08-25 15:16:17",audhy.prabowo,english,"2023-08-25 15:18:22",audhy.prabowo
1295,648,Detail Tindakan,"2023-08-25 15:22:27",audhy.prabowo,bahasa_indonesia,"2023-08-25 15:22:27",audhy.prabowo
1296,648,Procedure Details,"2023-08-25 15:22:27",audhy.prabowo,english,"2023-08-25 15:22:27",audhy.prabowo
1297,649,Eligibilitas Tindakan,"2023-08-28 14:58:42",audhy.prabowo,bahasa_indonesia,"2023-08-28 14:58:42",audhy.prabowo
1298,649,Eligibility for Procedure,"2023-08-28 14:58:42",audhy.prabowo,english,"2023-08-28 14:58:42",audhy.prabowo
1299,650,Bilirubin Direk,"2023-08-28 16:35:15",wiwin.dwiutami.hakim,bahasa_indonesia,"2023-08-28 16:35:15",wiwin.dwiutami.hakim
1300,650,Direct Bilirubin,"2023-08-28 16:35:15",wiwin.dwiutami.hakim,english,"2023-08-28 16:35:15",wiwin.dwiutami.hakim
1301,651,Physical Examination Result,"2023-08-28 16:48:18",wiwin.dwiutami.hakim,english,"2023-08-28 16:48:18",wiwin.dwiutami.hakim
1302,651,Hasil Pemeriksaan Fisik,"2023-08-28 16:48:18",wiwin.dwiutami.hakim,bahasa_indonesia,"2023-08-28 16:48:18",wiwin.dwiutami.hakim
1303,652,Bilirubin Indirek,"2023-08-28 16:54:35",wiwin.dwiutami.hakim,bahasa_indonesia,"2023-08-28 16:54:35",wiwin.dwiutami.hakim
1304,652,Indirect Bilirubin,"2023-08-28 16:54:35",wiwin.dwiutami.hakim,english,"2023-08-28 16:54:35",wiwin.dwiutami.hakim
1305,653,Bilirubin Total,"2023-08-28 16:55:14",wiwin.dwiutami.hakim,bahasa_indonesia,"2023-08-28 16:55:14",wiwin.dwiutami.hakim
1306,653,Total Bilirubin,"2023-08-28 16:55:14",wiwin.dwiutami.hakim,english,"2023-08-28 16:55:14",wiwin.dwiutami.hakim
1307,654,Albumin,"2023-08-28 17:43:31",wiwin.dwiutami.hakim,english,"2023-08-28 17:43:31",wiwin.dwiutami.hakim
1308,654,Albumin,"2023-08-28 17:43:31",wiwin.dwiutami.hakim,bahasa_indonesia,"2023-08-28 17:43:31",wiwin.dwiutami.hakim
1309,655,Globulin,"2023-08-28 17:48:39",wiwin.dwiutami.hakim,english,"2023-08-28 17:48:39",wiwin.dwiutami.hakim
1310,655,Globulin,"2023-08-28 17:48:39",wiwin.dwiutami.hakim,bahasa_indonesia,"2023-08-28 17:48:39",wiwin.dwiutami.hakim
1311,656,Total Protein,"2023-08-28 18:01:32",wiwin.dwiutami.hakim,english,"2023-08-28 21:26:54",audhy.prabowo
1312,656,Protein Total,"2023-08-28 18:01:32",wiwin.dwiutami.hakim,bahasa_indonesia,"2023-08-28 18:01:33",wiwin.dwiutami.hakim
1313,657,HPV Quadrivalent Vaccination (Gardasil),"2023-10-04 10:53:30",wiwin.dwiutami.hakim,english,"2023-12-18 07:11:17",wiwin.dwiutami.hakim
1314,657,Vaksinasi HPV Kuadrivalen (Gardasil),"2023-10-04 10:53:30",wiwin.dwiutami.hakim,bahasa_indonesia,"2023-12-18 07:11:17",wiwin.dwiutami.hakim
1315,658,Anti-Chlamydia trachomatis IgG,"2023-11-02 16:20:21",wiwin.dwiutami.hakim,english,"2023-11-02 16:20:21",wiwin.dwiutami.hakim
1316,658,Anti-Chlamydia trachomatis IgG,"2023-11-02 16:20:21",wiwin.dwiutami.hakim,bahasa_indonesia,"2023-11-02 16:20:21",wiwin.dwiutami.hakim
1317,659,Anti-Chlamydia trachomatis IgM,"2023-11-02 16:22:43",wiwin.dwiutami.hakim,bahasa_indonesia,"2023-11-02 16:22:43",wiwin.dwiutami.hakim
1318,659,Anti-Chlamydia trachomatis IgM,"2023-11-02 16:22:43",wiwin.dwiutami.hakim,english,"2023-11-02 16:22:43",wiwin.dwiutami.hakim
1319,660,Vaksinasi Pneumonia PCV13 (Prevenar),"2023-11-17 18:08:18",wiwin.dwiutami.hakim,bahasa_indonesia,"2023-12-18 07:19:18",wiwin.dwiutami.hakim
1320,660,Pneumonia PCV13 Vaccination (Prevenar),"2023-11-17 18:08:18",wiwin.dwiutami.hakim,english,"2023-12-18 07:19:18",wiwin.dwiutami.hakim
1321,661,Rotavirus Vaccination (Rotarix),"2023-11-27 08:41:31",wiwin.dwiutami.hakim,english,"2023-12-18 00:20:05",audhy.prabowo
1322,661,Vaksinasi Rotavirus (Rotarix),"2023-11-27 08:41:31",wiwin.dwiutami.hakim,bahasa_indonesia,"2023-12-18 00:20:12",audhy.prabowo
1323,662,Tdap Vaccination (Boostrix),"2023-11-30 11:53:29",audhy.prabowo,english,"2023-11-30 11:53:29",audhy.prabowo
1324,662,Vaksinasi Tdap (Boostrix),"2023-11-30 11:53:29",audhy.prabowo,bahasa_indonesia,"2023-11-30 11:53:29",audhy.prabowo
1325,663,Typhoid Vaccination (Typhim Vi),"2023-11-30 16:33:29",audhy.prabowo,english,"2023-11-30 16:33:29",audhy.prabowo
1326,663,Vaksinasi Tifoid (Typhim Vi),"2023-11-30 16:33:29",audhy.prabowo,bahasa_indonesia,"2023-11-30 16:33:29",audhy.prabowo
1327,664,Vaksinasi Hepatitis A (Havrix Junior 720),"2023-12-05 15:06:03",wiwin.dwiutami.hakim,bahasa_indonesia,"2023-12-18 00:19:49",audhy.prabowo
1328,664,Hepatitis A Vaccination (Havrix Junior 720),"2023-12-05 15:06:03",wiwin.dwiutami.hakim,english,"2023-12-18 07:10:21",wiwin.dwiutami.hakim
1329,665,Vaksinasi DTaP-POLIO IPV-HIB-HEP B (Hexaxim)  Meta Keywords,"2024-01-08 16:12:35",wiwin.dwiutami.hakim,bahasa_indonesia,"2024-01-08 16:12:35",wiwin.dwiutami.hakim
1330,665,DTaP-POLIO IPV-HIB-HEP B Vaccination (Hexaxim),"2024-01-08 16:12:35",wiwin.dwiutami.hakim,english,"2024-01-08 16:12:35",wiwin.dwiutami.hakim
1331,666,Vaksinasi MMR (M-M-R II),"2024-01-08 16:21:32",wiwin.dwiutami.hakim,bahasa_indonesia,"2024-01-08 16:21:32",wiwin.dwiutami.hakim
1332,666,MMR Vaccination (M-M-R II),"2024-01-08 16:21:32",wiwin.dwiutami.hakim,english,"2024-01-08 16:21:32",wiwin.dwiutami.hakim
1333,667,Vaksinasi Varicella (Varivax),"2024-01-08 16:28:43",wiwin.dwiutami.hakim,bahasa_indonesia,"2024-01-08 16:28:43",wiwin.dwiutami.hakim
1334,667,Varicella Vaccination (Varivax),"2024-01-08 16:28:43",wiwin.dwiutami.hakim,english,"2024-01-08 16:28:43",wiwin.dwiutami.hakim
1335,668,Vaksinasi Dengue (QDenga),"2024-01-08 16:40:11",wiwin.dwiutami.hakim,bahasa_indonesia,"2024-01-08 16:40:11",wiwin.dwiutami.hakim
1336,668,Varicella Dengue (QDenga),"2024-01-08 16:40:11",wiwin.dwiutami.hakim,english,"2024-01-08 16:40:11",wiwin.dwiutami.hakim
1337,669,Vaksinasi Hepatitis B Dewasa (Engerix-B 20),"2024-02-13 14:18:14",wiwin.dwiutami.hakim,bahasa_indonesia,"2024-02-13 14:18:14",wiwin.dwiutami.hakim
1338,669,Hepatitis B Adult Vaccination (Engerix-B 20),"2024-02-13 14:18:14",wiwin.dwiutami.hakim,english,"2024-02-13 14:18:14",wiwin.dwiutami.hakim
1339,670,Vaksinasi Meningokokus Polisakarida (Menivax ACYW),"2024-02-26 16:43:17",wiwin.dwiutami.hakim,bahasa_indonesia,"2024-02-26 16:43:17",wiwin.dwiutami.hakim
1340,670,Meningococcal Polysaccharide Vaccination (Menivax ACYW),"2024-02-26 16:43:17",wiwin.dwiutami.hakim,english,"2024-02-26 16:43:17",wiwin.dwiutami.hakim
1341,671,Infus Multivitamin (Cernevit),"2024-02-29 17:55:17",wiwin.dwiutami.hakim,bahasa_indonesia,"2024-10-11 07:12:33",wiwin.dwiutami.hakim
1342,671,Multivitamin Infusion (Cernevit),"2024-02-29 17:55:17",wiwin.dwiutami.hakim,english,"2024-10-11 07:12:33",wiwin.dwiutami.hakim
1343,672,HPV Nonavalent Vaccination (Gardasil 9),"2024-03-21 09:24:17",wiwin.dwiutami.hakim,english,"2024-03-21 09:24:17",wiwin.dwiutami.hakim
1344,672,Vaksinasi HPV Nonavalen (Gardasil 9),"2024-03-21 09:24:17",wiwin.dwiutami.hakim,bahasa_indonesia,"2024-03-21 09:24:17",wiwin.dwiutami.hakim
1345,673,Covid-19 Antigen,"2024-03-22 15:59:52",wiwin.dwiutami.hakim,english,"2024-03-22 19:22:21",audhy.prabowo
1346,673,Covid-19 Antigen,"2024-03-22 15:59:52",wiwin.dwiutami.hakim,bahasa_indonesia,"2024-03-22 19:22:21",audhy.prabowo
1347,674,Influenza A Antigen,"2024-03-22 18:29:18",audhy.prabowo,english,"2024-03-22 19:22:27",audhy.prabowo
1348,674,Influenza A Antigen,"2024-03-22 18:29:18",audhy.prabowo,bahasa_indonesia,"2024-03-22 19:22:27",audhy.prabowo
1349,675,Influenza B Antigen,"2024-03-22 18:30:19",audhy.prabowo,english,"2024-03-22 19:22:33",audhy.prabowo
1350,675,Influenza B Antigen,"2024-03-22 18:30:19",audhy.prabowo,bahasa_indonesia,"2024-03-22 19:22:33",audhy.prabowo
1351,676,Injeksi Vitamin B12 (Saraf & Otak),"2024-04-08 05:24:47",wiwin.dwiutami.hakim,bahasa_indonesia,"2024-10-11 07:11:46",wiwin.dwiutami.hakim
1352,676,Vitamin B12 Injection (Neuron & Brain),"2024-04-08 05:24:47",wiwin.dwiutami.hakim,english,"2024-10-11 07:11:46",wiwin.dwiutami.hakim
1353,677,Antibodi Reseptor Tirotropin (TRAb),"2024-04-18 15:22:54",audhy.prabowo,bahasa_indonesia,"2024-04-18 15:22:54",audhy.prabowo
1354,677,Thyrotropin Receptor Ab (TRAb),"2024-04-18 15:22:54",audhy.prabowo,english,"2024-04-18 15:22:54",audhy.prabowo
1355,678,Hasil MCU,"2024-05-30 17:19:00",audhy.prabowo,bahasa_indonesia,"2024-05-30 17:19:01",audhy.prabowo
1356,678,Hasil MCU,"2024-05-30 17:19:00",audhy.prabowo,english,"2024-05-30 17:19:01",audhy.prabowo
1357,679,Audiometri,"2024-06-27 13:44:11",roy.haryanto,bahasa_indonesia,"2024-06-27 13:44:11",roy.haryanto
1358,679,Audiometry,"2024-06-27 13:44:11",roy.haryanto,english,"2024-06-27 13:44:11",roy.haryanto
1359,680,Pap Smear,"2024-06-27 13:46:46",roy.haryanto,bahasa_indonesia,"2024-06-27 13:46:46",roy.haryanto
1360,680,Pap Smear,"2024-06-27 13:46:46",roy.haryanto,english,"2024-06-27 13:46:46",roy.haryanto
1361,681,Spirometry,"2024-07-05 09:51:01",rita.susanti,english,"2024-07-05 09:51:01",rita.susanti
1362,681,Spirometri,"2024-07-05 09:51:01",rita.susanti,bahasa_indonesia,"2024-07-05 09:51:01",rita.susanti
1363,682,Monitoring Lemak Tubuh,"2024-07-05 20:58:27",rita.susanti,bahasa_indonesia,"2024-07-05 20:58:27",rita.susanti
1364,682,Body Fat Monitoring,"2024-07-05 20:58:27",rita.susanti,english,"2024-07-05 20:58:27",rita.susanti
1365,683,Biomonitoring,"2024-07-05 21:00:31",rita.susanti,bahasa_indonesia,"2024-07-05 21:00:31",rita.susanti
1366,683,Biomonitoring,"2024-07-05 21:00:31",rita.susanti,english,"2024-07-05 21:00:31",rita.susanti
1367,684,Physical Examination,"2024-07-07 09:46:56",wiwin.dwiutami.hakim,english,"2024-07-07 09:46:56",wiwin.dwiutami.hakim
1368,684,Pemeriksaan Fisik,"2024-07-07 09:46:56",wiwin.dwiutami.hakim,bahasa_indonesia,"2024-07-07 09:46:56",wiwin.dwiutami.hakim
1369,685,Medical Check Up - Astralife - Female,"2024-07-08 21:22:16",rita.susanti,english,"2024-07-08 21:22:16",rita.susanti
1370,685,Medical Check Up - Astralife - Female,"2024-07-08 21:22:16",rita.susanti,bahasa_indonesia,"2024-07-08 21:22:16",rita.susanti
1371,686,Medical Check Up - Astralife - Male,"2024-07-08 21:23:24",rita.susanti,english,"2024-07-08 21:23:24",rita.susanti
1372,686,Medical Check Up - Astralife - Male,"2024-07-08 21:23:24",rita.susanti,bahasa_indonesia,"2024-07-08 21:23:24",rita.susanti
1373,687,Hemoglobin,"2024-07-09 07:14:47",wiwin.dwiutami.hakim,english,"2024-07-09 07:14:47",wiwin.dwiutami.hakim
1374,687,Hemoglobin,"2024-07-09 07:14:47",wiwin.dwiutami.hakim,bahasa_indonesia,"2024-07-09 07:14:47",wiwin.dwiutami.hakim
1375,688,Hematocrit,"2024-07-09 07:15:19",wiwin.dwiutami.hakim,english,"2024-07-09 07:15:19",wiwin.dwiutami.hakim
1376,688,Hematokrit,"2024-07-09 07:15:19",wiwin.dwiutami.hakim,bahasa_indonesia,"2024-07-09 07:15:19",wiwin.dwiutami.hakim
1377,689,Red Blood Cell,"2024-07-09 07:15:52",wiwin.dwiutami.hakim,english,"2024-07-09 07:15:52",wiwin.dwiutami.hakim
1378,689,Eritrosit,"2024-07-09 07:15:52",wiwin.dwiutami.hakim,bahasa_indonesia,"2024-07-09 07:15:52",wiwin.dwiutami.hakim
1379,690,White Blood Cell,"2024-07-09 07:16:51",wiwin.dwiutami.hakim,english,"2024-07-09 07:16:51",wiwin.dwiutami.hakim
1380,690,Leukosit,"2024-07-09 07:16:51",wiwin.dwiutami.hakim,bahasa_indonesia,"2024-07-09 07:16:51",wiwin.dwiutami.hakim
1381,691,Platelet,"2024-07-09 07:17:35",wiwin.dwiutami.hakim,english,"2024-07-09 07:17:35",wiwin.dwiutami.hakim
1382,691,Trombosit,"2024-07-09 07:17:35",wiwin.dwiutami.hakim,bahasa_indonesia,"2024-07-09 07:17:35",wiwin.dwiutami.hakim
1383,692,Vaksinasi Herpes Zoster (Shingrix),"2024-09-25 14:36:44",wiwin.dwiutami.hakim,bahasa_indonesia,"2024-09-25 14:36:44",wiwin.dwiutami.hakim
1384,692,Herpes Zoster Vaccination (Shingrix),"2024-09-25 14:36:44",wiwin.dwiutami.hakim,english,"2024-09-25 14:36:44",wiwin.dwiutami.hakim
1385,693,Vitamin B Complex IV Drip (Neurobion Booster),"2024-10-03 10:00:15",wiwin.dwiutami.hakim,english,"2024-10-08 14:54:41",wiwin.dwiutami.hakim
1386,693,Infus Vitamin B Complex (Neurobion Booster),"2024-10-03 10:00:15",wiwin.dwiutami.hakim,bahasa_indonesia,"2024-10-08 14:54:41",wiwin.dwiutami.hakim
1387,694,Thyroid Stimulating Hormone (TSH),"2024-10-30 15:29:16",wiwin.dwiutami.hakim,english,"2024-10-30 15:29:16",wiwin.dwiutami.hakim
1388,694,Thyroid Stimulating Hormone (TSH),"2024-10-30 15:29:16",wiwin.dwiutami.hakim,bahasa_indonesia,"2024-10-30 15:29:16",wiwin.dwiutami.hakim
1389,695,Singapore Flu/HFMD Vaccination (INLIVE),"2024-11-26 09:05:12",wiwin.dwiutami.hakim,english,"2024-11-26 09:05:12",wiwin.dwiutami.hakim
1390,695,Vaksin Flu Singapura/HFMD (INLIVE),"2024-11-26 09:05:12",wiwin.dwiutami.hakim,bahasa_indonesia,"2024-11-26 09:05:12",wiwin.dwiutami.hakim
1391,696,Thorax X-ray Results,"2024-11-29 08:22:17",wiwin.dwiutami.hakim,english,"2024-11-29 08:22:17",wiwin.dwiutami.hakim
1392,696,Hasil Rontgen Thorax,"2024-11-29 08:22:17",wiwin.dwiutami.hakim,bahasa_indonesia,"2024-11-29 08:22:17",wiwin.dwiutami.hakim
1393,697,Thorax X-ray Conclusion,"2024-11-29 08:24:07",wiwin.dwiutami.hakim,english,"2024-11-29 08:24:07",wiwin.dwiutami.hakim
1394,697,Kesimpulan Rontgen Thorax,"2024-11-29 08:24:07",wiwin.dwiutami.hakim,bahasa_indonesia,"2024-11-29 08:24:07",wiwin.dwiutami.hakim
1395,698,ECG results,"2024-11-29 08:27:47",wiwin.dwiutami.hakim,english,"2024-11-29 08:27:47",wiwin.dwiutami.hakim
1396,698,Hasil EKG,"2024-11-29 08:27:47",wiwin.dwiutami.hakim,bahasa_indonesia,"2024-11-29 08:27:47",wiwin.dwiutami.hakim
1397,699,ECG conclusion,"2024-11-29 08:28:09",wiwin.dwiutami.hakim,english,"2024-11-29 08:28:09",wiwin.dwiutami.hakim
1398,699,Kesimpulan EKG,"2024-11-29 08:28:09",wiwin.dwiutami.hakim,bahasa_indonesia,"2024-11-29 08:28:09",wiwin.dwiutami.hakim
1399,700,MCU conclusion,"2024-11-29 09:01:03",wiwin.dwiutami.hakim,english,"2024-11-29 09:01:03",wiwin.dwiutami.hakim
1400,700,Kesimpulan MCU,"2024-11-29 09:01:03",wiwin.dwiutami.hakim,bahasa_indonesia,"2024-11-29 09:01:03",wiwin.dwiutami.hakim
1401,701,MCU advises,"2024-11-29 09:01:30",wiwin.dwiutami.hakim,english,"2024-11-29 09:01:30",wiwin.dwiutami.hakim
1402,701,Saran MCU,"2024-11-29 09:01:30",wiwin.dwiutami.hakim,bahasa_indonesia,"2024-11-29 09:01:30",wiwin.dwiutami.hakim
1403,702,Fitness Category,"2024-11-29 09:01:45",wiwin.dwiutami.hakim,english,"2024-11-29 09:01:45",wiwin.dwiutami.hakim
1404,702,Fitness Category,"2024-11-29 09:01:45",wiwin.dwiutami.hakim,bahasa_indonesia,"2024-11-29 09:01:45",wiwin.dwiutami.hakim
1405,703,Spirometry Results,"2024-11-29 12:49:04",wiwin.dwiutami.hakim,english,"2024-11-29 12:49:04",wiwin.dwiutami.hakim
1406,703,Hasil Spirometri,"2024-11-29 12:49:04",wiwin.dwiutami.hakim,bahasa_indonesia,"2024-11-29 12:49:04",wiwin.dwiutami.hakim
1407,704,Spirometry Conclusion,"2024-11-29 12:49:33",wiwin.dwiutami.hakim,english,"2024-11-29 12:49:33",wiwin.dwiutami.hakim
1408,704,Kesimpulan Spirometri,"2024-11-29 12:49:33",wiwin.dwiutami.hakim,bahasa_indonesia,"2024-11-29 12:49:33",wiwin.dwiutami.hakim
1409,705,test,"2024-11-30 13:29:39",wiwin.dwiutami.hakim,english,"2024-11-30 13:29:39",wiwin.dwiutami.hakim
1410,705,test,"2024-11-30 13:29:39",wiwin.dwiutami.hakim,bahasa_indonesia,"2024-11-30 13:29:39",wiwin.dwiutami.hakim
1411,706,tettt,"2024-11-30 13:30:03",wiwin.dwiutami.hakim,english,"2024-11-30 13:30:03",wiwin.dwiutami.hakim
1412,706,tettt,"2024-11-30 13:30:03",wiwin.dwiutami.hakim,bahasa_indonesia,"2024-11-30 13:30:03",wiwin.dwiutami.hakim
1413,707,CURRENT COMPLAINTS,"2024-11-30 13:49:18",wiwin.dwiutami.hakim,english,"2024-11-30 13:49:18",wiwin.dwiutami.hakim
1414,707,KELUHAN SAAT INI,"2024-11-30 13:49:18",wiwin.dwiutami.hakim,bahasa_indonesia,"2024-11-30 13:49:18",wiwin.dwiutami.hakim
1415,708,Lung Disease,"2024-11-30 13:50:22",wiwin.dwiutami.hakim,english,"2024-11-30 13:50:22",wiwin.dwiutami.hakim
1416,708,Penyakit Paru,"2024-11-30 13:50:22",wiwin.dwiutami.hakim,bahasa_indonesia,"2024-11-30 13:50:22",wiwin.dwiutami.hakim
1417,709,High blood pressure,"2024-11-30 13:50:22",wiwin.dwiutami.hakim,english,"2024-11-30 13:50:22",wiwin.dwiutami.hakim
1418,709,Darah Tinggi,"2024-11-30 13:50:22",wiwin.dwiutami.hakim,bahasa_indonesia,"2024-11-30 13:50:22",wiwin.dwiutami.hakim
1419,710,Fractures / Serious Injuries,"2024-11-30 13:52:02",wiwin.dwiutami.hakim,english,"2024-11-30 13:52:02",wiwin.dwiutami.hakim
1420,710,Fraktur / Luka Berat,"2024-11-30 13:52:02",wiwin.dwiutami.hakim,bahasa_indonesia,"2024-11-30 13:52:02",wiwin.dwiutami.hakim
1421,711,Epilepsy / Seizures,"2024-11-30 13:52:02",wiwin.dwiutami.hakim,english,"2024-11-30 13:52:02",wiwin.dwiutami.hakim
1422,711,Epilepsi / Kejang,"2024-11-30 13:52:02",wiwin.dwiutami.hakim,bahasa_indonesia,"2024-11-30 13:52:02",wiwin.dwiutami.hakim
1423,712,Tumor / Cancer,"2024-11-30 13:52:02",wiwin.dwiutami.hakim,english,"2024-11-30 13:52:02",wiwin.dwiutami.hakim
1424,712,Tumor / Kanker,"2024-11-30 13:52:02",wiwin.dwiutami.hakim,bahasa_indonesia,"2024-11-30 13:52:02",wiwin.dwiutami.hakim
1425,713,Other Diseases,"2024-11-30 13:52:02",wiwin.dwiutami.hakim,english,"2024-11-30 13:52:02",wiwin.dwiutami.hakim
1426,713,Penyakit Lain,"2024-11-30 13:52:02",wiwin.dwiutami.hakim,bahasa_indonesia,"2024-11-30 13:52:02",wiwin.dwiutami.hakim
1427,714,Heart disease,"2024-11-30 13:52:02",wiwin.dwiutami.hakim,english,"2024-11-30 13:52:02",wiwin.dwiutami.hakim
1428,714,Penyakit Jantung,"2024-11-30 13:52:02",wiwin.dwiutami.hakim,bahasa_indonesia,"2024-11-30 13:52:02",wiwin.dwiutami.hakim
1429,715,Asthma,"2024-11-30 13:52:02",wiwin.dwiutami.hakim,english,"2024-11-30 13:52:02",wiwin.dwiutami.hakim
1430,715,Penyakit Asma,"2024-11-30 13:52:02",wiwin.dwiutami.hakim,bahasa_indonesia,"2024-11-30 13:52:02",wiwin.dwiutami.hakim
1431,716,Diabetes mellitus,"2024-11-30 13:52:02",wiwin.dwiutami.hakim,english,"2024-11-30 13:52:02",wiwin.dwiutami.hakim
1432,716,Diabetes Melitus,"2024-11-30 13:52:02",wiwin.dwiutami.hakim,bahasa_indonesia,"2024-11-30 13:52:02",wiwin.dwiutami.hakim
1433,717,ALLERGY HISTORY,"2024-11-30 13:54:44",wiwin.dwiutami.hakim,english,"2024-11-30 13:54:44",wiwin.dwiutami.hakim
1434,717,RIWAYAT ALERGI,"2024-11-30 13:54:44",wiwin.dwiutami.hakim,bahasa_indonesia,"2024-11-30 13:54:44",wiwin.dwiutami.hakim
1435,718,ROUTINE MEDICATIONS CONSUMED,"2024-11-30 13:55:06",wiwin.dwiutami.hakim,english,"2024-11-30 13:55:06",wiwin.dwiutami.hakim
1436,718,OBAT RUTIN YANG DIKONSUMSI,"2024-11-30 13:55:06",wiwin.dwiutami.hakim,bahasa_indonesia,"2024-11-30 13:55:06",wiwin.dwiutami.hakim
1437,719,MOTHER'S DISEASE HISTORY,"2024-11-30 13:55:55",wiwin.dwiutami.hakim,english,"2024-11-30 13:55:55",wiwin.dwiutami.hakim
1438,719,RIWAYAT PENYAKIT IBU,"2024-11-30 13:55:55",wiwin.dwiutami.hakim,bahasa_indonesia,"2024-11-30 13:55:55",wiwin.dwiutami.hakim
1439,720,FATHER'S DISEASE HISTORY,"2024-11-30 13:55:55",wiwin.dwiutami.hakim,english,"2024-11-30 13:55:55",wiwin.dwiutami.hakim
1440,720,RIWAYAT PENYAKIT AYAH,"2024-11-30 13:55:55",wiwin.dwiutami.hakim,bahasa_indonesia,"2024-11-30 13:55:55",wiwin.dwiutami.hakim
1441,721,Smoke,"2024-11-30 13:57:18",wiwin.dwiutami.hakim,english,"2024-11-30 13:57:18",wiwin.dwiutami.hakim
1442,721,Merokok,"2024-11-30 13:57:18",wiwin.dwiutami.hakim,bahasa_indonesia,"2024-11-30 13:57:18",wiwin.dwiutami.hakim
1443,722,Drinking Alcohol,"2024-11-30 13:57:18",wiwin.dwiutami.hakim,english,"2024-11-30 13:57:18",wiwin.dwiutami.hakim
1444,722,Minum Alkohol,"2024-11-30 13:57:18",wiwin.dwiutami.hakim,bahasa_indonesia,"2024-11-30 13:57:18",wiwin.dwiutami.hakim
1445,723,Physical Exercise,"2024-11-30 13:57:18",wiwin.dwiutami.hakim,english,"2024-11-30 13:57:18",wiwin.dwiutami.hakim
1446,723,Olah Raga,"2024-11-30 13:57:18",wiwin.dwiutami.hakim,bahasa_indonesia,"2024-11-30 13:57:18",wiwin.dwiutami.hakim
1447,724,Noise,"2024-11-30 13:58:51",wiwin.dwiutami.hakim,english,"2024-11-30 13:58:51",wiwin.dwiutami.hakim
1448,724,Kebisingan,"2024-11-30 13:58:51",wiwin.dwiutami.hakim,bahasa_indonesia,"2024-11-30 13:58:51",wiwin.dwiutami.hakim
1449,725,Dust/Smoke,"2024-11-30 13:58:51",wiwin.dwiutami.hakim,english,"2024-11-30 13:58:51",wiwin.dwiutami.hakim
1450,725,Debu/Asap,"2024-11-30 13:58:51",wiwin.dwiutami.hakim,bahasa_indonesia,"2024-11-30 13:58:51",wiwin.dwiutami.hakim
1451,726,Computer Radiation,"2024-11-30 13:58:51",wiwin.dwiutami.hakim,english,"2024-11-30 13:58:51",wiwin.dwiutami.hakim
1452,726,Radiasi Komputer,"2024-11-30 13:58:51",wiwin.dwiutami.hakim,bahasa_indonesia,"2024-11-30 13:58:51",wiwin.dwiutami.hakim
1453,727,Extreme Temperature,"2024-11-30 13:58:51",wiwin.dwiutami.hakim,english,"2024-11-30 13:58:51",wiwin.dwiutami.hakim
1454,727,Suhu Ekstrim,"2024-11-30 13:58:51",wiwin.dwiutami.hakim,bahasa_indonesia,"2024-11-30 13:58:51",wiwin.dwiutami.hakim
1455,728,Machine Vibration,"2024-11-30 13:58:51",wiwin.dwiutami.hakim,english,"2024-11-30 13:58:51",wiwin.dwiutami.hakim
1456,728,Getaran Mesin,"2024-11-30 13:58:51",wiwin.dwiutami.hakim,bahasa_indonesia,"2024-11-30 13:58:51",wiwin.dwiutami.hakim
1457,729,Chemical material,"2024-11-30 13:58:51",wiwin.dwiutami.hakim,english,"2024-11-30 13:58:51",wiwin.dwiutami.hakim
1458,729,Bahan Kimia,"2024-11-30 13:58:51",wiwin.dwiutami.hakim,bahasa_indonesia,"2024-11-30 13:58:51",wiwin.dwiutami.hakim
1459,730,BB,"2024-11-30 13:59:06",wiwin.dwiutami.hakim,english,"2024-11-30 13:59:06",wiwin.dwiutami.hakim
1460,730,BB,"2024-11-30 13:59:06",wiwin.dwiutami.hakim,bahasa_indonesia,"2024-11-30 13:59:06",wiwin.dwiutami.hakim
1461,731,TB,"2024-11-30 13:59:23",wiwin.dwiutami.hakim,english,"2024-11-30 13:59:23",wiwin.dwiutami.hakim
1462,731,TB,"2024-11-30 13:59:23",wiwin.dwiutami.hakim,bahasa_indonesia,"2024-11-30 13:59:23",wiwin.dwiutami.hakim
1463,732,BMI,"2024-11-30 13:59:32",wiwin.dwiutami.hakim,english,"2024-11-30 13:59:32",wiwin.dwiutami.hakim
1464,732,BMI,"2024-11-30 13:59:32",wiwin.dwiutami.hakim,bahasa_indonesia,"2024-11-30 13:59:32",wiwin.dwiutami.hakim
1465,733,Cystolic,"2024-11-30 14:00:06",wiwin.dwiutami.hakim,english,"2024-11-30 14:00:06",wiwin.dwiutami.hakim
1466,733,Sitolik,"2024-11-30 14:00:06",wiwin.dwiutami.hakim,bahasa_indonesia,"2024-11-30 14:00:06",wiwin.dwiutami.hakim
1467,734,Diastolic,"2024-11-30 14:00:06",wiwin.dwiutami.hakim,english,"2024-11-30 14:00:06",wiwin.dwiutami.hakim
1468,734,Diastolik,"2024-11-30 14:00:06",wiwin.dwiutami.hakim,bahasa_indonesia,"2024-11-30 14:00:06",wiwin.dwiutami.hakim
1469,735,Pulse,"2024-11-30 14:00:18",wiwin.dwiutami.hakim,english,"2024-11-30 14:00:18",wiwin.dwiutami.hakim
1470,735,Nadi,"2024-11-30 14:00:18",wiwin.dwiutami.hakim,bahasa_indonesia,"2024-11-30 14:00:18",wiwin.dwiutami.hakim
1471,736,Breathing,"2024-11-30 14:00:29",wiwin.dwiutami.hakim,english,"2024-11-30 14:00:29",wiwin.dwiutami.hakim
1472,736,Pernapasan,"2024-11-30 14:00:29",wiwin.dwiutami.hakim,bahasa_indonesia,"2024-11-30 14:00:29",wiwin.dwiutami.hakim
1473,737,Body Temperature,"2024-11-30 14:00:43",wiwin.dwiutami.hakim,english,"2024-11-30 14:00:43",wiwin.dwiutami.hakim
1474,737,Suhu Badan,"2024-11-30 14:00:43",wiwin.dwiutami.hakim,bahasa_indonesia,"2024-11-30 14:00:43",wiwin.dwiutami.hakim
1475,738,Head and Face,"2024-11-30 14:00:58",wiwin.dwiutami.hakim,english,"2024-11-30 14:00:58",wiwin.dwiutami.hakim
1476,738,Kepala dan Wajah,"2024-11-30 14:00:58",wiwin.dwiutami.hakim,bahasa_indonesia,"2024-11-30 14:00:58",wiwin.dwiutami.hakim
1477,739,Field of View,"2024-11-30 14:02:41",wiwin.dwiutami.hakim,english,"2024-11-30 14:02:41",wiwin.dwiutami.hakim
1478,739,Lapang Pandang,"2024-11-30 14:02:41",wiwin.dwiutami.hakim,bahasa_indonesia,"2024-11-30 14:02:41",wiwin.dwiutami.hakim
1479,740,Vision Close to Correction,"2024-11-30 14:02:41",wiwin.dwiutami.hakim,english,"2024-11-30 14:02:41",wiwin.dwiutami.hakim
1480,740,Visus Dekat Dengan Koreksi,"2024-11-30 14:02:41",wiwin.dwiutami.hakim,bahasa_indonesia,"2024-11-30 14:02:41",wiwin.dwiutami.hakim
1481,741,Eye,"2024-11-30 14:02:41",wiwin.dwiutami.hakim,english,"2024-11-30 18:55:23",wiwin.dwiutami.hakim
1482,741,Mata,"2024-11-30 14:02:41",wiwin.dwiutami.hakim,bahasa_indonesia,"2024-11-30 18:55:23",wiwin.dwiutami.hakim
1483,742,Uncorrected Near Vision,"2024-11-30 14:02:41",wiwin.dwiutami.hakim,english,"2024-11-30 14:02:41",wiwin.dwiutami.hakim
1484,742,Visus Dekat Tanpa Koreksi,"2024-11-30 14:02:41",wiwin.dwiutami.hakim,bahasa_indonesia,"2024-11-30 14:02:41",wiwin.dwiutami.hakim
1485,743,Visual Conclusion,"2024-11-30 14:02:41",wiwin.dwiutami.hakim,english,"2024-11-30 14:02:41",wiwin.dwiutami.hakim
1486,743,Kesimpulan Visus,"2024-11-30 14:02:41",wiwin.dwiutami.hakim,bahasa_indonesia,"2024-11-30 14:02:41",wiwin.dwiutami.hakim
1487,744,Far Vision With Correction,"2024-11-30 14:02:41",wiwin.dwiutami.hakim,english,"2024-11-30 14:02:41",wiwin.dwiutami.hakim
1488,744,Visus Jauh Dengan Koreksi,"2024-11-30 14:02:41",wiwin.dwiutami.hakim,bahasa_indonesia,"2024-11-30 14:02:41",wiwin.dwiutami.hakim
1489,745,Uncorrected Far Vision,"2024-11-30 14:02:41",wiwin.dwiutami.hakim,english,"2024-11-30 14:02:41",wiwin.dwiutami.hakim
1490,745,Visus Jauh Tanpa Koreksi,"2024-11-30 14:02:41",wiwin.dwiutami.hakim,bahasa_indonesia,"2024-11-30 14:02:41",wiwin.dwiutami.hakim
1491,746,EAR,"2024-11-30 14:02:59",wiwin.dwiutami.hakim,english,"2024-11-30 14:02:59",wiwin.dwiutami.hakim
1492,746,TELINGA,"2024-11-30 14:02:59",wiwin.dwiutami.hakim,bahasa_indonesia,"2024-11-30 14:02:59",wiwin.dwiutami.hakim
1493,747,NOSE,"2024-11-30 14:03:13",wiwin.dwiutami.hakim,english,"2024-11-30 14:03:13",wiwin.dwiutami.hakim
1494,747,HIDUNG,"2024-11-30 14:03:13",wiwin.dwiutami.hakim,bahasa_indonesia,"2024-11-30 14:03:13",wiwin.dwiutami.hakim
1495,748,MOUTH & THROAT,"2024-11-30 14:03:25",wiwin.dwiutami.hakim,english,"2024-11-30 14:03:25",wiwin.dwiutami.hakim
1496,748,MULUT & TENGGOROKAN,"2024-11-30 14:03:25",wiwin.dwiutami.hakim,bahasa_indonesia,"2024-11-30 14:03:25",wiwin.dwiutami.hakim
1497,749,TOOTH,"2024-11-30 14:03:36",wiwin.dwiutami.hakim,english,"2024-11-30 14:03:36",wiwin.dwiutami.hakim
1498,749,GIGI,"2024-11-30 14:03:36",wiwin.dwiutami.hakim,bahasa_indonesia,"2024-11-30 14:03:36",wiwin.dwiutami.hakim
1499,750,NECK,"2024-11-30 14:03:48",wiwin.dwiutami.hakim,english,"2024-11-30 14:03:48",wiwin.dwiutami.hakim
1500,750,LEHER,"2024-11-30 14:03:48",wiwin.dwiutami.hakim,bahasa_indonesia,"2024-11-30 14:03:48",wiwin.dwiutami.hakim
1501,751,THORAX,"2024-11-30 14:04:02",wiwin.dwiutami.hakim,english,"2024-11-30 14:04:02",wiwin.dwiutami.hakim
1502,751,THORAX,"2024-11-30 14:04:02",wiwin.dwiutami.hakim,bahasa_indonesia,"2024-11-30 14:04:02",wiwin.dwiutami.hakim
1503,752,HEART,"2024-11-30 14:04:16",wiwin.dwiutami.hakim,english,"2024-11-30 14:04:16",wiwin.dwiutami.hakim
1504,752,JANTUNG,"2024-11-30 14:04:16",wiwin.dwiutami.hakim,bahasa_indonesia,"2024-11-30 14:04:16",wiwin.dwiutami.hakim
1505,753,ABDOMEN,"2024-11-30 14:04:28",wiwin.dwiutami.hakim,english,"2024-11-30 14:04:28",wiwin.dwiutami.hakim
1506,753,ABDOMEN,"2024-11-30 14:04:28",wiwin.dwiutami.hakim,bahasa_indonesia,"2024-11-30 14:04:28",wiwin.dwiutami.hakim
1507,754,GENITALIA & ANORECTAL,"2024-11-30 14:04:41",wiwin.dwiutami.hakim,english,"2024-11-30 14:04:41",wiwin.dwiutami.hakim
1508,754,GENITALIA & ANOREKTAL,"2024-11-30 14:04:41",wiwin.dwiutami.hakim,bahasa_indonesia,"2024-11-30 14:04:41",wiwin.dwiutami.hakim
1509,755,EXTREMITIES,"2024-11-30 14:04:53",wiwin.dwiutami.hakim,english,"2024-11-30 14:04:53",wiwin.dwiutami.hakim
1510,755,EKSTREMITAS,"2024-11-30 14:04:53",wiwin.dwiutami.hakim,bahasa_indonesia,"2024-11-30 14:04:53",wiwin.dwiutami.hakim
1511,756,SKIN,"2024-11-30 14:05:07",wiwin.dwiutami.hakim,english,"2024-11-30 14:05:07",wiwin.dwiutami.hakim
1512,756,KULIT,"2024-11-30 14:05:07",wiwin.dwiutami.hakim,bahasa_indonesia,"2024-11-30 14:05:07",wiwin.dwiutami.hakim
1513,757,NEUROLOGIST,"2024-11-30 14:05:20",wiwin.dwiutami.hakim,english,"2024-11-30 14:05:20",wiwin.dwiutami.hakim
1514,757,NEUROLOGIS,"2024-11-30 14:05:20",wiwin.dwiutami.hakim,bahasa_indonesia,"2024-11-30 14:05:20",wiwin.dwiutami.hakim
1515,758,CURRENT COMPLAINTS,"2024-11-30 19:08:28",wiwin.dwiutami.hakim,english,"2024-11-30 19:08:28",wiwin.dwiutami.hakim
1516,758,KELUHAN SAAT INI,"2024-11-30 19:08:28",wiwin.dwiutami.hakim,bahasa_indonesia,"2024-11-30 19:08:28",wiwin.dwiutami.hakim
1517,759,Epilepsy / Seizures,"2024-11-30 19:10:39",wiwin.dwiutami.hakim,english,"2024-11-30 19:10:39",wiwin.dwiutami.hakim
1518,759,Epilepsi / Kejang,"2024-11-30 19:10:39",wiwin.dwiutami.hakim,bahasa_indonesia,"2024-11-30 19:10:39",wiwin.dwiutami.hakim
1519,760,Asthma,"2024-11-30 19:10:39",wiwin.dwiutami.hakim,english,"2024-11-30 19:10:39",wiwin.dwiutami.hakim
1520,760,Penyakit Asma,"2024-11-30 19:10:39",wiwin.dwiutami.hakim,bahasa_indonesia,"2024-11-30 19:10:39",wiwin.dwiutami.hakim
1521,761,Fractures / Serious Injuries,"2024-11-30 19:10:39",wiwin.dwiutami.hakim,english,"2024-11-30 19:10:39",wiwin.dwiutami.hakim
1522,761,Fraktur / Luka Berat,"2024-11-30 19:10:39",wiwin.dwiutami.hakim,bahasa_indonesia,"2024-11-30 19:10:39",wiwin.dwiutami.hakim
1523,762,Hypertension,"2024-11-30 19:10:39",wiwin.dwiutami.hakim,english,"2024-11-30 22:09:51",novi
1524,762,Darah Tinggi,"2024-11-30 19:10:39",wiwin.dwiutami.hakim,bahasa_indonesia,"2024-11-30 19:10:39",wiwin.dwiutami.hakim
1525,763,Diabetes Mellitus,"2024-11-30 19:10:39",wiwin.dwiutami.hakim,english,"2024-11-30 22:09:51",novi
1526,763,Diabetes Melitus,"2024-11-30 19:10:39",wiwin.dwiutami.hakim,bahasa_indonesia,"2024-11-30 19:10:39",wiwin.dwiutami.hakim
1527,764,Tumor / Cancer,"2024-11-30 19:10:39",wiwin.dwiutami.hakim,english,"2024-11-30 19:10:39",wiwin.dwiutami.hakim
1528,764,Tumor / Kanker,"2024-11-30 19:10:39",wiwin.dwiutami.hakim,bahasa_indonesia,"2024-11-30 19:10:39",wiwin.dwiutami.hakim
1529,765,Other Diseases,"2024-11-30 19:10:39",wiwin.dwiutami.hakim,english,"2024-11-30 19:10:39",wiwin.dwiutami.hakim
1530,765,Penyakit Lain,"2024-11-30 19:10:39",wiwin.dwiutami.hakim,bahasa_indonesia,"2024-11-30 19:10:39",wiwin.dwiutami.hakim
1531,766,Heart disease,"2024-11-30 19:10:39",wiwin.dwiutami.hakim,english,"2024-11-30 19:10:39",wiwin.dwiutami.hakim
1532,766,Penyakit Jantung,"2024-11-30 19:10:39",wiwin.dwiutami.hakim,bahasa_indonesia,"2024-11-30 19:10:39",wiwin.dwiutami.hakim
1533,767,Lung Disease,"2024-11-30 19:10:39",wiwin.dwiutami.hakim,english,"2024-11-30 19:10:39",wiwin.dwiutami.hakim
1534,767,Penyakit Paru,"2024-11-30 19:10:39",wiwin.dwiutami.hakim,bahasa_indonesia,"2024-11-30 19:10:39",wiwin.dwiutami.hakim
1535,768,ALLERGY HISTORY,"2024-11-30 19:10:55",wiwin.dwiutami.hakim,english,"2024-11-30 19:10:55",wiwin.dwiutami.hakim
1536,768,RIWAYAT ALERGI,"2024-11-30 19:10:55",wiwin.dwiutami.hakim,bahasa_indonesia,"2024-11-30 19:10:55",wiwin.dwiutami.hakim
1537,769,ROUTINE MEDICATIONS CONSUMED,"2024-11-30 19:11:12",wiwin.dwiutami.hakim,english,"2024-11-30 19:11:12",wiwin.dwiutami.hakim
1538,769,OBAT RUTIN YANG DIKONSUMSI,"2024-11-30 19:11:12",wiwin.dwiutami.hakim,bahasa_indonesia,"2024-11-30 19:11:12",wiwin.dwiutami.hakim
1539,770,Paternal Disease History,"2024-11-30 19:12:21",wiwin.dwiutami.hakim,english,"2024-11-30 22:08:28",novi
1540,770,Riwayat Penyakit Ayah,"2024-11-30 19:12:21",wiwin.dwiutami.hakim,bahasa_indonesia,"2024-11-30 22:08:28",novi
1541,771,Maternal Disease History,"2024-11-30 19:12:21",wiwin.dwiutami.hakim,english,"2024-11-30 22:08:28",novi
1542,771,Riwayat Penyakit Ibu,"2024-11-30 19:12:21",wiwin.dwiutami.hakim,bahasa_indonesia,"2024-11-30 22:08:28",novi
1543,772,Exercise,"2024-11-30 19:13:28",wiwin.dwiutami.hakim,english,"2024-11-30 22:03:20",novi
1544,772,Olah Raga,"2024-11-30 19:13:28",wiwin.dwiutami.hakim,bahasa_indonesia,"2024-11-30 19:13:28",wiwin.dwiutami.hakim
1545,773,Smoking,"2024-11-30 19:13:28",wiwin.dwiutami.hakim,english,"2024-11-30 22:03:20",novi
1546,773,Merokok,"2024-11-30 19:13:28",wiwin.dwiutami.hakim,bahasa_indonesia,"2024-11-30 19:13:28",wiwin.dwiutami.hakim
1547,774,Alcohol Consumption,"2024-11-30 19:13:28",wiwin.dwiutami.hakim,english,"2024-11-30 22:03:20",novi
1548,774,Minum Alkohol,"2024-11-30 19:13:28",wiwin.dwiutami.hakim,bahasa_indonesia,"2024-11-30 19:13:28",wiwin.dwiutami.hakim
1549,775,Extreme Temperature,"2024-11-30 19:18:49",wiwin.dwiutami.hakim,english,"2024-11-30 19:18:49",wiwin.dwiutami.hakim
1550,775,Suhu Ekstrim,"2024-11-30 19:18:49",wiwin.dwiutami.hakim,bahasa_indonesia,"2024-11-30 19:18:49",wiwin.dwiutami.hakim
1551,776,Noise,"2024-11-30 19:18:49",wiwin.dwiutami.hakim,english,"2024-11-30 19:18:49",wiwin.dwiutami.hakim
1552,776,Kebisingan,"2024-11-30 19:18:49",wiwin.dwiutami.hakim,bahasa_indonesia,"2024-11-30 19:18:49",wiwin.dwiutami.hakim
1553,777,Dust/Smoke,"2024-11-30 19:18:49",wiwin.dwiutami.hakim,english,"2024-11-30 19:18:49",wiwin.dwiutami.hakim
1554,777,Debu/Asap,"2024-11-30 19:18:49",wiwin.dwiutami.hakim,bahasa_indonesia,"2024-11-30 19:18:49",wiwin.dwiutami.hakim
1555,778,Chemical Substances,"2024-11-30 19:18:49",wiwin.dwiutami.hakim,english,"2024-11-30 22:04:54",novi
1556,778,Bahan Kimia,"2024-11-30 19:18:49",wiwin.dwiutami.hakim,bahasa_indonesia,"2024-11-30 19:18:49",wiwin.dwiutami.hakim
1557,779,Machine Vibration,"2024-11-30 19:18:49",wiwin.dwiutami.hakim,english,"2024-11-30 19:18:49",wiwin.dwiutami.hakim
1558,779,Getaran Mesin,"2024-11-30 19:18:49",wiwin.dwiutami.hakim,bahasa_indonesia,"2024-11-30 19:18:49",wiwin.dwiutami.hakim
1559,780,Computer Radiation,"2024-11-30 19:18:49",wiwin.dwiutami.hakim,english,"2024-11-30 19:18:49",wiwin.dwiutami.hakim
1560,780,Radiasi Komputer,"2024-11-30 19:18:49",wiwin.dwiutami.hakim,bahasa_indonesia,"2024-11-30 19:18:49",wiwin.dwiutami.hakim
1561,781,BB,"2024-11-30 19:19:03",wiwin.dwiutami.hakim,english,"2024-11-30 19:19:03",wiwin.dwiutami.hakim
1562,781,BB,"2024-11-30 19:19:03",wiwin.dwiutami.hakim,bahasa_indonesia,"2024-11-30 19:19:03",wiwin.dwiutami.hakim
1563,782,TB,"2024-11-30 19:19:14",wiwin.dwiutami.hakim,english,"2024-11-30 19:19:14",wiwin.dwiutami.hakim
1564,782,TB,"2024-11-30 19:19:14",wiwin.dwiutami.hakim,bahasa_indonesia,"2024-11-30 19:19:14",wiwin.dwiutami.hakim
1565,783,BMI,"2024-11-30 19:19:23",wiwin.dwiutami.hakim,english,"2024-11-30 19:19:23",wiwin.dwiutami.hakim
1566,783,BMI,"2024-11-30 19:19:23",wiwin.dwiutami.hakim,bahasa_indonesia,"2024-11-30 19:19:23",wiwin.dwiutami.hakim
1567,784,Diastolic,"2024-11-30 19:20:23",wiwin.dwiutami.hakim,english,"2024-11-30 19:20:23",wiwin.dwiutami.hakim
1568,784,Diastolik,"2024-11-30 19:20:23",wiwin.dwiutami.hakim,bahasa_indonesia,"2024-11-30 19:20:23",wiwin.dwiutami.hakim
1569,785,Systolic,"2024-11-30 19:20:23",wiwin.dwiutami.hakim,english,"2024-11-30 21:49:49",novi
1570,785,Sistolik,"2024-11-30 19:20:23",wiwin.dwiutami.hakim,bahasa_indonesia,"2024-11-30 21:49:49",novi
1571,786,Heart Rate,"2024-11-30 19:20:38",wiwin.dwiutami.hakim,english,"2024-11-30 21:52:01",novi
1572,786,Nadi,"2024-11-30 19:20:38",wiwin.dwiutami.hakim,bahasa_indonesia,"2024-11-30 19:20:38",wiwin.dwiutami.hakim
1573,787,Respiratory Rate,"2024-11-30 19:20:48",wiwin.dwiutami.hakim,english,"2024-11-30 21:52:24",novi
1574,787,Laju Pernapasan,"2024-11-30 19:20:48",wiwin.dwiutami.hakim,bahasa_indonesia,"2024-11-30 22:05:43",novi
1575,788,Body Temperature,"2024-11-30 19:20:59",wiwin.dwiutami.hakim,english,"2024-11-30 19:20:59",wiwin.dwiutami.hakim
1576,788,Suhu Badan,"2024-11-30 19:20:59",wiwin.dwiutami.hakim,bahasa_indonesia,"2024-11-30 19:20:59",wiwin.dwiutami.hakim
1577,789,HEAD AND FACE,"2024-11-30 19:21:14",wiwin.dwiutami.hakim,english,"2024-11-30 22:06:37",novi
1578,789,KEPALA DAN WAJAH,"2024-11-30 19:21:14",wiwin.dwiutami.hakim,bahasa_indonesia,"2024-11-30 22:06:37",novi
1579,790,EYES,"2024-11-30 19:21:33",wiwin.dwiutami.hakim,english,"2024-11-30 22:06:48",novi
1580,790,MATA,"2024-11-30 19:21:33",wiwin.dwiutami.hakim,bahasa_indonesia,"2024-11-30 22:06:48",novi
1581,791,Color Blindness Test,"2024-11-30 19:21:50",wiwin.dwiutami.hakim,english,"2024-11-30 19:21:50",wiwin.dwiutami.hakim
1582,791,Tes Buta Warna,"2024-11-30 19:21:50",wiwin.dwiutami.hakim,bahasa_indonesia,"2024-11-30 19:21:50",wiwin.dwiutami.hakim
1583,792,Visual Field,"2024-11-30 19:22:01",wiwin.dwiutami.hakim,english,"2024-11-30 21:53:43",novi
1584,792,Lapang Pandang,"2024-11-30 19:22:01",wiwin.dwiutami.hakim,bahasa_indonesia,"2024-11-30 19:22:01",wiwin.dwiutami.hakim
1585,793,Uncorrected Far Eyesight,"2024-11-30 19:22:12",wiwin.dwiutami.hakim,english,"2024-11-30 21:54:18",novi
1586,793,Visus Jauh Tanpa Koreksi,"2024-11-30 19:22:12",wiwin.dwiutami.hakim,bahasa_indonesia,"2024-11-30 19:22:12",wiwin.dwiutami.hakim
1587,794,Corrected Far Eyesight ,"2024-11-30 19:22:23",wiwin.dwiutami.hakim,english,"2024-11-30 21:55:43",novi
1588,794,Visus Jauh Dengan Koreksi,"2024-11-30 19:22:23",wiwin.dwiutami.hakim,bahasa_indonesia,"2024-11-30 19:22:23",wiwin.dwiutami.hakim
1589,795,Uncorrected Near Eyesight,"2024-11-30 19:22:33",wiwin.dwiutami.hakim,english,"2024-11-30 21:55:10",novi
1590,795,Visus Dekat Tanpa Koreksi,"2024-11-30 19:22:33",wiwin.dwiutami.hakim,bahasa_indonesia,"2024-11-30 19:22:33",wiwin.dwiutami.hakim
1591,796,Corrected Near Eyesight,"2024-11-30 19:22:45",wiwin.dwiutami.hakim,english,"2024-11-30 21:56:21",novi
1592,796,Visus Dekat Dengan Koreksi,"2024-11-30 19:22:45",wiwin.dwiutami.hakim,bahasa_indonesia,"2024-11-30 19:22:45",wiwin.dwiutami.hakim
1593,797,Visual Acuity,"2024-11-30 19:22:57",wiwin.dwiutami.hakim,english,"2024-11-30 21:57:16",novi
1594,797,Kesimpulan Visus,"2024-11-30 19:22:57",wiwin.dwiutami.hakim,bahasa_indonesia,"2024-11-30 19:22:57",wiwin.dwiutami.hakim
1595,798,EAR,"2024-11-30 19:23:11",wiwin.dwiutami.hakim,english,"2024-11-30 19:23:11",wiwin.dwiutami.hakim
1596,798,TELINGA,"2024-11-30 19:23:11",wiwin.dwiutami.hakim,bahasa_indonesia,"2024-11-30 19:23:11",wiwin.dwiutami.hakim
1597,799,NOSE,"2024-11-30 19:23:22",wiwin.dwiutami.hakim,english,"2024-11-30 19:23:22",wiwin.dwiutami.hakim
1598,799,HIDUNG,"2024-11-30 19:23:22",wiwin.dwiutami.hakim,bahasa_indonesia,"2024-11-30 19:23:22",wiwin.dwiutami.hakim
1599,800,MOUTH & THROAT,"2024-11-30 19:23:33",wiwin.dwiutami.hakim,english,"2024-11-30 19:23:33",wiwin.dwiutami.hakim
1600,800,MULUT & TENGGOROKAN,"2024-11-30 19:23:33",wiwin.dwiutami.hakim,bahasa_indonesia,"2024-11-30 19:23:33",wiwin.dwiutami.hakim
1601,801,TEETH,"2024-11-30 19:23:45",wiwin.dwiutami.hakim,english,"2024-11-30 21:57:35",novi
1602,801,GIGI,"2024-11-30 19:23:45",wiwin.dwiutami.hakim,bahasa_indonesia,"2024-11-30 19:23:45",wiwin.dwiutami.hakim
1603,802,NECK,"2024-11-30 19:23:57",wiwin.dwiutami.hakim,english,"2024-11-30 19:23:57",wiwin.dwiutami.hakim
1604,802,LEHER,"2024-11-30 19:23:57",wiwin.dwiutami.hakim,bahasa_indonesia,"2024-11-30 19:23:57",wiwin.dwiutami.hakim
1605,803,CHEST / LUNG,"2024-11-30 19:24:06",wiwin.dwiutami.hakim,english,"2024-11-30 21:58:05",novi
1606,803,THORAX,"2024-11-30 19:24:06",wiwin.dwiutami.hakim,bahasa_indonesia,"2024-11-30 19:24:06",wiwin.dwiutami.hakim
1607,804,HEART,"2024-11-30 19:24:18",wiwin.dwiutami.hakim,english,"2024-11-30 19:24:18",wiwin.dwiutami.hakim
1608,804,JANTUNG,"2024-11-30 19:24:18",wiwin.dwiutami.hakim,bahasa_indonesia,"2024-11-30 19:24:18",wiwin.dwiutami.hakim
1609,805,ABDOMEN,"2024-11-30 19:24:27",wiwin.dwiutami.hakim,english,"2024-11-30 19:24:27",wiwin.dwiutami.hakim
1610,805,ABDOMEN,"2024-11-30 19:24:27",wiwin.dwiutami.hakim,bahasa_indonesia,"2024-11-30 19:24:27",wiwin.dwiutami.hakim
1611,806,GENITALIA & ANORECTAL,"2024-11-30 19:24:38",wiwin.dwiutami.hakim,english,"2024-11-30 19:24:38",wiwin.dwiutami.hakim
1612,806,GENETALIA & ANOREKTAL,"2024-11-30 19:24:38",wiwin.dwiutami.hakim,bahasa_indonesia,"2024-11-30 21:59:10",novi
1613,807,EXTREMITIES,"2024-11-30 19:24:50",wiwin.dwiutami.hakim,english,"2024-11-30 19:24:50",wiwin.dwiutami.hakim
1614,807,EKSTREMITAS,"2024-11-30 19:24:50",wiwin.dwiutami.hakim,bahasa_indonesia,"2024-11-30 19:24:50",wiwin.dwiutami.hakim
1615,808,SKIN,"2024-11-30 19:25:02",wiwin.dwiutami.hakim,english,"2024-11-30 19:25:02",wiwin.dwiutami.hakim
1616,808,KULIT,"2024-11-30 19:25:02",wiwin.dwiutami.hakim,bahasa_indonesia,"2024-11-30 19:25:02",wiwin.dwiutami.hakim
1617,809,NERVOUS SYSTEM,"2024-11-30 19:25:13",wiwin.dwiutami.hakim,english,"2024-11-30 22:00:35",novi
1618,809,NEUROLOGIS,"2024-11-30 19:25:13",wiwin.dwiutami.hakim,bahasa_indonesia,"2024-11-30 19:25:13",wiwin.dwiutami.hakim
1619,810,NIPT Basic,"2024-12-13 14:38:42",wiwin.dwiutami.hakim,bahasa_indonesia,"2024-12-13 14:38:42",wiwin.dwiutami.hakim
1620,810,NIPT Basic,"2024-12-13 14:38:42",wiwin.dwiutami.hakim,english,"2024-12-13 14:38:42",wiwin.dwiutami.hakim
1621,811,NIPT Premium,"2024-12-13 14:39:20",wiwin.dwiutami.hakim,bahasa_indonesia,"2024-12-13 14:39:20",wiwin.dwiutami.hakim
1622,811,NIPT Premium,"2024-12-13 14:39:20",wiwin.dwiutami.hakim,english,"2024-12-13 14:39:20",wiwin.dwiutami.hakim
1623,812,Pemeriksaan Funduskopi,"2024-12-20 16:18:59",wiwin.dwiutami.hakim,bahasa_indonesia,"2024-12-20 16:18:59",wiwin.dwiutami.hakim
1624,812,Fundoscopy,"2024-12-20 16:18:59",wiwin.dwiutami.hakim,english,"2024-12-20 16:18:59",wiwin.dwiutami.hakim
1625,813,Timbal dalam Darah,"2024-12-21 20:53:09",wiwin.dwiutami.hakim,bahasa_indonesia,"2024-12-21 20:53:09",wiwin.dwiutami.hakim
1626,813,Blood Lead Level Test,"2024-12-21 20:53:09",wiwin.dwiutami.hakim,english,"2024-12-21 20:53:09",wiwin.dwiutami.hakim
1627,814,Rasio Kolesterol LDl/Apo B,"2025-01-31 09:36:19",wiwin.dwiutami.hakim,bahasa_indonesia,"2025-01-31 09:36:19",wiwin.dwiutami.hakim
1628,814,LDL-C/Apo B ratio (LAR),"2025-01-31 09:36:19",wiwin.dwiutami.hakim,english,"2025-01-31 09:36:19",wiwin.dwiutami.hakim
1629,815,Vaksinasi Influenza (Fluarix Tetra),"2025-02-10 08:53:03",wiwin.dwiutami.hakim,bahasa_indonesia,"2025-03-14 00:41:12",wiwin.dwiutami.hakim
1630,815,Influenza Vaccination (Fluarix Tetra),"2025-02-10 08:53:03",wiwin.dwiutami.hakim,english,"2025-03-14 00:41:12",wiwin.dwiutami.hakim
1631,816,Vaksinasi RSV (Arexvy),"2025-02-10 09:23:11",wiwin.dwiutami.hakim,bahasa_indonesia,"2025-02-10 09:23:11",wiwin.dwiutami.hakim
1632,816,RSV Vaccination (Arexvy),"2025-02-10 09:23:11",wiwin.dwiutami.hakim,english,"2025-02-10 09:23:11",wiwin.dwiutami.hakim
1633,817,Infus Zat Besi (Ferinject),"2025-02-10 10:34:17",wiwin.dwiutami.hakim,bahasa_indonesia,"2025-03-26 10:19:04",wiwin.dwiutami.hakim
1634,817,Iron Infusion (Ferinject),"2025-02-10 10:34:17",wiwin.dwiutami.hakim,english,"2025-03-26 10:19:04",wiwin.dwiutami.hakim
1635,818,Happy Tummy Injection,"2025-02-14 13:05:13",wiwin.dwiutami.hakim,bahasa_indonesia,"2025-02-14 13:05:13",wiwin.dwiutami.hakim
1636,818,Happy Tummy Injection,"2025-02-14 13:05:13",wiwin.dwiutami.hakim,english,"2025-02-14 13:05:13",wiwin.dwiutami.hakim
1637,819,Pneumonia Vaccination PCV20 (Prevenar),"2025-02-24 15:27:28",wiwin.dwiutami.hakim,english,"2025-02-24 15:27:28",wiwin.dwiutami.hakim
1638,819,Vaksinasi Pneumonia PCV20 (Prevenar),"2025-02-24 15:27:28",wiwin.dwiutami.hakim,bahasa_indonesia,"2025-02-24 15:27:28",wiwin.dwiutami.hakim
1639,820,Pneumonia Vaccination PCV15 (Vaxneuvance),"2025-02-24 15:31:45",wiwin.dwiutami.hakim,english,"2025-02-24 15:31:45",wiwin.dwiutami.hakim
1640,820,Vaksinasi Pneumonia PCV15 (Vaxneuvance),"2025-02-24 15:31:45",wiwin.dwiutami.hakim,bahasa_indonesia,"2025-02-24 15:31:45",wiwin.dwiutami.hakim
1641,821,Vaksinasi Pneumonia PCV10 (Synflorix),"2025-02-24 15:33:53",wiwin.dwiutami.hakim,bahasa_indonesia,"2025-02-24 15:33:53",wiwin.dwiutami.hakim
1642,821,Pneumonia Vaccination PCV10 (Synflorix),"2025-02-24 15:33:53",wiwin.dwiutami.hakim,english,"2025-02-24 15:33:53",wiwin.dwiutami.hakim
1643,822,Vaksinasi Hepatitis A Dewasa (Havrix),"2025-03-05 11:54:15",wiwin.dwiutami.hakim,bahasa_indonesia,"2025-03-05 11:54:15",wiwin.dwiutami.hakim
1644,822,Hepatitis A Adult Vaccination (Havrix),"2025-03-05 11:54:15",wiwin.dwiutami.hakim,english,"2025-03-05 11:54:15",wiwin.dwiutami.hakim
1645,823,Vaksinasi Hepatitis A dan B (Twinrix),"2025-03-05 11:55:27",wiwin.dwiutami.hakim,bahasa_indonesia,"2025-03-05 11:55:27",wiwin.dwiutami.hakim
1646,823,Hepatitis A and B Vaccination (Twinrix),"2025-03-05 11:55:27",wiwin.dwiutami.hakim,english,"2025-03-05 11:55:27",wiwin.dwiutami.hakim
1647,824,Vaksinasi Rabies (Verorab),"2025-03-05 11:56:52",wiwin.dwiutami.hakim,bahasa_indonesia,"2025-03-05 11:56:52",wiwin.dwiutami.hakim
1648,824,Rabies Vaccination (Verorab),"2025-03-05 11:56:52",wiwin.dwiutami.hakim,english,"2025-03-05 11:56:52",wiwin.dwiutami.hakim
1649,825,Vaksinasi DTaP-POLIO IPV (Tetraxim),"2025-03-05 11:58:28",wiwin.dwiutami.hakim,bahasa_indonesia,"2025-03-05 11:58:28",wiwin.dwiutami.hakim
1650,825,DTaP-POLIO IPV Vaccination (Tetraxim),"2025-03-05 11:58:28",wiwin.dwiutami.hakim,english,"2025-03-05 11:58:28",wiwin.dwiutami.hakim
1651,826,Vaksinasi Yellow Fever (Stamaril),"2025-03-05 12:00:47",wiwin.dwiutami.hakim,bahasa_indonesia,"2025-03-05 12:00:47",wiwin.dwiutami.hakim
1652,826,Yellow Fever Vaccination (Stamaril),"2025-03-05 12:00:47",wiwin.dwiutami.hakim,english,"2025-03-05 12:00:47",wiwin.dwiutami.hakim
1653,827,Anti Hangover Drip,"2025-03-05 12:05:51",wiwin.dwiutami.hakim,bahasa_indonesia,"2025-03-05 12:05:51",wiwin.dwiutami.hakim
1654,827,Anti Hangover Drip,"2025-03-05 12:05:51",wiwin.dwiutami.hakim,english,"2025-03-05 12:05:51",wiwin.dwiutami.hakim
1655,828,Pemeriksaan Nutrigenomic (Nutrigenme Kalbe),"2025-03-12 18:37:09",wiwin.dwiutami.hakim,bahasa_indonesia,"2025-03-21 05:25:18",wiwin.dwiutami.hakim
1656,828,Nutrigenomic Test (Nutrigenme Kalbe),"2025-03-12 18:37:09",wiwin.dwiutami.hakim,english,"2025-03-21 05:25:18",wiwin.dwiutami.hakim
1657,829,Nutrigenomic Sample Collection,"2025-03-12 18:38:25",wiwin.dwiutami.hakim,english,"2025-03-21 05:28:08",wiwin.dwiutami.hakim
1658,829,Pengambilan sampel Nutrigenomic,"2025-03-12 18:38:25",wiwin.dwiutami.hakim,bahasa_indonesia,"2025-03-21 05:28:08",wiwin.dwiutami.hakim
1659,830,DTaP-POLIO IPV-HIB Vaccination (Infanrix IPV Hib),"2025-03-25 14:17:44",wiwin.dwiutami.hakim,english,"2025-04-10 14:21:59",wiwin.dwiutami.hakim
1660,830,Vaksinasi DTaP-POLIO IPV-HIB (Infanrix IPV Hib),"2025-03-25 14:17:44",wiwin.dwiutami.hakim,bahasa_indonesia,"2025-04-10 14:21:59",wiwin.dwiutami.hakim
1661,831,IGRA (Interferon Gamma Releasing Assay),"2025-03-26 09:13:57",wiwin.dwiutami.hakim,english,"2025-03-26 09:13:57",wiwin.dwiutami.hakim
1662,831,IGRA (Interferon Gamma Releasing Assay),"2025-03-26 09:13:57",wiwin.dwiutami.hakim,bahasa_indonesia,"2025-03-26 09:13:57",wiwin.dwiutami.hakim
1663,832,Lampiran IGRA,"2025-03-27 11:44:52",wiwin.dwiutami.hakim,english,"2025-03-27 11:44:52",wiwin.dwiutami.hakim
1664,832,Attachment IGRA,"2025-03-27 11:44:52",wiwin.dwiutami.hakim,bahasa_indonesia,"2025-03-27 11:44:52",wiwin.dwiutami.hakim
1665,833,Halofit Semaglutide Injection [INITIAL DOSAGE],"2025-04-09 23:10:59",wiwin.dwiutami.hakim,english,"2025-04-09 23:10:59",wiwin.dwiutami.hakim
1666,833,Halofit Semaglutide Injection [INITIAL DOSAGE],"2025-04-09 23:10:59",wiwin.dwiutami.hakim,bahasa_indonesia,"2025-04-09 23:10:59",wiwin.dwiutami.hakim
1667,834,Halofit Semaglutide Injection [MAINTENANCE],"2025-04-10 11:04:24",wiwin.dwiutami.hakim,english,"2025-04-10 11:04:24",wiwin.dwiutami.hakim
1668,834,Halofit Semaglutide Injection [MAINTENANCE],"2025-04-10 11:04:24",wiwin.dwiutami.hakim,bahasa_indonesia,"2025-04-10 11:04:24",wiwin.dwiutami.hakim
1669,835,Vaksinasi Pneumonia PPSV23 (Pneumovax 23),"2025-04-30 14:03:53",wiwin.dwiutami.hakim,bahasa_indonesia,"2025-05-01 15:23:32",wiwin.dwiutami.hakim
1670,835,Pneumonia PPSV23 Vaccination (Pneumovax 23),"2025-04-30 14:03:53",wiwin.dwiutami.hakim,english,"2025-05-01 15:23:32",wiwin.dwiutami.hakim
1671,836,Injeksi Vitamin C PROVE C,"2025-05-13 09:52:52",wiwin.dwiutami.hakim,english,"2025-05-13 09:52:52",wiwin.dwiutami.hakim
1672,836,Injeksi Vitamin C PROVE C,"2025-05-13 09:52:52",wiwin.dwiutami.hakim,bahasa_indonesia,"2025-05-13 09:52:52",wiwin.dwiutami.hakim
1673,837,Infus Vitamin C - Prove C -,"2025-05-13 09:59:50",wiwin.dwiutami.hakim,english,"2025-05-13 09:59:50",wiwin.dwiutami.hakim
1674,837,Infus Vitamin C - Prove C -,"2025-05-13 09:59:50",wiwin.dwiutami.hakim,bahasa_indonesia,"2025-05-13 09:59:50",wiwin.dwiutami.hakim
1675,838,Injeksi Vitamin C - Meproce,"2025-05-13 10:03:29",wiwin.dwiutami.hakim,english,"2025-05-13 10:03:29",wiwin.dwiutami.hakim
1676,838,Injeksi Vitamin C - Meproce,"2025-05-13 10:03:29",wiwin.dwiutami.hakim,bahasa_indonesia,"2025-05-13 10:03:29",wiwin.dwiutami.hakim
1677,839,Infus Vitamin C - Meproce -,"2025-05-13 10:15:49",wiwin.dwiutami.hakim,english,"2025-05-13 10:15:49",wiwin.dwiutami.hakim
1678,839,Infus Vitamin C - Meproce -,"2025-05-13 10:15:49",wiwin.dwiutami.hakim,bahasa_indonesia,"2025-05-13 10:15:49",wiwin.dwiutami.hakim
1679,840,First Cat Vaccine (F3),"2025-05-30 14:10:57",wiwin.dwiutami.hakim,english,"2025-05-30 17:20:49",wiwin.dwiutami.hakim
1680,840,Vaksin Kucing Pertama (F3),"2025-05-30 14:10:57",wiwin.dwiutami.hakim,bahasa_indonesia,"2025-05-30 14:27:13",wiwin.dwiutami.hakim
1681,841,Second Cat Vaccine (F4),"2025-05-30 14:18:58",wiwin.dwiutami.hakim,english,"2025-05-30 17:21:16",wiwin.dwiutami.hakim
1682,841,Vaksin Kucing Kedua (F4),"2025-05-30 14:18:58",wiwin.dwiutami.hakim,bahasa_indonesia,"2025-05-30 14:28:01",wiwin.dwiutami.hakim
1683,842,Third / Yearly Booster Cat Vaccine (F4 + R),"2025-05-30 14:23:51",wiwin.dwiutami.hakim,english,"2025-05-30 17:21:36",wiwin.dwiutami.hakim
1684,842,Vaksin Kucing Ketiga / Tahunan (F4 + R),"2025-05-30 14:23:51",wiwin.dwiutami.hakim,bahasa_indonesia,"2025-05-30 14:28:40",wiwin.dwiutami.hakim
1685,843,First Dog Vaccine (DHPPi),"2025-05-30 14:33:21",wiwin.dwiutami.hakim,english,"2025-05-30 17:22:40",wiwin.dwiutami.hakim
1686,843,Vaksin Anjing Pertama (DHPPi),"2025-05-30 14:33:21",wiwin.dwiutami.hakim,bahasa_indonesia,"2025-05-30 14:33:21",wiwin.dwiutami.hakim
1687,844,Second Dog Vaccine (DHPPi + L),"2025-05-30 14:37:42",wiwin.dwiutami.hakim,english,"2025-05-30 17:22:58",wiwin.dwiutami.hakim
1688,844,Vaksin Anjing Kedua (DHPPi + L),"2025-05-30 14:37:42",wiwin.dwiutami.hakim,bahasa_indonesia,"2025-05-30 14:37:42",wiwin.dwiutami.hakim
1689,845,Flea or Tick Treatment for Cat & Dog,"2025-05-30 14:55:42",wiwin.dwiutami.hakim,english,"2025-05-30 17:25:48",wiwin.dwiutami.hakim
1690,845,Obat Tetes Kutu Kucing & Anjing,"2025-05-30 14:55:42",wiwin.dwiutami.hakim,bahasa_indonesia,"2025-05-30 17:25:48",wiwin.dwiutami.hakim
1691,846,Cat Grooming,"2025-05-30 15:00:46",wiwin.dwiutami.hakim,english,"2025-05-30 15:00:46",wiwin.dwiutami.hakim
1692,846,Grooming Kucing,"2025-05-30 15:00:46",wiwin.dwiutami.hakim,bahasa_indonesia,"2025-05-30 15:00:46",wiwin.dwiutami.hakim
1693,847,Dog Grooming,"2025-05-30 15:33:31",wiwin.dwiutami.hakim,english,"2025-05-30 15:33:31",wiwin.dwiutami.hakim
1694,847,Grooming Anjing,"2025-05-30 15:33:31",wiwin.dwiutami.hakim,bahasa_indonesia,"2025-05-30 15:33:31",wiwin.dwiutami.hakim
1695,848,Third / Yearly Booster Dog Vaccine (DHPPi + L + R),"2025-05-30 17:24:17",wiwin.dwiutami.hakim,english,"2025-05-30 17:24:17",wiwin.dwiutami.hakim
1696,848,Vaksin Anjing Ketiga / Tahunan (DHPPi + L + R),"2025-05-30 17:24:17",wiwin.dwiutami.hakim,bahasa_indonesia,"2025-05-30 17:24:17",wiwin.dwiutami.hakim
1697,849,Fingerprick Blood Test,"2025-06-17 11:07:32",wiwin.dwiutami.hakim,english,"2025-06-17 11:07:32",wiwin.dwiutami.hakim
1698,849,Fingerprick Blood Test,"2025-06-17 11:07:32",wiwin.dwiutami.hakim,bahasa_indonesia,"2025-06-17 11:07:32",wiwin.dwiutami.hakim
1699,850,Pregnancy Test,"2025-06-19 15:28:19",zihan.farhanah,english,"2025-06-20 13:48:37",wiwin.dwiutami.hakim
1700,850,Tes Kehamilan,"2025-06-19 15:28:19",zihan.farhanah,bahasa_indonesia,"2025-06-20 12:13:06",wiwin.dwiutami.hakim
1701,851,Benzodiazepine/Diazepam (Urine),"2025-06-20 17:47:39",wiwin.dwiutami.hakim,english,"2025-06-20 17:47:39",wiwin.dwiutami.hakim
1702,851,Benzodiazepin/Diazepam (Urine),"2025-06-20 17:47:39",wiwin.dwiutami.hakim,bahasa_indonesia,"2025-06-20 17:47:39",wiwin.dwiutami.hakim
1703,852,Tetrahydrocannabinol (THC) (Urine),"2025-06-20 17:48:10",wiwin.dwiutami.hakim,english,"2025-06-20 17:48:10",wiwin.dwiutami.hakim
1704,852,Tetrahydrocannabinol (THC) (Urine),"2025-06-20 17:48:10",wiwin.dwiutami.hakim,bahasa_indonesia,"2025-06-20 17:48:10",wiwin.dwiutami.hakim
1705,853,Opiates (Urine),"2025-06-20 17:48:21",wiwin.dwiutami.hakim,english,"2025-06-20 17:48:21",wiwin.dwiutami.hakim
1706,853,Opiat (Urine),"2025-06-20 17:48:21",wiwin.dwiutami.hakim,bahasa_indonesia,"2025-06-20 17:48:21",wiwin.dwiutami.hakim
1707,854,Amphetamine (Urine),"2025-06-20 17:48:32",wiwin.dwiutami.hakim,english,"2025-06-20 17:48:32",wiwin.dwiutami.hakim
1708,854,Amfetamin (Urine),"2025-06-20 17:48:32",wiwin.dwiutami.hakim,bahasa_indonesia,"2025-06-20 17:48:32",wiwin.dwiutami.hakim
1709,855,Cocaine (Urine),"2025-06-20 17:48:44",wiwin.dwiutami.hakim,english,"2025-06-20 17:48:44",wiwin.dwiutami.hakim
1710,855,Kokain (Urine),"2025-06-20 17:48:44",wiwin.dwiutami.hakim,bahasa_indonesia,"2025-06-20 17:48:44",wiwin.dwiutami.hakim
1711,856,Methamphetamine (Urine),"2025-06-20 17:48:54",wiwin.dwiutami.hakim,english,"2025-06-20 17:48:54",wiwin.dwiutami.hakim
1712,856,Metamfetamin (Urine),"2025-06-20 17:48:54",wiwin.dwiutami.hakim,bahasa_indonesia,"2025-06-20 17:48:54",wiwin.dwiutami.hakim
1713,857,Ratio Total Cholesterol/HDL Cholesterol,"2025-07-03 14:15:18",wiwin.dwiutami.hakim,english,"2025-07-03 14:15:18",wiwin.dwiutami.hakim
1714,857,Rasio Total Cholesterol/HDL Cholesterol,"2025-07-03 14:15:18",wiwin.dwiutami.hakim,bahasa_indonesia,"2025-07-03 14:15:18",wiwin.dwiutami.hakim
1715,858,Ratio HDL Cholesterol/LDL Cholesterol,"2025-07-03 14:15:43",wiwin.dwiutami.hakim,english,"2025-07-03 14:15:43",wiwin.dwiutami.hakim
1716,858,Rasio HDL Cholesterol/LDL Cholesterol,"2025-07-03 14:15:43",wiwin.dwiutami.hakim,bahasa_indonesia,"2025-07-03 14:15:43",wiwin.dwiutami.hakim
1717,859,Rasio Total Cholesterol/LDL Cholesterol,"2025-07-03 14:16:08",wiwin.dwiutami.hakim,bahasa_indonesia,"2025-07-03 14:16:08",wiwin.dwiutami.hakim
1718,859,Ratio Total Cholesterol/LDL Cholesterol,"2025-07-03 14:16:08",wiwin.dwiutami.hakim,english,"2025-07-03 14:16:08",wiwin.dwiutami.hakim
1719,860,Globulin,"2025-07-10 12:11:44",wiwin.dwiutami.hakim,english,"2025-07-10 12:11:44",wiwin.dwiutami.hakim
1720,860,Globulin,"2025-07-10 12:11:44",wiwin.dwiutami.hakim,bahasa_indonesia,"2025-07-10 12:11:44",wiwin.dwiutami.hakim
1721,861,USG Abdomen,"2025-07-10 12:16:15",wiwin.dwiutami.hakim,bahasa_indonesia,"2025-07-10 12:16:15",wiwin.dwiutami.hakim
1722,861,USG Abdomen,"2025-07-10 12:16:15",wiwin.dwiutami.hakim,english,"2025-07-10 12:16:15",wiwin.dwiutami.hakim
1723,862,"Paket Perawatan Bayi Baru Lahir (Jemur, Mandi, Perawatan Tali Pusar, dan Pijat)","2025-07-15 13:35:56",zihan.farhanah,bahasa_indonesia,"2025-07-21 14:14:54",wiwin.dwiutami.hakim
1724,862,"Newborn Baby Care Package (Sunbathing, Bathing, Umbilical Cord Care, and Massage)","2025-07-15 13:35:56",zihan.farhanah,english,"2025-07-21 14:14:54",wiwin.dwiutami.hakim
1725,863,Baby & Kids Massage,"2025-07-15 14:05:47",zihan.farhanah,english,"2025-07-15 14:05:47",zihan.farhanah
1726,863,Pijat Bayi & Anak,"2025-07-15 14:05:47",zihan.farhanah,bahasa_indonesia,"2025-07-15 14:05:47",zihan.farhanah
1727,864,"Baby SPA (Gym, Swim, and Massage)","2025-07-15 14:10:37",zihan.farhanah,english,"2025-07-15 14:10:37",zihan.farhanah
1728,864,"SPA Bayi (Senam, Berenang, dan Pijat)","2025-07-15 14:10:37",zihan.farhanah,bahasa_indonesia,"2025-07-15 14:10:37",zihan.farhanah
1729,865,Baby Haircut,"2025-07-15 14:14:42",zihan.farhanah,english,"2025-07-21 14:11:39",wiwin.dwiutami.hakim
1730,865,Cukur Rambut Bayi,"2025-07-15 14:14:42",zihan.farhanah,bahasa_indonesia,"2025-07-21 14:11:39",wiwin.dwiutami.hakim
1731,866,Deleted by zihan,"2025-07-15 14:19:24",zihan.farhanah,bahasa_indonesia,"2025-07-15 14:23:02",zihan.farhanah
1732,867,Deleted by zihan,"2025-07-15 14:19:24",zihan.farhanah,bahasa_indonesia,"2025-07-15 14:23:11",zihan.farhanah
1733,867,Deleted by zihan,"2025-07-15 14:19:24",zihan.farhanah,english,"2025-07-15 14:23:11",zihan.farhanah
1734,866,Deleted by zihan,"2025-07-15 14:19:24",zihan.farhanah,english,"2025-07-15 14:23:02",zihan.farhanah
1735,868,Deleted by zihan,"2025-07-15 14:20:28",zihan.farhanah,bahasa_indonesia,"2025-07-15 14:23:19",zihan.farhanah
1736,868,Deleted by zihan,"2025-07-15 14:20:28",zihan.farhanah,english,"2025-07-15 14:23:19",zihan.farhanah
1737,869,Pijat Laktasi,"2025-07-15 14:28:13",zihan.farhanah,bahasa_indonesia,"2025-07-15 14:28:13",zihan.farhanah
1738,869,Lactation Massage,"2025-07-15 14:28:13",zihan.farhanah,english,"2025-07-15 14:28:13",zihan.farhanah
1739,870,Pijat Nifas,"2025-07-15 14:32:11",zihan.farhanah,bahasa_indonesia,"2025-07-15 14:32:11",zihan.farhanah
1740,870,Postpartum Massage,"2025-07-15 14:32:11",zihan.farhanah,english,"2025-07-15 14:32:11",zihan.farhanah
1741,871,Infus Paracetamol,"2025-07-17 10:47:48",zihan.farhanah,bahasa_indonesia,"2025-07-17 10:47:48",zihan.farhanah
1742,871,Paracetamol Drip,"2025-07-17 10:47:48",zihan.farhanah,english,"2025-07-17 10:47:48",zihan.farhanah
1743,872,Ondansentron Injection,"2025-07-17 10:51:40",zihan.farhanah,english,"2025-07-17 10:51:40",zihan.farhanah
1744,872,Injeksi Ondansentron,"2025-07-17 10:51:40",zihan.farhanah,bahasa_indonesia,"2025-07-17 10:51:40",zihan.farhanah
1745,873,Injeksi Pantoprazole,"2025-07-17 10:54:02",zihan.farhanah,bahasa_indonesia,"2025-07-17 10:54:02",zihan.farhanah
1746,873,Pantoprazole Injection,"2025-07-17 10:54:02",zihan.farhanah,english,"2025-07-17 10:54:02",zihan.farhanah
1747,874,Ketorolac Injection,"2025-07-17 10:57:09",zihan.farhanah,english,"2025-07-17 10:57:09",zihan.farhanah
1748,874,Injeksi Ketorolac,"2025-07-17 10:57:09",zihan.farhanah,bahasa_indonesia,"2025-07-17 10:57:09",zihan.farhanah
