"id","created_at","created_by","updated_at","updated_by","external_id","universal_standard_code","status","value_type","display_order","section_id"
1,"2022-12-21 23:46:27",audhy.prabowo,"2022-12-21 23:46:27",audhy.prabowo,a67d918f-6a1e-415b-b755-53d1352ce827,"718-7",active,NUMERIC,0,1
2,"2022-12-21 23:46:33",audhy.prabowo,"2022-12-21 23:49:43",audhy.prabowo,"8abddab3-136f-492d-8399-0121567df79d","4544-3",active,NUMERIC,0,2
3,"2022-12-21 23:46:51",audhy.prabowo,"2022-12-21 23:46:51",audhy.prabowo,adaf089a-0c6f-4416-a1ae-ea66d45e41ec,"718-7",active,NUMERIC,0,3
4,"2022-12-21 23:46:55",audhy.prabowo,"2022-12-21 23:46:55",audhy.prabowo,"18b5bf6b-70bf-4279-a195-b8e9af139025","718-7",active,NUMERIC,0,4
5,"2022-12-21 23:46:55",audhy.prabowo,"2022-12-21 23:46:55",audhy.prabowo,b4e33216-849a-41c1-b973-d7f5dae79f8f,"718-7",active,NUMERIC,0,5
6,"2022-12-21 23:46:55",audhy.prabowo,"2022-12-21 23:46:55",audhy.prabowo,d0018a9a-b822-49a3-9d29-0a376e0f5f13,"718-7",active,NUMERIC,0,6
7,"2022-12-21 23:46:55",audhy.prabowo,"2022-12-21 23:46:55",audhy.prabowo,a6a00b02-5bf8-4fba-8ca9-93d8e4afe393,"718-7",active,NUMERIC,0,7
8,"2022-12-21 23:46:55",audhy.prabowo,"2022-12-21 23:46:55",audhy.prabowo,"01c717da-da0c-4a75-be40-4de3daee27d0","718-7",active,NUMERIC,0,8
9,"2022-12-21 23:46:56",audhy.prabowo,"2022-12-21 23:46:56",audhy.prabowo,fa82e254-8f61-486a-8fa1-abd41da0faea,"718-7",active,NUMERIC,0,9
10,"2022-12-21 23:46:56",audhy.prabowo,"2022-12-21 23:46:56",audhy.prabowo,"21a5baa8-8eeb-4b7d-b1e1-4bb7680246d2","718-7",active,NUMERIC,0,10
11,"2022-12-21 23:46:57",audhy.prabowo,"2022-12-21 23:46:57",audhy.prabowo,"2724b2ed-e71f-45ee-b539-40a881f52d4c","718-7",active,NUMERIC,0,11
12,"2022-12-21 23:46:57",audhy.prabowo,"2022-12-21 23:46:57",audhy.prabowo,"41ce85cb-9e61-4bac-88ec-54fda9a4fa4d","718-7",active,NUMERIC,0,12
13,"2022-12-21 23:46:57",audhy.prabowo,"2022-12-21 23:46:57",audhy.prabowo,"50571840-4d1e-43cc-a9a4-461e7bb9f703","718-7",active,NUMERIC,0,13
14,"2022-12-21 23:46:57",audhy.prabowo,"2022-12-21 23:46:57",audhy.prabowo,"85b6000f-0952-4993-8676-2184e7fd8f7a","718-7",active,NUMERIC,0,14
15,"2022-12-21 23:46:58",audhy.prabowo,"2022-12-21 23:46:58",audhy.prabowo,"76c09a15-39c4-4e25-b83c-e660fc5fd8c9","718-7",active,NUMERIC,0,15
16,"2022-12-21 23:46:58",audhy.prabowo,"2022-12-21 23:46:58",audhy.prabowo,e4bf9f32-c9ed-4b07-be17-7cb88701ede0,"718-7",active,NUMERIC,0,16
17,"2022-12-21 23:46:58",audhy.prabowo,"2022-12-21 23:46:58",audhy.prabowo,a9238bf5-84f4-4a00-a994-4432ae83a66e,"718-7",active,NUMERIC,0,17
18,"2022-12-21 23:46:58",audhy.prabowo,"2022-12-21 23:46:58",audhy.prabowo,"137b5c45-313f-4c6e-b955-bab23cbfba05","718-7",active,NUMERIC,0,18
19,"2022-12-21 23:49:45",audhy.prabowo,"2022-12-21 23:49:45",audhy.prabowo,"8414adda-57b0-474d-8ad9-474d5aa1dfa5","4544-3",active,NUMERIC,0,2
20,"2022-12-21 23:49:46",audhy.prabowo,"2022-12-21 23:49:46",audhy.prabowo,c4a71a34-aaed-4193-a2a7-f2ae76c26c61,"4544-3",active,NUMERIC,0,2
21,"2022-12-21 23:49:46",audhy.prabowo,"2022-12-21 23:49:46",audhy.prabowo,d9f6be3e-65f5-465a-a4be-73d9ec0f154a,"4544-3",active,NUMERIC,0,2
22,"2022-12-21 23:49:46",audhy.prabowo,"2022-12-21 23:49:46",audhy.prabowo,f8ab44ce-3bb7-4fe3-8083-73000ba40360,"4544-3",active,NUMERIC,0,2
23,"2022-12-21 23:49:46",audhy.prabowo,"2022-12-21 23:49:46",audhy.prabowo,"1c3a5c0c-a651-4622-928a-4f9248a52b71","4544-3",active,NUMERIC,0,2
24,"2022-12-21 23:49:47",audhy.prabowo,"2022-12-21 23:49:47",audhy.prabowo,a4c3f214-0ea6-4950-a7ac-4a606144ef52,"4544-3",active,NUMERIC,0,2
25,"2022-12-21 23:49:47",audhy.prabowo,"2022-12-21 23:49:47",audhy.prabowo,"9bffe2f2-517a-47fc-b295-41d295ed402f","4544-3",active,NUMERIC,0,2
26,"2022-12-21 23:49:47",audhy.prabowo,"2022-12-21 23:49:47",audhy.prabowo,"9e8da052-e817-4305-a529-f93cdc7b64cf","4544-3",active,NUMERIC,0,2
27,"2022-12-21 23:49:47",audhy.prabowo,"2022-12-21 23:49:47",audhy.prabowo,"43166370-ae39-466d-92dd-e80218d709a3","4544-3",active,NUMERIC,0,2
28,"2022-12-21 23:49:47",audhy.prabowo,"2022-12-21 23:49:47",audhy.prabowo,"313e7105-e399-49ff-b512-6b99f1c24d6b","4544-3",active,NUMERIC,0,2
29,"2022-12-21 23:49:47",audhy.prabowo,"2022-12-21 23:49:47",audhy.prabowo,"0721e055-3079-447e-8096-c7ce46506727","4544-3",active,NUMERIC,0,2
30,"2022-12-21 23:49:48",audhy.prabowo,"2022-12-21 23:49:48",audhy.prabowo,"46844464-1314-4c0d-b8ee-9cd3edde8b8f","4544-3",active,NUMERIC,0,2
31,"2022-12-21 23:49:48",audhy.prabowo,"2022-12-21 23:49:48",audhy.prabowo,b7ca2248-884b-4cd9-a205-b8a373e0ed9b,"4544-3",active,NUMERIC,0,2
32,"2022-12-21 23:49:48",audhy.prabowo,"2022-12-21 23:49:48",audhy.prabowo,cc36953d-64b8-4149-8e10-21417190b103,"4544-3",active,NUMERIC,0,2
33,"2022-12-21 23:49:48",audhy.prabowo,"2022-12-21 23:49:48",audhy.prabowo,ff9771fd-0e98-4072-8254-f14de7a2bbb4,"4544-3",active,NUMERIC,0,2
34,"2022-12-21 23:49:48",audhy.prabowo,"2022-12-21 23:49:48",audhy.prabowo,d5e0c4c4-6a46-443a-9ce4-a5bef8375dd7,"4544-3",active,NUMERIC,0,2
35,"2022-12-21 23:49:48",audhy.prabowo,"2022-12-21 23:49:48",audhy.prabowo,"2253c00e-25de-4e2b-af91-34e3ea2716e6","4544-3",active,NUMERIC,0,2
36,"2022-12-21 23:49:49",audhy.prabowo,"2022-12-21 23:49:49",audhy.prabowo,"197294fd-64ae-4a42-a7c0-d5ae1504d063","4544-3",active,NUMERIC,0,2
37,"2022-12-21 23:49:49",audhy.prabowo,"2022-12-21 23:49:49",audhy.prabowo,e939fd4b-711e-4fa8-9d86-41e3cfe859ee,"4544-3",active,NUMERIC,0,2
38,"2022-12-21 23:49:51",audhy.prabowo,"2022-12-21 23:49:51",audhy.prabowo,"3dbcdda1-aae0-425f-8252-d5695357c939","4544-3",active,NUMERIC,0,2
39,"2022-12-21 23:49:52",audhy.prabowo,"2022-12-21 23:49:52",audhy.prabowo,"77acece9-55d6-46c8-aec8-c09d8dbca6f0","4544-3",active,NUMERIC,0,2
40,"2022-12-21 23:49:52",audhy.prabowo,"2022-12-21 23:49:52",audhy.prabowo,"59cc2ac2-ae3c-4b22-a116-447d1bd497e4","4544-3",active,NUMERIC,0,2
41,"2022-12-21 23:49:52",audhy.prabowo,"2022-12-21 23:49:52",audhy.prabowo,"0229ec11-83b2-4fd3-b295-71f38592712e","4544-3",active,NUMERIC,0,2
42,"2022-12-21 23:49:52",audhy.prabowo,"2022-12-21 23:49:52",audhy.prabowo,"273acece-d579-4456-a97e-4f63d2b33904","4544-3",active,NUMERIC,0,2
43,"2022-12-21 23:49:53",audhy.prabowo,"2022-12-21 23:49:53",audhy.prabowo,be6ecbbb-7ba4-4b1f-97a4-c3c5e9881452,"4544-3",active,NUMERIC,0,2
44,"2022-12-21 23:49:53",audhy.prabowo,"2022-12-21 23:49:53",audhy.prabowo,"2ef63f86-a073-4ebe-b05a-e764836be121","4544-3",active,NUMERIC,0,2
45,"2022-12-21 23:49:53",audhy.prabowo,"2022-12-21 23:49:53",audhy.prabowo,dd92673b-2c70-48d8-8aed-bf147295faa7,"4544-3",active,NUMERIC,0,2
46,"2022-12-21 23:49:53",audhy.prabowo,"2022-12-21 23:49:53",audhy.prabowo,"81538ee1-18c3-468a-a7cd-3bea0b9d0539","4544-3",active,NUMERIC,0,2
47,"2022-12-21 23:49:53",audhy.prabowo,"2022-12-21 23:49:53",audhy.prabowo,"18e46552-0736-4068-96b4-9a2f6a3e1246","4544-3",active,NUMERIC,0,2
48,"2022-12-21 23:49:53",audhy.prabowo,"2022-12-21 23:49:53",audhy.prabowo,"299b9764-dceb-465f-b3b0-15c8ad9514f8","4544-3",active,NUMERIC,0,2
49,"2022-12-21 23:50:16",audhy.prabowo,"2022-12-21 23:50:16",audhy.prabowo,"9d990456-f8e9-4afc-82c4-420900fbd3f2","4544-3",active,NUMERIC,0,2
50,"2022-12-21 23:50:16",audhy.prabowo,"2022-12-21 23:50:16",audhy.prabowo,a7bb85a4-c27e-4d87-82b7-093e0e0a10db,"4544-3",active,NUMERIC,0,2
51,"2022-12-21 23:50:16",audhy.prabowo,"2022-12-21 23:50:16",audhy.prabowo,"21989892-33cb-440e-83a4-ef13390513ba","4544-3",active,NUMERIC,0,2
52,"2022-12-21 23:50:17",audhy.prabowo,"2022-12-21 23:50:17",audhy.prabowo,"456d0dd3-82f8-4bc2-934d-3f4c418602ef","4544-3",active,NUMERIC,0,2
53,"2022-12-21 23:50:17",audhy.prabowo,"2022-12-21 23:50:17",audhy.prabowo,"2befaf77-a391-423d-b7ba-68ee219ede1e","4544-3",active,NUMERIC,0,2
54,"2022-12-21 23:50:17",audhy.prabowo,"2022-12-21 23:50:17",audhy.prabowo,"96a6e01e-e587-4284-ad2b-ede0161fbc3b","4544-3",active,NUMERIC,0,2
55,"2022-12-21 23:50:17",audhy.prabowo,"2022-12-21 23:50:17",audhy.prabowo,"17dcbf72-6efe-45ed-b194-46bec80999ff","4544-3",active,NUMERIC,0,2
56,"2022-12-21 23:50:17",audhy.prabowo,"2022-12-21 23:50:17",audhy.prabowo,"7b7bcf1d-fb0c-405b-9435-5a44fb4ef8e2","4544-3",active,NUMERIC,0,2
57,"2022-12-21 23:50:17",audhy.prabowo,"2022-12-21 23:50:17",audhy.prabowo,"819dee40-50e5-4b00-a0d6-60398b4e5823","4544-3",active,NUMERIC,0,2
58,"2022-12-21 23:50:17",audhy.prabowo,"2022-12-21 23:50:17",audhy.prabowo,b938b547-a6b4-40b2-a24f-42270165f497,"4544-3",active,NUMERIC,0,2
59,"2022-12-21 23:50:18",audhy.prabowo,"2022-12-21 23:50:18",audhy.prabowo,"05e459ab-c67c-49f8-b2aa-12ae808c6c63","4544-3",active,NUMERIC,0,2
60,"2022-12-21 23:50:18",audhy.prabowo,"2022-12-21 23:50:18",audhy.prabowo,"62688a75-98ee-4b57-8fe8-15e3226b6cf9","4544-3",active,NUMERIC,0,2
61,"2022-12-21 23:50:18",audhy.prabowo,"2022-12-21 23:50:18",audhy.prabowo,"7bce90d1-3524-49ee-bc86-d10aa0917827","4544-3",active,NUMERIC,0,2
62,"2022-12-21 23:50:18",audhy.prabowo,"2022-12-21 23:50:18",audhy.prabowo,f2162708-1baf-4150-b134-11cf8b19c824,"4544-3",active,NUMERIC,0,2
63,"2022-12-21 23:50:18",audhy.prabowo,"2022-12-21 23:50:18",audhy.prabowo,"73e1c15d-78f4-430f-af95-06d56d2542eb","4544-3",active,NUMERIC,0,2
64,"2022-12-21 23:50:19",audhy.prabowo,"2022-12-21 23:50:19",audhy.prabowo,"1066a064-2fd3-48e8-a728-5fa3fbc7cbe6","4544-3",active,NUMERIC,0,2
65,"2022-12-21 23:50:19",audhy.prabowo,"2022-12-21 23:50:19",audhy.prabowo,bc14f739-57a6-4750-8808-8165c8b6caa9,"4544-3",active,NUMERIC,0,2
66,"2022-12-21 23:50:19",audhy.prabowo,"2022-12-21 23:50:19",audhy.prabowo,"3cb13d60-4854-4061-8cd6-afcd5983fad2","4544-3",active,NUMERIC,0,2
67,"2022-12-21 23:50:19",audhy.prabowo,"2022-12-21 23:50:19",audhy.prabowo,"26da2e23-eabb-4c36-95bc-401ccfc584e3","4544-3",active,NUMERIC,0,2
68,"2022-12-21 23:50:19",audhy.prabowo,"2022-12-21 23:50:19",audhy.prabowo,"6471f582-2760-45e5-898a-5144c4deb4ac","4544-3",active,NUMERIC,0,2
69,"2022-12-21 23:50:19",audhy.prabowo,"2022-12-21 23:50:19",audhy.prabowo,"42cb0e7b-8a23-4317-b13b-5673eb5cbcd5","4544-3",active,NUMERIC,0,2
70,"2022-12-21 23:50:20",audhy.prabowo,"2022-12-21 23:50:20",audhy.prabowo,a4420093-caf6-408f-aa6c-8b1ac173ee1b,"4544-3",active,NUMERIC,0,2
71,"2022-12-21 23:50:20",audhy.prabowo,"2022-12-21 23:50:20",audhy.prabowo,"5a18e58a-5f74-4eb0-b6ad-b30d56080b56","4544-3",active,NUMERIC,0,2
72,"2022-12-21 23:50:20",audhy.prabowo,"2022-12-21 23:50:20",audhy.prabowo,bae1547a-d829-48e3-bdd7-5700fbefbbfe,"4544-3",active,NUMERIC,0,2
73,"2022-12-21 23:50:20",audhy.prabowo,"2022-12-21 23:50:20",audhy.prabowo,"9e64a1c3-1724-48e5-8717-7b47194723c9","4544-3",active,NUMERIC,0,2
74,"2022-12-21 23:50:20",audhy.prabowo,"2022-12-21 23:50:20",audhy.prabowo,"128e972a-a6fb-4b42-83c9-62c4169441d7","4544-3",active,NUMERIC,0,2
75,"2022-12-21 23:50:21",audhy.prabowo,"2022-12-21 23:50:21",audhy.prabowo,"33d38ff0-bc01-491f-a3a1-aa27d70998d9","4544-3",active,NUMERIC,0,2
76,"2022-12-21 23:50:21",audhy.prabowo,"2022-12-21 23:50:21",audhy.prabowo,"1ee8392f-d657-4328-a9d7-d06fc703f3fb","4544-3",active,NUMERIC,0,2
77,"2022-12-21 23:50:21",audhy.prabowo,"2022-12-21 23:50:21",audhy.prabowo,"930a2178-eb20-4b17-b15a-06a28a0a0480","4544-3",active,NUMERIC,0,2
78,"2022-12-21 23:50:21",audhy.prabowo,"2022-12-21 23:50:21",audhy.prabowo,a4178d69-ede3-4ab3-b079-f1a43efb0ba9,"4544-3",active,NUMERIC,0,2
79,"2022-12-22 14:36:48",midhu.joseph,"2023-02-22 11:30:15",dwi.rahmawati,"2600847d-d16c-4072-8c86-344fcfd4719d","4548-4",active,TEXT,2,19
80,"2022-12-22 15:06:09",midhu.joseph,"2022-12-22 15:06:10",midhu.joseph,f52bcbcb-6695-42da-b6a8-c752b932a1d4,"123456",active,NUMERIC,0,20
81,"2022-12-22 16:13:56",audhy.prabowo,"2022-12-23 03:07:03",audhy.prabowo,e5a147ce-6052-4177-8633-ac23906d2d71,"5778-6",active,TEXT,1,21
82,"2022-12-23 03:07:03",audhy.prabowo,"2022-12-23 03:07:03",audhy.prabowo,a1ec504b-6703-4d4e-b4a7-f01d61a4be33,"32167-9",active,TEXT,2,21
83,"2022-12-23 03:15:22",audhy.prabowo,"2023-02-17 12:05:11",wiwin.dwiutami.hakim,d8f99812-7c9a-4e7a-8c21-aa59183d60cd,"5803-2",active,TEXT,1,22
84,"2022-12-23 03:15:22",audhy.prabowo,"2023-02-04 11:25:54",novi,"4113e63d-2e0c-4753-8d69-e10e7ae841e4","5799-2",active,TEXT,10,22
85,"2022-12-23 03:15:22",audhy.prabowo,"2023-02-04 11:28:25",novi,af1d11aa-5f22-489b-81ff-a4c59dbcdaac,"20405-7",active,TEXT,6,22
86,"2022-12-23 03:15:22",audhy.prabowo,"2023-02-04 11:25:54",novi,"163514c9-f1c8-40a7-8972-e329d58b458d","5802-4",active,TEXT,9,22
87,"2022-12-23 03:15:22",audhy.prabowo,"2023-02-04 11:28:25",novi,"3a657c36-0f3c-43f9-aa85-efbe027ae1db","25428-4",active,TEXT,3,22
88,"2022-12-23 03:15:22",audhy.prabowo,"2023-02-04 11:28:25",novi,c4c92c0d-027a-4246-ac60-b8656a7d74fc,"5811-5",active,TEXT,2,22
89,"2022-12-23 03:15:22",audhy.prabowo,"2023-02-04 11:28:25",novi,"52cd8252-be8d-4da3-869b-ac1009879136","5770-3",active,TEXT,5,22
90,"2022-12-23 03:15:22",audhy.prabowo,"2023-02-04 11:28:25",novi,"7026a297-c730-4edf-90dc-8f15ceaf86ff","20454-5",active,TEXT,4,22
91,"2022-12-23 03:15:22",audhy.prabowo,"2023-02-04 11:25:54",novi,"74663e54-8c05-4a63-aecf-decb16b627d5","5794-3",active,TEXT,7,22
92,"2022-12-23 03:15:22",audhy.prabowo,"2022-12-23 03:15:22",audhy.prabowo,ff45338f-4e85-4fd9-8194-f4076add96fa,"2514-8",active,TEXT,8,22
93,"2022-12-23 03:20:41",audhy.prabowo,"2023-02-19 14:59:18",audhy.prabowo,"3a61196e-f7a3-4c3b-95fb-1d4595d535d4","32776-7",active,TEXT,1,23
94,"2022-12-23 03:20:41",audhy.prabowo,"2023-02-04 11:17:11",novi,"7a3b3fa2-dffd-474e-99ef-0bc860700ef0","58436-7",active,TEXT,3,23
95,"2022-12-23 03:20:41",audhy.prabowo,"2022-12-23 03:20:41",audhy.prabowo,f3e32265-6c28-4e64-a8d9-1893c783706f,"5782-8",active,TEXT,5,23
96,"2022-12-23 03:20:41",audhy.prabowo,"2023-02-04 11:17:11",novi,"90ab7625-264d-406b-8204-91ac14e887b4","58442-5",active,TEXT,8,23
97,"2022-12-23 03:20:41",audhy.prabowo,"2022-12-23 03:20:41",audhy.prabowo,b1c02924-2640-4287-b9e3-3f9d5d37d759,"25145-4",active,TEXT,6,23
98,"2022-12-23 03:20:41",audhy.prabowo,"2023-02-19 14:59:18",audhy.prabowo,"6f1e2049-7a5c-4996-80b0-3f3ad2a7d4e8","20455-2",active,TEXT,2,23
99,"2022-12-23 03:20:41",audhy.prabowo,"2023-02-04 11:17:11",novi,"3faf92ef-4109-4ef4-a3de-e248ec7a9146","12258-0",active,TEXT,4,23
100,"2022-12-23 03:48:05",audhy.prabowo,"2023-02-21 17:52:00",audhy.prabowo,"1c2ed896-a9e1-47fb-841b-1e8afdbcbda7","718-7",active,TEXT,1,24
101,"2022-12-23 03:48:37",audhy.prabowo,"2023-02-21 17:52:07",audhy.prabowo,"9528e9d8-bcc7-47ac-8adb-b5b5c0aea405","4544-3",active,TEXT,1,25
102,"2022-12-23 03:48:57",audhy.prabowo,"2023-02-21 17:52:13",audhy.prabowo,"962cd886-4ca6-4b3e-8fc1-13f65995f0dc","789-8",active,TEXT,1,26
103,"2022-12-23 03:50:30",audhy.prabowo,"2023-02-21 17:52:28",audhy.prabowo,d2a76eb4-ff5d-4622-a2b4-7341f01628aa,"786-4",active,TEXT,3,27
104,"2022-12-23 03:50:30",audhy.prabowo,"2023-02-21 17:52:28",audhy.prabowo,"1c4c28f2-3e5b-43b8-bad9-5bd34a1cad99","785-6",active,TEXT,2,27
105,"2022-12-23 03:50:30",audhy.prabowo,"2023-02-21 17:52:28",audhy.prabowo,b69f76ec-17e1-40c8-85f2-75040c531fbb,"787-2",active,TEXT,1,27
106,"2022-12-23 03:51:00",audhy.prabowo,"2023-02-21 21:14:11",audhy.prabowo,"9932d930-ff7d-4d91-8696-42f48763825a",DEL-788-0,active,TEXT,1,28
107,"2022-12-23 03:51:20",audhy.prabowo,"2023-02-21 17:52:35",audhy.prabowo,feb1c96d-d649-421a-8e0a-8511a82c4533,"6690-2",active,TEXT,1,29
108,"2022-12-23 04:00:53",audhy.prabowo,"2023-02-21 17:53:24",audhy.prabowo,"5abc0f14-02cb-4830-a684-a4379e0e859c","5905-5",active,TEXT,3,30
109,"2022-12-23 04:00:53",audhy.prabowo,"2023-02-21 17:53:24",audhy.prabowo,b69d4e96-4ed3-41bb-bf8e-4adc228376ef,"736-9",active,TEXT,2,30
110,"2022-12-23 04:00:53",audhy.prabowo,"2023-02-21 17:53:24",audhy.prabowo,"2354b85f-7b8e-4167-9c2a-067f749cadd9","742-7",active,TEXT,8,30
111,"2022-12-23 04:00:53",audhy.prabowo,"2023-02-21 17:53:24",audhy.prabowo,"7147a6a4-953a-4ed4-9404-96761ac363d3","713-8",active,TEXT,4,30
112,"2022-12-23 04:00:53",audhy.prabowo,"2023-02-21 17:53:24",audhy.prabowo,"54bc4e75-f7c6-494b-8b76-85d52aee6049","706-2",active,TEXT,5,30
113,"2022-12-23 04:00:53",audhy.prabowo,"2023-02-21 17:53:24",audhy.prabowo,"53aed997-f3c4-48d3-88e0-c4ee05a94ed8","711-2",active,TEXT,9,30
114,"2022-12-23 04:00:53",audhy.prabowo,"2023-02-21 17:53:24",audhy.prabowo,"58247e77-264c-4eac-851a-fc60b9492525","770-8",active,TEXT,1,30
115,"2022-12-23 04:00:53",audhy.prabowo,"2023-02-21 17:53:24",audhy.prabowo,"29e60513-f198-4a3b-95e4-5ae4b4b5629c","731-0",active,TEXT,7,30
116,"2022-12-23 04:00:53",audhy.prabowo,"2023-02-21 17:53:24",audhy.prabowo,"65b315d2-8fc4-4daf-84cc-668202740a81","751-8",active,TEXT,6,30
117,"2022-12-23 04:00:53",audhy.prabowo,"2023-02-21 17:53:24",audhy.prabowo,"873b8620-d7c5-48a3-9c61-fd7d4204b0e0",DEL-71695,inactive,TEXT,11,30
118,"2022-12-23 04:00:53",audhy.prabowo,"2023-02-21 17:53:24",audhy.prabowo,"298ab630-c092-409c-b368-892550712d60","704-7",active,TEXT,10,30
119,"2022-12-23 04:01:28",audhy.prabowo,"2023-02-21 17:53:39",audhy.prabowo,a4048658-1457-4f36-a5db-2aa22f69f7a4,"777-3",active,TEXT,1,31
120,"2022-12-23 04:09:21",audhy.prabowo,"2023-02-21 17:53:53",audhy.prabowo,"789f3aa9-9203-4f3a-964b-d84b03dced85","51637-7",active,TEXT,1,32
121,"2022-12-23 04:09:21",audhy.prabowo,"2023-02-21 17:53:53",audhy.prabowo,f22e8b13-7380-4b35-a4e1-36a7b00711fc,DEL-71693,inactive,TEXT,4,32
122,"2022-12-23 04:09:21",audhy.prabowo,"2023-02-21 17:53:53",audhy.prabowo,efd61c90-05ac-497e-819b-fbb6d961c468,"32207-3",active,TEXT,3,32
123,"2022-12-23 04:09:21",audhy.prabowo,"2023-02-21 17:53:53",audhy.prabowo,"8efbb67f-d8a5-4176-9036-1eac377ed82b","32623-1",active,TEXT,2,32
124,"2022-12-23 04:26:04",audhy.prabowo,"2023-02-21 21:18:55",audhy.prabowo,"691b7cf4-4d72-4490-ac2f-e17cf91e015d",DEL-17849,inactive,TEXT,1,33
125,"2022-12-23 04:26:31",audhy.prabowo,"2023-02-21 21:19:36",audhy.prabowo,"018d5e46-03df-40e8-8224-acfd3ad25907",DEL-14196,active,TEXT,1,34
126,"2022-12-23 04:27:06",audhy.prabowo,"2023-02-04 09:07:39",audhy.prabowo,"40c636ba-6029-480a-886d-577e3fd20b24",DEL-71694,active,NUMERIC,0,35
127,"2022-12-23 04:40:51",audhy.prabowo,"2023-02-22 11:25:52",dwi.rahmawati,aa7d3d26-1e48-4d69-810c-090a8fd56838,"30341-2",active,TEXT,0,36
128,"2022-12-23 14:38:58",audhy.prabowo,"2023-02-22 12:18:10",wiwin.dwiutami.hakim,"1a71a19e-c254-4a22-b8e5-7b90d8e004ac","2500-7",active,TEXT,2,37
129,"2022-12-23 14:39:39",audhy.prabowo,"2023-02-22 12:18:16",wiwin.dwiutami.hakim,"54a0b1a5-105e-4a2a-a5d3-d72ecb138cf8","2502-3",active,TEXT,0,38
130,"2022-12-23 14:40:07",audhy.prabowo,"2023-02-22 12:18:19",wiwin.dwiutami.hakim,f2a2eb14-1dcf-4e66-89a4-859a6f56db4d,"2501-5",active,TEXT,0,39
131,"2022-12-26 13:51:28",dwi.rahmawati,"2023-02-22 11:22:31",dwi.rahmawati,"3ca342ed-4436-4d8b-b661-b91152eb9f1f","2324-2",active,TEXT,0,40
132,"2022-12-26 14:28:38",dwi.rahmawati,"2023-02-04 09:50:16",audhy.prabowo,e0e91f5c-e908-40a4-a8e0-9aef9748f786,"30001-2",active,TEXT,0,41
133,"2022-12-26 14:31:24",dwi.rahmawati,"2023-02-19 18:44:56",audhy.prabowo,"28543816-41da-496f-8a19-b96579e47e9f","9318-7",active,TEXT,0,42
134,"2022-12-26 14:37:36",dwi.rahmawati,"2023-02-22 12:13:58",dwi.rahmawati,cf6f1728-d3e0-4e6f-aab0-b98c95eb939a,"3173-2",active,TEXT,0,43
135,"2022-12-26 14:57:25",dwi.rahmawati,"2023-02-21 16:51:48",audhy.prabowo,dabf237d-e694-4c28-8731-88c9218ff2ee,HDLAB-0010,active,TEXT,0,44
136,"2022-12-26 15:08:55",dwi.rahmawati,"2023-02-21 19:52:32",jocelyn.tandrian,db11cd10-602f-4b4a-9345-f0a08483acfa,"5124-3",active,TEXT,0,45
137,"2022-12-26 15:10:31",dwi.rahmawati,"2023-10-21 16:07:07",audhy.prabowo,a60d71a3-e76b-4f82-91d9-50172f8e7601,SRBD1,active,TEXT,0,46
138,"2022-12-26 15:12:26",dwi.rahmawati,"2023-02-07 16:30:58",novi,f28cc7d5-cc70-43bf-bc31-1d4147997c7e,"29661-6",active,TEXT,1,47
139,"2022-12-26 15:14:33",dwi.rahmawati,"2023-02-19 20:45:59",audhy.prabowo,"1db74c3f-7ceb-41b3-8cb5-0c1b20b86156","72376-7",active,TEXT,0,48
140,"2022-12-26 15:16:18",dwi.rahmawati,"2023-02-16 19:56:16",audhy.prabowo,"3cc142c6-2d84-4b7a-ac78-79c20fb911d4","75377-2",active,TEXT,0,49
141,"2022-12-26 15:30:10",dwi.rahmawati,"2023-02-22 12:10:41",wiwin.dwiutami.hakim,d2ee3ffa-7a45-4732-97ff-9f6759f9c90b,"1968-7",active,TEXT,0,50
142,"2022-12-26 15:31:39",dwi.rahmawati,"2023-02-22 12:12:11",dwi.rahmawati,"784f685a-b8d7-4536-86c4-9e931ea7ab99","1975-2",active,TEXT,0,51
143,"2022-12-26 15:33:37",dwi.rahmawati,"2023-02-22 11:20:09",dwi.rahmawati,fa259360-324d-4b27-adcc-a427f72b3f7d,"1988-5",active,TEXT,0,52
144,"2022-12-26 15:34:52",dwi.rahmawati,"2023-02-22 12:13:02",dwi.rahmawati,cf0292a5-6330-4311-8ca3-b7a8b9f597e9,"48065-7",active,TEXT,0,53
145,"2022-12-26 15:36:21",dwi.rahmawati,"2023-02-21 20:12:35",audhy.prabowo,e5477bde-9ac8-495a-851f-301dc0a5d9ad,"48067-3",active,TEXT,0,54
146,"2022-12-26 15:37:32",dwi.rahmawati,"2023-02-22 11:22:16",dwi.rahmawati,"422e866b-17b0-4d3c-9209-a871868e150c","29771-3",active,TEXT,0,55
147,"2022-12-26 15:39:14",dwi.rahmawati,"2023-02-22 11:25:41",dwi.rahmawati,"0c427d4e-d4fe-4a51-8fdf-33090433cf4c","1558-6",active,TEXT,0,56
148,"2022-12-26 15:42:42",dwi.rahmawati,"2023-02-19 20:46:08",audhy.prabowo,cef4e8ff-36c0-4aec-a9ec-f0af230df3f8,"75410-1",active,TEXT,0,57
149,"2022-12-26 15:52:56",dwi.rahmawati,"2023-02-28 18:16:33",audhy.prabowo,"7826db31-f0f3-49fa-a37d-fde50f799fc0","26449-9",active,TEXT,0,58
150,"2022-12-26 16:03:46",dwi.rahmawati,"2023-02-22 12:00:21",dwi.rahmawati,"24ab6961-3c88-4e86-b998-cb37be796a99","6298-4",active,TEXT,0,59
151,"2022-12-26 16:05:26",dwi.rahmawati,"2023-02-22 11:26:46",dwi.rahmawati,"8b11470d-715f-44a3-b0cd-dd9c3d5b6fe6","2085-9",active,TEXT,0,60
152,"2022-12-26 16:06:41",dwi.rahmawati,"2023-02-22 11:23:49",dwi.rahmawati,a093d817-8421-4502-93bf-f47a1408f360,"2089-1",active,TEXT,0,61
153,"2022-12-26 16:07:45",dwi.rahmawati,"2023-02-22 11:25:28",dwi.rahmawati,"261aed9d-cc43-4a6c-a359-2e5c83e5dc5f","2093-3",active,TEXT,0,62
154,"2022-12-26 16:08:30",dwi.rahmawati,"2023-02-04 12:35:43",novi,fc42c21f-27ba-468e-8c43-0e3a20911915,del-2160-0,active,NUMERIC,1,63
155,"2022-12-26 16:18:31",dwi.rahmawati,"2023-02-22 12:15:27",wiwin.dwiutami.hakim,e58752de-b2ed-4c84-aa4d-cf47cac05583,"2947-0",active,TEXT,0,64
156,"2022-12-26 16:19:55",dwi.rahmawati,"2023-02-22 11:23:33",dwi.rahmawati,"46aab630-7c62-4d86-849b-837b4c5b9773","1920-8",active,TEXT,0,65
157,"2022-12-26 16:20:44",dwi.rahmawati,"2023-02-22 11:26:14",dwi.rahmawati,"1660bafd-5171-4b49-a1a8-0169ed29ce3e","1742-6",active,TEXT,0,66
158,"2022-12-26 16:21:33",dwi.rahmawati,"2023-02-22 12:11:06",wiwin.dwiutami.hakim,"6e7b19b6-e4db-4bf4-978f-3d15f4cda585","2498-4",active,TEXT,0,67
159,"2022-12-26 16:28:10",dwi.rahmawati,"2022-12-26 16:28:10",dwi.rahmawati,"7bee80e2-7e28-45f6-9409-a336ca664ad5","2500-7",active,NUMERIC,0,68
160,"2022-12-26 16:30:28",dwi.rahmawati,"2023-02-15 16:48:40",audhy.prabowo,"56339cf9-1ed8-4ee4-a76c-a05e91baf994","8041-6",active,TEXT,0,69
161,"2022-12-26 16:31:51",dwi.rahmawati,"2023-02-22 11:26:33",dwi.rahmawati,a9a883a1-2b32-4f5c-8697-7ed55e02822e,"3084-1",active,TEXT,0,70
162,"2022-12-26 16:33:04",dwi.rahmawati,"2023-01-17 15:53:20",dwi.rahmawati,"2cd15887-9f6d-4406-b253-4c9656a92f4b","34372-3",active,TEXT,1,71
163,"2022-12-26 16:34:18",dwi.rahmawati,"2023-02-22 11:20:37",dwi.rahmawati,ab3cf175-838c-4802-acab-765c78982d0d,"2571-8",active,TEXT,0,72
164,"2022-12-26 16:35:18",dwi.rahmawati,"2023-02-22 11:27:51",dwi.rahmawati,cc3ea182-55bb-45f6-8aac-670187fd44c8,"3091-6",active,TEXT,0,73
165,"2022-12-26 16:36:40",dwi.rahmawati,"2023-02-15 16:48:52",audhy.prabowo,"47de1c77-df60-4c46-a23c-6817372d7402","20507-0",active,TEXT,0,74
166,"2022-12-26 16:40:30",dwi.rahmawati,"2023-03-01 09:25:05",novi,"01fc1bb0-a062-4f60-ad86-434f94085f34","5964-2",active,TEXT,1,75
167,"2022-12-26 16:42:09",dwi.rahmawati,"2023-02-22 12:00:38",dwi.rahmawati,"0caf6e59-897f-42af-8f77-3940e5cbeda2","83112-3",active,TEXT,0,76
168,"2022-12-26 16:43:36",dwi.rahmawati,"2023-02-22 12:09:31",dwi.rahmawati,"4ebf8e99-4e93-41dc-baa9-c584c69c05c9","20567-4",active,TEXT,0,77
169,"2022-12-26 16:47:37",dwi.rahmawati,"2023-02-22 12:04:20",dwi.rahmawati,"34a0199b-0de5-496a-b5af-3e8e2cea0264","2069-3",active,TEXT,0,78
170,"2022-12-26 16:49:18",dwi.rahmawati,"2023-02-22 12:15:39",wiwin.dwiutami.hakim,b56aa617-c190-46b3-b496-f2f2d557f769,"1751-7",active,TEXT,0,79
171,"2022-12-26 16:50:28",dwi.rahmawati,"2023-02-22 12:10:34",dwi.rahmawati,"72c5238e-ac7d-4692-a77d-e1d9fe509be4","2885-2",active,TEXT,0,80
172,"2022-12-26 16:53:59",dwi.rahmawati,"2023-02-22 11:26:02",dwi.rahmawati,"5e331b2c-b3a1-4136-a426-6dd92288ba23","2345-7",active,TEXT,0,81
173,"2022-12-26 16:55:49",dwi.rahmawati,"2023-02-21 14:35:01",novi,b1a0fe40-6e4a-4ef6-9272-5161c26f8cf2,"48805-6",active,FILE,6,82
174,"2022-12-26 16:58:54",dwi.rahmawati,"2023-03-29 15:48:47",audhy.prabowo,"11a9fb7f-248f-4ac8-95d6-63fe0c154f2a","43113-0",active,FILE,0,83
175,"2022-12-26 17:09:15",dwi.rahmawati,"2023-02-21 19:52:10",jocelyn.tandrian,"6001ee65-e9c4-4e39-9564-137d91fe90cc","5183-9",active,TEXT,0,84
176,"2022-12-26 17:17:13",dwi.rahmawati,"2023-02-22 12:10:02",wiwin.dwiutami.hakim,"4bf0898b-224a-4014-85f9-0ff15fac03c3","5196-1",active,TEXT,0,85
177,"2022-12-26 17:49:45",dwi.rahmawati,"2023-02-22 12:14:42",wiwin.dwiutami.hakim,"7b5bb469-6a70-4644-9724-0b300785662d","19295-5",active,TEXT,0,86
178,"2022-12-26 17:52:34",dwi.rahmawati,"2023-02-22 12:09:07",dwi.rahmawati,"7c1b4053-4c43-4c43-8927-df50d90b92c9","19261-7",active,TEXT,0,87
179,"2022-12-26 17:54:03",dwi.rahmawati,"2023-02-22 12:10:46",wiwin.dwiutami.hakim,"1543c2aa-e6c0-4446-b942-81c326628f5d","3779-6",active,TEXT,0,88
180,"2022-12-26 17:55:25",dwi.rahmawati,"2023-02-22 12:03:48",dwi.rahmawati,"6c959f5d-d078-4585-ad6c-6fa36dd3effc","19415-9",active,TEXT,0,89
181,"2022-12-26 17:57:01",dwi.rahmawati,"2023-02-22 12:11:20",dwi.rahmawati,b3c7a607-0452-4b78-af6f-3a6d0d3ed82d,"3397-7",active,TEXT,0,90
182,"2022-12-26 17:58:29",dwi.rahmawati,"2023-02-22 11:57:34",dwi.rahmawati,"94d6391c-8d24-46f5-97b8-7b7e579c5bcd","14316-4",active,TEXT,0,91
183,"2022-12-26 18:00:32",dwi.rahmawati,"2023-03-30 21:48:22",novi,"7ba9c963-ed97-4480-9bf3-94c58d589e27","2777-1",active,TEXT,0,92
184,"2022-12-26 18:09:34",jocelyn.tandrian,"2023-02-22 11:52:46",dwi.rahmawati,"9e484368-f79b-4277-a722-18664fa0d5af","67151-1",active,TEXT,0,93
185,"2022-12-26 18:37:18",jocelyn.tandrian,"2023-02-22 12:09:57",wiwin.dwiutami.hakim,"8426166f-c9e9-43f9-a6f1-281918e96bf0","17861-6",active,TEXT,0,94
186,"2022-12-26 18:39:19",jocelyn.tandrian,"2023-02-22 12:15:15",wiwin.dwiutami.hakim,e0c2f5f2-2845-4be5-86e2-f3f2bcceabbe,"19123-9",active,TEXT,0,95
187,"2022-12-26 18:40:28",jocelyn.tandrian,"2023-02-22 12:09:54",dwi.rahmawati,a8b95c03-e9fc-487d-8d6a-0da76eae038f,"1805-1",active,TEXT,0,96
188,"2022-12-26 18:41:18",jocelyn.tandrian,"2023-06-02 15:48:12",audhy.prabowo,"27ea64f9-a485-4f3f-aec8-093f39a0a1fb","3040-3",active,TEXT,0,97
189,"2022-12-26 18:43:12",jocelyn.tandrian,"2023-02-22 12:11:25",wiwin.dwiutami.hakim,f42d73cb-5b41-4cb7-99f9-b61ffc6ba326,"3255-7",active,TEXT,0,98
190,"2022-12-26 18:45:04",jocelyn.tandrian,"2023-02-22 12:14:48",dwi.rahmawati,fd8ff100-32b5-49da-ad6f-202b65b895ec,"4690-4",active,TEXT,0,99
191,"2022-12-27 02:04:40",jocelyn.tandrian,"2023-02-22 12:06:54",dwi.rahmawati,"69edad0c-33bc-412b-8ae8-5003523f3e62","4691-2",active,TEXT,0,100
192,"2022-12-27 02:06:26",jocelyn.tandrian,"2023-02-21 19:52:46",jocelyn.tandrian,a4a9d3ab-7618-4026-a018-65329cd3b31b,"22315-6",active,TEXT,0,101
193,"2022-12-27 02:07:06",jocelyn.tandrian,"2023-02-21 19:52:51",jocelyn.tandrian,c2e1f0dd-04cd-485f-b657-62bca26e3742,"5187-0",active,TEXT,0,102
194,"2022-12-27 02:08:17",jocelyn.tandrian,"2023-02-21 19:52:36",jocelyn.tandrian,"03454eb9-bdbc-498c-ab3e-c5dff442a1c6","5185-4",active,TEXT,0,103
195,"2022-12-27 11:21:25",nabila.sauzan,"2023-02-22 12:10:19",wiwin.dwiutami.hakim,f06f0d4d-05ed-4029-84a4-6ef8c9cc3983,"13954-3",active,TEXT,0,104
196,"2022-12-27 11:25:29",nabila.sauzan,"2023-02-22 12:08:29",dwi.rahmawati,e4415f6b-9858-4e13-8ef6-ee1a5d035184,"1834-1",active,TEXT,0,105
197,"2022-12-27 11:26:14",wiwin.dwiutami.hakim,"2023-07-19 15:26:59",audhy.prabowo,"0e3be599-7d28-466f-8510-f4e7aa5599fc",DELETED,inactive,NUMERIC,0,106
198,"2022-12-27 11:26:14",wiwin.dwiutami.hakim,"2023-07-19 15:27:24",audhy.prabowo,"8205d754-9dce-485e-95bd-1e5d4bc0c3ec",C8462-4,active,NUMERIC,2,107
199,"2022-12-27 11:26:46",wiwin.dwiutami.hakim,"2023-07-19 15:27:24",audhy.prabowo,"0df19978-d925-44b6-8374-f424a517acba",C8480-6,active,NUMERIC,0,107
200,"2022-12-27 11:33:11",nabila.sauzan,"2023-02-22 12:15:01",dwi.rahmawati,"72d0164a-f6a5-4548-935c-2403710e1a8f","45194-8",active,TEXT,0,108
201,"2022-12-27 11:34:39",nabila.sauzan,"2023-02-22 12:11:01",wiwin.dwiutami.hakim,ecb4b54e-3d24-46bc-b457-1c7b6ad405e4,"83124-8",active,TEXT,0,109
202,"2022-12-27 11:34:46",wiwin.dwiutami.hakim,"2023-02-22 12:14:36",wiwin.dwiutami.hakim,e5252bf4-0224-43b6-a273-a398eed07e58,"63557-3",active,TEXT,0,110
203,"2022-12-27 11:36:05",nabila.sauzan,"2023-02-22 12:09:18",dwi.rahmawati,"76c4303c-2fbf-4b96-848b-28d88d05c060","83127-1",active,TEXT,0,111
204,"2022-12-27 11:36:25",wiwin.dwiutami.hakim,"2023-02-21 19:52:21",jocelyn.tandrian,"6d00077a-d0a0-4977-a874-30aa60bdc90b","5193-8",active,TEXT,0,112
205,"2022-12-27 11:38:36",wiwin.dwiutami.hakim,"2023-02-22 12:14:54",wiwin.dwiutami.hakim,"9c01d818-b4c0-4ea9-b159-a0904d192a47","83085-1",active,TEXT,0,113
206,"2022-12-27 11:39:13",wiwin.dwiutami.hakim,"2023-02-22 12:15:33",wiwin.dwiutami.hakim,c4358ec2-47b2-4fab-a4b6-7f95a9dac58a,"83113-1",active,TEXT,0,114
207,"2022-12-27 11:39:54",wiwin.dwiutami.hakim,"2023-02-22 11:58:06",dwi.rahmawati,"8566530f-87a1-40fa-99b3-e874d3517837","83122-2",active,TEXT,0,115
208,"2022-12-27 11:40:23",wiwin.dwiutami.hakim,"2023-02-22 12:08:11",dwi.rahmawati,a626c6a2-fb05-4e58-90cd-681173c6833b,"3016-3",active,TEXT,0,116
209,"2022-12-27 11:42:24",wiwin.dwiutami.hakim,"2023-02-21 19:54:39",jocelyn.tandrian,c77e4b07-128d-4121-af17-6cc9d6ae1a20,"56990-5",active,TEXT,0,117
210,"2022-12-27 11:43:15",wiwin.dwiutami.hakim,"2022-12-27 11:43:15",wiwin.dwiutami.hakim,"795e0f63-eb5d-4a98-8ca2-16539dbe186c","83103-2",active,NUMERIC,0,118
211,"2022-12-27 11:43:15",wiwin.dwiutami.hakim,"2022-12-27 11:43:15",wiwin.dwiutami.hakim,a8b3ce1d-9333-4ffe-8edd-21fb62238ffb,"83103-2",active,NUMERIC,0,119
212,"2022-12-27 11:48:07",wiwin.dwiutami.hakim,"2023-02-22 12:14:59",wiwin.dwiutami.hakim,"47bc5eb9-edc6-4cb4-8646-2a45d6f9ece6","83103-2",active,TEXT,0,120
213,"2022-12-27 11:48:56",wiwin.dwiutami.hakim,"2023-02-22 11:58:26",dwi.rahmawati,f4ab8ec1-af9a-4dab-a9b2-ddbbe733be12,"83098-4",active,TEXT,0,121
214,"2022-12-27 11:49:45",wiwin.dwiutami.hakim,"2023-02-22 12:13:45",dwi.rahmawati,"0076d2a0-e592-4ab4-8d64-59578c16fd66","20568-2",active,TEXT,0,122
215,"2022-12-27 11:58:23",nabila.sauzan,"2023-02-22 12:10:06",dwi.rahmawati,"4e189fac-67c3-4752-881e-25ea16f92000","83119-8",active,TEXT,0,123
216,"2022-12-27 11:59:18",nabila.sauzan,"2023-02-21 19:51:22",jocelyn.tandrian,"505a4268-04df-4f3e-ad77-06a1428bc45e","5334-8",active,TEXT,0,124
217,"2022-12-27 12:00:21",nabila.sauzan,"2023-02-21 19:54:44",jocelyn.tandrian,"2bbbbb00-1b9b-4951-894a-8164ec99233e","5335-5",active,TEXT,0,125
218,"2022-12-27 12:01:19",nabila.sauzan,"2023-02-21 19:53:00",jocelyn.tandrian,"1f60ffcf-a01c-48c7-a485-d04c275cba1d","5209-2",active,TEXT,0,126
219,"2022-12-27 12:02:15",nabila.sauzan,"2023-02-21 19:51:29",jocelyn.tandrian,"566adf74-5738-48c2-a230-01fc1cb15c17","5210-0",active,TEXT,0,127
220,"2022-12-27 12:03:18",nabila.sauzan,"2023-02-21 19:54:16",jocelyn.tandrian,d70d64df-c250-4dbd-856d-02180b467365,"5206-8",active,TEXT,0,128
221,"2022-12-27 12:04:20",nabila.sauzan,"2023-02-21 19:53:18",jocelyn.tandrian,"9d1528e5-0337-444c-ad81-873c19a70e01","5207-6",active,TEXT,0,129
222,"2022-12-27 12:05:30",nabila.sauzan,"2023-02-22 12:12:39",dwi.rahmawati,ce098b3b-189c-4d23-846a-c661669b9571,"83088-5",active,TEXT,0,130
223,"2022-12-27 12:06:11",nabila.sauzan,"2023-02-22 12:03:19",dwi.rahmawati,"1fffd817-a9d5-4e12-822b-a79c490bdd86","83070-3",active,TEXT,0,131
224,"2022-12-27 12:06:58",nabila.sauzan,"2023-02-22 12:10:56",wiwin.dwiutami.hakim,"35b93755-061d-4273-b8fb-39378d96e844","83102-4",active,TEXT,0,132
225,"2022-12-27 12:07:59",nabila.sauzan,"2023-01-26 17:08:12",dwi.rahmawati,b92c9388-eabf-4399-bf36-c96afc99fddc,"94593-1",active,FILE,0,133
226,"2022-12-27 12:08:57",nabila.sauzan,"2023-02-22 12:09:41",wiwin.dwiutami.hakim,ee00eb93-06c3-45b0-8e26-8bf6f12071fa,"10835-7",active,TEXT,0,134
227,"2022-12-27 13:00:29",wiwin.dwiutami.hakim,"2023-02-22 12:15:47",wiwin.dwiutami.hakim,"938258b9-3ff3-427e-a4b6-4f3be53b27f6","83096-8",active,TEXT,0,135
228,"2022-12-27 13:01:14",wiwin.dwiutami.hakim,"2023-02-22 12:14:30",dwi.rahmawati,"7656c7cd-03dc-4729-ac04-d4cc78c6b579","83109-9",active,TEXT,0,136
229,"2022-12-27 13:02:24",wiwin.dwiutami.hakim,"2023-02-22 12:08:20",wiwin.dwiutami.hakim,d17323a7-609a-417e-95ea-3b78eab3cbb0,"2986-8",active,TEXT,0,137
230,"2022-12-27 13:03:43",wiwin.dwiutami.hakim,"2023-02-17 18:23:45",novi,"65c97a01-cb24-4ae1-aa16-a744ace8ef9b","31201-7",active,TEXT,0,138
231,"2022-12-27 14:29:10",wiwin.dwiutami.hakim,"2023-02-22 12:10:08",wiwin.dwiutami.hakim,"5b7159e2-1f95-4ed7-a969-33271124e442","13965-9",active,TEXT,0,139
232,"2022-12-27 14:29:37",wiwin.dwiutami.hakim,"2023-02-22 12:14:48",wiwin.dwiutami.hakim,"5dd57f43-0751-4aec-a28e-c183bc0439db","83107-3",active,TEXT,0,140
233,"2022-12-27 14:30:29",wiwin.dwiutami.hakim,"2023-02-22 12:11:11",dwi.rahmawati,"7ecd0cc2-c739-4910-81ca-59bad3e1ffc4","33863-2",active,TEXT,0,141
234,"2022-12-27 14:31:16",wiwin.dwiutami.hakim,"2023-02-22 12:18:28",wiwin.dwiutami.hakim,ad04c91b-b1cf-4ce1-afe3-4d823106eceb,"1884-6",active,TEXT,0,142
235,"2022-12-27 14:34:07",wiwin.dwiutami.hakim,"2023-02-22 12:12:25",dwi.rahmawati,"772104bb-de7a-4273-abe6-d647588f931f","1869-7",active,TEXT,0,143
236,"2022-12-27 14:34:51",wiwin.dwiutami.hakim,"2023-02-22 12:14:18",dwi.rahmawati,"3391f593-da47-448b-ac8f-bda9537659b1","6768-6",active,TEXT,0,144
237,"2022-12-27 14:36:12",wiwin.dwiutami.hakim,"2023-07-14 15:21:38",dwi.rahmawati,"73422ddd-bff1-429f-9c4d-15e8dac1da60","24351-9",active,FILE,0,145
238,"2022-12-27 14:37:00",wiwin.dwiutami.hakim,"2023-02-21 19:56:18",jocelyn.tandrian,"08fad1d5-e8aa-4abb-87e1-46c29cdd1613","22568-0",active,TEXT,0,146
239,"2022-12-27 18:09:48",nabila.sauzan,"2023-02-22 12:11:50",wiwin.dwiutami.hakim,e3ca040a-06f2-4011-b247-43fbc6ec35d3,"90364-1",active,TEXT,0,147
240,"2022-12-27 23:20:28",nabila.sauzan,"2023-02-22 12:15:21",wiwin.dwiutami.hakim,"27433d62-f55b-4d46-9e30-78b32ff5b726","2157-6",active,TEXT,0,148
241,"2022-12-27 23:21:17",nabila.sauzan,"2023-02-22 12:07:13",dwi.rahmawati,"6cd2f547-5f78-4918-b272-18ea08de3dca","32673-6",active,TEXT,0,149
242,"2022-12-27 23:22:38",nabila.sauzan,"2023-02-21 19:51:12",jocelyn.tandrian,"53a15653-c70c-467b-b80f-2b983a71352f","5189-6",active,TEXT,0,150
243,"2022-12-27 23:23:56",nabila.sauzan,"2023-02-22 12:10:48",dwi.rahmawati,c177a93b-cf8e-4cf1-8a5a-12dc925579ad,"83083-6",active,TEXT,0,151
244,"2022-12-27 23:24:55",nabila.sauzan,"2023-02-22 12:10:51",wiwin.dwiutami.hakim,f5cb5f93-7f8a-41e2-8864-e2fcccae8150,"83082-8",active,TEXT,0,152
245,"2022-12-27 23:25:52",nabila.sauzan,"2023-02-22 12:15:08",wiwin.dwiutami.hakim,"18d89558-f3db-41d9-acf8-5c1dbaa41e9d","83084-4",active,TEXT,0,153
246,"2022-12-27 23:27:10",nabila.sauzan,"2023-02-22 12:11:00",dwi.rahmawati,"1b6200fd-744f-4065-9d24-4fbac8ef07c8","3013-0",active,TEXT,0,154
247,"2022-12-27 23:28:13",nabila.sauzan,"2023-02-21 19:53:13",jocelyn.tandrian,d853b0ef-d20c-4d1d-b4d7-fe5185132a73,"56477-3",active,TEXT,0,155
248,"2022-12-27 23:30:56",nabila.sauzan,"2023-02-21 19:52:41",jocelyn.tandrian,f902bee4-bf82-4ecf-ba30-0bcd69abbcef,"5390-0",active,TEXT,0,156
249,"2022-12-27 23:31:45",nabila.sauzan,"2023-02-21 19:51:56",jocelyn.tandrian,d267c5bd-9a25-41b9-8214-7c7c861a76f4,"5126-8",active,TEXT,0,157
250,"2022-12-27 23:32:49",nabila.sauzan,"2023-02-21 19:53:27",jocelyn.tandrian,"4e289b1f-26a5-4415-b3b8-fc7ef0a0f7aa","52984-2",active,TEXT,0,158
251,"2023-01-02 22:52:29",jocelyn.tandrian,"2023-02-04 09:20:06",audhy.prabowo,"71e6b9b9-c9b3-4181-94ce-ae78f0710f81",DEL-62238,active,NUMERIC,0,159
252,"2023-01-02 22:52:58",jocelyn.tandrian,"2023-02-04 09:20:20",audhy.prabowo,"5be8b45c-7720-4343-ba34-08d2f3b02431",DEL-50384,active,NUMERIC,0,160
253,"2023-01-02 22:56:00",jocelyn.tandrian,"2023-01-02 22:56:00",jocelyn.tandrian,e035b074-c887-44ac-b891-c9889cd23737,"75223-8",active,TEXT,0,161
254,"2023-01-02 23:02:17",jocelyn.tandrian,"2023-01-02 23:02:17",jocelyn.tandrian,"509e9c58-9283-47c1-9676-e235029ec2bd","33470-6",active,TEXT,0,162
255,"2023-01-02 23:02:30",jocelyn.tandrian,"2023-01-02 23:02:30",jocelyn.tandrian,ab2df87a-7e94-4025-8e1c-ffe8fb61864a,"27938-0",active,TEXT,0,163
256,"2023-01-02 23:02:46",jocelyn.tandrian,"2023-01-02 23:02:46",jocelyn.tandrian,"66c8e3f7-8f21-4de1-a5ef-0a7a8fce70da","34370-7",active,TEXT,0,164
257,"2023-01-02 23:02:57",jocelyn.tandrian,"2023-01-02 23:02:57",jocelyn.tandrian,"5fecfbde-1914-4313-962e-253bc989685d","34371-5",active,TEXT,0,165
258,"2023-01-02 23:03:15",jocelyn.tandrian,"2023-01-02 23:03:15",jocelyn.tandrian,"821703d1-88b2-491b-9e6c-1449a3e72374","21511-1",active,TEXT,0,166
259,"2023-01-02 23:03:26",jocelyn.tandrian,"2023-01-02 23:03:26",jocelyn.tandrian,e94125e1-8790-402c-8bbe-3309dd582a7f,"21513-7",active,NUMERIC,0,167
260,"2023-01-02 23:03:38",jocelyn.tandrian,"2023-01-02 23:03:38",jocelyn.tandrian,c865f193-335b-4a3f-bc79-aae11afe800c,"34369-9",active,NUMERIC,0,168
261,"2023-01-02 23:12:50",jocelyn.tandrian,"2023-10-21 16:07:28",audhy.prabowo,a5477949-48d7-4f0e-8910-fda34bf85f30,SRBD2,active,TEXT,0,169
262,"2023-01-05 15:45:50",dwi.rahmawati,"2023-02-07 15:52:57",novi,"5ff5ca7f-75a2-4f24-ba21-94eaa4570686","882-1",active,TEXT,0,170
263,"2023-01-05 16:54:12",dwi.rahmawati,"2023-03-14 13:30:33",audhy.prabowo,"48a1940f-4a60-4dd5-b9ca-733b94360bd2",DEL 6470-9,inactive,TEXT,0,171
264,"2023-01-06 11:04:17",dwi.rahmawati,"2023-02-19 20:46:14",audhy.prabowo,ef05abab-d4bb-4210-925e-5b8657e7df6d,"69668-2",active,TEXT,0,172
265,"2023-01-12 15:28:35",dwi.rahmawati,"2023-01-12 15:28:35",dwi.rahmawati,ebaa806c-1cea-4da7-9ac2-c536890c837a,"62238-1",active,NUMERIC,0,173
266,"2023-01-12 15:30:13",dwi.rahmawati,"2023-02-22 11:22:01",dwi.rahmawati,"2aa2911c-9aab-41f0-8be3-0b954362ce98","80373-4",active,TEXT,0,174
267,"2023-01-12 15:38:50",dwi.rahmawati,"2023-02-21 19:51:35",jocelyn.tandrian,f6a94970-c316-4591-a79a-df5b4a3eaef4,"5388-4",active,TEXT,0,175
268,"2023-01-12 16:50:18",dwi.rahmawati,"2023-02-21 19:54:12",jocelyn.tandrian,"48be798a-c862-4f49-a1b9-b6ab0cd9e2f9","13950-1",active,TEXT,0,176
269,"2023-01-12 16:51:43",dwi.rahmawati,"2023-02-22 12:07:54",wiwin.dwiutami.hakim,d59c6f68-e892-405d-9c31-211fb76e0ec3,"1971-1",active,TEXT,0,177
270,"2023-01-12 16:57:31",dwi.rahmawati,"2023-02-21 19:54:21",jocelyn.tandrian,a14d29e0-ef8f-4284-b495-455fafb02988,"5198-7",active,TEXT,0,178
271,"2023-01-15 14:35:45",dwi.rahmawati,"2023-03-03 18:41:20",audhy.prabowo,bdc83884-8a23-41ad-b8c5-a414325572f4,HDLAB-0003,active,TEXT,0,179
272,"2023-01-15 14:44:14",dwi.rahmawati,"2023-03-03 18:40:57",audhy.prabowo,c4bf309e-90b5-4484-bc7c-06f67563f58f,HDLAB-0004,active,TEXT,0,180
273,"2023-01-17 12:03:31",dwi.rahmawati,"2023-02-22 12:18:10",wiwin.dwiutami.hakim,af73295a-f43c-4467-8b88-7f5e26361184,"2501-5",active,TEXT,1,37
274,"2023-01-17 12:03:31",dwi.rahmawati,"2023-02-22 12:18:10",wiwin.dwiutami.hakim,"87f77dca-5205-477b-922a-6a2bd28fdf8d","2502-3",active,TEXT,3,37
275,"2023-01-17 14:19:19",dwi.rahmawati,"2023-02-04 12:35:43",novi,"027ab3cb-e4ff-46fc-a351-3e106c8ea2ea",del62238-1,inactive,NUMERIC,3,63
276,"2023-01-17 14:19:19",dwi.rahmawati,"2023-02-04 12:35:43",novi,a2fea9d7-ed19-4abc-adc8-c9973bbc52a5,del50384-7,inactive,NUMERIC,4,63
277,"2023-01-17 14:48:38",dwi.rahmawati,"2023-02-07 16:30:58",novi,"56442ab6-268d-47c9-a6a0-a4326f160d0c","29663-2",active,TEXT,2,47
278,"2023-01-17 15:52:46",dwi.rahmawati,"2023-01-17 15:52:46",dwi.rahmawati,"52f08823-3c38-4566-b72c-5456b550d824","21513-7",active,TEXT,7,71
279,"2023-01-17 15:52:46",dwi.rahmawati,"2023-01-17 15:52:46",dwi.rahmawati,"3db53a69-f29e-4804-8093-59d21fb50cfd","27938-0",active,TEXT,3,71
280,"2023-01-17 15:52:46",dwi.rahmawati,"2023-01-17 15:52:46",dwi.rahmawati,d0377bcc-b7f2-495f-8f1f-d62839e4ba5e,"34370-7",active,TEXT,4,71
281,"2023-01-17 15:52:46",dwi.rahmawati,"2023-01-17 15:52:46",dwi.rahmawati,"8a2db3fe-21df-4de6-b7e3-4cddda94c0f1","34369-9",active,TEXT,8,71
282,"2023-01-17 15:52:46",dwi.rahmawati,"2023-01-17 15:52:46",dwi.rahmawati,"0eab1513-2987-486f-ac0b-165da01775e9","34371-5",active,TEXT,5,71
283,"2023-01-17 15:52:46",dwi.rahmawati,"2023-01-17 15:52:46",dwi.rahmawati,"58f79780-3666-4fd3-b596-766ff17ead5e","21511-1",active,TEXT,6,71
284,"2023-01-17 15:52:46",dwi.rahmawati,"2023-01-17 15:52:46",dwi.rahmawati,"0c91a619-0474-4852-b53f-5c899a6b77ba","33470-6",active,TEXT,2,71
285,"2023-01-17 17:00:12",dwi.rahmawati,"2023-01-17 17:00:12",dwi.rahmawati,"3d6873b5-83d8-4201-a522-0e68aa3c1d48","75223-8",active,TEXT,0,181
286,"2023-01-18 15:30:34",dwi.rahmawati,"2023-01-31 16:32:43",dwi.rahmawati,"2dc962af-81e5-4308-9963-fa901f8e1761",HDLAB-0009,active,NUMERIC,0,182
287,"2023-01-24 09:32:17",dwi.rahmawati,"2023-01-31 16:31:20",dwi.rahmawati,"3384484f-9277-42e0-8d8e-81dc62ce66d9",HDLAB-0006,active,FILE,0,183
288,"2023-01-26 16:59:32",audhy.prabowo,"2023-03-21 21:23:26",audhy.prabowo,"2ae30ebb-5625-44a2-89fe-6adb064539d4",HDLAB-0001,active,FILE,0,184
289,"2023-01-26 17:00:18",audhy.prabowo,"2023-03-21 21:23:36",audhy.prabowo,"2d6a3d43-4aea-42bf-a030-e94840513bf4",HDLAB-0002,active,FILE,0,185
290,"2023-01-26 17:07:14",dwi.rahmawati,"2023-04-16 10:57:34",audhy.prabowo,defded83-9a91-4d44-a1a1-aba0d56d6ff1,"94558-4",active,TEXT,1,186
291,"2023-01-30 16:19:03",dwi.rahmawati,"2023-01-30 16:19:03",dwi.rahmawati,b0594f2b-b741-4393-ad89-e7f1c5f86736,"14196-0",active,NUMERIC,0,187
292,"2023-01-30 16:21:23",dwi.rahmawati,"2023-01-30 16:21:23",dwi.rahmawati,"85f0795d-9195-4fae-a56e-d40c43974e0c","17849-1",active,NUMERIC,0,188
293,"2023-01-31 09:44:17",dwi.rahmawati,"2023-01-31 16:32:22",dwi.rahmawati,"2419cdf8-7ef5-4396-956c-a81e451b019a",HDLAB-0008,active,NUMERIC,0,189
294,"2023-01-31 09:54:26",dwi.rahmawati,"2023-01-31 16:31:51",dwi.rahmawati,"49d103aa-ca9f-46d9-bb58-deebf7e1c426",HDLAB-0007,active,NUMERIC,0,190
295,"2023-02-01 15:52:09",dwi.rahmawati,"2023-02-01 15:52:09",dwi.rahmawati,f100c741-e3ca-4c87-81a5-ac45055cca63,"71694-4",active,NUMERIC,0,191
296,"2023-02-02 23:53:53",audhy.prabowo,"2023-02-21 17:52:28",audhy.prabowo,d5324a9c-8278-46c4-88db-03070fa65393,"2100-5",active,TEXT,4,27
297,"2023-02-03 00:02:45",novi,"2023-02-21 17:53:32",audhy.prabowo,"72c1fd92-b48b-4892-885f-fcbefc3c5523","71695-1",active,TEXT,0,192
298,"2023-02-03 00:20:47",novi,"2023-02-21 17:54:01",audhy.prabowo,cef123bb-04aa-40bc-bef1-8ba4d2d4487e,"71693-6",active,TEXT,0,193
299,"2023-02-03 00:45:17",novi,"2023-02-21 17:54:16",audhy.prabowo,aafd1a52-0b00-4d77-a4df-82265b37a494,"17849-1",active,TEXT,1,194
300,"2023-02-03 20:06:04",helios.laboratory,"2023-02-21 17:54:16",audhy.prabowo,a781b258-0274-49d9-8972-842ac548fd91,"14196-0",active,TEXT,2,194
301,"2023-02-03 20:11:14",helios.laboratory,"2023-02-21 17:54:16",audhy.prabowo,"45cabe83-c5d2-4784-97f5-3f63ab598f89","71694-4",active,TEXT,3,194
302,"2023-02-04 08:53:14",audhy.prabowo,"2023-02-21 17:52:28",audhy.prabowo,"08fa1102-6038-4460-8881-86b0bd3890e4","788-0",active,TEXT,5,27
303,"2023-02-04 09:19:10",audhy.prabowo,"2023-02-04 12:35:43",novi,f82499b3-bdef-49ca-9749-f7a351a45add,del69405-9,active,NUMERIC,2,63
304,"2023-02-04 11:17:11",novi,"2023-02-04 11:17:11",novi,a533ac29-7670-4a2f-9d15-643b5aff8e77,"21033-6",active,TEXT,7,23
305,"2023-02-04 12:26:40",novi,"2023-03-11 22:14:50",novi,"29a79264-d7f8-44c9-be86-11fa3a24d8fe","3094-0",active,TEXT,0,73
306,"2023-02-04 12:41:32",novi,"2023-02-22 11:28:29",dwi.rahmawati,d4a3f405-df14-40a5-9427-571b4a28c73b,"2160-0",active,TEXT,0,195
307,"2023-02-04 12:42:40",novi,"2023-03-01 07:56:53",novi,"5cb82426-dd00-4aa3-9dee-89ece3abf077","69405-9",active,TEXT,0,195
308,"2023-02-06 13:44:50",dwi.rahmawati,"2023-02-22 11:32:24",dwi.rahmawati,b619a399-c23f-41e3-9bce-f537309ad6ab,"718-7",active,TEXT,0,196
309,"2023-02-06 13:45:17",dwi.rahmawati,"2023-02-22 11:32:31",dwi.rahmawati,"71ac1598-7e5f-4b78-8ea9-eeebedf6c8a6","4544-3",active,TEXT,0,197
310,"2023-02-06 13:45:42",dwi.rahmawati,"2023-02-22 11:32:41",dwi.rahmawati,ab959ce8-1d05-4bea-9ab3-8c10d6470d33,"789-8",active,TEXT,0,198
311,"2023-02-06 13:46:29",dwi.rahmawati,"2023-02-22 11:33:00",dwi.rahmawati,e580d614-7392-40bd-a83b-7aae7509644d,"787-2",active,TEXT,1,199
312,"2023-02-06 13:47:33",dwi.rahmawati,"2023-02-22 16:57:37",novi,"992ac659-f140-4a98-a2d6-fdc9d48ff19b","788-0",active,TEXT,5,199
313,"2023-02-06 13:47:33",dwi.rahmawati,"2023-02-22 11:33:00",dwi.rahmawati,ed9ee08e-e5a3-4efd-ae3d-7385cd633095,"786-4",active,TEXT,3,199
314,"2023-02-06 13:47:33",dwi.rahmawati,"2023-02-22 11:33:00",dwi.rahmawati,"09c39129-0bd9-415d-b445-9f53d428e90a","785-6",active,TEXT,2,199
315,"2023-02-06 13:47:33",dwi.rahmawati,"2023-02-22 16:57:37",novi,bcc00f7a-b6df-4a1a-8cd2-ed9aaa79805e,"2100-5",active,TEXT,4,199
316,"2023-02-06 13:48:11",dwi.rahmawati,"2023-02-22 11:33:13",dwi.rahmawati,d7d805bc-80d9-462f-8773-0687ebb43bb7,"6690-2",active,TEXT,0,200
317,"2023-02-06 13:49:46",dwi.rahmawati,"2023-02-22 11:33:38",dwi.rahmawati,db4c030a-0724-4afa-b155-624416de4287,"713-8",active,TEXT,4,201
318,"2023-02-06 13:49:46",dwi.rahmawati,"2023-02-22 11:33:38",dwi.rahmawati,f051e211-27ba-419b-ac5d-84ffdc60d4c9,"736-9",active,TEXT,2,201
319,"2023-02-06 13:49:46",dwi.rahmawati,"2023-02-22 11:33:38",dwi.rahmawati,d3f15f5b-affd-467f-a2da-1ac49c481769,"770-8",active,TEXT,1,201
320,"2023-02-06 13:49:46",dwi.rahmawati,"2023-02-22 11:33:38",dwi.rahmawati,"6f066967-e6b7-4e3a-b4c0-2aecd7c27ee5","5905-5",active,TEXT,3,201
321,"2023-02-06 13:51:48",dwi.rahmawati,"2023-02-22 11:33:38",dwi.rahmawati,"37c172f7-af2f-4b2a-9790-69a9cc183faa","731-0",active,TEXT,7,201
322,"2023-02-06 13:51:48",dwi.rahmawati,"2023-02-22 11:33:38",dwi.rahmawati,"20b4b520-ebb0-4d1e-91c0-c03f29e4eb95","751-8",active,TEXT,6,201
323,"2023-02-06 13:51:48",dwi.rahmawati,"2023-02-22 11:33:38",dwi.rahmawati,"7ea9ee08-e62d-438f-9128-1f8e344fa475","711-2",active,TEXT,9,201
324,"2023-02-06 13:51:48",dwi.rahmawati,"2023-02-22 11:33:38",dwi.rahmawati,"10bacf70-aa46-4fd7-b051-4f23cfaecfa4","704-7",active,TEXT,10,201
325,"2023-02-06 13:51:48",dwi.rahmawati,"2023-02-22 11:33:38",dwi.rahmawati,"35fa4b92-1a5f-4f21-8466-e12ae0beb760","742-7",active,TEXT,8,201
326,"2023-02-06 13:51:48",dwi.rahmawati,"2023-02-22 11:33:38",dwi.rahmawati,"333b3e3f-2d14-4659-9356-c148c810d9f2","706-2",active,TEXT,5,201
327,"2023-02-06 13:52:23",dwi.rahmawati,"2023-02-06 17:27:51",dwi.rahmawati,"9df67ec4-8eea-4c81-9ffa-143a4ff61fe8","71695-1",active,NUMERIC,0,202
328,"2023-02-06 13:52:42",dwi.rahmawati,"2023-02-22 11:34:07",dwi.rahmawati,"265f9906-f181-4df7-9fda-dd329ff43a0f","777-3",active,TEXT,0,203
329,"2023-02-06 13:53:48",dwi.rahmawati,"2023-02-22 11:34:17",dwi.rahmawati,df157fdc-27ce-4d05-9af9-041be0953448,"32623-1",active,TEXT,2,204
330,"2023-02-06 13:53:48",dwi.rahmawati,"2023-02-22 11:34:17",dwi.rahmawati,ace7f350-4b3d-4d8b-97e4-2818e827a2a7,"32207-3",active,TEXT,1,204
331,"2023-02-06 13:53:48",dwi.rahmawati,"2023-02-22 15:18:32",audhy.prabowo,"2f6e2e03-fae8-4e6d-80f5-6457c7ab90f1","51637-7",active,TEXT,3,204
332,"2023-02-06 13:54:17",dwi.rahmawati,"2023-02-06 17:28:49",dwi.rahmawati,"5ccc2e8f-81e0-41ea-93ab-b1819b64a006","71693-6",active,NUMERIC,0,205
333,"2023-02-07 15:21:55",novi,"2023-02-07 15:21:55",novi,"2a4562d7-0529-4fed-abf3-673288194857","9397-1",active,TEXT,1,206
334,"2023-02-07 15:23:43",novi,"2023-02-07 15:23:43",novi,eaba1284-9d99-400b-8fc1-4b41e9db402b,"41278-3",active,TEXT,4,206
335,"2023-02-07 15:23:43",novi,"2023-02-07 15:23:43",novi,"036690a5-ec56-498a-8f04-66386360445a","42524-9",active,TEXT,3,206
336,"2023-02-07 15:23:43",novi,"2023-02-07 15:23:43",novi,"82fa8f7f-0a85-4bd1-9e56-e86ab4aba52e","11029-6",active,TEXT,2,206
337,"2023-02-07 15:28:53",novi,"2023-02-22 11:25:03",dwi.rahmawati,dbcdc705-8cee-4bcf-8356-0fe40863115e,"13655-6",active,TEXT,2,207
338,"2023-02-07 15:28:53",novi,"2023-02-07 15:28:53",novi,"0e39790a-7b61-4c5a-a1ba-e8f45c9d7060","87998-1",active,TEXT,3,207
339,"2023-02-07 15:28:53",novi,"2023-02-07 15:28:53",novi,"2a31c498-8de7-454c-857e-acd806978519","17773-3",active,TEXT,5,207
340,"2023-02-07 15:28:53",novi,"2023-02-07 15:28:53",novi,a2f9501c-dedf-43b3-9a53-ace54c398967,"10704-5",active,TEXT,4,207
341,"2023-02-07 15:28:53",novi,"2023-02-22 11:25:03",dwi.rahmawati,"4560a302-0bec-43f9-8d31-2b858ea77dba","33668-5",active,TEXT,1,207
342,"2023-02-07 15:30:38",novi,"2023-02-07 15:30:38",novi,"6f18facc-e3f9-41b7-8619-1fca29b9a1c3","2967-8",active,TEXT,2,208
343,"2023-02-07 15:30:38",novi,"2023-02-07 15:30:38",novi,"312dc1fe-bee8-4a12-b1ea-3b8603adb8c1","2270-7",active,TEXT,1,208
344,"2023-02-07 15:30:38",novi,"2023-02-07 15:30:38",novi,"222fd473-5d94-45fb-9231-7d20e1f4b95f","38897-5",active,TEXT,3,208
345,"2023-02-21 13:42:40",dwi.rahmawati,"2023-02-22 12:07:53",dwi.rahmawati,"3bc2cc18-4649-4fb6-9906-0c56e0369eeb","5992-3",active,TEXT,4,82
346,"2023-02-21 13:43:31",dwi.rahmawati,"2023-02-22 12:07:53",dwi.rahmawati,ef33c778-1392-491d-b31b-8845f95fd56f,"78519-6",active,TEXT,3,82
347,"2023-02-21 13:45:10",dwi.rahmawati,"2023-02-22 12:07:53",dwi.rahmawati,e8f27b06-6109-4f2a-a4dc-305a75c43696,"78522-0",active,TEXT,2,82
348,"2023-02-21 13:45:10",dwi.rahmawati,"2023-02-22 12:07:53",dwi.rahmawati,"8022b020-7c52-4b50-ac38-d914de4356e0","79188-9",active,TEXT,1,82
349,"2023-02-21 13:45:53",dwi.rahmawati,"2023-02-21 13:45:53",dwi.rahmawati,"07170516-6d7d-47c4-867b-f17c6e73fc58","94187-2",active,TEXT,5,82
350,"2023-02-21 17:50:11",novi,"2023-04-17 22:55:33",audhy.prabowo,a323cfc0-1199-438e-be26-aac88bc4af67,"34109-9",inactive,TEXT,2,186
351,"2023-03-01 08:52:22",novi,"2023-04-13 14:14:28",dwi.rahmawati,fec5a309-663a-4336-98b7-8125dd72dde9,"83104-0",active,TEXT,1,209
352,"2023-03-01 08:54:01",novi,"2023-04-17 10:06:32",dwi.rahmawati,"9d72688f-7735-4405-8228-f2288d8a6322","83105-7",inactive,TEXT,2,209
353,"2023-03-01 09:24:50",novi,"2023-03-01 09:24:50",novi,"0c84cd8e-081c-4f9a-a9cc-9ccc4ff0ecde","34714-6",active,NUMERIC,2,75
354,"2023-03-06 13:05:59",dwi.rahmawati,"2023-03-21 10:27:11",dwi.rahmawati,a3deee80-331a-4930-9150-0b9983a63eda,HDLAB-011,active,TEXT,0,210
355,"2023-03-06 15:28:37",dwi.rahmawati,"2023-03-06 15:28:37",dwi.rahmawati,f0cec085-4946-4b50-be5b-e75206a837ad,"14805-6",active,TEXT,0,211
356,"2023-03-06 15:33:09",dwi.rahmawati,"2023-07-14 15:22:51",dwi.rahmawati,d90129c6-8a23-4461-b60a-f9561b1796e5,"33959-8",active,FILE,0,212
357,"2023-04-13 12:45:57",dwi.rahmawati,"2024-08-17 16:36:19",roy.haryanto,e018e5a9-8623-4b40-81ef-f59d0a9e44b3,"3181-5",active,TEXT,0,213
358,"2023-04-13 12:51:17",dwi.rahmawati,"2023-04-13 12:51:17",dwi.rahmawati,"8d601c83-02f1-469c-a583-1cbe5c246e97","3182-3",active,TEXT,0,214
359,"2023-04-13 13:11:51",dwi.rahmawati,"2023-04-13 13:11:51",dwi.rahmawati,db4ce116-7d44-4ab0-bbbc-12b888f2e46c,"33959-8",active,TEXT,0,215
360,"2023-04-13 13:23:22",dwi.rahmawati,"2023-04-13 13:23:22",dwi.rahmawati,"558b10cf-31b8-4781-a1c0-2c64bc705fb4","83104-0",active,TEXT,0,216
361,"2023-04-13 13:28:10",jocelyn.tandrian,"2023-07-07 17:58:52",audhy.prabowo,"9bb409a4-d64c-478e-b88a-7cbe227db2a9","5048-4",active,FILE,0,217
362,"2023-04-13 13:34:22",dwi.rahmawati,"2023-04-13 13:34:22",dwi.rahmawati,ee5089d3-14c3-4faa-b0ba-43864a327d6e,"2098-2",active,TEXT,0,218
363,"2023-04-13 13:36:18",jocelyn.tandrian,"2023-04-13 14:58:41",jocelyn.tandrian,f9c003c4-b788-4e2d-acc3-901dc1d45189,"16695-9",inactive,TEXT,0,219
364,"2023-04-13 13:38:59",jocelyn.tandrian,"2023-04-13 13:38:59",jocelyn.tandrian,c8031266-fa29-496b-b8d0-de12a9c6f12b,"2697-1",active,TEXT,0,220
365,"2023-04-13 13:39:46",dwi.rahmawati,"2023-04-13 13:39:46",dwi.rahmawati,fd7c3291-7dd8-424e-913a-a58715833ac8,"26881-3",active,TEXT,0,221
366,"2023-04-13 13:40:26",jocelyn.tandrian,"2023-04-13 13:40:26",jocelyn.tandrian,"497945b3-0a86-4e8b-b275-548fad856b68","20448-7",active,TEXT,0,222
367,"2023-04-13 13:46:10",jocelyn.tandrian,"2023-04-13 13:46:10",jocelyn.tandrian,c5df7cd6-8f61-4897-a68c-f23a5494ee91,"7903-8",active,TEXT,0,223
368,"2023-04-13 13:48:52",jocelyn.tandrian,"2023-04-13 14:57:53",jocelyn.tandrian,ec507bb3-42d7-4650-8e6f-723207328800,"16126-5",active,TEXT,0,224
369,"2023-04-13 13:50:39",jocelyn.tandrian,"2023-04-13 13:50:39",jocelyn.tandrian,"41271cec-9097-4972-97ec-54bda3dd2192","25390-6",active,TEXT,0,225
370,"2023-04-13 13:52:53",jocelyn.tandrian,"2023-04-13 13:52:53",jocelyn.tandrian,"5a5eadcc-3459-49a6-8362-208dee279025","8098-6",active,TEXT,0,226
371,"2023-04-13 14:58:29",jocelyn.tandrian,"2023-04-13 14:58:29",jocelyn.tandrian,"3fcd7799-a7fd-4ebe-ad7c-e865cb398e6a","2132-9",active,TEXT,0,227
372,"2023-05-19 17:37:56",dwi.rahmawati,"2023-05-19 17:53:55",dwi.rahmawati,f8fb9cd0-88ab-4542-8bad-2a749bd88548, 5388-4,inactive,TEXT,0,228
373,"2023-05-19 18:19:07",dwi.rahmawati,"2024-02-20 16:14:44",audhy.prabowo,"35f724b9-3837-4acc-bedd-7ccf6943f225","56990-5",active,TEXT,0,229
374,"2023-05-19 18:19:24",dwi.rahmawati,"2023-05-19 18:19:25",dwi.rahmawati,"8ad64ffd-4bc5-4ebb-af64-3cf9d5e578bd","5388-4",active,TEXT,0,230
375,"2023-05-19 18:26:15",dwi.rahmawati,"2023-05-19 18:26:15",dwi.rahmawati,eb49df07-9a7d-4b91-8c4b-aa5c618eed8e,"52984-2",active,TEXT,0,231
376,"2023-05-19 18:27:29",dwi.rahmawati,"2023-05-19 18:27:29",dwi.rahmawati,e5a133b5-9d84-4559-a7af-c97326874ade,"5124-3",active,TEXT,0,232
377,"2023-05-22 17:08:48",jocelyn.tandrian,"2023-05-26 20:15:46",gopal.jayaraman,"6d7dd1fb-e6c2-4b8b-bcec-d6894b815509","5909-7",active,FILE,0,233
378,"2023-05-29 14:53:15",nabila.sauzan,"2023-05-30 12:06:49",nabila.sauzan,d25b3b8a-f21f-4e4f-8a12-91b9f3c40c03,"15205-8",active,TEXT,0,234
379,"2023-05-29 15:04:49",jocelyn.tandrian,"2023-05-29 15:24:15",jocelyn.tandrian,f8fabf73-5608-4f3b-a532-d76aaaf9b474,X099129,active,FILE,0,235
380,"2023-05-29 18:12:15",nabila.sauzan,"2023-05-29 20:35:35",audhy.prabowo,dc47e9f5-f8d2-4067-9260-0c97cc158a66,"29463-7",active,TEXT,1,236
381,"2023-05-29 18:18:30",nabila.sauzan,"2023-05-29 20:44:09",audhy.prabowo,"65c3ea31-265c-4430-9eb5-c85f56fdb13c","8480-6",active,TEXT,1,237
382,"2023-05-29 20:35:34",audhy.prabowo,"2023-05-29 20:44:16",audhy.prabowo,e1fef3ab-8892-48eb-b3d2-71465c5dd7c0,"8302-2",active,TEXT,2,236
383,"2023-05-29 20:44:09",audhy.prabowo,"2023-05-29 20:44:09",audhy.prabowo,"129ac699-2501-4e58-906b-f9fd6011a6fb","8462-4",active,TEXT,2,237
384,"2023-05-29 21:23:56",audhy.prabowo,"2023-05-29 21:23:56",audhy.prabowo,"25154963-a384-4112-a0fa-562017988dee","39156-5",active,TEXT,3,236
385,"2023-06-05 10:45:39",audhy.prabowo,"2023-06-05 13:15:54",nabila.sauzan,f59ae6df-61a4-46f2-b79c-3c669d6a51b5,"29463-7",active,TEXT,2,238
386,"2023-06-05 10:45:39",audhy.prabowo,"2023-06-05 13:20:14",nabila.sauzan,"7a3f1634-d205-40e2-9ee0-8ddbd1c4316e","8302-2",active,TEXT,1,238
387,"2023-06-05 10:45:39",audhy.prabowo,"2023-06-05 13:15:54",nabila.sauzan,"881f7a51-44ab-46c2-9c43-9cf127b59e5d","39156-5",active,TEXT,3,238
388,"2023-06-05 10:45:39",audhy.prabowo,"2023-06-05 13:17:47",nabila.sauzan,"2d07f850-2226-41e1-a6f8-b28c8273d95e","8480-6",active,TEXT,4,238
389,"2023-06-05 10:45:39",audhy.prabowo,"2023-06-05 13:17:47",nabila.sauzan,"6af230a8-1555-435d-92b7-b8505ee6268b","8462-4",active,TEXT,5,238
390,"2023-06-05 11:57:09",nabila.sauzan,"2023-06-05 11:57:09",nabila.sauzan,"50fc75bf-59a8-4855-aadd-49de4fe3e4d3","7",active,TEXT,7,239
391,"2023-06-05 11:57:09",nabila.sauzan,"2023-06-05 11:57:09",nabila.sauzan,"1eb559a8-7183-45c2-b8f1-d057a1e4258f","3",active,TEXT,3,239
392,"2023-06-05 11:57:09",nabila.sauzan,"2023-06-05 11:57:09",nabila.sauzan,d8ba4a34-07a5-425f-86b3-44ddc0336a57,"4",active,TEXT,4,239
393,"2023-06-05 11:57:09",nabila.sauzan,"2023-06-05 11:57:09",nabila.sauzan,ca9dd186-e213-4b68-81aa-a94a712d07b9,"8",active,TEXT,8,239
394,"2023-06-05 11:57:09",nabila.sauzan,"2023-06-05 11:57:09",nabila.sauzan,"97837406-9225-49a9-9249-ef5c4dfc32da","2",active,TEXT,2,239
395,"2023-06-05 11:57:09",nabila.sauzan,"2023-06-05 11:57:09",nabila.sauzan,b526e199-d222-47c6-93ad-ad85372e833b,"1",active,TEXT,1,239
396,"2023-06-05 11:57:09",nabila.sauzan,"2023-06-05 11:57:09",nabila.sauzan,"74fc69b7-8842-4148-b1d2-966bc9f24e24","6",active,TEXT,6,239
397,"2023-06-05 11:57:09",nabila.sauzan,"2023-06-05 11:57:09",nabila.sauzan,f3a8a385-c8d1-47f1-95b7-039035da29ea,"5",active,TEXT,5,239
398,"2023-06-05 11:59:51",nabila.sauzan,"2023-06-05 11:59:51",nabila.sauzan,"895b2ed4-df61-443b-b44e-867cf369d114","10",active,TEXT,2,240
399,"2023-06-05 11:59:51",nabila.sauzan,"2023-06-05 11:59:51",nabila.sauzan,"466efdbb-8b29-4ae2-b62a-9a51afdd93be","11",active,TEXT,3,240
400,"2023-06-05 11:59:51",nabila.sauzan,"2023-06-05 11:59:51",nabila.sauzan,a3e7381c-de4c-49f1-8f85-f9ac34fcb7be,"9",active,TEXT,1,240
401,"2023-06-05 11:59:51",nabila.sauzan,"2023-06-05 11:59:51",nabila.sauzan,ddbbca04-6d05-4cca-b1aa-7b92402db80b,"12",active,TEXT,4,240
402,"2023-06-05 12:04:28",nabila.sauzan,"2023-06-05 12:04:28",nabila.sauzan,d5e707eb-70fb-4638-becc-b45acce2c59f,"14",active,TEXT,2,241
403,"2023-06-05 12:04:28",nabila.sauzan,"2023-06-05 12:04:28",nabila.sauzan,f336930d-59ed-45fe-97cd-56c7b475ae29,"15",active,TEXT,3,241
404,"2023-06-05 12:04:28",nabila.sauzan,"2023-06-05 12:04:28",nabila.sauzan,"10543698-2f73-4476-8d56-9331455ba5cc","13",active,TEXT,1,241
405,"2023-06-05 12:05:13",nabila.sauzan,"2023-06-05 12:05:13",nabila.sauzan,d9740501-880c-47e5-93ba-34a0602faa7c,"16",active,TEXT,4,242
406,"2023-06-05 12:07:02",nabila.sauzan,"2023-06-05 12:07:02",nabila.sauzan,"34fc4814-a56c-4b84-9bac-5dc4f2f924ea","17",active,TEXT,1,243
407,"2023-06-05 12:07:02",nabila.sauzan,"2023-06-05 12:07:02",nabila.sauzan,"5b11232e-8dfc-400e-ae35-4a7bf487203e","18",active,TEXT,2,243
408,"2023-06-05 13:08:36",nabila.sauzan,"2023-06-05 13:08:36",nabila.sauzan,"532e83e9-d6a2-427e-856f-4bcbc45021a9","8302-2",active,TEXT,1,239
409,"2023-06-05 13:08:36",nabila.sauzan,"2023-06-05 13:08:36",nabila.sauzan,"2d9dd551-8806-4e1b-be47-7e3630af30ef","8462-4",active,TEXT,5,239
410,"2023-06-05 13:08:36",nabila.sauzan,"2023-06-05 13:08:36",nabila.sauzan,"602b584d-d62b-4436-942f-03104d704c6a","8310-5",active,TEXT,8,239
411,"2023-06-05 13:08:36",nabila.sauzan,"2023-06-05 13:08:36",nabila.sauzan,c22d1e60-c8c6-4b86-af4b-5172f1974234,"29463-7",active,TEXT,2,239
412,"2023-06-05 13:08:36",nabila.sauzan,"2023-06-05 13:08:36",nabila.sauzan,d85e486f-7a2f-49f1-bdec-e851c5895512,"39156-5",active,TEXT,3,239
413,"2023-06-05 13:08:36",nabila.sauzan,"2023-06-05 13:08:36",nabila.sauzan,a17f747c-c1bd-4bd3-ad28-1839692a8bdb,"9279-1",active,TEXT,7,239
414,"2023-06-05 13:08:36",nabila.sauzan,"2023-06-05 13:08:36",nabila.sauzan,"1fe369d0-3d0d-42f7-99b1-c3789b6bf3e8","8889-8",active,TEXT,6,239
415,"2023-06-05 13:08:36",nabila.sauzan,"2023-06-05 13:08:36",nabila.sauzan,ea1225dc-2d7c-4725-9d88-c5fba4e35b76,"8480-6",active,TEXT,4,239
416,"2023-06-05 13:20:14",nabila.sauzan,"2023-06-05 13:20:14",nabila.sauzan,"398cd438-48fd-432c-9a84-2af3fe650093","8889-8",active,TEXT,6,238
417,"2023-06-05 13:20:14",nabila.sauzan,"2023-06-05 13:20:14",nabila.sauzan,"6e7e9c83-aca4-470a-bca4-d6b338cf314c","8310-5",active,TEXT,8,238
418,"2023-06-05 13:20:14",nabila.sauzan,"2023-06-05 13:20:14",nabila.sauzan,db0706be-fe55-464c-b872-9b394c0bf3b3,"9279-1",active,TEXT,7,238
419,"2023-06-05 13:22:12",nabila.sauzan,"2023-06-05 13:22:12",nabila.sauzan,"99b8276e-3f1b-4f8c-bf7d-cc9f02f14337","46673-0",active,TEXT,3,244
420,"2023-06-05 13:22:12",nabila.sauzan,"2023-06-05 13:22:12",nabila.sauzan,"7c9580e1-c299-4a6e-a6e7-3b2ba6321dd1","65897-1",active,TEXT,2,244
421,"2023-06-05 13:22:12",nabila.sauzan,"2023-06-05 13:22:12",nabila.sauzan,"8886b688-83b8-4944-a935-2e06c8efcc70","65893-0",active,TEXT,1,244
422,"2023-06-05 13:22:12",nabila.sauzan,"2023-06-05 13:22:12",nabila.sauzan,c324de1d-4a3e-4712-8168-83964cdb218d,"32471-5",active,TEXT,4,244
423,"2023-06-05 13:24:00",nabila.sauzan,"2023-06-05 13:24:00",nabila.sauzan,f34a6a63-1a24-440d-b572-53b3a1d418ea,"8698-3",active,TEXT,1,245
424,"2023-06-05 13:24:00",nabila.sauzan,"2023-06-05 13:24:00",nabila.sauzan,fd021d4a-dd81-45cb-a275-4421383a1f4b,"10203-8",active,TEXT,2,245
425,"2023-06-05 13:24:00",nabila.sauzan,"2023-06-05 13:24:00",nabila.sauzan,c6d16cec-87fe-413a-80cc-92e914d6cc11,"56867-5",active,TEXT,3,245
426,"2023-06-05 13:26:49",nabila.sauzan,"2023-06-05 13:26:49",nabila.sauzan,"33532c01-b749-4b41-8ecf-cddedb9fe98f","74030-8",active,TEXT,1,246
427,"2023-06-05 13:28:10",nabila.sauzan,"2023-06-05 15:28:39",nabila.sauzan,cc4143c4-4a82-48ec-bd78-fd1a155f921e,"8702-3",inactive,TEXT,1,247
428,"2023-06-05 13:28:10",nabila.sauzan,"2023-06-05 15:28:39",nabila.sauzan,"5afdb005-c2c5-4983-9813-5b57e6409bf2","67528-0",inactive,TEXT,2,247
429,"2023-06-05 13:30:02",nabila.sauzan,"2023-06-05 16:09:24",nabila.sauzan,c875b59b-ed22-43d5-b282-58b2f2bacb7d,"8694-2",active,TEXT,2,248
430,"2023-06-05 13:30:02",nabila.sauzan,"2023-06-05 16:15:12",nabila.sauzan,"9491d15e-2094-4cbf-a536-6eeb74af4f20","78387-8",inactive,TEXT,4,248
431,"2023-06-05 13:30:02",nabila.sauzan,"2023-06-05 15:32:37",nabila.sauzan,b5e18d30-fcad-487c-9a1b-9ca71ea50802,"80269-4",inactive,TEXT,3,248
432,"2023-06-05 13:30:46",nabila.sauzan,"2023-06-05 14:11:54",nabila.sauzan,"8d5bf812-0867-488b-b4b7-801ea83a86d1","8709-8",active,TEXT,0,249
433,"2023-06-05 13:31:28",nabila.sauzan,"2023-06-05 15:24:26",nabila.sauzan,"31145cde-0b4d-40db-8c16-d0c08819d56f","89221-6",inactive,TEXT,0,250
434,"2023-06-05 13:32:11",nabila.sauzan,"2023-06-05 15:31:26",nabila.sauzan,ea48fa8f-f2bd-484d-8ba8-ec21dfd9538b,"8703-1",active,TEXT,0,251
435,"2023-06-05 13:32:50",nabila.sauzan,"2023-06-05 15:24:52",nabila.sauzan,d82d6c27-2510-4baa-b2c4-605957ae0c32,"32476-4",inactive,TEXT,0,252
436,"2023-06-05 13:33:54",nabila.sauzan,"2023-06-05 15:25:11",nabila.sauzan,e3815913-6e5b-49a7-8285-00bb505ba753,"80324-7",inactive,TEXT,1,253
437,"2023-06-05 13:33:54",nabila.sauzan,"2023-06-05 15:25:11",nabila.sauzan,ae76b896-9d64-4559-a752-7c8ffa2d33a2,"80325-4",inactive,TEXT,2,253
438,"2023-06-05 14:20:03",nabila.sauzan,"2023-06-05 15:39:55",nabila.sauzan,e80e9b42-34a0-4dbb-8482-59761df2a1b2,"18783-1",inactive,TEXT,4,254
439,"2023-06-05 14:20:03",nabila.sauzan,"2023-06-05 15:39:55",nabila.sauzan,f7d11c30-d4cb-4801-99fb-fd23f7eb2bb0,"19005-8",inactive,TEXT,3,254
440,"2023-06-05 14:31:57",nabila.sauzan,"2023-08-29 11:18:36",audhy.prabowo,"84abab39-95d5-4fed-92a3-4c630b115556",FIT,active,FILE,3,255
441,"2023-06-05 14:31:57",nabila.sauzan,"2023-08-29 11:18:36",audhy.prabowo,"879318a9-b62d-4c15-b7fc-a88367e498fd","22029-3",active,FILE,2,255
442,"2023-06-05 14:31:57",nabila.sauzan,"2023-08-29 11:18:36",audhy.prabowo,"3dda3774-fe7b-403a-973d-2aa92971c58b","29545-1",active,FILE,1,255
443,"2023-06-05 14:42:07",nabila.sauzan,"2023-06-05 14:42:07",nabila.sauzan,"3b93f783-f722-4c6d-8a09-0270bd278d2c","11450-4",active,TEXT,0,256
444,"2023-06-05 14:42:36",nabila.sauzan,"2023-06-05 14:42:36",nabila.sauzan,"945f986d-e816-4f76-8fdb-58f734f88a68","11348-0",active,TEXT,0,257
445,"2023-06-05 14:42:58",nabila.sauzan,"2023-06-05 14:42:58",nabila.sauzan,"3682c22b-df71-4522-9587-ecd2236b3c73","74165-2",active,TEXT,0,258
446,"2023-06-05 14:44:10",nabila.sauzan,"2023-06-05 14:44:10",nabila.sauzan,"91befa82-7bb1-403e-bc76-a6135974e27c","10157-6",active,TEXT,2,259
447,"2023-06-05 14:44:10",nabila.sauzan,"2023-06-05 14:44:10",nabila.sauzan,"343b6280-aa82-4f89-8bc9-4abe5ecb8ab4","10157-6",active,TEXT,1,259
448,"2023-06-05 14:44:38",nabila.sauzan,"2023-06-05 14:44:38",nabila.sauzan,"58053f5e-f5b5-41de-98f2-ff1acd279223","48765-2",active,TEXT,0,260
449,"2023-06-05 14:45:01",nabila.sauzan,"2023-06-06 15:58:53",nabila.sauzan,f8b5f404-e38b-4a62-8e98-c85f4e33fa33,"72166-2",active,TEXT,0,261
450,"2023-06-05 14:45:24",nabila.sauzan,"2023-06-05 14:45:24",nabila.sauzan,"8c52f071-1472-4e3d-953b-9a40163fef3b","72109-2",active,TEXT,0,262
451,"2023-06-05 14:45:48",nabila.sauzan,"2023-06-05 14:45:48",nabila.sauzan,c3f0033f-5dee-4619-a967-243c072629e2,"73985-4",active,TEXT,0,263
452,"2023-06-05 15:42:00",nabila.sauzan,"2023-06-05 15:42:00",nabila.sauzan,"3d03930e-ecae-4e13-8a2f-c43ec524c15d","11524-6",active,FILE,0,264
453,"2023-06-05 15:42:30",nabila.sauzan,"2023-06-05 15:42:30",nabila.sauzan,"0d514a84-aef9-4e97-8388-b0a571a98183","36554-4",active,FILE,0,265
454,"2023-06-05 15:43:19",nabila.sauzan,"2023-06-05 15:43:19",nabila.sauzan,ef3d50c3-210a-4597-9355-d2917aefbd34,"19005-8",active,TEXT,0,266
455,"2023-06-05 15:43:39",nabila.sauzan,"2023-06-05 15:43:39",nabila.sauzan,"5d6a30ae-3a95-4b9b-818a-6075eb12d6d7","18783-1",active,TEXT,0,267
456,"2023-06-05 16:09:24",nabila.sauzan,"2023-06-05 16:09:30",nabila.sauzan,b49625aa-7773-4e80-b619-0a79427c90f9,"11423-1",active,TEXT,1,248
457,"2023-06-07 03:22:28",nabila.sauzan,"2023-06-07 03:22:28",nabila.sauzan,"0289a672-64cd-411b-bb3a-efa853ca5d36","2093-3",active,TEXT,1,268
458,"2023-06-07 03:22:28",nabila.sauzan,"2023-06-07 03:22:28",nabila.sauzan,"025b4e4c-cef9-4dbf-84b6-280d78886f44","2089-1",active,TEXT,3,268
459,"2023-06-07 03:22:28",nabila.sauzan,"2023-06-07 03:22:28",nabila.sauzan,"703d0528-770e-4c22-9e83-3eb6652feff6","2085-9",active,TEXT,2,268
460,"2023-06-07 03:22:28",nabila.sauzan,"2023-06-07 03:22:28",nabila.sauzan,"7ad5d4ab-5699-4b93-8c14-8ddb6d8b8660","2571-8",active,TEXT,4,268
461,"2023-06-07 03:24:32",nabila.sauzan,"2023-06-07 03:24:32",nabila.sauzan,b76710f0-629e-46a0-a85d-224f348f34ae, 4548-4,active,TEXT,2,269
462,"2023-06-07 03:24:32",nabila.sauzan,"2023-06-07 03:24:32",nabila.sauzan,"343e7482-cbec-454f-91d2-02cfc32b2ba7","1558-6",active,TEXT,1,269
463,"2023-06-07 03:28:02",nabila.sauzan,"2023-06-07 03:28:02",nabila.sauzan,"106a197e-bbae-478b-921f-cfbab823950b","3084-1",active,TEXT,1,270
464,"2023-06-07 03:43:21",nabila.sauzan,"2023-06-07 03:43:22",nabila.sauzan,"93ace45a-34b0-4bc4-bd1c-0d4c8869f07d","5811-5",active,TEXT,4,271
465,"2023-06-07 03:43:21",nabila.sauzan,"2023-06-07 03:43:22",nabila.sauzan,a7382f11-bb47-4955-a198-79bd9ae674e6,"12258-0",active,TEXT,16,271
466,"2023-06-07 03:43:21",nabila.sauzan,"2023-06-07 03:43:22",nabila.sauzan,d68e2aa3-b003-4e28-8717-b30bc4acbca0,"20405-7",active,TEXT,8,271
467,"2023-06-07 03:43:21",nabila.sauzan,"2023-06-07 03:43:22",nabila.sauzan,"86e447cc-85ac-4982-bea7-f30667ee0cd0","25428-4",active,TEXT,5,271
468,"2023-06-07 03:43:21",nabila.sauzan,"2023-06-07 03:43:22",nabila.sauzan,a952bc9c-d681-4cc9-8e1b-465ca7f86bdf,"5803-2",active,TEXT,3,271
469,"2023-06-07 03:43:21",nabila.sauzan,"2023-06-07 03:43:22",nabila.sauzan,"327bec52-0b6e-479d-b8c9-4b9a307a3467","21033-6",active,TEXT,19,271
470,"2023-06-07 03:43:21",nabila.sauzan,"2023-06-07 03:43:22",nabila.sauzan,"796909e4-9ea3-4f87-9bf3-552fa925f472","5794-3",active,TEXT,9,271
471,"2023-06-07 03:43:21",nabila.sauzan,"2023-06-07 03:43:22",nabila.sauzan,"4c847675-a8c2-4990-98eb-1570cdd3cac3","20455-2",active,TEXT,14,271
472,"2023-06-07 03:43:21",nabila.sauzan,"2023-06-07 03:43:22",nabila.sauzan,c6e4c792-148f-4e8a-94e1-9fd10ada37f1,"32776-7",active,TEXT,13,271
473,"2023-06-07 03:43:21",nabila.sauzan,"2023-06-07 03:43:22",nabila.sauzan,a6e0eb89-449e-47e0-85b0-6e1947dd24c4,"5778-6",active,TEXT,1,271
474,"2023-06-07 03:43:21",nabila.sauzan,"2023-06-07 03:43:22",nabila.sauzan,"4a4c6025-48e6-46a3-98ca-b02e779aabfb","2514-8",active,TEXT,10,271
475,"2023-06-07 03:43:21",nabila.sauzan,"2023-06-07 03:43:22",nabila.sauzan,"4b36fd1a-3564-4b20-9b15-03c859d659ec","5770-3",active,TEXT,7,271
476,"2023-06-07 03:43:22",nabila.sauzan,"2023-06-07 03:43:22",nabila.sauzan,"70131f86-f7fe-4af2-8a1e-df4e8bd79460","5782-8",active,TEXT,17,271
477,"2023-06-07 03:43:22",nabila.sauzan,"2023-06-07 03:43:22",nabila.sauzan,d82aaacb-1a89-4594-b348-2c6d7bb5c98a,"25145-4",active,TEXT,18,271
478,"2023-06-07 03:43:22",nabila.sauzan,"2023-06-07 03:43:22",nabila.sauzan,"3881ea39-a548-4b8e-ab9f-093fab668fb9","5799-2",active,TEXT,11,271
479,"2023-06-07 03:43:22",nabila.sauzan,"2023-06-07 03:43:22",nabila.sauzan,db0cce03-710d-4e3e-9219-edaff1e29cae,"20454-5",active,TEXT,6,271
480,"2023-06-07 03:43:22",nabila.sauzan,"2023-06-07 03:43:22",nabila.sauzan,"29c11f22-e2c3-4e0c-933a-b2af4916bfe5","5802-4",active,TEXT,12,271
481,"2023-06-07 03:43:22",nabila.sauzan,"2023-06-07 03:43:22",nabila.sauzan,b346603a-15bf-46e9-a3c0-5b8ecb0d667b,"58442-5",active,TEXT,20,271
482,"2023-06-07 03:43:22",nabila.sauzan,"2023-06-07 03:43:22",nabila.sauzan,"3bf558c4-9269-4ff9-8fa9-b7cff6106a6c","32167-9",active,TEXT,2,271
483,"2023-06-07 03:43:22",nabila.sauzan,"2023-06-07 03:43:22",nabila.sauzan,cd4a3132-316b-421e-8b00-e89b9aad0d29,"58436-7",active,TEXT,15,271
484,"2023-06-07 11:18:11",audhy.prabowo,"2024-07-11 11:49:20",wiwin.dwiutami.hakim,ebc23c74-22fd-4c96-a7c6-92d630c57072,"18844-1",inactive,FILE,2,272
485,"2023-06-07 11:24:08",audhy.prabowo,"2023-06-07 11:26:23",audhy.prabowo,"251b0231-20ff-4313-927c-1c1b7c30629b",DELETED,inactive,NUMERIC,999,272
486,"2023-06-07 11:24:08",audhy.prabowo,"2023-06-08 11:35:07",audhy.prabowo,"71df74da-60b9-497c-92f6-5aaad51dadf6","28010-7",active,FILE,1,272
487,"2023-06-07 11:25:12",jocelyn.tandrian,"2023-06-07 12:03:36",dwi.rahmawati,a4950890-dc6a-4de9-8afe-fc298e5b1842,"36554-4",active,FILE,1,273
488,"2023-06-07 11:25:50",jocelyn.tandrian,"2023-08-29 11:19:43",audhy.prabowo,ad2c81e9-676a-42cf-bafe-3015c3a922c5,DELETED,inactive,TEXT,0,274
489,"2023-06-07 11:40:39",nabila.sauzan,"2023-06-07 11:40:39",nabila.sauzan,cd973425-dabc-4df8-ad17-fbf2cf8692d8,"10154-3",active,TEXT,0,275
490,"2023-06-07 11:48:49",nabila.sauzan,"2023-06-07 15:38:40",nabila.sauzan,"28064fda-5c0f-429e-b055-79f2a3eec583","46240-8",inactive,TEXT,10,276
491,"2023-06-07 11:48:49",nabila.sauzan,"2023-06-07 15:38:40",nabila.sauzan,cd0261ac-c3e3-4f37-862d-10a499cd9654,PDOP,inactive,TEXT,9,276
492,"2023-06-07 11:48:49",nabila.sauzan,"2023-06-07 15:38:40",nabila.sauzan,df0e3b67-7726-448a-a0b2-2e416eba3fe6,PDKEJ,inactive,TEXT,8,276
493,"2023-06-07 11:48:49",nabila.sauzan,"2023-06-07 15:38:40",nabila.sauzan,dfb06643-348a-4379-b8bb-61bc3d1c13ea,PDOBAT,inactive,TEXT,11,276
494,"2023-06-07 11:48:49",nabila.sauzan,"2023-06-07 15:38:40",nabila.sauzan,"422a82d9-7064-4096-b1b7-d8432a767359",PDHAE,inactive,TEXT,5,276
495,"2023-06-07 11:48:49",nabila.sauzan,"2023-06-07 15:38:40",nabila.sauzan,"04592ded-0d49-43ef-a3d4-a4c8ffe151d2",PDL,inactive,TEXT,13,276
496,"2023-06-07 11:48:49",nabila.sauzan,"2023-06-07 15:38:40",nabila.sauzan,b20376f5-e89f-4832-909d-09ad14868911,"48765-2",inactive,TEXT,3,276
497,"2023-06-07 11:48:49",nabila.sauzan,"2023-06-07 15:38:40",nabila.sauzan,"2fc0bfb4-ec02-4068-b015-d34ae23529dc",PDDM,inactive,TEXT,4,276
498,"2023-06-07 11:48:49",nabila.sauzan,"2023-06-07 15:38:40",nabila.sauzan,"0d114f66-b9a1-41d8-8551-2821d04b38ce",PDTB,inactive,TEXT,1,276
499,"2023-06-07 11:48:49",nabila.sauzan,"2023-06-07 15:38:40",nabila.sauzan,"84ba1b22-8d84-4624-a128-b6e552e90618",PDHER,inactive,TEXT,7,276
500,"2023-06-07 11:48:49",nabila.sauzan,"2023-06-07 15:38:40",nabila.sauzan,f8860808-c77a-4e69-8785-9fe54b7a71a9,PDJTG,inactive,TEXT,2,276
501,"2023-06-07 11:48:49",nabila.sauzan,"2023-06-07 15:38:40",nabila.sauzan,d09ff23e-f9c8-4cac-a653-534d9636a55c,PDHT,inactive,TEXT,6,276
502,"2023-06-07 11:48:49",nabila.sauzan,"2023-06-07 15:38:40",nabila.sauzan,daa7bd63-5eff-4e87-880f-4da2055e9286,PDHEP,inactive,TEXT,12,276
503,"2023-06-07 11:53:14",nabila.sauzan,"2023-06-07 11:53:14",nabila.sauzan,"33cfac48-0e51-47d1-aa47-1152d7b108de",PDM,active,TEXT,3,277
504,"2023-06-07 11:53:14",nabila.sauzan,"2023-06-07 11:53:14",nabila.sauzan,f12dcd19-2f74-48dd-8bf3-ea626bdb8605,PLL,active,TEXT,7,277
505,"2023-06-07 11:53:14",nabila.sauzan,"2023-06-07 11:53:14",nabila.sauzan,b1f7f3c1-4670-4d36-a426-3d2ae65e0e85,PSTROK,active,TEXT,4,277
506,"2023-06-07 11:53:14",nabila.sauzan,"2023-06-07 11:53:14",nabila.sauzan,"7f9909b5-1748-4434-86c4-9432b80ca5eb",PJTG,active,TEXT,1,277
507,"2023-06-07 11:53:14",nabila.sauzan,"2023-06-07 11:53:14",nabila.sauzan,cc814b66-1df9-4f03-98b5-79393537acb8,PPARU,active,TEXT,5,277
508,"2023-06-07 11:53:14",nabila.sauzan,"2023-06-07 11:53:14",nabila.sauzan,"9961b591-0318-42a8-9f3f-b8acc4621723",PTUM,active,TEXT,6,277
509,"2023-06-07 11:53:14",nabila.sauzan,"2023-06-07 11:53:14",nabila.sauzan,de161b0f-a8ed-4f5c-9a86-a5662da544c3,PHT,active,TEXT,2,277
510,"2023-06-07 11:57:44",nabila.sauzan,"2023-06-07 11:57:44",nabila.sauzan,"17e0049d-7871-4b1e-bded-b58f24ada9b7",RKK,active,TEXT,0,278
511,"2023-06-07 12:03:36",dwi.rahmawati,"2023-08-29 11:12:36",audhy.prabowo,a47c8af0-7014-4fca-8db4-3598dabdc652,"55110-1",inactive,FILE,2,273
512,"2023-06-07 12:08:08",nabila.sauzan,"2023-06-07 12:08:08",nabila.sauzan,"7f4e8046-0689-4f47-9ebd-7a34173022b2",KMAKAN,active,TEXT,9,279
513,"2023-06-07 12:08:08",nabila.sauzan,"2023-06-07 12:08:08",nabila.sauzan,"4fa63779-e924-4a86-8bcd-db2b080e4089",KJEN,active,TEXT,1,279
514,"2023-06-07 12:08:08",nabila.sauzan,"2023-06-07 12:08:08",nabila.sauzan,"972714fd-4768-48d3-b514-14b069d157f2",KPOS,active,TEXT,3,279
515,"2023-06-07 12:08:08",nabila.sauzan,"2023-06-07 12:08:08",nabila.sauzan,"37d8a97c-d25f-4dcf-b661-d8e033fd1c34",KDOR,active,TEXT,12,279
516,"2023-06-07 12:08:08",nabila.sauzan,"2023-06-07 12:08:08",nabila.sauzan,"0f957c77-28c9-4291-830f-fb9c4e99b4a0",KKIM,active,TEXT,7,279
517,"2023-06-07 12:08:08",nabila.sauzan,"2023-06-07 12:08:08",nabila.sauzan,"7fe9e4f8-ce91-4f58-a6c7-90462f92d53b",KLL,active,TEXT,13,279
518,"2023-06-07 12:08:08",nabila.sauzan,"2023-06-07 12:08:08",nabila.sauzan,"20bc0e34-075c-4487-b0e2-d66548746ebe",KUL,active,TEXT,11,279
519,"2023-06-07 12:08:08",nabila.sauzan,"2023-06-07 12:08:08",nabila.sauzan,"08b3e97e-510f-44ad-bacc-d0954f837285",KMON,active,TEXT,10,279
520,"2023-06-07 12:08:08",nabila.sauzan,"2023-06-07 12:08:08",nabila.sauzan,e3c3095e-3c67-4b05-a252-123aeddeef2d,KEBAB,active,TEXT,8,279
521,"2023-06-07 12:08:08",nabila.sauzan,"2023-06-07 12:08:08",nabila.sauzan,"0de17745-b5da-45bf-8887-6458d16a885b",KPROS,active,TEXT,2,279
522,"2023-06-07 12:08:08",nabila.sauzan,"2023-06-07 12:08:08",nabila.sauzan,"53de3694-0ecc-4027-baca-6a7da297aa1e",KDEB,active,TEXT,6,279
523,"2023-06-07 12:08:08",nabila.sauzan,"2023-06-07 12:08:08",nabila.sauzan,"3dbca768-bd8e-4a1f-8370-168e3368879c",KBIS,active,TEXT,4,279
524,"2023-06-07 12:08:08",nabila.sauzan,"2023-06-07 12:08:08",nabila.sauzan,"6b4c4f7a-0c5a-4abb-8160-3c47b1d259a1",KGET,active,TEXT,5,279
525,"2023-06-07 12:11:43",audhy.prabowo,"2023-06-07 18:33:22",novi,e3237b46-058d-4504-b2a1-6b4d739d06a1,"22029-3",inactive,TEXT,0,280
526,"2023-06-07 12:13:30",dwi.rahmawati,"2023-06-07 14:43:25",nabila.sauzan,"5c8f6c89-badb-4ffa-beca-4a893759f783","8302-2",active,TEXT,1,281
527,"2023-06-07 12:13:30",dwi.rahmawati,"2023-06-07 14:43:25",nabila.sauzan,c7c49b41-5aba-4410-89ef-245a1ac0adc5,"39156-5",active,TEXT,3,281
528,"2023-06-07 12:13:30",dwi.rahmawati,"2023-06-07 14:43:25",nabila.sauzan,"9292fef9-27a5-40ee-b710-2a5a5da11539","29463-7",active,TEXT,2,281
529,"2023-06-07 12:14:33",audhy.prabowo,"2023-06-07 18:33:07",novi,ab69a120-436e-487f-9a66-b80f3b8e8cbf,"29545-1",inactive,TEXT,0,282
530,"2023-06-07 12:14:43",nabila.sauzan,"2023-06-07 12:14:43",nabila.sauzan,e7045021-89b2-4c05-8bde-e22bb920dd81,"73985-4",active,TEXT,1,283
531,"2023-06-07 12:14:43",nabila.sauzan,"2023-06-07 12:14:43",nabila.sauzan,"125917ea-3131-498e-911d-83e648bf025a","80489-8",active,TEXT,4,283
532,"2023-06-07 12:14:43",nabila.sauzan,"2023-06-07 12:14:43",nabila.sauzan,fe21dc8b-76f6-4a0d-9af4-0707c4827412,"72166-2",active,TEXT,2,283
533,"2023-06-07 12:14:43",nabila.sauzan,"2023-06-07 12:14:43",nabila.sauzan,fa2d75e3-4d00-47d4-9bf8-cec3ad3d4257,"74013-4",active,TEXT,3,283
534,"2023-06-07 12:17:40",dwi.rahmawati,"2023-06-07 14:43:32",nabila.sauzan,"6de446df-d3c1-4ea8-b728-c7b59a209086","56117-5",active,TEXT,0,284
535,"2023-06-07 12:19:41",nabila.sauzan,"2023-06-07 12:24:58",dwi.rahmawati,"735d1ba9-fbc9-4bbb-aaa6-d5b39c33a18f","8867-4",active,TEXT,0,285
536,"2023-06-07 12:20:03",dwi.rahmawati,"2023-06-07 12:24:50",dwi.rahmawati,c18ddc70-676c-4b62-b60c-380f41096f7e,"8480-6",active,TEXT,1,286
537,"2023-06-07 12:20:03",dwi.rahmawati,"2023-06-07 12:24:50",dwi.rahmawati,"344767ee-ee48-4790-a4ba-d2a34dd4c699","8462-4",active,TEXT,2,286
538,"2023-06-07 12:20:16",nabila.sauzan,"2023-06-07 12:25:03",dwi.rahmawati,"524d8933-d965-42cc-a6b6-bb81bf6c74ef","9279-1",active,TEXT,0,287
539,"2023-06-07 12:22:02",nabila.sauzan,"2023-06-07 12:25:10",dwi.rahmawati,c88ee3d2-6d88-4547-aa38-55853ae5b013,"8310-5",active,TEXT,0,288
540,"2023-06-07 12:22:25",nabila.sauzan,"2023-06-07 17:15:29",novi,df29a4c2-cc4c-430c-b8b9-4e79abbe9906,"98499-7",active,TEXT,1,289
541,"2023-06-07 12:22:43",audhy.prabowo,"2023-06-07 12:22:43",audhy.prabowo,"58c8a6b5-3fa5-459d-b23b-4d71f0c84d94",THX,active,TEXT,9,290
542,"2023-06-07 12:22:43",audhy.prabowo,"2023-06-07 12:22:43",audhy.prabowo,"93d0ab11-c1f8-4a6b-8611-158b4147665f",ANO,active,TEXT,12,290
543,"2023-06-07 12:22:43",audhy.prabowo,"2023-06-07 12:22:43",audhy.prabowo,d8cf8332-bfdf-4a13-90be-de3a8e5a223c,MULUT,active,TEXT,6,290
544,"2023-06-07 12:22:43",audhy.prabowo,"2023-06-07 12:22:43",audhy.prabowo,"25bedd8a-012d-461f-b586-efa8d2be7805",GINJAL,active,TEXT,11,290
545,"2023-06-07 12:22:43",audhy.prabowo,"2023-06-07 12:22:43",audhy.prabowo,"4d9c2b28-0e40-49cb-a6d9-22b86babfaaa",TGGR,active,TEXT,5,290
546,"2023-06-07 12:22:43",audhy.prabowo,"2023-06-07 12:22:43",audhy.prabowo,"4bc21cd7-08e5-470a-a40b-46f2d1dc31c3",HIDUNG,active,TEXT,4,290
547,"2023-06-07 12:22:43",audhy.prabowo,"2023-06-07 12:22:43",audhy.prabowo,cb2a20de-5a20-4285-bfff-3d6abc11261b,TLNGA,active,TEXT,3,290
548,"2023-06-07 12:22:43",audhy.prabowo,"2023-06-07 12:22:43",audhy.prabowo,"0e3a05c7-6d5f-4972-b716-89c7b4caa20a",KULIT,active,TEXT,1,290
549,"2023-06-07 12:22:43",audhy.prabowo,"2023-06-07 12:22:43",audhy.prabowo,"624b37c1-293a-4e90-abad-4974712f55ec",ABD,active,TEXT,10,290
550,"2023-06-07 12:22:43",audhy.prabowo,"2023-06-07 12:22:43",audhy.prabowo,b0225515-c094-4fed-876c-f891f06389c6,NEURO,active,TEXT,14,290
551,"2023-06-07 12:22:43",audhy.prabowo,"2023-06-07 12:22:43",audhy.prabowo,"4961cad9-fe81-4800-bb88-5ee0387b5390",LEHER,active,TEXT,8,290
552,"2023-06-07 12:22:43",audhy.prabowo,"2023-06-07 12:22:43",audhy.prabowo,"6837d981-a8ed-4500-b68c-7291576e8f01",MATA,active,TEXT,2,290
553,"2023-06-07 12:22:43",audhy.prabowo,"2023-06-07 12:22:43",audhy.prabowo,"7efea350-e079-41d0-9068-93dc81370b12",GIGI,active,TEXT,7,290
554,"2023-06-07 12:22:43",audhy.prabowo,"2023-06-07 12:22:43",audhy.prabowo,e651dabe-2b2b-483b-bcf2-f75c560c9186,EXTR,active,TEXT,13,290
555,"2023-06-07 12:23:59",dwi.rahmawati,"2023-06-07 12:23:59",dwi.rahmawati,ceec9ef2-3086-4038-8c4e-858c8c5f59cc,"98495-5",active,TEXT,0,291
556,"2023-06-07 12:24:24",nabila.sauzan,"2023-06-07 12:24:24",nabila.sauzan,c9444de8-8005-4f50-b5e7-29adfbd18128,"70940-2",active,TEXT,0,292
557,"2023-06-07 12:24:34",audhy.prabowo,"2023-06-07 12:30:19",audhy.prabowo,cd778825-9327-4604-80c6-2f7a14e4c167,"10210-3",active,TEXT,1,293
558,"2023-06-07 12:25:16",audhy.prabowo,"2023-06-07 12:30:19",audhy.prabowo,bee39949-a9bd-400f-a494-301b7d7e904d,"75303-8",active,TEXT,2,293
559,"2023-06-07 16:07:17",nabila.sauzan,"2023-06-07 16:07:17",nabila.sauzan,bc2dc333-715f-4e3d-ac2f-e91b464fa35c,"11348-0",active,TEXT,0,294
560,"2023-06-07 17:15:28",novi,"2023-06-07 17:15:28",novi,"36f4fda6-aa8b-43dc-8d12-3b2960af97f4",KM,active,TEXT,3,289
561,"2023-06-07 17:15:28",novi,"2023-06-07 17:15:28",novi,"4e4c8dd4-a6f4-4f20-9726-15cab1180a79","98498-9",active,TEXT,2,289
562,"2023-06-12 11:03:07",nabila.sauzan,"2023-06-12 11:03:07",nabila.sauzan,"64451335-9412-4719-9531-26576fae6d49",RK1,active,TEXT,0,295
563,"2023-06-12 11:03:56",nabila.sauzan,"2023-06-12 11:04:59",nabila.sauzan,ddcced2c-a60f-4383-b748-dd6d25f83c0e,"74165-2",active,TEXT,0,296
564,"2023-06-12 11:05:39",nabila.sauzan,"2023-06-12 11:05:39",nabila.sauzan,"38107a6f-7829-4616-b821-07eb5e185d5a",RK2,active,TEXT,0,297
565,"2023-06-12 15:53:40",nabila.sauzan,"2023-06-12 15:53:40",nabila.sauzan,"08187d59-0c94-4422-b7ff-be132cdb4cb9","39156-5",active,TEXT,3,298
566,"2023-06-12 15:53:40",nabila.sauzan,"2023-06-12 15:53:40",nabila.sauzan,d415dc9c-8bcb-4f63-af56-268559414203,"29463-7",active,TEXT,2,298
567,"2023-06-12 15:53:40",nabila.sauzan,"2023-06-12 15:53:40",nabila.sauzan,"8cb03d81-ebcc-41f7-b129-e0c678a18a88","8302-2",active,TEXT,1,298
568,"2023-06-12 15:55:11",nabila.sauzan,"2023-06-12 15:55:11",nabila.sauzan,"5a8a22e5-d95a-4b25-96b0-2a9865e8fea6","2",active,TEXT,0,299
569,"2023-06-12 15:55:53",nabila.sauzan,"2023-06-12 15:55:53",nabila.sauzan,"48d5a34a-ed56-4269-b60c-b385b356c77c","3",active,TEXT,0,300
570,"2023-06-12 15:56:26",nabila.sauzan,"2023-06-12 15:56:26",nabila.sauzan,"44fa18b9-2165-4194-84ee-f558a5d1cdec","4",active,TEXT,0,301
571,"2023-06-12 15:57:15",nabila.sauzan,"2023-06-12 15:57:15",nabila.sauzan,"655bffe7-3919-4e70-a47d-12ed6b5387b0","5",active,TEXT,0,302
572,"2023-06-12 15:57:50",nabila.sauzan,"2023-06-12 15:57:50",nabila.sauzan,"07fa7bba-d951-4863-a26c-c4336412e649","6",active,TEXT,0,303
573,"2023-06-12 15:58:18",nabila.sauzan,"2023-06-12 15:58:18",nabila.sauzan,"72f5fe54-9143-4bbf-a4c2-5fdcd4f75252","7",active,TEXT,0,304
574,"2023-06-12 15:58:41",nabila.sauzan,"2023-06-12 15:58:41",nabila.sauzan,"27e87bb1-6d83-4445-b304-d019a17790d8","8",active,TEXT,0,305
575,"2023-06-19 10:03:09",audhy.prabowo,"2023-08-29 11:10:55",audhy.prabowo,"1431315a-f90d-4c39-a0e0-b7aa6ef95a83","29545-1",active,FILE,1,306
576,"2023-06-19 10:03:09",audhy.prabowo,"2023-08-29 11:10:55",audhy.prabowo,a80c3ac6-33df-4539-95a6-a87de8a9e18e,"22029-3",active,FILE,2,306
577,"2023-06-20 12:49:47",nabila.sauzan,"2023-06-20 14:52:06",dwi.rahmawati,"5af0cb10-6fc5-4516-9e33-4853c36d4934","1521-4",active,TEXT,0,307
578,"2023-06-27 15:45:27",nabila.sauzan,"2023-06-27 15:45:27",nabila.sauzan,"21cffb42-8edb-4f46-aecb-8a334aa9be80","30522-7",active,TEXT,0,308
579,"2023-07-13 06:57:37",nabila.sauzan,"2023-08-25 15:20:22",audhy.prabowo,b38e77fc-61b9-447f-9307-a98e192ecabd,DOS2,inactive,TEXT,0,309
580,"2023-07-13 06:58:43",nabila.sauzan,"2023-08-25 15:20:12",audhy.prabowo,a0d0671e-5ed9-4787-97a3-53d29ece9bdf,BAT2,inactive,TEXT,0,310
581,"2023-07-13 07:11:05",nabila.sauzan,"2023-08-25 15:08:02",audhy.prabowo,f7c4c2eb-24ce-498a-a66f-b5453851a836,MERK,inactive,TEXT,0,311
582,"2023-07-13 07:11:28",nabila.sauzan,"2023-08-25 15:08:11",audhy.prabowo,e5f009ce-8bc7-408c-bd45-2945d5ef4b7f,BAT3,inactive,TEXT,0,312
583,"2023-07-13 07:11:54",nabila.sauzan,"2023-08-25 15:08:20",audhy.prabowo,"1bb4d73b-f094-4723-a641-78316ff1fef9",METOD3,inactive,TEXT,0,313
584,"2023-07-13 07:15:05",nabila.sauzan,"2023-08-25 15:13:26",audhy.prabowo,a65654da-203b-4ce3-a96b-4532ff75b108,DOS,inactive,TEXT,0,314
585,"2023-07-13 07:15:35",nabila.sauzan,"2023-08-25 15:13:36",audhy.prabowo,da2980c8-01f7-436c-853c-a16c78a5d1c0,BAT,inactive,TEXT,0,315
586,"2023-07-17 20:24:06",novi,"2023-07-19 15:25:13",audhy.prabowo,b5ae0ca0-fc48-432a-bd81-cb3c21d30306,C29463-7,active,NUMERIC,1,316
587,"2023-07-17 20:24:46",novi,"2023-07-19 15:26:29",audhy.prabowo,"5c7fc72f-d6a8-44e3-9451-c4013439712e",C8302-2,active,NUMERIC,0,317
588,"2023-07-17 20:25:40",novi,"2023-07-19 15:26:19",audhy.prabowo,"7306ccbe-5699-4ba4-b6d5-ff0c0f55075e",C39156-5,active,TEXT,0,318
589,"2023-07-20 15:09:06",audhy.prabowo,"2023-08-25 15:13:44",audhy.prabowo,"8ace84d2-7d1b-4ae7-8f2a-fa5702dd2387",METOD,inactive,TEXT,0,319
590,"2023-07-20 16:04:50",audhy.prabowo,"2023-07-20 16:04:50",audhy.prabowo,b0cab2a2-1d73-43ce-b0f5-8b9dfe80befa,BAT2,active,TEXT,0,320
591,"2023-07-20 16:05:12",audhy.prabowo,"2023-07-20 16:05:12",audhy.prabowo,cf97c4c5-ea65-4afa-a2ee-25dbe03e9bf7,MET2,active,TEXT,0,321
592,"2023-07-21 15:15:10",audhy.prabowo,"2023-08-25 15:09:58",audhy.prabowo,"14797cd4-5ee3-4e9c-adb9-cbf841d7d628",MERK2,inactive,TEXT,0,322
593,"2023-07-21 15:15:43",audhy.prabowo,"2023-08-25 15:10:27",audhy.prabowo,"910a8b44-74c4-439b-96fb-483ce19296bd",BAT4,inactive,TEXT,0,323
594,"2023-07-21 15:16:02",audhy.prabowo,"2023-08-25 15:10:33",audhy.prabowo,"46c8e223-147f-40f8-9c37-dec5f64df0b0",METOD4,inactive,TEXT,0,324
595,"2023-07-21 15:32:34",audhy.prabowo,"2023-08-25 15:20:17",audhy.prabowo,"8fe63646-cdcb-4ed9-b277-6f34206e8f48",METOD2,inactive,TEXT,0,325
596,"2023-07-21 15:32:34",audhy.prabowo,"2023-07-27 16:41:22",audhy.prabowo,"39c78e06-0b77-410f-8995-3268484f55a7",DEL-METOD1,inactive,TEXT,0,326
597,"2023-07-21 15:32:34",audhy.prabowo,"2023-07-27 16:41:39",audhy.prabowo,c49a6430-fcdb-4ed9-aee3-f5f25edb14a6,DEL-METOD2,inactive,TEXT,0,327
598,"2023-07-21 15:32:34",audhy.prabowo,"2023-07-27 16:41:53",audhy.prabowo,"50c3b973-6730-47d5-8eac-2bf71f52621f",DEL-METOD3,inactive,TEXT,0,328
599,"2023-07-21 19:01:39",audhy.prabowo,"2023-08-25 15:16:57",audhy.prabowo,"04043cfe-e62b-4722-98d8-fb7103f9f52a","81244-6",active,FILE,1,329
600,"2023-08-09 18:15:50",wiwin.dwiutami.hakim,"2023-08-09 18:15:50",wiwin.dwiutami.hakim,"58c9255b-5057-4d25-9770-4d0210d4e1ab",MERK 2,active,TEXT,0,330
601,"2023-08-09 18:16:14",wiwin.dwiutami.hakim,"2023-08-09 18:16:14",wiwin.dwiutami.hakim,c5bf10bd-fe59-4ceb-ab57-5a9dd9dd2f47,BAT 2,active,TEXT,0,331
602,"2023-08-09 18:16:34",wiwin.dwiutami.hakim,"2023-08-09 18:16:34",wiwin.dwiutami.hakim,"2cf113ce-dadb-4b0d-9ef8-302897e9b8c0",METOD 2,active,TEXT,0,332
603,"2023-08-09 18:23:41",wiwin.dwiutami.hakim,"2023-08-09 18:23:41",wiwin.dwiutami.hakim,"6c52f252-a12e-4667-ac2e-cdd586dbff7e",screen,active,TEXT,1,333
604,"2023-08-09 18:27:19",wiwin.dwiutami.hakim,"2023-08-09 18:27:19",wiwin.dwiutami.hakim,"03f6e254-1765-4218-9b58-5cc7fea1e394",MERK 2,active,TEXT,0,334
605,"2023-08-09 18:27:39",wiwin.dwiutami.hakim,"2023-08-09 18:27:39",wiwin.dwiutami.hakim,"331c91ce-9485-4634-9b53-d7ecdf0cdf40",BAT 2,active,TEXT,0,335
606,"2023-08-09 18:27:56",wiwin.dwiutami.hakim,"2023-08-09 18:27:56",wiwin.dwiutami.hakim,"7510e4eb-a9cf-4836-9962-f5a6549a0758",METOD 2,active,TEXT,0,336
607,"2023-08-10 09:20:22",wiwin.dwiutami.hakim,"2023-08-10 10:30:05",wiwin.dwiutami.hakim,"3ebd53dd-98ad-4db8-ac6c-f13caf074b16","8302-2",active,TEXT,1,337
608,"2023-08-10 09:20:22",wiwin.dwiutami.hakim,"2023-08-10 10:30:05",wiwin.dwiutami.hakim,"2d219b97-1315-47de-95be-243700d1dd8f","29463-7",active,TEXT,2,337
609,"2023-08-10 09:20:22",wiwin.dwiutami.hakim,"2023-08-10 10:30:05",wiwin.dwiutami.hakim,"65212d8d-32fd-41c9-9095-649ae685c241","39156-5",active,TEXT,3,337
610,"2023-08-10 09:26:42",wiwin.dwiutami.hakim,"2023-08-10 10:30:23",wiwin.dwiutami.hakim,d76df6af-fe6b-4a6e-8b8e-a2facc9e5ea8,"8462-4",active,TEXT,2,338
611,"2023-08-10 09:26:42",wiwin.dwiutami.hakim,"2023-08-10 10:30:23",wiwin.dwiutami.hakim,"64aa34ca-5957-4ef1-9dbb-db124e576f5b","8480-6",active,TEXT,1,338
612,"2023-08-10 09:27:43",wiwin.dwiutami.hakim,"2023-08-10 10:30:34",wiwin.dwiutami.hakim,"6f6e85c4-d1a6-4f12-a2dd-909bb81bf3df","98495-5",active,TEXT,0,339
613,"2023-08-10 09:28:27",wiwin.dwiutami.hakim,"2023-08-10 10:30:44",wiwin.dwiutami.hakim,"17a4ab70-ed46-4f14-b8bf-bd5ad53fae56","70940-2",active,TEXT,0,340
614,"2023-08-10 09:32:07",wiwin.dwiutami.hakim,"2023-08-10 10:31:52",wiwin.dwiutami.hakim,"63bfc9cc-64d7-49a7-9e80-42364338656a",GIGI,active,TEXT,2,341
615,"2023-08-10 09:32:07",wiwin.dwiutami.hakim,"2023-08-10 10:31:52",wiwin.dwiutami.hakim,"836e6f27-2baa-4cf2-ac8f-d259bf62fa69",HIDUNG,active,TEXT,1,341
616,"2023-08-10 09:32:07",wiwin.dwiutami.hakim,"2023-08-10 10:31:52",wiwin.dwiutami.hakim,"3b81ae2c-ecff-471f-800d-a2fa6b15d1f5",TLNGA,active,TEXT,4,341
617,"2023-08-10 09:32:07",wiwin.dwiutami.hakim,"2023-08-10 10:31:52",wiwin.dwiutami.hakim,"4f4c3191-85d3-484c-8e68-884633d6eadc",MULUT,active,TEXT,3,341
618,"2023-08-10 09:42:08",wiwin.dwiutami.hakim,"2023-08-10 10:31:52",wiwin.dwiutami.hakim,c3311282-dd42-4ecf-ad94-616eae1b2054,LEHER,active,TEXT,5,341
619,"2023-08-10 10:02:13",wiwin.dwiutami.hakim,"2023-08-10 10:32:17",wiwin.dwiutami.hakim,"89f6c5cd-e61d-4962-87b5-41666b848fa6",PJTG,active,TEXT,1,342
620,"2023-08-10 10:02:13",wiwin.dwiutami.hakim,"2023-08-10 10:32:17",wiwin.dwiutami.hakim,a43d9c7b-5f40-46c3-a8ec-354a488faec7,PPARU,active,TEXT,1,342
621,"2023-08-10 10:04:10",wiwin.dwiutami.hakim,"2023-08-10 10:31:52",wiwin.dwiutami.hakim,"1441dc68-6e32-4ec8-9c51-cf0ad5bf5eaa",ABD,active,TEXT,6,341
622,"2023-08-10 10:05:12",wiwin.dwiutami.hakim,"2023-08-10 10:31:52",wiwin.dwiutami.hakim,"423a93e2-fcc0-4a0b-8390-6c21ed99cf03",GINJAL,active,TEXT,7,341
623,"2023-08-10 10:06:51",wiwin.dwiutami.hakim,"2023-08-10 10:31:52",wiwin.dwiutami.hakim,"477c7dbe-6e9b-4d5a-9faa-940810a2db66",EXTR,active,TEXT,8,341
624,"2023-08-10 10:07:40",wiwin.dwiutami.hakim,"2023-08-10 10:31:52",wiwin.dwiutami.hakim,"37c08fe1-b92b-4bda-b500-238f0afbba2c",KULIT,active,TEXT,9,341
625,"2023-08-10 10:20:30",wiwin.dwiutami.hakim,"2023-08-10 10:32:29",wiwin.dwiutami.hakim,b26aa990-32d3-435f-97e9-5b648d355d15,"11348-0",active,TEXT,0,343
626,"2023-08-10 10:25:44",wiwin.dwiutami.hakim,"2023-08-10 10:33:51",wiwin.dwiutami.hakim,fc5c14dc-6bee-4462-99ae-81fb0df6f1ad,KGET,active,TEXT,5,344
627,"2023-08-10 10:25:44",wiwin.dwiutami.hakim,"2023-08-10 10:33:51",wiwin.dwiutami.hakim,ead9b57b-3b77-45b1-a13b-0353f807318f,KPROS,active,TEXT,2,344
628,"2023-08-10 10:25:44",wiwin.dwiutami.hakim,"2023-08-10 10:33:51",wiwin.dwiutami.hakim,"327ce2df-675c-441b-95fe-35e164cded9f",KPOS,active,TEXT,3,344
629,"2023-08-10 10:25:44",wiwin.dwiutami.hakim,"2023-08-10 10:33:51",wiwin.dwiutami.hakim,"4f28c585-bf94-462d-9f39-615316780582",KDEB,active,TEXT,6,344
630,"2023-08-10 10:25:44",wiwin.dwiutami.hakim,"2023-08-10 10:33:51",wiwin.dwiutami.hakim,"72949128-83e5-4d13-a62e-b685ab0a9709",KDOR,active,TEXT,12,344
631,"2023-08-10 10:25:44",wiwin.dwiutami.hakim,"2023-08-10 10:33:51",wiwin.dwiutami.hakim,e45f457d-4d7c-4bf8-89ab-d5e1bf5eb302,KLL,active,TEXT,13,344
632,"2023-08-10 10:25:44",wiwin.dwiutami.hakim,"2023-08-10 10:33:51",wiwin.dwiutami.hakim,"665257c9-e0f1-42b7-a6ce-a87101a76515",KJEN,active,TEXT,1,344
633,"2023-08-10 10:25:44",wiwin.dwiutami.hakim,"2023-08-10 10:33:51",wiwin.dwiutami.hakim,bcf9d7cd-d032-482b-8972-4fca7b5dfcf6,KBIS,active,TEXT,4,344
634,"2023-08-10 10:25:44",wiwin.dwiutami.hakim,"2023-08-10 10:33:51",wiwin.dwiutami.hakim,b401f338-944e-4d0e-af15-f8d8d9566b8f,KMAKAN,active,TEXT,9,344
635,"2023-08-10 10:25:44",wiwin.dwiutami.hakim,"2023-08-10 10:33:51",wiwin.dwiutami.hakim,"0492f458-8fa6-4449-919c-9a631bc8dee5",KMON,active,TEXT,10,344
636,"2023-08-10 10:25:44",wiwin.dwiutami.hakim,"2023-08-10 10:33:51",wiwin.dwiutami.hakim,f2bb022e-4960-44c1-b5e7-5c62f361c94a,KUL,active,TEXT,11,344
637,"2023-08-10 10:25:44",wiwin.dwiutami.hakim,"2023-08-10 10:33:51",wiwin.dwiutami.hakim,b4786e4e-a40b-4ed8-b57c-820114a44c92,KKIM,active,TEXT,7,344
638,"2023-08-10 10:25:44",wiwin.dwiutami.hakim,"2023-08-10 10:33:51",wiwin.dwiutami.hakim,"584c20a9-7f40-4bd7-bb94-1a552ea7fbf6",KEBAB,active,TEXT,8,344
639,"2023-08-10 10:36:13",wiwin.dwiutami.hakim,"2023-08-10 10:36:13",wiwin.dwiutami.hakim,"48ff8b4a-0a9e-4898-b12a-8a716c1b2e33","80489-8",active,TEXT,4,345
640,"2023-08-10 10:36:13",wiwin.dwiutami.hakim,"2023-08-10 10:36:13",wiwin.dwiutami.hakim,"54147ba5-a192-4f19-828b-b91eec602c83","72166-2",active,TEXT,1,345
641,"2023-08-10 10:36:13",wiwin.dwiutami.hakim,"2023-08-10 10:36:13",wiwin.dwiutami.hakim,c0d3aeee-501e-4c8a-b348-2b30d1aee2bc,"74013-4",active,TEXT,3,345
642,"2023-08-10 10:36:13",wiwin.dwiutami.hakim,"2023-08-10 10:36:13",wiwin.dwiutami.hakim,d4b6a03c-7488-4efb-91f4-957ceeca0579,"73985-4",active,TEXT,1,345
643,"2023-08-24 15:43:17",wiwin.dwiutami.hakim,"2023-08-24 15:43:17",wiwin.dwiutami.hakim,"20e28f1d-d89a-4cc6-9004-5186ea3b6136",MATA,active,TEXT,0,341
644,"2023-08-24 21:22:55",wiwin.dwiutami.hakim,"2023-08-29 09:55:32",audhy.prabowo,"991cf319-700e-408b-bf62-40da27aaee92","62815-6",active,FILE,0,346
645,"2023-08-25 15:07:32",audhy.prabowo,"2023-09-01 14:41:33",audhy.prabowo,"2ad3dfbe-c39f-464b-9e0f-de3b2e7eb777",VCF1,active,FILE,1,347
646,"2023-08-25 15:08:56",audhy.prabowo,"2023-09-19 15:19:42",audhy.prabowo,"29c4cbe0-9312-4fe3-8a12-1e9be915b9a8",VCF2,active,FILE,0,348
647,"2023-08-25 15:16:17",audhy.prabowo,"2023-09-01 14:41:46",audhy.prabowo,b73581fa-0a46-400f-9bc4-5e40aaf5a060,VITC1,active,FILE,0,349
648,"2023-08-25 15:22:27",audhy.prabowo,"2023-08-29 15:34:44",audhy.prabowo,"1f09d1b0-744a-40af-938d-2708c3e7a9ba",VITC2,active,FILE,0,350
649,"2023-08-28 14:58:42",audhy.prabowo,"2023-08-28 14:58:42",audhy.prabowo,"9e8773dc-1474-4062-8dbd-0502dde84c4e",ELI,active,FILE,0,351
650,"2023-08-28 16:35:15",wiwin.dwiutami.hakim,"2023-08-29 18:30:31",audhy.prabowo,c9d5fb12-a397-4494-b6ad-a118ddb0f0bb,"1968-7",active,TEXT,0,352
651,"2023-08-28 16:48:18",wiwin.dwiutami.hakim,"2023-08-28 16:48:18",wiwin.dwiutami.hakim,fcc55ff4-8d7b-4042-b950-a87683f8a09e,PFIS4,active,FILE,0,353
652,"2023-08-28 16:54:35",wiwin.dwiutami.hakim,"2023-08-28 17:52:29",audhy.prabowo,"4f7aad20-bd50-4c30-8528-d4289debd38b","1971-1",active,TEXT,0,354
653,"2023-08-28 16:55:14",wiwin.dwiutami.hakim,"2023-08-29 18:30:56",audhy.prabowo,e3568104-7fdc-4fad-b216-1312197caad1,"1975-2",active,TEXT,0,355
654,"2023-08-28 17:43:31",wiwin.dwiutami.hakim,"2023-08-28 21:28:29",audhy.prabowo,"7e2bcce9-2385-4540-9b0a-04c6ae8f4189","1751-7",active,TEXT,0,356
655,"2023-08-28 17:48:39",wiwin.dwiutami.hakim,"2023-08-28 17:50:54",wiwin.dwiutami.hakim,"41ed7177-8638-4f5e-888c-d45c1ec59ddc","10834-0",active,TEXT,0,357
656,"2023-08-28 18:01:32",wiwin.dwiutami.hakim,"2023-08-28 21:28:14",audhy.prabowo,aaf820b4-5da3-4d22-8b46-42ab2150b869,"2885-2",active,TEXT,0,358
657,"2023-10-04 10:53:30",wiwin.dwiutami.hakim,"2023-10-04 10:53:30",wiwin.dwiutami.hakim,"1419437e-d2f3-4a6b-b0e4-c3cab89c5252",VCF3,active,FILE,0,359
658,"2023-11-02 16:20:21",wiwin.dwiutami.hakim,"2023-11-02 16:20:21",wiwin.dwiutami.hakim,"90495604-8a15-4958-a2d7-f077b8695ccc","26715-3",active,TEXT,0,360
659,"2023-11-02 16:22:43",wiwin.dwiutami.hakim,"2023-11-02 16:22:43",wiwin.dwiutami.hakim,db04630e-53e0-4332-b635-c6823084826f,"45001-5",active,TEXT,0,361
660,"2023-11-17 18:08:18",wiwin.dwiutami.hakim,"2023-12-18 07:22:08",wiwin.dwiutami.hakim,"7d11c805-7bfb-49e2-b9a2-d68a569bba13",PCV13,active,FILE,0,362
661,"2023-11-27 08:41:31",wiwin.dwiutami.hakim,"2023-12-18 00:20:17",audhy.prabowo,"75185c03-4445-4eca-bada-c1f22ecf1817",ROTA,active,FILE,0,363
662,"2023-11-30 11:53:29",audhy.prabowo,"2023-11-30 11:53:29",audhy.prabowo,"7a039172-85ff-402a-b233-afdf32977216",TDAP,active,FILE,0,364
663,"2023-11-30 16:33:29",audhy.prabowo,"2023-11-30 16:33:29",audhy.prabowo,"9c62763f-9995-4920-8c58-540df8770a01",TYVI,active,FILE,0,365
664,"2023-12-05 15:06:03",wiwin.dwiutami.hakim,"2023-12-05 15:06:03",wiwin.dwiutami.hakim,"88325140-c934-4c80-bd1e-1892c6085187",HEPA1,active,FILE,0,366
665,"2024-01-08 16:12:35",wiwin.dwiutami.hakim,"2024-01-08 16:12:35",wiwin.dwiutami.hakim,"94638d68-c7f3-46b2-b5f9-82ceaa7dbbca",HEXA1,active,FILE,0,367
666,"2024-01-08 16:21:32",wiwin.dwiutami.hakim,"2024-01-08 16:21:32",wiwin.dwiutami.hakim,"48af44e5-6827-43f1-ad7b-a26445af4eca",MMR1,active,FILE,0,368
667,"2024-01-08 16:28:43",wiwin.dwiutami.hakim,"2024-01-08 16:28:43",wiwin.dwiutami.hakim,eac8a91d-6fc9-4586-9144-f659b643c4ae,VARI1,active,FILE,0,369
668,"2024-01-08 16:40:11",wiwin.dwiutami.hakim,"2024-01-08 16:40:11",wiwin.dwiutami.hakim,"2a7ca084-be09-40f7-8d02-988e270a52ee",QDEN1,active,FILE,0,370
669,"2024-02-13 14:18:14",wiwin.dwiutami.hakim,"2024-02-13 14:18:14",wiwin.dwiutami.hakim,"53829cc1-c7f8-4516-80f1-2dc4a4785669",ENG20,active,FILE,0,371
670,"2024-02-26 16:43:17",wiwin.dwiutami.hakim,"2024-02-26 16:43:17",wiwin.dwiutami.hakim,"54eab477-df35-4123-8f53-aa666e2f8101",ACYW1,active,FILE,0,372
671,"2024-02-29 17:55:17",wiwin.dwiutami.hakim,"2024-02-29 17:55:17",wiwin.dwiutami.hakim,e211937b-d89b-4570-bcd5-21f4231bdb7a,IMN01,active,FILE,0,373
672,"2024-03-21 09:24:17",wiwin.dwiutami.hakim,"2024-03-21 09:24:17",wiwin.dwiutami.hakim,a8503556-bff0-4d4a-a431-6384fad11af5,HPV9,active,FILE,0,374
673,"2024-03-22 15:59:52",wiwin.dwiutami.hakim,"2024-03-22 18:34:42",audhy.prabowo,fb6d3a6b-bd92-44c3-a1bf-cfa8887f8377,"94558-4",active,TEXT,0,375
674,"2024-03-22 18:29:18",audhy.prabowo,"2024-03-22 18:29:18",audhy.prabowo,"4253cbd2-4bce-48be-9f54-28b9a2392352","80382-5",active,TEXT,0,376
675,"2024-03-22 18:30:19",audhy.prabowo,"2024-03-22 18:30:19",audhy.prabowo,"24193108-3c78-41d4-85f1-267aa2cbf69c","80383-3",active,TEXT,0,377
676,"2024-04-08 05:24:47",wiwin.dwiutami.hakim,"2024-04-08 05:24:47",wiwin.dwiutami.hakim,f4ca2b0b-b040-434b-9866-29dbf3311c4f,LNBL,active,FILE,0,378
677,"2024-04-18 15:22:54",audhy.prabowo,"2024-04-18 15:22:54",audhy.prabowo,c6bcf660-e952-4e97-ae03-7e3baa1c2442,"5385-0",active,TEXT,1,379
678,"2024-05-30 17:19:00",audhy.prabowo,"2024-05-30 17:19:01",audhy.prabowo,"59a11fa7-9f92-44d5-94bc-7ec0df2339c0",PND001,active,FILE,0,380
679,"2024-06-27 13:44:11",roy.haryanto,"2024-06-27 13:44:11",roy.haryanto,"395eabc4-2d68-4c47-a393-af7ec32b2072","98419-5",active,FILE,0,381
680,"2024-06-27 13:46:45",roy.haryanto,"2024-07-08 11:08:09",wiwin.dwiutami.hakim,d67d5596-3975-4e8a-8018-1dfd44556755,"19765-7",active,FILE,0,382
681,"2024-07-05 09:51:01",rita.susanti,"2024-07-05 09:51:01",rita.susanti,"260978b7-3d00-437b-bc66-a5302feb8192","18759-1",active,FILE,1,383
682,"2024-07-05 20:58:27",rita.susanti,"2024-07-05 20:58:27",rita.susanti,b7900081-7afd-4923-91d3-7efa1ed01602,"41982-0",active,FILE,1,384
683,"2024-07-05 21:00:31",rita.susanti,"2024-07-05 21:00:31",rita.susanti,c7f9810f-de16-4eda-b1ef-d0194862d0cd,BIO1,active,FILE,1,385
684,"2024-07-07 09:46:56",wiwin.dwiutami.hakim,"2024-07-10 13:22:28",wiwin.dwiutami.hakim,"79b6730f-40d7-48a8-97f0-c16ec821b29a",PFISX,active,FILE,0,386
685,"2024-07-08 21:22:16",rita.susanti,"2024-07-08 21:22:16",rita.susanti,"3ed28315-3185-4532-adc1-862ae81b50bb",MCUF1,active,FILE,1,387
686,"2024-07-08 21:23:24",rita.susanti,"2024-07-08 21:23:24",rita.susanti,"32cc4352-c750-4f34-b23e-6585d6256890",MCUM1,active,FILE,1,388
687,"2024-07-09 07:14:47",wiwin.dwiutami.hakim,"2024-07-09 07:14:47",wiwin.dwiutami.hakim,a26dfe62-30f9-43d2-945e-ed2c442d68dd,"718-7",active,TEXT,0,389
688,"2024-07-09 07:15:19",wiwin.dwiutami.hakim,"2024-07-09 07:15:19",wiwin.dwiutami.hakim,"08fbd6d1-e52c-48b7-a7ec-850fc847ef55","4544-3",active,TEXT,0,390
689,"2024-07-09 07:15:52",wiwin.dwiutami.hakim,"2024-07-09 07:15:52",wiwin.dwiutami.hakim,"51f3ce3d-9390-4e3e-862d-4cc7d70e0604","789-8",active,TEXT,0,391
690,"2024-07-09 07:16:51",wiwin.dwiutami.hakim,"2024-07-09 07:16:51",wiwin.dwiutami.hakim,"5ddf5b51-b3c7-4b24-ae75-30664bba730d","6690-2",active,TEXT,0,392
691,"2024-07-09 07:17:35",wiwin.dwiutami.hakim,"2024-07-09 07:17:35",wiwin.dwiutami.hakim,"5aebb1c1-5290-49c5-98e2-cd91f40b3379","777-3",active,TEXT,0,393
692,"2024-09-25 14:36:44",wiwin.dwiutami.hakim,"2024-09-25 14:36:44",wiwin.dwiutami.hakim,ab219a35-4a08-4374-8971-ba3b07627275,HERP01,active,FILE,0,394
693,"2024-10-03 10:00:15",wiwin.dwiutami.hakim,"2024-10-03 10:00:15",wiwin.dwiutami.hakim,"26306419-e684-4664-a076-77ace48de694",BCOMP,active,FILE,0,395
694,"2024-10-30 15:29:16",wiwin.dwiutami.hakim,"2024-10-30 15:29:16",wiwin.dwiutami.hakim,"21416353-2992-41e1-a9aa-97fa3f59d0c7","3016-3F",active,TEXT,0,396
695,"2024-11-26 09:05:12",wiwin.dwiutami.hakim,"2024-11-26 09:05:12",wiwin.dwiutami.hakim,bce6db11-24b3-49df-aba5-19ec8f83229c,INLIVE,active,FILE,0,397
696,"2024-11-29 08:22:17",wiwin.dwiutami.hakim,"2024-11-29 08:23:29",wiwin.dwiutami.hakim,b993fcc1-1eaa-4e93-889e-9d38c3035c09,"36554-4",active,FILE,1,398
697,"2024-11-29 08:24:07",wiwin.dwiutami.hakim,"2024-11-30 09:37:11",wiwin.dwiutami.hakim,"9ebdb759-65ed-4e0e-9233-8736a38405c5","55110-1",active,TEXT,2,399
698,"2024-11-29 08:27:47",wiwin.dwiutami.hakim,"2024-11-29 08:27:47",wiwin.dwiutami.hakim,"06544360-3c8e-473f-aabf-c5e70d9bb0dc","28010-7",active,FILE,1,400
699,"2024-11-29 08:28:09",wiwin.dwiutami.hakim,"2024-12-12 18:48:04",novi,a08dbfb9-8485-4319-834d-bb306dd0d905,"18844-1",active,FILE,2,401
700,"2024-11-29 09:01:03",wiwin.dwiutami.hakim,"2024-11-29 09:01:03",wiwin.dwiutami.hakim,"25aeb094-6ae1-4590-aeac-e91f61c61cd1","29545-1",active,TEXT,1,402
701,"2024-11-29 09:01:30",wiwin.dwiutami.hakim,"2024-11-29 09:01:30",wiwin.dwiutami.hakim,"4d6acdac-b3c3-41bc-9eb1-78b82bdb8bfa","22029-3",active,TEXT,2,403
702,"2024-11-29 09:01:45",wiwin.dwiutami.hakim,"2024-11-29 09:01:45",wiwin.dwiutami.hakim,"40542412-6d8d-4445-aa23-8982abd62e37",FIT,active,TEXT,3,404
703,"2024-11-29 12:49:04",wiwin.dwiutami.hakim,"2024-11-29 12:49:04",wiwin.dwiutami.hakim,"6b6c06d2-0eb4-496b-adf5-9208634209b9","81459-0",active,FILE,1,405
704,"2024-11-29 12:49:33",wiwin.dwiutami.hakim,"2024-11-30 09:37:51",wiwin.dwiutami.hakim,fed146a5-4903-49b4-8d4d-6562fb54c101,"18759-1",active,TEXT,2,406
705,"2024-11-30 13:29:39",wiwin.dwiutami.hakim,"2024-11-30 13:29:39",wiwin.dwiutami.hakim,b87268e6-86e7-4dc3-a11c-2c49ff49db3e,test,active,NUMERIC,9,238
706,"2024-11-30 13:30:03",wiwin.dwiutami.hakim,"2024-11-30 13:30:03",wiwin.dwiutami.hakim,"06d88b9e-2d67-416a-9d66-cb3a07f1968c",tettt,active,NUMERIC,10,238
707,"2024-11-30 13:49:18",wiwin.dwiutami.hakim,"2024-11-30 13:49:18",wiwin.dwiutami.hakim,d221e07e-8088-4af7-902d-803151399749,"10154-3",active,TEXT,1,407
708,"2024-11-30 13:50:22",wiwin.dwiutami.hakim,"2024-11-30 13:50:22",wiwin.dwiutami.hakim,a7422532-41b8-42b2-8d3c-aadfa9c27936,PPARU,active,TEXT,2,408
709,"2024-11-30 13:50:22",wiwin.dwiutami.hakim,"2024-11-30 13:50:22",wiwin.dwiutami.hakim,a7a353e3-a0ee-4e99-955c-5f2c58e72eba,PHT,active,TEXT,1,408
710,"2024-11-30 13:52:02",wiwin.dwiutami.hakim,"2024-11-30 13:52:02",wiwin.dwiutami.hakim,"6d19e4fc-d1bf-4290-8c15-a98f2f579810",PFRAC,active,TEXT,8,408
711,"2024-11-30 13:52:02",wiwin.dwiutami.hakim,"2024-11-30 13:52:02",wiwin.dwiutami.hakim,"3f2f2133-a650-4771-9c3d-1a306a93b5a0",PEPIL,active,TEXT,7,408
712,"2024-11-30 13:52:02",wiwin.dwiutami.hakim,"2024-11-30 13:52:02",wiwin.dwiutami.hakim,"19546566-144e-4b9e-8628-8f5e313e1d48",PTUM,active,TEXT,6,408
713,"2024-11-30 13:52:02",wiwin.dwiutami.hakim,"2024-11-30 13:52:02",wiwin.dwiutami.hakim,"1b422fdb-753e-4117-8391-fa8ee61ca547",PLL,active,TEXT,9,408
714,"2024-11-30 13:52:02",wiwin.dwiutami.hakim,"2024-11-30 13:52:02",wiwin.dwiutami.hakim,"9adcc371-169b-4039-9443-a8ccd67905df",PJTG,active,TEXT,4,408
715,"2024-11-30 13:52:02",wiwin.dwiutami.hakim,"2024-11-30 13:52:02",wiwin.dwiutami.hakim,ed444246-e8c4-4c8d-acae-c996df832649,PASMA,active,TEXT,3,408
716,"2024-11-30 13:52:02",wiwin.dwiutami.hakim,"2024-11-30 13:52:02",wiwin.dwiutami.hakim,"4bd4c0ff-8ef9-40e1-a980-8f2d42fa820b",PDM,active,TEXT,5,408
717,"2024-11-30 13:54:44",wiwin.dwiutami.hakim,"2024-11-30 13:54:44",wiwin.dwiutami.hakim,c8ff2d03-7825-4c26-a6d6-24e5e049cf74,"48765-2",active,TEXT,0,409
718,"2024-11-30 13:55:06",wiwin.dwiutami.hakim,"2024-11-30 13:55:06",wiwin.dwiutami.hakim,"3aa17b7f-fc2f-4edb-bd75-93ee82f01b6e",PDOBAT,active,TEXT,0,410
719,"2024-11-30 13:55:55",wiwin.dwiutami.hakim,"2024-11-30 13:55:55",wiwin.dwiutami.hakim,"0a552af4-0a47-4cb7-b8ee-f621346b326b",RPKI,active,TEXT,2,411
720,"2024-11-30 13:55:55",wiwin.dwiutami.hakim,"2024-11-30 13:55:55",wiwin.dwiutami.hakim,"1b3d1a53-9394-485c-9be9-f99664ff689d",RPKA,active,TEXT,1,411
721,"2024-11-30 13:57:18",wiwin.dwiutami.hakim,"2024-11-30 13:57:18",wiwin.dwiutami.hakim,"37467c92-a564-4f84-8d1b-2b644bbcedb2",BROKOK,active,TEXT,2,412
722,"2024-11-30 13:57:18",wiwin.dwiutami.hakim,"2024-11-30 13:57:18",wiwin.dwiutami.hakim,"28ecfb85-f75d-4fe1-a918-d3c0c05c1061",BALKO,active,TEXT,3,412
723,"2024-11-30 13:57:18",wiwin.dwiutami.hakim,"2024-11-30 13:57:18",wiwin.dwiutami.hakim,"5b648dcb-f687-4b8b-880b-cb14323006a8",BOLGA,active,TEXT,1,412
724,"2024-11-30 13:58:51",wiwin.dwiutami.hakim,"2024-11-30 13:58:51",wiwin.dwiutami.hakim,"65316678-c597-4f32-b8c4-4f8f416c37b6",KBIS,active,TEXT,3,413
725,"2024-11-30 13:58:51",wiwin.dwiutami.hakim,"2024-11-30 13:58:51",wiwin.dwiutami.hakim,af3c6fe4-c235-4ce1-a9bd-732a5b493bed,KDEB,active,TEXT,5,413
726,"2024-11-30 13:58:51",wiwin.dwiutami.hakim,"2024-11-30 13:58:51",wiwin.dwiutami.hakim,a3483b8b-5e75-4a13-80c7-427762312620,KMON,active,TEXT,1,413
727,"2024-11-30 13:58:51",wiwin.dwiutami.hakim,"2024-11-30 13:58:51",wiwin.dwiutami.hakim,"93511b9d-b400-4a97-a2f6-75a026f44e4c",KSHU,active,TEXT,4,413
728,"2024-11-30 13:58:51",wiwin.dwiutami.hakim,"2024-11-30 13:58:51",wiwin.dwiutami.hakim,"0c28b54c-9a64-4e1b-a952-f2ee278f7c36",KGET,active,TEXT,6,413
729,"2024-11-30 13:58:51",wiwin.dwiutami.hakim,"2024-11-30 13:58:51",wiwin.dwiutami.hakim,"86f6a0cb-c635-4391-8a44-3059dbd356b9",KKIM,active,TEXT,2,413
730,"2024-11-30 13:59:06",wiwin.dwiutami.hakim,"2024-11-30 13:59:06",wiwin.dwiutami.hakim,"2f6f172c-50a4-452e-8473-e6101ce2ce6b","29463-7",active,NUMERIC,0,414
731,"2024-11-30 13:59:23",wiwin.dwiutami.hakim,"2024-11-30 13:59:23",wiwin.dwiutami.hakim,f28e1e60-2815-4073-b4ed-1bdd16eea415,"8302-2",active,NUMERIC,0,415
732,"2024-11-30 13:59:32",wiwin.dwiutami.hakim,"2024-11-30 13:59:32",wiwin.dwiutami.hakim,a0c67d9c-c180-4726-813a-ffe6c71dc442,"39156-5",active,NUMERIC,0,416
733,"2024-11-30 14:00:06",wiwin.dwiutami.hakim,"2024-11-30 14:00:06",wiwin.dwiutami.hakim,"52dbceab-cb5f-434b-a9ab-71290a6e0e05","8480-6",active,NUMERIC,1,417
734,"2024-11-30 14:00:06",wiwin.dwiutami.hakim,"2024-11-30 14:00:06",wiwin.dwiutami.hakim,a8c34ec3-4198-4b80-9998-bbbac2ba5000,"8462-4",active,NUMERIC,2,417
735,"2024-11-30 14:00:18",wiwin.dwiutami.hakim,"2024-11-30 14:00:18",wiwin.dwiutami.hakim,"6c3de5fe-eaeb-4328-8b69-94c5f2a8b38c","8867-4",active,NUMERIC,0,418
736,"2024-11-30 14:00:29",wiwin.dwiutami.hakim,"2024-11-30 14:00:29",wiwin.dwiutami.hakim,"8df630b3-5a1c-454b-bf51-2204059bfb61","9279-1",active,NUMERIC,0,419
737,"2024-11-30 14:00:43",wiwin.dwiutami.hakim,"2024-11-30 14:00:43",wiwin.dwiutami.hakim,"318bd99e-ef8e-4a51-9fd6-66ca51689f1e","8310-5",active,NUMERIC,0,420
738,"2024-11-30 14:00:58",wiwin.dwiutami.hakim,"2024-11-30 14:00:58",wiwin.dwiutami.hakim,"1bd89d0d-a74c-4752-b923-b1cc6e2c1dd7",KW,active,TEXT,0,421
739,"2024-11-30 14:02:41",wiwin.dwiutami.hakim,"2024-11-30 18:55:23",wiwin.dwiutami.hakim,e50e2091-74d5-41a4-9fe2-316321c77e54,"70940-2",inactive,TEXT,2,422
740,"2024-11-30 14:02:41",wiwin.dwiutami.hakim,"2024-11-30 18:55:23",wiwin.dwiutami.hakim,"74c55078-d21c-4d66-b30d-dcc47980e367",VDDK,inactive,TEXT,6,422
741,"2024-11-30 14:02:41",wiwin.dwiutami.hakim,"2024-11-30 18:55:23",wiwin.dwiutami.hakim,"664cb795-07bc-4d2e-a142-b28f48c41380",MATA,active,TEXT,0,422
742,"2024-11-30 14:02:41",wiwin.dwiutami.hakim,"2024-11-30 14:02:41",wiwin.dwiutami.hakim,e276fecb-7fcf-4069-bb85-0a96bfe823eb,VDTK,active,TEXT,5,422
743,"2024-11-30 14:02:41",wiwin.dwiutami.hakim,"2024-11-30 18:55:23",wiwin.dwiutami.hakim,cbbc80ed-5089-441a-ac2c-ba6ffe3ae749,KVIS,inactive,TEXT,7,422
744,"2024-11-30 14:02:41",wiwin.dwiutami.hakim,"2024-11-30 18:55:23",wiwin.dwiutami.hakim,ee2a158f-f58b-4a17-9b06-362ccb052053,VJDK,inactive,TEXT,4,422
745,"2024-11-30 14:02:41",wiwin.dwiutami.hakim,"2024-11-30 18:55:23",wiwin.dwiutami.hakim,"52b2e85d-39e8-424a-b975-43089beabd64",VJTK,inactive,TEXT,3,422
746,"2024-11-30 14:02:59",wiwin.dwiutami.hakim,"2024-11-30 14:02:59",wiwin.dwiutami.hakim,f8a64e45-dc32-47f5-8e6c-2768e19257b6,TLINGA,active,TEXT,0,423
747,"2024-11-30 14:03:13",wiwin.dwiutami.hakim,"2024-11-30 14:03:13",wiwin.dwiutami.hakim,"4c1cf61d-1182-4f75-a94b-d71be2e2f65d",HIDUNG,active,TEXT,0,424
748,"2024-11-30 14:03:25",wiwin.dwiutami.hakim,"2024-11-30 14:03:25",wiwin.dwiutami.hakim,bff1c425-08b2-41c9-8663-4fc5be4cb709,MULUT,active,TEXT,0,425
749,"2024-11-30 14:03:36",wiwin.dwiutami.hakim,"2024-11-30 14:03:36",wiwin.dwiutami.hakim,"29599dbf-543b-4ea8-8c3c-99868c0c31bd",GIGI,active,TEXT,0,426
750,"2024-11-30 14:03:48",wiwin.dwiutami.hakim,"2024-11-30 14:03:48",wiwin.dwiutami.hakim,d2de4476-cfcf-4b18-a764-1770bcdd71c0,LEHER,active,TEXT,0,427
751,"2024-11-30 14:04:02",wiwin.dwiutami.hakim,"2024-11-30 14:04:02",wiwin.dwiutami.hakim,"4f79ef59-816c-4cf0-9230-fe7b68ac6305",THRX,active,TEXT,0,428
752,"2024-11-30 14:04:16",wiwin.dwiutami.hakim,"2024-11-30 14:04:16",wiwin.dwiutami.hakim,ba2ead62-d4a7-4689-965d-6d8316dc583a,JTG,active,TEXT,0,429
753,"2024-11-30 14:04:28",wiwin.dwiutami.hakim,"2024-11-30 14:04:28",wiwin.dwiutami.hakim,ae729fc3-70d8-49f3-afc1-694915ce7f76,ABD,active,TEXT,0,430
754,"2024-11-30 14:04:41",wiwin.dwiutami.hakim,"2024-11-30 14:04:41",wiwin.dwiutami.hakim,"7062f96f-d64e-42cc-a71c-3227173819f2",ANO,active,TEXT,0,431
755,"2024-11-30 14:04:53",wiwin.dwiutami.hakim,"2024-11-30 14:04:53",wiwin.dwiutami.hakim,"40b34064-b321-4b0b-9471-9afff4e942cc",EXTR,active,TEXT,0,432
756,"2024-11-30 14:05:07",wiwin.dwiutami.hakim,"2024-11-30 14:05:07",wiwin.dwiutami.hakim,"631bbd8f-5918-49c5-8fa7-ac7120ca4e91",KULIT,active,TEXT,0,433
757,"2024-11-30 14:05:20",wiwin.dwiutami.hakim,"2024-11-30 14:05:20",wiwin.dwiutami.hakim,a1e05dab-3122-43d7-a3ce-ef9b106ff6fc,NEURO,active,TEXT,0,434
758,"2024-11-30 19:08:28",wiwin.dwiutami.hakim,"2024-11-30 19:08:28",wiwin.dwiutami.hakim,"6fb8b634-6111-4112-b50c-2b1e2f8a1f02","10154-3",active,TEXT,0,435
759,"2024-11-30 19:10:39",wiwin.dwiutami.hakim,"2024-11-30 19:10:39",wiwin.dwiutami.hakim,"22bd466a-b400-4085-a9f9-8090785b2f59",PEPIL,active,TEXT,7,436
760,"2024-11-30 19:10:39",wiwin.dwiutami.hakim,"2024-11-30 19:10:39",wiwin.dwiutami.hakim,"5823b7ca-3bb0-4eb7-90c4-aa64f95fdaf2",PASMA,active,TEXT,3,436
761,"2024-11-30 19:10:39",wiwin.dwiutami.hakim,"2024-11-30 19:10:39",wiwin.dwiutami.hakim,"4c680b96-5e4c-4cb4-94cb-de839f171212",PFRAC,active,TEXT,8,436
762,"2024-11-30 19:10:39",wiwin.dwiutami.hakim,"2024-11-30 19:10:39",wiwin.dwiutami.hakim,"749ebe01-b087-43ad-85a4-628505b8ef99",PHT,active,TEXT,1,436
763,"2024-11-30 19:10:39",wiwin.dwiutami.hakim,"2024-11-30 19:10:39",wiwin.dwiutami.hakim,a475416c-e596-4290-ae9a-b6269e7244eb,PDM,active,TEXT,5,436
764,"2024-11-30 19:10:39",wiwin.dwiutami.hakim,"2024-11-30 19:10:39",wiwin.dwiutami.hakim,"611062ee-7fd8-4adb-a392-6f05936a440c",PTUM,active,TEXT,6,436
765,"2024-11-30 19:10:39",wiwin.dwiutami.hakim,"2024-11-30 19:10:39",wiwin.dwiutami.hakim,c984f4ff-ccab-4a56-9857-cbb1aeb34972,PLL,active,TEXT,9,436
766,"2024-11-30 19:10:39",wiwin.dwiutami.hakim,"2024-11-30 19:10:39",wiwin.dwiutami.hakim,ff6b2f13-1525-4372-898f-3decd3a1cf42,PJTG,active,TEXT,4,436
767,"2024-11-30 19:10:39",wiwin.dwiutami.hakim,"2024-11-30 19:10:39",wiwin.dwiutami.hakim,"3687fdd0-28a4-4f91-bf48-3deed0c25285",PPARU,active,TEXT,2,436
768,"2024-11-30 19:10:55",wiwin.dwiutami.hakim,"2024-11-30 19:10:55",wiwin.dwiutami.hakim,afd6124e-a0a6-4039-abf0-9a4034a00f75,"48765-2",active,TEXT,0,437
769,"2024-11-30 19:11:12",wiwin.dwiutami.hakim,"2024-11-30 19:11:12",wiwin.dwiutami.hakim,d2cada96-f293-4504-8585-40aca465fe5b,PDOBAT,active,TEXT,0,438
770,"2024-11-30 19:12:21",wiwin.dwiutami.hakim,"2024-11-30 19:12:21",wiwin.dwiutami.hakim,"9616f99d-9318-4ec0-bd1b-0fee0d5af1f6",RPKA,active,TEXT,1,439
771,"2024-11-30 19:12:21",wiwin.dwiutami.hakim,"2024-11-30 19:12:21",wiwin.dwiutami.hakim,"8c1c0112-9e67-4338-9e17-ca1eb49bbf8a",RPKI,active,TEXT,2,439
772,"2024-11-30 19:13:28",wiwin.dwiutami.hakim,"2024-11-30 19:13:28",wiwin.dwiutami.hakim,"80ad04d6-8073-4eb0-ac44-d43bf670958e",BOLGA,active,TEXT,1,440
773,"2024-11-30 19:13:28",wiwin.dwiutami.hakim,"2024-11-30 19:13:28",wiwin.dwiutami.hakim,"24790454-8f1a-4e5f-8c38-91415001f9c7",BROKOK,active,TEXT,2,440
774,"2024-11-30 19:13:28",wiwin.dwiutami.hakim,"2024-11-30 19:13:28",wiwin.dwiutami.hakim,"215c01d0-16f6-4abc-aa9c-c3345cb49e98",BALKO,active,TEXT,3,440
775,"2024-11-30 19:18:49",wiwin.dwiutami.hakim,"2024-11-30 19:18:49",wiwin.dwiutami.hakim,b1af8ebd-5082-4e5c-b9de-b7f07ffb867e,KSHU,active,TEXT,4,441
776,"2024-11-30 19:18:49",wiwin.dwiutami.hakim,"2024-11-30 19:18:49",wiwin.dwiutami.hakim,"156d3c01-47ee-48b7-a4b9-10def237a57f",KBIS,active,TEXT,3,441
777,"2024-11-30 19:18:49",wiwin.dwiutami.hakim,"2024-11-30 19:18:49",wiwin.dwiutami.hakim,f1281813-36d2-4826-b72e-21299c5939e2,KDEB,active,TEXT,5,441
778,"2024-11-30 19:18:49",wiwin.dwiutami.hakim,"2024-11-30 19:18:49",wiwin.dwiutami.hakim,"9828b357-28dc-45f7-abbe-ff895129c60a",KKIM,active,TEXT,2,441
779,"2024-11-30 19:18:49",wiwin.dwiutami.hakim,"2024-11-30 19:18:49",wiwin.dwiutami.hakim,"0b84ef3d-befa-4950-a6c3-2269590707fb",KGET,active,TEXT,6,441
780,"2024-11-30 19:18:49",wiwin.dwiutami.hakim,"2024-11-30 19:18:49",wiwin.dwiutami.hakim,"09d89bd0-1e44-463d-8ee2-8feb1953e597",KMON,active,TEXT,1,441
781,"2024-11-30 19:19:03",wiwin.dwiutami.hakim,"2024-11-30 19:19:03",wiwin.dwiutami.hakim,"6451cf85-7035-4c77-9555-06b37accc84c","29463-7",active,NUMERIC,0,442
782,"2024-11-30 19:19:14",wiwin.dwiutami.hakim,"2024-11-30 19:19:14",wiwin.dwiutami.hakim,"94dfef90-a21a-4559-aa56-d4c0b69b1de7","8302-2",active,NUMERIC,0,443
783,"2024-11-30 19:19:23",wiwin.dwiutami.hakim,"2024-11-30 19:19:23",wiwin.dwiutami.hakim,"6c380e28-2844-4e55-9100-490da63e344c","39156-5",active,NUMERIC,0,444
784,"2024-11-30 19:20:23",wiwin.dwiutami.hakim,"2024-11-30 19:20:23",wiwin.dwiutami.hakim,"616f3bcd-aa0e-49a8-95ff-2a0295479427","8462-4",active,NUMERIC,2,445
785,"2024-11-30 19:20:23",wiwin.dwiutami.hakim,"2024-11-30 19:20:23",wiwin.dwiutami.hakim,f08fa6af-5f40-44d0-a472-ccf814ed1cc7,"8480-6",active,NUMERIC,1,445
786,"2024-11-30 19:20:38",wiwin.dwiutami.hakim,"2024-11-30 19:20:38",wiwin.dwiutami.hakim,e87ce7b1-2c69-455a-9ed3-9fce08559494,"8867-4",active,NUMERIC,0,446
787,"2024-11-30 19:20:48",wiwin.dwiutami.hakim,"2024-11-30 19:20:48",wiwin.dwiutami.hakim,e75ef422-61b1-4795-9a38-d0b6dc0c53d4,"9279-1",active,NUMERIC,0,447
788,"2024-11-30 19:20:59",wiwin.dwiutami.hakim,"2024-11-30 19:20:59",wiwin.dwiutami.hakim,"7efbd47f-5f98-4333-b48e-475f0069e0b2","8310-5",active,NUMERIC,0,448
789,"2024-11-30 19:21:14",wiwin.dwiutami.hakim,"2024-11-30 19:21:14",wiwin.dwiutami.hakim,fcbe7e84-a13c-4089-b094-2a5d50d3a99d,KW,active,TEXT,0,449
790,"2024-11-30 19:21:33",wiwin.dwiutami.hakim,"2024-11-30 19:21:33",wiwin.dwiutami.hakim,"23230950-f540-4fbb-8e63-7778ce6fadb7",MATA,active,TEXT,0,450
791,"2024-11-30 19:21:50",wiwin.dwiutami.hakim,"2024-11-30 19:21:50",wiwin.dwiutami.hakim,"7183efaf-8145-4fd9-9fed-0ca9ddcade60",BW,active,TEXT,0,451
792,"2024-11-30 19:22:01",wiwin.dwiutami.hakim,"2024-11-30 19:22:01",wiwin.dwiutami.hakim,"6d684d8b-26ea-42b9-9a5a-f2232942175d","70940-2",active,TEXT,0,452
793,"2024-11-30 19:22:12",wiwin.dwiutami.hakim,"2024-11-30 19:22:12",wiwin.dwiutami.hakim,afbb6737-5016-452f-a187-2c16ce98f7e4,VJTK,active,TEXT,0,453
794,"2024-11-30 19:22:23",wiwin.dwiutami.hakim,"2024-11-30 19:22:23",wiwin.dwiutami.hakim,f95d7028-0859-4ff2-a238-4ee710fb7c53,VJDK,active,TEXT,0,454
795,"2024-11-30 19:22:33",wiwin.dwiutami.hakim,"2024-11-30 19:22:33",wiwin.dwiutami.hakim,"13caa56c-2122-4a32-8280-6c6407081f6c",VDTK,active,TEXT,0,455
796,"2024-11-30 19:22:45",wiwin.dwiutami.hakim,"2024-11-30 19:22:45",wiwin.dwiutami.hakim,ad1cf782-145c-4a1c-af32-672ada5f945e,VDDK,active,TEXT,0,456
797,"2024-11-30 19:22:57",wiwin.dwiutami.hakim,"2024-11-30 19:22:57",wiwin.dwiutami.hakim,fd95e68d-4690-46ec-bf7e-aad9dac20fce,KVIS,active,TEXT,0,457
798,"2024-11-30 19:23:11",wiwin.dwiutami.hakim,"2024-11-30 19:23:11",wiwin.dwiutami.hakim,e8100965-40cc-4573-a62d-220e63e800dd,TLINGA,active,TEXT,0,458
799,"2024-11-30 19:23:22",wiwin.dwiutami.hakim,"2024-11-30 19:23:22",wiwin.dwiutami.hakim,"2c382ed7-a38c-41e4-b217-d5e7c98edb3f",HIDUNG,active,TEXT,0,459
800,"2024-11-30 19:23:33",wiwin.dwiutami.hakim,"2024-11-30 19:23:33",wiwin.dwiutami.hakim,ee97915d-3695-48e8-a2eb-884574fbac79,MULUT,active,TEXT,0,460
801,"2024-11-30 19:23:45",wiwin.dwiutami.hakim,"2024-11-30 19:23:45",wiwin.dwiutami.hakim,"7bf6e584-b15a-4ded-915e-a29069b37362",GIGI,active,TEXT,0,461
802,"2024-11-30 19:23:57",wiwin.dwiutami.hakim,"2024-11-30 19:23:57",wiwin.dwiutami.hakim,"10079a7c-69ee-4036-b75a-296cf4dffc88",LEHER,active,TEXT,0,462
803,"2024-11-30 19:24:06",wiwin.dwiutami.hakim,"2024-11-30 19:24:06",wiwin.dwiutami.hakim,"40e6ec96-6f98-4c4e-9425-28a571550b4b",THRX,active,TEXT,0,463
804,"2024-11-30 19:24:18",wiwin.dwiutami.hakim,"2024-11-30 19:24:18",wiwin.dwiutami.hakim,"5e61e1ed-3aa4-4c61-88df-9ac6edeb8a26",JTG,active,TEXT,0,464
805,"2024-11-30 19:24:27",wiwin.dwiutami.hakim,"2024-11-30 19:24:27",wiwin.dwiutami.hakim,b8f7b4a3-1cd2-4699-9246-ee5f09ef8ae0,ABD,active,TEXT,0,465
806,"2024-11-30 19:24:38",wiwin.dwiutami.hakim,"2024-11-30 19:24:38",wiwin.dwiutami.hakim,"1c043415-9862-4a72-a862-fc52b9aca1b3",ANO,active,TEXT,0,466
807,"2024-11-30 19:24:50",wiwin.dwiutami.hakim,"2024-11-30 19:24:50",wiwin.dwiutami.hakim,"3e69cd75-a35a-4503-a113-8a80f353f669",EXTR,active,TEXT,0,467
808,"2024-11-30 19:25:02",wiwin.dwiutami.hakim,"2024-11-30 19:25:02",wiwin.dwiutami.hakim,"566e52ad-0c64-4f52-9ff1-381e5c7a26f9",KULIT,active,TEXT,0,468
809,"2024-11-30 19:25:13",wiwin.dwiutami.hakim,"2024-11-30 19:25:13",wiwin.dwiutami.hakim,f992b957-71f2-4365-8f98-fb103ece9250,NEURO,active,TEXT,0,469
810,"2024-12-13 14:38:42",wiwin.dwiutami.hakim,"2024-12-13 14:38:42",wiwin.dwiutami.hakim,"6831c5bd-169a-46cc-9a7c-3a3ceba90429",NIPTB,active,FILE,0,470
811,"2024-12-13 14:39:20",wiwin.dwiutami.hakim,"2024-12-13 14:39:20",wiwin.dwiutami.hakim,beeb7405-f7a8-4edf-aafc-c97e8b2aa16f,NIPTP,active,FILE,0,471
812,"2024-12-20 16:18:58",wiwin.dwiutami.hakim,"2024-12-20 16:18:59",wiwin.dwiutami.hakim,e6bf4f0f-7eae-4f25-acee-596edd7f10f2,FDCPY,active,FILE,0,472
813,"2024-12-21 20:53:08",wiwin.dwiutami.hakim,"2024-12-21 20:53:09",wiwin.dwiutami.hakim,b3c5e850-d224-49e4-8079-905849cefc95,TIMBAL,active,FILE,0,473
814,"2025-01-31 09:36:19",wiwin.dwiutami.hakim,"2025-01-31 18:10:24",wiwin.dwiutami.hakim,"86c64dcd-a0cc-430b-8a32-7388ffca45f2","44711-0",active,NUMERIC,0,474
815,"2025-02-10 08:53:03",wiwin.dwiutami.hakim,"2025-02-10 08:53:03",wiwin.dwiutami.hakim,c7162c3f-5bac-44c4-9e2f-9550342c1c57,VCF4,active,FILE,0,475
816,"2025-02-10 09:23:11",wiwin.dwiutami.hakim,"2025-02-10 09:23:11",wiwin.dwiutami.hakim,"1978dc20-9f59-4cfd-b026-c0c1cf846a67",ARVY,active,FILE,0,476
817,"2025-02-10 10:34:17",wiwin.dwiutami.hakim,"2025-03-26 10:18:56",wiwin.dwiutami.hakim,e829dca4-8f92-4f55-9a3a-3031bbb52d9d,FRNJCT,active,FILE,0,477
818,"2025-02-14 13:05:13",wiwin.dwiutami.hakim,"2025-02-14 13:05:13",wiwin.dwiutami.hakim,bb81d15c-dac1-4ecf-bddb-2a0ec2dc8e93,HTIN,active,FILE,0,478
819,"2025-02-24 15:27:28",wiwin.dwiutami.hakim,"2025-02-24 15:27:28",wiwin.dwiutami.hakim,"4ae060b9-673f-4f1a-955f-0d5db43f4c70",PCV20,active,FILE,0,479
820,"2025-02-24 15:31:45",wiwin.dwiutami.hakim,"2025-02-24 15:31:45",wiwin.dwiutami.hakim,"0b13def5-bab9-4299-b052-cc408f43398d",PCV15,active,FILE,0,480
821,"2025-02-24 15:33:53",wiwin.dwiutami.hakim,"2025-02-24 15:33:53",wiwin.dwiutami.hakim,af2aefb6-453c-47bf-a638-692cbf6963d2,PCV10,active,FILE,0,481
822,"2025-03-05 11:54:15",wiwin.dwiutami.hakim,"2025-03-05 11:54:15",wiwin.dwiutami.hakim,"15373678-0057-49ef-8bdc-a7a5abdc2e1e",HEPA5,active,FILE,0,482
823,"2025-03-05 11:55:27",wiwin.dwiutami.hakim,"2025-03-05 11:55:27",wiwin.dwiutami.hakim,"8ea2e486-0176-4900-bf69-9b64f3321f98",TWINRX,active,FILE,0,483
824,"2025-03-05 11:56:52",wiwin.dwiutami.hakim,"2025-03-05 11:56:52",wiwin.dwiutami.hakim,"14252d1e-4e4c-47de-9012-10a831d2bc64",VERORB,active,FILE,0,484
825,"2025-03-05 11:58:28",wiwin.dwiutami.hakim,"2025-03-05 11:58:28",wiwin.dwiutami.hakim,c530e50f-6d30-4efa-befe-d79f9c16c954,TETRAXM,active,FILE,0,485
826,"2025-03-05 12:00:47",wiwin.dwiutami.hakim,"2025-03-05 12:00:47",wiwin.dwiutami.hakim,c664fe62-1f94-404e-869e-b142176f6d76,STAMARL,active,FILE,0,486
827,"2025-03-05 12:05:51",wiwin.dwiutami.hakim,"2025-03-05 12:05:51",wiwin.dwiutami.hakim,"2ca28569-7f5a-4da1-a5ea-818efcdb39ed",AHDP,active,FILE,0,487
828,"2025-03-12 18:37:09",wiwin.dwiutami.hakim,"2025-03-14 11:50:50",wiwin.dwiutami.hakim,f2a365f5-fefa-49af-a7ad-40f6d75354c0,NUTRI,active,FILE,0,488
829,"2025-03-12 18:38:25",wiwin.dwiutami.hakim,"2025-03-28 11:46:58",wiwin.dwiutami.hakim,"17300760-7bc7-4aed-b7f1-a0a649ba7b3d",NTRCLL,active,TEXT,0,489
830,"2025-03-25 14:17:44",wiwin.dwiutami.hakim,"2025-03-25 14:17:44",wiwin.dwiutami.hakim,b31dc5ba-22fd-4a36-b1ba-58a15cf9eb8c,INFANRXX,active,FILE,0,490
831,"2025-03-26 09:13:57",wiwin.dwiutami.hakim,"2025-03-26 09:13:57",wiwin.dwiutami.hakim,"8d825608-23fa-4ac3-bf16-43282c1b131d","71775-1",active,TEXT,0,491
832,"2025-03-27 11:44:52",wiwin.dwiutami.hakim,"2025-03-27 11:44:52",wiwin.dwiutami.hakim,"1ffc7667-f470-43c0-8060-7a9016f4d02b",LIGRA,active,FILE,1,491
833,"2025-04-09 23:10:59",wiwin.dwiutami.hakim,"2025-04-09 23:10:59",wiwin.dwiutami.hakim,"8116ead9-7ed9-4965-ba95-629898552603",SMGLTD,active,FILE,0,492
834,"2025-04-10 11:04:24",wiwin.dwiutami.hakim,"2025-04-10 11:04:24",wiwin.dwiutami.hakim,"39395607-8c8d-4d02-8862-90fc2b0b977a",MTESM,active,FILE,0,493
835,"2025-04-30 14:03:53",wiwin.dwiutami.hakim,"2025-04-30 14:03:53",wiwin.dwiutami.hakim,"23d2f6d3-d7fb-4349-bc11-2b70d610a470",PPSV23,active,FILE,0,494
836,"2025-05-13 09:52:52",wiwin.dwiutami.hakim,"2025-05-13 09:52:52",wiwin.dwiutami.hakim,"13417b48-1f0f-4402-8c95-015e9b6b2f30",INJPROVEC,active,FILE,0,495
837,"2025-05-13 09:59:50",wiwin.dwiutami.hakim,"2025-05-13 09:59:50",wiwin.dwiutami.hakim,"0b9bbc77-aad0-4e82-aee5-0ff608fbb79a",INFPROVEC,active,FILE,0,496
838,"2025-05-13 10:03:29",wiwin.dwiutami.hakim,"2025-05-13 10:03:29",wiwin.dwiutami.hakim,"696a9485-08c3-45a4-ba65-a462e5eb7fd9",INJMEPROCE,active,FILE,0,497
839,"2025-05-13 10:15:49",wiwin.dwiutami.hakim,"2025-05-13 10:15:49",wiwin.dwiutami.hakim,b2716381-70ca-4e57-9dde-b33bf266aeb6,INFMEPROCE,active,FILE,0,498
840,"2025-05-30 14:10:57",wiwin.dwiutami.hakim,"2025-05-30 14:27:13",wiwin.dwiutami.hakim,"88e21478-10f1-4f5a-9082-0a3dd6bd1df5",VKP01,active,FILE,0,499
841,"2025-05-30 14:18:58",wiwin.dwiutami.hakim,"2025-05-30 14:28:01",wiwin.dwiutami.hakim,aa914a3d-c8dd-4317-a49a-f074ca9af72f,VKK02,active,FILE,0,500
842,"2025-05-30 14:23:51",wiwin.dwiutami.hakim,"2025-05-30 14:28:40",wiwin.dwiutami.hakim,"468ed255-7990-4813-9778-a6e5f43ac755",VKK03,active,FILE,0,501
843,"2025-05-30 14:33:21",wiwin.dwiutami.hakim,"2025-05-30 14:33:21",wiwin.dwiutami.hakim,ca43a73e-8a83-448c-b1e4-769de8518692,VAP01,active,FILE,0,502
844,"2025-05-30 14:37:42",wiwin.dwiutami.hakim,"2025-05-30 14:37:42",wiwin.dwiutami.hakim,"423fd10d-9896-463d-8436-9678434146ad",VAK02,active,FILE,0,503
845,"2025-05-30 14:55:42",wiwin.dwiutami.hakim,"2025-05-30 14:55:42",wiwin.dwiutami.hakim,"4f2483d1-ad3b-48d5-b952-24d2b72ad446",OTKAK01,active,FILE,0,504
846,"2025-05-30 15:00:46",wiwin.dwiutami.hakim,"2025-05-30 15:00:46",wiwin.dwiutami.hakim,"7e6883be-fb4a-4604-8c04-a492321ccfa9",GroomCat,active,FILE,0,505
847,"2025-05-30 15:33:31",wiwin.dwiutami.hakim,"2025-05-30 15:33:31",wiwin.dwiutami.hakim,"161a1a31-4b6d-4582-be3c-2e6d5e58aa19",GroomDog,active,FILE,0,506
848,"2025-05-30 17:24:17",wiwin.dwiutami.hakim,"2025-05-30 17:24:17",wiwin.dwiutami.hakim,"65a393e4-27df-4f70-bdfb-c85556514a39",VAK03,active,FILE,0,507
849,"2025-06-17 11:07:32",wiwin.dwiutami.hakim,"2025-06-17 11:07:32",wiwin.dwiutami.hakim,"88ccb684-2e9f-41e9-bf4e-cca212cd5498",FBT01,active,FILE,0,508
850,"2025-06-19 15:28:19",zihan.farhanah,"2025-06-20 16:14:46",wiwin.dwiutami.hakim,b15b122d-58ff-4322-b271-fb1e7a208eb8,"80384-1",active,TEXT,0,509
851,"2025-06-20 17:47:39",wiwin.dwiutami.hakim,"2025-06-20 17:47:39",wiwin.dwiutami.hakim,bca42e93-9d75-4df9-bdf1-a0dfa5802356,"14316-4",active,TEXT,0,510
852,"2025-06-20 17:48:10",wiwin.dwiutami.hakim,"2025-06-20 17:48:10",wiwin.dwiutami.hakim,fb0e09bd-a1db-47c9-94a5-3b666151f155,"19415-9",active,TEXT,0,511
853,"2025-06-20 17:48:21",wiwin.dwiutami.hakim,"2025-06-20 17:48:21",wiwin.dwiutami.hakim,a8896ad6-a1df-4542-8168-502d0d93bf56,"19295-5",active,TEXT,0,512
854,"2025-06-20 17:48:32",wiwin.dwiutami.hakim,"2025-06-20 17:48:32",wiwin.dwiutami.hakim,aeb3cfd7-f93c-4560-95ed-da253a606d31,"19261-7",active,TEXT,0,513
855,"2025-06-20 17:48:44",wiwin.dwiutami.hakim,"2025-06-20 17:48:44",wiwin.dwiutami.hakim,"519c61d6-0697-4eae-84f8-99f9d381d397","3397-7",active,TEXT,0,514
856,"2025-06-20 17:48:54",wiwin.dwiutami.hakim,"2025-06-20 17:48:54",wiwin.dwiutami.hakim,"6ee21307-d092-405a-ad78-e35ab9544ab8","3779-6",active,TEXT,0,515
857,"2025-07-03 14:15:18",wiwin.dwiutami.hakim,"2025-07-03 14:15:18",wiwin.dwiutami.hakim,e7f3fe05-b794-4644-be80-3d664304f26f,"9830-1",active,NUMERIC,0,516
858,"2025-07-03 14:15:43",wiwin.dwiutami.hakim,"2025-07-03 14:15:43",wiwin.dwiutami.hakim,d6dc189f-efbe-47bd-b484-e5183651ebde,"16616-5",active,NUMERIC,0,517
859,"2025-07-03 14:16:07",wiwin.dwiutami.hakim,"2025-07-03 14:16:08",wiwin.dwiutami.hakim,a53decf2-bd8f-4dd2-b534-648a7567a232,"16615-7",active,NUMERIC,0,518
860,"2025-07-10 12:11:44",wiwin.dwiutami.hakim,"2025-07-10 12:11:44",wiwin.dwiutami.hakim,a31a5ffd-278f-4e44-946a-a0cdb8e894af,"10834-0",active,TEXT,0,519
861,"2025-07-10 12:16:15",wiwin.dwiutami.hakim,"2025-07-10 12:16:15",wiwin.dwiutami.hakim,b7374e69-95ab-4981-9172-4f33fba6c937,LA15408-0,active,TEXT,0,520
862,"2025-07-15 13:35:56",zihan.farhanah,"2025-07-15 15:02:44",zihan.farhanah,af169aee-a96c-4d6b-b475-b02d5992ed55,BBL01,active,FILE,0,521
863,"2025-07-15 14:05:47",zihan.farhanah,"2025-07-15 15:03:32",zihan.farhanah,"55b5dc7b-c936-443c-a883-05b58b36d8ee",BKM01,active,FILE,0,522
864,"2025-07-15 14:10:37",zihan.farhanah,"2025-07-15 15:03:49",zihan.farhanah,"20e47e37-8057-4798-95da-b574e8733a8e",BBSPA01,active,FILE,0,523
865,"2025-07-15 14:14:42",zihan.farhanah,"2025-07-15 15:04:06",zihan.farhanah,d6c3ce34-e646-4dcc-8d39-923e0a3bcbed,BHS01,active,FILE,0,524
866,"2025-07-15 14:19:24",zihan.farhanah,"2025-07-15 14:19:24",zihan.farhanah,"7720b345-4486-4336-b39a-2ad258cd0123",PJLS01,inactive,FILE,0,525
867,"2025-07-15 14:19:24",zihan.farhanah,"2025-07-15 14:19:24",zihan.farhanah,"44c2b6a8-96b1-4444-8f24-0039f45e3229",PJLS01,inactive,FILE,0,526
868,"2025-07-15 14:20:28",zihan.farhanah,"2025-07-15 14:20:28",zihan.farhanah,"3ace3350-5ff7-4907-8bac-23ce9c849275",PJLS01,inactive,FILE,0,527
869,"2025-07-15 14:28:13",zihan.farhanah,"2025-07-15 15:04:20",zihan.farhanah,"0f9a6260-a00f-4d2d-be83-23a77cd5cf16",LMSG01,active,FILE,0,528
870,"2025-07-15 14:32:11",zihan.farhanah,"2025-07-15 15:04:34",zihan.farhanah,e3ec0d1c-6631-4720-889a-de3b73dafc86,PPM01,active,FILE,0,529
871,"2025-07-17 10:47:48",zihan.farhanah,"2025-07-17 10:47:48",zihan.farhanah,f7c4494c-36d9-447a-b097-f7f3728dd57d,INFPCT001,active,FILE,0,530
872,"2025-07-17 10:51:40",zihan.farhanah,"2025-07-17 10:51:40",zihan.farhanah,"3e6b741d-0dd6-4050-94df-6ddc5e68c712",INJONDN01,active,FILE,0,531
873,"2025-07-17 10:54:02",zihan.farhanah,"2025-07-17 10:54:02",zihan.farhanah,e6a6a85b-9dc8-4e29-8696-4c509c1bfdc7,INJPPZ02,active,FILE,0,532
874,"2025-07-17 10:57:09",zihan.farhanah,"2025-07-17 10:57:09",zihan.farhanah,cda70a39-52dc-43dc-a19d-5327145f2852,INJKTRC03,active,FILE,0,533
