"id","created_at","created_by","updated_at","updated_by","external_id","active","coupon_name","product_id","coupon_id","campaign_id","start_time","end_time","delivery_types","coupon_fulfilled_by","parent_transaction_total","id","created_at","created_by","updated_at","updated_by","attribute_key","attribute_value","product_coupon_id","id","created_at","created_by","updated_at","updated_by","external_id","base_price","currency","image_url","manufacturer_id","meta_description","meta_keywords","name","thumbnail_url","type","source","display","status","max_retail_price","min_price","popularity","min_allowable_price","max_allowable_price","take_rate","sponsored","sponsorship_start_date","sponsorship_end_date","sponsorship_active","allowed_dosages","images","connect_sku","is_promotion_parent","tax_enabled","is_single_price","selling_price","default_recommended_price","principal_id","principal_business_unit_id"
1,"2023-03-15 10:42:37",CC Token,"2023-03-15 10:42:37",CC Token,f1f0e93c-9737-4859-944a-af38b6fd7221,"0",APPCDAPR,76152,4780663,3181,"2023-03-20 00:00:00","2023-04-19 23:59:00",,,,1,"2023-03-15 10:42:37",CC Token,"2023-03-15 10:43:07",CC Token,update_status_coupon_start_time_task_id,"688fd77d-e8a7-4416-b566-bd6b07ef43fa",1,76152,"2023-03-10 15:07:15",Dev,"2025-07-25 02:11:16",SELF,"05e4c515-e349-41e0-ab83-f3232804b3c1",113100.00,IDR,https://d2qjkwm11akmwu.cloudfront.net/products/640265_26-3-2023_23-11-42.png,875,"Temukan informasi lengkap Kingvit 10 Kaplet di Halodoc. Beli Kingvit 10 Kaplet 1 Jam Sampai, Dikirim dari Apotek Tepercaya, Buka 24 Jam*","20250408, kingvit, vitamin, daya tahan tubuh, gluthatione, glutation,Becom Z [[hdmoms]], HL-Non Injection  [[hdcoin]] [[produkpasutri]] [[crmvitpria]] [[hdvitpria]] [[paketpriawanita]] [[annivvitaminkeluarga]]",Kingvit 10 Kaplet,https://d2qjkwm11akmwu.cloudfront.net/thumbnails/729264_26-3-2023_23-11-49.png,medicine,b2c,1,active,113100.00,113100.00,0.03,83000.00,113100.00,0.10,0,,,,"[""tablet""]","[{""type"":""thumbnail_url"",""extension"":""webp"",""url"":""https://d2qjkwm11akmwu.cloudfront.net/thumbnails/729264_26-3-2023_23-11-49.webp""},{""type"":""image_url"",""extension"":""png"",""url"":""https://d2qjkwm11akmwu.cloudfront.net/products/640265_26-3-2023_23-11-42.png""},{""type"":""image_url"",""extension"":""webp"",""url"":""https://d2qjkwm11akmwu.cloudfront.net/products/640265_26-3-2023_23-11-42.webp""},{""type"":""thumbnail_url"",""extension"":""png"",""url"":""https://d2qjkwm11akmwu.cloudfront.net/thumbnails/729264_26-3-2023_23-11-49.png""}]",,0,1,1,113100.00,109700.00,,
1,"2023-03-15 10:42:37",CC Token,"2023-03-15 10:42:37",CC Token,f1f0e93c-9737-4859-944a-af38b6fd7221,"0",APPCDAPR,76152,4780663,3181,"2023-03-20 00:00:00","2023-04-19 23:59:00",,,,2,"2023-03-15 10:42:37",CC Token,"2023-03-26 23:11:53",CC Token,update_status_coupon_end_time_task_id,c2c48a3c-f709-4b53-b3c9-d2e670173972,1,76152,"2023-03-10 15:07:15",Dev,"2025-07-25 02:11:16",SELF,"05e4c515-e349-41e0-ab83-f3232804b3c1",113100.00,IDR,https://d2qjkwm11akmwu.cloudfront.net/products/640265_26-3-2023_23-11-42.png,875,"Temukan informasi lengkap Kingvit 10 Kaplet di Halodoc. Beli Kingvit 10 Kaplet 1 Jam Sampai, Dikirim dari Apotek Tepercaya, Buka 24 Jam*","20250408, kingvit, vitamin, daya tahan tubuh, gluthatione, glutation,Becom Z [[hdmoms]], HL-Non Injection  [[hdcoin]] [[produkpasutri]] [[crmvitpria]] [[hdvitpria]] [[paketpriawanita]] [[annivvitaminkeluarga]]",Kingvit 10 Kaplet,https://d2qjkwm11akmwu.cloudfront.net/thumbnails/729264_26-3-2023_23-11-49.png,medicine,b2c,1,active,113100.00,113100.00,0.03,83000.00,113100.00,0.10,0,,,,"[""tablet""]","[{""type"":""thumbnail_url"",""extension"":""webp"",""url"":""https://d2qjkwm11akmwu.cloudfront.net/thumbnails/729264_26-3-2023_23-11-49.webp""},{""type"":""image_url"",""extension"":""png"",""url"":""https://d2qjkwm11akmwu.cloudfront.net/products/640265_26-3-2023_23-11-42.png""},{""type"":""image_url"",""extension"":""webp"",""url"":""https://d2qjkwm11akmwu.cloudfront.net/products/640265_26-3-2023_23-11-42.webp""},{""type"":""thumbnail_url"",""extension"":""png"",""url"":""https://d2qjkwm11akmwu.cloudfront.net/thumbnails/729264_26-3-2023_23-11-49.png""}]",,0,1,1,113100.00,109700.00,,
2,"2023-03-17 15:12:15",Dev,"2023-03-21 23:59:00",Dev,"9bac3869-30be-4e46-83bd-10f77c2f6270","0",TESTING2,42528,4811733,3320,"2023-03-17 00:00:00","2023-03-21 23:59:00",delayed_instant,"b44c5b7e-b844-4105-acb8-858aaca5f8d8,ba7166a7-537a-4cfc-a27a-6642dd6764d8,484583cd-a5cc-40c6-bf9d-31ca6038400a",0.00,3,"2023-03-17 15:12:15",Dev,"2023-03-21 17:47:23",SELF,update_status_coupon_end_time_task_id,"40076f9b-861c-4492-b312-69325e4133db",2,42528,"2020-07-03 13:12:23",Dev,"2025-07-25 02:11:31",SELF,c2f97a3c-9b65-4b79-bf19-9e323f5db25a,389000.00,IDR,https://d2qjkwm11akmwu.cloudfront.net/products/22485_8-5-2023_13-57-38.png,19,"CHOLESTAT 20 MG 30 TABLET - OBAT RUTIN. Informasi terlengkap tentang. Komposisi, Fungsi, Kegunaan, Ulasan, Efek Samping, Indikasi, Aturan Pakai, dan Dosis.","20250513, Obat-NCD, Obat rutin NCD, Routine medicines [Heart Diseases],   ||ETHICAL PRODUCT",Cholestat 20 mg 3 Strip (10 Tablet/Strip) - Obat Rutin,https://d2qjkwm11akmwu.cloudfront.net/thumbnails/377215_8-5-2023_13-57-45.png,medicine,b2c,1,active,460500.00,289300.00,0.00,280000.00,389000.00,0.09,0,,,,"[""tablet""]","[{""type"":""thumbnail_url"",""extension"":""png"",""url"":""https://d2qjkwm11akmwu.cloudfront.net/thumbnails/377215_8-5-2023_13-57-45.png""},{""type"":""thumbnail_url"",""extension"":""webp"",""url"":""https://d2qjkwm11akmwu.cloudfront.net/thumbnails/377215_8-5-2023_13-57-45.webp""},{""type"":""image_url"",""extension"":""png"",""url"":""https://d2qjkwm11akmwu.cloudfront.net/products/22485_8-5-2023_13-57-38.png""},{""type"":""image_url"",""extension"":""webp"",""url"":""https://d2qjkwm11akmwu.cloudfront.net/products/22485_8-5-2023_13-57-38.webp""}]","5ee405d3-a4e0-4be3-b718-a4ed78dbaf1c",0,1,0,0.00,0.00,,
3,"2023-03-17 15:12:15",Dev,"2023-03-21 23:59:00",Dev,"96efb8eb-e19d-4cdc-b722-a6f5e3e4a797","0",TESTING1,42533,4811766,3320,"2023-03-17 00:00:00","2023-03-21 23:59:00",delayed_instant,"b44c5b7e-b844-4105-acb8-858aaca5f8d8,ba7166a7-537a-4cfc-a27a-6642dd6764d8,484583cd-a5cc-40c6-bf9d-31ca6038400a",0.00,4,"2023-03-17 15:12:16",Dev,"2023-03-21 11:24:03",SELF,update_status_coupon_end_time_task_id,"78b069da-7e6f-43f0-9436-18219909ebdc",3,42533,"2020-07-03 13:12:25",Dev,"2025-07-14 02:06:47",SELF,"452b62eb-fb78-4850-adcf-0caf03996b39",73100.00,IDR,https://d2qjkwm11akmwu.cloudfront.net/products/845804_10-5-2023_14-32-28.png,98,"DIAVERSA 2 MG 30 TABLET - OBAT RUTIN. Informasi terlengkap tentang. Komposisi, Fungsi, Kegunaan, Ulasan, Efek Samping, Indikasi, Aturan Pakai, dan Dosis.","20250116, QAT-0721, Obat rutin NCD, Routine medicines [Diabetes] ||ETHICAL PRODUCT ||NCD [[hargapastiobatrutin]] [[obatrutingaspol]] [[wdd2023]]",Diaversa 2 mg 3 Strip (10 Tablet/Strip) - Obat Rutin,https://d2qjkwm11akmwu.cloudfront.net/thumbnails/693929_10-5-2023_14-32-37.png,medicine,b2c,1,active,96000.00,55400.00,0.00,39000.00,75300.00,0.09,0,,,,"[""tablet""]","[{""type"":""thumbnail_url"",""extension"":""png"",""url"":""https://d2qjkwm11akmwu.cloudfront.net/thumbnails/693929_10-5-2023_14-32-37.png""},{""type"":""image_url"",""extension"":""png"",""url"":""https://d2qjkwm11akmwu.cloudfront.net/products/845804_10-5-2023_14-32-28.png""},{""type"":""thumbnail_url"",""extension"":""webp"",""url"":""https://d2qjkwm11akmwu.cloudfront.net/thumbnails/693929_10-5-2023_14-32-37.webp""},{""type"":""image_url"",""extension"":""webp"",""url"":""https://d2qjkwm11akmwu.cloudfront.net/products/845804_10-5-2023_14-32-28.webp""}]",ca798782-2a85-4816-807b-2eb187a77a65,0,1,0,0.00,0.00,,
4,"2023-03-17 15:12:16",Dev,"2023-03-21 23:59:01",Dev,"60380a64-fd8c-4b40-a4f1-8fee102297af","0",TESTING1,37459,4811766,3320,"2023-03-17 00:00:00","2023-03-21 23:59:00",delayed_instant,"b44c5b7e-b844-4105-acb8-858aaca5f8d8,ba7166a7-537a-4cfc-a27a-6642dd6764d8,484583cd-a5cc-40c6-bf9d-31ca6038400a",0.00,5,"2023-03-17 15:12:16",Dev,"2023-03-21 11:24:03",SELF,update_status_coupon_end_time_task_id,d9ee0add-469f-4cd1-92b7-3d2db0ebf43b,4,37459,"2020-04-05 18:16:52",Dev,"2025-07-25 02:05:41",SELF,"3dd41e43-b0dc-44e7-b4af-d6e57e5bbf9d",516000.00,IDR,https://d2qjkwm11akmwu.cloudfront.net/products/838794_5-5-2023_16-23-56.png,218,"Informasi terlengkap tentang CO-DIOVAN 160 MG/12.5 MG 28 TABLET - OBAT RUTIN. Komposisi, Fungsi, Kegunaan, Ulasan, Efek Samping, Indikasi, Aturan Pakai, dan Dosis.","20250527, Obat rutin NCD, Routine medicines [Hypertension] ||ETHICAL PRODUCT ||NCD",Co-Diovan 160 mg/12.5 mg 2 Strip (14 Tablet/Strip) - Obat Rutin,https://d2qjkwm11akmwu.cloudfront.net/thumbnails/228106_5-5-2023_16-24-6.png,medicine,b2c,1,active,621600.00,440100.00,0.00,293254.00,531500.00,0.05,0,"2020-04-06 22:03:33","2020-04-06 22:03:33",0,"[""tablet""]","[{""type"":""thumbnail_url"",""extension"":""png"",""url"":""https://d2qjkwm11akmwu.cloudfront.net/thumbnails/228106_5-5-2023_16-24-6.png""},{""type"":""thumbnail_url"",""extension"":""webp"",""url"":""https://d2qjkwm11akmwu.cloudfront.net/thumbnails/228106_5-5-2023_16-24-6.webp""},{""type"":""image_url"",""extension"":""webp"",""url"":""https://d2qjkwm11akmwu.cloudfront.net/products/838794_5-5-2023_16-23-56.webp""},{""type"":""image_url"",""extension"":""png"",""url"":""https://d2qjkwm11akmwu.cloudfront.net/products/838794_5-5-2023_16-23-56.png""}]","01d5ab72-e9a8-433a-94bf-6b8f3830df83",0,1,0,0.00,0.00,,
5,"2023-03-20 16:56:20",Dev,"2023-03-21 23:59:01",Dev,fc4e8b04-ef40-4be3-995e-e9bffa0ac59e,"0",TESTING2,44487,4811733,3320,"2023-03-17 00:00:00","2023-03-21 23:59:00",delayed_instant,"b44c5b7e-b844-4105-acb8-858aaca5f8d8,ba7166a7-537a-4cfc-a27a-6642dd6764d8,484583cd-a5cc-40c6-bf9d-31ca6038400a",0.00,6,"2023-03-20 16:56:20",Dev,"2023-03-21 17:47:23",SELF,update_status_coupon_end_time_task_id,d2d62182-41df-4482-97c9-e5d6515acd01,5,44487,"2020-10-28 14:52:39",Dev,"2025-07-25 02:06:39",SELF,"20694003-2d8a-4203-b121-6bcfe91694d4",69400.00,IDR,https://d2qjkwm11akmwu.cloudfront.net/products/294603_8-4-2025_14-14-40.png,381,"Informasi terlengkap tentang Hansaplast Kain Elastis 10 Pack (@ 10 Lembar) - Hemat Borongan . Komposisi, Fungsi, Kegunaan, Ulasan, Efek Samping, Indikasi, Aturan Pakai, dan Dosis.","20250213,20240424*",Hansaplast Kain Elastis 10 Pack (10 Pieces/Pack) - Hemat Borongan,https://d2qjkwm11akmwu.cloudfront.net/thumbnails/215664_8-4-2025_14-14-56.png,medicine,b2c,1,active,69400.00,69400.00,0.01,30000.00,69400.00,0.05,0,,,,"[""sheets"",""patch""]","[{""type"":""image_url"",""extension"":""png"",""url"":""https://d2qjkwm11akmwu.cloudfront.net/products/294603_8-4-2025_14-14-40.png""},{""type"":""thumbnail_url"",""extension"":""png"",""url"":""https://d2qjkwm11akmwu.cloudfront.net/thumbnails/215664_8-4-2025_14-14-56.png""},{""type"":""thumbnail_url"",""extension"":""webp"",""url"":""https://d2qjkwm11akmwu.cloudfront.net/thumbnails/215664_8-4-2025_14-14-56.webp""},{""type"":""image_url"",""extension"":""webp"",""url"":""https://d2qjkwm11akmwu.cloudfront.net/products/294603_8-4-2025_14-14-40.webp""}]","1b961478-184d-41fa-9644-63413031d38f",0,1,1,69400.00,67400.00,,
6,"2023-04-03 12:12:53",Dev,"2024-08-10 00:23:22",CC Token,ee3616d6-18df-4fe6-89e0-334463d94556,"0",BISAGRATISONGKIR,37470,4812746,3360,"2023-04-03 13:00:00","2023-12-31 23:59:00",delayed_instant,"376708cf-e01e-4620-a5cf-54b9a1588316,1963798f-8e06-4aa0-bda9-eb794e85a3ee,b44c5b7e-b844-4105-acb8-858aaca5f8d8,49c1f3e0-4252-48c7-a007-8fd58e0fce42,217d7de6-0412-4ebc-96df-2d8cfddd99e0,59c8f490-a9f0-497f-97e5-a0b175c23168,7e56512f-c4ed-490b-be84-d2fd21b1180c,ed1ac092-8663-42e2-96d1-d2af62267ad4,a561bd82-f0ef-45dd-bb79-85c5b0f00fc2,ba7166a7-537a-4cfc-a27a-6642dd6764d8,07c03415-0d69-4c43-bc4a-d8a9ee0e3c7e,d7dbdc3c-0b3c-4be4-80eb-daad1e3dedd5,bfa2728f-1c97-4335-8547-1df04059a35b,de59f903-d42f-4640-92b5-0b8415bd7e1b,535d9556-fd19-468f-850b-5b01bff28c15,c1b2332b-644c-44a2-a878-0bf9c37e29b1,c21968b7-cc5a-43f8-8e33-552d89ce5846,ef63202b-ae39-4645-b570-c72ea02b7412,37eb40ff-cce3-4de6-b839-9cb5445a470f,74fcb9d1-a7b7-4672-ac7f-a1b62d8912a0,7976b31b-63fb-401e-87cc-c6e81ee7b5fd,2d190978-db01-4027-8b05-bb7e16aa524f,484583cd-a5cc-40c6-bf9d-31ca6038400a,eac848f9-b84c-44f8-85b7-faaa345a11e2",0.00,7,"2023-04-03 12:12:54",Dev,"2023-04-03 12:12:54",Dev,update_status_coupon_start_time_task_id,"4452cfd5-f56c-4ba1-a579-3e06d2a15d1c",6,37470,"2020-04-05 18:16:54",Dev,"2025-07-25 02:05:42",SELF,"960b5cba-9ee0-4303-9772-0ecc609782b0",844700.00,IDR,https://d2qjkwm11akmwu.cloudfront.net/products/409860_18-7-2023_17-17-55.png,239,"Temukan informasi lengkap CPG 75 mg 3 Strip (10 Tablet/Strip) - Obat Rutin di Halodoc. Beli CPG 75 mg 3 Strip (10 Tablet/Strip) - Obat Rutin 1 Jam Sampai, Dikirim dari Apotek Tepercaya, Buka 24 Jam*","20250527, QAT-0920, Obat rutin NCD, Routine medicines, Subscriptions, Subscription, Langganan [Heart Diseases] ||ETHICAL PRODUCT ||NCD ||T1K, ||T2K, ||T3K [[gratis ongkir]] [[bisagratisongkir]][[ncdgratisongkir]] [[bisagratisongkir]] [[pastigratisongkir]] [[orangtuasehat2]] [[obatrutingaspol]] [[hemborotc]][[puasancd]][[ncdpilihan]] [[ncdpilihan]] [[ncdjantung]] [[gaspoljantung]],[[puasancd]]",CPG 75 mg 3 Strip (10 Tablet/Strip) - Obat Rutin,https://d2qjkwm11akmwu.cloudfront.net/thumbnails/233557_18-7-2023_17-18-2.png,medicine,b2c,1,active,937800.00,227300.00,0.00,220000.00,759400.00,0.09,0,"2020-04-06 22:03:35","2020-04-06 22:03:35",0,"[""tablet""]","[{""type"":""image_url"",""extension"":""webp"",""url"":""https://d2qjkwm11akmwu.cloudfront.net/products/409860_18-7-2023_17-17-55.webp""},{""type"":""thumbnail_url"",""extension"":""png"",""url"":""https://d2qjkwm11akmwu.cloudfront.net/thumbnails/233557_18-7-2023_17-18-2.png""},{""type"":""image_url"",""extension"":""png"",""url"":""https://d2qjkwm11akmwu.cloudfront.net/products/409860_18-7-2023_17-17-55.png""},{""type"":""thumbnail_url"",""extension"":""webp"",""url"":""https://d2qjkwm11akmwu.cloudfront.net/thumbnails/233557_18-7-2023_17-18-2.webp""}]","22cd3cd8-b300-429e-87e5-f5a179c9a9fe",0,1,0,0.00,0.00,,
6,"2023-04-03 12:12:53",Dev,"2024-08-10 00:23:22",CC Token,ee3616d6-18df-4fe6-89e0-334463d94556,"0",BISAGRATISONGKIR,37470,4812746,3360,"2023-04-03 13:00:00","2023-12-31 23:59:00",delayed_instant,"376708cf-e01e-4620-a5cf-54b9a1588316,1963798f-8e06-4aa0-bda9-eb794e85a3ee,b44c5b7e-b844-4105-acb8-858aaca5f8d8,49c1f3e0-4252-48c7-a007-8fd58e0fce42,217d7de6-0412-4ebc-96df-2d8cfddd99e0,59c8f490-a9f0-497f-97e5-a0b175c23168,7e56512f-c4ed-490b-be84-d2fd21b1180c,ed1ac092-8663-42e2-96d1-d2af62267ad4,a561bd82-f0ef-45dd-bb79-85c5b0f00fc2,ba7166a7-537a-4cfc-a27a-6642dd6764d8,07c03415-0d69-4c43-bc4a-d8a9ee0e3c7e,d7dbdc3c-0b3c-4be4-80eb-daad1e3dedd5,bfa2728f-1c97-4335-8547-1df04059a35b,de59f903-d42f-4640-92b5-0b8415bd7e1b,535d9556-fd19-468f-850b-5b01bff28c15,c1b2332b-644c-44a2-a878-0bf9c37e29b1,c21968b7-cc5a-43f8-8e33-552d89ce5846,ef63202b-ae39-4645-b570-c72ea02b7412,37eb40ff-cce3-4de6-b839-9cb5445a470f,74fcb9d1-a7b7-4672-ac7f-a1b62d8912a0,7976b31b-63fb-401e-87cc-c6e81ee7b5fd,2d190978-db01-4027-8b05-bb7e16aa524f,484583cd-a5cc-40c6-bf9d-31ca6038400a,eac848f9-b84c-44f8-85b7-faaa345a11e2",0.00,8,"2023-04-03 12:12:54",Dev,"2023-07-18 17:18:06",CC Token,update_status_coupon_end_time_task_id,efde77b0-c288-4667-be75-42c257c4579c,6,37470,"2020-04-05 18:16:54",Dev,"2025-07-25 02:05:42",SELF,"960b5cba-9ee0-4303-9772-0ecc609782b0",844700.00,IDR,https://d2qjkwm11akmwu.cloudfront.net/products/409860_18-7-2023_17-17-55.png,239,"Temukan informasi lengkap CPG 75 mg 3 Strip (10 Tablet/Strip) - Obat Rutin di Halodoc. Beli CPG 75 mg 3 Strip (10 Tablet/Strip) - Obat Rutin 1 Jam Sampai, Dikirim dari Apotek Tepercaya, Buka 24 Jam*","20250527, QAT-0920, Obat rutin NCD, Routine medicines, Subscriptions, Subscription, Langganan [Heart Diseases] ||ETHICAL PRODUCT ||NCD ||T1K, ||T2K, ||T3K [[gratis ongkir]] [[bisagratisongkir]][[ncdgratisongkir]] [[bisagratisongkir]] [[pastigratisongkir]] [[orangtuasehat2]] [[obatrutingaspol]] [[hemborotc]][[puasancd]][[ncdpilihan]] [[ncdpilihan]] [[ncdjantung]] [[gaspoljantung]],[[puasancd]]",CPG 75 mg 3 Strip (10 Tablet/Strip) - Obat Rutin,https://d2qjkwm11akmwu.cloudfront.net/thumbnails/233557_18-7-2023_17-18-2.png,medicine,b2c,1,active,937800.00,227300.00,0.00,220000.00,759400.00,0.09,0,"2020-04-06 22:03:35","2020-04-06 22:03:35",0,"[""tablet""]","[{""type"":""image_url"",""extension"":""webp"",""url"":""https://d2qjkwm11akmwu.cloudfront.net/products/409860_18-7-2023_17-17-55.webp""},{""type"":""thumbnail_url"",""extension"":""png"",""url"":""https://d2qjkwm11akmwu.cloudfront.net/thumbnails/233557_18-7-2023_17-18-2.png""},{""type"":""image_url"",""extension"":""png"",""url"":""https://d2qjkwm11akmwu.cloudfront.net/products/409860_18-7-2023_17-17-55.png""},{""type"":""thumbnail_url"",""extension"":""webp"",""url"":""https://d2qjkwm11akmwu.cloudfront.net/thumbnails/233557_18-7-2023_17-18-2.webp""}]","22cd3cd8-b300-429e-87e5-f5a179c9a9fe",0,1,0,0.00,0.00,,
7,"2023-04-03 12:12:54",Dev,"2024-07-22 12:19:01",CC Token,a0f7b978-1b37-4953-97d4-48bfee7f6333,"0",BISAGRATISONGKIR,37471,4812746,3360,"2023-04-03 13:00:00","2023-12-31 23:59:00",delayed_instant,"376708cf-e01e-4620-a5cf-54b9a1588316,1963798f-8e06-4aa0-bda9-eb794e85a3ee,b44c5b7e-b844-4105-acb8-858aaca5f8d8,49c1f3e0-4252-48c7-a007-8fd58e0fce42,217d7de6-0412-4ebc-96df-2d8cfddd99e0,59c8f490-a9f0-497f-97e5-a0b175c23168,7e56512f-c4ed-490b-be84-d2fd21b1180c,ed1ac092-8663-42e2-96d1-d2af62267ad4,a561bd82-f0ef-45dd-bb79-85c5b0f00fc2,ba7166a7-537a-4cfc-a27a-6642dd6764d8,07c03415-0d69-4c43-bc4a-d8a9ee0e3c7e,d7dbdc3c-0b3c-4be4-80eb-daad1e3dedd5,bfa2728f-1c97-4335-8547-1df04059a35b,de59f903-d42f-4640-92b5-0b8415bd7e1b,535d9556-fd19-468f-850b-5b01bff28c15,c1b2332b-644c-44a2-a878-0bf9c37e29b1,c21968b7-cc5a-43f8-8e33-552d89ce5846,ef63202b-ae39-4645-b570-c72ea02b7412,37eb40ff-cce3-4de6-b839-9cb5445a470f,74fcb9d1-a7b7-4672-ac7f-a1b62d8912a0,7976b31b-63fb-401e-87cc-c6e81ee7b5fd,2d190978-db01-4027-8b05-bb7e16aa524f,484583cd-a5cc-40c6-bf9d-31ca6038400a,eac848f9-b84c-44f8-85b7-faaa345a11e2",0.00,9,"2023-04-03 12:12:55",Dev,"2023-04-03 12:12:55",Dev,update_status_coupon_start_time_task_id,a27d6c41-747f-418d-a36b-42685e1f1a14,7,37471,"2020-04-05 18:16:55",Dev,"2025-07-25 02:05:42",SELF,b134162a-2dd1-4741-b181-ec2202a217d8,856400.00,IDR,https://d2qjkwm11akmwu.cloudfront.net/products/334501_18-7-2023_17-20-4.png,196,"Temukan informasi lengkap Crestor 10 mg 2 Strip (15 Tablet/Strip) - Obat Rutin di Halodoc. Beli Crestor 10 mg 2 Strip (15 Tablet/Strip) - Obat Rutin 1 Jam Sampai, Dikirim dari Apotek Tepercaya, Buka 24 Jam*","20250602, Obat rutin NCD, Routine medicines, ?Subscriptions, Subscription, Langganan [Heart Diseases] ||ETHICAL PRODUCT ||NCD [[untukjantungsehat]] [[obatrutincaregiver]] ||T1K, ||T2K, ||T3K [[gratis ongkir]] [[bisagratisongkir]][[ncdgratisongkir]] [[bisagratisongkir]] [[pastigratisongkir]] [[orangtuasehat2]] [[obatrutingaspol]] [[hemborotc]][[ncdpilihan]] [[ncdpilihan]] [[ncdjantung]] [[gaspoljantung]],[[puasancd]]",Crestor 10 mg 2 Strip (15 Tablet/Strip) - Obat Rutin,https://d2qjkwm11akmwu.cloudfront.net/thumbnails/476164_18-7-2023_17-20-11.png,medicine,b2c,1,active,994800.00,856400.00,0.01,490000.00,856400.00,0.09,0,"2020-04-06 22:03:35","2020-04-06 22:03:35",0,"[""tablet""]","[{""type"":""image_url"",""extension"":""png"",""url"":""https://d2qjkwm11akmwu.cloudfront.net/products/334501_18-7-2023_17-20-4.png""},{""type"":""image_url"",""extension"":""webp"",""url"":""https://d2qjkwm11akmwu.cloudfront.net/products/334501_18-7-2023_17-20-4.webp""},{""type"":""thumbnail_url"",""extension"":""png"",""url"":""https://d2qjkwm11akmwu.cloudfront.net/thumbnails/476164_18-7-2023_17-20-11.png""},{""type"":""thumbnail_url"",""extension"":""webp"",""url"":""https://d2qjkwm11akmwu.cloudfront.net/thumbnails/476164_18-7-2023_17-20-11.webp""}]","48c2e02c-8065-4de8-ae4d-45ed0dd8575c",0,1,1,856400.00,831400.00,,
7,"2023-04-03 12:12:54",Dev,"2024-07-22 12:19:01",CC Token,a0f7b978-1b37-4953-97d4-48bfee7f6333,"0",BISAGRATISONGKIR,37471,4812746,3360,"2023-04-03 13:00:00","2023-12-31 23:59:00",delayed_instant,"376708cf-e01e-4620-a5cf-54b9a1588316,1963798f-8e06-4aa0-bda9-eb794e85a3ee,b44c5b7e-b844-4105-acb8-858aaca5f8d8,49c1f3e0-4252-48c7-a007-8fd58e0fce42,217d7de6-0412-4ebc-96df-2d8cfddd99e0,59c8f490-a9f0-497f-97e5-a0b175c23168,7e56512f-c4ed-490b-be84-d2fd21b1180c,ed1ac092-8663-42e2-96d1-d2af62267ad4,a561bd82-f0ef-45dd-bb79-85c5b0f00fc2,ba7166a7-537a-4cfc-a27a-6642dd6764d8,07c03415-0d69-4c43-bc4a-d8a9ee0e3c7e,d7dbdc3c-0b3c-4be4-80eb-daad1e3dedd5,bfa2728f-1c97-4335-8547-1df04059a35b,de59f903-d42f-4640-92b5-0b8415bd7e1b,535d9556-fd19-468f-850b-5b01bff28c15,c1b2332b-644c-44a2-a878-0bf9c37e29b1,c21968b7-cc5a-43f8-8e33-552d89ce5846,ef63202b-ae39-4645-b570-c72ea02b7412,37eb40ff-cce3-4de6-b839-9cb5445a470f,74fcb9d1-a7b7-4672-ac7f-a1b62d8912a0,7976b31b-63fb-401e-87cc-c6e81ee7b5fd,2d190978-db01-4027-8b05-bb7e16aa524f,484583cd-a5cc-40c6-bf9d-31ca6038400a,eac848f9-b84c-44f8-85b7-faaa345a11e2",0.00,10,"2023-04-03 12:12:55",Dev,"2023-07-18 17:20:17",CC Token,update_status_coupon_end_time_task_id,d46450f3-139f-4283-a936-b8b10e962197,7,37471,"2020-04-05 18:16:55",Dev,"2025-07-25 02:05:42",SELF,b134162a-2dd1-4741-b181-ec2202a217d8,856400.00,IDR,https://d2qjkwm11akmwu.cloudfront.net/products/334501_18-7-2023_17-20-4.png,196,"Temukan informasi lengkap Crestor 10 mg 2 Strip (15 Tablet/Strip) - Obat Rutin di Halodoc. Beli Crestor 10 mg 2 Strip (15 Tablet/Strip) - Obat Rutin 1 Jam Sampai, Dikirim dari Apotek Tepercaya, Buka 24 Jam*","20250602, Obat rutin NCD, Routine medicines, ?Subscriptions, Subscription, Langganan [Heart Diseases] ||ETHICAL PRODUCT ||NCD [[untukjantungsehat]] [[obatrutincaregiver]] ||T1K, ||T2K, ||T3K [[gratis ongkir]] [[bisagratisongkir]][[ncdgratisongkir]] [[bisagratisongkir]] [[pastigratisongkir]] [[orangtuasehat2]] [[obatrutingaspol]] [[hemborotc]][[ncdpilihan]] [[ncdpilihan]] [[ncdjantung]] [[gaspoljantung]],[[puasancd]]",Crestor 10 mg 2 Strip (15 Tablet/Strip) - Obat Rutin,https://d2qjkwm11akmwu.cloudfront.net/thumbnails/476164_18-7-2023_17-20-11.png,medicine,b2c,1,active,994800.00,856400.00,0.01,490000.00,856400.00,0.09,0,"2020-04-06 22:03:35","2020-04-06 22:03:35",0,"[""tablet""]","[{""type"":""image_url"",""extension"":""png"",""url"":""https://d2qjkwm11akmwu.cloudfront.net/products/334501_18-7-2023_17-20-4.png""},{""type"":""image_url"",""extension"":""webp"",""url"":""https://d2qjkwm11akmwu.cloudfront.net/products/334501_18-7-2023_17-20-4.webp""},{""type"":""thumbnail_url"",""extension"":""png"",""url"":""https://d2qjkwm11akmwu.cloudfront.net/thumbnails/476164_18-7-2023_17-20-11.png""},{""type"":""thumbnail_url"",""extension"":""webp"",""url"":""https://d2qjkwm11akmwu.cloudfront.net/thumbnails/476164_18-7-2023_17-20-11.webp""}]","48c2e02c-8065-4de8-ae4d-45ed0dd8575c",0,1,1,856400.00,831400.00,,
8,"2023-04-03 12:12:55",Dev,"2024-07-22 12:20:59",CC Token,"058080de-1aa2-4aea-ae90-e8309d62913e","0",BISAGRATISONGKIR,37472,4812746,3360,"2023-04-03 13:00:00","2023-12-31 23:59:00",delayed_instant,"376708cf-e01e-4620-a5cf-54b9a1588316,1963798f-8e06-4aa0-bda9-eb794e85a3ee,b44c5b7e-b844-4105-acb8-858aaca5f8d8,49c1f3e0-4252-48c7-a007-8fd58e0fce42,217d7de6-0412-4ebc-96df-2d8cfddd99e0,59c8f490-a9f0-497f-97e5-a0b175c23168,7e56512f-c4ed-490b-be84-d2fd21b1180c,ed1ac092-8663-42e2-96d1-d2af62267ad4,a561bd82-f0ef-45dd-bb79-85c5b0f00fc2,ba7166a7-537a-4cfc-a27a-6642dd6764d8,07c03415-0d69-4c43-bc4a-d8a9ee0e3c7e,d7dbdc3c-0b3c-4be4-80eb-daad1e3dedd5,bfa2728f-1c97-4335-8547-1df04059a35b,de59f903-d42f-4640-92b5-0b8415bd7e1b,535d9556-fd19-468f-850b-5b01bff28c15,c1b2332b-644c-44a2-a878-0bf9c37e29b1,c21968b7-cc5a-43f8-8e33-552d89ce5846,ef63202b-ae39-4645-b570-c72ea02b7412,37eb40ff-cce3-4de6-b839-9cb5445a470f,74fcb9d1-a7b7-4672-ac7f-a1b62d8912a0,7976b31b-63fb-401e-87cc-c6e81ee7b5fd,2d190978-db01-4027-8b05-bb7e16aa524f,484583cd-a5cc-40c6-bf9d-31ca6038400a,eac848f9-b84c-44f8-85b7-faaa345a11e2",0.00,11,"2023-04-03 12:12:55",Dev,"2023-04-03 12:12:55",Dev,update_status_coupon_start_time_task_id,"49c45381-08a8-4245-8aea-53569d785d06",8,37472,"2020-04-05 18:16:55",Dev,"2025-07-25 02:05:42",SELF,"0d3d64db-b614-48eb-9b73-c3d0fb5dd9ed",985200.00,IDR,https://d2qjkwm11akmwu.cloudfront.net/products/559934_18-7-2023_17-21-0.png,317,"Temukan informasi lengkap Crestor 20 mg 2 Strip (15 Tablet/Strip) - Obat Rutin di Halodoc. Beli Crestor 20 mg 2 Strip (15 Tablet/Strip) - Obat Rutin 1 Jam Sampai, Dikirim dari Apotek Tepercaya, Buka 24 Jam*","20250602, Obat rutin NCD, Routine medicines,Subscription, Subscriptions, Langganan [Heart Diseases] ||ETHICAL PRODUCT [[crmheart]] ||NCD [[untukjantungsehat]] [[obatrutincaregiver]] ||T1K, ||T2K, ||T3K [[gratis ongkir]] [[bisagratisongkir]][[ncdgratisongkir]] [[bisagratisongkir]] [[pastigratisongkir]] [[orangtuasehat2]] [[obatrutingaspol]] [[hemborotc]][[ncdpilihan]] [[ncdpilihan]] [[ncdjantung]] [[gaspoljantung]],[[puasancd]]",Crestor 20 mg 2 Strip (15 Tablet/Strip) - Obat Rutin,https://d2qjkwm11akmwu.cloudfront.net/thumbnails/789066_18-7-2023_17-21-8.png,medicine,b2c,1,active,1201800.00,985200.00,0.01,600000.00,985200.00,0.09,0,"2020-04-06 22:03:37","2020-04-06 22:03:37",0,"[""tablet""]","[{""type"":""thumbnail_url"",""extension"":""webp"",""url"":""https://d2qjkwm11akmwu.cloudfront.net/thumbnails/789066_18-7-2023_17-21-8.webp""},{""type"":""image_url"",""extension"":""png"",""url"":""https://d2qjkwm11akmwu.cloudfront.net/products/559934_18-7-2023_17-21-0.png""},{""type"":""image_url"",""extension"":""webp"",""url"":""https://d2qjkwm11akmwu.cloudfront.net/products/559934_18-7-2023_17-21-0.webp""},{""type"":""thumbnail_url"",""extension"":""png"",""url"":""https://d2qjkwm11akmwu.cloudfront.net/thumbnails/789066_18-7-2023_17-21-8.png""}]",fc24f4a6-0b58-44f3-aade-82e38441a074,0,1,1,985200.00,917100.00,,
8,"2023-04-03 12:12:55",Dev,"2024-07-22 12:20:59",CC Token,"058080de-1aa2-4aea-ae90-e8309d62913e","0",BISAGRATISONGKIR,37472,4812746,3360,"2023-04-03 13:00:00","2023-12-31 23:59:00",delayed_instant,"376708cf-e01e-4620-a5cf-54b9a1588316,1963798f-8e06-4aa0-bda9-eb794e85a3ee,b44c5b7e-b844-4105-acb8-858aaca5f8d8,49c1f3e0-4252-48c7-a007-8fd58e0fce42,217d7de6-0412-4ebc-96df-2d8cfddd99e0,59c8f490-a9f0-497f-97e5-a0b175c23168,7e56512f-c4ed-490b-be84-d2fd21b1180c,ed1ac092-8663-42e2-96d1-d2af62267ad4,a561bd82-f0ef-45dd-bb79-85c5b0f00fc2,ba7166a7-537a-4cfc-a27a-6642dd6764d8,07c03415-0d69-4c43-bc4a-d8a9ee0e3c7e,d7dbdc3c-0b3c-4be4-80eb-daad1e3dedd5,bfa2728f-1c97-4335-8547-1df04059a35b,de59f903-d42f-4640-92b5-0b8415bd7e1b,535d9556-fd19-468f-850b-5b01bff28c15,c1b2332b-644c-44a2-a878-0bf9c37e29b1,c21968b7-cc5a-43f8-8e33-552d89ce5846,ef63202b-ae39-4645-b570-c72ea02b7412,37eb40ff-cce3-4de6-b839-9cb5445a470f,74fcb9d1-a7b7-4672-ac7f-a1b62d8912a0,7976b31b-63fb-401e-87cc-c6e81ee7b5fd,2d190978-db01-4027-8b05-bb7e16aa524f,484583cd-a5cc-40c6-bf9d-31ca6038400a,eac848f9-b84c-44f8-85b7-faaa345a11e2",0.00,12,"2023-04-03 12:12:55",Dev,"2023-07-18 17:21:17",CC Token,update_status_coupon_end_time_task_id,"6543ddb6-f3f1-4f73-8e59-22a12cc0288d",8,37472,"2020-04-05 18:16:55",Dev,"2025-07-25 02:05:42",SELF,"0d3d64db-b614-48eb-9b73-c3d0fb5dd9ed",985200.00,IDR,https://d2qjkwm11akmwu.cloudfront.net/products/559934_18-7-2023_17-21-0.png,317,"Temukan informasi lengkap Crestor 20 mg 2 Strip (15 Tablet/Strip) - Obat Rutin di Halodoc. Beli Crestor 20 mg 2 Strip (15 Tablet/Strip) - Obat Rutin 1 Jam Sampai, Dikirim dari Apotek Tepercaya, Buka 24 Jam*","20250602, Obat rutin NCD, Routine medicines,Subscription, Subscriptions, Langganan [Heart Diseases] ||ETHICAL PRODUCT [[crmheart]] ||NCD [[untukjantungsehat]] [[obatrutincaregiver]] ||T1K, ||T2K, ||T3K [[gratis ongkir]] [[bisagratisongkir]][[ncdgratisongkir]] [[bisagratisongkir]] [[pastigratisongkir]] [[orangtuasehat2]] [[obatrutingaspol]] [[hemborotc]][[ncdpilihan]] [[ncdpilihan]] [[ncdjantung]] [[gaspoljantung]],[[puasancd]]",Crestor 20 mg 2 Strip (15 Tablet/Strip) - Obat Rutin,https://d2qjkwm11akmwu.cloudfront.net/thumbnails/789066_18-7-2023_17-21-8.png,medicine,b2c,1,active,1201800.00,985200.00,0.01,600000.00,985200.00,0.09,0,"2020-04-06 22:03:37","2020-04-06 22:03:37",0,"[""tablet""]","[{""type"":""thumbnail_url"",""extension"":""webp"",""url"":""https://d2qjkwm11akmwu.cloudfront.net/thumbnails/789066_18-7-2023_17-21-8.webp""},{""type"":""image_url"",""extension"":""png"",""url"":""https://d2qjkwm11akmwu.cloudfront.net/products/559934_18-7-2023_17-21-0.png""},{""type"":""image_url"",""extension"":""webp"",""url"":""https://d2qjkwm11akmwu.cloudfront.net/products/559934_18-7-2023_17-21-0.webp""},{""type"":""thumbnail_url"",""extension"":""png"",""url"":""https://d2qjkwm11akmwu.cloudfront.net/thumbnails/789066_18-7-2023_17-21-8.png""}]",fc24f4a6-0b58-44f3-aade-82e38441a074,0,1,1,985200.00,917100.00,,
9,"2023-04-03 12:12:55",Dev,"2023-07-17 16:38:41",SELF,"7510ad9f-64af-475c-b31c-f37795dbcdac","0",BISAGRATISONGKIR,37533,4812746,3360,"2023-04-03 13:00:00","2023-12-31 23:59:00",delayed_instant,"376708cf-e01e-4620-a5cf-54b9a1588316,b44c5b7e-b844-4105-acb8-858aaca5f8d8,49c1f3e0-4252-48c7-a007-8fd58e0fce42,ed1ac092-8663-42e2-96d1-d2af62267ad4,a561bd82-f0ef-45dd-bb79-85c5b0f00fc2,c1b2332b-644c-44a2-a878-0bf9c37e29b1,37eb40ff-cce3-4de6-b839-9cb5445a470f,74fcb9d1-a7b7-4672-ac7f-a1b62d8912a0,7976b31b-63fb-401e-87cc-c6e81ee7b5fd,484583cd-a5cc-40c6-bf9d-31ca6038400a,1963798f-8e06-4aa0-bda9-eb794e85a3ee,217d7de6-0412-4ebc-96df-2d8cfddd99e0,59c8f490-a9f0-497f-97e5-a0b175c23168,7e56512f-c4ed-490b-be84-d2fd21b1180c,ba7166a7-537a-4cfc-a27a-6642dd6764d8,07c03415-0d69-4c43-bc4a-d8a9ee0e3c7e,d7dbdc3c-0b3c-4be4-80eb-daad1e3dedd5,bfa2728f-1c97-4335-8547-1df04059a35b,de59f903-d42f-4640-92b5-0b8415bd7e1b,535d9556-fd19-468f-850b-5b01bff28c15,c21968b7-cc5a-43f8-8e33-552d89ce5846,ef63202b-ae39-4645-b570-c72ea02b7412,2d190978-db01-4027-8b05-bb7e16aa524f,eac848f9-b84c-44f8-85b7-faaa345a11e2",0.00,13,"2023-04-03 12:12:55",Dev,"2023-04-03 12:12:55",Dev,update_status_coupon_start_time_task_id,"7dae80fa-d371-4c95-9e76-3b16175dfa77",9,37533,"2020-04-05 18:17:08",Dev,"2025-07-25 02:05:44",SELF,f158d275-9c98-4ee7-926e-7932d4729277,800600.00,IDR,https://d2qjkwm11akmwu.cloudfront.net/products/245835_20-7-2023_9-49-25.png,561,"Informasi terlengkap tentang LIPITOR 40 MG 30 TABLET - OBAT RUTIN. Komposisi, Fungsi, Kegunaan, Ulasan, Efek Samping, Indikasi, Aturan Pakai, dan Dosis.","20250527, QAT-1121, Obat rutin NCD, Routine medicines, Subscriptions, Subscription, Langganan [Heart Diseases] ||ETHICAL PRODUCT ||NCD [[untukjantungsehat]] ||T1K, ||T2K, ||T3K [[gratis ongkir]] [[bisagratisongkir]] [[hargapastiobatrutin]][[ncdgratisongkir]] [[bisagratisongkir]] [[pastigratisongkir]] [[orangtuasehat2]] [[obatrutingaspol]] [[hemborotc]] [[gaspoljantung]]",Lipitor 40 mg 3 Strip (10 Tablet/Strip) - Obat Rutin,https://d2qjkwm11akmwu.cloudfront.net/thumbnails/102095_20-7-2023_9-49-29.png,medicine,b2c,1,active,910800.00,557900.00,0.00,540000.00,780500.00,0.09,0,"2020-04-06 22:03:49","2020-04-06 22:03:49",0,"[""tablet""]","[{""type"":""thumbnail_url"",""extension"":""png"",""url"":""https://d2qjkwm11akmwu.cloudfront.net/thumbnails/102095_20-7-2023_9-49-29.png""},{""type"":""thumbnail_url"",""extension"":""webp"",""url"":""https://d2qjkwm11akmwu.cloudfront.net/thumbnails/102095_20-7-2023_9-49-29.webp""},{""type"":""image_url"",""extension"":""webp"",""url"":""https://d2qjkwm11akmwu.cloudfront.net/products/245835_20-7-2023_9-49-25.webp""},{""type"":""image_url"",""extension"":""png"",""url"":""https://d2qjkwm11akmwu.cloudfront.net/products/245835_20-7-2023_9-49-25.png""}]",ded9e5b1-a2ba-483c-adbf-ccccbcea9cd5,0,1,0,0.00,0.00,,
9,"2023-04-03 12:12:55",Dev,"2023-07-17 16:38:41",SELF,"7510ad9f-64af-475c-b31c-f37795dbcdac","0",BISAGRATISONGKIR,37533,4812746,3360,"2023-04-03 13:00:00","2023-12-31 23:59:00",delayed_instant,"376708cf-e01e-4620-a5cf-54b9a1588316,b44c5b7e-b844-4105-acb8-858aaca5f8d8,49c1f3e0-4252-48c7-a007-8fd58e0fce42,ed1ac092-8663-42e2-96d1-d2af62267ad4,a561bd82-f0ef-45dd-bb79-85c5b0f00fc2,c1b2332b-644c-44a2-a878-0bf9c37e29b1,37eb40ff-cce3-4de6-b839-9cb5445a470f,74fcb9d1-a7b7-4672-ac7f-a1b62d8912a0,7976b31b-63fb-401e-87cc-c6e81ee7b5fd,484583cd-a5cc-40c6-bf9d-31ca6038400a,1963798f-8e06-4aa0-bda9-eb794e85a3ee,217d7de6-0412-4ebc-96df-2d8cfddd99e0,59c8f490-a9f0-497f-97e5-a0b175c23168,7e56512f-c4ed-490b-be84-d2fd21b1180c,ba7166a7-537a-4cfc-a27a-6642dd6764d8,07c03415-0d69-4c43-bc4a-d8a9ee0e3c7e,d7dbdc3c-0b3c-4be4-80eb-daad1e3dedd5,bfa2728f-1c97-4335-8547-1df04059a35b,de59f903-d42f-4640-92b5-0b8415bd7e1b,535d9556-fd19-468f-850b-5b01bff28c15,c21968b7-cc5a-43f8-8e33-552d89ce5846,ef63202b-ae39-4645-b570-c72ea02b7412,2d190978-db01-4027-8b05-bb7e16aa524f,eac848f9-b84c-44f8-85b7-faaa345a11e2",0.00,14,"2023-04-03 12:12:55",Dev,"2023-07-20 09:49:35",CC Token,update_status_coupon_end_time_task_id,c207ecf4-8829-4fa9-87cc-25a987943159,9,37533,"2020-04-05 18:17:08",Dev,"2025-07-25 02:05:44",SELF,f158d275-9c98-4ee7-926e-7932d4729277,800600.00,IDR,https://d2qjkwm11akmwu.cloudfront.net/products/245835_20-7-2023_9-49-25.png,561,"Informasi terlengkap tentang LIPITOR 40 MG 30 TABLET - OBAT RUTIN. Komposisi, Fungsi, Kegunaan, Ulasan, Efek Samping, Indikasi, Aturan Pakai, dan Dosis.","20250527, QAT-1121, Obat rutin NCD, Routine medicines, Subscriptions, Subscription, Langganan [Heart Diseases] ||ETHICAL PRODUCT ||NCD [[untukjantungsehat]] ||T1K, ||T2K, ||T3K [[gratis ongkir]] [[bisagratisongkir]] [[hargapastiobatrutin]][[ncdgratisongkir]] [[bisagratisongkir]] [[pastigratisongkir]] [[orangtuasehat2]] [[obatrutingaspol]] [[hemborotc]] [[gaspoljantung]]",Lipitor 40 mg 3 Strip (10 Tablet/Strip) - Obat Rutin,https://d2qjkwm11akmwu.cloudfront.net/thumbnails/102095_20-7-2023_9-49-29.png,medicine,b2c,1,active,910800.00,557900.00,0.00,540000.00,780500.00,0.09,0,"2020-04-06 22:03:49","2020-04-06 22:03:49",0,"[""tablet""]","[{""type"":""thumbnail_url"",""extension"":""png"",""url"":""https://d2qjkwm11akmwu.cloudfront.net/thumbnails/102095_20-7-2023_9-49-29.png""},{""type"":""thumbnail_url"",""extension"":""webp"",""url"":""https://d2qjkwm11akmwu.cloudfront.net/thumbnails/102095_20-7-2023_9-49-29.webp""},{""type"":""image_url"",""extension"":""webp"",""url"":""https://d2qjkwm11akmwu.cloudfront.net/products/245835_20-7-2023_9-49-25.webp""},{""type"":""image_url"",""extension"":""png"",""url"":""https://d2qjkwm11akmwu.cloudfront.net/products/245835_20-7-2023_9-49-25.png""}]",ded9e5b1-a2ba-483c-adbf-ccccbcea9cd5,0,1,0,0.00,0.00,,
10,"2023-04-03 12:12:55",Dev,"2024-12-26 17:55:12",CC Token,"8c3c1b2e-0abe-47fc-87b8-2fd4fb70152e","0",BISAGRATISONGKIR,37542,4812746,3360,"2023-04-03 13:00:00","2023-12-31 23:59:00",delayed_instant,"376708cf-e01e-4620-a5cf-54b9a1588316,1963798f-8e06-4aa0-bda9-eb794e85a3ee,b44c5b7e-b844-4105-acb8-858aaca5f8d8,49c1f3e0-4252-48c7-a007-8fd58e0fce42,217d7de6-0412-4ebc-96df-2d8cfddd99e0,59c8f490-a9f0-497f-97e5-a0b175c23168,7e56512f-c4ed-490b-be84-d2fd21b1180c,ed1ac092-8663-42e2-96d1-d2af62267ad4,a561bd82-f0ef-45dd-bb79-85c5b0f00fc2,ba7166a7-537a-4cfc-a27a-6642dd6764d8,07c03415-0d69-4c43-bc4a-d8a9ee0e3c7e,d7dbdc3c-0b3c-4be4-80eb-daad1e3dedd5,bfa2728f-1c97-4335-8547-1df04059a35b,de59f903-d42f-4640-92b5-0b8415bd7e1b,535d9556-fd19-468f-850b-5b01bff28c15,c1b2332b-644c-44a2-a878-0bf9c37e29b1,c21968b7-cc5a-43f8-8e33-552d89ce5846,ef63202b-ae39-4645-b570-c72ea02b7412,37eb40ff-cce3-4de6-b839-9cb5445a470f,74fcb9d1-a7b7-4672-ac7f-a1b62d8912a0,7976b31b-63fb-401e-87cc-c6e81ee7b5fd,2d190978-db01-4027-8b05-bb7e16aa524f,484583cd-a5cc-40c6-bf9d-31ca6038400a,eac848f9-b84c-44f8-85b7-faaa345a11e2",0.00,15,"2023-04-03 12:12:55",Dev,"2023-04-03 12:12:55",Dev,update_status_coupon_start_time_task_id,"794898f9-a87a-4a03-bc1a-3baefff579a6",10,37542,"2020-04-05 18:17:10",Dev,"2025-07-25 02:05:45",SELF,c62293bd-5194-4a60-8f86-b39a93abfa77,349000.00,IDR,https://d2qjkwm11akmwu.cloudfront.net/products/852233_20-7-2023_9-50-4.png,41,"Informasi terlengkap tentang MICARDIS 40 MG 20 TABLET - OBAT RUTIN. Komposisi, Fungsi, Kegunaan, Ulasan, Efek Samping, Indikasi, Aturan Pakai, dan Dosis.","20250213, [[gratis ongkir]] [[bisagratisongkir]][[ncdgratisongkir]] [[bisagratisongkir]] [[pastigratisongkir]] [[obatrutingaspol]] [[hemborotc]]",Micardis 40 mg 2 Strip (10 Tablet/Strip) - Obat Rutin,https://d2qjkwm11akmwu.cloudfront.net/thumbnails/816925_20-7-2023_9-50-16.png,medicine,b2c,1,active,624000.00,242900.00,0.00,235200.00,348300.00,0.05,0,"2020-04-06 22:03:51","2020-04-06 22:03:51",0,"[""tablet""]","[{""type"":""image_url"",""extension"":""webp"",""url"":""https://d2qjkwm11akmwu.cloudfront.net/products/852233_20-7-2023_9-50-4.webp""},{""type"":""image_url"",""extension"":""png"",""url"":""https://d2qjkwm11akmwu.cloudfront.net/products/852233_20-7-2023_9-50-4.png""},{""type"":""thumbnail_url"",""extension"":""png"",""url"":""https://d2qjkwm11akmwu.cloudfront.net/thumbnails/816925_20-7-2023_9-50-16.png""},{""type"":""thumbnail_url"",""extension"":""webp"",""url"":""https://d2qjkwm11akmwu.cloudfront.net/thumbnails/816925_20-7-2023_9-50-16.webp""}]","4487bf02-653c-4d59-a3d9-7119f67edb2e",0,1,0,0.00,0.00,,
10,"2023-04-03 12:12:55",Dev,"2024-12-26 17:55:12",CC Token,"8c3c1b2e-0abe-47fc-87b8-2fd4fb70152e","0",BISAGRATISONGKIR,37542,4812746,3360,"2023-04-03 13:00:00","2023-12-31 23:59:00",delayed_instant,"376708cf-e01e-4620-a5cf-54b9a1588316,1963798f-8e06-4aa0-bda9-eb794e85a3ee,b44c5b7e-b844-4105-acb8-858aaca5f8d8,49c1f3e0-4252-48c7-a007-8fd58e0fce42,217d7de6-0412-4ebc-96df-2d8cfddd99e0,59c8f490-a9f0-497f-97e5-a0b175c23168,7e56512f-c4ed-490b-be84-d2fd21b1180c,ed1ac092-8663-42e2-96d1-d2af62267ad4,a561bd82-f0ef-45dd-bb79-85c5b0f00fc2,ba7166a7-537a-4cfc-a27a-6642dd6764d8,07c03415-0d69-4c43-bc4a-d8a9ee0e3c7e,d7dbdc3c-0b3c-4be4-80eb-daad1e3dedd5,bfa2728f-1c97-4335-8547-1df04059a35b,de59f903-d42f-4640-92b5-0b8415bd7e1b,535d9556-fd19-468f-850b-5b01bff28c15,c1b2332b-644c-44a2-a878-0bf9c37e29b1,c21968b7-cc5a-43f8-8e33-552d89ce5846,ef63202b-ae39-4645-b570-c72ea02b7412,37eb40ff-cce3-4de6-b839-9cb5445a470f,74fcb9d1-a7b7-4672-ac7f-a1b62d8912a0,7976b31b-63fb-401e-87cc-c6e81ee7b5fd,2d190978-db01-4027-8b05-bb7e16aa524f,484583cd-a5cc-40c6-bf9d-31ca6038400a,eac848f9-b84c-44f8-85b7-faaa345a11e2",0.00,16,"2023-04-03 12:12:55",Dev,"2023-07-20 09:50:19",CC Token,update_status_coupon_end_time_task_id,fd3f30d7-92da-4af1-ad4e-01851482f42c,10,37542,"2020-04-05 18:17:10",Dev,"2025-07-25 02:05:45",SELF,c62293bd-5194-4a60-8f86-b39a93abfa77,349000.00,IDR,https://d2qjkwm11akmwu.cloudfront.net/products/852233_20-7-2023_9-50-4.png,41,"Informasi terlengkap tentang MICARDIS 40 MG 20 TABLET - OBAT RUTIN. Komposisi, Fungsi, Kegunaan, Ulasan, Efek Samping, Indikasi, Aturan Pakai, dan Dosis.","20250213, [[gratis ongkir]] [[bisagratisongkir]][[ncdgratisongkir]] [[bisagratisongkir]] [[pastigratisongkir]] [[obatrutingaspol]] [[hemborotc]]",Micardis 40 mg 2 Strip (10 Tablet/Strip) - Obat Rutin,https://d2qjkwm11akmwu.cloudfront.net/thumbnails/816925_20-7-2023_9-50-16.png,medicine,b2c,1,active,624000.00,242900.00,0.00,235200.00,348300.00,0.05,0,"2020-04-06 22:03:51","2020-04-06 22:03:51",0,"[""tablet""]","[{""type"":""image_url"",""extension"":""webp"",""url"":""https://d2qjkwm11akmwu.cloudfront.net/products/852233_20-7-2023_9-50-4.webp""},{""type"":""image_url"",""extension"":""png"",""url"":""https://d2qjkwm11akmwu.cloudfront.net/products/852233_20-7-2023_9-50-4.png""},{""type"":""thumbnail_url"",""extension"":""png"",""url"":""https://d2qjkwm11akmwu.cloudfront.net/thumbnails/816925_20-7-2023_9-50-16.png""},{""type"":""thumbnail_url"",""extension"":""webp"",""url"":""https://d2qjkwm11akmwu.cloudfront.net/thumbnails/816925_20-7-2023_9-50-16.webp""}]","4487bf02-653c-4d59-a3d9-7119f67edb2e",0,1,0,0.00,0.00,,
11,"2023-04-03 12:12:56",Dev,"2023-07-17 16:38:41",SELF,"558610fd-78c3-46f5-81d5-c527a4f4bb08","0",BISAGRATISONGKIR,37555,4812746,3360,"2023-04-03 13:00:00","2023-12-31 23:59:00",delayed_instant,"376708cf-e01e-4620-a5cf-54b9a1588316,b44c5b7e-b844-4105-acb8-858aaca5f8d8,49c1f3e0-4252-48c7-a007-8fd58e0fce42,ed1ac092-8663-42e2-96d1-d2af62267ad4,a561bd82-f0ef-45dd-bb79-85c5b0f00fc2,c1b2332b-644c-44a2-a878-0bf9c37e29b1,37eb40ff-cce3-4de6-b839-9cb5445a470f,74fcb9d1-a7b7-4672-ac7f-a1b62d8912a0,7976b31b-63fb-401e-87cc-c6e81ee7b5fd,484583cd-a5cc-40c6-bf9d-31ca6038400a,1963798f-8e06-4aa0-bda9-eb794e85a3ee,217d7de6-0412-4ebc-96df-2d8cfddd99e0,59c8f490-a9f0-497f-97e5-a0b175c23168,7e56512f-c4ed-490b-be84-d2fd21b1180c,ba7166a7-537a-4cfc-a27a-6642dd6764d8,07c03415-0d69-4c43-bc4a-d8a9ee0e3c7e,d7dbdc3c-0b3c-4be4-80eb-daad1e3dedd5,bfa2728f-1c97-4335-8547-1df04059a35b,de59f903-d42f-4640-92b5-0b8415bd7e1b,535d9556-fd19-468f-850b-5b01bff28c15,c21968b7-cc5a-43f8-8e33-552d89ce5846,ef63202b-ae39-4645-b570-c72ea02b7412,2d190978-db01-4027-8b05-bb7e16aa524f,eac848f9-b84c-44f8-85b7-faaa345a11e2",0.00,17,"2023-04-03 12:12:56",Dev,"2023-04-03 12:12:56",Dev,update_status_coupon_start_time_task_id,adecebe8-6700-47da-826b-cb2bde9252d5,11,37555,"2020-04-05 18:17:13",Dev,"2025-07-25 02:05:45",SELF,"6fd124bb-3e1f-436a-bf64-c579e8ab2227",963000.00,IDR,https://d2qjkwm11akmwu.cloudfront.net/products/779382_20-7-2023_9-58-25.png,22,"Temukan informasi lengkap Plavix 75 mg 2 Strip (14 Tablet/Strip) - Obat Rutin di Halodoc. Beli Plavix 75 mg 2 Strip (14 Tablet/Strip) - Obat Rutin 1 Jam Sampai, Dikirim dari Apotek Tepercaya, Buka 24 Jam*","20250714, QAT-0622, Obat rutin NCD, Routine medicines, programsanofi, Subscriptions, Subscription, Langganan [Heart Diseases] ||SFP00 ||ETHICAL PRODUCT ||NCD [[untukjantungsehat]] ||T1K, ||T2K, ||T3K [[gratis ongkir]] [[bisagratisongkir]] [[hargapastiobatrutin]][[ncdgratisongkir]] [[bisagratisongkir]] [[pastigratisongkir]] [[orangtuasehat2]] [[obatrutingaspol]] [[hemborotc]][[puasancd]] [[gaspoljantung]],[[puasancd]]",Plavix 75 mg 2 Strip (14 Tablet/Strip) - Obat Rutin,https://d2qjkwm11akmwu.cloudfront.net/thumbnails/289400_20-7-2023_9-58-42.png,medicine,b2c,1,active,1085200.00,715400.00,0.00,699200.00,887000.00,0.09,0,"2021-05-01 00:00:00","2021-07-31 00:00:00",0,"[""tablet""]","[{""type"":""thumbnail_url"",""extension"":""png"",""url"":""https://d2qjkwm11akmwu.cloudfront.net/thumbnails/289400_20-7-2023_9-58-42.png""},{""type"":""thumbnail_url"",""extension"":""webp"",""url"":""https://d2qjkwm11akmwu.cloudfront.net/thumbnails/289400_20-7-2023_9-58-42.webp""},{""type"":""image_url"",""extension"":""png"",""url"":""https://d2qjkwm11akmwu.cloudfront.net/products/779382_20-7-2023_9-58-25.png""},{""type"":""image_url"",""extension"":""webp"",""url"":""https://d2qjkwm11akmwu.cloudfront.net/products/779382_20-7-2023_9-58-25.webp""}]","602d4479-4270-4a61-8083-0035dcfd06cd",0,1,0,0.00,0.00,,
11,"2023-04-03 12:12:56",Dev,"2023-07-17 16:38:41",SELF,"558610fd-78c3-46f5-81d5-c527a4f4bb08","0",BISAGRATISONGKIR,37555,4812746,3360,"2023-04-03 13:00:00","2023-12-31 23:59:00",delayed_instant,"376708cf-e01e-4620-a5cf-54b9a1588316,b44c5b7e-b844-4105-acb8-858aaca5f8d8,49c1f3e0-4252-48c7-a007-8fd58e0fce42,ed1ac092-8663-42e2-96d1-d2af62267ad4,a561bd82-f0ef-45dd-bb79-85c5b0f00fc2,c1b2332b-644c-44a2-a878-0bf9c37e29b1,37eb40ff-cce3-4de6-b839-9cb5445a470f,74fcb9d1-a7b7-4672-ac7f-a1b62d8912a0,7976b31b-63fb-401e-87cc-c6e81ee7b5fd,484583cd-a5cc-40c6-bf9d-31ca6038400a,1963798f-8e06-4aa0-bda9-eb794e85a3ee,217d7de6-0412-4ebc-96df-2d8cfddd99e0,59c8f490-a9f0-497f-97e5-a0b175c23168,7e56512f-c4ed-490b-be84-d2fd21b1180c,ba7166a7-537a-4cfc-a27a-6642dd6764d8,07c03415-0d69-4c43-bc4a-d8a9ee0e3c7e,d7dbdc3c-0b3c-4be4-80eb-daad1e3dedd5,bfa2728f-1c97-4335-8547-1df04059a35b,de59f903-d42f-4640-92b5-0b8415bd7e1b,535d9556-fd19-468f-850b-5b01bff28c15,c21968b7-cc5a-43f8-8e33-552d89ce5846,ef63202b-ae39-4645-b570-c72ea02b7412,2d190978-db01-4027-8b05-bb7e16aa524f,eac848f9-b84c-44f8-85b7-faaa345a11e2",0.00,18,"2023-04-03 12:12:56",Dev,"2023-07-20 09:58:45",CC Token,update_status_coupon_end_time_task_id,"9b869909-b1bc-4830-9219-74b0ffd3d0a5",11,37555,"2020-04-05 18:17:13",Dev,"2025-07-25 02:05:45",SELF,"6fd124bb-3e1f-436a-bf64-c579e8ab2227",963000.00,IDR,https://d2qjkwm11akmwu.cloudfront.net/products/779382_20-7-2023_9-58-25.png,22,"Temukan informasi lengkap Plavix 75 mg 2 Strip (14 Tablet/Strip) - Obat Rutin di Halodoc. Beli Plavix 75 mg 2 Strip (14 Tablet/Strip) - Obat Rutin 1 Jam Sampai, Dikirim dari Apotek Tepercaya, Buka 24 Jam*","20250714, QAT-0622, Obat rutin NCD, Routine medicines, programsanofi, Subscriptions, Subscription, Langganan [Heart Diseases] ||SFP00 ||ETHICAL PRODUCT ||NCD [[untukjantungsehat]] ||T1K, ||T2K, ||T3K [[gratis ongkir]] [[bisagratisongkir]] [[hargapastiobatrutin]][[ncdgratisongkir]] [[bisagratisongkir]] [[pastigratisongkir]] [[orangtuasehat2]] [[obatrutingaspol]] [[hemborotc]][[puasancd]] [[gaspoljantung]],[[puasancd]]",Plavix 75 mg 2 Strip (14 Tablet/Strip) - Obat Rutin,https://d2qjkwm11akmwu.cloudfront.net/thumbnails/289400_20-7-2023_9-58-42.png,medicine,b2c,1,active,1085200.00,715400.00,0.00,699200.00,887000.00,0.09,0,"2021-05-01 00:00:00","2021-07-31 00:00:00",0,"[""tablet""]","[{""type"":""thumbnail_url"",""extension"":""png"",""url"":""https://d2qjkwm11akmwu.cloudfront.net/thumbnails/289400_20-7-2023_9-58-42.png""},{""type"":""thumbnail_url"",""extension"":""webp"",""url"":""https://d2qjkwm11akmwu.cloudfront.net/thumbnails/289400_20-7-2023_9-58-42.webp""},{""type"":""image_url"",""extension"":""png"",""url"":""https://d2qjkwm11akmwu.cloudfront.net/products/779382_20-7-2023_9-58-25.png""},{""type"":""image_url"",""extension"":""webp"",""url"":""https://d2qjkwm11akmwu.cloudfront.net/products/779382_20-7-2023_9-58-25.webp""}]","602d4479-4270-4a61-8083-0035dcfd06cd",0,1,0,0.00,0.00,,
12,"2023-04-03 12:12:56",Dev,"2024-08-13 11:29:01",CC Token,"8bec75fd-1508-425b-8c1d-31b1816f63b6","0",BISAGRATISONGKIR,37594,4812746,3360,"2023-04-03 13:00:00","2023-12-31 23:59:00",delayed_instant,"376708cf-e01e-4620-a5cf-54b9a1588316,1963798f-8e06-4aa0-bda9-eb794e85a3ee,b44c5b7e-b844-4105-acb8-858aaca5f8d8,49c1f3e0-4252-48c7-a007-8fd58e0fce42,217d7de6-0412-4ebc-96df-2d8cfddd99e0,59c8f490-a9f0-497f-97e5-a0b175c23168,7e56512f-c4ed-490b-be84-d2fd21b1180c,ed1ac092-8663-42e2-96d1-d2af62267ad4,a561bd82-f0ef-45dd-bb79-85c5b0f00fc2,ba7166a7-537a-4cfc-a27a-6642dd6764d8,07c03415-0d69-4c43-bc4a-d8a9ee0e3c7e,d7dbdc3c-0b3c-4be4-80eb-daad1e3dedd5,bfa2728f-1c97-4335-8547-1df04059a35b,de59f903-d42f-4640-92b5-0b8415bd7e1b,535d9556-fd19-468f-850b-5b01bff28c15,c1b2332b-644c-44a2-a878-0bf9c37e29b1,c21968b7-cc5a-43f8-8e33-552d89ce5846,ef63202b-ae39-4645-b570-c72ea02b7412,37eb40ff-cce3-4de6-b839-9cb5445a470f,74fcb9d1-a7b7-4672-ac7f-a1b62d8912a0,7976b31b-63fb-401e-87cc-c6e81ee7b5fd,2d190978-db01-4027-8b05-bb7e16aa524f,484583cd-a5cc-40c6-bf9d-31ca6038400a,eac848f9-b84c-44f8-85b7-faaa345a11e2",0.00,19,"2023-04-03 12:12:56",Dev,"2023-04-03 12:12:56",Dev,update_status_coupon_start_time_task_id,"40b854c6-08f3-481f-a328-bb642a49a76b",12,37594,"2020-04-05 18:17:22",Dev,"2025-07-25 02:09:55",SELF,fa0b0db6-414b-4e41-976a-6c2e7ed36408,360000.00,IDR,https://d2qjkwm11akmwu.cloudfront.net/products/351671_5-5-2023_17-7-5.png,110,"Temukan informasi lengkap Ventolin Inhaler 100 mcg 200 Doses 2 Botol - Obat Rutin di Halodoc. Beli Ventolin Inhaler 100 mcg 200 Doses 2 Botol - Obat Rutin 1 Jam Sampai, Dikirim dari Apotek Tepercaya, Buka 24 Jam*","20240813, QAT-1222, Obat rutin NCD, Routine medicines [Asthma] ||ETHICAL PRODUCT ||NCD, OW4 [[obatrutincaregiver]] ||T1K, ||T2K, ||T3K [[inhalerasma]] [[obatrutingaspol]] [[pelegaasma]] [[untukasthma]] [[gaspolpernapasan]]  [[nasaldanasma]]",Ventolin Inhaler 100 mcg 200 Doses 2 Botol - Obat Rutin,https://d2qjkwm11akmwu.cloudfront.net/thumbnails/856507_5-5-2023_17-7-19.png,medicine,b2c,1,active,395400.00,155000.00,0.02,150000.00,320500.00,0.09,1,"2023-10-03 00:00:00","2023-10-10 00:00:00",0,"[""spray""]","[{""type"":""image_url"",""extension"":""webp"",""url"":""https://d2qjkwm11akmwu.cloudfront.net/products/351671_5-5-2023_17-7-5.webp""},{""type"":""image_url"",""extension"":""png"",""url"":""https://d2qjkwm11akmwu.cloudfront.net/products/351671_5-5-2023_17-7-5.png""},{""type"":""thumbnail_url"",""extension"":""webp"",""url"":""https://d2qjkwm11akmwu.cloudfront.net/thumbnails/856507_5-5-2023_17-7-19.webp""},{""type"":""thumbnail_url"",""extension"":""png"",""url"":""https://d2qjkwm11akmwu.cloudfront.net/thumbnails/856507_5-5-2023_17-7-19.png""}]",dfc3a9dd-bfba-4fbb-8665-6c0f36ffaf6d,0,1,0,0.00,0.00,,
12,"2023-04-03 12:12:56",Dev,"2024-08-13 11:29:01",CC Token,"8bec75fd-1508-425b-8c1d-31b1816f63b6","0",BISAGRATISONGKIR,37594,4812746,3360,"2023-04-03 13:00:00","2023-12-31 23:59:00",delayed_instant,"376708cf-e01e-4620-a5cf-54b9a1588316,1963798f-8e06-4aa0-bda9-eb794e85a3ee,b44c5b7e-b844-4105-acb8-858aaca5f8d8,49c1f3e0-4252-48c7-a007-8fd58e0fce42,217d7de6-0412-4ebc-96df-2d8cfddd99e0,59c8f490-a9f0-497f-97e5-a0b175c23168,7e56512f-c4ed-490b-be84-d2fd21b1180c,ed1ac092-8663-42e2-96d1-d2af62267ad4,a561bd82-f0ef-45dd-bb79-85c5b0f00fc2,ba7166a7-537a-4cfc-a27a-6642dd6764d8,07c03415-0d69-4c43-bc4a-d8a9ee0e3c7e,d7dbdc3c-0b3c-4be4-80eb-daad1e3dedd5,bfa2728f-1c97-4335-8547-1df04059a35b,de59f903-d42f-4640-92b5-0b8415bd7e1b,535d9556-fd19-468f-850b-5b01bff28c15,c1b2332b-644c-44a2-a878-0bf9c37e29b1,c21968b7-cc5a-43f8-8e33-552d89ce5846,ef63202b-ae39-4645-b570-c72ea02b7412,37eb40ff-cce3-4de6-b839-9cb5445a470f,74fcb9d1-a7b7-4672-ac7f-a1b62d8912a0,7976b31b-63fb-401e-87cc-c6e81ee7b5fd,2d190978-db01-4027-8b05-bb7e16aa524f,484583cd-a5cc-40c6-bf9d-31ca6038400a,eac848f9-b84c-44f8-85b7-faaa345a11e2",0.00,20,"2023-04-03 12:12:56",Dev,"2023-10-03 13:09:09",CC Token,update_status_coupon_end_time_task_id,"05d5016e-1e68-40c2-8100-6e5dfe0da307",12,37594,"2020-04-05 18:17:22",Dev,"2025-07-25 02:09:55",SELF,fa0b0db6-414b-4e41-976a-6c2e7ed36408,360000.00,IDR,https://d2qjkwm11akmwu.cloudfront.net/products/351671_5-5-2023_17-7-5.png,110,"Temukan informasi lengkap Ventolin Inhaler 100 mcg 200 Doses 2 Botol - Obat Rutin di Halodoc. Beli Ventolin Inhaler 100 mcg 200 Doses 2 Botol - Obat Rutin 1 Jam Sampai, Dikirim dari Apotek Tepercaya, Buka 24 Jam*","20240813, QAT-1222, Obat rutin NCD, Routine medicines [Asthma] ||ETHICAL PRODUCT ||NCD, OW4 [[obatrutincaregiver]] ||T1K, ||T2K, ||T3K [[inhalerasma]] [[obatrutingaspol]] [[pelegaasma]] [[untukasthma]] [[gaspolpernapasan]]  [[nasaldanasma]]",Ventolin Inhaler 100 mcg 200 Doses 2 Botol - Obat Rutin,https://d2qjkwm11akmwu.cloudfront.net/thumbnails/856507_5-5-2023_17-7-19.png,medicine,b2c,1,active,395400.00,155000.00,0.02,150000.00,320500.00,0.09,1,"2023-10-03 00:00:00","2023-10-10 00:00:00",0,"[""spray""]","[{""type"":""image_url"",""extension"":""webp"",""url"":""https://d2qjkwm11akmwu.cloudfront.net/products/351671_5-5-2023_17-7-5.webp""},{""type"":""image_url"",""extension"":""png"",""url"":""https://d2qjkwm11akmwu.cloudfront.net/products/351671_5-5-2023_17-7-5.png""},{""type"":""thumbnail_url"",""extension"":""webp"",""url"":""https://d2qjkwm11akmwu.cloudfront.net/thumbnails/856507_5-5-2023_17-7-19.webp""},{""type"":""thumbnail_url"",""extension"":""png"",""url"":""https://d2qjkwm11akmwu.cloudfront.net/thumbnails/856507_5-5-2023_17-7-19.png""}]",dfc3a9dd-bfba-4fbb-8665-6c0f36ffaf6d,0,1,0,0.00,0.00,,
13,"2023-04-03 12:12:56",Dev,"2024-08-09 13:27:54",CC Token,"690bb8fb-51c9-4242-9963-764262943305","0",BISAGRATISONGKIR,42543,4812746,3360,"2023-04-03 13:00:00","2023-12-31 23:59:00",delayed_instant,"376708cf-e01e-4620-a5cf-54b9a1588316,1963798f-8e06-4aa0-bda9-eb794e85a3ee,b44c5b7e-b844-4105-acb8-858aaca5f8d8,49c1f3e0-4252-48c7-a007-8fd58e0fce42,217d7de6-0412-4ebc-96df-2d8cfddd99e0,59c8f490-a9f0-497f-97e5-a0b175c23168,7e56512f-c4ed-490b-be84-d2fd21b1180c,ed1ac092-8663-42e2-96d1-d2af62267ad4,a561bd82-f0ef-45dd-bb79-85c5b0f00fc2,ba7166a7-537a-4cfc-a27a-6642dd6764d8,07c03415-0d69-4c43-bc4a-d8a9ee0e3c7e,d7dbdc3c-0b3c-4be4-80eb-daad1e3dedd5,bfa2728f-1c97-4335-8547-1df04059a35b,de59f903-d42f-4640-92b5-0b8415bd7e1b,535d9556-fd19-468f-850b-5b01bff28c15,c1b2332b-644c-44a2-a878-0bf9c37e29b1,c21968b7-cc5a-43f8-8e33-552d89ce5846,ef63202b-ae39-4645-b570-c72ea02b7412,37eb40ff-cce3-4de6-b839-9cb5445a470f,74fcb9d1-a7b7-4672-ac7f-a1b62d8912a0,7976b31b-63fb-401e-87cc-c6e81ee7b5fd,2d190978-db01-4027-8b05-bb7e16aa524f,484583cd-a5cc-40c6-bf9d-31ca6038400a,eac848f9-b84c-44f8-85b7-faaa345a11e2",0.00,21,"2023-04-03 12:12:56",Dev,"2023-04-03 12:12:56",Dev,update_status_coupon_start_time_task_id,"8e598187-5912-4849-a567-bd35565384e4",13,42543,"2020-07-03 13:12:28",Dev,"2025-07-25 02:06:16",SELF,d91c12cb-d764-4e57-be9e-341d3b36ec0b,776100.00,IDR,https://d2qjkwm11akmwu.cloudfront.net/products/433965_20-7-2023_10-10-44.png,41,"Informasi terlengkap tentang Feburic 80 mg 30 Tablet - Hemat Borongan . Komposisi, Fungsi, Kegunaan, Ulasan, Efek Samping, Indikasi, Aturan Pakai, dan Dosis.","20250429, QAT-0522, Obat-NCD, Obat rutin NCD, Routine medicines, Subscriptions, Subscription, Langganan [Muscles, Bone & Joint] ||ETHICAL PRODUCT ||T1K, ||T2K, ||T3K [[gratis ongkir]] [[bisagratisongkir]] [[mbjhemborjune]][[mbjgratisongkir]] [[bisagratisongkir]] [[pastigratisongkir]] [[hemborotc]]",Feburic 80 mg 3 Strip (10 Tablet/Strip) - Hemat Borongan,https://d2qjkwm11akmwu.cloudfront.net/thumbnails/602327_20-7-2023_10-10-53.png,medicine,b2c,1,active,887100.00,776100.00,0.00,267800.00,776100.00,0.09,0,,,,"[""tablet""]","[{""type"":""thumbnail_url"",""extension"":""png"",""url"":""https://d2qjkwm11akmwu.cloudfront.net/thumbnails/602327_20-7-2023_10-10-53.png""},{""type"":""image_url"",""extension"":""png"",""url"":""https://d2qjkwm11akmwu.cloudfront.net/products/433965_20-7-2023_10-10-44.png""},{""type"":""image_url"",""extension"":""webp"",""url"":""https://d2qjkwm11akmwu.cloudfront.net/products/433965_20-7-2023_10-10-44.webp""},{""type"":""thumbnail_url"",""extension"":""webp"",""url"":""https://d2qjkwm11akmwu.cloudfront.net/thumbnails/602327_20-7-2023_10-10-53.webp""}]",a1ad425a-f4ad-4f97-bd50-d0262f74e1e5,0,1,1,776100.00,737200.00,,
13,"2023-04-03 12:12:56",Dev,"2024-08-09 13:27:54",CC Token,"690bb8fb-51c9-4242-9963-764262943305","0",BISAGRATISONGKIR,42543,4812746,3360,"2023-04-03 13:00:00","2023-12-31 23:59:00",delayed_instant,"376708cf-e01e-4620-a5cf-54b9a1588316,1963798f-8e06-4aa0-bda9-eb794e85a3ee,b44c5b7e-b844-4105-acb8-858aaca5f8d8,49c1f3e0-4252-48c7-a007-8fd58e0fce42,217d7de6-0412-4ebc-96df-2d8cfddd99e0,59c8f490-a9f0-497f-97e5-a0b175c23168,7e56512f-c4ed-490b-be84-d2fd21b1180c,ed1ac092-8663-42e2-96d1-d2af62267ad4,a561bd82-f0ef-45dd-bb79-85c5b0f00fc2,ba7166a7-537a-4cfc-a27a-6642dd6764d8,07c03415-0d69-4c43-bc4a-d8a9ee0e3c7e,d7dbdc3c-0b3c-4be4-80eb-daad1e3dedd5,bfa2728f-1c97-4335-8547-1df04059a35b,de59f903-d42f-4640-92b5-0b8415bd7e1b,535d9556-fd19-468f-850b-5b01bff28c15,c1b2332b-644c-44a2-a878-0bf9c37e29b1,c21968b7-cc5a-43f8-8e33-552d89ce5846,ef63202b-ae39-4645-b570-c72ea02b7412,37eb40ff-cce3-4de6-b839-9cb5445a470f,74fcb9d1-a7b7-4672-ac7f-a1b62d8912a0,7976b31b-63fb-401e-87cc-c6e81ee7b5fd,2d190978-db01-4027-8b05-bb7e16aa524f,484583cd-a5cc-40c6-bf9d-31ca6038400a,eac848f9-b84c-44f8-85b7-faaa345a11e2",0.00,22,"2023-04-03 12:12:57",Dev,"2023-07-20 10:10:57",CC Token,update_status_coupon_end_time_task_id,ee76b80c-935f-4cf4-b608-f053cb226e86,13,42543,"2020-07-03 13:12:28",Dev,"2025-07-25 02:06:16",SELF,d91c12cb-d764-4e57-be9e-341d3b36ec0b,776100.00,IDR,https://d2qjkwm11akmwu.cloudfront.net/products/433965_20-7-2023_10-10-44.png,41,"Informasi terlengkap tentang Feburic 80 mg 30 Tablet - Hemat Borongan . Komposisi, Fungsi, Kegunaan, Ulasan, Efek Samping, Indikasi, Aturan Pakai, dan Dosis.","20250429, QAT-0522, Obat-NCD, Obat rutin NCD, Routine medicines, Subscriptions, Subscription, Langganan [Muscles, Bone & Joint] ||ETHICAL PRODUCT ||T1K, ||T2K, ||T3K [[gratis ongkir]] [[bisagratisongkir]] [[mbjhemborjune]][[mbjgratisongkir]] [[bisagratisongkir]] [[pastigratisongkir]] [[hemborotc]]",Feburic 80 mg 3 Strip (10 Tablet/Strip) - Hemat Borongan,https://d2qjkwm11akmwu.cloudfront.net/thumbnails/602327_20-7-2023_10-10-53.png,medicine,b2c,1,active,887100.00,776100.00,0.00,267800.00,776100.00,0.09,0,,,,"[""tablet""]","[{""type"":""thumbnail_url"",""extension"":""png"",""url"":""https://d2qjkwm11akmwu.cloudfront.net/thumbnails/602327_20-7-2023_10-10-53.png""},{""type"":""image_url"",""extension"":""png"",""url"":""https://d2qjkwm11akmwu.cloudfront.net/products/433965_20-7-2023_10-10-44.png""},{""type"":""image_url"",""extension"":""webp"",""url"":""https://d2qjkwm11akmwu.cloudfront.net/products/433965_20-7-2023_10-10-44.webp""},{""type"":""thumbnail_url"",""extension"":""webp"",""url"":""https://d2qjkwm11akmwu.cloudfront.net/thumbnails/602327_20-7-2023_10-10-53.webp""}]",a1ad425a-f4ad-4f97-bd50-d0262f74e1e5,0,1,1,776100.00,737200.00,,
14,"2023-04-03 12:12:57",Dev,"2023-07-17 16:38:42",SELF,b88f786b-ee0b-4acb-aa52-1cf594825059,"0",BISAGRATISONGKIR,42590,4812746,3360,"2023-04-03 13:00:00","2023-12-31 23:59:00",delayed_instant,"376708cf-e01e-4620-a5cf-54b9a1588316,b44c5b7e-b844-4105-acb8-858aaca5f8d8,49c1f3e0-4252-48c7-a007-8fd58e0fce42,ed1ac092-8663-42e2-96d1-d2af62267ad4,a561bd82-f0ef-45dd-bb79-85c5b0f00fc2,c1b2332b-644c-44a2-a878-0bf9c37e29b1,37eb40ff-cce3-4de6-b839-9cb5445a470f,74fcb9d1-a7b7-4672-ac7f-a1b62d8912a0,7976b31b-63fb-401e-87cc-c6e81ee7b5fd,484583cd-a5cc-40c6-bf9d-31ca6038400a,1963798f-8e06-4aa0-bda9-eb794e85a3ee,217d7de6-0412-4ebc-96df-2d8cfddd99e0,59c8f490-a9f0-497f-97e5-a0b175c23168,7e56512f-c4ed-490b-be84-d2fd21b1180c,ba7166a7-537a-4cfc-a27a-6642dd6764d8,07c03415-0d69-4c43-bc4a-d8a9ee0e3c7e,d7dbdc3c-0b3c-4be4-80eb-daad1e3dedd5,bfa2728f-1c97-4335-8547-1df04059a35b,de59f903-d42f-4640-92b5-0b8415bd7e1b,535d9556-fd19-468f-850b-5b01bff28c15,c21968b7-cc5a-43f8-8e33-552d89ce5846,ef63202b-ae39-4645-b570-c72ea02b7412,2d190978-db01-4027-8b05-bb7e16aa524f,eac848f9-b84c-44f8-85b7-faaa345a11e2",0.00,23,"2023-04-03 12:12:57",Dev,"2023-04-03 12:12:57",Dev,update_status_coupon_start_time_task_id,"7c388804-caaf-44eb-84e7-8dda3313a230",14,42590,"2020-07-03 13:12:42",Dev,"2025-07-25 02:06:17",SELF,"69fbffb9-9a98-4f7b-861d-b7ac833f2978",220000.00,IDR,https://d2qjkwm11akmwu.cloudfront.net/products/640697_20-7-2023_10-12-25.png,2,"Temukan informasi lengkap Recolfar 0.5 mg 3 Strip (10 Tablet/Strip) - Hemat Borongan di Halodoc. Beli Recolfar 0.5 mg 3 Strip (10 Tablet/Strip) - Hemat Borongan 1 Jam Sampai, Dikirim dari Apotek Tepercaya, Buka 24 Jam*","20250429, Obat-NCD, Obat rutin NCD, Routine medicines, Subscriptions, Subscription, Langganan [Muscles, Bone & Joint] ||ETHICAL PRODUCT ||T2K, ||T3K [[gratis ongkir]] [[bisagratisongkir]] [[mbjhemborjune]][[mbjgratisongkir]] [[bisagratisongkir]] [[pastigratisongkir]] [[hemborotc]]",Recolfar 0.5 mg 3 Strip (10 Tablet/Strip) - Hemat Borongan,https://d2qjkwm11akmwu.cloudfront.net/thumbnails/134277_20-7-2023_10-12-31.png,medicine,b2c,1,active,277200.00,220000.00,0.01,135000.00,220000.00,0.09,0,,,,"[""tablet""]","[{""type"":""image_url"",""extension"":""webp"",""url"":""https://d2qjkwm11akmwu.cloudfront.net/products/640697_20-7-2023_10-12-25.webp""},{""type"":""thumbnail_url"",""extension"":""webp"",""url"":""https://d2qjkwm11akmwu.cloudfront.net/thumbnails/134277_20-7-2023_10-12-31.webp""},{""type"":""image_url"",""extension"":""png"",""url"":""https://d2qjkwm11akmwu.cloudfront.net/products/640697_20-7-2023_10-12-25.png""},{""type"":""thumbnail_url"",""extension"":""png"",""url"":""https://d2qjkwm11akmwu.cloudfront.net/thumbnails/134277_20-7-2023_10-12-31.png""}]","5d767cad-1c1f-46b6-ada9-ccc5536c6434",0,1,1,220000.00,209000.00,,
14,"2023-04-03 12:12:57",Dev,"2023-07-17 16:38:42",SELF,b88f786b-ee0b-4acb-aa52-1cf594825059,"0",BISAGRATISONGKIR,42590,4812746,3360,"2023-04-03 13:00:00","2023-12-31 23:59:00",delayed_instant,"376708cf-e01e-4620-a5cf-54b9a1588316,b44c5b7e-b844-4105-acb8-858aaca5f8d8,49c1f3e0-4252-48c7-a007-8fd58e0fce42,ed1ac092-8663-42e2-96d1-d2af62267ad4,a561bd82-f0ef-45dd-bb79-85c5b0f00fc2,c1b2332b-644c-44a2-a878-0bf9c37e29b1,37eb40ff-cce3-4de6-b839-9cb5445a470f,74fcb9d1-a7b7-4672-ac7f-a1b62d8912a0,7976b31b-63fb-401e-87cc-c6e81ee7b5fd,484583cd-a5cc-40c6-bf9d-31ca6038400a,1963798f-8e06-4aa0-bda9-eb794e85a3ee,217d7de6-0412-4ebc-96df-2d8cfddd99e0,59c8f490-a9f0-497f-97e5-a0b175c23168,7e56512f-c4ed-490b-be84-d2fd21b1180c,ba7166a7-537a-4cfc-a27a-6642dd6764d8,07c03415-0d69-4c43-bc4a-d8a9ee0e3c7e,d7dbdc3c-0b3c-4be4-80eb-daad1e3dedd5,bfa2728f-1c97-4335-8547-1df04059a35b,de59f903-d42f-4640-92b5-0b8415bd7e1b,535d9556-fd19-468f-850b-5b01bff28c15,c21968b7-cc5a-43f8-8e33-552d89ce5846,ef63202b-ae39-4645-b570-c72ea02b7412,2d190978-db01-4027-8b05-bb7e16aa524f,eac848f9-b84c-44f8-85b7-faaa345a11e2",0.00,24,"2023-04-03 12:12:57",Dev,"2023-07-20 10:12:33",CC Token,update_status_coupon_end_time_task_id,f71e5c51-28a5-4f34-9bcc-263e48860a02,14,42590,"2020-07-03 13:12:42",Dev,"2025-07-25 02:06:17",SELF,"69fbffb9-9a98-4f7b-861d-b7ac833f2978",220000.00,IDR,https://d2qjkwm11akmwu.cloudfront.net/products/640697_20-7-2023_10-12-25.png,2,"Temukan informasi lengkap Recolfar 0.5 mg 3 Strip (10 Tablet/Strip) - Hemat Borongan di Halodoc. Beli Recolfar 0.5 mg 3 Strip (10 Tablet/Strip) - Hemat Borongan 1 Jam Sampai, Dikirim dari Apotek Tepercaya, Buka 24 Jam*","20250429, Obat-NCD, Obat rutin NCD, Routine medicines, Subscriptions, Subscription, Langganan [Muscles, Bone & Joint] ||ETHICAL PRODUCT ||T2K, ||T3K [[gratis ongkir]] [[bisagratisongkir]] [[mbjhemborjune]][[mbjgratisongkir]] [[bisagratisongkir]] [[pastigratisongkir]] [[hemborotc]]",Recolfar 0.5 mg 3 Strip (10 Tablet/Strip) - Hemat Borongan,https://d2qjkwm11akmwu.cloudfront.net/thumbnails/134277_20-7-2023_10-12-31.png,medicine,b2c,1,active,277200.00,220000.00,0.01,135000.00,220000.00,0.09,0,,,,"[""tablet""]","[{""type"":""image_url"",""extension"":""webp"",""url"":""https://d2qjkwm11akmwu.cloudfront.net/products/640697_20-7-2023_10-12-25.webp""},{""type"":""thumbnail_url"",""extension"":""webp"",""url"":""https://d2qjkwm11akmwu.cloudfront.net/thumbnails/134277_20-7-2023_10-12-31.webp""},{""type"":""image_url"",""extension"":""png"",""url"":""https://d2qjkwm11akmwu.cloudfront.net/products/640697_20-7-2023_10-12-25.png""},{""type"":""thumbnail_url"",""extension"":""png"",""url"":""https://d2qjkwm11akmwu.cloudfront.net/thumbnails/134277_20-7-2023_10-12-31.png""}]","5d767cad-1c1f-46b6-ada9-ccc5536c6434",0,1,1,220000.00,209000.00,,
15,"2023-04-03 12:12:57",Dev,"2023-07-17 16:38:42",SELF,"021c9649-3355-4fc7-b786-7f998deee758","0",BISAGRATISONGKIR,43228,4812746,3360,"2023-04-03 13:00:00","2023-12-31 23:59:00",delayed_instant,"376708cf-e01e-4620-a5cf-54b9a1588316,b44c5b7e-b844-4105-acb8-858aaca5f8d8,49c1f3e0-4252-48c7-a007-8fd58e0fce42,ed1ac092-8663-42e2-96d1-d2af62267ad4,a561bd82-f0ef-45dd-bb79-85c5b0f00fc2,c1b2332b-644c-44a2-a878-0bf9c37e29b1,37eb40ff-cce3-4de6-b839-9cb5445a470f,74fcb9d1-a7b7-4672-ac7f-a1b62d8912a0,7976b31b-63fb-401e-87cc-c6e81ee7b5fd,484583cd-a5cc-40c6-bf9d-31ca6038400a,1963798f-8e06-4aa0-bda9-eb794e85a3ee,217d7de6-0412-4ebc-96df-2d8cfddd99e0,59c8f490-a9f0-497f-97e5-a0b175c23168,7e56512f-c4ed-490b-be84-d2fd21b1180c,ba7166a7-537a-4cfc-a27a-6642dd6764d8,07c03415-0d69-4c43-bc4a-d8a9ee0e3c7e,d7dbdc3c-0b3c-4be4-80eb-daad1e3dedd5,bfa2728f-1c97-4335-8547-1df04059a35b,de59f903-d42f-4640-92b5-0b8415bd7e1b,535d9556-fd19-468f-850b-5b01bff28c15,c21968b7-cc5a-43f8-8e33-552d89ce5846,ef63202b-ae39-4645-b570-c72ea02b7412,2d190978-db01-4027-8b05-bb7e16aa524f,eac848f9-b84c-44f8-85b7-faaa345a11e2",0.00,25,"2023-04-03 12:12:57",Dev,"2023-04-03 12:12:57",Dev,update_status_coupon_start_time_task_id,ad27ec65-fc31-4006-8631-90aba078cb7f,15,43228,"2020-08-18 10:48:29",Dev,"2025-07-25 02:11:50",SELF,f85794f3-aace-4b8d-9073-11395e9916ef,155200.00,IDR,https://d2qjkwm11akmwu.cloudfront.net/products/846594_20-7-2023_10-21-13.png,218,"Temukan informasi lengkap Cataflam 50 mg 2 Strip (10 Tablet/Strip) - Hemat Borongan di Halodoc. Beli Cataflam 50 mg 2 Strip (10 Tablet/Strip) - Hemat Borongan 1 Jam Sampai, Dikirim dari Apotek Tepercaya, Buka 24 Jam*","20250429, QAT-0422, Lebih-Hemat, ||M4I ||ETHICAL PRODUCT ||T1K, ||T2K, ||T3K [[gratis ongkir]] [[bisagratisongkir]][[mbjgratisongkir]] [[bisagratisongkir]] [[digestgratisongkir]] [[pastigratisongkir]] [[hemborotc]]",Cataflam 50 mg 2 Strip (10 Tablet/Strip) - Hemat Borongan,https://d2qjkwm11akmwu.cloudfront.net/thumbnails/809446_20-7-2023_10-21-59.png,medicine,b2c,1,active,174600.00,155200.00,0.02,115000.00,155200.00,0.05,0,,,,"[""tablet""]","[{""type"":""thumbnail_url"",""extension"":""webp"",""url"":""https://d2qjkwm11akmwu.cloudfront.net/thumbnails/809446_20-7-2023_10-21-59.webp""},{""type"":""image_url"",""extension"":""png"",""url"":""https://d2qjkwm11akmwu.cloudfront.net/products/846594_20-7-2023_10-21-13.png""},{""type"":""thumbnail_url"",""extension"":""png"",""url"":""https://d2qjkwm11akmwu.cloudfront.net/thumbnails/809446_20-7-2023_10-21-59.png""},{""type"":""image_url"",""extension"":""webp"",""url"":""https://d2qjkwm11akmwu.cloudfront.net/products/846594_20-7-2023_10-21-13.webp""}]",d81d6b7e-5791-4f0c-9bad-4fa5a8e8aa62,0,1,1,155200.00,147400.00,,
15,"2023-04-03 12:12:57",Dev,"2023-07-17 16:38:42",SELF,"021c9649-3355-4fc7-b786-7f998deee758","0",BISAGRATISONGKIR,43228,4812746,3360,"2023-04-03 13:00:00","2023-12-31 23:59:00",delayed_instant,"376708cf-e01e-4620-a5cf-54b9a1588316,b44c5b7e-b844-4105-acb8-858aaca5f8d8,49c1f3e0-4252-48c7-a007-8fd58e0fce42,ed1ac092-8663-42e2-96d1-d2af62267ad4,a561bd82-f0ef-45dd-bb79-85c5b0f00fc2,c1b2332b-644c-44a2-a878-0bf9c37e29b1,37eb40ff-cce3-4de6-b839-9cb5445a470f,74fcb9d1-a7b7-4672-ac7f-a1b62d8912a0,7976b31b-63fb-401e-87cc-c6e81ee7b5fd,484583cd-a5cc-40c6-bf9d-31ca6038400a,1963798f-8e06-4aa0-bda9-eb794e85a3ee,217d7de6-0412-4ebc-96df-2d8cfddd99e0,59c8f490-a9f0-497f-97e5-a0b175c23168,7e56512f-c4ed-490b-be84-d2fd21b1180c,ba7166a7-537a-4cfc-a27a-6642dd6764d8,07c03415-0d69-4c43-bc4a-d8a9ee0e3c7e,d7dbdc3c-0b3c-4be4-80eb-daad1e3dedd5,bfa2728f-1c97-4335-8547-1df04059a35b,de59f903-d42f-4640-92b5-0b8415bd7e1b,535d9556-fd19-468f-850b-5b01bff28c15,c21968b7-cc5a-43f8-8e33-552d89ce5846,ef63202b-ae39-4645-b570-c72ea02b7412,2d190978-db01-4027-8b05-bb7e16aa524f,eac848f9-b84c-44f8-85b7-faaa345a11e2",0.00,26,"2023-04-03 12:12:57",Dev,"2023-07-20 10:22:09",CC Token,update_status_coupon_end_time_task_id,daa341d1-9dca-4c86-8945-626f9cc9f995,15,43228,"2020-08-18 10:48:29",Dev,"2025-07-25 02:11:50",SELF,f85794f3-aace-4b8d-9073-11395e9916ef,155200.00,IDR,https://d2qjkwm11akmwu.cloudfront.net/products/846594_20-7-2023_10-21-13.png,218,"Temukan informasi lengkap Cataflam 50 mg 2 Strip (10 Tablet/Strip) - Hemat Borongan di Halodoc. Beli Cataflam 50 mg 2 Strip (10 Tablet/Strip) - Hemat Borongan 1 Jam Sampai, Dikirim dari Apotek Tepercaya, Buka 24 Jam*","20250429, QAT-0422, Lebih-Hemat, ||M4I ||ETHICAL PRODUCT ||T1K, ||T2K, ||T3K [[gratis ongkir]] [[bisagratisongkir]][[mbjgratisongkir]] [[bisagratisongkir]] [[digestgratisongkir]] [[pastigratisongkir]] [[hemborotc]]",Cataflam 50 mg 2 Strip (10 Tablet/Strip) - Hemat Borongan,https://d2qjkwm11akmwu.cloudfront.net/thumbnails/809446_20-7-2023_10-21-59.png,medicine,b2c,1,active,174600.00,155200.00,0.02,115000.00,155200.00,0.05,0,,,,"[""tablet""]","[{""type"":""thumbnail_url"",""extension"":""webp"",""url"":""https://d2qjkwm11akmwu.cloudfront.net/thumbnails/809446_20-7-2023_10-21-59.webp""},{""type"":""image_url"",""extension"":""png"",""url"":""https://d2qjkwm11akmwu.cloudfront.net/products/846594_20-7-2023_10-21-13.png""},{""type"":""thumbnail_url"",""extension"":""png"",""url"":""https://d2qjkwm11akmwu.cloudfront.net/thumbnails/809446_20-7-2023_10-21-59.png""},{""type"":""image_url"",""extension"":""webp"",""url"":""https://d2qjkwm11akmwu.cloudfront.net/products/846594_20-7-2023_10-21-13.webp""}]",d81d6b7e-5791-4f0c-9bad-4fa5a8e8aa62,0,1,1,155200.00,147400.00,,
16,"2023-04-03 12:12:57",Dev,"2023-07-17 16:38:42",SELF,dd6cd0fc-eba0-441b-812f-a78022e6537f,"0",BISAGRATISONGKIR,43295,4812746,3360,"2023-04-03 13:00:00","2023-12-31 23:59:00",delayed_instant,"376708cf-e01e-4620-a5cf-54b9a1588316,b44c5b7e-b844-4105-acb8-858aaca5f8d8,49c1f3e0-4252-48c7-a007-8fd58e0fce42,ed1ac092-8663-42e2-96d1-d2af62267ad4,a561bd82-f0ef-45dd-bb79-85c5b0f00fc2,c1b2332b-644c-44a2-a878-0bf9c37e29b1,37eb40ff-cce3-4de6-b839-9cb5445a470f,74fcb9d1-a7b7-4672-ac7f-a1b62d8912a0,7976b31b-63fb-401e-87cc-c6e81ee7b5fd,484583cd-a5cc-40c6-bf9d-31ca6038400a,1963798f-8e06-4aa0-bda9-eb794e85a3ee,217d7de6-0412-4ebc-96df-2d8cfddd99e0,59c8f490-a9f0-497f-97e5-a0b175c23168,7e56512f-c4ed-490b-be84-d2fd21b1180c,ba7166a7-537a-4cfc-a27a-6642dd6764d8,07c03415-0d69-4c43-bc4a-d8a9ee0e3c7e,d7dbdc3c-0b3c-4be4-80eb-daad1e3dedd5,bfa2728f-1c97-4335-8547-1df04059a35b,de59f903-d42f-4640-92b5-0b8415bd7e1b,535d9556-fd19-468f-850b-5b01bff28c15,c21968b7-cc5a-43f8-8e33-552d89ce5846,ef63202b-ae39-4645-b570-c72ea02b7412,2d190978-db01-4027-8b05-bb7e16aa524f,eac848f9-b84c-44f8-85b7-faaa345a11e2",0.00,27,"2023-04-03 12:12:57",Dev,"2023-04-03 12:12:57",Dev,update_status_coupon_start_time_task_id,bc5e0c4d-b4c7-4f7e-a50b-56e484fac64c,16,43295,"2020-08-18 10:48:49",Dev,"2025-07-25 02:06:18",SELF,de2059e7-7e7f-4ba1-aaf6-eaccbfb76ee6,205000.00,IDR,https://d2qjkwm11akmwu.cloudfront.net/products/677692_20-7-2023_11-0-1.png,316,"Temukan informasi lengkap Imodium 2 mg 2 Strip (10 Tablet/Strip) - Hemat Borongan di Halodoc. Beli Imodium 2 mg 2 Strip (10 Tablet/Strip) - Hemat Borongan 1 Jam Sampai, Dikirim dari Apotek Tepercaya, Buka 24 Jam*","20250429, QAT-1222, Lebih-Hemat, ||M4I ||ETHICAL PRODUCT ||T2K, ||T3K [[gratis ongkir]] [[bisagratisongkir]][[bisagratisongkir]] [[digestgratisongkir]] [[pastigratisongkir]] [[hemborotc]] [[hembor2025]] [[diarehalodoc]]",Imodium 2 mg 2 Strip (10 Tablet/Strip) - Hemat Borongan,https://d2qjkwm11akmwu.cloudfront.net/thumbnails/569068_20-7-2023_11-0-7.png,medicine,b2c,1,active,218000.00,205000.00,0.01,148100.00,205000.00,0.05,0,,,,"[""tablet""]","[{""type"":""image_url"",""extension"":""png"",""url"":""https://d2qjkwm11akmwu.cloudfront.net/products/677692_20-7-2023_11-0-1.png""},{""type"":""thumbnail_url"",""extension"":""webp"",""url"":""https://d2qjkwm11akmwu.cloudfront.net/thumbnails/569068_20-7-2023_11-0-7.webp""},{""type"":""thumbnail_url"",""extension"":""png"",""url"":""https://d2qjkwm11akmwu.cloudfront.net/thumbnails/569068_20-7-2023_11-0-7.png""},{""type"":""image_url"",""extension"":""webp"",""url"":""https://d2qjkwm11akmwu.cloudfront.net/products/677692_20-7-2023_11-0-1.webp""}]","26e142e9-2336-4115-bffc-676c560e8ceb",0,1,1,205000.00,194700.00,,
16,"2023-04-03 12:12:57",Dev,"2023-07-17 16:38:42",SELF,dd6cd0fc-eba0-441b-812f-a78022e6537f,"0",BISAGRATISONGKIR,43295,4812746,3360,"2023-04-03 13:00:00","2023-12-31 23:59:00",delayed_instant,"376708cf-e01e-4620-a5cf-54b9a1588316,b44c5b7e-b844-4105-acb8-858aaca5f8d8,49c1f3e0-4252-48c7-a007-8fd58e0fce42,ed1ac092-8663-42e2-96d1-d2af62267ad4,a561bd82-f0ef-45dd-bb79-85c5b0f00fc2,c1b2332b-644c-44a2-a878-0bf9c37e29b1,37eb40ff-cce3-4de6-b839-9cb5445a470f,74fcb9d1-a7b7-4672-ac7f-a1b62d8912a0,7976b31b-63fb-401e-87cc-c6e81ee7b5fd,484583cd-a5cc-40c6-bf9d-31ca6038400a,1963798f-8e06-4aa0-bda9-eb794e85a3ee,217d7de6-0412-4ebc-96df-2d8cfddd99e0,59c8f490-a9f0-497f-97e5-a0b175c23168,7e56512f-c4ed-490b-be84-d2fd21b1180c,ba7166a7-537a-4cfc-a27a-6642dd6764d8,07c03415-0d69-4c43-bc4a-d8a9ee0e3c7e,d7dbdc3c-0b3c-4be4-80eb-daad1e3dedd5,bfa2728f-1c97-4335-8547-1df04059a35b,de59f903-d42f-4640-92b5-0b8415bd7e1b,535d9556-fd19-468f-850b-5b01bff28c15,c21968b7-cc5a-43f8-8e33-552d89ce5846,ef63202b-ae39-4645-b570-c72ea02b7412,2d190978-db01-4027-8b05-bb7e16aa524f,eac848f9-b84c-44f8-85b7-faaa345a11e2",0.00,28,"2023-04-03 12:12:57",Dev,"2023-07-20 11:00:12",CC Token,update_status_coupon_end_time_task_id,f4719bc7-cbd1-48de-92e6-6a011f9fb100,16,43295,"2020-08-18 10:48:49",Dev,"2025-07-25 02:06:18",SELF,de2059e7-7e7f-4ba1-aaf6-eaccbfb76ee6,205000.00,IDR,https://d2qjkwm11akmwu.cloudfront.net/products/677692_20-7-2023_11-0-1.png,316,"Temukan informasi lengkap Imodium 2 mg 2 Strip (10 Tablet/Strip) - Hemat Borongan di Halodoc. Beli Imodium 2 mg 2 Strip (10 Tablet/Strip) - Hemat Borongan 1 Jam Sampai, Dikirim dari Apotek Tepercaya, Buka 24 Jam*","20250429, QAT-1222, Lebih-Hemat, ||M4I ||ETHICAL PRODUCT ||T2K, ||T3K [[gratis ongkir]] [[bisagratisongkir]][[bisagratisongkir]] [[digestgratisongkir]] [[pastigratisongkir]] [[hemborotc]] [[hembor2025]] [[diarehalodoc]]",Imodium 2 mg 2 Strip (10 Tablet/Strip) - Hemat Borongan,https://d2qjkwm11akmwu.cloudfront.net/thumbnails/569068_20-7-2023_11-0-7.png,medicine,b2c,1,active,218000.00,205000.00,0.01,148100.00,205000.00,0.05,0,,,,"[""tablet""]","[{""type"":""image_url"",""extension"":""png"",""url"":""https://d2qjkwm11akmwu.cloudfront.net/products/677692_20-7-2023_11-0-1.png""},{""type"":""thumbnail_url"",""extension"":""webp"",""url"":""https://d2qjkwm11akmwu.cloudfront.net/thumbnails/569068_20-7-2023_11-0-7.webp""},{""type"":""thumbnail_url"",""extension"":""png"",""url"":""https://d2qjkwm11akmwu.cloudfront.net/thumbnails/569068_20-7-2023_11-0-7.png""},{""type"":""image_url"",""extension"":""webp"",""url"":""https://d2qjkwm11akmwu.cloudfront.net/products/677692_20-7-2023_11-0-1.webp""}]","26e142e9-2336-4115-bffc-676c560e8ceb",0,1,1,205000.00,194700.00,,
17,"2023-04-03 12:12:57",Dev,"2023-07-17 16:38:42",SELF,f35d3a57-1ab1-404f-b496-3a66bf7481d3,"0",BISAGRATISONGKIR,43341,4812746,3360,"2023-04-03 13:00:00","2023-12-31 23:59:00",delayed_instant,"376708cf-e01e-4620-a5cf-54b9a1588316,b44c5b7e-b844-4105-acb8-858aaca5f8d8,49c1f3e0-4252-48c7-a007-8fd58e0fce42,ed1ac092-8663-42e2-96d1-d2af62267ad4,a561bd82-f0ef-45dd-bb79-85c5b0f00fc2,c1b2332b-644c-44a2-a878-0bf9c37e29b1,37eb40ff-cce3-4de6-b839-9cb5445a470f,74fcb9d1-a7b7-4672-ac7f-a1b62d8912a0,7976b31b-63fb-401e-87cc-c6e81ee7b5fd,484583cd-a5cc-40c6-bf9d-31ca6038400a,1963798f-8e06-4aa0-bda9-eb794e85a3ee,217d7de6-0412-4ebc-96df-2d8cfddd99e0,59c8f490-a9f0-497f-97e5-a0b175c23168,7e56512f-c4ed-490b-be84-d2fd21b1180c,ba7166a7-537a-4cfc-a27a-6642dd6764d8,07c03415-0d69-4c43-bc4a-d8a9ee0e3c7e,d7dbdc3c-0b3c-4be4-80eb-daad1e3dedd5,bfa2728f-1c97-4335-8547-1df04059a35b,de59f903-d42f-4640-92b5-0b8415bd7e1b,535d9556-fd19-468f-850b-5b01bff28c15,c21968b7-cc5a-43f8-8e33-552d89ce5846,ef63202b-ae39-4645-b570-c72ea02b7412,2d190978-db01-4027-8b05-bb7e16aa524f,eac848f9-b84c-44f8-85b7-faaa345a11e2",0.00,29,"2023-04-03 12:12:57",Dev,"2023-04-03 12:12:57",Dev,update_status_coupon_start_time_task_id,f1a9701b-6128-41c4-a7ba-81193aa980e5,17,43341,"2020-08-18 10:49:03",Dev,"2025-07-25 02:06:21",SELF,fb41bc1c-45fe-4164-ad2d-5e4ba073022f,94000.00,IDR,https://d2qjkwm11akmwu.cloudfront.net/products/63978_5-5-2023_19-3-43.jpeg,50,"Temukan informasi lengkap Cendo Protagenta Minidose 0.6 ml 2 Strip (5 Botol/Strip) - Hemat Borongan di Halodoc. Beli Cendo Protagenta Minidose 0.6 ml 2 Strip (5 Botol/Strip) - Hemat Borongan 1 Jam Sampai, Dikirim dari Apotek Tepercaya, Buka 24 Jam*","20250429, QAT-1122, Lebih-Hemat ||M4I ||T1K, ||T2K, ||T3K [[gratis ongkir]] [[bisagratisongkir]][[mbjgratisongkir]] [[bisagratisongkir]] [[digestgratisongkir]] [[pastigratisongkir]] [[hemborotc]] [[hematherbalotc]] [[halodocny]] [[hembor2025]] [[otc mata]] [[hdobatmata]]",Cendo Protagenta Minidose 0.6 ml 2 Strip (5 Botol/Strip) - Hemat Borongan,https://d2qjkwm11akmwu.cloudfront.net/thumbnails/191338_5-5-2023_19-3-46.png,medicine,b2c,1,active,104200.00,94000.00,0.02,71000.00,94000.00,0.05,1,"2023-10-25 00:00:00","2023-10-31 00:00:00",0,"[""drops""]","[{""type"":""thumbnail_url"",""extension"":""png"",""url"":""https://d2qjkwm11akmwu.cloudfront.net/thumbnails/191338_5-5-2023_19-3-46.png""},{""type"":""image_url"",""extension"":""webp"",""url"":""https://d2qjkwm11akmwu.cloudfront.net/products/63978_5-5-2023_19-3-43.webp""},{""type"":""thumbnail_url"",""extension"":""webp"",""url"":""https://d2qjkwm11akmwu.cloudfront.net/thumbnails/191338_5-5-2023_19-3-46.webp""},{""type"":""image_url"",""extension"":""jpeg"",""url"":""https://d2qjkwm11akmwu.cloudfront.net/products/63978_5-5-2023_19-3-43.jpeg""}]","4f745ddb-db20-408c-8903-342de5ab66a5",0,1,1,94000.00,89300.00,,
17,"2023-04-03 12:12:57",Dev,"2023-07-17 16:38:42",SELF,f35d3a57-1ab1-404f-b496-3a66bf7481d3,"0",BISAGRATISONGKIR,43341,4812746,3360,"2023-04-03 13:00:00","2023-12-31 23:59:00",delayed_instant,"376708cf-e01e-4620-a5cf-54b9a1588316,b44c5b7e-b844-4105-acb8-858aaca5f8d8,49c1f3e0-4252-48c7-a007-8fd58e0fce42,ed1ac092-8663-42e2-96d1-d2af62267ad4,a561bd82-f0ef-45dd-bb79-85c5b0f00fc2,c1b2332b-644c-44a2-a878-0bf9c37e29b1,37eb40ff-cce3-4de6-b839-9cb5445a470f,74fcb9d1-a7b7-4672-ac7f-a1b62d8912a0,7976b31b-63fb-401e-87cc-c6e81ee7b5fd,484583cd-a5cc-40c6-bf9d-31ca6038400a,1963798f-8e06-4aa0-bda9-eb794e85a3ee,217d7de6-0412-4ebc-96df-2d8cfddd99e0,59c8f490-a9f0-497f-97e5-a0b175c23168,7e56512f-c4ed-490b-be84-d2fd21b1180c,ba7166a7-537a-4cfc-a27a-6642dd6764d8,07c03415-0d69-4c43-bc4a-d8a9ee0e3c7e,d7dbdc3c-0b3c-4be4-80eb-daad1e3dedd5,bfa2728f-1c97-4335-8547-1df04059a35b,de59f903-d42f-4640-92b5-0b8415bd7e1b,535d9556-fd19-468f-850b-5b01bff28c15,c21968b7-cc5a-43f8-8e33-552d89ce5846,ef63202b-ae39-4645-b570-c72ea02b7412,2d190978-db01-4027-8b05-bb7e16aa524f,eac848f9-b84c-44f8-85b7-faaa345a11e2",0.00,30,"2023-04-03 12:12:58",Dev,"2023-10-25 09:00:07",CC Token,update_status_coupon_end_time_task_id,"901ce20c-88f7-4264-8b29-fea4a344c043",17,43341,"2020-08-18 10:49:03",Dev,"2025-07-25 02:06:21",SELF,fb41bc1c-45fe-4164-ad2d-5e4ba073022f,94000.00,IDR,https://d2qjkwm11akmwu.cloudfront.net/products/63978_5-5-2023_19-3-43.jpeg,50,"Temukan informasi lengkap Cendo Protagenta Minidose 0.6 ml 2 Strip (5 Botol/Strip) - Hemat Borongan di Halodoc. Beli Cendo Protagenta Minidose 0.6 ml 2 Strip (5 Botol/Strip) - Hemat Borongan 1 Jam Sampai, Dikirim dari Apotek Tepercaya, Buka 24 Jam*","20250429, QAT-1122, Lebih-Hemat ||M4I ||T1K, ||T2K, ||T3K [[gratis ongkir]] [[bisagratisongkir]][[mbjgratisongkir]] [[bisagratisongkir]] [[digestgratisongkir]] [[pastigratisongkir]] [[hemborotc]] [[hematherbalotc]] [[halodocny]] [[hembor2025]] [[otc mata]] [[hdobatmata]]",Cendo Protagenta Minidose 0.6 ml 2 Strip (5 Botol/Strip) - Hemat Borongan,https://d2qjkwm11akmwu.cloudfront.net/thumbnails/191338_5-5-2023_19-3-46.png,medicine,b2c,1,active,104200.00,94000.00,0.02,71000.00,94000.00,0.05,1,"2023-10-25 00:00:00","2023-10-31 00:00:00",0,"[""drops""]","[{""type"":""thumbnail_url"",""extension"":""png"",""url"":""https://d2qjkwm11akmwu.cloudfront.net/thumbnails/191338_5-5-2023_19-3-46.png""},{""type"":""image_url"",""extension"":""webp"",""url"":""https://d2qjkwm11akmwu.cloudfront.net/products/63978_5-5-2023_19-3-43.webp""},{""type"":""thumbnail_url"",""extension"":""webp"",""url"":""https://d2qjkwm11akmwu.cloudfront.net/thumbnails/191338_5-5-2023_19-3-46.webp""},{""type"":""image_url"",""extension"":""jpeg"",""url"":""https://d2qjkwm11akmwu.cloudfront.net/products/63978_5-5-2023_19-3-43.jpeg""}]","4f745ddb-db20-408c-8903-342de5ab66a5",0,1,1,94000.00,89300.00,,
18,"2023-04-03 12:12:58",Dev,"2023-07-17 16:38:42",SELF,"8f2777ad-2f28-4e09-910a-05bced2f1267","0",BISAGRATISONGKIR,43354,4812746,3360,"2023-04-03 13:00:00","2023-12-31 23:59:00",delayed_instant,"376708cf-e01e-4620-a5cf-54b9a1588316,b44c5b7e-b844-4105-acb8-858aaca5f8d8,49c1f3e0-4252-48c7-a007-8fd58e0fce42,ed1ac092-8663-42e2-96d1-d2af62267ad4,a561bd82-f0ef-45dd-bb79-85c5b0f00fc2,c1b2332b-644c-44a2-a878-0bf9c37e29b1,37eb40ff-cce3-4de6-b839-9cb5445a470f,74fcb9d1-a7b7-4672-ac7f-a1b62d8912a0,7976b31b-63fb-401e-87cc-c6e81ee7b5fd,484583cd-a5cc-40c6-bf9d-31ca6038400a,1963798f-8e06-4aa0-bda9-eb794e85a3ee,217d7de6-0412-4ebc-96df-2d8cfddd99e0,59c8f490-a9f0-497f-97e5-a0b175c23168,7e56512f-c4ed-490b-be84-d2fd21b1180c,ba7166a7-537a-4cfc-a27a-6642dd6764d8,07c03415-0d69-4c43-bc4a-d8a9ee0e3c7e,d7dbdc3c-0b3c-4be4-80eb-daad1e3dedd5,bfa2728f-1c97-4335-8547-1df04059a35b,de59f903-d42f-4640-92b5-0b8415bd7e1b,535d9556-fd19-468f-850b-5b01bff28c15,c21968b7-cc5a-43f8-8e33-552d89ce5846,ef63202b-ae39-4645-b570-c72ea02b7412,2d190978-db01-4027-8b05-bb7e16aa524f,eac848f9-b84c-44f8-85b7-faaa345a11e2",0.00,31,"2023-04-03 12:12:58",Dev,"2023-04-03 12:12:58",Dev,update_status_coupon_start_time_task_id,"322dcb73-6bcc-4bed-b2dc-36e11cffeaa0",18,43354,"2020-08-18 10:49:06",Dev,"2025-07-25 02:11:53",SELF,ef59ee1a-d3c3-42aa-b8de-5400d0b38cb6,146600.00,IDR,https://d2qjkwm11akmwu.cloudfront.net/products/444111_8-5-2023_16-41-28.png,50,"Temukan informasi lengkap Cendo Hyalub Minidose 0.6 ml 2 Strip (5 Botol/Strip) - Hemat Borongan di Halodoc. Beli Cendo Hyalub Minidose 0.6 ml 2 Strip (5 Botol/Strip) - Hemat Borongan 1 Jam Sampai, Dikirim dari Apotek Tepercaya, Buka 24 Jam*","20250429,QAT-1122, Lebih-Hemat, ||M4I ||ETHICAL PRODUCT ||T1K, ||T2K, ||T3K [[gratis ongkir]] [[bisagratisongkir]][[mbjgratisongkir]] [[bisagratisongkir]] [[digestgratisongkir]] [[pastigratisongkir]] [[hemborotc]] [[halodocny]] [[hembor2025]] [[hdobatmata]]",Cendo Hyalub Minidose 0.6 ml 2 Strip (5 Botol/Strip) - Hemat Borongan,https://d2qjkwm11akmwu.cloudfront.net/thumbnails/582513_8-5-2023_16-41-39.png,medicine,b2c,1,active,164000.00,120600.00,0.02,114000.00,137400.00,0.05,0,"2023-10-03 00:00:00","2023-10-10 00:00:00",0,"[""drops""]","[{""type"":""thumbnail_url"",""extension"":""webp"",""url"":""https://d2qjkwm11akmwu.cloudfront.net/thumbnails/582513_8-5-2023_16-41-39.webp""},{""type"":""image_url"",""extension"":""webp"",""url"":""https://d2qjkwm11akmwu.cloudfront.net/products/444111_8-5-2023_16-41-28.webp""},{""type"":""image_url"",""extension"":""png"",""url"":""https://d2qjkwm11akmwu.cloudfront.net/products/444111_8-5-2023_16-41-28.png""},{""type"":""thumbnail_url"",""extension"":""png"",""url"":""https://d2qjkwm11akmwu.cloudfront.net/thumbnails/582513_8-5-2023_16-41-39.png""}]","8ede5eca-d0f1-4ff4-915c-f84119e6910a",0,1,0,0.00,0.00,,
18,"2023-04-03 12:12:58",Dev,"2023-07-17 16:38:42",SELF,"8f2777ad-2f28-4e09-910a-05bced2f1267","0",BISAGRATISONGKIR,43354,4812746,3360,"2023-04-03 13:00:00","2023-12-31 23:59:00",delayed_instant,"376708cf-e01e-4620-a5cf-54b9a1588316,b44c5b7e-b844-4105-acb8-858aaca5f8d8,49c1f3e0-4252-48c7-a007-8fd58e0fce42,ed1ac092-8663-42e2-96d1-d2af62267ad4,a561bd82-f0ef-45dd-bb79-85c5b0f00fc2,c1b2332b-644c-44a2-a878-0bf9c37e29b1,37eb40ff-cce3-4de6-b839-9cb5445a470f,74fcb9d1-a7b7-4672-ac7f-a1b62d8912a0,7976b31b-63fb-401e-87cc-c6e81ee7b5fd,484583cd-a5cc-40c6-bf9d-31ca6038400a,1963798f-8e06-4aa0-bda9-eb794e85a3ee,217d7de6-0412-4ebc-96df-2d8cfddd99e0,59c8f490-a9f0-497f-97e5-a0b175c23168,7e56512f-c4ed-490b-be84-d2fd21b1180c,ba7166a7-537a-4cfc-a27a-6642dd6764d8,07c03415-0d69-4c43-bc4a-d8a9ee0e3c7e,d7dbdc3c-0b3c-4be4-80eb-daad1e3dedd5,bfa2728f-1c97-4335-8547-1df04059a35b,de59f903-d42f-4640-92b5-0b8415bd7e1b,535d9556-fd19-468f-850b-5b01bff28c15,c21968b7-cc5a-43f8-8e33-552d89ce5846,ef63202b-ae39-4645-b570-c72ea02b7412,2d190978-db01-4027-8b05-bb7e16aa524f,eac848f9-b84c-44f8-85b7-faaa345a11e2",0.00,32,"2023-04-03 12:12:58",Dev,"2023-10-05 13:22:57",CC Token,update_status_coupon_end_time_task_id,"8044ff52-e749-4105-b6da-8f5ca6f87603",18,43354,"2020-08-18 10:49:06",Dev,"2025-07-25 02:11:53",SELF,ef59ee1a-d3c3-42aa-b8de-5400d0b38cb6,146600.00,IDR,https://d2qjkwm11akmwu.cloudfront.net/products/444111_8-5-2023_16-41-28.png,50,"Temukan informasi lengkap Cendo Hyalub Minidose 0.6 ml 2 Strip (5 Botol/Strip) - Hemat Borongan di Halodoc. Beli Cendo Hyalub Minidose 0.6 ml 2 Strip (5 Botol/Strip) - Hemat Borongan 1 Jam Sampai, Dikirim dari Apotek Tepercaya, Buka 24 Jam*","20250429,QAT-1122, Lebih-Hemat, ||M4I ||ETHICAL PRODUCT ||T1K, ||T2K, ||T3K [[gratis ongkir]] [[bisagratisongkir]][[mbjgratisongkir]] [[bisagratisongkir]] [[digestgratisongkir]] [[pastigratisongkir]] [[hemborotc]] [[halodocny]] [[hembor2025]] [[hdobatmata]]",Cendo Hyalub Minidose 0.6 ml 2 Strip (5 Botol/Strip) - Hemat Borongan,https://d2qjkwm11akmwu.cloudfront.net/thumbnails/582513_8-5-2023_16-41-39.png,medicine,b2c,1,active,164000.00,120600.00,0.02,114000.00,137400.00,0.05,0,"2023-10-03 00:00:00","2023-10-10 00:00:00",0,"[""drops""]","[{""type"":""thumbnail_url"",""extension"":""webp"",""url"":""https://d2qjkwm11akmwu.cloudfront.net/thumbnails/582513_8-5-2023_16-41-39.webp""},{""type"":""image_url"",""extension"":""webp"",""url"":""https://d2qjkwm11akmwu.cloudfront.net/products/444111_8-5-2023_16-41-28.webp""},{""type"":""image_url"",""extension"":""png"",""url"":""https://d2qjkwm11akmwu.cloudfront.net/products/444111_8-5-2023_16-41-28.png""},{""type"":""thumbnail_url"",""extension"":""png"",""url"":""https://d2qjkwm11akmwu.cloudfront.net/thumbnails/582513_8-5-2023_16-41-39.png""}]","8ede5eca-d0f1-4ff4-915c-f84119e6910a",0,1,0,0.00,0.00,,
19,"2023-04-03 12:12:58",Dev,"2023-07-17 16:38:42",SELF,"0637942d-7b69-4c43-bfa4-bffb34d340ac","0",BISAGRATISONGKIR,43411,4812746,3360,"2023-04-03 13:00:00","2023-12-31 23:59:00",delayed_instant,"376708cf-e01e-4620-a5cf-54b9a1588316,b44c5b7e-b844-4105-acb8-858aaca5f8d8,49c1f3e0-4252-48c7-a007-8fd58e0fce42,ed1ac092-8663-42e2-96d1-d2af62267ad4,a561bd82-f0ef-45dd-bb79-85c5b0f00fc2,c1b2332b-644c-44a2-a878-0bf9c37e29b1,37eb40ff-cce3-4de6-b839-9cb5445a470f,74fcb9d1-a7b7-4672-ac7f-a1b62d8912a0,7976b31b-63fb-401e-87cc-c6e81ee7b5fd,484583cd-a5cc-40c6-bf9d-31ca6038400a,1963798f-8e06-4aa0-bda9-eb794e85a3ee,217d7de6-0412-4ebc-96df-2d8cfddd99e0,59c8f490-a9f0-497f-97e5-a0b175c23168,7e56512f-c4ed-490b-be84-d2fd21b1180c,ba7166a7-537a-4cfc-a27a-6642dd6764d8,07c03415-0d69-4c43-bc4a-d8a9ee0e3c7e,d7dbdc3c-0b3c-4be4-80eb-daad1e3dedd5,bfa2728f-1c97-4335-8547-1df04059a35b,de59f903-d42f-4640-92b5-0b8415bd7e1b,535d9556-fd19-468f-850b-5b01bff28c15,c21968b7-cc5a-43f8-8e33-552d89ce5846,ef63202b-ae39-4645-b570-c72ea02b7412,2d190978-db01-4027-8b05-bb7e16aa524f,eac848f9-b84c-44f8-85b7-faaa345a11e2",0.00,33,"2023-04-03 12:12:58",Dev,"2023-04-03 12:12:58",Dev,update_status_coupon_start_time_task_id,"15540700-14c3-4066-827b-17cc544837c1",19,43411,"2020-08-18 10:49:22",Dev,"2025-07-25 02:11:57",SELF,"9916f656-39ee-4a2f-967b-3e9c90e0f7a3",416300.00,IDR,https://d2qjkwm11akmwu.cloudfront.net/products/549471_23-12-2021_16-20-17-1665822338.png,239,"Informasi terlengkap tentang Celebrex 100 mg 30 Kapsul - Hemat Borongan. Komposisi, Fungsi, Kegunaan, Ulasan, Efek Samping, Indikasi, Aturan Pakai, dan Dosis.","20250429, Lebih Hemat ||ETHICAL PRODUCT [[gratis ongkir]] [[bisagratisongkir]][[mbjgratisongkir]] [[bisagratisongkir]] [[digestgratisongkir]] [[pastigratisongkir]] [[hemborotc]]",Celebrex 100 mg 3 Strip (10 Kapsul/Strip) - Hemat Borongan,https://d2qjkwm11akmwu.cloudfront.net/thumbnails/823010_23-12-2021_16-20-22-1665822338.png,medicine,b2c,1,active,465600.00,416300.00,0.00,270600.00,416300.00,0.05,0,,,,"[""capsules""]","[{""type"":""image_url"",""extension"":""webp"",""url"":""https://d2qjkwm11akmwu.cloudfront.net/products/549471_23-12-2021_16-20-17-1665822338.webp""},{""type"":""thumbnail_url"",""extension"":""webp"",""url"":""https://d2qjkwm11akmwu.cloudfront.net/thumbnails/823010_23-12-2021_16-20-22-1665822338.webp""},{""type"":""image_url"",""extension"":""png"",""url"":""https://d2qjkwm11akmwu.cloudfront.net/products/549471_23-12-2021_16-20-17-1665822338.png""},{""type"":""thumbnail_url"",""extension"":""png"",""url"":""https://d2qjkwm11akmwu.cloudfront.net/thumbnails/823010_23-12-2021_16-20-22-1665822338.png""}]","2d2005b1-484c-40d0-86ef-d15a96ba58ff",0,1,1,416300.00,395400.00,,
19,"2023-04-03 12:12:58",Dev,"2023-07-17 16:38:42",SELF,"0637942d-7b69-4c43-bfa4-bffb34d340ac","0",BISAGRATISONGKIR,43411,4812746,3360,"2023-04-03 13:00:00","2023-12-31 23:59:00",delayed_instant,"376708cf-e01e-4620-a5cf-54b9a1588316,b44c5b7e-b844-4105-acb8-858aaca5f8d8,49c1f3e0-4252-48c7-a007-8fd58e0fce42,ed1ac092-8663-42e2-96d1-d2af62267ad4,a561bd82-f0ef-45dd-bb79-85c5b0f00fc2,c1b2332b-644c-44a2-a878-0bf9c37e29b1,37eb40ff-cce3-4de6-b839-9cb5445a470f,74fcb9d1-a7b7-4672-ac7f-a1b62d8912a0,7976b31b-63fb-401e-87cc-c6e81ee7b5fd,484583cd-a5cc-40c6-bf9d-31ca6038400a,1963798f-8e06-4aa0-bda9-eb794e85a3ee,217d7de6-0412-4ebc-96df-2d8cfddd99e0,59c8f490-a9f0-497f-97e5-a0b175c23168,7e56512f-c4ed-490b-be84-d2fd21b1180c,ba7166a7-537a-4cfc-a27a-6642dd6764d8,07c03415-0d69-4c43-bc4a-d8a9ee0e3c7e,d7dbdc3c-0b3c-4be4-80eb-daad1e3dedd5,bfa2728f-1c97-4335-8547-1df04059a35b,de59f903-d42f-4640-92b5-0b8415bd7e1b,535d9556-fd19-468f-850b-5b01bff28c15,c21968b7-cc5a-43f8-8e33-552d89ce5846,ef63202b-ae39-4645-b570-c72ea02b7412,2d190978-db01-4027-8b05-bb7e16aa524f,eac848f9-b84c-44f8-85b7-faaa345a11e2",0.00,34,"2023-04-03 12:12:58",Dev,"2023-07-17 16:38:43",SELF,update_status_coupon_end_time_task_id,ba816d52-fd46-4c8a-be91-c92643c11637,19,43411,"2020-08-18 10:49:22",Dev,"2025-07-25 02:11:57",SELF,"9916f656-39ee-4a2f-967b-3e9c90e0f7a3",416300.00,IDR,https://d2qjkwm11akmwu.cloudfront.net/products/549471_23-12-2021_16-20-17-1665822338.png,239,"Informasi terlengkap tentang Celebrex 100 mg 30 Kapsul - Hemat Borongan. Komposisi, Fungsi, Kegunaan, Ulasan, Efek Samping, Indikasi, Aturan Pakai, dan Dosis.","20250429, Lebih Hemat ||ETHICAL PRODUCT [[gratis ongkir]] [[bisagratisongkir]][[mbjgratisongkir]] [[bisagratisongkir]] [[digestgratisongkir]] [[pastigratisongkir]] [[hemborotc]]",Celebrex 100 mg 3 Strip (10 Kapsul/Strip) - Hemat Borongan,https://d2qjkwm11akmwu.cloudfront.net/thumbnails/823010_23-12-2021_16-20-22-1665822338.png,medicine,b2c,1,active,465600.00,416300.00,0.00,270600.00,416300.00,0.05,0,,,,"[""capsules""]","[{""type"":""image_url"",""extension"":""webp"",""url"":""https://d2qjkwm11akmwu.cloudfront.net/products/549471_23-12-2021_16-20-17-1665822338.webp""},{""type"":""thumbnail_url"",""extension"":""webp"",""url"":""https://d2qjkwm11akmwu.cloudfront.net/thumbnails/823010_23-12-2021_16-20-22-1665822338.webp""},{""type"":""image_url"",""extension"":""png"",""url"":""https://d2qjkwm11akmwu.cloudfront.net/products/549471_23-12-2021_16-20-17-1665822338.png""},{""type"":""thumbnail_url"",""extension"":""png"",""url"":""https://d2qjkwm11akmwu.cloudfront.net/thumbnails/823010_23-12-2021_16-20-22-1665822338.png""}]","2d2005b1-484c-40d0-86ef-d15a96ba58ff",0,1,1,416300.00,395400.00,,
20,"2023-04-03 12:12:58",Dev,"2023-07-17 16:38:43",SELF,"31c9c31c-649c-4523-9b3a-05f32b7cbd18","0",BISAGRATISONGKIR,43435,4812746,3360,"2023-04-03 13:00:00","2023-12-31 23:59:00",delayed_instant,"376708cf-e01e-4620-a5cf-54b9a1588316,b44c5b7e-b844-4105-acb8-858aaca5f8d8,49c1f3e0-4252-48c7-a007-8fd58e0fce42,ed1ac092-8663-42e2-96d1-d2af62267ad4,a561bd82-f0ef-45dd-bb79-85c5b0f00fc2,c1b2332b-644c-44a2-a878-0bf9c37e29b1,37eb40ff-cce3-4de6-b839-9cb5445a470f,74fcb9d1-a7b7-4672-ac7f-a1b62d8912a0,7976b31b-63fb-401e-87cc-c6e81ee7b5fd,484583cd-a5cc-40c6-bf9d-31ca6038400a,1963798f-8e06-4aa0-bda9-eb794e85a3ee,217d7de6-0412-4ebc-96df-2d8cfddd99e0,59c8f490-a9f0-497f-97e5-a0b175c23168,7e56512f-c4ed-490b-be84-d2fd21b1180c,ba7166a7-537a-4cfc-a27a-6642dd6764d8,07c03415-0d69-4c43-bc4a-d8a9ee0e3c7e,d7dbdc3c-0b3c-4be4-80eb-daad1e3dedd5,bfa2728f-1c97-4335-8547-1df04059a35b,de59f903-d42f-4640-92b5-0b8415bd7e1b,535d9556-fd19-468f-850b-5b01bff28c15,c21968b7-cc5a-43f8-8e33-552d89ce5846,ef63202b-ae39-4645-b570-c72ea02b7412,2d190978-db01-4027-8b05-bb7e16aa524f,eac848f9-b84c-44f8-85b7-faaa345a11e2",0.00,35,"2023-04-03 12:12:58",Dev,"2023-04-03 12:12:58",Dev,update_status_coupon_start_time_task_id,"762d0727-e8f5-42f0-bae8-8706799f7bc6",20,43435,"2020-08-18 10:49:29",Dev,"2025-07-25 02:06:22",SELF,fba9619e-4e29-4b3a-83a1-960ff5b83fd9,385300.00,IDR,https://d2qjkwm11akmwu.cloudfront.net/products/727831_5-5-2023_18-35-35.png,28,"Temukan informasi lengkap Diane-35 2 Box (21 Tablet/Box) - Hemat Borongan di Halodoc. Beli Diane-35 2 Box (21 Tablet/Box) - Hemat Borongan 1 Jam Sampai, Dikirim dari Apotek Tepercaya, Buka 24 Jam*","20250429, Lebih Hemat ||M4I ||ETHICAL PRODUCT [[hemborkontrasepsi]] [[kontrasepsioral]] ||T1K, ||T2K, ||T3K [[gratis ongkir]] [[bisagratisongkir]][[mbjgratisongkir]] [[bisagratisongkir]] [[digestgratisongkir]] [[rxhemborkontrasepsi]] [[pastigratisongkir]] [[kontrasepsihormon]] [[hemborotc]] [[hembor2025]] [[pilkb]] [[produkpasutri]] [[halointimaregcon]]",Diane-35 2 Box (21 Tablet/Box) - Hemat Borongan,https://d2qjkwm11akmwu.cloudfront.net/thumbnails/888409_5-5-2023_18-35-42.png,medicine,b2c,1,active,453000.00,385300.00,0.02,252800.00,385300.00,0.05,0,,,,"[""tablet""]","[{""type"":""image_url"",""extension"":""png"",""url"":""https://d2qjkwm11akmwu.cloudfront.net/products/727831_5-5-2023_18-35-35.png""},{""type"":""thumbnail_url"",""extension"":""png"",""url"":""https://d2qjkwm11akmwu.cloudfront.net/thumbnails/888409_5-5-2023_18-35-42.png""},{""type"":""thumbnail_url"",""extension"":""webp"",""url"":""https://d2qjkwm11akmwu.cloudfront.net/thumbnails/888409_5-5-2023_18-35-42.webp""},{""type"":""image_url"",""extension"":""webp"",""url"":""https://d2qjkwm11akmwu.cloudfront.net/products/727831_5-5-2023_18-35-35.webp""}]","9431fd52-b723-4f51-92dd-417d826ed3c3",0,1,1,385300.00,366000.00,,
20,"2023-04-03 12:12:58",Dev,"2023-07-17 16:38:43",SELF,"31c9c31c-649c-4523-9b3a-05f32b7cbd18","0",BISAGRATISONGKIR,43435,4812746,3360,"2023-04-03 13:00:00","2023-12-31 23:59:00",delayed_instant,"376708cf-e01e-4620-a5cf-54b9a1588316,b44c5b7e-b844-4105-acb8-858aaca5f8d8,49c1f3e0-4252-48c7-a007-8fd58e0fce42,ed1ac092-8663-42e2-96d1-d2af62267ad4,a561bd82-f0ef-45dd-bb79-85c5b0f00fc2,c1b2332b-644c-44a2-a878-0bf9c37e29b1,37eb40ff-cce3-4de6-b839-9cb5445a470f,74fcb9d1-a7b7-4672-ac7f-a1b62d8912a0,7976b31b-63fb-401e-87cc-c6e81ee7b5fd,484583cd-a5cc-40c6-bf9d-31ca6038400a,1963798f-8e06-4aa0-bda9-eb794e85a3ee,217d7de6-0412-4ebc-96df-2d8cfddd99e0,59c8f490-a9f0-497f-97e5-a0b175c23168,7e56512f-c4ed-490b-be84-d2fd21b1180c,ba7166a7-537a-4cfc-a27a-6642dd6764d8,07c03415-0d69-4c43-bc4a-d8a9ee0e3c7e,d7dbdc3c-0b3c-4be4-80eb-daad1e3dedd5,bfa2728f-1c97-4335-8547-1df04059a35b,de59f903-d42f-4640-92b5-0b8415bd7e1b,535d9556-fd19-468f-850b-5b01bff28c15,c21968b7-cc5a-43f8-8e33-552d89ce5846,ef63202b-ae39-4645-b570-c72ea02b7412,2d190978-db01-4027-8b05-bb7e16aa524f,eac848f9-b84c-44f8-85b7-faaa345a11e2",0.00,36,"2023-04-03 12:12:58",Dev,"2023-07-17 16:38:43",SELF,update_status_coupon_end_time_task_id,c0291f15-ac8a-45e4-bf69-62a393c9f089,20,43435,"2020-08-18 10:49:29",Dev,"2025-07-25 02:06:22",SELF,fba9619e-4e29-4b3a-83a1-960ff5b83fd9,385300.00,IDR,https://d2qjkwm11akmwu.cloudfront.net/products/727831_5-5-2023_18-35-35.png,28,"Temukan informasi lengkap Diane-35 2 Box (21 Tablet/Box) - Hemat Borongan di Halodoc. Beli Diane-35 2 Box (21 Tablet/Box) - Hemat Borongan 1 Jam Sampai, Dikirim dari Apotek Tepercaya, Buka 24 Jam*","20250429, Lebih Hemat ||M4I ||ETHICAL PRODUCT [[hemborkontrasepsi]] [[kontrasepsioral]] ||T1K, ||T2K, ||T3K [[gratis ongkir]] [[bisagratisongkir]][[mbjgratisongkir]] [[bisagratisongkir]] [[digestgratisongkir]] [[rxhemborkontrasepsi]] [[pastigratisongkir]] [[kontrasepsihormon]] [[hemborotc]] [[hembor2025]] [[pilkb]] [[produkpasutri]] [[halointimaregcon]]",Diane-35 2 Box (21 Tablet/Box) - Hemat Borongan,https://d2qjkwm11akmwu.cloudfront.net/thumbnails/888409_5-5-2023_18-35-42.png,medicine,b2c,1,active,453000.00,385300.00,0.02,252800.00,385300.00,0.05,0,,,,"[""tablet""]","[{""type"":""image_url"",""extension"":""png"",""url"":""https://d2qjkwm11akmwu.cloudfront.net/products/727831_5-5-2023_18-35-35.png""},{""type"":""thumbnail_url"",""extension"":""png"",""url"":""https://d2qjkwm11akmwu.cloudfront.net/thumbnails/888409_5-5-2023_18-35-42.png""},{""type"":""thumbnail_url"",""extension"":""webp"",""url"":""https://d2qjkwm11akmwu.cloudfront.net/thumbnails/888409_5-5-2023_18-35-42.webp""},{""type"":""image_url"",""extension"":""webp"",""url"":""https://d2qjkwm11akmwu.cloudfront.net/products/727831_5-5-2023_18-35-35.webp""}]","9431fd52-b723-4f51-92dd-417d826ed3c3",0,1,1,385300.00,366000.00,,
21,"2023-04-03 12:12:59",Dev,"2023-07-17 16:38:43",SELF,"58862f8a-ff90-4890-837c-70f86b5a2a47","0",BISAGRATISONGKIR,43921,4812746,3360,"2023-04-03 13:00:00","2023-12-31 23:59:00",delayed_instant,"376708cf-e01e-4620-a5cf-54b9a1588316,b44c5b7e-b844-4105-acb8-858aaca5f8d8,49c1f3e0-4252-48c7-a007-8fd58e0fce42,ed1ac092-8663-42e2-96d1-d2af62267ad4,a561bd82-f0ef-45dd-bb79-85c5b0f00fc2,c1b2332b-644c-44a2-a878-0bf9c37e29b1,37eb40ff-cce3-4de6-b839-9cb5445a470f,74fcb9d1-a7b7-4672-ac7f-a1b62d8912a0,7976b31b-63fb-401e-87cc-c6e81ee7b5fd,484583cd-a5cc-40c6-bf9d-31ca6038400a,1963798f-8e06-4aa0-bda9-eb794e85a3ee,217d7de6-0412-4ebc-96df-2d8cfddd99e0,59c8f490-a9f0-497f-97e5-a0b175c23168,7e56512f-c4ed-490b-be84-d2fd21b1180c,ba7166a7-537a-4cfc-a27a-6642dd6764d8,07c03415-0d69-4c43-bc4a-d8a9ee0e3c7e,d7dbdc3c-0b3c-4be4-80eb-daad1e3dedd5,bfa2728f-1c97-4335-8547-1df04059a35b,de59f903-d42f-4640-92b5-0b8415bd7e1b,535d9556-fd19-468f-850b-5b01bff28c15,c21968b7-cc5a-43f8-8e33-552d89ce5846,ef63202b-ae39-4645-b570-c72ea02b7412,2d190978-db01-4027-8b05-bb7e16aa524f,eac848f9-b84c-44f8-85b7-faaa345a11e2",0.00,37,"2023-04-03 12:12:59",Dev,"2023-04-03 12:12:59",Dev,update_status_coupon_start_time_task_id,"8c14d494-fba2-49d3-8988-79e61c76536e",21,43921,"2020-09-29 12:29:37",Dev,"2025-07-25 02:06:26",SELF,"1a02a95a-37bd-4802-92f4-e2894556c8cd",697500.00,IDR,https://d2qjkwm11akmwu.cloudfront.net/products/682185_5-5-2023_18-52-49.png,319,"Informasi terlengkap tentang Harnal Ocas 0.4 mg. Komposisi, Fungsi, Kegunaan, Ulasan, Efek Samping, Indikasi, Aturan Pakai, dan Dosis.","20220331, Kemih, urin, Hiperplasia, Prostat, Originatory, Tamsulosin 0.4, Obat Rutin, Routine Medicines, ?Subscriptions, Subscription, Langganan[Genitourinary System] ||ETHICAL PRODUCT ||T1K, ||T2K, ||T3K [[gratis ongkir]] [[bisagratisongkir]][[mbjgratisongkir]] [[bisagratisongkir]] [[digestgratisongkir]] [[pastigratisongkir]] [[hemborotc]]",Harnal Ocas 0.4 mg 3 Strip (10 Tablet/Strip) - Hemat Borongan,https://d2qjkwm11akmwu.cloudfront.net/thumbnails/299463_5-5-2023_18-52-59.png,medicine,b2c,1,active,697500.00,299700.00,0.00,107200.00,586800.00,0.09,0,,,,"[""rub"",""tube"",""syringe"",""spray"",""measuring_spoon_15ml"",""micrograms"",""measuring_spoon"",""sheets"",""ovula"",""drops"",""measuring_spoon_5ml"",""capsules"",""milligrams"",""patch"",""unit"",""bottle"",""suppository"",""cup"",""ml"",""sachet"",""measuring_spoon_10ml"",""pill"",""ampule"",""tablet"",""table_spoon""]","[{""type"":""thumbnail_url"",""extension"":""webp"",""url"":""https://d2qjkwm11akmwu.cloudfront.net/thumbnails/299463_5-5-2023_18-52-59.webp""},{""type"":""thumbnail_url"",""extension"":""png"",""url"":""https://d2qjkwm11akmwu.cloudfront.net/thumbnails/299463_5-5-2023_18-52-59.png""},{""type"":""image_url"",""extension"":""webp"",""url"":""https://d2qjkwm11akmwu.cloudfront.net/products/682185_5-5-2023_18-52-49.webp""},{""type"":""image_url"",""extension"":""png"",""url"":""https://d2qjkwm11akmwu.cloudfront.net/products/682185_5-5-2023_18-52-49.png""}]","293e557e-dd39-43c6-bb81-6432750211c6",0,1,0,0.00,0.00,,
21,"2023-04-03 12:12:59",Dev,"2023-07-17 16:38:43",SELF,"58862f8a-ff90-4890-837c-70f86b5a2a47","0",BISAGRATISONGKIR,43921,4812746,3360,"2023-04-03 13:00:00","2023-12-31 23:59:00",delayed_instant,"376708cf-e01e-4620-a5cf-54b9a1588316,b44c5b7e-b844-4105-acb8-858aaca5f8d8,49c1f3e0-4252-48c7-a007-8fd58e0fce42,ed1ac092-8663-42e2-96d1-d2af62267ad4,a561bd82-f0ef-45dd-bb79-85c5b0f00fc2,c1b2332b-644c-44a2-a878-0bf9c37e29b1,37eb40ff-cce3-4de6-b839-9cb5445a470f,74fcb9d1-a7b7-4672-ac7f-a1b62d8912a0,7976b31b-63fb-401e-87cc-c6e81ee7b5fd,484583cd-a5cc-40c6-bf9d-31ca6038400a,1963798f-8e06-4aa0-bda9-eb794e85a3ee,217d7de6-0412-4ebc-96df-2d8cfddd99e0,59c8f490-a9f0-497f-97e5-a0b175c23168,7e56512f-c4ed-490b-be84-d2fd21b1180c,ba7166a7-537a-4cfc-a27a-6642dd6764d8,07c03415-0d69-4c43-bc4a-d8a9ee0e3c7e,d7dbdc3c-0b3c-4be4-80eb-daad1e3dedd5,bfa2728f-1c97-4335-8547-1df04059a35b,de59f903-d42f-4640-92b5-0b8415bd7e1b,535d9556-fd19-468f-850b-5b01bff28c15,c21968b7-cc5a-43f8-8e33-552d89ce5846,ef63202b-ae39-4645-b570-c72ea02b7412,2d190978-db01-4027-8b05-bb7e16aa524f,eac848f9-b84c-44f8-85b7-faaa345a11e2",0.00,38,"2023-04-03 12:12:59",Dev,"2023-08-04 10:03:11",CC Token,update_status_coupon_end_time_task_id,ce558bd4-632c-45f9-90c9-7e70c7dd69a1,21,43921,"2020-09-29 12:29:37",Dev,"2025-07-25 02:06:26",SELF,"1a02a95a-37bd-4802-92f4-e2894556c8cd",697500.00,IDR,https://d2qjkwm11akmwu.cloudfront.net/products/682185_5-5-2023_18-52-49.png,319,"Informasi terlengkap tentang Harnal Ocas 0.4 mg. Komposisi, Fungsi, Kegunaan, Ulasan, Efek Samping, Indikasi, Aturan Pakai, dan Dosis.","20220331, Kemih, urin, Hiperplasia, Prostat, Originatory, Tamsulosin 0.4, Obat Rutin, Routine Medicines, ?Subscriptions, Subscription, Langganan[Genitourinary System] ||ETHICAL PRODUCT ||T1K, ||T2K, ||T3K [[gratis ongkir]] [[bisagratisongkir]][[mbjgratisongkir]] [[bisagratisongkir]] [[digestgratisongkir]] [[pastigratisongkir]] [[hemborotc]]",Harnal Ocas 0.4 mg 3 Strip (10 Tablet/Strip) - Hemat Borongan,https://d2qjkwm11akmwu.cloudfront.net/thumbnails/299463_5-5-2023_18-52-59.png,medicine,b2c,1,active,697500.00,299700.00,0.00,107200.00,586800.00,0.09,0,,,,"[""rub"",""tube"",""syringe"",""spray"",""measuring_spoon_15ml"",""micrograms"",""measuring_spoon"",""sheets"",""ovula"",""drops"",""measuring_spoon_5ml"",""capsules"",""milligrams"",""patch"",""unit"",""bottle"",""suppository"",""cup"",""ml"",""sachet"",""measuring_spoon_10ml"",""pill"",""ampule"",""tablet"",""table_spoon""]","[{""type"":""thumbnail_url"",""extension"":""webp"",""url"":""https://d2qjkwm11akmwu.cloudfront.net/thumbnails/299463_5-5-2023_18-52-59.webp""},{""type"":""thumbnail_url"",""extension"":""png"",""url"":""https://d2qjkwm11akmwu.cloudfront.net/thumbnails/299463_5-5-2023_18-52-59.png""},{""type"":""image_url"",""extension"":""webp"",""url"":""https://d2qjkwm11akmwu.cloudfront.net/products/682185_5-5-2023_18-52-49.webp""},{""type"":""image_url"",""extension"":""png"",""url"":""https://d2qjkwm11akmwu.cloudfront.net/products/682185_5-5-2023_18-52-49.png""}]","293e557e-dd39-43c6-bb81-6432750211c6",0,1,0,0.00,0.00,,
22,"2023-04-03 12:12:59",Dev,"2023-07-17 16:38:43",SELF,"4fdb3934-d7c8-46c0-9f92-6fd02d59a8eb","0",BISAGRATISONGKIR,43926,4812746,3360,"2023-04-03 13:00:00","2023-12-31 23:59:00",delayed_instant,"376708cf-e01e-4620-a5cf-54b9a1588316,b44c5b7e-b844-4105-acb8-858aaca5f8d8,49c1f3e0-4252-48c7-a007-8fd58e0fce42,ed1ac092-8663-42e2-96d1-d2af62267ad4,a561bd82-f0ef-45dd-bb79-85c5b0f00fc2,c1b2332b-644c-44a2-a878-0bf9c37e29b1,37eb40ff-cce3-4de6-b839-9cb5445a470f,74fcb9d1-a7b7-4672-ac7f-a1b62d8912a0,7976b31b-63fb-401e-87cc-c6e81ee7b5fd,484583cd-a5cc-40c6-bf9d-31ca6038400a,1963798f-8e06-4aa0-bda9-eb794e85a3ee,217d7de6-0412-4ebc-96df-2d8cfddd99e0,59c8f490-a9f0-497f-97e5-a0b175c23168,7e56512f-c4ed-490b-be84-d2fd21b1180c,ba7166a7-537a-4cfc-a27a-6642dd6764d8,07c03415-0d69-4c43-bc4a-d8a9ee0e3c7e,d7dbdc3c-0b3c-4be4-80eb-daad1e3dedd5,bfa2728f-1c97-4335-8547-1df04059a35b,de59f903-d42f-4640-92b5-0b8415bd7e1b,535d9556-fd19-468f-850b-5b01bff28c15,c21968b7-cc5a-43f8-8e33-552d89ce5846,ef63202b-ae39-4645-b570-c72ea02b7412,2d190978-db01-4027-8b05-bb7e16aa524f,eac848f9-b84c-44f8-85b7-faaa345a11e2",0.00,39,"2023-04-03 12:12:59",Dev,"2023-04-03 12:12:59",Dev,update_status_coupon_start_time_task_id,b36aa414-dfe8-4951-9c68-17b518f9c5b9,22,43926,"2020-09-29 12:29:39",Dev,"2025-07-25 02:06:26",SELF,"5af4338b-b7db-4f74-ac22-579a5051739a",653900.00,IDR,https://d2qjkwm11akmwu.cloudfront.net/products/238269_8-5-2023_13-34-24.png,231,"Informasi terlengkap tentang Arcoxia 90 mg 30 Tablet - Hemat Borongan . Komposisi, Fungsi, Kegunaan, Ulasan, Efek Samping, Indikasi, Aturan Pakai, dan Dosis.","20250429, Lebih-Hemat, Osteoartritis, nyeri, akut, pembedahan gigi, Originatory, Etoricoxib 90, nyeri, sakit, anti nyeri, anti sakit, nyeri otot, ||ETHICAL PRODUCT ||T3K [[gratis ongkir]] [[bisagratisongkir]] [[mbjhemborjune]][[mbjgratisongkir]] [[bisagratisongkir]] [[pastigratisongkir]] [[hemborotc]]",Arcoxia 90 mg 3 Strip (10 Tablet/Strip) - Hemat Borongan,https://d2qjkwm11akmwu.cloudfront.net/thumbnails/281163_8-5-2023_13-34-35.png,medicine,b2c,1,active,727200.00,328200.00,0.00,310200.00,612500.00,0.05,0,"2022-10-05 00:00:00","2023-01-31 00:00:00",0,"[""tablet""]","[{""type"":""thumbnail_url"",""extension"":""png"",""url"":""https://d2qjkwm11akmwu.cloudfront.net/thumbnails/281163_8-5-2023_13-34-35.png""},{""type"":""image_url"",""extension"":""webp"",""url"":""https://d2qjkwm11akmwu.cloudfront.net/products/238269_8-5-2023_13-34-24.webp""},{""type"":""image_url"",""extension"":""png"",""url"":""https://d2qjkwm11akmwu.cloudfront.net/products/238269_8-5-2023_13-34-24.png""},{""type"":""thumbnail_url"",""extension"":""webp"",""url"":""https://d2qjkwm11akmwu.cloudfront.net/thumbnails/281163_8-5-2023_13-34-35.webp""}]","9560133a-d1dd-4703-8357-f66c647b8e27",0,1,0,0.00,0.00,,
22,"2023-04-03 12:12:59",Dev,"2023-07-17 16:38:43",SELF,"4fdb3934-d7c8-46c0-9f92-6fd02d59a8eb","0",BISAGRATISONGKIR,43926,4812746,3360,"2023-04-03 13:00:00","2023-12-31 23:59:00",delayed_instant,"376708cf-e01e-4620-a5cf-54b9a1588316,b44c5b7e-b844-4105-acb8-858aaca5f8d8,49c1f3e0-4252-48c7-a007-8fd58e0fce42,ed1ac092-8663-42e2-96d1-d2af62267ad4,a561bd82-f0ef-45dd-bb79-85c5b0f00fc2,c1b2332b-644c-44a2-a878-0bf9c37e29b1,37eb40ff-cce3-4de6-b839-9cb5445a470f,74fcb9d1-a7b7-4672-ac7f-a1b62d8912a0,7976b31b-63fb-401e-87cc-c6e81ee7b5fd,484583cd-a5cc-40c6-bf9d-31ca6038400a,1963798f-8e06-4aa0-bda9-eb794e85a3ee,217d7de6-0412-4ebc-96df-2d8cfddd99e0,59c8f490-a9f0-497f-97e5-a0b175c23168,7e56512f-c4ed-490b-be84-d2fd21b1180c,ba7166a7-537a-4cfc-a27a-6642dd6764d8,07c03415-0d69-4c43-bc4a-d8a9ee0e3c7e,d7dbdc3c-0b3c-4be4-80eb-daad1e3dedd5,bfa2728f-1c97-4335-8547-1df04059a35b,de59f903-d42f-4640-92b5-0b8415bd7e1b,535d9556-fd19-468f-850b-5b01bff28c15,c21968b7-cc5a-43f8-8e33-552d89ce5846,ef63202b-ae39-4645-b570-c72ea02b7412,2d190978-db01-4027-8b05-bb7e16aa524f,eac848f9-b84c-44f8-85b7-faaa345a11e2",0.00,40,"2023-04-03 12:12:59",Dev,"2023-07-17 16:38:43",SELF,update_status_coupon_end_time_task_id,"7dc0ee02-330f-4943-8db3-3d2a2bb3d228",22,43926,"2020-09-29 12:29:39",Dev,"2025-07-25 02:06:26",SELF,"5af4338b-b7db-4f74-ac22-579a5051739a",653900.00,IDR,https://d2qjkwm11akmwu.cloudfront.net/products/238269_8-5-2023_13-34-24.png,231,"Informasi terlengkap tentang Arcoxia 90 mg 30 Tablet - Hemat Borongan . Komposisi, Fungsi, Kegunaan, Ulasan, Efek Samping, Indikasi, Aturan Pakai, dan Dosis.","20250429, Lebih-Hemat, Osteoartritis, nyeri, akut, pembedahan gigi, Originatory, Etoricoxib 90, nyeri, sakit, anti nyeri, anti sakit, nyeri otot, ||ETHICAL PRODUCT ||T3K [[gratis ongkir]] [[bisagratisongkir]] [[mbjhemborjune]][[mbjgratisongkir]] [[bisagratisongkir]] [[pastigratisongkir]] [[hemborotc]]",Arcoxia 90 mg 3 Strip (10 Tablet/Strip) - Hemat Borongan,https://d2qjkwm11akmwu.cloudfront.net/thumbnails/281163_8-5-2023_13-34-35.png,medicine,b2c,1,active,727200.00,328200.00,0.00,310200.00,612500.00,0.05,0,"2022-10-05 00:00:00","2023-01-31 00:00:00",0,"[""tablet""]","[{""type"":""thumbnail_url"",""extension"":""png"",""url"":""https://d2qjkwm11akmwu.cloudfront.net/thumbnails/281163_8-5-2023_13-34-35.png""},{""type"":""image_url"",""extension"":""webp"",""url"":""https://d2qjkwm11akmwu.cloudfront.net/products/238269_8-5-2023_13-34-24.webp""},{""type"":""image_url"",""extension"":""png"",""url"":""https://d2qjkwm11akmwu.cloudfront.net/products/238269_8-5-2023_13-34-24.png""},{""type"":""thumbnail_url"",""extension"":""webp"",""url"":""https://d2qjkwm11akmwu.cloudfront.net/thumbnails/281163_8-5-2023_13-34-35.webp""}]","9560133a-d1dd-4703-8357-f66c647b8e27",0,1,0,0.00,0.00,,
23,"2023-04-03 12:12:59",Dev,"2024-08-09 13:28:19",CC Token,bf05177f-115d-44f9-9830-f3db3c6714a6,"0",BISAGRATISONGKIR,43927,4812746,3360,"2023-04-03 13:00:00","2023-12-31 23:59:00",delayed_instant,"376708cf-e01e-4620-a5cf-54b9a1588316,1963798f-8e06-4aa0-bda9-eb794e85a3ee,b44c5b7e-b844-4105-acb8-858aaca5f8d8,49c1f3e0-4252-48c7-a007-8fd58e0fce42,217d7de6-0412-4ebc-96df-2d8cfddd99e0,59c8f490-a9f0-497f-97e5-a0b175c23168,7e56512f-c4ed-490b-be84-d2fd21b1180c,ed1ac092-8663-42e2-96d1-d2af62267ad4,a561bd82-f0ef-45dd-bb79-85c5b0f00fc2,ba7166a7-537a-4cfc-a27a-6642dd6764d8,07c03415-0d69-4c43-bc4a-d8a9ee0e3c7e,d7dbdc3c-0b3c-4be4-80eb-daad1e3dedd5,bfa2728f-1c97-4335-8547-1df04059a35b,de59f903-d42f-4640-92b5-0b8415bd7e1b,535d9556-fd19-468f-850b-5b01bff28c15,c1b2332b-644c-44a2-a878-0bf9c37e29b1,c21968b7-cc5a-43f8-8e33-552d89ce5846,ef63202b-ae39-4645-b570-c72ea02b7412,37eb40ff-cce3-4de6-b839-9cb5445a470f,74fcb9d1-a7b7-4672-ac7f-a1b62d8912a0,7976b31b-63fb-401e-87cc-c6e81ee7b5fd,2d190978-db01-4027-8b05-bb7e16aa524f,484583cd-a5cc-40c6-bf9d-31ca6038400a,eac848f9-b84c-44f8-85b7-faaa345a11e2",0.00,41,"2023-04-03 12:13:00",Dev,"2023-04-03 12:13:00",Dev,update_status_coupon_start_time_task_id,"67f5b8c2-6374-4d2f-a23b-bb83273864cd",23,43927,"2020-09-29 12:29:39",Dev,"2025-07-25 02:06:26",SELF,f0e8bfe7-e9ee-4c16-b4ce-e7693f6b0b61,660900.00,IDR,https://d2qjkwm11akmwu.cloudfront.net/products/272935_8-5-2023_12-11-56.png,231,"Informasi terlengkap tentang Arcoxia 60 mg 30 Tablet - Hemat Borongan . Komposisi, Fungsi, Kegunaan, Ulasan, Efek Samping, Indikasi, Aturan Pakai, dan Dosis.","20250429, Lebih-Hemat, Osteoartritis, nyeri, akut, pembedahan gigi, Originatory, Etoricoxib 60, nyeri, sakit, anti nyeri, anti sakit, nyeri otot, ||ETHICAL PRODUCT ||T3K [[gratis ongkir]] [[bisagratisongkir]] [[mbjhemborjune]][[mbjgratisongkir]] [[bisagratisongkir]] [[pastigratisongkir]] [[hemborotc]]",Arcoxia 60 mg 3 Strip (10 Tablet/Strip) - Hemat Borongan,https://d2qjkwm11akmwu.cloudfront.net/thumbnails/75362_8-5-2023_12-12-4.png,medicine,b2c,1,active,660900.00,231800.00,0.00,33400.00,547200.00,0.05,0,,,,"[""tablet""]","[{""type"":""image_url"",""extension"":""png"",""url"":""https://d2qjkwm11akmwu.cloudfront.net/products/272935_8-5-2023_12-11-56.png""},{""type"":""thumbnail_url"",""extension"":""png"",""url"":""https://d2qjkwm11akmwu.cloudfront.net/thumbnails/75362_8-5-2023_12-12-4.png""},{""type"":""image_url"",""extension"":""webp"",""url"":""https://d2qjkwm11akmwu.cloudfront.net/products/272935_8-5-2023_12-11-56.webp""},{""type"":""thumbnail_url"",""extension"":""webp"",""url"":""https://d2qjkwm11akmwu.cloudfront.net/thumbnails/75362_8-5-2023_12-12-4.webp""}]","18a8aaa8-403d-41a4-9b53-158bd73b824a",0,1,0,0.00,0.00,,
23,"2023-04-03 12:12:59",Dev,"2024-08-09 13:28:19",CC Token,bf05177f-115d-44f9-9830-f3db3c6714a6,"0",BISAGRATISONGKIR,43927,4812746,3360,"2023-04-03 13:00:00","2023-12-31 23:59:00",delayed_instant,"376708cf-e01e-4620-a5cf-54b9a1588316,1963798f-8e06-4aa0-bda9-eb794e85a3ee,b44c5b7e-b844-4105-acb8-858aaca5f8d8,49c1f3e0-4252-48c7-a007-8fd58e0fce42,217d7de6-0412-4ebc-96df-2d8cfddd99e0,59c8f490-a9f0-497f-97e5-a0b175c23168,7e56512f-c4ed-490b-be84-d2fd21b1180c,ed1ac092-8663-42e2-96d1-d2af62267ad4,a561bd82-f0ef-45dd-bb79-85c5b0f00fc2,ba7166a7-537a-4cfc-a27a-6642dd6764d8,07c03415-0d69-4c43-bc4a-d8a9ee0e3c7e,d7dbdc3c-0b3c-4be4-80eb-daad1e3dedd5,bfa2728f-1c97-4335-8547-1df04059a35b,de59f903-d42f-4640-92b5-0b8415bd7e1b,535d9556-fd19-468f-850b-5b01bff28c15,c1b2332b-644c-44a2-a878-0bf9c37e29b1,c21968b7-cc5a-43f8-8e33-552d89ce5846,ef63202b-ae39-4645-b570-c72ea02b7412,37eb40ff-cce3-4de6-b839-9cb5445a470f,74fcb9d1-a7b7-4672-ac7f-a1b62d8912a0,7976b31b-63fb-401e-87cc-c6e81ee7b5fd,2d190978-db01-4027-8b05-bb7e16aa524f,484583cd-a5cc-40c6-bf9d-31ca6038400a,eac848f9-b84c-44f8-85b7-faaa345a11e2",0.00,42,"2023-04-03 12:13:00",Dev,"2023-07-17 16:38:43",SELF,update_status_coupon_end_time_task_id,"0bc60d49-99d5-4e09-aba3-198cd55c5f80",23,43927,"2020-09-29 12:29:39",Dev,"2025-07-25 02:06:26",SELF,f0e8bfe7-e9ee-4c16-b4ce-e7693f6b0b61,660900.00,IDR,https://d2qjkwm11akmwu.cloudfront.net/products/272935_8-5-2023_12-11-56.png,231,"Informasi terlengkap tentang Arcoxia 60 mg 30 Tablet - Hemat Borongan . Komposisi, Fungsi, Kegunaan, Ulasan, Efek Samping, Indikasi, Aturan Pakai, dan Dosis.","20250429, Lebih-Hemat, Osteoartritis, nyeri, akut, pembedahan gigi, Originatory, Etoricoxib 60, nyeri, sakit, anti nyeri, anti sakit, nyeri otot, ||ETHICAL PRODUCT ||T3K [[gratis ongkir]] [[bisagratisongkir]] [[mbjhemborjune]][[mbjgratisongkir]] [[bisagratisongkir]] [[pastigratisongkir]] [[hemborotc]]",Arcoxia 60 mg 3 Strip (10 Tablet/Strip) - Hemat Borongan,https://d2qjkwm11akmwu.cloudfront.net/thumbnails/75362_8-5-2023_12-12-4.png,medicine,b2c,1,active,660900.00,231800.00,0.00,33400.00,547200.00,0.05,0,,,,"[""tablet""]","[{""type"":""image_url"",""extension"":""png"",""url"":""https://d2qjkwm11akmwu.cloudfront.net/products/272935_8-5-2023_12-11-56.png""},{""type"":""thumbnail_url"",""extension"":""png"",""url"":""https://d2qjkwm11akmwu.cloudfront.net/thumbnails/75362_8-5-2023_12-12-4.png""},{""type"":""image_url"",""extension"":""webp"",""url"":""https://d2qjkwm11akmwu.cloudfront.net/products/272935_8-5-2023_12-11-56.webp""},{""type"":""thumbnail_url"",""extension"":""webp"",""url"":""https://d2qjkwm11akmwu.cloudfront.net/thumbnails/75362_8-5-2023_12-12-4.webp""}]","18a8aaa8-403d-41a4-9b53-158bd73b824a",0,1,0,0.00,0.00,,
24,"2023-04-03 12:13:00",Dev,"2024-07-01 14:59:35",CC Token,"6ef3b407-a17e-43ab-8e5f-73ba3d9d98a1","0",BISAGRATISONGKIR,43930,4812746,3360,"2023-04-03 13:00:00","2023-12-31 23:59:00",delayed_instant,"376708cf-e01e-4620-a5cf-54b9a1588316,1963798f-8e06-4aa0-bda9-eb794e85a3ee,b44c5b7e-b844-4105-acb8-858aaca5f8d8,49c1f3e0-4252-48c7-a007-8fd58e0fce42,217d7de6-0412-4ebc-96df-2d8cfddd99e0,59c8f490-a9f0-497f-97e5-a0b175c23168,7e56512f-c4ed-490b-be84-d2fd21b1180c,ed1ac092-8663-42e2-96d1-d2af62267ad4,a561bd82-f0ef-45dd-bb79-85c5b0f00fc2,ba7166a7-537a-4cfc-a27a-6642dd6764d8,07c03415-0d69-4c43-bc4a-d8a9ee0e3c7e,d7dbdc3c-0b3c-4be4-80eb-daad1e3dedd5,bfa2728f-1c97-4335-8547-1df04059a35b,de59f903-d42f-4640-92b5-0b8415bd7e1b,535d9556-fd19-468f-850b-5b01bff28c15,c1b2332b-644c-44a2-a878-0bf9c37e29b1,c21968b7-cc5a-43f8-8e33-552d89ce5846,ef63202b-ae39-4645-b570-c72ea02b7412,37eb40ff-cce3-4de6-b839-9cb5445a470f,74fcb9d1-a7b7-4672-ac7f-a1b62d8912a0,7976b31b-63fb-401e-87cc-c6e81ee7b5fd,2d190978-db01-4027-8b05-bb7e16aa524f,484583cd-a5cc-40c6-bf9d-31ca6038400a,eac848f9-b84c-44f8-85b7-faaa345a11e2",0.00,43,"2023-04-03 12:13:00",Dev,"2023-04-03 12:13:00",Dev,update_status_coupon_start_time_task_id,"4dd4bde5-941e-4b9a-bb9f-59ad9fd97a6b",24,43930,"2020-09-29 12:29:40",Dev,"2025-07-25 02:06:26",SELF,"66847e24-45b9-4849-95f5-c85249b9c5c7",456800.00,IDR,https://d2qjkwm11akmwu.cloudfront.net/products/309200_9-5-2023_16-45-9.png,561,"Temukan informasi lengkap Nexium Mups 40 mg 2 Strip (7 Tablet/Strip) - Hemat Borongan di Halodoc. Beli Nexium Mups 40 mg 2 Strip (7 Tablet/Strip) - Hemat Borongan 1 Jam Sampai, Dikirim dari Apotek Tepercaya, Buka 24 Jam*","20250429, QAT-1021, Lebih-Hemat, Reflux, Esofagitis, erosif, Gastroesofageal, GERD, Zollinger-Ellison, tukak, Usus halus, H.Pylori, Bakteri, Lambung, AINS, inflamasi, steroid, Nexium, Hemostasis, perdarahan, Originatory, Esomeprazole 40, ||ETHICAL PRODUCT ||T1K, ||T2K, ||T3K [[gratis ongkir]] [[bisagratisongkir]] [[digestgratisongkir]] [[bisagratisongkir]] [[pastigratisongkir]] [[hemborotc]] [[halodocny]] [[hembor2025]]",Nexium Mups 40 mg 2 Strip (7 Tablet/Strip) - Hemat Borongan,https://d2qjkwm11akmwu.cloudfront.net/thumbnails/516968_9-5-2023_16-45-23.png,medicine,b2c,1,active,543200.00,456800.00,0.02,81300.00,456800.00,0.05,0,,,,"[""tablet""]","[{""type"":""thumbnail_url"",""extension"":""webp"",""url"":""https://d2qjkwm11akmwu.cloudfront.net/thumbnails/516968_9-5-2023_16-45-23.webp""},{""type"":""thumbnail_url"",""extension"":""png"",""url"":""https://d2qjkwm11akmwu.cloudfront.net/thumbnails/516968_9-5-2023_16-45-23.png""},{""type"":""image_url"",""extension"":""webp"",""url"":""https://d2qjkwm11akmwu.cloudfront.net/products/309200_9-5-2023_16-45-9.webp""},{""type"":""image_url"",""extension"":""png"",""url"":""https://d2qjkwm11akmwu.cloudfront.net/products/309200_9-5-2023_16-45-9.png""}]","66216f8a-6d41-4dad-ba3f-e6e55d863d3c",0,1,1,456800.00,433900.00,,
24,"2023-04-03 12:13:00",Dev,"2024-07-01 14:59:35",CC Token,"6ef3b407-a17e-43ab-8e5f-73ba3d9d98a1","0",BISAGRATISONGKIR,43930,4812746,3360,"2023-04-03 13:00:00","2023-12-31 23:59:00",delayed_instant,"376708cf-e01e-4620-a5cf-54b9a1588316,1963798f-8e06-4aa0-bda9-eb794e85a3ee,b44c5b7e-b844-4105-acb8-858aaca5f8d8,49c1f3e0-4252-48c7-a007-8fd58e0fce42,217d7de6-0412-4ebc-96df-2d8cfddd99e0,59c8f490-a9f0-497f-97e5-a0b175c23168,7e56512f-c4ed-490b-be84-d2fd21b1180c,ed1ac092-8663-42e2-96d1-d2af62267ad4,a561bd82-f0ef-45dd-bb79-85c5b0f00fc2,ba7166a7-537a-4cfc-a27a-6642dd6764d8,07c03415-0d69-4c43-bc4a-d8a9ee0e3c7e,d7dbdc3c-0b3c-4be4-80eb-daad1e3dedd5,bfa2728f-1c97-4335-8547-1df04059a35b,de59f903-d42f-4640-92b5-0b8415bd7e1b,535d9556-fd19-468f-850b-5b01bff28c15,c1b2332b-644c-44a2-a878-0bf9c37e29b1,c21968b7-cc5a-43f8-8e33-552d89ce5846,ef63202b-ae39-4645-b570-c72ea02b7412,37eb40ff-cce3-4de6-b839-9cb5445a470f,74fcb9d1-a7b7-4672-ac7f-a1b62d8912a0,7976b31b-63fb-401e-87cc-c6e81ee7b5fd,2d190978-db01-4027-8b05-bb7e16aa524f,484583cd-a5cc-40c6-bf9d-31ca6038400a,eac848f9-b84c-44f8-85b7-faaa345a11e2",0.00,44,"2023-04-03 12:13:00",Dev,"2023-07-17 16:38:43",SELF,update_status_coupon_end_time_task_id,f3dfa270-e6a4-4c06-b3d9-585f03d4c701,24,43930,"2020-09-29 12:29:40",Dev,"2025-07-25 02:06:26",SELF,"66847e24-45b9-4849-95f5-c85249b9c5c7",456800.00,IDR,https://d2qjkwm11akmwu.cloudfront.net/products/309200_9-5-2023_16-45-9.png,561,"Temukan informasi lengkap Nexium Mups 40 mg 2 Strip (7 Tablet/Strip) - Hemat Borongan di Halodoc. Beli Nexium Mups 40 mg 2 Strip (7 Tablet/Strip) - Hemat Borongan 1 Jam Sampai, Dikirim dari Apotek Tepercaya, Buka 24 Jam*","20250429, QAT-1021, Lebih-Hemat, Reflux, Esofagitis, erosif, Gastroesofageal, GERD, Zollinger-Ellison, tukak, Usus halus, H.Pylori, Bakteri, Lambung, AINS, inflamasi, steroid, Nexium, Hemostasis, perdarahan, Originatory, Esomeprazole 40, ||ETHICAL PRODUCT ||T1K, ||T2K, ||T3K [[gratis ongkir]] [[bisagratisongkir]] [[digestgratisongkir]] [[bisagratisongkir]] [[pastigratisongkir]] [[hemborotc]] [[halodocny]] [[hembor2025]]",Nexium Mups 40 mg 2 Strip (7 Tablet/Strip) - Hemat Borongan,https://d2qjkwm11akmwu.cloudfront.net/thumbnails/516968_9-5-2023_16-45-23.png,medicine,b2c,1,active,543200.00,456800.00,0.02,81300.00,456800.00,0.05,0,,,,"[""tablet""]","[{""type"":""thumbnail_url"",""extension"":""webp"",""url"":""https://d2qjkwm11akmwu.cloudfront.net/thumbnails/516968_9-5-2023_16-45-23.webp""},{""type"":""thumbnail_url"",""extension"":""png"",""url"":""https://d2qjkwm11akmwu.cloudfront.net/thumbnails/516968_9-5-2023_16-45-23.png""},{""type"":""image_url"",""extension"":""webp"",""url"":""https://d2qjkwm11akmwu.cloudfront.net/products/309200_9-5-2023_16-45-9.webp""},{""type"":""image_url"",""extension"":""png"",""url"":""https://d2qjkwm11akmwu.cloudfront.net/products/309200_9-5-2023_16-45-9.png""}]","66216f8a-6d41-4dad-ba3f-e6e55d863d3c",0,1,1,456800.00,433900.00,,
25,"2023-04-03 12:13:00",Dev,"2023-07-17 16:38:44",SELF,"3634c6e4-4093-4661-b2d7-cc57713c9f7f","0",BISAGRATISONGKIR,43943,4812746,3360,"2023-04-03 13:00:00","2023-12-31 23:59:00",delayed_instant,"376708cf-e01e-4620-a5cf-54b9a1588316,b44c5b7e-b844-4105-acb8-858aaca5f8d8,49c1f3e0-4252-48c7-a007-8fd58e0fce42,ed1ac092-8663-42e2-96d1-d2af62267ad4,a561bd82-f0ef-45dd-bb79-85c5b0f00fc2,c1b2332b-644c-44a2-a878-0bf9c37e29b1,37eb40ff-cce3-4de6-b839-9cb5445a470f,74fcb9d1-a7b7-4672-ac7f-a1b62d8912a0,7976b31b-63fb-401e-87cc-c6e81ee7b5fd,484583cd-a5cc-40c6-bf9d-31ca6038400a,1963798f-8e06-4aa0-bda9-eb794e85a3ee,217d7de6-0412-4ebc-96df-2d8cfddd99e0,59c8f490-a9f0-497f-97e5-a0b175c23168,7e56512f-c4ed-490b-be84-d2fd21b1180c,ba7166a7-537a-4cfc-a27a-6642dd6764d8,07c03415-0d69-4c43-bc4a-d8a9ee0e3c7e,d7dbdc3c-0b3c-4be4-80eb-daad1e3dedd5,bfa2728f-1c97-4335-8547-1df04059a35b,de59f903-d42f-4640-92b5-0b8415bd7e1b,535d9556-fd19-468f-850b-5b01bff28c15,c21968b7-cc5a-43f8-8e33-552d89ce5846,ef63202b-ae39-4645-b570-c72ea02b7412,2d190978-db01-4027-8b05-bb7e16aa524f,eac848f9-b84c-44f8-85b7-faaa345a11e2",0.00,45,"2023-04-03 12:13:01",Dev,"2023-04-03 12:13:01",Dev,update_status_coupon_start_time_task_id,"681749be-ca68-4e0f-a531-2f3874fd6d6e",25,43943,"2020-09-29 12:29:44",Dev,"2025-07-25 02:06:27",SELF,"27dddd1b-775a-4f4b-9c2e-b684ec78788d",169700.00,IDR,https://d2qjkwm11akmwu.cloudfront.net/products/434020_8-5-2023_12-13-21.png,316,"Informasi terlengkap tentang Motilium 10 mg 20 Tablet - Hemat Borongan . Komposisi, Fungsi, Kegunaan, Ulasan, Efek Samping, Indikasi, Aturan Pakai, dan Dosis.","20250429, Lebih-Hemat, Mual, muntah, dispepsia, cerna, refluks, esofageal, esofagitis, epigastrum, abdomen, panas, retrosternal, levodopa, bromokriptin, kemoterapi, radioterapi, kanker, Branded Generic, Domperidone ||M4I ||ETHICAL PRODUCT ||T3K [[gratis ongkir]] [[bisagratisongkir]][[digestgratisongkir]] [[bisagratisongkir]] [[pastigratisongkir]] [[hemborotc]]",Motilium 10 mg 2 Strip (10 Tablet/Strip) - Hemat Borongan,https://d2qjkwm11akmwu.cloudfront.net/thumbnails/441599_8-5-2023_12-13-29.png,medicine,b2c,1,active,188600.00,169700.00,0.00,111700.00,169700.00,0.05,0,,,,"[""tablet""]","[{""type"":""image_url"",""extension"":""webp"",""url"":""https://d2qjkwm11akmwu.cloudfront.net/products/434020_8-5-2023_12-13-21.webp""},{""type"":""image_url"",""extension"":""png"",""url"":""https://d2qjkwm11akmwu.cloudfront.net/products/434020_8-5-2023_12-13-21.png""},{""type"":""thumbnail_url"",""extension"":""png"",""url"":""https://d2qjkwm11akmwu.cloudfront.net/thumbnails/441599_8-5-2023_12-13-29.png""},{""type"":""thumbnail_url"",""extension"":""webp"",""url"":""https://d2qjkwm11akmwu.cloudfront.net/thumbnails/441599_8-5-2023_12-13-29.webp""}]","75695f2e-d085-4a5f-b410-1926ece16b92",0,1,1,169700.00,161200.00,,
25,"2023-04-03 12:13:00",Dev,"2023-07-17 16:38:44",SELF,"3634c6e4-4093-4661-b2d7-cc57713c9f7f","0",BISAGRATISONGKIR,43943,4812746,3360,"2023-04-03 13:00:00","2023-12-31 23:59:00",delayed_instant,"376708cf-e01e-4620-a5cf-54b9a1588316,b44c5b7e-b844-4105-acb8-858aaca5f8d8,49c1f3e0-4252-48c7-a007-8fd58e0fce42,ed1ac092-8663-42e2-96d1-d2af62267ad4,a561bd82-f0ef-45dd-bb79-85c5b0f00fc2,c1b2332b-644c-44a2-a878-0bf9c37e29b1,37eb40ff-cce3-4de6-b839-9cb5445a470f,74fcb9d1-a7b7-4672-ac7f-a1b62d8912a0,7976b31b-63fb-401e-87cc-c6e81ee7b5fd,484583cd-a5cc-40c6-bf9d-31ca6038400a,1963798f-8e06-4aa0-bda9-eb794e85a3ee,217d7de6-0412-4ebc-96df-2d8cfddd99e0,59c8f490-a9f0-497f-97e5-a0b175c23168,7e56512f-c4ed-490b-be84-d2fd21b1180c,ba7166a7-537a-4cfc-a27a-6642dd6764d8,07c03415-0d69-4c43-bc4a-d8a9ee0e3c7e,d7dbdc3c-0b3c-4be4-80eb-daad1e3dedd5,bfa2728f-1c97-4335-8547-1df04059a35b,de59f903-d42f-4640-92b5-0b8415bd7e1b,535d9556-fd19-468f-850b-5b01bff28c15,c21968b7-cc5a-43f8-8e33-552d89ce5846,ef63202b-ae39-4645-b570-c72ea02b7412,2d190978-db01-4027-8b05-bb7e16aa524f,eac848f9-b84c-44f8-85b7-faaa345a11e2",0.00,46,"2023-04-03 12:13:01",Dev,"2023-07-17 16:38:44",SELF,update_status_coupon_end_time_task_id,"5270f466-43fa-4956-b2ab-9c57e4580781",25,43943,"2020-09-29 12:29:44",Dev,"2025-07-25 02:06:27",SELF,"27dddd1b-775a-4f4b-9c2e-b684ec78788d",169700.00,IDR,https://d2qjkwm11akmwu.cloudfront.net/products/434020_8-5-2023_12-13-21.png,316,"Informasi terlengkap tentang Motilium 10 mg 20 Tablet - Hemat Borongan . Komposisi, Fungsi, Kegunaan, Ulasan, Efek Samping, Indikasi, Aturan Pakai, dan Dosis.","20250429, Lebih-Hemat, Mual, muntah, dispepsia, cerna, refluks, esofageal, esofagitis, epigastrum, abdomen, panas, retrosternal, levodopa, bromokriptin, kemoterapi, radioterapi, kanker, Branded Generic, Domperidone ||M4I ||ETHICAL PRODUCT ||T3K [[gratis ongkir]] [[bisagratisongkir]][[digestgratisongkir]] [[bisagratisongkir]] [[pastigratisongkir]] [[hemborotc]]",Motilium 10 mg 2 Strip (10 Tablet/Strip) - Hemat Borongan,https://d2qjkwm11akmwu.cloudfront.net/thumbnails/441599_8-5-2023_12-13-29.png,medicine,b2c,1,active,188600.00,169700.00,0.00,111700.00,169700.00,0.05,0,,,,"[""tablet""]","[{""type"":""image_url"",""extension"":""webp"",""url"":""https://d2qjkwm11akmwu.cloudfront.net/products/434020_8-5-2023_12-13-21.webp""},{""type"":""image_url"",""extension"":""png"",""url"":""https://d2qjkwm11akmwu.cloudfront.net/products/434020_8-5-2023_12-13-21.png""},{""type"":""thumbnail_url"",""extension"":""png"",""url"":""https://d2qjkwm11akmwu.cloudfront.net/thumbnails/441599_8-5-2023_12-13-29.png""},{""type"":""thumbnail_url"",""extension"":""webp"",""url"":""https://d2qjkwm11akmwu.cloudfront.net/thumbnails/441599_8-5-2023_12-13-29.webp""}]","75695f2e-d085-4a5f-b410-1926ece16b92",0,1,1,169700.00,161200.00,,
26,"2023-04-03 12:13:01",Dev,"2025-02-05 14:07:23",CC Token,"049e43ec-87e3-4ff5-a67a-210bf3d52e25","0",BISAGRATISONGKIR,57716,4812746,3360,"2023-04-03 13:00:00","2023-12-31 23:59:00",delayed_instant,"376708cf-e01e-4620-a5cf-54b9a1588316,1963798f-8e06-4aa0-bda9-eb794e85a3ee,b44c5b7e-b844-4105-acb8-858aaca5f8d8,49c1f3e0-4252-48c7-a007-8fd58e0fce42,217d7de6-0412-4ebc-96df-2d8cfddd99e0,59c8f490-a9f0-497f-97e5-a0b175c23168,7e56512f-c4ed-490b-be84-d2fd21b1180c,ed1ac092-8663-42e2-96d1-d2af62267ad4,a561bd82-f0ef-45dd-bb79-85c5b0f00fc2,ba7166a7-537a-4cfc-a27a-6642dd6764d8,07c03415-0d69-4c43-bc4a-d8a9ee0e3c7e,d7dbdc3c-0b3c-4be4-80eb-daad1e3dedd5,bfa2728f-1c97-4335-8547-1df04059a35b,de59f903-d42f-4640-92b5-0b8415bd7e1b,535d9556-fd19-468f-850b-5b01bff28c15,c1b2332b-644c-44a2-a878-0bf9c37e29b1,c21968b7-cc5a-43f8-8e33-552d89ce5846,ef63202b-ae39-4645-b570-c72ea02b7412,37eb40ff-cce3-4de6-b839-9cb5445a470f,74fcb9d1-a7b7-4672-ac7f-a1b62d8912a0,7976b31b-63fb-401e-87cc-c6e81ee7b5fd,2d190978-db01-4027-8b05-bb7e16aa524f,484583cd-a5cc-40c6-bf9d-31ca6038400a,eac848f9-b84c-44f8-85b7-faaa345a11e2",0.00,47,"2023-04-03 12:13:01",Dev,"2023-04-03 12:13:01",Dev,update_status_coupon_start_time_task_id,"1630918b-35e7-4a50-a027-a2b5bdfec87b",26,57716,"2021-11-04 15:14:56",CC Token,"2025-07-25 02:16:18",SELF,a0066e93-386a-4102-a7b4-f5a8c19aeacc,332300.00,IDR,https://d2qjkwm11akmwu.cloudfront.net/products/278154_5-2-2025_14-7-21.png,309,"Temukan informasi lengkap Vistat 120 mg 3 Strip (10 Kapsul/Strip) - Hemat Borongan di Halodoc. Beli Vistat 120 mg 3 Strip (10 Kapsul/Strip) - Hemat Borongan 1 Jam Sampai, Dikirim dari Apotek Tepercaya, Buka 24 Jam*","20250429, QAT-0522, diet, orlistat, lebih-hemat, ||ETHICAL PRODUCT ||T1K, ||T2K, ||T3K [[gratis ongkir]] [[bisagratisongkir]][[digestgratisongkir]] [[bisagratisongkir]] [[mbjgratisongkir]] [[pastigratisongkir]] [[hemborotc]] [[diethalodoc]] [[hdcoin]] [[orlistatozempic]] [[hdslimglowing]]",Vistat 120 mg 3 Strip (10 Kapsul/Strip) - Hemat Borongan,https://d2qjkwm11akmwu.cloudfront.net/thumbnails/153780_5-2-2025_14-9-28.png,medicine,b2c,1,active,365700.00,267700.00,0.04,252999.00,311800.00,0.05,0,,,,"[""capsules""]","[{""type"":""image_url"",""extension"":""png"",""url"":""https://d2qjkwm11akmwu.cloudfront.net/products/278154_5-2-2025_14-7-21.png""},{""type"":""thumbnail_url"",""extension"":""png"",""url"":""https://d2qjkwm11akmwu.cloudfront.net/thumbnails/153780_5-2-2025_14-9-28.png""},{""type"":""image_url"",""extension"":""webp"",""url"":""https://d2qjkwm11akmwu.cloudfront.net/products/278154_5-2-2025_14-7-21.webp""},{""type"":""thumbnail_url"",""extension"":""webp"",""url"":""https://d2qjkwm11akmwu.cloudfront.net/thumbnails/153780_5-2-2025_14-9-28.webp""}]","21aed9ec-fe20-4e4c-b72c-b284a405dc86",0,1,0,0.00,0.00,,
26,"2023-04-03 12:13:01",Dev,"2025-02-05 14:07:23",CC Token,"049e43ec-87e3-4ff5-a67a-210bf3d52e25","0",BISAGRATISONGKIR,57716,4812746,3360,"2023-04-03 13:00:00","2023-12-31 23:59:00",delayed_instant,"376708cf-e01e-4620-a5cf-54b9a1588316,1963798f-8e06-4aa0-bda9-eb794e85a3ee,b44c5b7e-b844-4105-acb8-858aaca5f8d8,49c1f3e0-4252-48c7-a007-8fd58e0fce42,217d7de6-0412-4ebc-96df-2d8cfddd99e0,59c8f490-a9f0-497f-97e5-a0b175c23168,7e56512f-c4ed-490b-be84-d2fd21b1180c,ed1ac092-8663-42e2-96d1-d2af62267ad4,a561bd82-f0ef-45dd-bb79-85c5b0f00fc2,ba7166a7-537a-4cfc-a27a-6642dd6764d8,07c03415-0d69-4c43-bc4a-d8a9ee0e3c7e,d7dbdc3c-0b3c-4be4-80eb-daad1e3dedd5,bfa2728f-1c97-4335-8547-1df04059a35b,de59f903-d42f-4640-92b5-0b8415bd7e1b,535d9556-fd19-468f-850b-5b01bff28c15,c1b2332b-644c-44a2-a878-0bf9c37e29b1,c21968b7-cc5a-43f8-8e33-552d89ce5846,ef63202b-ae39-4645-b570-c72ea02b7412,37eb40ff-cce3-4de6-b839-9cb5445a470f,74fcb9d1-a7b7-4672-ac7f-a1b62d8912a0,7976b31b-63fb-401e-87cc-c6e81ee7b5fd,2d190978-db01-4027-8b05-bb7e16aa524f,484583cd-a5cc-40c6-bf9d-31ca6038400a,eac848f9-b84c-44f8-85b7-faaa345a11e2",0.00,48,"2023-04-03 12:13:01",Dev,"2023-07-21 16:13:09",CC Token,update_status_coupon_end_time_task_id,b38c048b-2359-4113-8741-d191c81b106a,26,57716,"2021-11-04 15:14:56",CC Token,"2025-07-25 02:16:18",SELF,a0066e93-386a-4102-a7b4-f5a8c19aeacc,332300.00,IDR,https://d2qjkwm11akmwu.cloudfront.net/products/278154_5-2-2025_14-7-21.png,309,"Temukan informasi lengkap Vistat 120 mg 3 Strip (10 Kapsul/Strip) - Hemat Borongan di Halodoc. Beli Vistat 120 mg 3 Strip (10 Kapsul/Strip) - Hemat Borongan 1 Jam Sampai, Dikirim dari Apotek Tepercaya, Buka 24 Jam*","20250429, QAT-0522, diet, orlistat, lebih-hemat, ||ETHICAL PRODUCT ||T1K, ||T2K, ||T3K [[gratis ongkir]] [[bisagratisongkir]][[digestgratisongkir]] [[bisagratisongkir]] [[mbjgratisongkir]] [[pastigratisongkir]] [[hemborotc]] [[diethalodoc]] [[hdcoin]] [[orlistatozempic]] [[hdslimglowing]]",Vistat 120 mg 3 Strip (10 Kapsul/Strip) - Hemat Borongan,https://d2qjkwm11akmwu.cloudfront.net/thumbnails/153780_5-2-2025_14-9-28.png,medicine,b2c,1,active,365700.00,267700.00,0.04,252999.00,311800.00,0.05,0,,,,"[""capsules""]","[{""type"":""image_url"",""extension"":""png"",""url"":""https://d2qjkwm11akmwu.cloudfront.net/products/278154_5-2-2025_14-7-21.png""},{""type"":""thumbnail_url"",""extension"":""png"",""url"":""https://d2qjkwm11akmwu.cloudfront.net/thumbnails/153780_5-2-2025_14-9-28.png""},{""type"":""image_url"",""extension"":""webp"",""url"":""https://d2qjkwm11akmwu.cloudfront.net/products/278154_5-2-2025_14-7-21.webp""},{""type"":""thumbnail_url"",""extension"":""webp"",""url"":""https://d2qjkwm11akmwu.cloudfront.net/thumbnails/153780_5-2-2025_14-9-28.webp""}]","21aed9ec-fe20-4e4c-b72c-b284a405dc86",0,1,0,0.00,0.00,,
27,"2023-04-03 12:13:01",Dev,"2024-07-09 11:37:17",CC Token,"1a0068b8-eedc-4fcc-9741-aa2dc9080ff7","0",BISAGRATISONGKIR,66394,4812746,3360,"2023-04-03 13:00:00","2023-12-31 23:59:00",delayed_instant,"376708cf-e01e-4620-a5cf-54b9a1588316,1963798f-8e06-4aa0-bda9-eb794e85a3ee,b44c5b7e-b844-4105-acb8-858aaca5f8d8,49c1f3e0-4252-48c7-a007-8fd58e0fce42,217d7de6-0412-4ebc-96df-2d8cfddd99e0,59c8f490-a9f0-497f-97e5-a0b175c23168,7e56512f-c4ed-490b-be84-d2fd21b1180c,ed1ac092-8663-42e2-96d1-d2af62267ad4,a561bd82-f0ef-45dd-bb79-85c5b0f00fc2,ba7166a7-537a-4cfc-a27a-6642dd6764d8,07c03415-0d69-4c43-bc4a-d8a9ee0e3c7e,d7dbdc3c-0b3c-4be4-80eb-daad1e3dedd5,bfa2728f-1c97-4335-8547-1df04059a35b,de59f903-d42f-4640-92b5-0b8415bd7e1b,535d9556-fd19-468f-850b-5b01bff28c15,c1b2332b-644c-44a2-a878-0bf9c37e29b1,c21968b7-cc5a-43f8-8e33-552d89ce5846,ef63202b-ae39-4645-b570-c72ea02b7412,37eb40ff-cce3-4de6-b839-9cb5445a470f,74fcb9d1-a7b7-4672-ac7f-a1b62d8912a0,7976b31b-63fb-401e-87cc-c6e81ee7b5fd,2d190978-db01-4027-8b05-bb7e16aa524f,484583cd-a5cc-40c6-bf9d-31ca6038400a,eac848f9-b84c-44f8-85b7-faaa345a11e2",0.00,49,"2023-04-03 12:13:01",Dev,"2023-04-03 12:13:01",Dev,update_status_coupon_start_time_task_id,f9582d18-9593-4b16-a7e5-403163a86364,27,66394,"2022-06-07 17:08:35",Dev,"2025-07-25 02:10:09",SELF,"10e3e241-3a52-4bae-8159-f5ff2a41677f",287900.00,IDR,https://d2qjkwm11akmwu.cloudfront.net/products/54565_11-7-2023_14-59-41.png,409,"Temukan informasi lengkap Sterimar Nose Hygiene and Comfort 50 ml 2 Botol - Hemat Borongan di Halodoc. Beli Sterimar Nose Hygiene and Comfort 50 ml 2 Botol - Hemat Borongan 1 Jam Sampai, Dikirim dari Apotek Tepercaya, Buka 24 Jam*","20250213*, QAT-1122, Sterimar, nose hygiene, Flu, Pilek, hidung, hidung tersumbat, sea water [[nasalspecialty]] [[hemborspecialty]] [[hematborongan]] [[hematborongan]] ||T1K, ||T2K, ||T3K [[gratis ongkir]] [[bisagratisongkir]] [[specialtyadult]] [[sinus]][[specialtygratisongkir]] [[bisagratisongkir]] [[pastigratisongkir]] [[hemborotc]] [[hembormomkids]] [[keywordmom]] [[nasaldaily]] [[ibuanakpilihan]] [[gaspolkids]] [[gaspolkidsbaru]] [[gaspolpernapasan]] [[annivkids]][[hmpvobat]] [[nasalcare]], [[nasaldanasma]]",Sterimar Nose Hygiene and Comfort 50 ml 2 Botol - Hemat Borongan,https://d2qjkwm11akmwu.cloudfront.net/thumbnails/334324_11-7-2023_14-59-46.png,medicine,b2c,1,active,460000.00,287900.00,0.01,215200.00,287900.00,0.10,0,"2023-08-22 00:00:00","2023-08-31 00:00:00",0,"[""drops"",""spray"",""ml""]","[{""type"":""image_url"",""extension"":""png"",""url"":""https://d2qjkwm11akmwu.cloudfront.net/products/54565_11-7-2023_14-59-41.png""},{""type"":""thumbnail_url"",""extension"":""png"",""url"":""https://d2qjkwm11akmwu.cloudfront.net/thumbnails/334324_11-7-2023_14-59-46.png""},{""type"":""image_url"",""extension"":""webp"",""url"":""https://d2qjkwm11akmwu.cloudfront.net/products/54565_11-7-2023_14-59-41.webp""},{""type"":""thumbnail_url"",""extension"":""webp"",""url"":""https://d2qjkwm11akmwu.cloudfront.net/thumbnails/334324_11-7-2023_14-59-46.webp""}]",e70927a3-8617-4be3-9328-5355e2029e16,0,1,1,287900.00,276500.00,,
27,"2023-04-03 12:13:01",Dev,"2024-07-09 11:37:17",CC Token,"1a0068b8-eedc-4fcc-9741-aa2dc9080ff7","0",BISAGRATISONGKIR,66394,4812746,3360,"2023-04-03 13:00:00","2023-12-31 23:59:00",delayed_instant,"376708cf-e01e-4620-a5cf-54b9a1588316,1963798f-8e06-4aa0-bda9-eb794e85a3ee,b44c5b7e-b844-4105-acb8-858aaca5f8d8,49c1f3e0-4252-48c7-a007-8fd58e0fce42,217d7de6-0412-4ebc-96df-2d8cfddd99e0,59c8f490-a9f0-497f-97e5-a0b175c23168,7e56512f-c4ed-490b-be84-d2fd21b1180c,ed1ac092-8663-42e2-96d1-d2af62267ad4,a561bd82-f0ef-45dd-bb79-85c5b0f00fc2,ba7166a7-537a-4cfc-a27a-6642dd6764d8,07c03415-0d69-4c43-bc4a-d8a9ee0e3c7e,d7dbdc3c-0b3c-4be4-80eb-daad1e3dedd5,bfa2728f-1c97-4335-8547-1df04059a35b,de59f903-d42f-4640-92b5-0b8415bd7e1b,535d9556-fd19-468f-850b-5b01bff28c15,c1b2332b-644c-44a2-a878-0bf9c37e29b1,c21968b7-cc5a-43f8-8e33-552d89ce5846,ef63202b-ae39-4645-b570-c72ea02b7412,37eb40ff-cce3-4de6-b839-9cb5445a470f,74fcb9d1-a7b7-4672-ac7f-a1b62d8912a0,7976b31b-63fb-401e-87cc-c6e81ee7b5fd,2d190978-db01-4027-8b05-bb7e16aa524f,484583cd-a5cc-40c6-bf9d-31ca6038400a,eac848f9-b84c-44f8-85b7-faaa345a11e2",0.00,50,"2023-04-03 12:13:02",Dev,"2023-08-23 11:01:01",CC Token,update_status_coupon_end_time_task_id,"29835d7f-63b8-4f07-b3ae-08e527ffe648",27,66394,"2022-06-07 17:08:35",Dev,"2025-07-25 02:10:09",SELF,"10e3e241-3a52-4bae-8159-f5ff2a41677f",287900.00,IDR,https://d2qjkwm11akmwu.cloudfront.net/products/54565_11-7-2023_14-59-41.png,409,"Temukan informasi lengkap Sterimar Nose Hygiene and Comfort 50 ml 2 Botol - Hemat Borongan di Halodoc. Beli Sterimar Nose Hygiene and Comfort 50 ml 2 Botol - Hemat Borongan 1 Jam Sampai, Dikirim dari Apotek Tepercaya, Buka 24 Jam*","20250213*, QAT-1122, Sterimar, nose hygiene, Flu, Pilek, hidung, hidung tersumbat, sea water [[nasalspecialty]] [[hemborspecialty]] [[hematborongan]] [[hematborongan]] ||T1K, ||T2K, ||T3K [[gratis ongkir]] [[bisagratisongkir]] [[specialtyadult]] [[sinus]][[specialtygratisongkir]] [[bisagratisongkir]] [[pastigratisongkir]] [[hemborotc]] [[hembormomkids]] [[keywordmom]] [[nasaldaily]] [[ibuanakpilihan]] [[gaspolkids]] [[gaspolkidsbaru]] [[gaspolpernapasan]] [[annivkids]][[hmpvobat]] [[nasalcare]], [[nasaldanasma]]",Sterimar Nose Hygiene and Comfort 50 ml 2 Botol - Hemat Borongan,https://d2qjkwm11akmwu.cloudfront.net/thumbnails/334324_11-7-2023_14-59-46.png,medicine,b2c,1,active,460000.00,287900.00,0.01,215200.00,287900.00,0.10,0,"2023-08-22 00:00:00","2023-08-31 00:00:00",0,"[""drops"",""spray"",""ml""]","[{""type"":""image_url"",""extension"":""png"",""url"":""https://d2qjkwm11akmwu.cloudfront.net/products/54565_11-7-2023_14-59-41.png""},{""type"":""thumbnail_url"",""extension"":""png"",""url"":""https://d2qjkwm11akmwu.cloudfront.net/thumbnails/334324_11-7-2023_14-59-46.png""},{""type"":""image_url"",""extension"":""webp"",""url"":""https://d2qjkwm11akmwu.cloudfront.net/products/54565_11-7-2023_14-59-41.webp""},{""type"":""thumbnail_url"",""extension"":""webp"",""url"":""https://d2qjkwm11akmwu.cloudfront.net/thumbnails/334324_11-7-2023_14-59-46.webp""}]",e70927a3-8617-4be3-9328-5355e2029e16,0,1,1,287900.00,276500.00,,
28,"2023-04-03 12:13:02",Dev,"2023-07-17 16:38:44",SELF,"0e738eb0-ba7c-434a-899f-81b2c1ad0aad","0",BISAGRATISONGKIR,70147,4812746,3360,"2023-04-03 13:00:00","2023-12-31 23:59:00",delayed_instant,"376708cf-e01e-4620-a5cf-54b9a1588316,b44c5b7e-b844-4105-acb8-858aaca5f8d8,49c1f3e0-4252-48c7-a007-8fd58e0fce42,ed1ac092-8663-42e2-96d1-d2af62267ad4,a561bd82-f0ef-45dd-bb79-85c5b0f00fc2,c1b2332b-644c-44a2-a878-0bf9c37e29b1,37eb40ff-cce3-4de6-b839-9cb5445a470f,74fcb9d1-a7b7-4672-ac7f-a1b62d8912a0,7976b31b-63fb-401e-87cc-c6e81ee7b5fd,484583cd-a5cc-40c6-bf9d-31ca6038400a,1963798f-8e06-4aa0-bda9-eb794e85a3ee,217d7de6-0412-4ebc-96df-2d8cfddd99e0,59c8f490-a9f0-497f-97e5-a0b175c23168,7e56512f-c4ed-490b-be84-d2fd21b1180c,ba7166a7-537a-4cfc-a27a-6642dd6764d8,07c03415-0d69-4c43-bc4a-d8a9ee0e3c7e,d7dbdc3c-0b3c-4be4-80eb-daad1e3dedd5,bfa2728f-1c97-4335-8547-1df04059a35b,de59f903-d42f-4640-92b5-0b8415bd7e1b,535d9556-fd19-468f-850b-5b01bff28c15,c21968b7-cc5a-43f8-8e33-552d89ce5846,ef63202b-ae39-4645-b570-c72ea02b7412,2d190978-db01-4027-8b05-bb7e16aa524f,eac848f9-b84c-44f8-85b7-faaa345a11e2",0.00,51,"2023-04-03 12:13:02",Dev,"2023-04-03 12:13:02",Dev,update_status_coupon_start_time_task_id,f3930caa-3720-4d3c-a194-9c7b3d29dea4,28,70147,"2022-09-02 18:12:11",Dev,"2025-07-25 02:10:25",SELF,"3b04ee82-9736-4012-9d04-610c93946b5c",299000.00,IDR,https://d2qjkwm11akmwu.cloudfront.net/products/3233_5-5-2023_18-29-30.jpeg,569,"Temukan informasi lengkap Kondom Okamoto 003 Platinum 2 Box (10 Pieces/Box) - Hemat Borongan di Halodoc. Beli Kondom Okamoto 003 Platinum 2 Box (10 Pieces/Box) - Hemat Borongan 1 Jam Sampai, Dikirim dari Apotek Tepercaya, Buka 24 Jam*","2024123120240424* [[halointimacondom]]",Kondom Okamoto 003 Platinum 2 Box (10 Pieces/Box) - Hemat Borongan,https://d2qjkwm11akmwu.cloudfront.net/thumbnails/647171_5-5-2023_18-29-42.png,medicine,b2c,1,active,292800.00,299000.00,0.00,152600.00,299000.00,0.10,0,,,,"[""bottle"",""measuring_spoon_5ml"",""unit"",""measuring_spoon"",""rub"",""pill"",""patch"",""syringe"",""micrograms"",""capsules"",""cup"",""tablet"",""sachet"",""measuring_spoon_10ml"",""ovula"",""ampule"",""measuring_spoon_15ml"",""sheets"",""milligrams"",""table_spoon"",""suppository"",""ml"",""tube"",""spray"",""drops""]","[{""type"":""thumbnail_url"",""extension"":""webp"",""url"":""https://d2qjkwm11akmwu.cloudfront.net/thumbnails/647171_5-5-2023_18-29-42.webp""},{""type"":""image_url"",""extension"":""webp"",""url"":""https://d2qjkwm11akmwu.cloudfront.net/products/3233_5-5-2023_18-29-30.webp""},{""type"":""image_url"",""extension"":""jpeg"",""url"":""https://d2qjkwm11akmwu.cloudfront.net/products/3233_5-5-2023_18-29-30.jpeg""},{""type"":""thumbnail_url"",""extension"":""png"",""url"":""https://d2qjkwm11akmwu.cloudfront.net/thumbnails/647171_5-5-2023_18-29-42.png""}]",be79d75f-9c13-4b1c-a925-00859d79f933,0,1,1,299000.00,284000.00,,
28,"2023-04-03 12:13:02",Dev,"2023-07-17 16:38:44",SELF,"0e738eb0-ba7c-434a-899f-81b2c1ad0aad","0",BISAGRATISONGKIR,70147,4812746,3360,"2023-04-03 13:00:00","2023-12-31 23:59:00",delayed_instant,"376708cf-e01e-4620-a5cf-54b9a1588316,b44c5b7e-b844-4105-acb8-858aaca5f8d8,49c1f3e0-4252-48c7-a007-8fd58e0fce42,ed1ac092-8663-42e2-96d1-d2af62267ad4,a561bd82-f0ef-45dd-bb79-85c5b0f00fc2,c1b2332b-644c-44a2-a878-0bf9c37e29b1,37eb40ff-cce3-4de6-b839-9cb5445a470f,74fcb9d1-a7b7-4672-ac7f-a1b62d8912a0,7976b31b-63fb-401e-87cc-c6e81ee7b5fd,484583cd-a5cc-40c6-bf9d-31ca6038400a,1963798f-8e06-4aa0-bda9-eb794e85a3ee,217d7de6-0412-4ebc-96df-2d8cfddd99e0,59c8f490-a9f0-497f-97e5-a0b175c23168,7e56512f-c4ed-490b-be84-d2fd21b1180c,ba7166a7-537a-4cfc-a27a-6642dd6764d8,07c03415-0d69-4c43-bc4a-d8a9ee0e3c7e,d7dbdc3c-0b3c-4be4-80eb-daad1e3dedd5,bfa2728f-1c97-4335-8547-1df04059a35b,de59f903-d42f-4640-92b5-0b8415bd7e1b,535d9556-fd19-468f-850b-5b01bff28c15,c21968b7-cc5a-43f8-8e33-552d89ce5846,ef63202b-ae39-4645-b570-c72ea02b7412,2d190978-db01-4027-8b05-bb7e16aa524f,eac848f9-b84c-44f8-85b7-faaa345a11e2",0.00,52,"2023-04-03 12:13:02",Dev,"2023-07-17 16:38:44",SELF,update_status_coupon_end_time_task_id,faf3fe74-a270-4b66-bcea-5ff386b0ab51,28,70147,"2022-09-02 18:12:11",Dev,"2025-07-25 02:10:25",SELF,"3b04ee82-9736-4012-9d04-610c93946b5c",299000.00,IDR,https://d2qjkwm11akmwu.cloudfront.net/products/3233_5-5-2023_18-29-30.jpeg,569,"Temukan informasi lengkap Kondom Okamoto 003 Platinum 2 Box (10 Pieces/Box) - Hemat Borongan di Halodoc. Beli Kondom Okamoto 003 Platinum 2 Box (10 Pieces/Box) - Hemat Borongan 1 Jam Sampai, Dikirim dari Apotek Tepercaya, Buka 24 Jam*","2024123120240424* [[halointimacondom]]",Kondom Okamoto 003 Platinum 2 Box (10 Pieces/Box) - Hemat Borongan,https://d2qjkwm11akmwu.cloudfront.net/thumbnails/647171_5-5-2023_18-29-42.png,medicine,b2c,1,active,292800.00,299000.00,0.00,152600.00,299000.00,0.10,0,,,,"[""bottle"",""measuring_spoon_5ml"",""unit"",""measuring_spoon"",""rub"",""pill"",""patch"",""syringe"",""micrograms"",""capsules"",""cup"",""tablet"",""sachet"",""measuring_spoon_10ml"",""ovula"",""ampule"",""measuring_spoon_15ml"",""sheets"",""milligrams"",""table_spoon"",""suppository"",""ml"",""tube"",""spray"",""drops""]","[{""type"":""thumbnail_url"",""extension"":""webp"",""url"":""https://d2qjkwm11akmwu.cloudfront.net/thumbnails/647171_5-5-2023_18-29-42.webp""},{""type"":""image_url"",""extension"":""webp"",""url"":""https://d2qjkwm11akmwu.cloudfront.net/products/3233_5-5-2023_18-29-30.webp""},{""type"":""image_url"",""extension"":""jpeg"",""url"":""https://d2qjkwm11akmwu.cloudfront.net/products/3233_5-5-2023_18-29-30.jpeg""},{""type"":""thumbnail_url"",""extension"":""png"",""url"":""https://d2qjkwm11akmwu.cloudfront.net/thumbnails/647171_5-5-2023_18-29-42.png""}]",be79d75f-9c13-4b1c-a925-00859d79f933,0,1,1,299000.00,284000.00,,
29,"2023-04-03 12:13:02",Dev,"2024-12-10 15:19:21",CC Token,e8da8943-6898-4042-8de5-f7697d471021,"0",BISAGRATISONGKIR,75395,4812746,3360,"2023-04-03 13:00:00","2023-12-31 23:59:00",delayed_instant,"376708cf-e01e-4620-a5cf-54b9a1588316,1963798f-8e06-4aa0-bda9-eb794e85a3ee,b44c5b7e-b844-4105-acb8-858aaca5f8d8,49c1f3e0-4252-48c7-a007-8fd58e0fce42,217d7de6-0412-4ebc-96df-2d8cfddd99e0,59c8f490-a9f0-497f-97e5-a0b175c23168,7e56512f-c4ed-490b-be84-d2fd21b1180c,ed1ac092-8663-42e2-96d1-d2af62267ad4,a561bd82-f0ef-45dd-bb79-85c5b0f00fc2,ba7166a7-537a-4cfc-a27a-6642dd6764d8,07c03415-0d69-4c43-bc4a-d8a9ee0e3c7e,d7dbdc3c-0b3c-4be4-80eb-daad1e3dedd5,bfa2728f-1c97-4335-8547-1df04059a35b,de59f903-d42f-4640-92b5-0b8415bd7e1b,535d9556-fd19-468f-850b-5b01bff28c15,c1b2332b-644c-44a2-a878-0bf9c37e29b1,c21968b7-cc5a-43f8-8e33-552d89ce5846,ef63202b-ae39-4645-b570-c72ea02b7412,37eb40ff-cce3-4de6-b839-9cb5445a470f,74fcb9d1-a7b7-4672-ac7f-a1b62d8912a0,7976b31b-63fb-401e-87cc-c6e81ee7b5fd,2d190978-db01-4027-8b05-bb7e16aa524f,484583cd-a5cc-40c6-bf9d-31ca6038400a,eac848f9-b84c-44f8-85b7-faaa345a11e2",0.00,53,"2023-04-03 12:13:02",Dev,"2023-04-03 12:13:02",Dev,update_status_coupon_start_time_task_id,a030d18a-ce3a-487d-bd7c-d75ff761db54,29,75395,"2023-02-03 11:29:14",Dev,"2025-07-25 02:20:47",SELF,"852a795c-c3c1-42a2-a34b-55474c800411",507300.00,IDR,https://d2qjkwm11akmwu.cloudfront.net/products/639864_8-5-2023_14-33-26.png,28,"Temukan informasi lengkap Yasmin 2 Box (21 Tablet/Box) - Hemat Borongan di Halodoc. Beli Yasmin 2 Box (21 Tablet/Box) - Hemat Borongan 1 Jam Sampai, Dikirim dari Apotek Tepercaya, Buka 24 Jam*","20250429, Oral Contraceptive Agent, pil kb, kb, Kontrasepsi, retensi, cairan, jerawat, ketombe, hormon, Originatory ||ETHICAL PRODUCT [[hemborkontrasepsi]] [[gratis ongkir]] [[bisagratisongkir]][[mbjgratisongkir]] [[bisagratisongkir]] [[digestgratisongkir]] [[rxhemborkontrasepsi]] [[pastigratisongkir]] [[kontrasepsihormon]] [[hemborotc]] [[hembor2025]] [[pilkb]] [[produkpasutri]] [[halointimaregcon]]",Yasmin 2 Box (21 Tablet/Box) - Hemat Borongan,https://d2qjkwm11akmwu.cloudfront.net/thumbnails/487823_8-5-2023_14-33-35.png,medicine,b2c,1,active,579400.00,507300.00,0.01,284700.00,507300.00,0.10,0,,,,"[""tablet""]","[{""type"":""thumbnail_url"",""extension"":""png"",""url"":""https://d2qjkwm11akmwu.cloudfront.net/thumbnails/487823_8-5-2023_14-33-35.png""},{""type"":""thumbnail_url"",""extension"":""webp"",""url"":""https://d2qjkwm11akmwu.cloudfront.net/thumbnails/487823_8-5-2023_14-33-35.webp""},{""type"":""image_url"",""extension"":""webp"",""url"":""https://d2qjkwm11akmwu.cloudfront.net/products/639864_8-5-2023_14-33-26.webp""},{""type"":""image_url"",""extension"":""png"",""url"":""https://d2qjkwm11akmwu.cloudfront.net/products/639864_8-5-2023_14-33-26.png""}]","99f289d0-81af-4889-ab30-03a26fd01e01",0,1,1,507300.00,481900.00,,
29,"2023-04-03 12:13:02",Dev,"2024-12-10 15:19:21",CC Token,e8da8943-6898-4042-8de5-f7697d471021,"0",BISAGRATISONGKIR,75395,4812746,3360,"2023-04-03 13:00:00","2023-12-31 23:59:00",delayed_instant,"376708cf-e01e-4620-a5cf-54b9a1588316,1963798f-8e06-4aa0-bda9-eb794e85a3ee,b44c5b7e-b844-4105-acb8-858aaca5f8d8,49c1f3e0-4252-48c7-a007-8fd58e0fce42,217d7de6-0412-4ebc-96df-2d8cfddd99e0,59c8f490-a9f0-497f-97e5-a0b175c23168,7e56512f-c4ed-490b-be84-d2fd21b1180c,ed1ac092-8663-42e2-96d1-d2af62267ad4,a561bd82-f0ef-45dd-bb79-85c5b0f00fc2,ba7166a7-537a-4cfc-a27a-6642dd6764d8,07c03415-0d69-4c43-bc4a-d8a9ee0e3c7e,d7dbdc3c-0b3c-4be4-80eb-daad1e3dedd5,bfa2728f-1c97-4335-8547-1df04059a35b,de59f903-d42f-4640-92b5-0b8415bd7e1b,535d9556-fd19-468f-850b-5b01bff28c15,c1b2332b-644c-44a2-a878-0bf9c37e29b1,c21968b7-cc5a-43f8-8e33-552d89ce5846,ef63202b-ae39-4645-b570-c72ea02b7412,37eb40ff-cce3-4de6-b839-9cb5445a470f,74fcb9d1-a7b7-4672-ac7f-a1b62d8912a0,7976b31b-63fb-401e-87cc-c6e81ee7b5fd,2d190978-db01-4027-8b05-bb7e16aa524f,484583cd-a5cc-40c6-bf9d-31ca6038400a,eac848f9-b84c-44f8-85b7-faaa345a11e2",0.00,54,"2023-04-03 12:13:02",Dev,"2023-07-17 16:38:44",SELF,update_status_coupon_end_time_task_id,"41b038f3-5ac9-44d7-a401-b5cf868a24cc",29,75395,"2023-02-03 11:29:14",Dev,"2025-07-25 02:20:47",SELF,"852a795c-c3c1-42a2-a34b-55474c800411",507300.00,IDR,https://d2qjkwm11akmwu.cloudfront.net/products/639864_8-5-2023_14-33-26.png,28,"Temukan informasi lengkap Yasmin 2 Box (21 Tablet/Box) - Hemat Borongan di Halodoc. Beli Yasmin 2 Box (21 Tablet/Box) - Hemat Borongan 1 Jam Sampai, Dikirim dari Apotek Tepercaya, Buka 24 Jam*","20250429, Oral Contraceptive Agent, pil kb, kb, Kontrasepsi, retensi, cairan, jerawat, ketombe, hormon, Originatory ||ETHICAL PRODUCT [[hemborkontrasepsi]] [[gratis ongkir]] [[bisagratisongkir]][[mbjgratisongkir]] [[bisagratisongkir]] [[digestgratisongkir]] [[rxhemborkontrasepsi]] [[pastigratisongkir]] [[kontrasepsihormon]] [[hemborotc]] [[hembor2025]] [[pilkb]] [[produkpasutri]] [[halointimaregcon]]",Yasmin 2 Box (21 Tablet/Box) - Hemat Borongan,https://d2qjkwm11akmwu.cloudfront.net/thumbnails/487823_8-5-2023_14-33-35.png,medicine,b2c,1,active,579400.00,507300.00,0.01,284700.00,507300.00,0.10,0,,,,"[""tablet""]","[{""type"":""thumbnail_url"",""extension"":""png"",""url"":""https://d2qjkwm11akmwu.cloudfront.net/thumbnails/487823_8-5-2023_14-33-35.png""},{""type"":""thumbnail_url"",""extension"":""webp"",""url"":""https://d2qjkwm11akmwu.cloudfront.net/thumbnails/487823_8-5-2023_14-33-35.webp""},{""type"":""image_url"",""extension"":""webp"",""url"":""https://d2qjkwm11akmwu.cloudfront.net/products/639864_8-5-2023_14-33-26.webp""},{""type"":""image_url"",""extension"":""png"",""url"":""https://d2qjkwm11akmwu.cloudfront.net/products/639864_8-5-2023_14-33-26.png""}]","99f289d0-81af-4889-ab30-03a26fd01e01",0,1,1,507300.00,481900.00,,
30,"2023-04-03 12:13:02",Dev,"2023-07-17 16:38:45",SELF,adb3883e-bf48-4cea-8657-7d14f25b1923,"0",BISAGRATISONGKIR,75398,4812746,3360,"2023-04-03 13:00:00","2023-12-31 23:59:00",delayed_instant,"376708cf-e01e-4620-a5cf-54b9a1588316,b44c5b7e-b844-4105-acb8-858aaca5f8d8,49c1f3e0-4252-48c7-a007-8fd58e0fce42,ed1ac092-8663-42e2-96d1-d2af62267ad4,a561bd82-f0ef-45dd-bb79-85c5b0f00fc2,c1b2332b-644c-44a2-a878-0bf9c37e29b1,37eb40ff-cce3-4de6-b839-9cb5445a470f,74fcb9d1-a7b7-4672-ac7f-a1b62d8912a0,7976b31b-63fb-401e-87cc-c6e81ee7b5fd,484583cd-a5cc-40c6-bf9d-31ca6038400a,1963798f-8e06-4aa0-bda9-eb794e85a3ee,217d7de6-0412-4ebc-96df-2d8cfddd99e0,59c8f490-a9f0-497f-97e5-a0b175c23168,7e56512f-c4ed-490b-be84-d2fd21b1180c,ba7166a7-537a-4cfc-a27a-6642dd6764d8,07c03415-0d69-4c43-bc4a-d8a9ee0e3c7e,d7dbdc3c-0b3c-4be4-80eb-daad1e3dedd5,bfa2728f-1c97-4335-8547-1df04059a35b,de59f903-d42f-4640-92b5-0b8415bd7e1b,535d9556-fd19-468f-850b-5b01bff28c15,c21968b7-cc5a-43f8-8e33-552d89ce5846,ef63202b-ae39-4645-b570-c72ea02b7412,2d190978-db01-4027-8b05-bb7e16aa524f,eac848f9-b84c-44f8-85b7-faaa345a11e2",0.00,55,"2023-04-03 12:13:02",Dev,"2023-04-03 12:13:02",Dev,update_status_coupon_start_time_task_id,"58f9372b-0a8c-4fda-a048-4a72fc492f37",30,75398,"2023-02-03 11:29:15",Dev,"2025-07-25 02:20:48",SELF,cdeaf19b-1203-4eba-8519-620826b5320a,462700.00,IDR,https://d2qjkwm11akmwu.cloudfront.net/products/384717_10-5-2023_10-32-50.png,28,"Informasi terlengkap tentang Cyclo Progynova 2 Box (21 Tablet/Box) - Hemat Borongan. Komposisi, Fungsi, Kegunaan, Ulasan, Efek Samping, Indikasi, Aturan Pakai, dan Dosis.","20250429, OW4, Oral Contraceptive Agent, Klimakterik, Menopause, sindroma, HRT, Originatory, Cycloprogynova, pil kb, kb ||ETHICAL PRODUCT [[hemborkontrasepsi]] [[gratis ongkir]] [[bisagratisongkir]] [[mbjgratisongkir]] [[bisagratisongkir]] [[digestgratisongkir]] [[rxhemborkontrasepsi]] [[pastigratisongkir]] [[kontrasepsihormon]] [[hemborotc]] [[pilkb]] [[halointimaregcon]]",Cyclo Progynova 2 Box (21 Tablet/Box) - Hemat Borongan,https://d2qjkwm11akmwu.cloudfront.net/thumbnails/302392_10-5-2023_10-33-3.png,medicine,b2c,1,active,530800.00,462700.00,0.00,251600.00,462700.00,0.10,0,,,,"[""tablet""]","[{""type"":""thumbnail_url"",""extension"":""png"",""url"":""https://d2qjkwm11akmwu.cloudfront.net/thumbnails/302392_10-5-2023_10-33-3.png""},{""type"":""image_url"",""extension"":""webp"",""url"":""https://d2qjkwm11akmwu.cloudfront.net/products/384717_10-5-2023_10-32-50.webp""},{""type"":""thumbnail_url"",""extension"":""webp"",""url"":""https://d2qjkwm11akmwu.cloudfront.net/thumbnails/302392_10-5-2023_10-33-3.webp""},{""type"":""image_url"",""extension"":""png"",""url"":""https://d2qjkwm11akmwu.cloudfront.net/products/384717_10-5-2023_10-32-50.png""}]","61f9eae9-d0c0-4360-a045-48b7af7fbcab",0,1,1,462700.00,439500.00,,
30,"2023-04-03 12:13:02",Dev,"2023-07-17 16:38:45",SELF,adb3883e-bf48-4cea-8657-7d14f25b1923,"0",BISAGRATISONGKIR,75398,4812746,3360,"2023-04-03 13:00:00","2023-12-31 23:59:00",delayed_instant,"376708cf-e01e-4620-a5cf-54b9a1588316,b44c5b7e-b844-4105-acb8-858aaca5f8d8,49c1f3e0-4252-48c7-a007-8fd58e0fce42,ed1ac092-8663-42e2-96d1-d2af62267ad4,a561bd82-f0ef-45dd-bb79-85c5b0f00fc2,c1b2332b-644c-44a2-a878-0bf9c37e29b1,37eb40ff-cce3-4de6-b839-9cb5445a470f,74fcb9d1-a7b7-4672-ac7f-a1b62d8912a0,7976b31b-63fb-401e-87cc-c6e81ee7b5fd,484583cd-a5cc-40c6-bf9d-31ca6038400a,1963798f-8e06-4aa0-bda9-eb794e85a3ee,217d7de6-0412-4ebc-96df-2d8cfddd99e0,59c8f490-a9f0-497f-97e5-a0b175c23168,7e56512f-c4ed-490b-be84-d2fd21b1180c,ba7166a7-537a-4cfc-a27a-6642dd6764d8,07c03415-0d69-4c43-bc4a-d8a9ee0e3c7e,d7dbdc3c-0b3c-4be4-80eb-daad1e3dedd5,bfa2728f-1c97-4335-8547-1df04059a35b,de59f903-d42f-4640-92b5-0b8415bd7e1b,535d9556-fd19-468f-850b-5b01bff28c15,c21968b7-cc5a-43f8-8e33-552d89ce5846,ef63202b-ae39-4645-b570-c72ea02b7412,2d190978-db01-4027-8b05-bb7e16aa524f,eac848f9-b84c-44f8-85b7-faaa345a11e2",0.00,56,"2023-04-03 12:13:02",Dev,"2023-07-17 16:38:45",SELF,update_status_coupon_end_time_task_id,f33b6470-13c2-4143-a138-1097703d04bf,30,75398,"2023-02-03 11:29:15",Dev,"2025-07-25 02:20:48",SELF,cdeaf19b-1203-4eba-8519-620826b5320a,462700.00,IDR,https://d2qjkwm11akmwu.cloudfront.net/products/384717_10-5-2023_10-32-50.png,28,"Informasi terlengkap tentang Cyclo Progynova 2 Box (21 Tablet/Box) - Hemat Borongan. Komposisi, Fungsi, Kegunaan, Ulasan, Efek Samping, Indikasi, Aturan Pakai, dan Dosis.","20250429, OW4, Oral Contraceptive Agent, Klimakterik, Menopause, sindroma, HRT, Originatory, Cycloprogynova, pil kb, kb ||ETHICAL PRODUCT [[hemborkontrasepsi]] [[gratis ongkir]] [[bisagratisongkir]] [[mbjgratisongkir]] [[bisagratisongkir]] [[digestgratisongkir]] [[rxhemborkontrasepsi]] [[pastigratisongkir]] [[kontrasepsihormon]] [[hemborotc]] [[pilkb]] [[halointimaregcon]]",Cyclo Progynova 2 Box (21 Tablet/Box) - Hemat Borongan,https://d2qjkwm11akmwu.cloudfront.net/thumbnails/302392_10-5-2023_10-33-3.png,medicine,b2c,1,active,530800.00,462700.00,0.00,251600.00,462700.00,0.10,0,,,,"[""tablet""]","[{""type"":""thumbnail_url"",""extension"":""png"",""url"":""https://d2qjkwm11akmwu.cloudfront.net/thumbnails/302392_10-5-2023_10-33-3.png""},{""type"":""image_url"",""extension"":""webp"",""url"":""https://d2qjkwm11akmwu.cloudfront.net/products/384717_10-5-2023_10-32-50.webp""},{""type"":""thumbnail_url"",""extension"":""webp"",""url"":""https://d2qjkwm11akmwu.cloudfront.net/thumbnails/302392_10-5-2023_10-33-3.webp""},{""type"":""image_url"",""extension"":""png"",""url"":""https://d2qjkwm11akmwu.cloudfront.net/products/384717_10-5-2023_10-32-50.png""}]","61f9eae9-d0c0-4360-a045-48b7af7fbcab",0,1,1,462700.00,439500.00,,
31,"2023-04-10 09:33:03",Dev,"2024-08-13 11:29:39",CC Token,"89938d45-b4bd-4334-8eeb-65d30fcf807c","0",BISAGRATISONGKIR,37466,4812746,3360,"2023-04-03 13:00:00","2023-12-31 23:59:00",delayed_instant,"376708cf-e01e-4620-a5cf-54b9a1588316,1963798f-8e06-4aa0-bda9-eb794e85a3ee,b44c5b7e-b844-4105-acb8-858aaca5f8d8,49c1f3e0-4252-48c7-a007-8fd58e0fce42,217d7de6-0412-4ebc-96df-2d8cfddd99e0,59c8f490-a9f0-497f-97e5-a0b175c23168,7e56512f-c4ed-490b-be84-d2fd21b1180c,ed1ac092-8663-42e2-96d1-d2af62267ad4,a561bd82-f0ef-45dd-bb79-85c5b0f00fc2,ba7166a7-537a-4cfc-a27a-6642dd6764d8,07c03415-0d69-4c43-bc4a-d8a9ee0e3c7e,d7dbdc3c-0b3c-4be4-80eb-daad1e3dedd5,bfa2728f-1c97-4335-8547-1df04059a35b,de59f903-d42f-4640-92b5-0b8415bd7e1b,535d9556-fd19-468f-850b-5b01bff28c15,c1b2332b-644c-44a2-a878-0bf9c37e29b1,c21968b7-cc5a-43f8-8e33-552d89ce5846,ef63202b-ae39-4645-b570-c72ea02b7412,37eb40ff-cce3-4de6-b839-9cb5445a470f,74fcb9d1-a7b7-4672-ac7f-a1b62d8912a0,7976b31b-63fb-401e-87cc-c6e81ee7b5fd,2d190978-db01-4027-8b05-bb7e16aa524f,484583cd-a5cc-40c6-bf9d-31ca6038400a,eac848f9-b84c-44f8-85b7-faaa345a11e2",0.00,57,"2023-04-11 17:46:23",SELF,"2023-07-31 16:52:35",CC Token,update_status_coupon_end_time_task_id,a43824f3-2835-4d2a-bde4-0fac469a69f5,31,37466,"2020-04-05 18:16:53",Dev,"2025-07-25 02:05:41",SELF,bff407a7-6857-4905-bebc-0ff9f2f89666,279700.00,IDR,https://d2qjkwm11akmwu.cloudfront.net/products/4203_18-7-2023_17-14-37.png,196,"Temukan informasi lengkap Concor 2.5 mg 3 Strip (10 Tablet/Strip) - Obat Rutin di Halodoc. Beli Concor 2.5 mg 3 Strip (10 Tablet/Strip) - Obat Rutin 1 Jam Sampai, Dikirim dari Apotek Tepercaya, Buka 24 Jam*","20250313, QAT-0920, Obat rutin NCD, Routine medicines,?Subscriptions, Subscription, Langganan [Hypertension] ||ETHICAL PRODUCT ||NCD ||T1K, ||T2K, ||T3K [[Hipertensi]] [[Gratis Ongkir]] [[bisagratisongkir]] [[bisagratisongkir]] [[pastigratisongkir]] [[obatrutinpilihan]] [[puasancd]],Obat Darah Tinggi[[ncdpilihan]],[[puasancd]]",Concor 2.5 mg 3 Strip (10 Tablet/Strip) - Obat Rutin,https://d2qjkwm11akmwu.cloudfront.net/thumbnails/145445_18-7-2023_17-14-44.png,medicine,b2c,1,active,294000.00,95100.00,0.01,92000.00,249400.00,0.09,1,"2023-07-31 00:00:00","2023-08-08 00:00:00",0,"[""tablet""]","[{""type"":""thumbnail_url"",""extension"":""png"",""url"":""https://d2qjkwm11akmwu.cloudfront.net/thumbnails/145445_18-7-2023_17-14-44.png""},{""type"":""image_url"",""extension"":""png"",""url"":""https://d2qjkwm11akmwu.cloudfront.net/products/4203_18-7-2023_17-14-37.png""},{""type"":""image_url"",""extension"":""webp"",""url"":""https://d2qjkwm11akmwu.cloudfront.net/products/4203_18-7-2023_17-14-37.webp""},{""type"":""thumbnail_url"",""extension"":""webp"",""url"":""https://d2qjkwm11akmwu.cloudfront.net/thumbnails/145445_18-7-2023_17-14-44.webp""}]","028252fa-5bf4-40ba-a257-5cef11e0b2e9",0,1,0,0.00,0.00,,
32,"2023-04-10 09:33:03",Dev,"2024-10-14 11:34:06",CC Token,b06ae78f-5920-4a61-be77-5dd71bb872a7,"0",BISAGRATISONGKIR,37522,4812746,3360,"2023-04-03 13:00:00","2023-12-31 23:59:00",delayed_instant,"376708cf-e01e-4620-a5cf-54b9a1588316,1963798f-8e06-4aa0-bda9-eb794e85a3ee,b44c5b7e-b844-4105-acb8-858aaca5f8d8,49c1f3e0-4252-48c7-a007-8fd58e0fce42,217d7de6-0412-4ebc-96df-2d8cfddd99e0,59c8f490-a9f0-497f-97e5-a0b175c23168,7e56512f-c4ed-490b-be84-d2fd21b1180c,ed1ac092-8663-42e2-96d1-d2af62267ad4,a561bd82-f0ef-45dd-bb79-85c5b0f00fc2,ba7166a7-537a-4cfc-a27a-6642dd6764d8,07c03415-0d69-4c43-bc4a-d8a9ee0e3c7e,d7dbdc3c-0b3c-4be4-80eb-daad1e3dedd5,bfa2728f-1c97-4335-8547-1df04059a35b,de59f903-d42f-4640-92b5-0b8415bd7e1b,535d9556-fd19-468f-850b-5b01bff28c15,c1b2332b-644c-44a2-a878-0bf9c37e29b1,c21968b7-cc5a-43f8-8e33-552d89ce5846,ef63202b-ae39-4645-b570-c72ea02b7412,37eb40ff-cce3-4de6-b839-9cb5445a470f,74fcb9d1-a7b7-4672-ac7f-a1b62d8912a0,7976b31b-63fb-401e-87cc-c6e81ee7b5fd,2d190978-db01-4027-8b05-bb7e16aa524f,484583cd-a5cc-40c6-bf9d-31ca6038400a,eac848f9-b84c-44f8-85b7-faaa345a11e2",0.00,58,"2023-04-11 17:46:23",SELF,"2023-07-18 17:54:38",CC Token,update_status_coupon_end_time_task_id,"5ec941cf-a661-4b6f-886a-056e9c70bece",32,37522,"2020-04-05 18:17:06",Dev,"2025-07-25 02:05:44",SELF,"85aa0089-1f74-441c-8a20-2bd97e748b26",908100.00,IDR,https://d2qjkwm11akmwu.cloudfront.net/products/729169_18-7-2023_17-54-26.png,41,"Temukan informasi lengkap Jardiance 10 mg 3 Strip (10 Tablet/Strip) - Obat Rutin di Halodoc. Beli Jardiance 10 mg 3 Strip (10 Tablet/Strip) - Obat Rutin 1 Jam Sampai, Dikirim dari Apotek Tepercaya, Buka 24 Jam*","20250527, Obat rutin NCD, Routine medicines,Subscription, Subscriptions, Langganan [Diabetes] [[diabetescarepage]] ||ETHICAL PRODUCT ||NCD [[pilihanobatdiabetes]] [[obatpilihanwdd2022]] [[obatrutincaregiver]] ||T1K, ||T2K, ||T3K [[obatrutinramadhanlebaran]] [[hargapastiobatrutin]] [[Gratis Ongkir]] [[bisagratisongkir]][[ncdgratisongkir]] [[bisagratisongkir]] [[pastigratisongkir]] [[orangtuasehat3]] [[obatrutingaspol]] [[hemborotc]] [[wdd2023]][[puasancd]] [[diabeteshalodoc]],[[puasancd]]",Jardiance 10 mg 3 Strip (10 Tablet/Strip) - Obat Rutin,https://d2qjkwm11akmwu.cloudfront.net/thumbnails/554680_18-7-2023_17-54-31.png,medicine,b2c,1,active,908100.00,473200.00,0.01,458000.00,699200.00,0.09,1,"2023-02-01 00:00:00","2023-02-15 00:00:00",0,"[""tablet""]","[{""type"":""image_url"",""extension"":""png"",""url"":""https://d2qjkwm11akmwu.cloudfront.net/products/729169_18-7-2023_17-54-26.png""},{""type"":""thumbnail_url"",""extension"":""webp"",""url"":""https://d2qjkwm11akmwu.cloudfront.net/thumbnails/554680_18-7-2023_17-54-31.webp""},{""type"":""thumbnail_url"",""extension"":""png"",""url"":""https://d2qjkwm11akmwu.cloudfront.net/thumbnails/554680_18-7-2023_17-54-31.png""},{""type"":""image_url"",""extension"":""webp"",""url"":""https://d2qjkwm11akmwu.cloudfront.net/products/729169_18-7-2023_17-54-26.webp""}]","9446dba5-3688-4936-a1ac-8b77fb412c50",0,1,0,0.00,0.00,,
33,"2023-04-10 09:33:03",Dev,"2023-07-17 16:38:45",SELF,"6345c851-8bcf-45be-950d-0dcc71792049","0",BISAGRATISONGKIR,37483,4812746,3360,"2023-04-03 13:00:00","2023-12-31 23:59:00",delayed_instant,"376708cf-e01e-4620-a5cf-54b9a1588316,b44c5b7e-b844-4105-acb8-858aaca5f8d8,49c1f3e0-4252-48c7-a007-8fd58e0fce42,ed1ac092-8663-42e2-96d1-d2af62267ad4,a561bd82-f0ef-45dd-bb79-85c5b0f00fc2,c1b2332b-644c-44a2-a878-0bf9c37e29b1,37eb40ff-cce3-4de6-b839-9cb5445a470f,74fcb9d1-a7b7-4672-ac7f-a1b62d8912a0,7976b31b-63fb-401e-87cc-c6e81ee7b5fd,484583cd-a5cc-40c6-bf9d-31ca6038400a,1963798f-8e06-4aa0-bda9-eb794e85a3ee,217d7de6-0412-4ebc-96df-2d8cfddd99e0,59c8f490-a9f0-497f-97e5-a0b175c23168,7e56512f-c4ed-490b-be84-d2fd21b1180c,ba7166a7-537a-4cfc-a27a-6642dd6764d8,07c03415-0d69-4c43-bc4a-d8a9ee0e3c7e,d7dbdc3c-0b3c-4be4-80eb-daad1e3dedd5,bfa2728f-1c97-4335-8547-1df04059a35b,de59f903-d42f-4640-92b5-0b8415bd7e1b,535d9556-fd19-468f-850b-5b01bff28c15,c21968b7-cc5a-43f8-8e33-552d89ce5846,ef63202b-ae39-4645-b570-c72ea02b7412,2d190978-db01-4027-8b05-bb7e16aa524f,eac848f9-b84c-44f8-85b7-faaa345a11e2",0.00,59,"2023-04-11 17:46:24",SELF,"2023-07-18 17:38:17",CC Token,update_status_coupon_end_time_task_id,aefc27ea-f24e-4757-9e63-63ccd891c659,33,37483,"2020-04-05 18:16:57",Dev,"2025-07-25 02:05:42",SELF,"2cc84746-f908-468c-9540-cf7dea16911d",449300.00,IDR,https://d2qjkwm11akmwu.cloudfront.net/products/253389_18-7-2023_17-37-55.png,218,"Temukan informasi lengkap Exforge 5 mg/80 mg 2 Strip (14 Tablet/Strip) - Obat Rutin di Halodoc. Beli Exforge 5 mg/80 mg 2 Strip (14 Tablet/Strip) - Obat Rutin 1 Jam Sampai, Dikirim dari Apotek Tepercaya, Buka 24 Jam*","20241101, QAT-1021, Obat rutin NCD, Routine medicines, Subscription, Subscriptions, Langganan [Hypertension] ||ETHICAL PRODUCT [[crmhypertension]] ||NCD [[untukortu]] [[obatrutinharian]] [[obatrutincaregiver]] ||T1K, ||T2K, ||T3K [[obatrutinramadhanlebaran]] [[Hipertensi]] [[hargapastiobatrutin]] [[Gratis Ongkir]] [[bisagratisongkir]][[ncdgratisongkir]] [[bisagratisongkir]] [[pastigratisongkir]] [[orangtuasehat1]] [[obatrutingaspol]] [[hemborotc]] [[obatrutinpilihan]][[puasancd]][[ncdpilihan]],[[puasancd]]",Exforge 5 mg/80 mg 2 Strip (14 Tablet/Strip) - Obat Rutin,https://d2qjkwm11akmwu.cloudfront.net/thumbnails/273995_18-7-2023_17-38-2.png,medicine,b2c,1,active,517400.00,201700.00,0.01,195200.00,417800.00,0.09,0,"2020-04-06 22:03:39","2020-04-06 22:03:39",0,"[""tablet""]","[{""type"":""image_url"",""extension"":""png"",""url"":""https://d2qjkwm11akmwu.cloudfront.net/products/253389_18-7-2023_17-37-55.png""},{""type"":""image_url"",""extension"":""webp"",""url"":""https://d2qjkwm11akmwu.cloudfront.net/products/253389_18-7-2023_17-37-55.webp""},{""type"":""thumbnail_url"",""extension"":""png"",""url"":""https://d2qjkwm11akmwu.cloudfront.net/thumbnails/273995_18-7-2023_17-38-2.png""},{""type"":""thumbnail_url"",""extension"":""webp"",""url"":""https://d2qjkwm11akmwu.cloudfront.net/thumbnails/273995_18-7-2023_17-38-2.webp""}]","478870af-8ca5-4009-96b3-d8e57e34503c",0,1,0,0.00,0.00,,
34,"2023-04-10 09:33:03",Dev,"2024-07-22 11:28:29",CC Token,bae8dae2-3ad4-42e6-90c2-4f6c2bea2e0d,"0",BISAGRATISONGKIR,37447,4812746,3360,"2023-04-03 13:00:00","2023-12-31 23:59:00",delayed_instant,"376708cf-e01e-4620-a5cf-54b9a1588316,1963798f-8e06-4aa0-bda9-eb794e85a3ee,b44c5b7e-b844-4105-acb8-858aaca5f8d8,49c1f3e0-4252-48c7-a007-8fd58e0fce42,217d7de6-0412-4ebc-96df-2d8cfddd99e0,59c8f490-a9f0-497f-97e5-a0b175c23168,7e56512f-c4ed-490b-be84-d2fd21b1180c,ed1ac092-8663-42e2-96d1-d2af62267ad4,a561bd82-f0ef-45dd-bb79-85c5b0f00fc2,ba7166a7-537a-4cfc-a27a-6642dd6764d8,07c03415-0d69-4c43-bc4a-d8a9ee0e3c7e,d7dbdc3c-0b3c-4be4-80eb-daad1e3dedd5,bfa2728f-1c97-4335-8547-1df04059a35b,de59f903-d42f-4640-92b5-0b8415bd7e1b,535d9556-fd19-468f-850b-5b01bff28c15,c1b2332b-644c-44a2-a878-0bf9c37e29b1,c21968b7-cc5a-43f8-8e33-552d89ce5846,ef63202b-ae39-4645-b570-c72ea02b7412,37eb40ff-cce3-4de6-b839-9cb5445a470f,74fcb9d1-a7b7-4672-ac7f-a1b62d8912a0,7976b31b-63fb-401e-87cc-c6e81ee7b5fd,2d190978-db01-4027-8b05-bb7e16aa524f,484583cd-a5cc-40c6-bf9d-31ca6038400a,eac848f9-b84c-44f8-85b7-faaa345a11e2",0.00,60,"2023-04-11 17:46:24",SELF,"2023-07-18 17:11:53",CC Token,update_status_coupon_end_time_task_id,"34ec3e64-59bc-49b8-ab12-3950cf726ca8",34,37447,"2020-04-05 18:16:49",Dev,"2025-07-25 02:05:41",SELF,"04b73df2-5050-4eae-bb9f-9b03e7adda5e",396500.00,IDR,https://d2qjkwm11akmwu.cloudfront.net/products/588624_18-7-2023_17-11-37.png,74,"Temukan informasi lengkap Canderin 16 mg 3 Strip (10 Tablet/Strip) - Obat Rutin di Halodoc. Beli Canderin 16 mg 3 Strip (10 Tablet/Strip) - Obat Rutin 1 Jam Sampai, Dikirim dari Apotek Tepercaya, Buka 24 Jam*","20250527, QAT-0920, Obat rutin NCD, Routine medicines,?Subscriptions, Subscription, Langganan [Hypertension] ||ETHICAL PRODUCT ||NCD ||T2K, ||T3K [[hargapastiobatrutin]] [[Gratis Ongkir]] [[bisagratisongkir]][[ncdgratisongkir]] [[bisagratisongkir]] [[pastigratisongkir]] [[orangtuasehat1]] [[obatrutingaspol]] [[hemborotc]][[ncdpilihan]]",Canderin 16 mg 3 Strip (10 Tablet/Strip) - Obat Rutin,https://d2qjkwm11akmwu.cloudfront.net/thumbnails/675522_18-7-2023_17-11-43.png,medicine,b2c,1,active,409200.00,217000.00,0.01,210000.00,353200.00,0.09,0,"2020-04-06 22:03:31","2020-04-06 22:03:31",0,"[""tablet""]","[{""type"":""thumbnail_url"",""extension"":""webp"",""url"":""https://d2qjkwm11akmwu.cloudfront.net/thumbnails/675522_18-7-2023_17-11-43.webp""},{""type"":""image_url"",""extension"":""webp"",""url"":""https://d2qjkwm11akmwu.cloudfront.net/products/588624_18-7-2023_17-11-37.webp""},{""type"":""image_url"",""extension"":""png"",""url"":""https://d2qjkwm11akmwu.cloudfront.net/products/588624_18-7-2023_17-11-37.png""},{""type"":""thumbnail_url"",""extension"":""png"",""url"":""https://d2qjkwm11akmwu.cloudfront.net/thumbnails/675522_18-7-2023_17-11-43.png""}]",b6cff799-3b5b-4c3b-a08f-45c166616a51,0,1,0,0.00,0.00,,
35,"2023-04-10 09:33:03",Dev,"2023-07-17 16:38:46",SELF,"62aa908d-7adf-49b5-902f-38e302c0f719","0",BISAGRATISONGKIR,37574,4812746,3360,"2023-04-03 13:00:00","2023-12-31 23:59:00",delayed_instant,"376708cf-e01e-4620-a5cf-54b9a1588316,b44c5b7e-b844-4105-acb8-858aaca5f8d8,49c1f3e0-4252-48c7-a007-8fd58e0fce42,ed1ac092-8663-42e2-96d1-d2af62267ad4,a561bd82-f0ef-45dd-bb79-85c5b0f00fc2,c1b2332b-644c-44a2-a878-0bf9c37e29b1,37eb40ff-cce3-4de6-b839-9cb5445a470f,74fcb9d1-a7b7-4672-ac7f-a1b62d8912a0,7976b31b-63fb-401e-87cc-c6e81ee7b5fd,484583cd-a5cc-40c6-bf9d-31ca6038400a,1963798f-8e06-4aa0-bda9-eb794e85a3ee,217d7de6-0412-4ebc-96df-2d8cfddd99e0,59c8f490-a9f0-497f-97e5-a0b175c23168,7e56512f-c4ed-490b-be84-d2fd21b1180c,ba7166a7-537a-4cfc-a27a-6642dd6764d8,07c03415-0d69-4c43-bc4a-d8a9ee0e3c7e,d7dbdc3c-0b3c-4be4-80eb-daad1e3dedd5,bfa2728f-1c97-4335-8547-1df04059a35b,de59f903-d42f-4640-92b5-0b8415bd7e1b,535d9556-fd19-468f-850b-5b01bff28c15,c21968b7-cc5a-43f8-8e33-552d89ce5846,ef63202b-ae39-4645-b570-c72ea02b7412,2d190978-db01-4027-8b05-bb7e16aa524f,eac848f9-b84c-44f8-85b7-faaa345a11e2",0.00,61,"2023-04-11 17:46:24",SELF,"2023-07-20 10:02:54",CC Token,update_status_coupon_end_time_task_id,"0a89534e-9767-4686-8299-3136b0e458e5",35,37574,"2020-04-05 18:17:17",Dev,"2025-07-22 02:10:39",SELF,"9b9f1104-f628-4cdb-8971-d757beec4957",1291600.00,IDR,https://d2qjkwm11akmwu.cloudfront.net/products/646327_20-7-2023_10-2-27.png,561,"Informasi terlengkap tentang Symbicort 160 mcg/4.5 mcg 120 Dosis 2 Botol - Obat Rutin. Komposisi, Fungsi, Kegunaan, Ulasan, Efek Samping, Indikasi, Aturan Pakai, dan Dosis.","20241101, Obat rutin NCD, Routine medicines [Asthma] ||ETHICAL PRODUCT ||NCD ||T2K, ||T3K [[hargapastiobatrutin]] [[Gratis Ongkir]] [[bisagratisongkir]][[ncdgratisongkir]] [[bisagratisongkir]] [[pastigratisongkir]] [[inhalerasma]] [[obatrutingaspol]] [[kontrolasma]] [[hemborotc]] [[untukasthma]]",Symbicort 160 mcg/4.5 mcg 120 Dosis 2 Botol - Obat Rutin,https://d2qjkwm11akmwu.cloudfront.net/thumbnails/806116_20-7-2023_10-2-48.png,medicine,b2c,1,active,1528600.00,516500.00,0.00,450000.00,1291600.00,0.09,0,"2020-04-06 22:03:59","2020-04-06 22:03:59",0,"[""ml"",""ampule"",""micrograms"",""unit"",""spray""]","[{""type"":""thumbnail_url"",""extension"":""webp"",""url"":""https://d2qjkwm11akmwu.cloudfront.net/thumbnails/806116_20-7-2023_10-2-48.webp""},{""type"":""thumbnail_url"",""extension"":""png"",""url"":""https://d2qjkwm11akmwu.cloudfront.net/thumbnails/806116_20-7-2023_10-2-48.png""},{""type"":""image_url"",""extension"":""webp"",""url"":""https://d2qjkwm11akmwu.cloudfront.net/products/646327_20-7-2023_10-2-27.webp""},{""type"":""image_url"",""extension"":""png"",""url"":""https://d2qjkwm11akmwu.cloudfront.net/products/646327_20-7-2023_10-2-27.png""}]",e424cc1c-6d0a-4bce-a5c9-3b423a7c8d4f,0,1,0,0.00,0.00,,
36,"2023-04-10 09:33:04",Dev,"2024-07-22 12:21:14",CC Token,dfa3f595-d96a-4ae7-b25c-a49edeebf084,"0",BISAGRATISONGKIR,37474,4812746,3360,"2023-04-03 13:00:00","2023-12-31 23:59:00",delayed_instant,"376708cf-e01e-4620-a5cf-54b9a1588316,1963798f-8e06-4aa0-bda9-eb794e85a3ee,b44c5b7e-b844-4105-acb8-858aaca5f8d8,49c1f3e0-4252-48c7-a007-8fd58e0fce42,217d7de6-0412-4ebc-96df-2d8cfddd99e0,59c8f490-a9f0-497f-97e5-a0b175c23168,7e56512f-c4ed-490b-be84-d2fd21b1180c,ed1ac092-8663-42e2-96d1-d2af62267ad4,a561bd82-f0ef-45dd-bb79-85c5b0f00fc2,ba7166a7-537a-4cfc-a27a-6642dd6764d8,07c03415-0d69-4c43-bc4a-d8a9ee0e3c7e,d7dbdc3c-0b3c-4be4-80eb-daad1e3dedd5,bfa2728f-1c97-4335-8547-1df04059a35b,de59f903-d42f-4640-92b5-0b8415bd7e1b,535d9556-fd19-468f-850b-5b01bff28c15,c1b2332b-644c-44a2-a878-0bf9c37e29b1,c21968b7-cc5a-43f8-8e33-552d89ce5846,ef63202b-ae39-4645-b570-c72ea02b7412,37eb40ff-cce3-4de6-b839-9cb5445a470f,74fcb9d1-a7b7-4672-ac7f-a1b62d8912a0,7976b31b-63fb-401e-87cc-c6e81ee7b5fd,2d190978-db01-4027-8b05-bb7e16aa524f,484583cd-a5cc-40c6-bf9d-31ca6038400a,eac848f9-b84c-44f8-85b7-faaa345a11e2",0.00,62,"2023-04-11 17:46:24",SELF,"2023-07-18 17:22:18",CC Token,update_status_coupon_end_time_task_id,"4afbd20b-672a-4225-9a20-606ba8e75ff6",36,37474,"2020-04-05 18:16:55",Dev,"2025-07-25 02:05:42",SELF,e5ca5aea-fb40-4707-9845-2f2947a7e403,472100.00,IDR,https://d2qjkwm11akmwu.cloudfront.net/products/543167_18-7-2023_17-22-12.png,22,"Temukan informasi lengkap Crestor 5 mg 2 Strip (15 Tablet/Strip) - Obat Rutin di Halodoc. Beli Crestor 5 mg 2 Strip (15 Tablet/Strip) - Obat Rutin 1 Jam Sampai, Dikirim dari Apotek Tepercaya, Buka 24 Jam*","20250602, Obat rutin NCD, Routine medicines, Subscriptions, Subscription, Langganan [Heart Diseases] ||ETHICAL PRODUCT ||NCD ||T1K, ||T2K, ||T3K [[hargapastiobatrutin]] [[Gratis Ongkir]] [[bisagratisongkir]][[ncdgratisongkir]] [[bisagratisongkir]] [[pastigratisongkir]] [[orangtuasehat2]] [[obatrutingaspol]] [[hemborotc]][[puasancd]] [[gaspoljantung]],[[puasancd]]",Crestor 5 mg 2 Strip (15 Tablet/Strip) - Obat Rutin,https://d2qjkwm11akmwu.cloudfront.net/thumbnails/607101_18-7-2023_17-22-4.png,medicine,b2c,1,active,603000.00,436200.00,0.00,260000.00,472100.00,0.09,0,"2020-04-06 22:03:37","2020-04-06 22:03:37",0,"[""tablet""]","[{""type"":""thumbnail_url"",""extension"":""webp"",""url"":""https://d2qjkwm11akmwu.cloudfront.net/thumbnails/607101_18-7-2023_17-22-4.webp""},{""type"":""image_url"",""extension"":""webp"",""url"":""https://d2qjkwm11akmwu.cloudfront.net/products/543167_18-7-2023_17-22-12.webp""},{""type"":""image_url"",""extension"":""png"",""url"":""https://d2qjkwm11akmwu.cloudfront.net/products/543167_18-7-2023_17-22-12.png""},{""type"":""thumbnail_url"",""extension"":""png"",""url"":""https://d2qjkwm11akmwu.cloudfront.net/thumbnails/607101_18-7-2023_17-22-4.png""}]",f24c5481-7201-4d0b-a50f-9e7a534c980b,0,1,1,472100.00,445200.00,,
37,"2023-04-10 09:33:04",Dev,"2024-08-13 11:29:21",CC Token,d864f899-404a-441b-bbaa-9488ea5269d8,"0",BISAGRATISONGKIR,37551,4812746,3360,"2023-04-03 13:00:00","2023-12-31 23:59:00",delayed_instant,"376708cf-e01e-4620-a5cf-54b9a1588316,1963798f-8e06-4aa0-bda9-eb794e85a3ee,b44c5b7e-b844-4105-acb8-858aaca5f8d8,49c1f3e0-4252-48c7-a007-8fd58e0fce42,217d7de6-0412-4ebc-96df-2d8cfddd99e0,59c8f490-a9f0-497f-97e5-a0b175c23168,7e56512f-c4ed-490b-be84-d2fd21b1180c,ed1ac092-8663-42e2-96d1-d2af62267ad4,a561bd82-f0ef-45dd-bb79-85c5b0f00fc2,ba7166a7-537a-4cfc-a27a-6642dd6764d8,07c03415-0d69-4c43-bc4a-d8a9ee0e3c7e,d7dbdc3c-0b3c-4be4-80eb-daad1e3dedd5,bfa2728f-1c97-4335-8547-1df04059a35b,de59f903-d42f-4640-92b5-0b8415bd7e1b,535d9556-fd19-468f-850b-5b01bff28c15,c1b2332b-644c-44a2-a878-0bf9c37e29b1,c21968b7-cc5a-43f8-8e33-552d89ce5846,ef63202b-ae39-4645-b570-c72ea02b7412,37eb40ff-cce3-4de6-b839-9cb5445a470f,74fcb9d1-a7b7-4672-ac7f-a1b62d8912a0,7976b31b-63fb-401e-87cc-c6e81ee7b5fd,2d190978-db01-4027-8b05-bb7e16aa524f,484583cd-a5cc-40c6-bf9d-31ca6038400a,eac848f9-b84c-44f8-85b7-faaa345a11e2",0.00,63,"2023-04-11 17:46:24",SELF,"2023-08-16 14:35:37",CC Token,update_status_coupon_end_time_task_id,"9a48e817-3740-48fa-8c22-92a44bebcb78",37,37551,"2020-04-05 18:17:12",Dev,"2025-07-25 02:05:45",SELF,d1282114-052f-465a-9ed7-a9d5e15253ed,246000.00,IDR,https://d2qjkwm11akmwu.cloudfront.net/products/507982_20-7-2023_9-53-4.png,196,"Temukan informasi lengkap Norvask 5 mg 3 Strip (10 Tablet/Strip) - Obat Rutin di Halodoc. Beli Norvask 5 mg 3 Strip (10 Tablet/Strip) - Obat Rutin 1 Jam Sampai, Dikirim dari Apotek Tepercaya, Buka 24 Jam*","20240813, QAT-1121, Obat rutin NCD, Routine medicines, Subscriptions, Subscription, Langganan [Hypertension] ||ETHICAL PRODUCT ||NCD ||T1K, ||T2K, ||T3K [[Hipertensi]] [[Gratis Ongkir]] [[bisagratisongkir]] [[bisagratisongkir]] [[pastigratisongkir]] [[obatrutinpilihan]] [[puasancd]],Obat Darah Tinggi[[ncdpilihan]],[[puasancd]]",Norvask 5 mg 3 Strip (10 Tablet/Strip) - Obat Rutin,https://d2qjkwm11akmwu.cloudfront.net/thumbnails/508525_20-7-2023_9-53-9.png,medicine,b2c,1,active,350700.00,98200.00,0.02,95000.00,238100.00,0.05,0,"2023-08-15 00:00:00","2023-08-22 00:00:00",0,"[""tablet""]","[{""type"":""thumbnail_url"",""extension"":""png"",""url"":""https://d2qjkwm11akmwu.cloudfront.net/thumbnails/508525_20-7-2023_9-53-9.png""},{""type"":""image_url"",""extension"":""png"",""url"":""https://d2qjkwm11akmwu.cloudfront.net/products/507982_20-7-2023_9-53-4.png""},{""type"":""image_url"",""extension"":""webp"",""url"":""https://d2qjkwm11akmwu.cloudfront.net/products/507982_20-7-2023_9-53-4.webp""},{""type"":""thumbnail_url"",""extension"":""webp"",""url"":""https://d2qjkwm11akmwu.cloudfront.net/thumbnails/508525_20-7-2023_9-53-9.webp""}]","8470e56f-bb81-4d98-b30f-134e47a292ac",0,1,0,0.00,0.00,,
38,"2023-04-10 09:33:04",Dev,"2024-07-22 12:18:40",CC Token,eedb5bcc-870e-409e-810f-a2dca632b335,"0",BISAGRATISONGKIR,37550,4812746,3360,"2023-04-03 13:00:00","2023-12-31 23:59:00",delayed_instant,"376708cf-e01e-4620-a5cf-54b9a1588316,1963798f-8e06-4aa0-bda9-eb794e85a3ee,b44c5b7e-b844-4105-acb8-858aaca5f8d8,49c1f3e0-4252-48c7-a007-8fd58e0fce42,217d7de6-0412-4ebc-96df-2d8cfddd99e0,59c8f490-a9f0-497f-97e5-a0b175c23168,7e56512f-c4ed-490b-be84-d2fd21b1180c,ed1ac092-8663-42e2-96d1-d2af62267ad4,a561bd82-f0ef-45dd-bb79-85c5b0f00fc2,ba7166a7-537a-4cfc-a27a-6642dd6764d8,07c03415-0d69-4c43-bc4a-d8a9ee0e3c7e,d7dbdc3c-0b3c-4be4-80eb-daad1e3dedd5,bfa2728f-1c97-4335-8547-1df04059a35b,de59f903-d42f-4640-92b5-0b8415bd7e1b,535d9556-fd19-468f-850b-5b01bff28c15,c1b2332b-644c-44a2-a878-0bf9c37e29b1,c21968b7-cc5a-43f8-8e33-552d89ce5846,ef63202b-ae39-4645-b570-c72ea02b7412,37eb40ff-cce3-4de6-b839-9cb5445a470f,74fcb9d1-a7b7-4672-ac7f-a1b62d8912a0,7976b31b-63fb-401e-87cc-c6e81ee7b5fd,2d190978-db01-4027-8b05-bb7e16aa524f,484583cd-a5cc-40c6-bf9d-31ca6038400a,eac848f9-b84c-44f8-85b7-faaa345a11e2",0.00,64,"2023-04-11 17:46:24",SELF,"2023-07-20 09:52:29",CC Token,update_status_coupon_end_time_task_id,"3606329a-abba-42cc-ae56-e146abb3536c",38,37550,"2020-04-05 18:17:12",Dev,"2025-07-25 02:05:45",SELF,d7c7dc23-dae2-40a6-958d-03331c98889b,426900.00,IDR,https://d2qjkwm11akmwu.cloudfront.net/products/156116_20-7-2023_9-52-14.png,239,"Temukan informasi lengkap Norvask 10 mg 3 Strip (10 Tablet/Strip) - Obat Rutin di Halodoc. Beli Norvask 10 mg 3 Strip (10 Tablet/Strip) - Obat Rutin 1 Jam Sampai, Dikirim dari Apotek Tepercaya, Buka 24 Jam*","20250602, QAT-1020, Norvask, Amlodipine, Obat rutin NCD, Routine medicines, Subscriptions, Subscription, Langganan [Hypertension] ||ETHICAL PRODUCT ||NCD [[obatrutincaregiver]] ||T1K, ||T2K, ||T3K [[hargapastiobatrutin]] [[Gratis Ongkir]] [[bisagratisongkir]][[ncdgratisongkir]] [[bisagratisongkir]] [[pastigratisongkir]] [[orangtuasehat1]] [[obatrutingaspol]] [[hemborotc]][[puasancd]],[[puasancd]]",Norvask 10 mg 3 Strip (10 Tablet/Strip) - Obat Rutin,https://d2qjkwm11akmwu.cloudfront.net/thumbnails/345810_20-7-2023_9-52-20.png,medicine,b2c,1,active,628200.00,426900.00,0.00,130300.00,426900.00,0.05,1,"2023-02-01 01:30:00","2023-02-15 01:30:00",0,"[""tablet""]","[{""type"":""image_url"",""extension"":""png"",""url"":""https://d2qjkwm11akmwu.cloudfront.net/products/156116_20-7-2023_9-52-14.png""},{""type"":""thumbnail_url"",""extension"":""png"",""url"":""https://d2qjkwm11akmwu.cloudfront.net/thumbnails/345810_20-7-2023_9-52-20.png""},{""type"":""thumbnail_url"",""extension"":""webp"",""url"":""https://d2qjkwm11akmwu.cloudfront.net/thumbnails/345810_20-7-2023_9-52-20.webp""},{""type"":""image_url"",""extension"":""webp"",""url"":""https://d2qjkwm11akmwu.cloudfront.net/products/156116_20-7-2023_9-52-14.webp""}]","86f08b53-8370-4564-9fbf-24cd683ecaea",0,1,1,426900.00,414400.00,,
39,"2023-04-10 09:33:04",Dev,"2023-07-17 16:38:47",SELF,"56b96a08-f370-412f-8c3f-92848cd6df37","0",BISAGRATISONGKIR,37481,4812746,3360,"2023-04-03 13:00:00","2023-12-31 23:59:00",delayed_instant,"376708cf-e01e-4620-a5cf-54b9a1588316,b44c5b7e-b844-4105-acb8-858aaca5f8d8,49c1f3e0-4252-48c7-a007-8fd58e0fce42,ed1ac092-8663-42e2-96d1-d2af62267ad4,a561bd82-f0ef-45dd-bb79-85c5b0f00fc2,c1b2332b-644c-44a2-a878-0bf9c37e29b1,37eb40ff-cce3-4de6-b839-9cb5445a470f,74fcb9d1-a7b7-4672-ac7f-a1b62d8912a0,7976b31b-63fb-401e-87cc-c6e81ee7b5fd,484583cd-a5cc-40c6-bf9d-31ca6038400a,1963798f-8e06-4aa0-bda9-eb794e85a3ee,217d7de6-0412-4ebc-96df-2d8cfddd99e0,59c8f490-a9f0-497f-97e5-a0b175c23168,7e56512f-c4ed-490b-be84-d2fd21b1180c,ba7166a7-537a-4cfc-a27a-6642dd6764d8,07c03415-0d69-4c43-bc4a-d8a9ee0e3c7e,d7dbdc3c-0b3c-4be4-80eb-daad1e3dedd5,bfa2728f-1c97-4335-8547-1df04059a35b,de59f903-d42f-4640-92b5-0b8415bd7e1b,535d9556-fd19-468f-850b-5b01bff28c15,c21968b7-cc5a-43f8-8e33-552d89ce5846,ef63202b-ae39-4645-b570-c72ea02b7412,2d190978-db01-4027-8b05-bb7e16aa524f,eac848f9-b84c-44f8-85b7-faaa345a11e2",0.00,65,"2023-04-11 17:46:24",SELF,"2023-07-18 17:34:57",CC Token,update_status_coupon_end_time_task_id,"31e3824b-fd73-4457-b6d0-5c363dde24dc",39,37481,"2020-04-05 18:16:57",Dev,"2025-07-25 02:05:42",SELF,aa8c020c-e732-4465-86c7-fbe8931e5637,479600.00,IDR,https://d2qjkwm11akmwu.cloudfront.net/products/438288_18-7-2023_17-34-41.png,2,"Temukan informasi lengkap Exforge 10 mg/160 mg 2 Strip (14 Tablet/Strip) - Obat Rutin di Halodoc. Beli Exforge 10 mg/160 mg 2 Strip (14 Tablet/Strip) - Obat Rutin 1 Jam Sampai, Dikirim dari Apotek Tepercaya, Buka 24 Jam*","20250715, QAT-1021, Obat rutin NCD, Routine medicines, Amlodipine, valsartan, Subscription, Subscriptions, Langganan [Hypertension] ||ETHICAL PRODUCT ||NCD [[obatrutincaregiver]] ||T1K, ||T2K, ||T3K [[hargapastiobatrutin]] [[Gratis Ongkir]] [[bisagratisongkir]][[ncdgratisongkir]] [[bisagratisongkir]] [[pastigratisongkir]] [[orangtuasehat1]] [[obatrutingaspol]] [[hemborotc]][[puasancd]][[ncdpilihan]],[[puasancd]]",Exforge 10 mg/160 mg 2 Strip (14 Tablet/Strip) - Obat Rutin,https://d2qjkwm11akmwu.cloudfront.net/thumbnails/317944_18-7-2023_17-34-51.png,medicine,b2c,1,active,554800.00,343100.00,0.01,332100.00,463500.00,0.09,0,"2020-04-06 22:03:39","2020-04-06 22:03:39",0,"[""tablet""]","[{""type"":""image_url"",""extension"":""png"",""url"":""https://d2qjkwm11akmwu.cloudfront.net/products/438288_18-7-2023_17-34-41.png""},{""type"":""thumbnail_url"",""extension"":""png"",""url"":""https://d2qjkwm11akmwu.cloudfront.net/thumbnails/317944_18-7-2023_17-34-51.png""},{""type"":""thumbnail_url"",""extension"":""webp"",""url"":""https://d2qjkwm11akmwu.cloudfront.net/thumbnails/317944_18-7-2023_17-34-51.webp""},{""type"":""image_url"",""extension"":""webp"",""url"":""https://d2qjkwm11akmwu.cloudfront.net/products/438288_18-7-2023_17-34-41.webp""}]",e1105ed2-7a4e-4527-aae9-aed1fde4f7c5,0,1,0,0.00,0.00,,
40,"2023-04-10 09:33:04",Dev,"2024-08-13 11:36:22",CC Token,"7c8122f7-eae6-4df6-9fbe-e1564f03c3f7","0",BISAGRATISONGKIR,37511,4812746,3360,"2023-04-03 13:00:00","2023-12-31 23:59:00",delayed_instant,"376708cf-e01e-4620-a5cf-54b9a1588316,1963798f-8e06-4aa0-bda9-eb794e85a3ee,b44c5b7e-b844-4105-acb8-858aaca5f8d8,49c1f3e0-4252-48c7-a007-8fd58e0fce42,217d7de6-0412-4ebc-96df-2d8cfddd99e0,59c8f490-a9f0-497f-97e5-a0b175c23168,7e56512f-c4ed-490b-be84-d2fd21b1180c,ed1ac092-8663-42e2-96d1-d2af62267ad4,a561bd82-f0ef-45dd-bb79-85c5b0f00fc2,ba7166a7-537a-4cfc-a27a-6642dd6764d8,07c03415-0d69-4c43-bc4a-d8a9ee0e3c7e,d7dbdc3c-0b3c-4be4-80eb-daad1e3dedd5,bfa2728f-1c97-4335-8547-1df04059a35b,de59f903-d42f-4640-92b5-0b8415bd7e1b,535d9556-fd19-468f-850b-5b01bff28c15,c1b2332b-644c-44a2-a878-0bf9c37e29b1,c21968b7-cc5a-43f8-8e33-552d89ce5846,ef63202b-ae39-4645-b570-c72ea02b7412,37eb40ff-cce3-4de6-b839-9cb5445a470f,74fcb9d1-a7b7-4672-ac7f-a1b62d8912a0,7976b31b-63fb-401e-87cc-c6e81ee7b5fd,2d190978-db01-4027-8b05-bb7e16aa524f,484583cd-a5cc-40c6-bf9d-31ca6038400a,eac848f9-b84c-44f8-85b7-faaa345a11e2",0.00,66,"2023-04-11 17:46:25",SELF,"2023-07-18 17:49:07",CC Token,update_status_coupon_end_time_task_id,"6ef908b5-0ba3-43c9-a441-c615a8b94d61",40,37511,"2020-04-05 18:17:04",Dev,"2025-07-25 02:05:43",SELF,b7ef2944-0d23-4aee-befa-f9d20d3f40ca,378300.00,IDR,https://d2qjkwm11akmwu.cloudfront.net/products/301535_18-7-2023_17-48-54.png,196,"Informasi terlengkap tentang HERBESSER CD 100 MG 30 KAPSUL - OBAT RUTIN. Komposisi, Fungsi, Kegunaan, Ulasan, Efek Samping, Indikasi, Aturan Pakai, dan Dosis.","20250715, Obat rutin NCD, Routine medicines, Subscriptions, Subscription, Langganan [Hypertension] ||ETHICAL PRODUCT ||NCD ||T3K [[hargapastiobatrutin]] [[Gratis Ongkir]] [[bisagratisongkir]][[ncdgratisongkir]] [[bisagratisongkir]] [[pastigratisongkir]] [[orangtuasehat1]] [[obatrutingaspol]] [[hemborotc]]",Herbesser CD 100 mg 3 Strip (10 Kapsul/Strip) - Obat Rutin,https://d2qjkwm11akmwu.cloudfront.net/thumbnails/462350_18-7-2023_17-49-2.png,medicine,b2c,1,active,444300.00,172000.00,0.00,166500.00,384800.00,0.09,0,"2020-04-06 22:03:45","2020-04-06 22:03:45",0,"[""capsules""]","[{""type"":""image_url"",""extension"":""webp"",""url"":""https://d2qjkwm11akmwu.cloudfront.net/products/301535_18-7-2023_17-48-54.webp""},{""type"":""image_url"",""extension"":""png"",""url"":""https://d2qjkwm11akmwu.cloudfront.net/products/301535_18-7-2023_17-48-54.png""},{""type"":""thumbnail_url"",""extension"":""png"",""url"":""https://d2qjkwm11akmwu.cloudfront.net/thumbnails/462350_18-7-2023_17-49-2.png""},{""type"":""thumbnail_url"",""extension"":""webp"",""url"":""https://d2qjkwm11akmwu.cloudfront.net/thumbnails/462350_18-7-2023_17-49-2.webp""}]",f4c8efc2-c253-4a7f-90e7-32eee3916f5b,0,1,0,0.00,0.00,,
41,"2023-04-10 09:33:04",Dev,"2024-07-17 11:41:40",CC Token,d1fc0581-313e-4030-9e57-2a1e76259f64,"0",BISAGRATISONGKIR,37554,4812746,3360,"2023-04-03 13:00:00","2023-12-31 23:59:00",delayed_instant,"376708cf-e01e-4620-a5cf-54b9a1588316,1963798f-8e06-4aa0-bda9-eb794e85a3ee,b44c5b7e-b844-4105-acb8-858aaca5f8d8,49c1f3e0-4252-48c7-a007-8fd58e0fce42,217d7de6-0412-4ebc-96df-2d8cfddd99e0,59c8f490-a9f0-497f-97e5-a0b175c23168,7e56512f-c4ed-490b-be84-d2fd21b1180c,ed1ac092-8663-42e2-96d1-d2af62267ad4,a561bd82-f0ef-45dd-bb79-85c5b0f00fc2,ba7166a7-537a-4cfc-a27a-6642dd6764d8,07c03415-0d69-4c43-bc4a-d8a9ee0e3c7e,d7dbdc3c-0b3c-4be4-80eb-daad1e3dedd5,bfa2728f-1c97-4335-8547-1df04059a35b,de59f903-d42f-4640-92b5-0b8415bd7e1b,535d9556-fd19-468f-850b-5b01bff28c15,c1b2332b-644c-44a2-a878-0bf9c37e29b1,c21968b7-cc5a-43f8-8e33-552d89ce5846,ef63202b-ae39-4645-b570-c72ea02b7412,37eb40ff-cce3-4de6-b839-9cb5445a470f,74fcb9d1-a7b7-4672-ac7f-a1b62d8912a0,7976b31b-63fb-401e-87cc-c6e81ee7b5fd,2d190978-db01-4027-8b05-bb7e16aa524f,484583cd-a5cc-40c6-bf9d-31ca6038400a,eac848f9-b84c-44f8-85b7-faaa345a11e2",0.00,67,"2023-04-11 17:46:25",SELF,"2023-07-20 09:58:02",CC Token,update_status_coupon_end_time_task_id,"2c5d7aa1-3df5-4bef-947a-eaa956f22cd3",41,37554,"2020-04-05 18:17:13",Dev,"2025-07-25 02:05:45",SELF,a1803eac-9bf2-4406-914e-400440fe58a2,422100.00,IDR,https://d2qjkwm11akmwu.cloudfront.net/products/576912_20-7-2023_9-54-0.png,220,"Temukan informasi lengkap Novorapid 3 ml 2 Flexpen - Obat Rutin di Halodoc. Beli Novorapid 3 ml 2 Flexpen - Obat Rutin 1 Jam Sampai, Dikirim dari Apotek Tepercaya, Buka 24 Jam*","20250213, Obat rutin NCD, Routine medicines [Diabetes] [lawandiabetes] ||ETHICAL PRODUCT [[crmdiabetes]] ||NCD [[pilihanobatdiabetes]] [[obatpilihanwdd2022]] [[obatrutincaregiver]] ||T1K, ||T2K, ||T3K [[obatrutinramadhanlebaran]] [[hargapastiobatrutin]] [[Gratis Ongkir]] [[bisagratisongkir]] [[insulin pen]][[ncdgratisongkir]] [[bisagratisongkir]] [[pastigratisongkir]] [[orangtuasehat3]] [[obatrutingaspol]] [[hemborotc]] [[obatrutinpilihan]] [[wdd2023]][[puasancd]] [[diabeteshalodoc]],[[puasancd]]",Novorapid 3 ml 2 Flexpen - Obat Rutin,https://d2qjkwm11akmwu.cloudfront.net/thumbnails/362291_20-7-2023_9-57-58.png,medicine,b2c,1,active,469800.00,204600.00,0.01,198000.00,378000.00,0.09,0,"2020-04-06 22:03:55","2020-04-06 22:03:55",0,"[""unit""]","[{""type"":""image_url"",""extension"":""webp"",""url"":""https://d2qjkwm11akmwu.cloudfront.net/products/576912_20-7-2023_9-54-0.webp""},{""type"":""image_url"",""extension"":""png"",""url"":""https://d2qjkwm11akmwu.cloudfront.net/products/576912_20-7-2023_9-54-0.png""},{""type"":""thumbnail_url"",""extension"":""webp"",""url"":""https://d2qjkwm11akmwu.cloudfront.net/thumbnails/362291_20-7-2023_9-57-58.webp""},{""type"":""thumbnail_url"",""extension"":""png"",""url"":""https://d2qjkwm11akmwu.cloudfront.net/thumbnails/362291_20-7-2023_9-57-58.png""}]","94e45a41-9df9-4d9c-ae17-f39c1ad006ff",0,1,0,0.00,0.00,,
42,"2023-04-10 09:33:04",Dev,"2024-08-13 11:30:39",CC Token,"6adbd4e2-74d7-4435-b324-65dad2314d43","0",BISAGRATISONGKIR,37467,4812746,3360,"2023-04-03 13:00:00","2023-12-31 23:59:00",delayed_instant,"376708cf-e01e-4620-a5cf-54b9a1588316,1963798f-8e06-4aa0-bda9-eb794e85a3ee,b44c5b7e-b844-4105-acb8-858aaca5f8d8,49c1f3e0-4252-48c7-a007-8fd58e0fce42,217d7de6-0412-4ebc-96df-2d8cfddd99e0,59c8f490-a9f0-497f-97e5-a0b175c23168,7e56512f-c4ed-490b-be84-d2fd21b1180c,ed1ac092-8663-42e2-96d1-d2af62267ad4,a561bd82-f0ef-45dd-bb79-85c5b0f00fc2,ba7166a7-537a-4cfc-a27a-6642dd6764d8,07c03415-0d69-4c43-bc4a-d8a9ee0e3c7e,d7dbdc3c-0b3c-4be4-80eb-daad1e3dedd5,bfa2728f-1c97-4335-8547-1df04059a35b,de59f903-d42f-4640-92b5-0b8415bd7e1b,535d9556-fd19-468f-850b-5b01bff28c15,c1b2332b-644c-44a2-a878-0bf9c37e29b1,c21968b7-cc5a-43f8-8e33-552d89ce5846,ef63202b-ae39-4645-b570-c72ea02b7412,37eb40ff-cce3-4de6-b839-9cb5445a470f,74fcb9d1-a7b7-4672-ac7f-a1b62d8912a0,7976b31b-63fb-401e-87cc-c6e81ee7b5fd,2d190978-db01-4027-8b05-bb7e16aa524f,484583cd-a5cc-40c6-bf9d-31ca6038400a,eac848f9-b84c-44f8-85b7-faaa345a11e2",0.00,68,"2023-04-11 17:46:25",SELF,"2023-07-18 17:17:18",CC Token,update_status_coupon_end_time_task_id,d05f7338-213e-447f-b3b1-dd8e1b38161d,42,37467,"2020-04-05 18:16:54",Dev,"2025-07-25 02:05:41",SELF,ae25b6a8-f3a1-4b11-8fa8-a449666c4ec3,393100.00,IDR,https://d2qjkwm11akmwu.cloudfront.net/products/486136_18-7-2023_17-17-5.png,218,"Temukan informasi lengkap Concor 5 mg 3 Strip (10 Tablet/Strip) - Obat Rutin di Halodoc. Beli Concor 5 mg 3 Strip (10 Tablet/Strip) - Obat Rutin 1 Jam Sampai, Dikirim dari Apotek Tepercaya, Buka 24 Jam*","20250313, QAT-0920, Obat rutin NCD, Routine medicines, Subscriptions, Subscription, Langganan [Hypertension] ||ETHICAL PRODUCT ||NCD ||T2K, ||T3K [[hargapastiobatrutin]] [[Gratis Ongkir]] [[bisagratisongkir]][[ncdgratisongkir]] [[bisagratisongkir]] [[pastigratisongkir]] [[orangtuasehat1]] [[obatrutingaspol]] [[hemborotc]][[puasancd]][[ncdpilihan]],[[puasancd]]",Concor 5 mg 3 Strip (10 Tablet/Strip) - Obat Rutin,https://d2qjkwm11akmwu.cloudfront.net/thumbnails/823752_18-7-2023_17-17-13.png,medicine,b2c,1,active,425700.00,161100.00,0.01,155900.00,359800.00,0.09,0,"2020-04-06 22:03:35","2020-04-06 22:03:35",0,"[""tablet""]","[{""type"":""image_url"",""extension"":""png"",""url"":""https://d2qjkwm11akmwu.cloudfront.net/products/486136_18-7-2023_17-17-5.png""},{""type"":""thumbnail_url"",""extension"":""png"",""url"":""https://d2qjkwm11akmwu.cloudfront.net/thumbnails/823752_18-7-2023_17-17-13.png""},{""type"":""image_url"",""extension"":""webp"",""url"":""https://d2qjkwm11akmwu.cloudfront.net/products/486136_18-7-2023_17-17-5.webp""},{""type"":""thumbnail_url"",""extension"":""webp"",""url"":""https://d2qjkwm11akmwu.cloudfront.net/thumbnails/823752_18-7-2023_17-17-13.webp""}]","3ed5109a-7935-4609-b303-57bd17465427",0,1,0,0.00,0.00,,
43,"2023-04-10 09:33:04",Dev,"2025-02-24 18:08:44",CC Token,"4f7573aa-ef87-4e9a-a4de-51fc99eeeb31","0",BISAGRATISONGKIR,37532,4812746,3360,"2023-04-03 13:00:00","2023-12-31 23:59:00",delayed_instant,"376708cf-e01e-4620-a5cf-54b9a1588316,1963798f-8e06-4aa0-bda9-eb794e85a3ee,b44c5b7e-b844-4105-acb8-858aaca5f8d8,49c1f3e0-4252-48c7-a007-8fd58e0fce42,217d7de6-0412-4ebc-96df-2d8cfddd99e0,59c8f490-a9f0-497f-97e5-a0b175c23168,7e56512f-c4ed-490b-be84-d2fd21b1180c,ed1ac092-8663-42e2-96d1-d2af62267ad4,a561bd82-f0ef-45dd-bb79-85c5b0f00fc2,ba7166a7-537a-4cfc-a27a-6642dd6764d8,07c03415-0d69-4c43-bc4a-d8a9ee0e3c7e,d7dbdc3c-0b3c-4be4-80eb-daad1e3dedd5,bfa2728f-1c97-4335-8547-1df04059a35b,de59f903-d42f-4640-92b5-0b8415bd7e1b,535d9556-fd19-468f-850b-5b01bff28c15,c1b2332b-644c-44a2-a878-0bf9c37e29b1,c21968b7-cc5a-43f8-8e33-552d89ce5846,ef63202b-ae39-4645-b570-c72ea02b7412,37eb40ff-cce3-4de6-b839-9cb5445a470f,74fcb9d1-a7b7-4672-ac7f-a1b62d8912a0,7976b31b-63fb-401e-87cc-c6e81ee7b5fd,2d190978-db01-4027-8b05-bb7e16aa524f,484583cd-a5cc-40c6-bf9d-31ca6038400a,eac848f9-b84c-44f8-85b7-faaa345a11e2",0.00,69,"2023-04-11 17:46:25",SELF,"2023-07-20 09:49:03",CC Token,update_status_coupon_end_time_task_id,d589f415-d7b8-4be2-bf09-ed930048a5d8,43,37532,"2020-04-05 18:17:08",Dev,"2025-07-25 02:05:44",SELF,"3efde570-e6a0-4c51-ae21-18c9cc6c4dbd",700000.00,IDR,https://d2qjkwm11akmwu.cloudfront.net/products/584753_20-7-2023_9-48-56.png,150,"Temukan informasi lengkap Lipitor 20 mg 3 Strip (10 Tablet/Strip) - Obat Rutin di Halodoc. Beli Lipitor 20 mg 3 Strip (10 Tablet/Strip) - Obat Rutin 1 Jam Sampai, Dikirim dari Apotek Tepercaya, Buka 24 Jam*","20250224, QAT-1121, Obat rutin NCD, Routine medicines, ?Subscriptions, Subscription, Langganan [Heart Diseases] ||ETHICAL PRODUCT ||NCD [[untukjantungsehat]] [[untukortu]] [[obatrutinharian]] ||T1K, ||T2K, ||T3K [[hargapastiobatrutin]] [[Gratis Ongkir]] [[bisagratisongkir]][[ncdgratisongkir]] [[bisagratisongkir]] [[pastigratisongkir]] [[orangtuasehat2]] [[obatrutingaspol]] [[hemborotc]][[ncdpilihan]] [[ncdpilihan]] [[ncdjantung]] [[gaspoljantung]],[[puasancd]]",Lipitor 20 mg 3 Strip (10 Tablet/Strip) - Obat Rutin,https://d2qjkwm11akmwu.cloudfront.net/thumbnails/455570_20-7-2023_9-49-0.png,medicine,b2c,1,active,868200.00,700000.00,0.00,206900.00,700000.00,0.09,0,"2020-04-06 22:03:49","2020-04-06 22:03:49",0,"[""tablet""]","[{""type"":""image_url"",""extension"":""webp"",""url"":""https://d2qjkwm11akmwu.cloudfront.net/products/584753_20-7-2023_9-48-56.webp""},{""type"":""thumbnail_url"",""extension"":""png"",""url"":""https://d2qjkwm11akmwu.cloudfront.net/thumbnails/455570_20-7-2023_9-49-0.png""},{""type"":""image_url"",""extension"":""png"",""url"":""https://d2qjkwm11akmwu.cloudfront.net/products/584753_20-7-2023_9-48-56.png""},{""type"":""thumbnail_url"",""extension"":""webp"",""url"":""https://d2qjkwm11akmwu.cloudfront.net/thumbnails/455570_20-7-2023_9-49-0.webp""}]","10f2a496-de1e-4545-8404-8bcf3c12ba2d",0,1,1,700000.00,679000.00,,
44,"2023-04-10 09:33:05",Dev,"2024-10-11 18:25:15",CC Token,"40c845b0-6b41-4328-987b-9cda6d037921","0",BISAGRATISONGKIR,37531,4812746,3360,"2023-04-03 13:00:00","2023-12-31 23:59:00",delayed_instant,"376708cf-e01e-4620-a5cf-54b9a1588316,1963798f-8e06-4aa0-bda9-eb794e85a3ee,b44c5b7e-b844-4105-acb8-858aaca5f8d8,49c1f3e0-4252-48c7-a007-8fd58e0fce42,217d7de6-0412-4ebc-96df-2d8cfddd99e0,59c8f490-a9f0-497f-97e5-a0b175c23168,7e56512f-c4ed-490b-be84-d2fd21b1180c,ed1ac092-8663-42e2-96d1-d2af62267ad4,a561bd82-f0ef-45dd-bb79-85c5b0f00fc2,ba7166a7-537a-4cfc-a27a-6642dd6764d8,07c03415-0d69-4c43-bc4a-d8a9ee0e3c7e,d7dbdc3c-0b3c-4be4-80eb-daad1e3dedd5,bfa2728f-1c97-4335-8547-1df04059a35b,de59f903-d42f-4640-92b5-0b8415bd7e1b,535d9556-fd19-468f-850b-5b01bff28c15,c1b2332b-644c-44a2-a878-0bf9c37e29b1,c21968b7-cc5a-43f8-8e33-552d89ce5846,ef63202b-ae39-4645-b570-c72ea02b7412,37eb40ff-cce3-4de6-b839-9cb5445a470f,74fcb9d1-a7b7-4672-ac7f-a1b62d8912a0,7976b31b-63fb-401e-87cc-c6e81ee7b5fd,2d190978-db01-4027-8b05-bb7e16aa524f,484583cd-a5cc-40c6-bf9d-31ca6038400a,eac848f9-b84c-44f8-85b7-faaa345a11e2",0.00,70,"2023-04-11 17:46:25",SELF,"2023-07-20 09:48:18",CC Token,update_status_coupon_end_time_task_id,"58846744-8d3f-4235-adf9-01788f49aa24",44,37531,"2020-04-05 18:17:08",Dev,"2025-07-25 02:05:44",SELF,bbbd23a0-dea5-45e5-965a-e280cad91fc1,712800.00,IDR,https://d2qjkwm11akmwu.cloudfront.net/products/87575_20-7-2023_9-48-11.png,218,"Temukan informasi lengkap Lipitor 10 mg 3 Strip (10 Tablet/Strip) - Obat Rutin di Halodoc. Beli Lipitor 10 mg 3 Strip (10 Tablet/Strip) - Obat Rutin 1 Jam Sampai, Dikirim dari Apotek Tepercaya, Buka 24 Jam*","20241101, QAT-1121, Obat rutin NCD, Routine medicines, ?Subscriptions, Subscription, Langganan [Heart Diseases] ||ETHICAL PRODUCT ||NCD [[untukjantungsehat]] [[untukortu]] [[obatrutinharian]] ||T1K, ||T2K, ||T3K [[hargapastiobatrutin]] [[Gratis Ongkir]] [[bisagratisongkir]][[ncdgratisongkir]] [[bisagratisongkir]] [[pastigratisongkir]] [[orangtuasehat2]] [[obatrutingaspol]] [[hemborotc]][[puasancd]][[ncdpilihan]] [[ncdpilihan]] [[ncdjantung]] [[gaspoljantung]],[[puasancd]]",Lipitor 10 mg 3 Strip (10 Tablet/Strip) - Obat Rutin,https://d2qjkwm11akmwu.cloudfront.net/thumbnails/178823_20-7-2023_9-48-15.png,medicine,b2c,1,active,811800.00,242800.00,0.01,235000.00,694600.00,0.09,0,"2020-04-06 22:03:49","2020-04-06 22:03:49",0,"[""tablet""]","[{""type"":""thumbnail_url"",""extension"":""webp"",""url"":""https://d2qjkwm11akmwu.cloudfront.net/thumbnails/178823_20-7-2023_9-48-15.webp""},{""type"":""thumbnail_url"",""extension"":""png"",""url"":""https://d2qjkwm11akmwu.cloudfront.net/thumbnails/178823_20-7-2023_9-48-15.png""},{""type"":""image_url"",""extension"":""webp"",""url"":""https://d2qjkwm11akmwu.cloudfront.net/products/87575_20-7-2023_9-48-11.webp""},{""type"":""image_url"",""extension"":""png"",""url"":""https://d2qjkwm11akmwu.cloudfront.net/products/87575_20-7-2023_9-48-11.png""}]","852fbdeb-d166-4baa-a920-adf207c22116",0,1,0,0.00,0.00,,
45,"2023-04-10 09:33:05",Dev,"2023-07-17 16:38:48",SELF,"73cd9956-6be1-400f-b82f-cc77411aed23","0",BISAGRATISONGKIR,37530,4812746,3360,"2023-04-03 13:00:00","2023-12-31 23:59:00",delayed_instant,"376708cf-e01e-4620-a5cf-54b9a1588316,b44c5b7e-b844-4105-acb8-858aaca5f8d8,49c1f3e0-4252-48c7-a007-8fd58e0fce42,ed1ac092-8663-42e2-96d1-d2af62267ad4,a561bd82-f0ef-45dd-bb79-85c5b0f00fc2,c1b2332b-644c-44a2-a878-0bf9c37e29b1,37eb40ff-cce3-4de6-b839-9cb5445a470f,74fcb9d1-a7b7-4672-ac7f-a1b62d8912a0,7976b31b-63fb-401e-87cc-c6e81ee7b5fd,484583cd-a5cc-40c6-bf9d-31ca6038400a,1963798f-8e06-4aa0-bda9-eb794e85a3ee,217d7de6-0412-4ebc-96df-2d8cfddd99e0,59c8f490-a9f0-497f-97e5-a0b175c23168,7e56512f-c4ed-490b-be84-d2fd21b1180c,ba7166a7-537a-4cfc-a27a-6642dd6764d8,07c03415-0d69-4c43-bc4a-d8a9ee0e3c7e,d7dbdc3c-0b3c-4be4-80eb-daad1e3dedd5,bfa2728f-1c97-4335-8547-1df04059a35b,de59f903-d42f-4640-92b5-0b8415bd7e1b,535d9556-fd19-468f-850b-5b01bff28c15,c21968b7-cc5a-43f8-8e33-552d89ce5846,ef63202b-ae39-4645-b570-c72ea02b7412,2d190978-db01-4027-8b05-bb7e16aa524f,eac848f9-b84c-44f8-85b7-faaa345a11e2",0.00,71,"2023-04-11 17:46:25",SELF,"2023-07-18 17:57:35",CC Token,update_status_coupon_end_time_task_id,f89cf487-eb54-47c1-a11e-1d78171250d2,45,37530,"2020-04-05 18:17:08",Dev,"2025-07-25 02:05:44",SELF,"1533f3b5-f838-4bb0-9e8f-465ce9e3c241",756600.00,IDR,https://d2qjkwm11akmwu.cloudfront.net/products/49868_18-7-2023_17-57-21.png,723,"Informasi terlengkap tentang LIPANTHYL SUPRA 160 30 TABLET - OBAT RUTIN. Komposisi, Fungsi, Kegunaan, Ulasan, Efek Samping, Indikasi, Aturan Pakai, dan Dosis.","20241101, QAT-1020, Obat rutin NCD, Routine medicines, [Heart Diseases] ||ETHICAL PRODUCT ||NCD [[untukortu]] [[obatrutinharian]] ||T3K [[hargapastiobatrutin]] [[Gratis Ongkir]] [[bisagratisongkir]][[ncdgratisongkir]] [[bisagratisongkir]] [[pastigratisongkir]] [[orangtuasehat2]] [[obatrutingaspol]] [[hemborotc]]",Lipanthyl Supra 160 3 Strip (10 Tablet/Strip) - Obat Rutin,https://d2qjkwm11akmwu.cloudfront.net/thumbnails/263312_18-7-2023_17-57-29.png,medicine,b2c,1,active,894900.00,516500.00,0.00,500000.00,739800.00,0.09,0,"2020-04-06 22:03:49","2020-04-06 22:03:49",0,"[""tablet""]","[{""type"":""image_url"",""extension"":""png"",""url"":""https://d2qjkwm11akmwu.cloudfront.net/products/49868_18-7-2023_17-57-21.png""},{""type"":""thumbnail_url"",""extension"":""webp"",""url"":""https://d2qjkwm11akmwu.cloudfront.net/thumbnails/263312_18-7-2023_17-57-29.webp""},{""type"":""image_url"",""extension"":""webp"",""url"":""https://d2qjkwm11akmwu.cloudfront.net/products/49868_18-7-2023_17-57-21.webp""},{""type"":""thumbnail_url"",""extension"":""png"",""url"":""https://d2qjkwm11akmwu.cloudfront.net/thumbnails/263312_18-7-2023_17-57-29.png""}]","1dc6b9ff-ab8d-4590-83dd-809248fe3408",0,1,0,0.00,0.00,,
46,"2023-04-10 09:33:05",Dev,"2024-07-22 11:31:09",CC Token,"3730c18c-e9f6-4a09-b08d-50ffcc989ca3","0",BISAGRATISONGKIR,37595,4812746,3360,"2023-04-03 13:00:00","2023-12-31 23:59:00",delayed_instant,"376708cf-e01e-4620-a5cf-54b9a1588316,1963798f-8e06-4aa0-bda9-eb794e85a3ee,b44c5b7e-b844-4105-acb8-858aaca5f8d8,49c1f3e0-4252-48c7-a007-8fd58e0fce42,217d7de6-0412-4ebc-96df-2d8cfddd99e0,59c8f490-a9f0-497f-97e5-a0b175c23168,7e56512f-c4ed-490b-be84-d2fd21b1180c,ed1ac092-8663-42e2-96d1-d2af62267ad4,a561bd82-f0ef-45dd-bb79-85c5b0f00fc2,ba7166a7-537a-4cfc-a27a-6642dd6764d8,07c03415-0d69-4c43-bc4a-d8a9ee0e3c7e,d7dbdc3c-0b3c-4be4-80eb-daad1e3dedd5,bfa2728f-1c97-4335-8547-1df04059a35b,de59f903-d42f-4640-92b5-0b8415bd7e1b,535d9556-fd19-468f-850b-5b01bff28c15,c1b2332b-644c-44a2-a878-0bf9c37e29b1,c21968b7-cc5a-43f8-8e33-552d89ce5846,ef63202b-ae39-4645-b570-c72ea02b7412,37eb40ff-cce3-4de6-b839-9cb5445a470f,74fcb9d1-a7b7-4672-ac7f-a1b62d8912a0,7976b31b-63fb-401e-87cc-c6e81ee7b5fd,2d190978-db01-4027-8b05-bb7e16aa524f,484583cd-a5cc-40c6-bf9d-31ca6038400a,eac848f9-b84c-44f8-85b7-faaa345a11e2",0.00,72,"2023-04-11 17:46:26",SELF,"2023-09-11 15:24:50",CC Token,update_status_coupon_end_time_task_id,"9568da10-447b-4770-bcec-c168c0a41d08",46,37595,"2020-04-05 18:17:22",Dev,"2025-07-21 02:05:38",SELF,"00f14cfd-d90e-4931-8b12-02f491a8155a",280500.00,IDR,https://d2qjkwm11akmwu.cloudfront.net/products/642188_20-7-2023_10-6-10.png,110,"Informasi terlengkap tentang VENTOLIN NEBULES 2.5 MG 10 AMPUL - OBAT RUTIN. Komposisi, Fungsi, Kegunaan, Ulasan, Efek Samping, Indikasi, Aturan Pakai, dan Dosis.","20240723, QAT-0123, Obat rutin NCD, Routine medicines [Asthma] ||ETHICAL PRODUCT ||NCD, OW4 [[obatrutincaregiver]] ||T1K, ||T2K, ||T3K [[hargapastiobatrutin]] [[Gratis Ongkir]] [[bisagratisongkir]][[ncdgratisongkir]] [[bisagratisongkir]] [[pastigratisongkir]] [[inhalerasma]] [[obatrutingaspol]] [[pelegaasma]] [[hemborotc]] [[untukasthma]] [[obatrutinpilihan]] [[gaspolpernapasan]] ",Ventolin Nebules 2.5 mg 2 Strip (5 Ampul/Strip) - Obat Rutin,https://d2qjkwm11akmwu.cloudfront.net/thumbnails/710015_20-7-2023_10-6-20.png,medicine,b2c,0,inactive,280500.00,89900.00,0.00,86400.00,166200.00,0.09,1,"2023-09-11 00:00:00","2023-09-19 00:00:00",0,"[""ampule"",""ml""]","[{""type"":""thumbnail_url"",""extension"":""png"",""url"":""https://d2qjkwm11akmwu.cloudfront.net/thumbnails/710015_20-7-2023_10-6-20.png""},{""type"":""thumbnail_url"",""extension"":""webp"",""url"":""https://d2qjkwm11akmwu.cloudfront.net/thumbnails/710015_20-7-2023_10-6-20.webp""},{""type"":""image_url"",""extension"":""webp"",""url"":""https://d2qjkwm11akmwu.cloudfront.net/products/642188_20-7-2023_10-6-10.webp""},{""type"":""image_url"",""extension"":""png"",""url"":""https://d2qjkwm11akmwu.cloudfront.net/products/642188_20-7-2023_10-6-10.png""}]",,0,1,0,0.00,0.00,,
47,"2023-04-10 09:33:05",Dev,"2025-02-13 11:28:01",CC Token,cb8c2217-ca2c-4a3a-bc16-c83bf69f18e6,"0",BISAGRATISONGKIR,37420,4812746,3360,"2023-04-03 13:00:00","2023-12-31 23:59:00",delayed_instant,"376708cf-e01e-4620-a5cf-54b9a1588316,1963798f-8e06-4aa0-bda9-eb794e85a3ee,b44c5b7e-b844-4105-acb8-858aaca5f8d8,49c1f3e0-4252-48c7-a007-8fd58e0fce42,217d7de6-0412-4ebc-96df-2d8cfddd99e0,59c8f490-a9f0-497f-97e5-a0b175c23168,7e56512f-c4ed-490b-be84-d2fd21b1180c,ed1ac092-8663-42e2-96d1-d2af62267ad4,a561bd82-f0ef-45dd-bb79-85c5b0f00fc2,ba7166a7-537a-4cfc-a27a-6642dd6764d8,07c03415-0d69-4c43-bc4a-d8a9ee0e3c7e,d7dbdc3c-0b3c-4be4-80eb-daad1e3dedd5,bfa2728f-1c97-4335-8547-1df04059a35b,de59f903-d42f-4640-92b5-0b8415bd7e1b,535d9556-fd19-468f-850b-5b01bff28c15,c1b2332b-644c-44a2-a878-0bf9c37e29b1,c21968b7-cc5a-43f8-8e33-552d89ce5846,ef63202b-ae39-4645-b570-c72ea02b7412,37eb40ff-cce3-4de6-b839-9cb5445a470f,74fcb9d1-a7b7-4672-ac7f-a1b62d8912a0,7976b31b-63fb-401e-87cc-c6e81ee7b5fd,2d190978-db01-4027-8b05-bb7e16aa524f,484583cd-a5cc-40c6-bf9d-31ca6038400a,eac848f9-b84c-44f8-85b7-faaa345a11e2",0.00,73,"2023-04-11 17:46:26",SELF,"2023-12-01 17:42:07",CC Token,update_status_coupon_end_time_task_id,"186bea49-375f-486a-9060-8565e6fe38e0",47,37420,"2020-04-05 18:16:43",Dev,"2025-07-25 02:05:35",SELF,"15c343e7-e194-414c-8d85-c422cf3363e5",339400.00,IDR,https://d2qjkwm11akmwu.cloudfront.net/products/758861_18-7-2023_16-51-28.png,302,"Temukan informasi lengkap Adalat Oros 30 mg 3 Strip (10 Tablet/Strip) - Obat Rutin di Halodoc. Beli Adalat Oros 30 mg 3 Strip (10 Tablet/Strip) - Obat Rutin 1 Jam Sampai, Dikirim dari Apotek Tepercaya, Buka 24 Jam*","20250527, QAT-1020, Obat rutin NCD, Routine medicines, Subscriptions, Subscription, Langganan [Hypertension] ||ETHICAL PRODUCT ||NCD ||T1K, ||T2K, ||T3K [[Hipertensi]] [[Gratis Ongkir]] [[bisagratisongkir]] [[bisagratisongkir]] [[pastigratisongkir]] [[puasancd]],Obat Darah Tinggi[[ncdpilihan]],[[puasancd]]",Adalat Oros 30 mg 3 Strip (10 Tablet/Strip) - Obat Rutin,https://d2qjkwm11akmwu.cloudfront.net/thumbnails/883441_18-7-2023_17-3-54.png,medicine,b2c,1,active,382200.00,149800.00,0.02,145000.00,328400.00,0.05,0,"2020-04-06 22:03:25","2020-04-06 22:03:25",0,"[""tablet""]","[{""type"":""thumbnail_url"",""extension"":""png"",""url"":""https://d2qjkwm11akmwu.cloudfront.net/thumbnails/883441_18-7-2023_17-3-54.png""},{""type"":""image_url"",""extension"":""png"",""url"":""https://d2qjkwm11akmwu.cloudfront.net/products/758861_18-7-2023_16-51-28.png""},{""type"":""thumbnail_url"",""extension"":""webp"",""url"":""https://d2qjkwm11akmwu.cloudfront.net/thumbnails/883441_18-7-2023_17-3-54.webp""},{""type"":""image_url"",""extension"":""webp"",""url"":""https://d2qjkwm11akmwu.cloudfront.net/products/758861_18-7-2023_16-51-28.webp""}]","05c0ab44-9f45-4dbc-b1e7-156328a08764",0,1,0,0.00,0.00,,
48,"2023-04-10 09:33:05",Dev,"2024-07-16 13:14:36",CC Token,"9ccf3483-e562-41fd-b6ce-421e62b1aeae","0",BISAGRATISONGKIR,37516,4812746,3360,"2023-04-03 13:00:00","2023-12-31 23:59:00",delayed_instant,"376708cf-e01e-4620-a5cf-54b9a1588316,1963798f-8e06-4aa0-bda9-eb794e85a3ee,b44c5b7e-b844-4105-acb8-858aaca5f8d8,49c1f3e0-4252-48c7-a007-8fd58e0fce42,217d7de6-0412-4ebc-96df-2d8cfddd99e0,59c8f490-a9f0-497f-97e5-a0b175c23168,7e56512f-c4ed-490b-be84-d2fd21b1180c,ed1ac092-8663-42e2-96d1-d2af62267ad4,a561bd82-f0ef-45dd-bb79-85c5b0f00fc2,ba7166a7-537a-4cfc-a27a-6642dd6764d8,07c03415-0d69-4c43-bc4a-d8a9ee0e3c7e,d7dbdc3c-0b3c-4be4-80eb-daad1e3dedd5,bfa2728f-1c97-4335-8547-1df04059a35b,de59f903-d42f-4640-92b5-0b8415bd7e1b,535d9556-fd19-468f-850b-5b01bff28c15,c1b2332b-644c-44a2-a878-0bf9c37e29b1,c21968b7-cc5a-43f8-8e33-552d89ce5846,ef63202b-ae39-4645-b570-c72ea02b7412,37eb40ff-cce3-4de6-b839-9cb5445a470f,74fcb9d1-a7b7-4672-ac7f-a1b62d8912a0,7976b31b-63fb-401e-87cc-c6e81ee7b5fd,2d190978-db01-4027-8b05-bb7e16aa524f,484583cd-a5cc-40c6-bf9d-31ca6038400a,eac848f9-b84c-44f8-85b7-faaa345a11e2",0.00,74,"2023-04-11 17:46:26",SELF,"2023-07-18 17:53:35",CC Token,update_status_coupon_end_time_task_id,"232648d8-e1b8-445f-a54f-64aaa7f3db12",48,37516,"2020-04-05 18:17:05",Dev,"2025-07-25 02:05:44",SELF,"65d01705-cc42-45d9-955c-1bcbe5df11c2",319100.00,IDR,https://d2qjkwm11akmwu.cloudfront.net/products/398064_18-7-2023_17-53-22.png,723,"Temukan informasi lengkap Janumet 50 mg/500 mg 4 Strip (7 Tablet/Strip) - Obat Rutin di Halodoc. Beli Janumet 50 mg/500 mg 4 Strip (7 Tablet/Strip) - Obat Rutin 1 Jam Sampai, Dikirim dari Apotek Tepercaya, Buka 24 Jam*","20250527, Obat rutin NCD, Routine medicines,?Subscriptions, Subscription, Langganan [Diabetes] ||ETHICAL PRODUCT [[crmdiabetes]] ||NCD [[obatpilihanwdd2022]] [[obatrutincaregiver]] ||T1K, ||T2K, ||T3K [[obatrutinramadhanlebaran]] [[hargapastiobatrutin]] [[Gratis Ongkir]] [[bisagratisongkir]][[ncdgratisongkir]] [[bisagratisongkir]] [[pastigratisongkir]] [[orangtuasehat3]] [[obatrutingaspol]] [[hemborotc]] [[obatrutinpilihan]] [[wdd2023]][[puasancd]] [[diabeteshalodoc]],[[puasancd]]",Janumet 50 mg/500 mg 4 Strip (7 Tablet/Strip) - Obat Rutin,https://d2qjkwm11akmwu.cloudfront.net/thumbnails/523164_18-7-2023_17-53-28.png,medicine,b2c,1,active,366800.00,124000.00,0.01,120000.00,286900.00,0.09,0,"2020-04-06 22:03:45","2020-04-06 22:03:45",0,"[""tablet""]","[{""type"":""image_url"",""extension"":""webp"",""url"":""https://d2qjkwm11akmwu.cloudfront.net/products/398064_18-7-2023_17-53-22.webp""},{""type"":""image_url"",""extension"":""png"",""url"":""https://d2qjkwm11akmwu.cloudfront.net/products/398064_18-7-2023_17-53-22.png""},{""type"":""thumbnail_url"",""extension"":""png"",""url"":""https://d2qjkwm11akmwu.cloudfront.net/thumbnails/523164_18-7-2023_17-53-28.png""},{""type"":""thumbnail_url"",""extension"":""webp"",""url"":""https://d2qjkwm11akmwu.cloudfront.net/thumbnails/523164_18-7-2023_17-53-28.webp""}]","8e4d760a-af2f-43cf-bcb3-667862e85bd3",0,1,0,0.00,0.00,,
49,"2023-04-10 09:33:06",Dev,"2024-07-16 13:14:08",CC Token,"03a5a05c-65d5-4bf2-bdf8-e97e57a4c70b","0",BISAGRATISONGKIR,37515,4812746,3360,"2023-04-03 13:00:00","2023-12-31 23:59:00",delayed_instant,"376708cf-e01e-4620-a5cf-54b9a1588316,1963798f-8e06-4aa0-bda9-eb794e85a3ee,b44c5b7e-b844-4105-acb8-858aaca5f8d8,49c1f3e0-4252-48c7-a007-8fd58e0fce42,217d7de6-0412-4ebc-96df-2d8cfddd99e0,59c8f490-a9f0-497f-97e5-a0b175c23168,7e56512f-c4ed-490b-be84-d2fd21b1180c,ed1ac092-8663-42e2-96d1-d2af62267ad4,a561bd82-f0ef-45dd-bb79-85c5b0f00fc2,ba7166a7-537a-4cfc-a27a-6642dd6764d8,07c03415-0d69-4c43-bc4a-d8a9ee0e3c7e,d7dbdc3c-0b3c-4be4-80eb-daad1e3dedd5,bfa2728f-1c97-4335-8547-1df04059a35b,de59f903-d42f-4640-92b5-0b8415bd7e1b,535d9556-fd19-468f-850b-5b01bff28c15,c1b2332b-644c-44a2-a878-0bf9c37e29b1,c21968b7-cc5a-43f8-8e33-552d89ce5846,ef63202b-ae39-4645-b570-c72ea02b7412,37eb40ff-cce3-4de6-b839-9cb5445a470f,74fcb9d1-a7b7-4672-ac7f-a1b62d8912a0,7976b31b-63fb-401e-87cc-c6e81ee7b5fd,2d190978-db01-4027-8b05-bb7e16aa524f,484583cd-a5cc-40c6-bf9d-31ca6038400a,eac848f9-b84c-44f8-85b7-faaa345a11e2",0.00,75,"2023-04-11 17:46:26",SELF,"2023-07-18 17:50:37",CC Token,update_status_coupon_end_time_task_id,"1d3ea135-1a5d-40df-8efb-3e29413cba28",49,37515,"2020-04-05 18:17:04",Dev,"2025-07-25 02:05:44",SELF,"7f7d9bcc-35c1-4993-8c9d-17e9c1a20fa5",311700.00,IDR,https://d2qjkwm11akmwu.cloudfront.net/products/118984_18-7-2023_17-50-5.png,723,"Temukan informasi lengkap Janumet 50 mg/1000 mg 4 Strip (7 Tablet/Strip) - Obat Rutin di Halodoc. Beli Janumet 50 mg/1000 mg 4 Strip (7 Tablet/Strip) - Obat Rutin 1 Jam Sampai, Dikirim dari Apotek Tepercaya, Buka 24 Jam*","20250527, Obat rutin NCD, Routine medicines, Subscriptions, Subscription, Langganan [Diabetes] [[diabetescarepage]] ||ETHICAL PRODUCT ||NCD [[pilihanobatdiabetes]] [[obatpilihanwdd2022]] [[obatrutincaregiver]] ||T1K, ||T2K, ||T3K [[obatrutinramadhanlebaran]] [[hargapastiobatrutin]] [[Gratis Ongkir]] [[bisagratisongkir]][[ncdgratisongkir]] [[bisagratisongkir]] [[pastigratisongkir]] [[orangtuasehat3]] [[obatrutingaspol]] [[hemborotc]] [[obatrutinpilihan]] [[wdd2023]][[puasancd]] [[diabeteshalodoc]],[[puasancd]]",Janumet 50 mg/1000 mg 4 Strip (7 Tablet/Strip) - Obat Rutin,https://d2qjkwm11akmwu.cloudfront.net/thumbnails/843013_18-7-2023_17-50-27.png,medicine,b2c,1,active,366800.00,188300.00,0.01,182200.00,286600.00,0.09,0,"2020-04-06 22:03:45","2020-04-06 22:03:45",0,"[""tablet""]","[{""type"":""thumbnail_url"",""extension"":""png"",""url"":""https://d2qjkwm11akmwu.cloudfront.net/thumbnails/843013_18-7-2023_17-50-27.png""},{""type"":""thumbnail_url"",""extension"":""webp"",""url"":""https://d2qjkwm11akmwu.cloudfront.net/thumbnails/843013_18-7-2023_17-50-27.webp""},{""type"":""image_url"",""extension"":""png"",""url"":""https://d2qjkwm11akmwu.cloudfront.net/products/118984_18-7-2023_17-50-5.png""},{""type"":""image_url"",""extension"":""webp"",""url"":""https://d2qjkwm11akmwu.cloudfront.net/products/118984_18-7-2023_17-50-5.webp""}]",e37e3e18-3740-4571-8fbc-8781a49a2d73,0,1,0,0.00,0.00,,
50,"2023-04-10 09:33:06",Dev,"2023-07-17 16:38:49",SELF,"12cf1a30-eccf-4bdc-a251-c8c7a932f1d0","0",BISAGRATISONGKIR,37557,4812746,3360,"2023-04-03 13:00:00","2023-12-31 23:59:00",delayed_instant,"376708cf-e01e-4620-a5cf-54b9a1588316,b44c5b7e-b844-4105-acb8-858aaca5f8d8,49c1f3e0-4252-48c7-a007-8fd58e0fce42,ed1ac092-8663-42e2-96d1-d2af62267ad4,a561bd82-f0ef-45dd-bb79-85c5b0f00fc2,c1b2332b-644c-44a2-a878-0bf9c37e29b1,37eb40ff-cce3-4de6-b839-9cb5445a470f,74fcb9d1-a7b7-4672-ac7f-a1b62d8912a0,7976b31b-63fb-401e-87cc-c6e81ee7b5fd,484583cd-a5cc-40c6-bf9d-31ca6038400a,1963798f-8e06-4aa0-bda9-eb794e85a3ee,217d7de6-0412-4ebc-96df-2d8cfddd99e0,59c8f490-a9f0-497f-97e5-a0b175c23168,7e56512f-c4ed-490b-be84-d2fd21b1180c,ba7166a7-537a-4cfc-a27a-6642dd6764d8,07c03415-0d69-4c43-bc4a-d8a9ee0e3c7e,d7dbdc3c-0b3c-4be4-80eb-daad1e3dedd5,bfa2728f-1c97-4335-8547-1df04059a35b,de59f903-d42f-4640-92b5-0b8415bd7e1b,535d9556-fd19-468f-850b-5b01bff28c15,c21968b7-cc5a-43f8-8e33-552d89ce5846,ef63202b-ae39-4645-b570-c72ea02b7412,2d190978-db01-4027-8b05-bb7e16aa524f,eac848f9-b84c-44f8-85b7-faaa345a11e2",0.00,76,"2023-04-11 17:46:26",SELF,"2023-07-20 10:00:19",CC Token,update_status_coupon_end_time_task_id,b93d652c-dbba-4dfe-a0d0-5e2ffe29f609,50,37557,"2020-04-05 18:17:14",Dev,"2025-07-25 02:05:46",SELF,"926ca097-0d1a-4813-bd56-54d06a01a5b3",685100.00,IDR,https://d2qjkwm11akmwu.cloudfront.net/products/163572_20-7-2023_10-0-8.png,561,"Informasi terlengkap tentang PULMICORT 0.5 MG/ML 20 RESPULES - OBAT RUTIN. Komposisi, Fungsi, Kegunaan, Ulasan, Efek Samping, Indikasi, Aturan Pakai, dan Dosis.","20241101, Obat rutin NCD, Routine medicines [Asthma] ||ETHICAL PRODUCT ||NCD [[obatrutincaregiver]] ||T1K, ||T2K, ||T3K [[hargapastiobatrutin]] [[Gratis Ongkir]] [[bisagratisongkir]][[ncdgratisongkir]] [[bisagratisongkir]] [[pastigratisongkir]] [[inhalerasma]] [[obatrutingaspol]] [[kontrolasma]] [[hemborotc]] [[untukasthma]] [[obatrutinpilihan]] [[gaspolpernapasan]]",Pulmicort 0.5 mg/ml 4 Strip (5 Respules/Strip) - Obat Rutin,https://d2qjkwm11akmwu.cloudfront.net/thumbnails/736332_20-7-2023_10-0-14.png,medicine,b2c,1,active,702400.00,380200.00,0.00,368000.00,611300.00,0.09,0,"2020-04-06 22:03:55","2020-04-06 22:03:55",0,"[""ampule"",""ml""]","[{""type"":""image_url"",""extension"":""png"",""url"":""https://d2qjkwm11akmwu.cloudfront.net/products/163572_20-7-2023_10-0-8.png""},{""type"":""thumbnail_url"",""extension"":""png"",""url"":""https://d2qjkwm11akmwu.cloudfront.net/thumbnails/736332_20-7-2023_10-0-14.png""},{""type"":""thumbnail_url"",""extension"":""webp"",""url"":""https://d2qjkwm11akmwu.cloudfront.net/thumbnails/736332_20-7-2023_10-0-14.webp""},{""type"":""image_url"",""extension"":""webp"",""url"":""https://d2qjkwm11akmwu.cloudfront.net/products/163572_20-7-2023_10-0-8.webp""}]","16a6cf45-d68a-4b2c-bf83-b85cbcbf5a4b",0,1,0,0.00,0.00,,
51,"2023-04-10 09:33:06",Dev,"2024-12-26 17:29:05",CC Token,"56d59705-4acf-4c55-a69e-03bf617130f2","0",BISAGRATISONGKIR,37543,4812746,3360,"2023-04-03 13:00:00","2023-12-31 23:59:00",delayed_instant,"376708cf-e01e-4620-a5cf-54b9a1588316,1963798f-8e06-4aa0-bda9-eb794e85a3ee,b44c5b7e-b844-4105-acb8-858aaca5f8d8,49c1f3e0-4252-48c7-a007-8fd58e0fce42,217d7de6-0412-4ebc-96df-2d8cfddd99e0,59c8f490-a9f0-497f-97e5-a0b175c23168,7e56512f-c4ed-490b-be84-d2fd21b1180c,ed1ac092-8663-42e2-96d1-d2af62267ad4,a561bd82-f0ef-45dd-bb79-85c5b0f00fc2,ba7166a7-537a-4cfc-a27a-6642dd6764d8,07c03415-0d69-4c43-bc4a-d8a9ee0e3c7e,d7dbdc3c-0b3c-4be4-80eb-daad1e3dedd5,bfa2728f-1c97-4335-8547-1df04059a35b,de59f903-d42f-4640-92b5-0b8415bd7e1b,535d9556-fd19-468f-850b-5b01bff28c15,c1b2332b-644c-44a2-a878-0bf9c37e29b1,c21968b7-cc5a-43f8-8e33-552d89ce5846,ef63202b-ae39-4645-b570-c72ea02b7412,37eb40ff-cce3-4de6-b839-9cb5445a470f,74fcb9d1-a7b7-4672-ac7f-a1b62d8912a0,7976b31b-63fb-401e-87cc-c6e81ee7b5fd,2d190978-db01-4027-8b05-bb7e16aa524f,484583cd-a5cc-40c6-bf9d-31ca6038400a,eac848f9-b84c-44f8-85b7-faaa345a11e2",0.00,77,"2023-04-11 17:46:26",SELF,"2023-07-20 09:50:56",CC Token,update_status_coupon_end_time_task_id,"36266de5-b11f-47ec-9a60-661aba2b8d74",51,37543,"2020-04-05 18:17:11",Dev,"2025-07-25 02:05:45",SELF,bdbd4caf-fbe8-436e-8749-19df97e9af50,555800.00,IDR,https://d2qjkwm11akmwu.cloudfront.net/products/342401_20-7-2023_9-50-47.png,218,"Informasi terlengkap tentang MICARDIS 80 MG 20 TABLET - OBAT RUTIN. Komposisi, Fungsi, Kegunaan, Ulasan, Efek Samping, Indikasi, Aturan Pakai, dan Dosis.","20250213, Obat rutin NCD, Routine medicines, [Hypertension] ||ETHICAL PRODUCT ||NCD ||T3K [[hargapastiobatrutin]] [[Gratis Ongkir]] [[bisagratisongkir]][[ncdgratisongkir]] [[bisagratisongkir]] [[pastigratisongkir]] [[orangtuasehat1]] [[obatrutingaspol]] [[hemborotc]]",Micardis 80 mg 2 Strip (10 Tablet/Strip) - Obat Rutin,https://d2qjkwm11akmwu.cloudfront.net/thumbnails/404056_20-7-2023_9-50-54.png,medicine,b2c,1,active,809000.00,357300.00,0.00,345800.00,554700.00,0.05,0,"2020-04-06 22:03:51","2020-04-06 22:03:51",0,"[""tablet""]","[{""type"":""thumbnail_url"",""extension"":""png"",""url"":""https://d2qjkwm11akmwu.cloudfront.net/thumbnails/404056_20-7-2023_9-50-54.png""},{""type"":""thumbnail_url"",""extension"":""webp"",""url"":""https://d2qjkwm11akmwu.cloudfront.net/thumbnails/404056_20-7-2023_9-50-54.webp""},{""type"":""image_url"",""extension"":""webp"",""url"":""https://d2qjkwm11akmwu.cloudfront.net/products/342401_20-7-2023_9-50-47.webp""},{""type"":""image_url"",""extension"":""png"",""url"":""https://d2qjkwm11akmwu.cloudfront.net/products/342401_20-7-2023_9-50-47.png""}]","617ddf01-763e-4746-9939-44de3b81cc40",0,1,0,0.00,0.00,,
52,"2023-04-10 09:33:06",Dev,"2025-03-13 22:12:46",CC Token,"53a92cd1-4bf4-4c08-8b13-147dda5ea623","0",BISAGRATISONGKIR,37445,4812746,3360,"2023-04-03 13:00:00","2023-12-31 23:59:00",delayed_instant,"376708cf-e01e-4620-a5cf-54b9a1588316,1963798f-8e06-4aa0-bda9-eb794e85a3ee,b44c5b7e-b844-4105-acb8-858aaca5f8d8,49c1f3e0-4252-48c7-a007-8fd58e0fce42,217d7de6-0412-4ebc-96df-2d8cfddd99e0,59c8f490-a9f0-497f-97e5-a0b175c23168,7e56512f-c4ed-490b-be84-d2fd21b1180c,ed1ac092-8663-42e2-96d1-d2af62267ad4,a561bd82-f0ef-45dd-bb79-85c5b0f00fc2,ba7166a7-537a-4cfc-a27a-6642dd6764d8,07c03415-0d69-4c43-bc4a-d8a9ee0e3c7e,d7dbdc3c-0b3c-4be4-80eb-daad1e3dedd5,bfa2728f-1c97-4335-8547-1df04059a35b,de59f903-d42f-4640-92b5-0b8415bd7e1b,535d9556-fd19-468f-850b-5b01bff28c15,c1b2332b-644c-44a2-a878-0bf9c37e29b1,c21968b7-cc5a-43f8-8e33-552d89ce5846,ef63202b-ae39-4645-b570-c72ea02b7412,37eb40ff-cce3-4de6-b839-9cb5445a470f,74fcb9d1-a7b7-4672-ac7f-a1b62d8912a0,7976b31b-63fb-401e-87cc-c6e81ee7b5fd,2d190978-db01-4027-8b05-bb7e16aa524f,484583cd-a5cc-40c6-bf9d-31ca6038400a,eac848f9-b84c-44f8-85b7-faaa345a11e2",0.00,78,"2023-04-11 17:46:27",SELF,"2023-07-24 10:51:59",CC Token,update_status_coupon_end_time_task_id,"02291ce1-b33c-4dd2-a7dd-1951f26dc706",52,37445,"2020-04-05 18:16:49",Dev,"2025-07-25 02:05:37",SELF,f6deb765-a4d0-4f9d-9fa5-ee0ac2f6875f,578500.00,IDR,https://d2qjkwm11akmwu.cloudfront.net/products/240540_24-7-2023_10-51-44.png,317,"Informasi terlengkap tentang BLOPRESS PLUS 16 MG/12.5 MG 28 TABLET - OBAT RUTIN. Komposisi, Fungsi, Kegunaan, Ulasan, Efek Samping, Indikasi, Aturan Pakai, dan Dosis.","20250527, Obat rutin NCD, Routine medicines [Hypertension] ||ETHICAL PRODUCT ||NCD ||T2K, ||T3K [[hargapastiobatrutin]] [[Gratis Ongkir]] [[bisagratisongkir]][[ncdgratisongkir]] [[bisagratisongkir]] [[pastigratisongkir]] [[orangtuasehat1]] [[obatrutingaspol]] [[hemborotc]]",Blopress Plus 16 mg/12.5 mg 4 Strip (7 Tablet/Strip) - Obat Rutin,https://d2qjkwm11akmwu.cloudfront.net/thumbnails/728359_24-7-2023_10-51-52.png,medicine,b2c,1,active,656800.00,397100.00,0.00,384400.00,560000.00,0.05,0,"2020-04-06 22:03:29","2020-04-06 22:03:29",0,"[""tablet""]","[{""type"":""image_url"",""extension"":""webp"",""url"":""https://d2qjkwm11akmwu.cloudfront.net/products/240540_24-7-2023_10-51-44.webp""},{""type"":""thumbnail_url"",""extension"":""webp"",""url"":""https://d2qjkwm11akmwu.cloudfront.net/thumbnails/728359_24-7-2023_10-51-52.webp""},{""type"":""thumbnail_url"",""extension"":""png"",""url"":""https://d2qjkwm11akmwu.cloudfront.net/thumbnails/728359_24-7-2023_10-51-52.png""},{""type"":""image_url"",""extension"":""png"",""url"":""https://d2qjkwm11akmwu.cloudfront.net/products/240540_24-7-2023_10-51-44.png""}]","1053d0a8-4a5a-4490-b9d9-285910ec854c",0,1,0,0.00,0.00,,
53,"2023-04-10 09:33:06",Dev,"2024-09-13 17:18:44",CC Token,c47518b8-a26b-44ab-9a13-037fefdce324,"0",BISAGRATISONGKIR,37432,4812746,3360,"2023-04-03 13:00:00","2023-12-31 23:59:00",delayed_instant,"376708cf-e01e-4620-a5cf-54b9a1588316,1963798f-8e06-4aa0-bda9-eb794e85a3ee,b44c5b7e-b844-4105-acb8-858aaca5f8d8,49c1f3e0-4252-48c7-a007-8fd58e0fce42,217d7de6-0412-4ebc-96df-2d8cfddd99e0,59c8f490-a9f0-497f-97e5-a0b175c23168,7e56512f-c4ed-490b-be84-d2fd21b1180c,ed1ac092-8663-42e2-96d1-d2af62267ad4,a561bd82-f0ef-45dd-bb79-85c5b0f00fc2,ba7166a7-537a-4cfc-a27a-6642dd6764d8,07c03415-0d69-4c43-bc4a-d8a9ee0e3c7e,d7dbdc3c-0b3c-4be4-80eb-daad1e3dedd5,bfa2728f-1c97-4335-8547-1df04059a35b,de59f903-d42f-4640-92b5-0b8415bd7e1b,535d9556-fd19-468f-850b-5b01bff28c15,c1b2332b-644c-44a2-a878-0bf9c37e29b1,c21968b7-cc5a-43f8-8e33-552d89ce5846,ef63202b-ae39-4645-b570-c72ea02b7412,37eb40ff-cce3-4de6-b839-9cb5445a470f,74fcb9d1-a7b7-4672-ac7f-a1b62d8912a0,7976b31b-63fb-401e-87cc-c6e81ee7b5fd,2d190978-db01-4027-8b05-bb7e16aa524f,484583cd-a5cc-40c6-bf9d-31ca6038400a,eac848f9-b84c-44f8-85b7-faaa345a11e2",0.00,79,"2023-04-11 17:46:27",SELF,"2023-07-18 17:07:02",CC Token,update_status_coupon_end_time_task_id,"62020c73-0eef-49c0-83a2-ff2918e42764",53,37432,"2020-04-05 18:16:46",Dev,"2025-07-25 02:05:36",SELF,"2d42eee8-d6d6-4616-8cd2-f478dbd70239",499100.00,IDR,https://d2qjkwm11akmwu.cloudfront.net/products/107524_18-7-2023_17-6-51.png,278,"Informasi terlengkap tentang APROVEL 150 MG 28 TABLET - OBAT RUTIN. Komposisi, Fungsi, Kegunaan, Ulasan, Efek Samping, Indikasi, Aturan Pakai, dan Dosis.","20250716*, Obat rutin NCD, Routine medicines, [Hypertension] ||ETHICAL PRODUCT ||NCD ||T2K, ||T3K [[hargapastiobatrutin]] [[Gratis Ongkir]] [[bisagratisongkir]][[ncdgratisongkir]] [[bisagratisongkir]] [[pastigratisongkir]] [[orangtuasehat1]] [[obatrutingaspol]] [[hemborotc]]",Aprovel 150 mg 2 Strip (14 Tablet/Strip) - Obat Rutin,https://d2qjkwm11akmwu.cloudfront.net/thumbnails/342191_18-7-2023_17-6-57.png,medicine,b2c,1,active,546400.00,340500.00,0.00,329600.00,475300.00,0.09,0,"2020-04-06 22:03:27","2020-04-06 22:03:27",0,"[""tablet""]","[{""type"":""image_url"",""extension"":""webp"",""url"":""https://d2qjkwm11akmwu.cloudfront.net/products/107524_18-7-2023_17-6-51.webp""},{""type"":""image_url"",""extension"":""png"",""url"":""https://d2qjkwm11akmwu.cloudfront.net/products/107524_18-7-2023_17-6-51.png""},{""type"":""thumbnail_url"",""extension"":""png"",""url"":""https://d2qjkwm11akmwu.cloudfront.net/thumbnails/342191_18-7-2023_17-6-57.png""},{""type"":""thumbnail_url"",""extension"":""webp"",""url"":""https://d2qjkwm11akmwu.cloudfront.net/thumbnails/342191_18-7-2023_17-6-57.webp""}]",f3d0662f-1c6c-4e49-8569-85515cfc9cea,0,1,0,0.00,0.00,,
54,"2023-04-10 09:33:06",Dev,"2023-07-17 16:38:50",SELF,"4e20acf2-a5b5-4848-a107-8d4fbf64f700","0",BISAGRATISONGKIR,37556,4812746,3360,"2023-04-03 13:00:00","2023-12-31 23:59:00",delayed_instant,"376708cf-e01e-4620-a5cf-54b9a1588316,b44c5b7e-b844-4105-acb8-858aaca5f8d8,49c1f3e0-4252-48c7-a007-8fd58e0fce42,ed1ac092-8663-42e2-96d1-d2af62267ad4,a561bd82-f0ef-45dd-bb79-85c5b0f00fc2,c1b2332b-644c-44a2-a878-0bf9c37e29b1,37eb40ff-cce3-4de6-b839-9cb5445a470f,74fcb9d1-a7b7-4672-ac7f-a1b62d8912a0,7976b31b-63fb-401e-87cc-c6e81ee7b5fd,484583cd-a5cc-40c6-bf9d-31ca6038400a,1963798f-8e06-4aa0-bda9-eb794e85a3ee,217d7de6-0412-4ebc-96df-2d8cfddd99e0,59c8f490-a9f0-497f-97e5-a0b175c23168,7e56512f-c4ed-490b-be84-d2fd21b1180c,ba7166a7-537a-4cfc-a27a-6642dd6764d8,07c03415-0d69-4c43-bc4a-d8a9ee0e3c7e,d7dbdc3c-0b3c-4be4-80eb-daad1e3dedd5,bfa2728f-1c97-4335-8547-1df04059a35b,de59f903-d42f-4640-92b5-0b8415bd7e1b,535d9556-fd19-468f-850b-5b01bff28c15,c21968b7-cc5a-43f8-8e33-552d89ce5846,ef63202b-ae39-4645-b570-c72ea02b7412,2d190978-db01-4027-8b05-bb7e16aa524f,eac848f9-b84c-44f8-85b7-faaa345a11e2",0.00,80,"2023-04-11 17:46:27",SELF,"2023-07-20 09:59:43",CC Token,update_status_coupon_end_time_task_id,eddc166e-2fec-423d-b7c8-b67cbdf7e1cf,54,37556,"2020-04-05 18:17:14",Dev,"2025-07-17 15:03:26",Dev,"02a451cb-83aa-4822-8f4f-5da23d241b1f",459100.00,IDR,https://d2qjkwm11akmwu.cloudfront.net/products/409342_20-7-2023_9-59-19.png,561,"Informasi terlengkap tentang PULMICORT 0.25 MG/ML 20 RESPULES - OBAT RUTIN. Komposisi, Fungsi, Kegunaan, Ulasan, Efek Samping, Indikasi, Aturan Pakai, dan Dosis.","20220331, Obat rutin NCD, Routine medicines,  [Asthma] ||ETHICAL PRODUCT ||NCD ||T2K, ||T3K [[hargapastiobatrutin]] [[Gratis Ongkir]] [[bisagratisongkir]][[ncdgratisongkir]] [[bisagratisongkir]] [[pastigratisongkir]]",Pulmicort 0.25 mg/ml 4 Strip (5 Respules/Strip) - Obat Rutin,https://d2qjkwm11akmwu.cloudfront.net/thumbnails/5582_20-7-2023_9-59-39.png,medicine,b2c,0,inactive,566400.00,355100.00,0.00,347400.00,442100.00,0.09,0,"2020-04-06 22:03:55","2020-04-06 22:03:55",0,"[""ml"",""ampule""]","[{""type"":""thumbnail_url"",""extension"":""png"",""url"":""https://d2qjkwm11akmwu.cloudfront.net/thumbnails/5582_20-7-2023_9-59-39.png""},{""type"":""thumbnail_url"",""extension"":""webp"",""url"":""https://d2qjkwm11akmwu.cloudfront.net/thumbnails/5582_20-7-2023_9-59-39.webp""},{""type"":""image_url"",""extension"":""webp"",""url"":""https://d2qjkwm11akmwu.cloudfront.net/products/409342_20-7-2023_9-59-19.webp""},{""type"":""image_url"",""extension"":""png"",""url"":""https://d2qjkwm11akmwu.cloudfront.net/products/409342_20-7-2023_9-59-19.png""}]",,0,1,0,0.00,0.00,,
55,"2023-04-10 09:33:06",Dev,"2024-08-08 13:12:08",CC Token,"9b03911b-4da9-4b89-8f73-b7108a198511","0",BISAGRATISONGKIR,37482,4812746,3360,"2023-04-03 13:00:00","2023-12-31 23:59:00",delayed_instant,"376708cf-e01e-4620-a5cf-54b9a1588316,1963798f-8e06-4aa0-bda9-eb794e85a3ee,b44c5b7e-b844-4105-acb8-858aaca5f8d8,49c1f3e0-4252-48c7-a007-8fd58e0fce42,217d7de6-0412-4ebc-96df-2d8cfddd99e0,59c8f490-a9f0-497f-97e5-a0b175c23168,7e56512f-c4ed-490b-be84-d2fd21b1180c,ed1ac092-8663-42e2-96d1-d2af62267ad4,a561bd82-f0ef-45dd-bb79-85c5b0f00fc2,ba7166a7-537a-4cfc-a27a-6642dd6764d8,07c03415-0d69-4c43-bc4a-d8a9ee0e3c7e,d7dbdc3c-0b3c-4be4-80eb-daad1e3dedd5,bfa2728f-1c97-4335-8547-1df04059a35b,de59f903-d42f-4640-92b5-0b8415bd7e1b,535d9556-fd19-468f-850b-5b01bff28c15,c1b2332b-644c-44a2-a878-0bf9c37e29b1,c21968b7-cc5a-43f8-8e33-552d89ce5846,ef63202b-ae39-4645-b570-c72ea02b7412,37eb40ff-cce3-4de6-b839-9cb5445a470f,74fcb9d1-a7b7-4672-ac7f-a1b62d8912a0,7976b31b-63fb-401e-87cc-c6e81ee7b5fd,2d190978-db01-4027-8b05-bb7e16aa524f,484583cd-a5cc-40c6-bf9d-31ca6038400a,eac848f9-b84c-44f8-85b7-faaa345a11e2",0.00,81,"2023-04-11 17:46:27",SELF,"2023-07-18 17:36:08",CC Token,update_status_coupon_end_time_task_id,ce11c1e2-07c5-438a-9282-651f7da11c70,55,37482,"2020-04-05 18:16:57",Dev,"2025-07-25 02:05:42",SELF,"649400e2-158d-4cef-94a2-865a0707e3f6",441400.00,IDR,https://d2qjkwm11akmwu.cloudfront.net/products/784366_18-7-2023_17-35-57.png,218,"Temukan informasi lengkap Exforge 5 mg/160 mg 2 Strip (14 Tablet/Strip) - Obat Rutin di Halodoc. Beli Exforge 5 mg/160 mg 2 Strip (14 Tablet/Strip) - Obat Rutin 1 Jam Sampai, Dikirim dari Apotek Tepercaya, Buka 24 Jam*","20240808, Obat rutin NCD, Routine medicines, Subscription, Subscriptions, Langganan [Hypertension] ||ETHICAL PRODUCT ||NCD ||T2K, ||T3K [[hargapastiobatrutin]] [[Gratis Ongkir]] [[bisagratisongkir]][[ncdgratisongkir]] [[bisagratisongkir]] [[pastigratisongkir]] [[orangtuasehat1]] [[obatrutingaspol]] [[hemborotc]]",Exforge 5 mg/160 mg 2 Strip (14 Tablet/Strip) - Obat Rutin,https://d2qjkwm11akmwu.cloudfront.net/thumbnails/59204_18-7-2023_17-36-3.png,medicine,b2c,1,active,602800.00,441400.00,0.00,258300.00,441400.00,0.09,0,"2020-04-06 22:03:39","2020-04-06 22:03:39",0,"[""tablet""]","[{""type"":""image_url"",""extension"":""webp"",""url"":""https://d2qjkwm11akmwu.cloudfront.net/products/784366_18-7-2023_17-35-57.webp""},{""type"":""image_url"",""extension"":""png"",""url"":""https://d2qjkwm11akmwu.cloudfront.net/products/784366_18-7-2023_17-35-57.png""},{""type"":""thumbnail_url"",""extension"":""webp"",""url"":""https://d2qjkwm11akmwu.cloudfront.net/thumbnails/59204_18-7-2023_17-36-3.webp""},{""type"":""thumbnail_url"",""extension"":""png"",""url"":""https://d2qjkwm11akmwu.cloudfront.net/thumbnails/59204_18-7-2023_17-36-3.png""}]","3ba5c46d-5aa9-40bf-8f8a-4148efe3e44d",0,1,1,441400.00,428100.00,,
56,"2023-04-10 09:33:07",Dev,"2025-02-21 21:14:46",CC Token,"1ba8308f-1b67-4c6c-890f-d12da191ef73","0",BISAGRATISONGKIR,37444,4812746,3360,"2023-04-03 13:00:00","2023-12-31 23:59:00",delayed_instant,"376708cf-e01e-4620-a5cf-54b9a1588316,1963798f-8e06-4aa0-bda9-eb794e85a3ee,b44c5b7e-b844-4105-acb8-858aaca5f8d8,49c1f3e0-4252-48c7-a007-8fd58e0fce42,217d7de6-0412-4ebc-96df-2d8cfddd99e0,59c8f490-a9f0-497f-97e5-a0b175c23168,7e56512f-c4ed-490b-be84-d2fd21b1180c,ed1ac092-8663-42e2-96d1-d2af62267ad4,a561bd82-f0ef-45dd-bb79-85c5b0f00fc2,ba7166a7-537a-4cfc-a27a-6642dd6764d8,07c03415-0d69-4c43-bc4a-d8a9ee0e3c7e,d7dbdc3c-0b3c-4be4-80eb-daad1e3dedd5,bfa2728f-1c97-4335-8547-1df04059a35b,de59f903-d42f-4640-92b5-0b8415bd7e1b,535d9556-fd19-468f-850b-5b01bff28c15,c1b2332b-644c-44a2-a878-0bf9c37e29b1,c21968b7-cc5a-43f8-8e33-552d89ce5846,ef63202b-ae39-4645-b570-c72ea02b7412,37eb40ff-cce3-4de6-b839-9cb5445a470f,74fcb9d1-a7b7-4672-ac7f-a1b62d8912a0,7976b31b-63fb-401e-87cc-c6e81ee7b5fd,2d190978-db01-4027-8b05-bb7e16aa524f,484583cd-a5cc-40c6-bf9d-31ca6038400a,eac848f9-b84c-44f8-85b7-faaa345a11e2",0.00,82,"2023-04-11 17:46:27",SELF,"2023-07-18 17:09:48",CC Token,update_status_coupon_end_time_task_id,"75eab9c9-6b9e-40bb-94f7-3949a3b59358",56,37444,"2020-04-05 18:16:48",Dev,"2025-07-25 02:05:36",SELF,"9d171a6f-f5c2-46c2-a9f6-9012f1454499",436800.00,IDR,https://d2qjkwm11akmwu.cloudfront.net/products/466171_18-7-2023_17-9-38.png,561,"Temukan informasi lengkap Blopress 8 mg 4 Strip (7 Tablet/Strip) - Obat Rutin di Halodoc. Beli Blopress 8 mg 4 Strip (7 Tablet/Strip) - Obat Rutin 1 Jam Sampai, Dikirim dari Apotek Tepercaya, Buka 24 Jam*","20250221, QAT-1021, QAT-0920, Obat rutin NCD, Subscriptions, Subscription, Langganan, Routine medicines [Hypertension] ||ETHICAL PRODUCT ||NCD ||T2K, ||T3K [[hargapastiobatrutin]] [[Gratis Ongkir]] [[bisagratisongkir]][[ncdgratisongkir]] [[bisagratisongkir]] [[pastigratisongkir]] [[orangtuasehat1]] [[obatrutingaspol]] [[hemborotc]]",Blopress 8 mg 4 Strip (7 Tablet/Strip) - Obat Rutin,https://d2qjkwm11akmwu.cloudfront.net/thumbnails/891806_18-7-2023_17-9-44.png,medicine,b2c,1,active,498400.00,236700.00,0.00,229100.00,425100.00,0.09,0,"2020-04-06 22:03:29","2020-04-06 22:03:29",0,"[""tablet""]","[{""type"":""image_url"",""extension"":""webp"",""url"":""https://d2qjkwm11akmwu.cloudfront.net/products/466171_18-7-2023_17-9-38.webp""},{""type"":""image_url"",""extension"":""png"",""url"":""https://d2qjkwm11akmwu.cloudfront.net/products/466171_18-7-2023_17-9-38.png""},{""type"":""thumbnail_url"",""extension"":""png"",""url"":""https://d2qjkwm11akmwu.cloudfront.net/thumbnails/891806_18-7-2023_17-9-44.png""},{""type"":""thumbnail_url"",""extension"":""webp"",""url"":""https://d2qjkwm11akmwu.cloudfront.net/thumbnails/891806_18-7-2023_17-9-44.webp""}]",fc5adad6-30cb-4b4d-84f7-52bf4526f1db,0,1,0,0.00,0.00,,
57,"2023-04-10 09:33:07",Dev,"2024-08-13 11:32:00",CC Token,"6fd36e2b-15a0-40a9-b1ce-640a43cac06b","0",BISAGRATISONGKIR,37576,4812746,3360,"2023-04-03 13:00:00","2023-12-31 23:59:00",delayed_instant,"376708cf-e01e-4620-a5cf-54b9a1588316,1963798f-8e06-4aa0-bda9-eb794e85a3ee,b44c5b7e-b844-4105-acb8-858aaca5f8d8,49c1f3e0-4252-48c7-a007-8fd58e0fce42,217d7de6-0412-4ebc-96df-2d8cfddd99e0,59c8f490-a9f0-497f-97e5-a0b175c23168,7e56512f-c4ed-490b-be84-d2fd21b1180c,ed1ac092-8663-42e2-96d1-d2af62267ad4,a561bd82-f0ef-45dd-bb79-85c5b0f00fc2,ba7166a7-537a-4cfc-a27a-6642dd6764d8,07c03415-0d69-4c43-bc4a-d8a9ee0e3c7e,d7dbdc3c-0b3c-4be4-80eb-daad1e3dedd5,bfa2728f-1c97-4335-8547-1df04059a35b,de59f903-d42f-4640-92b5-0b8415bd7e1b,535d9556-fd19-468f-850b-5b01bff28c15,c1b2332b-644c-44a2-a878-0bf9c37e29b1,c21968b7-cc5a-43f8-8e33-552d89ce5846,ef63202b-ae39-4645-b570-c72ea02b7412,37eb40ff-cce3-4de6-b839-9cb5445a470f,74fcb9d1-a7b7-4672-ac7f-a1b62d8912a0,7976b31b-63fb-401e-87cc-c6e81ee7b5fd,2d190978-db01-4027-8b05-bb7e16aa524f,484583cd-a5cc-40c6-bf9d-31ca6038400a,eac848f9-b84c-44f8-85b7-faaa345a11e2",0.00,83,"2023-04-11 17:46:27",SELF,"2023-07-20 10:03:33",CC Token,update_status_coupon_end_time_task_id,"42069a29-a818-4d44-b79f-d352ac9de07f",57,37576,"2020-04-05 18:17:18",Dev,"2025-07-25 02:05:46",SELF,"29b635d1-404a-4733-8abf-670af0ae7a5d",426200.00,IDR,https://d2qjkwm11akmwu.cloudfront.net/products/279184_20-7-2023_10-3-13.png,74,"Informasi terlengkap tentang TENSIVASK 10 MG 30 TABLET - OBAT RUTIN. Komposisi, Fungsi, Kegunaan, Ulasan, Efek Samping, Indikasi, Aturan Pakai, dan Dosis.","20240813, QAT-1121, Obat rutin NCD, Routine medicines, [Hypertension] ||ETHICAL PRODUCT ||NCD ||T2K, ||T3K [[hargapastiobatrutin]] [[Gratis Ongkir]] [[bisagratisongkir]][[ncdgratisongkir]] [[bisagratisongkir]] [[pastigratisongkir]] [[orangtuasehat1]] [[obatrutingaspol]] [[hemborotc]]",Tensivask 10 mg 3 Strip (10 Tablet/Strip) - Obat Rutin,https://d2qjkwm11akmwu.cloudfront.net/thumbnails/353215_20-7-2023_10-3-30.png,medicine,b2c,1,active,452100.00,294500.00,0.00,285000.00,391900.00,0.09,0,"2020-04-06 22:03:59","2020-04-06 22:03:59",0,"[""tablet""]","[{""type"":""thumbnail_url"",""extension"":""webp"",""url"":""https://d2qjkwm11akmwu.cloudfront.net/thumbnails/353215_20-7-2023_10-3-30.webp""},{""type"":""image_url"",""extension"":""webp"",""url"":""https://d2qjkwm11akmwu.cloudfront.net/products/279184_20-7-2023_10-3-13.webp""},{""type"":""thumbnail_url"",""extension"":""png"",""url"":""https://d2qjkwm11akmwu.cloudfront.net/thumbnails/353215_20-7-2023_10-3-30.png""},{""type"":""image_url"",""extension"":""png"",""url"":""https://d2qjkwm11akmwu.cloudfront.net/products/279184_20-7-2023_10-3-13.png""}]","47a23845-1504-452a-8919-b2bebddeadcd",0,1,0,0.00,0.00,,
58,"2023-04-10 09:33:07",Dev,"2023-07-17 16:38:51",SELF,"5a85a76e-7dd9-4daa-8174-81506566c3d5","0",BISAGRATISONGKIR,45114,4812746,3360,"2023-04-03 13:00:00","2023-12-31 23:59:00",delayed_instant,"376708cf-e01e-4620-a5cf-54b9a1588316,b44c5b7e-b844-4105-acb8-858aaca5f8d8,49c1f3e0-4252-48c7-a007-8fd58e0fce42,ed1ac092-8663-42e2-96d1-d2af62267ad4,a561bd82-f0ef-45dd-bb79-85c5b0f00fc2,c1b2332b-644c-44a2-a878-0bf9c37e29b1,37eb40ff-cce3-4de6-b839-9cb5445a470f,74fcb9d1-a7b7-4672-ac7f-a1b62d8912a0,7976b31b-63fb-401e-87cc-c6e81ee7b5fd,484583cd-a5cc-40c6-bf9d-31ca6038400a,1963798f-8e06-4aa0-bda9-eb794e85a3ee,217d7de6-0412-4ebc-96df-2d8cfddd99e0,59c8f490-a9f0-497f-97e5-a0b175c23168,7e56512f-c4ed-490b-be84-d2fd21b1180c,ba7166a7-537a-4cfc-a27a-6642dd6764d8,07c03415-0d69-4c43-bc4a-d8a9ee0e3c7e,d7dbdc3c-0b3c-4be4-80eb-daad1e3dedd5,bfa2728f-1c97-4335-8547-1df04059a35b,de59f903-d42f-4640-92b5-0b8415bd7e1b,535d9556-fd19-468f-850b-5b01bff28c15,c21968b7-cc5a-43f8-8e33-552d89ce5846,ef63202b-ae39-4645-b570-c72ea02b7412,2d190978-db01-4027-8b05-bb7e16aa524f,eac848f9-b84c-44f8-85b7-faaa345a11e2",0.00,84,"2023-04-11 17:46:27",SELF,"2023-07-17 16:38:51",SELF,update_status_coupon_end_time_task_id,b92c3d66-13bf-414f-9ba8-a9ed8889a775,58,45114,"2020-11-18 14:00:14",Dev,"2025-07-25 02:12:38",SELF,bd04b413-8609-43f3-a650-12d379edebe1,386000.00,IDR,https://d2qjkwm11akmwu.cloudfront.net/products/813887_10-5-2023_10-3-30.png,196,"Temukan informasi lengkap Glucophage XR 500 mg 8 Strip (15 Tablet/Strip) - Obat Rutin di Halodoc. Beli Glucophage XR 500 mg 8 Strip (15 Tablet/Strip) - Obat Rutin 1 Jam Sampai, Dikirim dari Apotek Tepercaya, Buka 24 Jam*","20241101, Terapi, Sulfonilurea, Insulin, Glikemik, Diabetes, Originatory, Metformin 500, Obat Rutin, Routine Medicines-Diabetes-3MP [Diabetes] ||ETHICAL PRODUCT ||NCD [[pilihanobatdiabetes]] [[obatpilihanwdd2022]] ||T2K, ||T3K [[hargapastiobatrutin]] [[Gratis Ongkir]] [[bisagratisongkir]][[ncdgratisongkir]] [[bisagratisongkir]] [[pastigratisongkir]] [[orangtuasehat3]] [[obatrutingaspol]] [[hemborotc]] [[wdd2023]] [[diabeteshalodoc]]",Glucophage XR 500 mg 8 Strip (15 Tablet/Strip) - Obat Rutin,https://d2qjkwm11akmwu.cloudfront.net/thumbnails/114234_10-5-2023_10-3-41.png,medicine,b2c,1,active,447200.00,173600.00,0.01,168000.00,373600.00,0.09,0,,,,"[""tablet""]","[{""type"":""image_url"",""extension"":""png"",""url"":""https://d2qjkwm11akmwu.cloudfront.net/products/813887_10-5-2023_10-3-30.png""},{""type"":""thumbnail_url"",""extension"":""webp"",""url"":""https://d2qjkwm11akmwu.cloudfront.net/thumbnails/114234_10-5-2023_10-3-41.webp""},{""type"":""thumbnail_url"",""extension"":""png"",""url"":""https://d2qjkwm11akmwu.cloudfront.net/thumbnails/114234_10-5-2023_10-3-41.png""},{""type"":""image_url"",""extension"":""webp"",""url"":""https://d2qjkwm11akmwu.cloudfront.net/products/813887_10-5-2023_10-3-30.webp""}]","14d77ac2-a5fb-4e4b-b098-69b8efae04cd",0,1,0,0.00,0.00,,
59,"2023-04-10 09:33:07",Dev,"2025-03-04 14:32:31",CC Token,"84618ed6-d5e3-48a8-b655-ac5402297671","0",BISAGRATISONGKIR,37479,4812746,3360,"2023-04-03 13:00:00","2023-12-31 23:59:00",delayed_instant,"376708cf-e01e-4620-a5cf-54b9a1588316,1963798f-8e06-4aa0-bda9-eb794e85a3ee,b44c5b7e-b844-4105-acb8-858aaca5f8d8,49c1f3e0-4252-48c7-a007-8fd58e0fce42,217d7de6-0412-4ebc-96df-2d8cfddd99e0,59c8f490-a9f0-497f-97e5-a0b175c23168,7e56512f-c4ed-490b-be84-d2fd21b1180c,ed1ac092-8663-42e2-96d1-d2af62267ad4,a561bd82-f0ef-45dd-bb79-85c5b0f00fc2,ba7166a7-537a-4cfc-a27a-6642dd6764d8,07c03415-0d69-4c43-bc4a-d8a9ee0e3c7e,d7dbdc3c-0b3c-4be4-80eb-daad1e3dedd5,bfa2728f-1c97-4335-8547-1df04059a35b,de59f903-d42f-4640-92b5-0b8415bd7e1b,535d9556-fd19-468f-850b-5b01bff28c15,c1b2332b-644c-44a2-a878-0bf9c37e29b1,c21968b7-cc5a-43f8-8e33-552d89ce5846,ef63202b-ae39-4645-b570-c72ea02b7412,37eb40ff-cce3-4de6-b839-9cb5445a470f,74fcb9d1-a7b7-4672-ac7f-a1b62d8912a0,7976b31b-63fb-401e-87cc-c6e81ee7b5fd,2d190978-db01-4027-8b05-bb7e16aa524f,484583cd-a5cc-40c6-bf9d-31ca6038400a,eac848f9-b84c-44f8-85b7-faaa345a11e2",0.00,85,"2023-04-11 17:46:28",SELF,"2023-07-18 17:23:06",CC Token,update_status_coupon_end_time_task_id,"8fe1dc64-8425-46f3-9b22-f37bb1e6344c",59,37479,"2020-04-05 18:16:56",Dev,"2025-07-15 12:27:57",Dev,d42fa4c9-5f35-4ba1-82fd-e169dbd6432a,338600.00,IDR,https://d2qjkwm11akmwu.cloudfront.net/products/492393_18-7-2023_17-22-53.png,74,"Informasi terlengkap tentang DIOVAN 80 MG 28 TABLET - OBAT RUTIN. Komposisi, Fungsi, Kegunaan, Ulasan, Efek Samping, Indikasi, Aturan Pakai, dan Dosis.","20250715, QAT-1020, Obat rutin NCD, Routine medicines, [Hypertension] ||ETHICAL PRODUCT ||NCD ||T3K [[hargapastiobatrutin]] [[Gratis Ongkir]] [[bisagratisongkir]][[ncdgratisongkir]] [[bisagratisongkir]] [[pastigratisongkir]] [[obatrutingaspol]] [[hemborotc]]",Diovan 80 mg 2 Strip (14 Tablet/Strip) - Obat Rutin,https://d2qjkwm11akmwu.cloudfront.net/thumbnails/676387_18-7-2023_17-22-59.png,medicine,b2c,0,inactive,507000.00,270200.00,0.00,256300.00,366000.00,0.09,0,"2020-04-06 22:03:37","2020-04-06 22:03:37",0,"[""tablet""]","[{""type"":""thumbnail_url"",""extension"":""png"",""url"":""https://d2qjkwm11akmwu.cloudfront.net/thumbnails/676387_18-7-2023_17-22-59.png""},{""type"":""thumbnail_url"",""extension"":""webp"",""url"":""https://d2qjkwm11akmwu.cloudfront.net/thumbnails/676387_18-7-2023_17-22-59.webp""},{""type"":""image_url"",""extension"":""png"",""url"":""https://d2qjkwm11akmwu.cloudfront.net/products/492393_18-7-2023_17-22-53.png""},{""type"":""image_url"",""extension"":""webp"",""url"":""https://d2qjkwm11akmwu.cloudfront.net/products/492393_18-7-2023_17-22-53.webp""}]",,0,1,0,0.00,0.00,,
60,"2023-04-10 09:33:07",Dev,"2024-07-16 13:00:52",CC Token,"085ee907-e94e-436a-be08-fee610f1f86f","0",BISAGRATISONGKIR,37492,4812746,3360,"2023-04-03 13:00:00","2023-12-31 23:59:00",delayed_instant,"376708cf-e01e-4620-a5cf-54b9a1588316,1963798f-8e06-4aa0-bda9-eb794e85a3ee,b44c5b7e-b844-4105-acb8-858aaca5f8d8,49c1f3e0-4252-48c7-a007-8fd58e0fce42,217d7de6-0412-4ebc-96df-2d8cfddd99e0,59c8f490-a9f0-497f-97e5-a0b175c23168,7e56512f-c4ed-490b-be84-d2fd21b1180c,ed1ac092-8663-42e2-96d1-d2af62267ad4,a561bd82-f0ef-45dd-bb79-85c5b0f00fc2,ba7166a7-537a-4cfc-a27a-6642dd6764d8,07c03415-0d69-4c43-bc4a-d8a9ee0e3c7e,d7dbdc3c-0b3c-4be4-80eb-daad1e3dedd5,bfa2728f-1c97-4335-8547-1df04059a35b,de59f903-d42f-4640-92b5-0b8415bd7e1b,535d9556-fd19-468f-850b-5b01bff28c15,c1b2332b-644c-44a2-a878-0bf9c37e29b1,c21968b7-cc5a-43f8-8e33-552d89ce5846,ef63202b-ae39-4645-b570-c72ea02b7412,37eb40ff-cce3-4de6-b839-9cb5445a470f,74fcb9d1-a7b7-4672-ac7f-a1b62d8912a0,7976b31b-63fb-401e-87cc-c6e81ee7b5fd,2d190978-db01-4027-8b05-bb7e16aa524f,484583cd-a5cc-40c6-bf9d-31ca6038400a,eac848f9-b84c-44f8-85b7-faaa345a11e2",0.00,86,"2023-04-11 17:46:28",SELF,"2023-08-29 11:01:17",CC Token,update_status_coupon_end_time_task_id,"99ba7a95-35c6-48ec-9276-26672cc65737",60,37492,"2020-04-05 18:16:59",Dev,"2025-07-25 02:05:43",SELF,c301b7f7-20d9-4e3e-9481-56f585cb9dbd,320100.00,IDR,https://d2qjkwm11akmwu.cloudfront.net/products/862597_18-7-2023_17-43-41.png,218,"Temukan informasi lengkap Galvusmet 50 mg/500 mg 3 Strip (10 Tablet/Strip) - Obat Rutin di Halodoc. Beli Galvusmet 50 mg/500 mg 3 Strip (10 Tablet/Strip) - Obat Rutin 1 Jam Sampai, Dikirim dari Apotek Tepercaya, Buka 24 Jam*","20250715, Obat rutin NCD, Routine medicines, Subscription, Subscriptions, Langganan [Diabetes] [[diabetescarepage]] ||ETHICAL PRODUCT [[crmdiabetes]] ||NCD [[pilihanobatdiabetes]] [[obatpilihanwdd2022]] [[untukortu]] [[obatrutinharian]] ||T1K, ||T2K, ||T3K [[hargapastiobatrutin]] [[Gratis Ongkir]] [[bisagratisongkir]][[ncdgratisongkir]] [[bisagratisongkir]] [[pastigratisongkir]] [[orangtuasehat3]] [[obatrutingaspol]] [[hemborotc]] [[wdd2023]] [[diabeteshalodoc]]",Galvusmet 50 mg/500 mg 3 Strip (10 Tablet/Strip) - Obat Rutin,https://d2qjkwm11akmwu.cloudfront.net/thumbnails/152423_18-7-2023_17-43-46.png,medicine,b2c,1,active,347700.00,217900.00,0.02,210900.00,299600.00,0.09,0,"2020-04-06 22:03:41","2020-04-06 22:03:41",0,"[""tablet""]","[{""type"":""image_url"",""extension"":""webp"",""url"":""https://d2qjkwm11akmwu.cloudfront.net/products/862597_18-7-2023_17-43-41.webp""},{""type"":""thumbnail_url"",""extension"":""webp"",""url"":""https://d2qjkwm11akmwu.cloudfront.net/thumbnails/152423_18-7-2023_17-43-46.webp""},{""type"":""thumbnail_url"",""extension"":""png"",""url"":""https://d2qjkwm11akmwu.cloudfront.net/thumbnails/152423_18-7-2023_17-43-46.png""},{""type"":""image_url"",""extension"":""png"",""url"":""https://d2qjkwm11akmwu.cloudfront.net/products/862597_18-7-2023_17-43-41.png""}]",e575dcd3-6083-4723-a56c-c4c925c4ee3b,0,1,0,0.00,0.00,,
61,"2023-04-10 09:33:07",Dev,"2025-02-05 16:14:14",CC Token,"5fc47b8d-ff5e-4482-a463-3af07dca9355","0",BISAGRATISONGKIR,43233,4812746,3360,"2023-04-03 13:00:00","2023-12-31 23:59:00",delayed_instant,"376708cf-e01e-4620-a5cf-54b9a1588316,1963798f-8e06-4aa0-bda9-eb794e85a3ee,b44c5b7e-b844-4105-acb8-858aaca5f8d8,49c1f3e0-4252-48c7-a007-8fd58e0fce42,217d7de6-0412-4ebc-96df-2d8cfddd99e0,59c8f490-a9f0-497f-97e5-a0b175c23168,7e56512f-c4ed-490b-be84-d2fd21b1180c,ed1ac092-8663-42e2-96d1-d2af62267ad4,a561bd82-f0ef-45dd-bb79-85c5b0f00fc2,ba7166a7-537a-4cfc-a27a-6642dd6764d8,07c03415-0d69-4c43-bc4a-d8a9ee0e3c7e,d7dbdc3c-0b3c-4be4-80eb-daad1e3dedd5,bfa2728f-1c97-4335-8547-1df04059a35b,de59f903-d42f-4640-92b5-0b8415bd7e1b,535d9556-fd19-468f-850b-5b01bff28c15,c1b2332b-644c-44a2-a878-0bf9c37e29b1,c21968b7-cc5a-43f8-8e33-552d89ce5846,ef63202b-ae39-4645-b570-c72ea02b7412,37eb40ff-cce3-4de6-b839-9cb5445a470f,74fcb9d1-a7b7-4672-ac7f-a1b62d8912a0,7976b31b-63fb-401e-87cc-c6e81ee7b5fd,2d190978-db01-4027-8b05-bb7e16aa524f,484583cd-a5cc-40c6-bf9d-31ca6038400a,eac848f9-b84c-44f8-85b7-faaa345a11e2",0.00,87,"2023-04-11 17:46:28",SELF,"2023-07-20 10:25:24",CC Token,update_status_coupon_end_time_task_id,"2122a089-4842-48bf-a922-d54e877358d1",61,43233,"2020-08-18 10:48:31",Dev,"2025-07-25 02:11:50",SELF,f89430d5-28da-49c5-9634-4137a749ec4c,96200.00,IDR,https://d2qjkwm11akmwu.cloudfront.net/products/60130_20-7-2023_10-22-54.png,294,"Temukan informasi lengkap Tolak Angin Cair Plus Madu 2 Box (12 Sachet/Box) - Hemat Borongan di Halodoc. Beli Tolak Angin Cair Plus Madu 2 Box (12 Sachet/Box) - Hemat Borongan 1 Jam Sampai, Dikirim dari Apotek Tepercaya, Buka 24 Jam*","2024123120240123, QAT-1221, Lebih-Hemat, ||M4I [[vitamin1010]] ||T1K, ||T2K, ||T3K [[ramadansehat]] [[ramadanbugar]] [[Gratis Ongkir]] [[bisagratisongkir]] [[lebaranbugar]] [[antimabuk]][[mbjgratisongkir]] [[bisagratisongkir]] [[digestgratisongkir]] [[pastigratisongkir]] [[hemborotc]] [[hematherbalotc]] [[gaspolherbal]] [[halodocny]] [[hembor2024]][[puasamulut]], [[puasaherbal]], [[puasa2024]] [[annivherbal]], [[halodocherbal]] [[gaspolherbalmjb]] [[otc mual]] [[commonillness]] [[hmpvobat]] [[hdcoin]],[[puasahealth]] [[crmherbal]] [[gaspoliburan]]",Tolak Angin Cair Plus Madu 2 Box (12 Sachet/Box) - Hemat Borongan,https://d2qjkwm11akmwu.cloudfront.net/thumbnails/24426_20-7-2023_10-25-18.png,medicine,b2c,1,active,96400.00,96200.00,0.05,60100.00,96200.00,0.09,0,,,,"[""sachet"",""ml""]","[{""type"":""image_url"",""extension"":""webp"",""url"":""https://d2qjkwm11akmwu.cloudfront.net/products/60130_20-7-2023_10-22-54.webp""},{""type"":""thumbnail_url"",""extension"":""webp"",""url"":""https://d2qjkwm11akmwu.cloudfront.net/thumbnails/24426_20-7-2023_10-25-18.webp""},{""type"":""thumbnail_url"",""extension"":""png"",""url"":""https://d2qjkwm11akmwu.cloudfront.net/thumbnails/24426_20-7-2023_10-25-18.png""},{""type"":""image_url"",""extension"":""png"",""url"":""https://d2qjkwm11akmwu.cloudfront.net/products/60130_20-7-2023_10-22-54.png""}]","59c8d5cf-801f-426b-ad46-2dcc3bdc19aa",0,1,1,96200.00,88300.00,,
62,"2023-04-10 09:33:07",Dev,"2024-07-03 13:04:34",CC Token,"67ce003b-2eec-4ed8-961e-7b4fe6974c14","0",BISAGRATISONGKIR,43846,4812746,3360,"2023-04-03 13:00:00","2023-12-31 23:59:00",delayed_instant,"376708cf-e01e-4620-a5cf-54b9a1588316,1963798f-8e06-4aa0-bda9-eb794e85a3ee,b44c5b7e-b844-4105-acb8-858aaca5f8d8,49c1f3e0-4252-48c7-a007-8fd58e0fce42,217d7de6-0412-4ebc-96df-2d8cfddd99e0,59c8f490-a9f0-497f-97e5-a0b175c23168,7e56512f-c4ed-490b-be84-d2fd21b1180c,ed1ac092-8663-42e2-96d1-d2af62267ad4,a561bd82-f0ef-45dd-bb79-85c5b0f00fc2,ba7166a7-537a-4cfc-a27a-6642dd6764d8,07c03415-0d69-4c43-bc4a-d8a9ee0e3c7e,d7dbdc3c-0b3c-4be4-80eb-daad1e3dedd5,bfa2728f-1c97-4335-8547-1df04059a35b,de59f903-d42f-4640-92b5-0b8415bd7e1b,535d9556-fd19-468f-850b-5b01bff28c15,c1b2332b-644c-44a2-a878-0bf9c37e29b1,c21968b7-cc5a-43f8-8e33-552d89ce5846,ef63202b-ae39-4645-b570-c72ea02b7412,37eb40ff-cce3-4de6-b839-9cb5445a470f,74fcb9d1-a7b7-4672-ac7f-a1b62d8912a0,7976b31b-63fb-401e-87cc-c6e81ee7b5fd,2d190978-db01-4027-8b05-bb7e16aa524f,484583cd-a5cc-40c6-bf9d-31ca6038400a,eac848f9-b84c-44f8-85b7-faaa345a11e2",0.00,88,"2023-04-11 17:46:28",SELF,"2023-07-17 16:38:52",SELF,update_status_coupon_end_time_task_id,"1a2615b3-1044-4be4-968c-12c57f48eea3",62,43846,"2020-09-15 09:40:48",Dev,"2025-07-25 02:06:29",SELF,"48e09ff7-1f5c-4064-931b-df4a57127ca3",110600.00,IDR,https://d2qjkwm11akmwu.cloudfront.net/products/530791_4-5-2023_14-33-53.png,70,"Temukan informasi lengkap Sensitif Compact 2 Box - Hemat Borongan di Halodoc. Beli Sensitif Compact 2 Box - Hemat Borongan 1 Jam Sampai, Dikirim dari Apotek Tepercaya, Buka 24 Jam*","20250213,2024123120240806, QAT-1122, Lebih-Hemat ||M4I ||M4I [[hemborkontrasepsi]] ||T1K, ||T2K, ||T3K [[Gratis Ongkir]] [[bisagratisongkir]] [[digestgratisongkir]] [[bisagratisongkir]] [[mbjgratisongkir]] [[pastigratisongkir]] [[hembor2024]],Tespek",Sensitif Compact 2 Box - Hemat Borongan,https://d2qjkwm11akmwu.cloudfront.net/thumbnails/384040_4-5-2023_14-33-57.png,medicine,b2c,1,active,110600.00,110600.00,0.04,66000.00,110600.00,0.05,0,,,,"[""unit""]","[{""type"":""image_url"",""extension"":""png"",""url"":""https://d2qjkwm11akmwu.cloudfront.net/products/530791_4-5-2023_14-33-53.png""},{""type"":""image_url"",""extension"":""webp"",""url"":""https://d2qjkwm11akmwu.cloudfront.net/products/530791_4-5-2023_14-33-53.webp""},{""type"":""thumbnail_url"",""extension"":""png"",""url"":""https://d2qjkwm11akmwu.cloudfront.net/thumbnails/384040_4-5-2023_14-33-57.png""},{""type"":""thumbnail_url"",""extension"":""webp"",""url"":""https://d2qjkwm11akmwu.cloudfront.net/thumbnails/384040_4-5-2023_14-33-57.webp""}]","8d7a1283-1250-450e-8fb2-5015e3649995",0,1,1,110600.00,107300.00,,
63,"2023-04-10 09:33:07",Dev,"2025-04-10 15:08:56",CC Token,"59ea9ccc-08fc-49f4-9518-73c69f7bd7ff","0",BISAGRATISONGKIR,43947,4812746,3360,"2023-04-03 13:00:00","2023-12-31 23:59:00",delayed_instant,"376708cf-e01e-4620-a5cf-54b9a1588316,1963798f-8e06-4aa0-bda9-eb794e85a3ee,b44c5b7e-b844-4105-acb8-858aaca5f8d8,49c1f3e0-4252-48c7-a007-8fd58e0fce42,217d7de6-0412-4ebc-96df-2d8cfddd99e0,59c8f490-a9f0-497f-97e5-a0b175c23168,7e56512f-c4ed-490b-be84-d2fd21b1180c,ed1ac092-8663-42e2-96d1-d2af62267ad4,a561bd82-f0ef-45dd-bb79-85c5b0f00fc2,ba7166a7-537a-4cfc-a27a-6642dd6764d8,07c03415-0d69-4c43-bc4a-d8a9ee0e3c7e,d7dbdc3c-0b3c-4be4-80eb-daad1e3dedd5,bfa2728f-1c97-4335-8547-1df04059a35b,de59f903-d42f-4640-92b5-0b8415bd7e1b,535d9556-fd19-468f-850b-5b01bff28c15,c1b2332b-644c-44a2-a878-0bf9c37e29b1,c21968b7-cc5a-43f8-8e33-552d89ce5846,ef63202b-ae39-4645-b570-c72ea02b7412,37eb40ff-cce3-4de6-b839-9cb5445a470f,74fcb9d1-a7b7-4672-ac7f-a1b62d8912a0,7976b31b-63fb-401e-87cc-c6e81ee7b5fd,2d190978-db01-4027-8b05-bb7e16aa524f,484583cd-a5cc-40c6-bf9d-31ca6038400a,eac848f9-b84c-44f8-85b7-faaa345a11e2",0.00,89,"2023-04-11 17:46:28",SELF,"2023-08-22 11:59:51",CC Token,update_status_coupon_end_time_task_id,e81aa033-4381-4bd5-995a-8f4d42715e28,63,43947,"2020-09-29 12:36:59",Dev,"2025-07-25 02:06:28",SELF,"1941b0e3-7e4f-4dc4-8922-1700e5f9285f",122400.00,IDR,https://d2qjkwm11akmwu.cloudfront.net/products/367654_5-5-2023_17-54-11.jpeg,215,"Temukan informasi lengkap Obat Batuk Cap Ibu & Anak Sirup 150 ml 2 Botol - Hemat Borongan di Halodoc. Beli Obat Batuk Cap Ibu & Anak Sirup 150 ml 2 Botol - Hemat Borongan 1 Jam Sampai, Dikirim dari Apotek Tepercaya, Buka 24 Jam*","20250213,2024123120240424*",Obat Batuk Cap Ibu & Anak Sirup 150 ml 2 Botol - Hemat Borongan,https://d2qjkwm11akmwu.cloudfront.net/thumbnails/526806_5-5-2023_17-54-14.png,medicine,b2c,1,active,122400.00,122400.00,0.01,67400.00,122400.00,0.05,0,"2023-08-22 00:00:00","2023-08-31 00:00:00",0,"[""measuring_spoon_15ml"",""measuring_spoon_5ml"",""measuring_spoon_10ml"",""ml""]","[{""type"":""thumbnail_url"",""extension"":""webp"",""url"":""https://d2qjkwm11akmwu.cloudfront.net/thumbnails/526806_5-5-2023_17-54-14.webp""},{""type"":""image_url"",""extension"":""webp"",""url"":""https://d2qjkwm11akmwu.cloudfront.net/products/367654_5-5-2023_17-54-11.webp""},{""type"":""image_url"",""extension"":""jpeg"",""url"":""https://d2qjkwm11akmwu.cloudfront.net/products/367654_5-5-2023_17-54-11.jpeg""},{""type"":""thumbnail_url"",""extension"":""png"",""url"":""https://d2qjkwm11akmwu.cloudfront.net/thumbnails/526806_5-5-2023_17-54-14.png""}]","0b15d0b3-8992-418a-8d0a-7fc15ab692bd",0,1,1,122400.00,118800.00,,
64,"2023-04-10 09:33:08",Dev,"2024-07-03 13:03:25",CC Token,f059f016-152b-48a0-b0fa-c7f5309aba41,"0",BISAGRATISONGKIR,43319,4812746,3360,"2023-04-03 13:00:00","2023-12-31 23:59:00",delayed_instant,"376708cf-e01e-4620-a5cf-54b9a1588316,1963798f-8e06-4aa0-bda9-eb794e85a3ee,b44c5b7e-b844-4105-acb8-858aaca5f8d8,49c1f3e0-4252-48c7-a007-8fd58e0fce42,217d7de6-0412-4ebc-96df-2d8cfddd99e0,59c8f490-a9f0-497f-97e5-a0b175c23168,7e56512f-c4ed-490b-be84-d2fd21b1180c,ed1ac092-8663-42e2-96d1-d2af62267ad4,a561bd82-f0ef-45dd-bb79-85c5b0f00fc2,ba7166a7-537a-4cfc-a27a-6642dd6764d8,07c03415-0d69-4c43-bc4a-d8a9ee0e3c7e,d7dbdc3c-0b3c-4be4-80eb-daad1e3dedd5,bfa2728f-1c97-4335-8547-1df04059a35b,de59f903-d42f-4640-92b5-0b8415bd7e1b,535d9556-fd19-468f-850b-5b01bff28c15,c1b2332b-644c-44a2-a878-0bf9c37e29b1,c21968b7-cc5a-43f8-8e33-552d89ce5846,ef63202b-ae39-4645-b570-c72ea02b7412,37eb40ff-cce3-4de6-b839-9cb5445a470f,74fcb9d1-a7b7-4672-ac7f-a1b62d8912a0,7976b31b-63fb-401e-87cc-c6e81ee7b5fd,2d190978-db01-4027-8b05-bb7e16aa524f,484583cd-a5cc-40c6-bf9d-31ca6038400a,eac848f9-b84c-44f8-85b7-faaa345a11e2",0.00,90,"2023-04-11 17:46:28",SELF,"2023-07-17 16:38:52",SELF,update_status_coupon_end_time_task_id,"674acc7b-cecb-49df-8e4b-e3382f03bc08",64,43319,"2020-08-18 10:48:57",Dev,"2025-07-25 02:06:20",SELF,"131d1cdf-b6fd-49ce-b1f7-50372bee35b2",391600.00,IDR,https://d2qjkwm11akmwu.cloudfront.net/products/557316_5-5-2023_19-31-39.jpeg,293,"Temukan informasi lengkap Ardium 500 mg 2 Blister (15 Tablet/Blister) - Hemat Borongan di Halodoc. Beli Ardium 500 mg 2 Blister (15 Tablet/Blister) - Hemat Borongan 1 Jam Sampai, Dikirim dari Apotek Tepercaya, Buka 24 Jam*","20250107,20240703* [[halodocherbal]] [[gaspolpencernaan]] [[otc sembelit]],[[puasapencernaan]]",Ardium 500 mg 2 Blister (15 Tablet/Blister) - Hemat Borongan,https://d2qjkwm11akmwu.cloudfront.net/thumbnails/225459_5-5-2023_19-31-42.png,medicine,b2c,1,active,334800.00,243400.00,0.01,196000.00,328500.00,0.05,0,,,,"[""tablet""]","[{""type"":""image_url"",""extension"":""jpeg"",""url"":""https://d2qjkwm11akmwu.cloudfront.net/products/557316_5-5-2023_19-31-39.jpeg""},{""type"":""thumbnail_url"",""extension"":""png"",""url"":""https://d2qjkwm11akmwu.cloudfront.net/thumbnails/225459_5-5-2023_19-31-42.png""},{""type"":""thumbnail_url"",""extension"":""webp"",""url"":""https://d2qjkwm11akmwu.cloudfront.net/thumbnails/225459_5-5-2023_19-31-42.webp""},{""type"":""image_url"",""extension"":""webp"",""url"":""https://d2qjkwm11akmwu.cloudfront.net/products/557316_5-5-2023_19-31-39.webp""}]","7a0b3c69-6f52-4cf6-9446-e10aa0671b61",0,1,0,0.00,0.00,,
65,"2023-04-10 09:33:08",Dev,"2024-07-03 13:03:55",CC Token,ab64d517-b2c8-4189-a6e4-216ac547a765,"0",BISAGRATISONGKIR,43294,4812746,3360,"2023-04-03 13:00:00","2023-12-31 23:59:00",delayed_instant,"376708cf-e01e-4620-a5cf-54b9a1588316,1963798f-8e06-4aa0-bda9-eb794e85a3ee,b44c5b7e-b844-4105-acb8-858aaca5f8d8,49c1f3e0-4252-48c7-a007-8fd58e0fce42,217d7de6-0412-4ebc-96df-2d8cfddd99e0,59c8f490-a9f0-497f-97e5-a0b175c23168,7e56512f-c4ed-490b-be84-d2fd21b1180c,ed1ac092-8663-42e2-96d1-d2af62267ad4,a561bd82-f0ef-45dd-bb79-85c5b0f00fc2,ba7166a7-537a-4cfc-a27a-6642dd6764d8,07c03415-0d69-4c43-bc4a-d8a9ee0e3c7e,d7dbdc3c-0b3c-4be4-80eb-daad1e3dedd5,bfa2728f-1c97-4335-8547-1df04059a35b,de59f903-d42f-4640-92b5-0b8415bd7e1b,535d9556-fd19-468f-850b-5b01bff28c15,c1b2332b-644c-44a2-a878-0bf9c37e29b1,c21968b7-cc5a-43f8-8e33-552d89ce5846,ef63202b-ae39-4645-b570-c72ea02b7412,37eb40ff-cce3-4de6-b839-9cb5445a470f,74fcb9d1-a7b7-4672-ac7f-a1b62d8912a0,7976b31b-63fb-401e-87cc-c6e81ee7b5fd,2d190978-db01-4027-8b05-bb7e16aa524f,484583cd-a5cc-40c6-bf9d-31ca6038400a,eac848f9-b84c-44f8-85b7-faaa345a11e2",0.00,91,"2023-04-11 17:46:29",SELF,"2023-07-25 10:37:16",CC Token,update_status_coupon_end_time_task_id,"85b4db54-29e7-480f-8bed-36e49ef9b624",65,43294,"2020-08-18 10:48:49",Dev,"2025-07-25 02:06:18",SELF,"48e3f813-75e4-4b89-97f2-82ffd565e77d",314000.00,IDR,https://d2qjkwm11akmwu.cloudfront.net/products/874706_5-5-2023_17-58-47.jpeg,71,"Temukan informasi lengkap Silex Sirup 100 ml 2 Botol - Hemat Borongan di Halodoc. Beli Silex Sirup 100 ml 2 Botol - Hemat Borongan 1 Jam Sampai, Dikirim dari Apotek Tepercaya, Buka 24 Jam*","2024123120240806* [[gaspolispa]]",Silex Sirup 100 ml 2 Botol - Hemat Borongan,https://d2qjkwm11akmwu.cloudfront.net/thumbnails/407513_5-5-2023_17-59-0.png,medicine,b2c,1,active,159800.00,153300.00,0.02,93600.00,159800.00,0.05,0,"2024-09-25 00:00:00","2024-10-24 00:00:00",0,"[""measuring_spoon_10ml"",""ml"",""measuring_spoon_5ml"",""measuring_spoon_15ml""]","[{""type"":""image_url"",""extension"":""jpeg"",""url"":""https://d2qjkwm11akmwu.cloudfront.net/products/874706_5-5-2023_17-58-47.jpeg""},{""type"":""thumbnail_url"",""extension"":""png"",""url"":""https://d2qjkwm11akmwu.cloudfront.net/thumbnails/407513_5-5-2023_17-59-0.png""},{""type"":""image_url"",""extension"":""webp"",""url"":""https://d2qjkwm11akmwu.cloudfront.net/products/874706_5-5-2023_17-58-47.webp""},{""type"":""thumbnail_url"",""extension"":""webp"",""url"":""https://d2qjkwm11akmwu.cloudfront.net/thumbnails/407513_5-5-2023_17-59-0.webp""}]","161316bb-8515-422d-9a81-d6fa70e9435f",0,1,0,0.00,0.00,,
66,"2023-04-10 09:33:08",Dev,"2023-07-17 16:38:52",SELF,"63201b02-4418-4679-91a9-3f6e4f02c9e4","0",BISAGRATISONGKIR,43236,4812746,3360,"2023-04-03 13:00:00","2023-12-31 23:59:00",delayed_instant,"376708cf-e01e-4620-a5cf-54b9a1588316,b44c5b7e-b844-4105-acb8-858aaca5f8d8,49c1f3e0-4252-48c7-a007-8fd58e0fce42,ed1ac092-8663-42e2-96d1-d2af62267ad4,a561bd82-f0ef-45dd-bb79-85c5b0f00fc2,c1b2332b-644c-44a2-a878-0bf9c37e29b1,37eb40ff-cce3-4de6-b839-9cb5445a470f,74fcb9d1-a7b7-4672-ac7f-a1b62d8912a0,7976b31b-63fb-401e-87cc-c6e81ee7b5fd,484583cd-a5cc-40c6-bf9d-31ca6038400a,1963798f-8e06-4aa0-bda9-eb794e85a3ee,217d7de6-0412-4ebc-96df-2d8cfddd99e0,59c8f490-a9f0-497f-97e5-a0b175c23168,7e56512f-c4ed-490b-be84-d2fd21b1180c,ba7166a7-537a-4cfc-a27a-6642dd6764d8,07c03415-0d69-4c43-bc4a-d8a9ee0e3c7e,d7dbdc3c-0b3c-4be4-80eb-daad1e3dedd5,bfa2728f-1c97-4335-8547-1df04059a35b,de59f903-d42f-4640-92b5-0b8415bd7e1b,535d9556-fd19-468f-850b-5b01bff28c15,c21968b7-cc5a-43f8-8e33-552d89ce5846,ef63202b-ae39-4645-b570-c72ea02b7412,2d190978-db01-4027-8b05-bb7e16aa524f,eac848f9-b84c-44f8-85b7-faaa345a11e2",0.00,92,"2023-04-11 17:46:29",SELF,"2023-10-10 10:57:27",CC Token,update_status_coupon_end_time_task_id,df99ab2d-859e-4dcb-8adf-29d6ce6dfdfe,66,43236,"2020-08-18 10:48:32",Dev,"2025-07-25 02:11:51",SELF,"2c0f20de-f27b-4474-86a9-09c1f0834dbb",126900.00,IDR,https://d2qjkwm11akmwu.cloudfront.net/products/213994_20-7-2023_10-29-20.png,74,"Temukan informasi lengkap Vometa FT 10 mg 2 Strip (10 Tablet/Strip) - Hemat Borongan di Halodoc. Beli Vometa FT 10 mg 2 Strip (10 Tablet/Strip) - Hemat Borongan 1 Jam Sampai, Dikirim dari Apotek Tepercaya, Buka 24 Jam*","20250429, QAT-1221, Lebih-Hemat, ||M4I ||ETHICAL PRODUCT ||T2K, ||T3K [[Gratis Ongkir]] [[bisagratisongkir]][[digestgratisongkir]] [[bisagratisongkir]] [[pastigratisongkir]] [[hemborotc]] [[halodocny]] [[hembor2025]]",Vometa FT 10 mg 2 Strip (10 Tablet/Strip) - Hemat Borongan,https://d2qjkwm11akmwu.cloudfront.net/thumbnails/679963_20-7-2023_10-29-32.png,medicine,b2c,1,active,142200.00,126900.00,0.02,71000.00,126900.00,0.05,1,"2023-10-10 00:00:00","2023-10-17 00:00:00",0,"[""tablet""]","[{""type"":""thumbnail_url"",""extension"":""png"",""url"":""https://d2qjkwm11akmwu.cloudfront.net/thumbnails/679963_20-7-2023_10-29-32.png""},{""type"":""image_url"",""extension"":""png"",""url"":""https://d2qjkwm11akmwu.cloudfront.net/products/213994_20-7-2023_10-29-20.png""},{""type"":""image_url"",""extension"":""webp"",""url"":""https://d2qjkwm11akmwu.cloudfront.net/products/213994_20-7-2023_10-29-20.webp""},{""type"":""thumbnail_url"",""extension"":""webp"",""url"":""https://d2qjkwm11akmwu.cloudfront.net/thumbnails/679963_20-7-2023_10-29-32.webp""}]",ca7293ef-8490-428d-8756-c537e5aa454c,0,1,1,126900.00,120500.00,,
67,"2023-04-10 09:33:08",Dev,"2023-07-17 16:38:52",SELF,"7d5f9c63-bba8-4375-b4db-e4efa1a94732","0",BISAGRATISONGKIR,43433,4812746,3360,"2023-04-03 13:00:00","2023-12-31 23:59:00",delayed_instant,"376708cf-e01e-4620-a5cf-54b9a1588316,b44c5b7e-b844-4105-acb8-858aaca5f8d8,49c1f3e0-4252-48c7-a007-8fd58e0fce42,ed1ac092-8663-42e2-96d1-d2af62267ad4,a561bd82-f0ef-45dd-bb79-85c5b0f00fc2,c1b2332b-644c-44a2-a878-0bf9c37e29b1,37eb40ff-cce3-4de6-b839-9cb5445a470f,74fcb9d1-a7b7-4672-ac7f-a1b62d8912a0,7976b31b-63fb-401e-87cc-c6e81ee7b5fd,484583cd-a5cc-40c6-bf9d-31ca6038400a,1963798f-8e06-4aa0-bda9-eb794e85a3ee,217d7de6-0412-4ebc-96df-2d8cfddd99e0,59c8f490-a9f0-497f-97e5-a0b175c23168,7e56512f-c4ed-490b-be84-d2fd21b1180c,ba7166a7-537a-4cfc-a27a-6642dd6764d8,07c03415-0d69-4c43-bc4a-d8a9ee0e3c7e,d7dbdc3c-0b3c-4be4-80eb-daad1e3dedd5,bfa2728f-1c97-4335-8547-1df04059a35b,de59f903-d42f-4640-92b5-0b8415bd7e1b,535d9556-fd19-468f-850b-5b01bff28c15,c21968b7-cc5a-43f8-8e33-552d89ce5846,ef63202b-ae39-4645-b570-c72ea02b7412,2d190978-db01-4027-8b05-bb7e16aa524f,eac848f9-b84c-44f8-85b7-faaa345a11e2",0.00,93,"2023-04-11 17:46:29",SELF,"2023-07-17 16:38:53",SELF,update_status_coupon_end_time_task_id,"17847588-eaed-47b2-906d-b6b4173c30ee",67,43433,"2020-08-18 10:49:29",Dev,"2025-07-25 02:06:22",SELF,"34dec407-64c0-4248-8cf8-fd4b637196d7",223000.00,IDR,https://d2qjkwm11akmwu.cloudfront.net/products/573864_5-5-2023_18-44-49.jpeg,218,"Informasi terlengkap tentang Voltaren Emulgel 20 g 2 Tube - Hemat Borongan . Komposisi, Fungsi, Kegunaan, Ulasan, Efek Samping, Indikasi, Aturan Pakai, dan Dosis.","20250429, Lebih-Hemat [[musclebonejoint]] ||T3K [[Gratis Ongkir]] [[bisagratisongkir]] [[pegaljadihilangmei]] [[mbjhemborjune]][[mbjgratisongkir]] [[bisagratisongkir]] [[pastigratisongkir]] [[hemborotc]] [[hematherbalotc]] [[gaspolherbalmjb]]",Voltaren Emulgel 20 g 2 Tube - Hemat Borongan,https://d2qjkwm11akmwu.cloudfront.net/thumbnails/343666_5-5-2023_18-44-56.png,medicine,b2c,1,active,250200.00,203000.00,0.00,138100.00,223000.00,0.05,0,,,,"[""rub""]","[{""type"":""image_url"",""extension"":""webp"",""url"":""https://d2qjkwm11akmwu.cloudfront.net/products/573864_5-5-2023_18-44-49.webp""},{""type"":""thumbnail_url"",""extension"":""webp"",""url"":""https://d2qjkwm11akmwu.cloudfront.net/thumbnails/343666_5-5-2023_18-44-56.webp""},{""type"":""thumbnail_url"",""extension"":""png"",""url"":""https://d2qjkwm11akmwu.cloudfront.net/thumbnails/343666_5-5-2023_18-44-56.png""},{""type"":""image_url"",""extension"":""jpeg"",""url"":""https://d2qjkwm11akmwu.cloudfront.net/products/573864_5-5-2023_18-44-49.jpeg""}]","33287b0e-209e-407d-810c-d43653a5e7c1",0,1,1,223000.00,211800.00,,
68,"2023-04-10 09:33:08",Dev,"2024-12-10 15:12:35",CC Token,fd003a9d-50c5-4444-b9eb-1b624bfaf37f,"0",BISAGRATISONGKIR,43251,4812746,3360,"2023-04-03 13:00:00","2023-12-31 23:59:00",delayed_instant,"376708cf-e01e-4620-a5cf-54b9a1588316,1963798f-8e06-4aa0-bda9-eb794e85a3ee,b44c5b7e-b844-4105-acb8-858aaca5f8d8,49c1f3e0-4252-48c7-a007-8fd58e0fce42,217d7de6-0412-4ebc-96df-2d8cfddd99e0,59c8f490-a9f0-497f-97e5-a0b175c23168,7e56512f-c4ed-490b-be84-d2fd21b1180c,ed1ac092-8663-42e2-96d1-d2af62267ad4,a561bd82-f0ef-45dd-bb79-85c5b0f00fc2,ba7166a7-537a-4cfc-a27a-6642dd6764d8,07c03415-0d69-4c43-bc4a-d8a9ee0e3c7e,d7dbdc3c-0b3c-4be4-80eb-daad1e3dedd5,bfa2728f-1c97-4335-8547-1df04059a35b,de59f903-d42f-4640-92b5-0b8415bd7e1b,535d9556-fd19-468f-850b-5b01bff28c15,c1b2332b-644c-44a2-a878-0bf9c37e29b1,c21968b7-cc5a-43f8-8e33-552d89ce5846,ef63202b-ae39-4645-b570-c72ea02b7412,37eb40ff-cce3-4de6-b839-9cb5445a470f,74fcb9d1-a7b7-4672-ac7f-a1b62d8912a0,7976b31b-63fb-401e-87cc-c6e81ee7b5fd,2d190978-db01-4027-8b05-bb7e16aa524f,484583cd-a5cc-40c6-bf9d-31ca6038400a,eac848f9-b84c-44f8-85b7-faaa345a11e2",0.00,94,"2023-04-11 17:46:29",SELF,"2023-07-20 10:33:56",CC Token,update_status_coupon_end_time_task_id,cc39daae-0304-4d6a-a256-77c8f941dafb,68,43251,"2020-08-18 10:48:36",Dev,"2025-07-25 02:11:52",SELF,ec8d51da-1375-41dc-8924-d45006bfdb92,147300.00,IDR,https://d2qjkwm11akmwu.cloudfront.net/products/519524_20-7-2023_10-33-42.png,341,"Temukan informasi lengkap Thrombophob Gel 20 g 2 Tube - Hemat Borongan di Halodoc. Beli Thrombophob Gel 20 g 2 Tube - Hemat Borongan 1 Jam Sampai, Dikirim dari Apotek Tepercaya, Buka 24 Jam*","20250429, OWA4, Lebih-Hemat, ||M4I ||T2K, ||T3K [[Gratis Ongkir]] [[bisagratisongkir]][[mbjgratisongkir]] [[bisagratisongkir]] [[digestgratisongkir]] [[pastigratisongkir]] [[hemborotc]] [[hematherbalotc]] [[hembor2025]] [[gaspolkulit]] [[jamurkulit]]",Thrombophob Gel 20 g 2 Tube - Hemat Borongan,https://d2qjkwm11akmwu.cloudfront.net/thumbnails/894653_20-7-2023_10-33-53.png,medicine,b2c,1,active,170600.00,147300.00,0.01,84700.00,147300.00,0.05,0,,,,"[""rub""]","[{""type"":""thumbnail_url"",""extension"":""png"",""url"":""https://d2qjkwm11akmwu.cloudfront.net/thumbnails/894653_20-7-2023_10-33-53.png""},{""type"":""image_url"",""extension"":""png"",""url"":""https://d2qjkwm11akmwu.cloudfront.net/products/519524_20-7-2023_10-33-42.png""},{""type"":""thumbnail_url"",""extension"":""webp"",""url"":""https://d2qjkwm11akmwu.cloudfront.net/thumbnails/894653_20-7-2023_10-33-53.webp""},{""type"":""image_url"",""extension"":""webp"",""url"":""https://d2qjkwm11akmwu.cloudfront.net/products/519524_20-7-2023_10-33-42.webp""}]",d332cc22-61a3-454b-bfda-fed72f507788,0,1,1,147300.00,139900.00,,
69,"2023-04-10 09:33:08",Dev,"2023-07-17 16:38:53",SELF,"68e9dbf7-f491-435b-ab6a-3b4e48c0568c","0",BISAGRATISONGKIR,43847,4812746,3360,"2023-04-03 13:00:00","2023-12-31 23:59:00",delayed_instant,"376708cf-e01e-4620-a5cf-54b9a1588316,b44c5b7e-b844-4105-acb8-858aaca5f8d8,49c1f3e0-4252-48c7-a007-8fd58e0fce42,ed1ac092-8663-42e2-96d1-d2af62267ad4,a561bd82-f0ef-45dd-bb79-85c5b0f00fc2,c1b2332b-644c-44a2-a878-0bf9c37e29b1,37eb40ff-cce3-4de6-b839-9cb5445a470f,74fcb9d1-a7b7-4672-ac7f-a1b62d8912a0,7976b31b-63fb-401e-87cc-c6e81ee7b5fd,484583cd-a5cc-40c6-bf9d-31ca6038400a,1963798f-8e06-4aa0-bda9-eb794e85a3ee,217d7de6-0412-4ebc-96df-2d8cfddd99e0,59c8f490-a9f0-497f-97e5-a0b175c23168,7e56512f-c4ed-490b-be84-d2fd21b1180c,ba7166a7-537a-4cfc-a27a-6642dd6764d8,07c03415-0d69-4c43-bc4a-d8a9ee0e3c7e,d7dbdc3c-0b3c-4be4-80eb-daad1e3dedd5,bfa2728f-1c97-4335-8547-1df04059a35b,de59f903-d42f-4640-92b5-0b8415bd7e1b,535d9556-fd19-468f-850b-5b01bff28c15,c21968b7-cc5a-43f8-8e33-552d89ce5846,ef63202b-ae39-4645-b570-c72ea02b7412,2d190978-db01-4027-8b05-bb7e16aa524f,eac848f9-b84c-44f8-85b7-faaa345a11e2",0.00,95,"2023-04-11 17:46:29",SELF,"2023-10-10 10:56:10",CC Token,update_status_coupon_end_time_task_id,"77352250-5167-41a8-8dcf-d3800cbccc61",69,43847,"2020-09-15 09:40:49",Dev,"2025-07-25 02:06:29",SELF,"95097002-701b-47e5-b429-b0433d7ebf25",60500.00,IDR,https://d2qjkwm11akmwu.cloudfront.net/products/749470_4-5-2023_14-36-0.png,70,"Temukan informasi lengkap Sensitif Strip UC (Plus Wadah Urine) 2 Box - Hemat Borongan di Halodoc. Beli Sensitif Strip UC (Plus Wadah Urine) 2 Box - Hemat Borongan 1 Jam Sampai, Dikirim dari Apotek Tepercaya, Buka 24 Jam*","20250213,2024123120210312, QAT-1122, Lebih-Hemat ||M4I [[hemborkontrasepsi]] ||T1K, ||T2K, ||T3K [[Gratis Ongkir]] [[bisagratisongkir]] [[mbjgratisongkir]] [[bisagratisongkir]] [[digestgratisongkir]] [[pastigratisongkir]] [[hembor2024]],Tespek",Sensitif Strip UC (Plus Wadah Urine) 2 Box - Hemat Borongan,https://d2qjkwm11akmwu.cloudfront.net/thumbnails/240437_4-5-2023_14-36-2.png,medicine,b2c,1,active,60500.00,60500.00,0.03,36000.00,60500.00,0.05,1,"2023-10-10 00:00:00","2023-10-17 00:00:00",0,"[""unit""]","[{""type"":""thumbnail_url"",""extension"":""png"",""url"":""https://d2qjkwm11akmwu.cloudfront.net/thumbnails/240437_4-5-2023_14-36-2.png""},{""type"":""thumbnail_url"",""extension"":""webp"",""url"":""https://d2qjkwm11akmwu.cloudfront.net/thumbnails/240437_4-5-2023_14-36-2.webp""},{""type"":""image_url"",""extension"":""png"",""url"":""https://d2qjkwm11akmwu.cloudfront.net/products/749470_4-5-2023_14-36-0.png""},{""type"":""image_url"",""extension"":""webp"",""url"":""https://d2qjkwm11akmwu.cloudfront.net/products/749470_4-5-2023_14-36-0.webp""}]","3053405c-67e9-4869-805d-0ed579dcdc84",0,1,1,60500.00,58700.00,,
70,"2023-04-10 09:33:08",Dev,"2023-07-13 18:15:14",SELF,"0e720317-0b00-4351-afc0-94fedf345b3f","0",BISAGRATISONGKIR,43368,4812746,3360,"2023-04-03 13:00:00","2023-12-31 23:59:00",delayed_instant,"376708cf-e01e-4620-a5cf-54b9a1588316,b44c5b7e-b844-4105-acb8-858aaca5f8d8,49c1f3e0-4252-48c7-a007-8fd58e0fce42,ed1ac092-8663-42e2-96d1-d2af62267ad4,a561bd82-f0ef-45dd-bb79-85c5b0f00fc2,c1b2332b-644c-44a2-a878-0bf9c37e29b1,37eb40ff-cce3-4de6-b839-9cb5445a470f,74fcb9d1-a7b7-4672-ac7f-a1b62d8912a0,7976b31b-63fb-401e-87cc-c6e81ee7b5fd,484583cd-a5cc-40c6-bf9d-31ca6038400a,1963798f-8e06-4aa0-bda9-eb794e85a3ee,217d7de6-0412-4ebc-96df-2d8cfddd99e0,59c8f490-a9f0-497f-97e5-a0b175c23168,7e56512f-c4ed-490b-be84-d2fd21b1180c,ba7166a7-537a-4cfc-a27a-6642dd6764d8,07c03415-0d69-4c43-bc4a-d8a9ee0e3c7e,d7dbdc3c-0b3c-4be4-80eb-daad1e3dedd5,bfa2728f-1c97-4335-8547-1df04059a35b,de59f903-d42f-4640-92b5-0b8415bd7e1b,535d9556-fd19-468f-850b-5b01bff28c15,c21968b7-cc5a-43f8-8e33-552d89ce5846,ef63202b-ae39-4645-b570-c72ea02b7412,2d190978-db01-4027-8b05-bb7e16aa524f,eac848f9-b84c-44f8-85b7-faaa345a11e2",0.00,96,"2023-04-11 17:46:29",SELF,"2023-07-17 16:38:53",SELF,update_status_coupon_end_time_task_id,"66afecea-c066-4cde-8d1f-58adf0ef2520",70,43368,"2020-08-18 10:49:10",Dev,"2025-07-25 02:11:54",SELF,e2330484-88c1-4421-b908-89537a7ab118,59000.00,IDR,https://d2qjkwm11akmwu.cloudfront.net/products/238344_4-5-2023_14-33-27.png,245,"Temukan informasi lengkap Proris Suspensi 60 ml 2 Botol - Hemat Borongan di Halodoc. Beli Proris Suspensi 60 ml 2 Botol - Hemat Borongan 1 Jam Sampai, Dikirim dari Apotek Tepercaya, Buka 24 Jam*","20250429, QAT-1122, Lebih-Hemat ||VerifiedKemenkes ||verifiedkemenkes-sirupdemam [[hematborongan]] ||T2K, ||T3K [[Gratis Ongkir]] [[bisagratisongkir]] [[hematherbalotc]] [[obatsirup]][[puasasakitkepala]] [[gaspoldemam]]",Proris Suspensi 60 ml 2 Botol - Hemat Borongan,https://d2qjkwm11akmwu.cloudfront.net/thumbnails/731971_4-5-2023_14-33-30.png,medicine,b2c,1,active,66000.00,59000.00,0.01,45300.00,59000.00,0.05,0,,,,"[""ml"",""measuring_spoon_10ml"",""measuring_spoon_15ml"",""measuring_spoon_5ml""]","[{""type"":""thumbnail_url"",""extension"":""webp"",""url"":""https://d2qjkwm11akmwu.cloudfront.net/thumbnails/731971_4-5-2023_14-33-30.webp""},{""type"":""thumbnail_url"",""extension"":""png"",""url"":""https://d2qjkwm11akmwu.cloudfront.net/thumbnails/731971_4-5-2023_14-33-30.png""},{""type"":""image_url"",""extension"":""png"",""url"":""https://d2qjkwm11akmwu.cloudfront.net/products/238344_4-5-2023_14-33-27.png""},{""type"":""image_url"",""extension"":""webp"",""url"":""https://d2qjkwm11akmwu.cloudfront.net/products/238344_4-5-2023_14-33-27.webp""}]","06123587-bf9b-4063-9b73-d7efacf4bf33",0,1,1,59000.00,56000.00,,
71,"2023-04-10 09:33:09",Dev,"2023-07-17 16:38:53",SELF,"3b81bf6b-4cab-4ee3-a569-ca9f36a4dc40","0",BISAGRATISONGKIR,43688,4812746,3360,"2023-04-03 13:00:00","2023-12-31 23:59:00",delayed_instant,"376708cf-e01e-4620-a5cf-54b9a1588316,b44c5b7e-b844-4105-acb8-858aaca5f8d8,49c1f3e0-4252-48c7-a007-8fd58e0fce42,ed1ac092-8663-42e2-96d1-d2af62267ad4,a561bd82-f0ef-45dd-bb79-85c5b0f00fc2,c1b2332b-644c-44a2-a878-0bf9c37e29b1,37eb40ff-cce3-4de6-b839-9cb5445a470f,74fcb9d1-a7b7-4672-ac7f-a1b62d8912a0,7976b31b-63fb-401e-87cc-c6e81ee7b5fd,484583cd-a5cc-40c6-bf9d-31ca6038400a,1963798f-8e06-4aa0-bda9-eb794e85a3ee,217d7de6-0412-4ebc-96df-2d8cfddd99e0,59c8f490-a9f0-497f-97e5-a0b175c23168,7e56512f-c4ed-490b-be84-d2fd21b1180c,ba7166a7-537a-4cfc-a27a-6642dd6764d8,07c03415-0d69-4c43-bc4a-d8a9ee0e3c7e,d7dbdc3c-0b3c-4be4-80eb-daad1e3dedd5,bfa2728f-1c97-4335-8547-1df04059a35b,de59f903-d42f-4640-92b5-0b8415bd7e1b,535d9556-fd19-468f-850b-5b01bff28c15,c21968b7-cc5a-43f8-8e33-552d89ce5846,ef63202b-ae39-4645-b570-c72ea02b7412,2d190978-db01-4027-8b05-bb7e16aa524f,eac848f9-b84c-44f8-85b7-faaa345a11e2",0.00,97,"2023-04-11 17:46:29",SELF,"2023-10-10 10:57:55",CC Token,update_status_coupon_end_time_task_id,"0c322cc6-2f9f-4c6f-81ba-f71775e076f8",71,43688,"2020-08-28 11:03:50",Dev,"2025-07-25 02:06:26",SELF,"80cddab5-aff6-4a4a-921f-14c729b2a968",59400.00,IDR,https://d2qjkwm11akmwu.cloudfront.net/products/443782_5-5-2023_18-11-59.jpeg,190,"Temukan informasi lengkap Ambeven 3 Blister (10 Kapsul/Blister) - Hemat Borongan di Halodoc. Beli Ambeven 3 Blister (10 Kapsul/Blister) - Hemat Borongan 1 Jam Sampai, Dikirim dari Apotek Tepercaya, Buka 24 Jam*","2024123120210901, QAT-1221, Lebih-Hemat, [[hematborongan]] ||T2K, ||T3K [[sehatramadan]] [[ramadansehat]] [[pencernaanlancar]] [[Konstipasi]] [[Gratis Ongkir]] [[bisagratisongkir]][[digestgratisongkir]] [[bisagratisongkir]] [[pastigratisongkir]] [[hemborotc]] [[hematherbalotc]] [[hkn2023]] [[halodocny]] [[hembor2024]][[puasapencernaan]], [[puasa2024]] [[annivherbal]] [[gaspolherbalmjb]] [[otc sembelit]]",Ambeven 3 Blister (10 Kapsul/Blister) - Hemat Borongan,https://d2qjkwm11akmwu.cloudfront.net/thumbnails/858333_5-5-2023_18-12-3.png,medicine,b2c,1,active,56100.00,42400.00,0.02,39600.00,56100.00,0.05,1,"2023-10-10 00:00:00","2023-10-17 00:00:00",0,"[""capsules""]","[{""type"":""image_url"",""extension"":""jpeg"",""url"":""https://d2qjkwm11akmwu.cloudfront.net/products/443782_5-5-2023_18-11-59.jpeg""},{""type"":""thumbnail_url"",""extension"":""png"",""url"":""https://d2qjkwm11akmwu.cloudfront.net/thumbnails/858333_5-5-2023_18-12-3.png""},{""type"":""image_url"",""extension"":""webp"",""url"":""https://d2qjkwm11akmwu.cloudfront.net/products/443782_5-5-2023_18-11-59.webp""},{""type"":""thumbnail_url"",""extension"":""webp"",""url"":""https://d2qjkwm11akmwu.cloudfront.net/thumbnails/858333_5-5-2023_18-12-3.webp""}]","425c0cf1-b546-4e69-885c-84872714141b",0,1,0,0.00,0.00,,
72,"2023-04-10 09:33:09",Dev,"2024-12-09 12:05:48",CC Token,e1b67b5d-1d8b-4f3d-91af-bc419d44bee5,"0",BISAGRATISONGKIR,44517,4812746,3360,"2023-04-03 13:00:00","2023-12-31 23:59:00",delayed_instant,"376708cf-e01e-4620-a5cf-54b9a1588316,1963798f-8e06-4aa0-bda9-eb794e85a3ee,b44c5b7e-b844-4105-acb8-858aaca5f8d8,49c1f3e0-4252-48c7-a007-8fd58e0fce42,217d7de6-0412-4ebc-96df-2d8cfddd99e0,59c8f490-a9f0-497f-97e5-a0b175c23168,7e56512f-c4ed-490b-be84-d2fd21b1180c,ed1ac092-8663-42e2-96d1-d2af62267ad4,a561bd82-f0ef-45dd-bb79-85c5b0f00fc2,ba7166a7-537a-4cfc-a27a-6642dd6764d8,07c03415-0d69-4c43-bc4a-d8a9ee0e3c7e,d7dbdc3c-0b3c-4be4-80eb-daad1e3dedd5,bfa2728f-1c97-4335-8547-1df04059a35b,de59f903-d42f-4640-92b5-0b8415bd7e1b,535d9556-fd19-468f-850b-5b01bff28c15,c1b2332b-644c-44a2-a878-0bf9c37e29b1,c21968b7-cc5a-43f8-8e33-552d89ce5846,ef63202b-ae39-4645-b570-c72ea02b7412,37eb40ff-cce3-4de6-b839-9cb5445a470f,74fcb9d1-a7b7-4672-ac7f-a1b62d8912a0,7976b31b-63fb-401e-87cc-c6e81ee7b5fd,2d190978-db01-4027-8b05-bb7e16aa524f,484583cd-a5cc-40c6-bf9d-31ca6038400a,eac848f9-b84c-44f8-85b7-faaa345a11e2",0.00,98,"2023-04-11 17:46:29",SELF,"2023-07-17 16:38:54",SELF,update_status_coupon_end_time_task_id,"1601cea9-2270-4e76-83c5-bc5edd8339a8",72,44517,"2020-10-28 14:52:49",Dev,"2025-07-25 02:06:41",SELF,"05886d76-28e5-4115-97f0-b3f1b7d8a3e5",64400.00,IDR,https://d2qjkwm11akmwu.cloudfront.net/products/693881_4-5-2023_14-37-8.png,251,"Temukan informasi lengkap Vicks Formula 44 Sirup 100 ml 2 Botol - Hemat Borongan di Halodoc. Beli Vicks Formula 44 Sirup 100 ml 2 Botol - Hemat Borongan 1 Jam Sampai, Dikirim dari Apotek Tepercaya, Buka 24 Jam*","20250429, QAT-1122, Lebih-Hemat [[gaspolrxncdmei]] ||VerifiedKemenkes ||verifiedkemenkes-sirupbatukflu ||T2K, ||T3K [[Gratis Ongkir]] [[bisagratisongkir]] [[hemborotc]] [[hematherbalotc]] [[obatsirup]] [[gaspolflubatuk]] [[puasaflubatuk]] [[Prekursor atau OOT]], Batuk, Pilek, Flu, Tenggorokan Gatal,[[hdpuasadewasa]] [[Vicks F44 Adult]] [[Halopng]] [[vicksf44adult]]",Vicks Formula 44 Sirup 100 ml 2 Botol - Hemat Borongan,https://d2qjkwm11akmwu.cloudfront.net/thumbnails/162431_4-5-2023_14-37-11.png,medicine,b2c,1,active,75800.00,64400.00,0.01,34000.00,64400.00,0.05,0,,,,"[""ml"",""measuring_spoon_5ml"",""measuring_spoon_10ml"",""measuring_spoon_15ml""]","[{""type"":""image_url"",""extension"":""webp"",""url"":""https://d2qjkwm11akmwu.cloudfront.net/products/693881_4-5-2023_14-37-8.webp""},{""type"":""thumbnail_url"",""extension"":""webp"",""url"":""https://d2qjkwm11akmwu.cloudfront.net/thumbnails/162431_4-5-2023_14-37-11.webp""},{""type"":""thumbnail_url"",""extension"":""png"",""url"":""https://d2qjkwm11akmwu.cloudfront.net/thumbnails/162431_4-5-2023_14-37-11.png""},{""type"":""image_url"",""extension"":""png"",""url"":""https://d2qjkwm11akmwu.cloudfront.net/products/693881_4-5-2023_14-37-8.png""}]",fa6931a2-506b-4a32-9d93-dd4bb0d61f3b,0,1,1,64400.00,61100.00,,
73,"2023-04-10 09:33:09",Dev,"2025-07-24 13:56:01",CC Token,"28578595-8b5b-48fc-8625-071682d8d259","0",BISAGRATISONGKIR,44500,4812746,3360,"2023-04-03 13:00:00","2023-12-31 23:59:00",delayed_instant,"376708cf-e01e-4620-a5cf-54b9a1588316,1963798f-8e06-4aa0-bda9-eb794e85a3ee,b44c5b7e-b844-4105-acb8-858aaca5f8d8,49c1f3e0-4252-48c7-a007-8fd58e0fce42,217d7de6-0412-4ebc-96df-2d8cfddd99e0,59c8f490-a9f0-497f-97e5-a0b175c23168,7e56512f-c4ed-490b-be84-d2fd21b1180c,ed1ac092-8663-42e2-96d1-d2af62267ad4,a561bd82-f0ef-45dd-bb79-85c5b0f00fc2,ba7166a7-537a-4cfc-a27a-6642dd6764d8,07c03415-0d69-4c43-bc4a-d8a9ee0e3c7e,d7dbdc3c-0b3c-4be4-80eb-daad1e3dedd5,bfa2728f-1c97-4335-8547-1df04059a35b,de59f903-d42f-4640-92b5-0b8415bd7e1b,535d9556-fd19-468f-850b-5b01bff28c15,c1b2332b-644c-44a2-a878-0bf9c37e29b1,c21968b7-cc5a-43f8-8e33-552d89ce5846,ef63202b-ae39-4645-b570-c72ea02b7412,37eb40ff-cce3-4de6-b839-9cb5445a470f,74fcb9d1-a7b7-4672-ac7f-a1b62d8912a0,7976b31b-63fb-401e-87cc-c6e81ee7b5fd,2d190978-db01-4027-8b05-bb7e16aa524f,484583cd-a5cc-40c6-bf9d-31ca6038400a,eac848f9-b84c-44f8-85b7-faaa345a11e2",0.00,99,"2023-04-11 17:46:30",SELF,"2023-07-17 16:38:54",SELF,update_status_coupon_end_time_task_id,"8b8f8f41-c549-4268-a2ef-460afec36b65",73,44500,"2020-10-28 14:52:44",Dev,"2025-07-25 02:06:40",SELF,"3db78670-8a94-4acd-8e9a-2fea726a1147",91200.00,IDR,https://d2qjkwm11akmwu.cloudfront.net/products/628104_5-5-2023_19-52-39.jpeg,2,"Temukan informasi lengkap Pedialyte Original 500 ml 2 Botol - Hemat Borongan di Halodoc. Beli Pedialyte Original 500 ml 2 Botol - Hemat Borongan 1 Jam Sampai, Dikirim dari Apotek Tepercaya, Buka 24 Jam*","20250429, QAT-1122, Lebih-Hemat ||M4I ||T2K, ||T3K [[sehatramadan]] [[ramadansehat]] [[antidiare]] [[Diare]] [[Gratis Ongkir]] [[bisagratisongkir]] [[lebaranbugar]] [[hemborotc]] [[hematherbalotc]] [[obatsirup]] [[hembor2025]][[puasapencernaan]], [[puasa2025]] [[gaspolpencernaan]],[[puasapencernaan]] [[diarehalodoc]] [[pedialyteelektrolit]]",Pedialyte Original 500 ml 2 Botol - Hemat Borongan,https://d2qjkwm11akmwu.cloudfront.net/thumbnails/464624_5-5-2023_19-52-42.png,medicine,b2c,1,active,102200.00,91200.00,0.01,60536.00,91200.00,0.05,0,,,,"[""cup"",""ml""]","[{""type"":""image_url"",""extension"":""jpeg"",""url"":""https://d2qjkwm11akmwu.cloudfront.net/products/628104_5-5-2023_19-52-39.jpeg""},{""type"":""thumbnail_url"",""extension"":""webp"",""url"":""https://d2qjkwm11akmwu.cloudfront.net/thumbnails/464624_5-5-2023_19-52-42.webp""},{""type"":""thumbnail_url"",""extension"":""png"",""url"":""https://d2qjkwm11akmwu.cloudfront.net/thumbnails/464624_5-5-2023_19-52-42.png""},{""type"":""image_url"",""extension"":""webp"",""url"":""https://d2qjkwm11akmwu.cloudfront.net/products/628104_5-5-2023_19-52-39.webp""}]","9339f50e-4f9d-4202-9be0-cd7af772001e",0,1,1,91200.00,86600.00,,
74,"2023-04-10 09:33:09",Dev,"2023-07-17 16:38:54",SELF,"1d68c771-71f7-42f4-b426-7170ddb71a4b","0",BISAGRATISONGKIR,43683,4812746,3360,"2023-04-03 13:00:00","2023-12-31 23:59:00",delayed_instant,"376708cf-e01e-4620-a5cf-54b9a1588316,b44c5b7e-b844-4105-acb8-858aaca5f8d8,49c1f3e0-4252-48c7-a007-8fd58e0fce42,ed1ac092-8663-42e2-96d1-d2af62267ad4,a561bd82-f0ef-45dd-bb79-85c5b0f00fc2,c1b2332b-644c-44a2-a878-0bf9c37e29b1,37eb40ff-cce3-4de6-b839-9cb5445a470f,74fcb9d1-a7b7-4672-ac7f-a1b62d8912a0,7976b31b-63fb-401e-87cc-c6e81ee7b5fd,484583cd-a5cc-40c6-bf9d-31ca6038400a,1963798f-8e06-4aa0-bda9-eb794e85a3ee,217d7de6-0412-4ebc-96df-2d8cfddd99e0,59c8f490-a9f0-497f-97e5-a0b175c23168,7e56512f-c4ed-490b-be84-d2fd21b1180c,ba7166a7-537a-4cfc-a27a-6642dd6764d8,07c03415-0d69-4c43-bc4a-d8a9ee0e3c7e,d7dbdc3c-0b3c-4be4-80eb-daad1e3dedd5,bfa2728f-1c97-4335-8547-1df04059a35b,de59f903-d42f-4640-92b5-0b8415bd7e1b,535d9556-fd19-468f-850b-5b01bff28c15,c21968b7-cc5a-43f8-8e33-552d89ce5846,ef63202b-ae39-4645-b570-c72ea02b7412,2d190978-db01-4027-8b05-bb7e16aa524f,eac848f9-b84c-44f8-85b7-faaa345a11e2",0.00,100,"2023-04-11 17:46:30",SELF,"2023-07-17 16:38:54",SELF,update_status_coupon_end_time_task_id,c2d8d716-6e1b-4851-82a7-80a0f4507ab1,74,43683,"2020-08-28 11:03:49",Dev,"2025-07-25 02:06:26",SELF,"370ddc53-45ac-43d4-bd64-8fe35ee4a6cb",157800.00,IDR,https://d2qjkwm11akmwu.cloudfront.net/products/249229_8-5-2023_12-0-1.png,274,"Informasi terlengkap tentang Cerini 10 mg 30 Kaplet - Hemat Borongan . Komposisi, Fungsi, Kegunaan, Ulasan, Efek Samping, Indikasi, Aturan Pakai, dan Dosis.","20220208, Lebih Hemat ||M4I ||ETHICAL PRODUCT, OW4 ||T3K [[Gratis Ongkir]] [[bisagratisongkir]][[digestgratisongkir]] [[bisagratisongkir]] [[mbjgratisongkir]] [[pastigratisongkir]] [[hemborotc]]",Cerini 10 mg 3 Strip (10 Kaplet/Strip) - Hemat Borongan,https://d2qjkwm11akmwu.cloudfront.net/thumbnails/790752_8-5-2023_12-0-8.png,medicine,b2c,1,active,157800.00,125800.00,0.01,87800.00,133000.00,0.05,0,,,,"[""tablet""]","[{""type"":""image_url"",""extension"":""png"",""url"":""https://d2qjkwm11akmwu.cloudfront.net/products/249229_8-5-2023_12-0-1.png""},{""type"":""image_url"",""extension"":""webp"",""url"":""https://d2qjkwm11akmwu.cloudfront.net/products/249229_8-5-2023_12-0-1.webp""},{""type"":""thumbnail_url"",""extension"":""png"",""url"":""https://d2qjkwm11akmwu.cloudfront.net/thumbnails/790752_8-5-2023_12-0-8.png""},{""type"":""thumbnail_url"",""extension"":""webp"",""url"":""https://d2qjkwm11akmwu.cloudfront.net/thumbnails/790752_8-5-2023_12-0-8.webp""}]",be37cde6-b6d4-4728-9da5-9359e9548197,0,1,0,0.00,0.00,,
75,"2023-04-10 09:33:09",Dev,"2023-07-17 16:38:54",SELF,f24ba860-d346-4a34-a214-843ec7396aed,"0",BISAGRATISONGKIR,66380,4812746,3360,"2023-04-03 13:00:00","2023-12-31 23:59:00",delayed_instant,"376708cf-e01e-4620-a5cf-54b9a1588316,b44c5b7e-b844-4105-acb8-858aaca5f8d8,49c1f3e0-4252-48c7-a007-8fd58e0fce42,ed1ac092-8663-42e2-96d1-d2af62267ad4,a561bd82-f0ef-45dd-bb79-85c5b0f00fc2,c1b2332b-644c-44a2-a878-0bf9c37e29b1,37eb40ff-cce3-4de6-b839-9cb5445a470f,74fcb9d1-a7b7-4672-ac7f-a1b62d8912a0,7976b31b-63fb-401e-87cc-c6e81ee7b5fd,484583cd-a5cc-40c6-bf9d-31ca6038400a,1963798f-8e06-4aa0-bda9-eb794e85a3ee,217d7de6-0412-4ebc-96df-2d8cfddd99e0,59c8f490-a9f0-497f-97e5-a0b175c23168,7e56512f-c4ed-490b-be84-d2fd21b1180c,ba7166a7-537a-4cfc-a27a-6642dd6764d8,07c03415-0d69-4c43-bc4a-d8a9ee0e3c7e,d7dbdc3c-0b3c-4be4-80eb-daad1e3dedd5,bfa2728f-1c97-4335-8547-1df04059a35b,de59f903-d42f-4640-92b5-0b8415bd7e1b,535d9556-fd19-468f-850b-5b01bff28c15,c21968b7-cc5a-43f8-8e33-552d89ce5846,ef63202b-ae39-4645-b570-c72ea02b7412,2d190978-db01-4027-8b05-bb7e16aa524f,eac848f9-b84c-44f8-85b7-faaa345a11e2",0.00,101,"2023-04-11 17:46:30",SELF,"2023-11-03 16:32:39",CC Token,update_status_coupon_end_time_task_id,b13a469c-b8a4-4477-8595-f99bab24acdd,75,66380,"2022-06-07 17:08:29",Dev,"2025-07-25 02:10:08",SELF,ba2cb562-bc3d-4270-8015-2cca47120015,81000.00,IDR,https://d2qjkwm11akmwu.cloudfront.net/products/641055_5-5-2023_19-1-41.jpeg,294,"Temukan informasi lengkap Tolak Angin Anak Cair Plus Madu Anak 10 ml 2 Box (12 Sachet/Box) - Hemat Borongan di Halodoc. Beli Tolak Angin Anak Cair Plus Madu Anak 10 ml 2 Box (12 Sachet/Box) - Hemat Borongan 1 Jam Sampai, Dikirim dari Apotek Tepercaya, Buka 24 Jam*","2024123120220627*, masuk angin, herbal, branded, tolak angin anak, tolak angin, cengkeh, jahe ||T2K, ||T3K [[ramadansehat]] [[ramadanbugar]] [[Gratis Ongkir]] [[bisagratisongkir]] [[lebaranbugar]] [[antimabuk]] [[digestgratisongkir]] [[bisagratisongkir]] [[mbjgratisongkir]] [[pastigratisongkir]] [[hematherbalotc]] [[hkn2023]] [[gaspolherbal]] [[hembor2024]] [[puasamulut]], [[puasaherbal]], [[puasa2024]],Obat Mual [[annivherbal]], [[halodocherbal]]",Tolak Angin Anak Cair Plus Madu Anak 10 ml 2 Box (12 Sachet/Box) - Hemat Borongan,https://d2qjkwm11akmwu.cloudfront.net/thumbnails/604202_5-5-2023_19-1-44.png,medicine,b2c,1,active,69900.00,54000.00,0.01,48200.00,74100.00,0.10,1,"2023-11-03 00:00:00","2023-11-20 00:00:00",0,"[""ampule"",""measuring_spoon"",""measuring_spoon_10ml"",""drops"",""capsules"",""micrograms"",""patch"",""syringe"",""suppository"",""cup"",""bottle"",""rub"",""ml"",""table_spoon"",""measuring_spoon_15ml"",""sachet"",""spray"",""pill"",""tablet"",""sheets"",""unit"",""milligrams"",""tube"",""ovula"",""measuring_spoon_5ml""]","[{""type"":""image_url"",""extension"":""jpeg"",""url"":""https://d2qjkwm11akmwu.cloudfront.net/products/641055_5-5-2023_19-1-41.jpeg""},{""type"":""thumbnail_url"",""extension"":""png"",""url"":""https://d2qjkwm11akmwu.cloudfront.net/thumbnails/604202_5-5-2023_19-1-44.png""},{""type"":""thumbnail_url"",""extension"":""webp"",""url"":""https://d2qjkwm11akmwu.cloudfront.net/thumbnails/604202_5-5-2023_19-1-44.webp""},{""type"":""image_url"",""extension"":""webp"",""url"":""https://d2qjkwm11akmwu.cloudfront.net/products/641055_5-5-2023_19-1-41.webp""}]","6ed16b80-8b65-4f76-97e3-06fab9515457",0,1,0,0.00,0.00,,
76,"2023-04-10 09:33:09",Dev,"2023-07-17 16:38:54",SELF,f4830cfe-d40f-4b6e-b8e4-2f37d7bea7fc,"0",BISAGRATISONGKIR,43285,4812746,3360,"2023-04-03 13:00:00","2023-12-31 23:59:00",delayed_instant,"376708cf-e01e-4620-a5cf-54b9a1588316,b44c5b7e-b844-4105-acb8-858aaca5f8d8,49c1f3e0-4252-48c7-a007-8fd58e0fce42,ed1ac092-8663-42e2-96d1-d2af62267ad4,a561bd82-f0ef-45dd-bb79-85c5b0f00fc2,c1b2332b-644c-44a2-a878-0bf9c37e29b1,37eb40ff-cce3-4de6-b839-9cb5445a470f,74fcb9d1-a7b7-4672-ac7f-a1b62d8912a0,7976b31b-63fb-401e-87cc-c6e81ee7b5fd,484583cd-a5cc-40c6-bf9d-31ca6038400a,1963798f-8e06-4aa0-bda9-eb794e85a3ee,217d7de6-0412-4ebc-96df-2d8cfddd99e0,59c8f490-a9f0-497f-97e5-a0b175c23168,7e56512f-c4ed-490b-be84-d2fd21b1180c,ba7166a7-537a-4cfc-a27a-6642dd6764d8,07c03415-0d69-4c43-bc4a-d8a9ee0e3c7e,d7dbdc3c-0b3c-4be4-80eb-daad1e3dedd5,bfa2728f-1c97-4335-8547-1df04059a35b,de59f903-d42f-4640-92b5-0b8415bd7e1b,535d9556-fd19-468f-850b-5b01bff28c15,c21968b7-cc5a-43f8-8e33-552d89ce5846,ef63202b-ae39-4645-b570-c72ea02b7412,2d190978-db01-4027-8b05-bb7e16aa524f,eac848f9-b84c-44f8-85b7-faaa345a11e2",0.00,102,"2023-04-11 17:46:30",SELF,"2023-10-03 13:03:13",CC Token,update_status_coupon_end_time_task_id,"9dd6f9af-67b2-41d6-971f-533884337f54",76,43285,"2020-08-18 10:48:46",Dev,"2025-07-25 02:06:18",SELF,f687cd15-ac4f-43bf-ac40-7e486b0d8c2c,61600.00,IDR,https://d2qjkwm11akmwu.cloudfront.net/products/326941_20-7-2023_10-55-44.png,83,"Temukan informasi lengkap Norit 3 Botol (40 Tablet/Botol) - Hemat Borongan di Halodoc. Beli Norit 3 Botol (40 Tablet/Botol) - Hemat Borongan 1 Jam Sampai, Dikirim dari Apotek Tepercaya, Buka 24 Jam*","2024123120210901, QAT-1221, Lebih-Hemat [[hematborongan]] ||T1K, ||T2K, ||T3K [[ramadansehat]] [[antidiare]] [[Diare]] [[Gratis Ongkir]] [[bisagratisongkir]] [[bisagratisongkir]] [[digestgratisongkir]] [[pastigratisongkir]] [[hematherbalotc]] [[halodocny]] [[hembor2024]] [[puasapencernaan]], [[puasa2024]],Obat Diare [[annivherbal]] [[gaspolherbalmjb]] [[iduladha]],[[puasapencernaan]] [[diarehalodoc]]",Norit 3 Botol (40 Tablet/Botol) - Hemat Borongan,https://d2qjkwm11akmwu.cloudfront.net/thumbnails/554657_20-7-2023_10-57-25.png,medicine,b2c,1,active,55600.00,44400.00,0.03,39500.00,56400.00,0.05,1,"2023-10-03 00:00:00","2023-10-10 00:00:00",0,"[""tablet""]","[{""type"":""thumbnail_url"",""extension"":""webp"",""url"":""https://d2qjkwm11akmwu.cloudfront.net/thumbnails/554657_20-7-2023_10-57-25.webp""},{""type"":""thumbnail_url"",""extension"":""png"",""url"":""https://d2qjkwm11akmwu.cloudfront.net/thumbnails/554657_20-7-2023_10-57-25.png""},{""type"":""image_url"",""extension"":""webp"",""url"":""https://d2qjkwm11akmwu.cloudfront.net/products/326941_20-7-2023_10-55-44.webp""},{""type"":""image_url"",""extension"":""png"",""url"":""https://d2qjkwm11akmwu.cloudfront.net/products/326941_20-7-2023_10-55-44.png""}]",e78c8550-1a42-4ee5-86a3-1a15b7e9871a,0,1,0,0.00,0.00,,
77,"2023-04-10 09:33:09",Dev,"2023-07-17 16:38:55",SELF,b1857e75-ff4e-47cc-916b-03efc3c316a7,"0",BISAGRATISONGKIR,43244,4812746,3360,"2023-04-03 13:00:00","2023-12-31 23:59:00",delayed_instant,"376708cf-e01e-4620-a5cf-54b9a1588316,b44c5b7e-b844-4105-acb8-858aaca5f8d8,49c1f3e0-4252-48c7-a007-8fd58e0fce42,ed1ac092-8663-42e2-96d1-d2af62267ad4,a561bd82-f0ef-45dd-bb79-85c5b0f00fc2,c1b2332b-644c-44a2-a878-0bf9c37e29b1,37eb40ff-cce3-4de6-b839-9cb5445a470f,74fcb9d1-a7b7-4672-ac7f-a1b62d8912a0,7976b31b-63fb-401e-87cc-c6e81ee7b5fd,484583cd-a5cc-40c6-bf9d-31ca6038400a,1963798f-8e06-4aa0-bda9-eb794e85a3ee,217d7de6-0412-4ebc-96df-2d8cfddd99e0,59c8f490-a9f0-497f-97e5-a0b175c23168,7e56512f-c4ed-490b-be84-d2fd21b1180c,ba7166a7-537a-4cfc-a27a-6642dd6764d8,07c03415-0d69-4c43-bc4a-d8a9ee0e3c7e,d7dbdc3c-0b3c-4be4-80eb-daad1e3dedd5,bfa2728f-1c97-4335-8547-1df04059a35b,de59f903-d42f-4640-92b5-0b8415bd7e1b,535d9556-fd19-468f-850b-5b01bff28c15,c21968b7-cc5a-43f8-8e33-552d89ce5846,ef63202b-ae39-4645-b570-c72ea02b7412,2d190978-db01-4027-8b05-bb7e16aa524f,eac848f9-b84c-44f8-85b7-faaa345a11e2",0.00,103,"2023-04-11 17:46:30",SELF,"2023-08-09 14:07:12",CC Token,update_status_coupon_end_time_task_id,d898fce9-a107-46e4-9425-2570fb4bd9de,77,43244,"2020-08-18 10:48:34",Dev,"2025-07-25 02:11:51",SELF,fca49971-9f54-4f99-8488-bce6975622da,66400.00,IDR,https://d2qjkwm11akmwu.cloudfront.net/products/409269_20-7-2023_10-30-55.png,41,"Temukan informasi lengkap Dulcolax 5 mg 3 Strip (10 Tablet/Strip) - Hemat Borongan di Halodoc. Beli Dulcolax 5 mg 3 Strip (10 Tablet/Strip) - Hemat Borongan 1 Jam Sampai, Dikirim dari Apotek Tepercaya, Buka 24 Jam*","20250429, QAT-0123, Lebih-Hemat, [[pakaidulcolax]] [[hematborongan]] ||T1K, ||T2K, ||T3K [[sehatramadan]] [[pencernaanlancar]] [[ramadansehat]] [[digestivecare]] [[Konstipasi]] [[Gratis Ongkir]] [[bisagratisongkir]][[digestgratisongkir]] [[bisagratisongkir]] [[pastigratisongkir]] [[hemborotc]] [[hematherbalotc]] [[halodocny]] [[hembor2025]][[puasapencernaan]], [[puasa2025]] [[gaspolpencernaan]] [[otc sembelit]] [[iduladha]],[[puasapencernaan]] [[konstipasihalodoc]]",Dulcolax 5 mg 3 Strip (10 Tablet/Strip) - Hemat Borongan,https://d2qjkwm11akmwu.cloudfront.net/thumbnails/560969_20-7-2023_10-31-24.png,medicine,b2c,1,active,74400.00,66400.00,0.03,41500.00,66400.00,0.05,0,"2023-08-08 00:00:00","2023-08-15 00:00:00",0,"[""tablet""]","[{""type"":""thumbnail_url"",""extension"":""png"",""url"":""https://d2qjkwm11akmwu.cloudfront.net/thumbnails/560969_20-7-2023_10-31-24.png""},{""type"":""image_url"",""extension"":""webp"",""url"":""https://d2qjkwm11akmwu.cloudfront.net/products/409269_20-7-2023_10-30-55.webp""},{""type"":""thumbnail_url"",""extension"":""webp"",""url"":""https://d2qjkwm11akmwu.cloudfront.net/thumbnails/560969_20-7-2023_10-31-24.webp""},{""type"":""image_url"",""extension"":""png"",""url"":""https://d2qjkwm11akmwu.cloudfront.net/products/409269_20-7-2023_10-30-55.png""}]","42fda3f8-5f03-4331-a7ce-87876c8436de",0,1,1,66400.00,63000.00,,
78,"2023-04-10 09:33:09",Dev,"2023-07-17 16:38:55",SELF,dc4f79e7-f819-40c6-a898-522b9dcccc72,"0",BISAGRATISONGKIR,43660,4812746,3360,"2023-04-03 13:00:00","2023-12-31 23:59:00",delayed_instant,"376708cf-e01e-4620-a5cf-54b9a1588316,b44c5b7e-b844-4105-acb8-858aaca5f8d8,49c1f3e0-4252-48c7-a007-8fd58e0fce42,ed1ac092-8663-42e2-96d1-d2af62267ad4,a561bd82-f0ef-45dd-bb79-85c5b0f00fc2,c1b2332b-644c-44a2-a878-0bf9c37e29b1,37eb40ff-cce3-4de6-b839-9cb5445a470f,74fcb9d1-a7b7-4672-ac7f-a1b62d8912a0,7976b31b-63fb-401e-87cc-c6e81ee7b5fd,484583cd-a5cc-40c6-bf9d-31ca6038400a,1963798f-8e06-4aa0-bda9-eb794e85a3ee,217d7de6-0412-4ebc-96df-2d8cfddd99e0,59c8f490-a9f0-497f-97e5-a0b175c23168,7e56512f-c4ed-490b-be84-d2fd21b1180c,ba7166a7-537a-4cfc-a27a-6642dd6764d8,07c03415-0d69-4c43-bc4a-d8a9ee0e3c7e,d7dbdc3c-0b3c-4be4-80eb-daad1e3dedd5,bfa2728f-1c97-4335-8547-1df04059a35b,de59f903-d42f-4640-92b5-0b8415bd7e1b,535d9556-fd19-468f-850b-5b01bff28c15,c21968b7-cc5a-43f8-8e33-552d89ce5846,ef63202b-ae39-4645-b570-c72ea02b7412,2d190978-db01-4027-8b05-bb7e16aa524f,eac848f9-b84c-44f8-85b7-faaa345a11e2",0.00,104,"2023-04-11 17:46:31",SELF,"2023-07-17 16:38:55",SELF,update_status_coupon_end_time_task_id,"832fcadc-2d0e-4e69-9c3e-eb1c2e20144c",78,43660,"2020-08-28 11:03:42",Dev,"2025-07-25 02:06:25",SELF,"8aefd9a3-fca2-47e6-9176-b1c32d65e4e6",291300.00,IDR,https://d2qjkwm11akmwu.cloudfront.net/products/307451_5-5-2023_19-56-18.png,875,"Informasi terlengkap tentang Lameson 8 mg 30 Tablet - Hemat Borongan . Komposisi, Fungsi, Kegunaan, Ulasan, Efek Samping, Indikasi, Aturan Pakai, dan Dosis.","20220331, QAT-1121, Lebih Hemat ||M4I ||ETHICAL PRODUCT ||T3K [[Gratis Ongkir]] [[bisagratisongkir]][[bisagratisongkir]] [[mbjgratisongkir]] [[digestgratisongkir]] [[pastigratisongkir]] [[hemborotc]]",Lameson 8 mg 3 Strip (10 Tablet/Strip) - Hemat Borongan,https://d2qjkwm11akmwu.cloudfront.net/thumbnails/525479_5-5-2023_19-56-28.png,medicine,b2c,1,active,291300.00,201100.00,0.01,152900.00,255800.00,0.05,0,,,,"[""tablet""]","[{""type"":""thumbnail_url"",""extension"":""webp"",""url"":""https://d2qjkwm11akmwu.cloudfront.net/thumbnails/525479_5-5-2023_19-56-28.webp""},{""type"":""thumbnail_url"",""extension"":""png"",""url"":""https://d2qjkwm11akmwu.cloudfront.net/thumbnails/525479_5-5-2023_19-56-28.png""},{""type"":""image_url"",""extension"":""png"",""url"":""https://d2qjkwm11akmwu.cloudfront.net/products/307451_5-5-2023_19-56-18.png""},{""type"":""image_url"",""extension"":""webp"",""url"":""https://d2qjkwm11akmwu.cloudfront.net/products/307451_5-5-2023_19-56-18.webp""}]","796e0805-d960-4240-853a-b674beb0b6ca",0,1,0,0.00,0.00,,
79,"2023-04-10 09:33:10",Dev,"2025-03-21 09:57:03",CC Token,"01aae08c-7a5e-46a3-b33a-79134db67a89","0",BISAGRATISONGKIR,43302,4812746,3360,"2023-04-03 13:00:00","2023-12-31 23:59:00",delayed_instant,"376708cf-e01e-4620-a5cf-54b9a1588316,1963798f-8e06-4aa0-bda9-eb794e85a3ee,b44c5b7e-b844-4105-acb8-858aaca5f8d8,49c1f3e0-4252-48c7-a007-8fd58e0fce42,217d7de6-0412-4ebc-96df-2d8cfddd99e0,59c8f490-a9f0-497f-97e5-a0b175c23168,7e56512f-c4ed-490b-be84-d2fd21b1180c,ed1ac092-8663-42e2-96d1-d2af62267ad4,a561bd82-f0ef-45dd-bb79-85c5b0f00fc2,ba7166a7-537a-4cfc-a27a-6642dd6764d8,07c03415-0d69-4c43-bc4a-d8a9ee0e3c7e,d7dbdc3c-0b3c-4be4-80eb-daad1e3dedd5,bfa2728f-1c97-4335-8547-1df04059a35b,de59f903-d42f-4640-92b5-0b8415bd7e1b,535d9556-fd19-468f-850b-5b01bff28c15,c1b2332b-644c-44a2-a878-0bf9c37e29b1,c21968b7-cc5a-43f8-8e33-552d89ce5846,ef63202b-ae39-4645-b570-c72ea02b7412,37eb40ff-cce3-4de6-b839-9cb5445a470f,74fcb9d1-a7b7-4672-ac7f-a1b62d8912a0,7976b31b-63fb-401e-87cc-c6e81ee7b5fd,2d190978-db01-4027-8b05-bb7e16aa524f,484583cd-a5cc-40c6-bf9d-31ca6038400a,eac848f9-b84c-44f8-85b7-faaa345a11e2",0.00,105,"2023-04-11 17:46:31",SELF,"2023-07-20 11:02:13",CC Token,update_status_coupon_end_time_task_id,"0991a28f-7f66-4ef3-8bac-07d57ec865db",79,43302,"2020-08-18 10:48:52",Dev,"2025-07-21 16:02:06",Dev,"906478bc-df24-451a-964f-e3c5e1744a61",110800.00,IDR,https://d2qjkwm11akmwu.cloudfront.net/products/615218_20-7-2023_11-1-42.png,198,"Temukan informasi lengkap Xepazym 5 Strip (6 Kaplet/Strip) - Hemat Borongan di Halodoc. Beli Xepazym 5 Strip (6 Kaplet/Strip) - Hemat Borongan 1 Jam Sampai, Dikirim dari Apotek Tepercaya, Buka 24 Jam*","20250312, QAT-1122, Lebih Hemat ||M4I [[hematborongan]] ||T2K, ||T3K [[sehatramadan]] [[lambungaman]] [[Gratis Ongkir]] [[bisagratisongkir]] [[digestgratisongkir]] [[bisagratisongkir]] [[pastigratisongkir]] [[hemborotc]] [[hemborotc]] [[hematherbalotc]] [[hembor2025]][[puasapencernaan]] [[gaspolpencernaan]] [[otc asam lambung]] [[otc mual]],[[puasapencernaan]]",Xepazym 5 Strip (6 Kaplet/Strip) - Hemat Borongan,https://d2qjkwm11akmwu.cloudfront.net/thumbnails/73589_20-7-2023_11-2-9.png,medicine,b2c,0,active,128000.00,110800.00,0.00,52500.00,110800.00,0.05,0,,,,"[""tablet""]","[{""type"":""thumbnail_url"",""extension"":""webp"",""url"":""https://d2qjkwm11akmwu.cloudfront.net/thumbnails/73589_20-7-2023_11-2-9.webp""},{""type"":""image_url"",""extension"":""png"",""url"":""https://d2qjkwm11akmwu.cloudfront.net/products/615218_20-7-2023_11-1-42.png""},{""type"":""image_url"",""extension"":""webp"",""url"":""https://d2qjkwm11akmwu.cloudfront.net/products/615218_20-7-2023_11-1-42.webp""},{""type"":""thumbnail_url"",""extension"":""png"",""url"":""https://d2qjkwm11akmwu.cloudfront.net/thumbnails/73589_20-7-2023_11-2-9.png""}]",,0,1,1,110800.00,105200.00,,
80,"2023-04-10 09:33:10",Dev,"2023-07-13 18:15:16",SELF,"571118c8-2829-4ce7-9b51-1bc1f5a5f535","0",BISAGRATISONGKIR,44509,4812746,3360,"2023-04-03 13:00:00","2023-12-31 23:59:00",delayed_instant,"376708cf-e01e-4620-a5cf-54b9a1588316,b44c5b7e-b844-4105-acb8-858aaca5f8d8,49c1f3e0-4252-48c7-a007-8fd58e0fce42,ed1ac092-8663-42e2-96d1-d2af62267ad4,a561bd82-f0ef-45dd-bb79-85c5b0f00fc2,c1b2332b-644c-44a2-a878-0bf9c37e29b1,37eb40ff-cce3-4de6-b839-9cb5445a470f,74fcb9d1-a7b7-4672-ac7f-a1b62d8912a0,7976b31b-63fb-401e-87cc-c6e81ee7b5fd,484583cd-a5cc-40c6-bf9d-31ca6038400a,1963798f-8e06-4aa0-bda9-eb794e85a3ee,217d7de6-0412-4ebc-96df-2d8cfddd99e0,59c8f490-a9f0-497f-97e5-a0b175c23168,7e56512f-c4ed-490b-be84-d2fd21b1180c,ba7166a7-537a-4cfc-a27a-6642dd6764d8,07c03415-0d69-4c43-bc4a-d8a9ee0e3c7e,d7dbdc3c-0b3c-4be4-80eb-daad1e3dedd5,bfa2728f-1c97-4335-8547-1df04059a35b,de59f903-d42f-4640-92b5-0b8415bd7e1b,535d9556-fd19-468f-850b-5b01bff28c15,c21968b7-cc5a-43f8-8e33-552d89ce5846,ef63202b-ae39-4645-b570-c72ea02b7412,2d190978-db01-4027-8b05-bb7e16aa524f,eac848f9-b84c-44f8-85b7-faaa345a11e2",0.00,106,"2023-04-11 17:46:31",SELF,"2023-07-17 16:38:55",SELF,update_status_coupon_end_time_task_id,"80d619c0-dad9-4fe5-9e25-6ba68850a7fa",80,44509,"2020-10-28 14:52:47",Dev,"2025-07-25 02:06:41",SELF,"345270f2-fa6b-46bb-9c04-7194a66f9706",72900.00,IDR,https://d2qjkwm11akmwu.cloudfront.net/products/688778_4-5-2023_14-35-36.png,274,"Temukan informasi lengkap Sanmol Forte Sirup 60 ml 2 Botol - Hemat Borongan di Halodoc. Beli Sanmol Forte Sirup 60 ml 2 Botol - Hemat Borongan 1 Jam Sampai, Dikirim dari Apotek Tepercaya, Buka 24 Jam*","20250429, QAT-0422, Lebih-Hemat ||M4I [[gaspolrxncdmei]] [[PCT Single]] , paracetamol ||T2K, ||T3K [[Gratis Ongkir]] [[bisagratisongkir]] [[hemborotc]] [[hematherbalotc]] [[obatsirup]][[puasasakitkepala]] [[gaspoldemam]]",Sanmol Forte Sirup 60 ml 2 Botol - Hemat Borongan,https://d2qjkwm11akmwu.cloudfront.net/thumbnails/485913_4-5-2023_14-35-40.png,medicine,b2c,1,active,83000.00,72900.00,0.01,32000.00,72900.00,0.05,0,,,,"[""measuring_spoon_10ml"",""measuring_spoon_5ml"",""measuring_spoon_15ml"",""ml""]","[{""type"":""thumbnail_url"",""extension"":""png"",""url"":""https://d2qjkwm11akmwu.cloudfront.net/thumbnails/485913_4-5-2023_14-35-40.png""},{""type"":""image_url"",""extension"":""png"",""url"":""https://d2qjkwm11akmwu.cloudfront.net/products/688778_4-5-2023_14-35-36.png""},{""type"":""image_url"",""extension"":""webp"",""url"":""https://d2qjkwm11akmwu.cloudfront.net/products/688778_4-5-2023_14-35-36.webp""},{""type"":""thumbnail_url"",""extension"":""webp"",""url"":""https://d2qjkwm11akmwu.cloudfront.net/thumbnails/485913_4-5-2023_14-35-40.webp""}]","569f8362-43f9-4c73-90f6-22af9a2f9cba",0,1,1,72900.00,69200.00,,
81,"2023-04-10 09:33:10",Dev,"2023-07-13 18:15:16",SELF,da366d92-13f0-48d3-bc2b-e136bfac2207,"0",BISAGRATISONGKIR,63000,4812746,3360,"2023-04-03 13:00:00","2023-12-31 23:59:00",delayed_instant,"376708cf-e01e-4620-a5cf-54b9a1588316,b44c5b7e-b844-4105-acb8-858aaca5f8d8,49c1f3e0-4252-48c7-a007-8fd58e0fce42,ed1ac092-8663-42e2-96d1-d2af62267ad4,a561bd82-f0ef-45dd-bb79-85c5b0f00fc2,c1b2332b-644c-44a2-a878-0bf9c37e29b1,37eb40ff-cce3-4de6-b839-9cb5445a470f,74fcb9d1-a7b7-4672-ac7f-a1b62d8912a0,7976b31b-63fb-401e-87cc-c6e81ee7b5fd,484583cd-a5cc-40c6-bf9d-31ca6038400a,1963798f-8e06-4aa0-bda9-eb794e85a3ee,217d7de6-0412-4ebc-96df-2d8cfddd99e0,59c8f490-a9f0-497f-97e5-a0b175c23168,7e56512f-c4ed-490b-be84-d2fd21b1180c,ba7166a7-537a-4cfc-a27a-6642dd6764d8,07c03415-0d69-4c43-bc4a-d8a9ee0e3c7e,d7dbdc3c-0b3c-4be4-80eb-daad1e3dedd5,bfa2728f-1c97-4335-8547-1df04059a35b,de59f903-d42f-4640-92b5-0b8415bd7e1b,535d9556-fd19-468f-850b-5b01bff28c15,c21968b7-cc5a-43f8-8e33-552d89ce5846,ef63202b-ae39-4645-b570-c72ea02b7412,2d190978-db01-4027-8b05-bb7e16aa524f,eac848f9-b84c-44f8-85b7-faaa345a11e2",0.00,107,"2023-04-11 17:46:31",SELF,"2023-10-10 10:58:38",CC Token,update_status_coupon_end_time_task_id,cb85afdb-1c78-4902-a598-805e3a4e2253,81,63000,"2022-03-01 17:13:24",Dev,"2025-06-27 02:14:58",SELF,a1c9cd9e-9d52-4a7a-b0c7-2329ffdd5224,111200.00,IDR,https://d2qjkwm11akmwu.cloudfront.net/products/504497_5-5-2023_18-6-32.jpeg,316,"Informasi terlengkap tentang Tempra Forte Sirup Rasa Anggur 60 ml 2 Botol - Hemat Borongan. Komposisi, Fungsi, Kegunaan, Ulasan, Efek Samping, Indikasi, Aturan Pakai, dan Dosis.","20220404, QAT-0822, pereda nyeri untuk anak, sirup sakit kepala, sakit gigi, demam, nyeri, parasetamol, tempra forte, tempra forte rasa jeruk, tempra forte, tempra forte rasa strawberry, naprex sirup, naprex, apetic forte, panas, pusing, meriang, nggreges, paska imunisasi [[PCT Single]] , paracetamol ||VerifiedKemenkes ||verifiedkemenkes-sirupdemam ||T2K, ||T3K [[Gratis Ongkir]] [[bisagratisongkir]] [[gaspolobatpilihan]] [[hemborotc]] [[hematherbalotc]] [[hkn2023]] [[obatkeluarga]] [[obatsirup]] [[halodocny]][[puasasakitkepala]] [[obatbatukanak]] [[50tahuntempra]]",Tempra Forte Sirup Rasa Anggur 60 ml 2 Botol - Hemat Borongan,https://d2qjkwm11akmwu.cloudfront.net/thumbnails/156969_5-5-2023_18-6-35.png,medicine,b2c,0,inactive,121200.00,111200.00,0.00,88000.00,111200.00,0.10,1,"2023-10-10 00:00:00","2023-10-17 00:00:00",0,"[""measuring_spoon_5ml"",""measuring_spoon_15ml"",""measuring_spoon_10ml"",""ml""]","[{""type"":""image_url"",""extension"":""webp"",""url"":""https://d2qjkwm11akmwu.cloudfront.net/products/504497_5-5-2023_18-6-32.webp""},{""type"":""thumbnail_url"",""extension"":""png"",""url"":""https://d2qjkwm11akmwu.cloudfront.net/thumbnails/156969_5-5-2023_18-6-35.png""},{""type"":""thumbnail_url"",""extension"":""webp"",""url"":""https://d2qjkwm11akmwu.cloudfront.net/thumbnails/156969_5-5-2023_18-6-35.webp""},{""type"":""image_url"",""extension"":""jpeg"",""url"":""https://d2qjkwm11akmwu.cloudfront.net/products/504497_5-5-2023_18-6-32.jpeg""}]",,0,1,1,111200.00,104100.00,,
82,"2023-04-10 09:33:10",Dev,"2023-07-13 18:15:16",SELF,"9b8e926a-14f7-4bcc-83ee-3bc0fbe1d557","0",BISAGRATISONGKIR,43453,4812746,3360,"2023-04-03 13:00:00","2023-12-31 23:59:00",delayed_instant,"376708cf-e01e-4620-a5cf-54b9a1588316,b44c5b7e-b844-4105-acb8-858aaca5f8d8,49c1f3e0-4252-48c7-a007-8fd58e0fce42,ed1ac092-8663-42e2-96d1-d2af62267ad4,a561bd82-f0ef-45dd-bb79-85c5b0f00fc2,c1b2332b-644c-44a2-a878-0bf9c37e29b1,37eb40ff-cce3-4de6-b839-9cb5445a470f,74fcb9d1-a7b7-4672-ac7f-a1b62d8912a0,7976b31b-63fb-401e-87cc-c6e81ee7b5fd,484583cd-a5cc-40c6-bf9d-31ca6038400a,1963798f-8e06-4aa0-bda9-eb794e85a3ee,217d7de6-0412-4ebc-96df-2d8cfddd99e0,59c8f490-a9f0-497f-97e5-a0b175c23168,7e56512f-c4ed-490b-be84-d2fd21b1180c,ba7166a7-537a-4cfc-a27a-6642dd6764d8,07c03415-0d69-4c43-bc4a-d8a9ee0e3c7e,d7dbdc3c-0b3c-4be4-80eb-daad1e3dedd5,bfa2728f-1c97-4335-8547-1df04059a35b,de59f903-d42f-4640-92b5-0b8415bd7e1b,535d9556-fd19-468f-850b-5b01bff28c15,c21968b7-cc5a-43f8-8e33-552d89ce5846,ef63202b-ae39-4645-b570-c72ea02b7412,2d190978-db01-4027-8b05-bb7e16aa524f,eac848f9-b84c-44f8-85b7-faaa345a11e2",0.00,108,"2023-04-11 17:46:31",SELF,"2023-10-16 10:22:25",CC Token,update_status_coupon_end_time_task_id,bd0159b7-fb32-48fc-91c4-cceb69250688,82,43453,"2020-08-18 10:49:34",Dev,"2025-07-25 02:06:23",SELF,"8c11d765-2912-4f4c-8889-f975fa6b406f",69000.00,IDR,https://d2qjkwm11akmwu.cloudfront.net/products/585445_16-10-2023_10-22-9.png,245,"Temukan informasi lengkap Proris Forte Sirup 50 ml 2 Botol - Hemat Borongan di Halodoc. Beli Proris Forte Sirup 50 ml 2 Botol - Hemat Borongan 1 Jam Sampai, Dikirim dari Apotek Tepercaya, Buka 24 Jam*","20250429, QAT-1122, Lebih-Hemat ||VerifiedKemenkes ||verifiedkemenkes-sirupdemam [[hematborongan]] ||T2K, ||T3K [[Gratis Ongkir]] [[bisagratisongkir]] [[hemborotc]] [[hematherbalotc]] ||ETHICAL PRODUCT [[obatsirup]]",Proris Forte Sirup 50 ml 2 Botol - Hemat Borongan,https://d2qjkwm11akmwu.cloudfront.net/thumbnails/512480_16-10-2023_10-22-25.png,medicine,b2c,1,active,77600.00,57200.00,0.01,54000.00,64500.00,0.05,0,,,,"[""ml"",""measuring_spoon_5ml"",""measuring_spoon_10ml"",""measuring_spoon_15ml""]","[{""type"":""thumbnail_url"",""extension"":""png"",""url"":""https://d2qjkwm11akmwu.cloudfront.net/thumbnails/512480_16-10-2023_10-22-25.png""},{""type"":""image_url"",""extension"":""png"",""url"":""https://d2qjkwm11akmwu.cloudfront.net/products/585445_16-10-2023_10-22-9.png""},{""type"":""thumbnail_url"",""extension"":""webp"",""url"":""https://d2qjkwm11akmwu.cloudfront.net/thumbnails/512480_16-10-2023_10-22-25.webp""},{""type"":""image_url"",""extension"":""webp"",""url"":""https://d2qjkwm11akmwu.cloudfront.net/products/585445_16-10-2023_10-22-9.webp""}]",abdc3038-c190-4f06-a4dd-bee453718a2d,0,1,0,0.00,0.00,,
83,"2023-04-10 09:33:10",Dev,"2024-08-06 11:13:43",CC Token,c40561f2-d422-42e5-bf63-ce840ab4f8a2,"0",BISAGRATISONGKIR,43935,4812746,3360,"2023-04-03 13:00:00","2023-12-31 23:59:00",delayed_instant,"376708cf-e01e-4620-a5cf-54b9a1588316,1963798f-8e06-4aa0-bda9-eb794e85a3ee,b44c5b7e-b844-4105-acb8-858aaca5f8d8,49c1f3e0-4252-48c7-a007-8fd58e0fce42,217d7de6-0412-4ebc-96df-2d8cfddd99e0,59c8f490-a9f0-497f-97e5-a0b175c23168,7e56512f-c4ed-490b-be84-d2fd21b1180c,ed1ac092-8663-42e2-96d1-d2af62267ad4,a561bd82-f0ef-45dd-bb79-85c5b0f00fc2,ba7166a7-537a-4cfc-a27a-6642dd6764d8,07c03415-0d69-4c43-bc4a-d8a9ee0e3c7e,d7dbdc3c-0b3c-4be4-80eb-daad1e3dedd5,bfa2728f-1c97-4335-8547-1df04059a35b,de59f903-d42f-4640-92b5-0b8415bd7e1b,535d9556-fd19-468f-850b-5b01bff28c15,c1b2332b-644c-44a2-a878-0bf9c37e29b1,c21968b7-cc5a-43f8-8e33-552d89ce5846,ef63202b-ae39-4645-b570-c72ea02b7412,37eb40ff-cce3-4de6-b839-9cb5445a470f,74fcb9d1-a7b7-4672-ac7f-a1b62d8912a0,7976b31b-63fb-401e-87cc-c6e81ee7b5fd,2d190978-db01-4027-8b05-bb7e16aa524f,484583cd-a5cc-40c6-bf9d-31ca6038400a,eac848f9-b84c-44f8-85b7-faaa345a11e2",0.00,109,"2023-04-11 17:46:31",SELF,"2023-11-10 16:44:32",CC Token,update_status_coupon_end_time_task_id,"9440f20c-2ee4-4d6c-b658-1049c4d131f6",83,43935,"2020-09-29 12:29:42",Dev,"2025-07-25 02:06:27",SELF,f0bf825b-b5f8-426b-bc5b-cdea6b9f5e99,83600.00,IDR,https://d2qjkwm11akmwu.cloudfront.net/products/533557_6-8-2024_11-13-43.png,398,"Temukan informasi lengkap Salonpas Koyo 10 Sachet (10 Patch/Sachet) - Hemat Borongan di Halodoc. Beli Salonpas Koyo 10 Sachet (10 Patch/Sachet) - Hemat Borongan 1 Jam Sampai, Dikirim dari Apotek Tepercaya, Buka 24 Jam*","20250107,20210312, QAT-1222, Lebih-Hemat, salonpas super, super, Nyeri, otot, leher, punggung, sakit, punggung, kepala, gigi, memar, terkilir, sendi, Branded Generic [[musclebonejoint]] ||T2K, ||T3K [[Gratis Ongkir]] [[bisagratisongkir]] [[pegaljadihilangmei]] [[mbjhemborjune]] [[mbjgratisongkir]] [[bisagratisongkir]] [[pastigratisongkir]] [[hematherbalotc]] [[puasa2024]],Obat Asam Urat [[gaspolherbalmjb]]",Salonpas Koyo 10 Sachet (10 Patch/Sachet) - Hemat Borongan,https://d2qjkwm11akmwu.cloudfront.net/thumbnails/382356_6-8-2024_11-13-58.png,medicine,b2c,1,active,83500.00,61400.00,0.01,48000.00,75000.00,0.05,1,"2023-11-10 00:00:00","2023-11-30 00:00:00",0,"[""patch""]","[{""type"":""thumbnail_url"",""extension"":""webp"",""url"":""https://d2qjkwm11akmwu.cloudfront.net/thumbnails/382356_6-8-2024_11-13-58.webp""},{""type"":""image_url"",""extension"":""png"",""url"":""https://d2qjkwm11akmwu.cloudfront.net/products/533557_6-8-2024_11-13-43.png""},{""type"":""thumbnail_url"",""extension"":""png"",""url"":""https://d2qjkwm11akmwu.cloudfront.net/thumbnails/382356_6-8-2024_11-13-58.png""},{""type"":""image_url"",""extension"":""webp"",""url"":""https://d2qjkwm11akmwu.cloudfront.net/products/533557_6-8-2024_11-13-43.webp""}]",ff13249c-7027-4c0b-9e2c-b78e93ed0757,0,1,0,0.00,0.00,,
84,"2023-04-10 09:33:10",Dev,"2024-10-03 13:09:28",CC Token,caf2bc20-fa38-41ca-a008-319855d5153c,"0",BISAGRATISONGKIR,66379,4812746,3360,"2023-04-03 13:00:00","2023-12-31 23:59:00",delayed_instant,"376708cf-e01e-4620-a5cf-54b9a1588316,1963798f-8e06-4aa0-bda9-eb794e85a3ee,b44c5b7e-b844-4105-acb8-858aaca5f8d8,49c1f3e0-4252-48c7-a007-8fd58e0fce42,217d7de6-0412-4ebc-96df-2d8cfddd99e0,59c8f490-a9f0-497f-97e5-a0b175c23168,7e56512f-c4ed-490b-be84-d2fd21b1180c,ed1ac092-8663-42e2-96d1-d2af62267ad4,a561bd82-f0ef-45dd-bb79-85c5b0f00fc2,ba7166a7-537a-4cfc-a27a-6642dd6764d8,07c03415-0d69-4c43-bc4a-d8a9ee0e3c7e,d7dbdc3c-0b3c-4be4-80eb-daad1e3dedd5,bfa2728f-1c97-4335-8547-1df04059a35b,de59f903-d42f-4640-92b5-0b8415bd7e1b,535d9556-fd19-468f-850b-5b01bff28c15,c1b2332b-644c-44a2-a878-0bf9c37e29b1,c21968b7-cc5a-43f8-8e33-552d89ce5846,ef63202b-ae39-4645-b570-c72ea02b7412,37eb40ff-cce3-4de6-b839-9cb5445a470f,74fcb9d1-a7b7-4672-ac7f-a1b62d8912a0,7976b31b-63fb-401e-87cc-c6e81ee7b5fd,2d190978-db01-4027-8b05-bb7e16aa524f,484583cd-a5cc-40c6-bf9d-31ca6038400a,eac848f9-b84c-44f8-85b7-faaa345a11e2",0.00,110,"2023-04-11 17:46:31",SELF,"2023-07-17 16:38:56",SELF,update_status_coupon_end_time_task_id,"42dcf901-01a0-4c19-a08e-10db775f5dcb",84,66379,"2022-06-07 17:08:28",Dev,"2025-07-25 02:10:08",SELF,"6b4a1315-508e-42ea-92f7-5003f2273297",84200.00,IDR,https://d2qjkwm11akmwu.cloudfront.net/products/759878_26-2-2024_17-38-16.png,161,"Temukan informasi lengkap Woods Peppermint Expectorant Sirup 100 ml 2 Botol - Hemat Borongan di Halodoc. Beli Woods Peppermint Expectorant Sirup 100 ml 2 Botol - Hemat Borongan 1 Jam Sampai, Dikirim dari Apotek Tepercaya, Buka 24 Jam*","20250429, QAT-0822, wood peppermint, woods, sirup batuk, mukolitik, Batuk, produktif, berdahak, Bronkhitis, Emfisema, Branded Generic, bromhexine ||VerifiedKemenkes ||verifiedkemenkes-sirupbatukflu ||T2K, ||T3K [[Gratis Ongkir]] [[bisagratisongkir]] actifed, ambroxol, sanadryl, decadryl, benadryl, ikadryl, siladex, lapifed, lanvy, mucera, mucos, epexol, mucopect, ob combi [[hemborotc]] [[hematherbalotc]] [[obatsirup]][[puasaflubatuk]]",Woods Peppermint Expectorant Sirup 100 ml 2 Botol - Hemat Borongan,https://d2qjkwm11akmwu.cloudfront.net/thumbnails/295251_26-2-2024_17-38-42.png,medicine,b2c,1,active,93200.00,84200.00,0.01,47000.00,84200.00,0.10,0,,,,"[""measuring_spoon_10ml"",""measuring_spoon_5ml"",""measuring_spoon_15ml"",""ml""]","[{""type"":""image_url"",""extension"":""png"",""url"":""https://d2qjkwm11akmwu.cloudfront.net/products/759878_26-2-2024_17-38-16.png""},{""type"":""thumbnail_url"",""extension"":""png"",""url"":""https://d2qjkwm11akmwu.cloudfront.net/thumbnails/295251_26-2-2024_17-38-42.png""},{""type"":""image_url"",""extension"":""webp"",""url"":""https://d2qjkwm11akmwu.cloudfront.net/products/759878_26-2-2024_17-38-16.webp""},{""type"":""thumbnail_url"",""extension"":""webp"",""url"":""https://d2qjkwm11akmwu.cloudfront.net/thumbnails/295251_26-2-2024_17-38-42.webp""}]",f76cd958-787f-4787-a980-91c32d75984d,0,1,1,84200.00,79900.00,,
85,"2023-04-10 09:33:11",Dev,"2023-07-17 16:38:56",SELF,"7bfa504c-a075-41b8-8e8f-fc71ca2bcb6b","0",BISAGRATISONGKIR,43314,4812746,3360,"2023-04-03 13:00:00","2023-12-31 23:59:00",delayed_instant,"376708cf-e01e-4620-a5cf-54b9a1588316,b44c5b7e-b844-4105-acb8-858aaca5f8d8,49c1f3e0-4252-48c7-a007-8fd58e0fce42,ed1ac092-8663-42e2-96d1-d2af62267ad4,a561bd82-f0ef-45dd-bb79-85c5b0f00fc2,c1b2332b-644c-44a2-a878-0bf9c37e29b1,37eb40ff-cce3-4de6-b839-9cb5445a470f,74fcb9d1-a7b7-4672-ac7f-a1b62d8912a0,7976b31b-63fb-401e-87cc-c6e81ee7b5fd,484583cd-a5cc-40c6-bf9d-31ca6038400a,1963798f-8e06-4aa0-bda9-eb794e85a3ee,217d7de6-0412-4ebc-96df-2d8cfddd99e0,59c8f490-a9f0-497f-97e5-a0b175c23168,7e56512f-c4ed-490b-be84-d2fd21b1180c,ba7166a7-537a-4cfc-a27a-6642dd6764d8,07c03415-0d69-4c43-bc4a-d8a9ee0e3c7e,d7dbdc3c-0b3c-4be4-80eb-daad1e3dedd5,bfa2728f-1c97-4335-8547-1df04059a35b,de59f903-d42f-4640-92b5-0b8415bd7e1b,535d9556-fd19-468f-850b-5b01bff28c15,c21968b7-cc5a-43f8-8e33-552d89ce5846,ef63202b-ae39-4645-b570-c72ea02b7412,2d190978-db01-4027-8b05-bb7e16aa524f,eac848f9-b84c-44f8-85b7-faaa345a11e2",0.00,111,"2023-04-11 17:46:32",SELF,"2023-10-17 11:17:46",CC Token,update_status_coupon_end_time_task_id,"0295482b-953f-4f3e-971d-8bd2ebb17a7e",85,43314,"2020-08-18 10:48:55",Dev,"2025-07-25 02:06:19",SELF,"693b14f5-f1fa-499a-891a-b131f0a65e35",59500.00,IDR,https://d2qjkwm11akmwu.cloudfront.net/products/350144_20-7-2023_11-4-46.png,50,"Temukan informasi lengkap Cendo Cenfresh Minidose 0.6 ml 2 Strip (5 Botol/Strip) - Hemat Borongan di Halodoc. Beli Cendo Cenfresh Minidose 0.6 ml 2 Strip (5 Botol/Strip) - Hemat Borongan 1 Jam Sampai, Dikirim dari Apotek Tepercaya, Buka 24 Jam*","20250429, QAT-1122, Lebih Hemat ||M4I ||T1K, ||T2K, ||T3K [[Gratis Ongkir]] [[bisagratisongkir]][[mbjgratisongkir]] [[bisagratisongkir]] [[digestgratisongkir]] [[pastigratisongkir]] [[hemborotc]] [[hematherbalotc]] [[halodocny]] [[hembor2025]] [[otc mata]] [[hdobatmata]]",Cendo Cenfresh Minidose 0.6 ml 2 Strip (5 Botol/Strip) - Hemat Borongan,https://d2qjkwm11akmwu.cloudfront.net/thumbnails/118399_20-7-2023_11-5-27.png,medicine,b2c,1,active,66000.00,59500.00,0.03,46000.00,59500.00,0.05,1,"2023-10-17 00:00:00","2023-10-24 00:00:00",0,"[""drops""]","[{""type"":""thumbnail_url"",""extension"":""png"",""url"":""https://d2qjkwm11akmwu.cloudfront.net/thumbnails/118399_20-7-2023_11-5-27.png""},{""type"":""image_url"",""extension"":""png"",""url"":""https://d2qjkwm11akmwu.cloudfront.net/products/350144_20-7-2023_11-4-46.png""},{""type"":""thumbnail_url"",""extension"":""webp"",""url"":""https://d2qjkwm11akmwu.cloudfront.net/thumbnails/118399_20-7-2023_11-5-27.webp""},{""type"":""image_url"",""extension"":""webp"",""url"":""https://d2qjkwm11akmwu.cloudfront.net/products/350144_20-7-2023_11-4-46.webp""}]","02a797dd-9e7a-4eb3-88c0-7a6510702c20",0,1,1,59500.00,56500.00,,
86,"2023-04-10 14:39:22",Dev,"2024-09-13 15:39:45",CC Token,e9bcfacc-4fef-492b-96d1-bb4400107f94,"0",BISAGRATISONGKIR,69336,4812746,3360,"2023-04-03 13:00:00","2023-12-31 23:59:00",delayed_instant,"376708cf-e01e-4620-a5cf-54b9a1588316,1963798f-8e06-4aa0-bda9-eb794e85a3ee,b44c5b7e-b844-4105-acb8-858aaca5f8d8,49c1f3e0-4252-48c7-a007-8fd58e0fce42,217d7de6-0412-4ebc-96df-2d8cfddd99e0,59c8f490-a9f0-497f-97e5-a0b175c23168,7e56512f-c4ed-490b-be84-d2fd21b1180c,ed1ac092-8663-42e2-96d1-d2af62267ad4,a561bd82-f0ef-45dd-bb79-85c5b0f00fc2,ba7166a7-537a-4cfc-a27a-6642dd6764d8,07c03415-0d69-4c43-bc4a-d8a9ee0e3c7e,d7dbdc3c-0b3c-4be4-80eb-daad1e3dedd5,bfa2728f-1c97-4335-8547-1df04059a35b,de59f903-d42f-4640-92b5-0b8415bd7e1b,535d9556-fd19-468f-850b-5b01bff28c15,c1b2332b-644c-44a2-a878-0bf9c37e29b1,c21968b7-cc5a-43f8-8e33-552d89ce5846,ef63202b-ae39-4645-b570-c72ea02b7412,37eb40ff-cce3-4de6-b839-9cb5445a470f,74fcb9d1-a7b7-4672-ac7f-a1b62d8912a0,7976b31b-63fb-401e-87cc-c6e81ee7b5fd,2d190978-db01-4027-8b05-bb7e16aa524f,484583cd-a5cc-40c6-bf9d-31ca6038400a,eac848f9-b84c-44f8-85b7-faaa345a11e2",0.00,112,"2023-04-11 17:46:32",SELF,"2023-07-18 09:34:41",CC Token,update_status_coupon_end_time_task_id,"4fc11b2b-d997-4d79-9196-620d94718a0a",86,69336,"2022-08-18 18:28:34",Dev,"2025-07-25 02:19:21",SELF,"17878fb0-4666-4772-a369-8a3edcef68d3",620000.00,IDR,https://d2qjkwm11akmwu.cloudfront.net/products/138842_5-5-2023_19-57-0.jpeg,76,"Temukan informasi lengkap Tonicard 3 Strip (10 Kapsul/Strip) - Hemat Borongan di Halodoc. Beli Tonicard 3 Strip (10 Kapsul/Strip) - Hemat Borongan 1 Jam Sampai, Dikirim dari Apotek Tepercaya, Buka 24 Jam*","20250603, QAT-1022, tonicard, vitamin jantung, jantung sehat, antioksidan ||T1K, ||T2K, ||T3K [[persediaanpuasa]] [[vitaminmenjagapasangan]] [[ramadansehat]] [[halodocannivevit]] [[Gratis Ongkir]] [[bisagratisongkir]] [[vitlebaran]] [[gaspolvitamin]][[vitamingratisongkir]] [[bisagratisongkir]] [[gratisongkirvit]] [[Vitaminorangtua]] [[parentsvitamin]] [[hembormultivit]] [[hemborvit]][[puasa2024]] [[hdcoin]] [[annivvitaminkeluarga]]",Tonicard 3 Strip (10 Kapsul/Strip) - Hemat Borongan,https://d2qjkwm11akmwu.cloudfront.net/thumbnails/174707_5-5-2023_19-57-7.png,medicine,b2c,1,active,779400.00,620000.00,0.02,560000.00,620000.00,0.10,0,,,,"[""capsules""]","[{""type"":""image_url"",""extension"":""webp"",""url"":""https://d2qjkwm11akmwu.cloudfront.net/products/138842_5-5-2023_19-57-0.webp""},{""type"":""thumbnail_url"",""extension"":""png"",""url"":""https://d2qjkwm11akmwu.cloudfront.net/thumbnails/174707_5-5-2023_19-57-7.png""},{""type"":""thumbnail_url"",""extension"":""webp"",""url"":""https://d2qjkwm11akmwu.cloudfront.net/thumbnails/174707_5-5-2023_19-57-7.webp""},{""type"":""image_url"",""extension"":""jpeg"",""url"":""https://d2qjkwm11akmwu.cloudfront.net/products/138842_5-5-2023_19-57-0.jpeg""}]",a2cbeac7-da3c-4d80-b881-595e88f15e2d,0,1,1,620000.00,590000.00,,
87,"2023-04-10 14:39:22",Dev,"2024-07-30 15:11:18",CC Token,"7af95150-5efc-4d8b-8cf6-de2e493643a2","0",BISAGRATISONGKIR,43263,4812746,3360,"2023-04-03 13:00:00","2023-12-31 23:59:00",delayed_instant,"376708cf-e01e-4620-a5cf-54b9a1588316,1963798f-8e06-4aa0-bda9-eb794e85a3ee,b44c5b7e-b844-4105-acb8-858aaca5f8d8,49c1f3e0-4252-48c7-a007-8fd58e0fce42,217d7de6-0412-4ebc-96df-2d8cfddd99e0,59c8f490-a9f0-497f-97e5-a0b175c23168,7e56512f-c4ed-490b-be84-d2fd21b1180c,ed1ac092-8663-42e2-96d1-d2af62267ad4,a561bd82-f0ef-45dd-bb79-85c5b0f00fc2,ba7166a7-537a-4cfc-a27a-6642dd6764d8,07c03415-0d69-4c43-bc4a-d8a9ee0e3c7e,d7dbdc3c-0b3c-4be4-80eb-daad1e3dedd5,bfa2728f-1c97-4335-8547-1df04059a35b,de59f903-d42f-4640-92b5-0b8415bd7e1b,535d9556-fd19-468f-850b-5b01bff28c15,c1b2332b-644c-44a2-a878-0bf9c37e29b1,c21968b7-cc5a-43f8-8e33-552d89ce5846,ef63202b-ae39-4645-b570-c72ea02b7412,37eb40ff-cce3-4de6-b839-9cb5445a470f,74fcb9d1-a7b7-4672-ac7f-a1b62d8912a0,7976b31b-63fb-401e-87cc-c6e81ee7b5fd,2d190978-db01-4027-8b05-bb7e16aa524f,484583cd-a5cc-40c6-bf9d-31ca6038400a,eac848f9-b84c-44f8-85b7-faaa345a11e2",0.00,113,"2023-04-11 17:46:32",SELF,"2023-09-13 10:35:43",CC Token,update_status_coupon_end_time_task_id,"0deaded7-9ae2-4679-b671-c6e7600df844",87,43263,"2020-08-18 10:48:40",Dev,"2025-07-25 02:06:17",SELF,"0b6beaf2-ff81-42e8-85c2-4882d957be66",302000.00,IDR,https://d2qjkwm11akmwu.cloudfront.net/products/358035_1-6-2025_9-47-20.png,1096,"Informasi terlengkap tentang Blackmores Vitamin C 500 mg 60 Tablet 2 Botol - Hemat Borongan . Komposisi, Fungsi, Kegunaan, Ulasan, Efek Samping, Indikasi, Aturan Pakai, dan Dosis.","20250218 Lebih Hemat, blackmores daily immune, vitamin c 500 mg [[Hematboronganvit]] [[hematborongan]] [[independencevit]] [[vitaminpilihan]] [[vitaminelderly]] [[hemborvitamin]] [[vitaminpilihan]] ||T1K||T2K, ||T3K [[vitaminmenjagapasangan]] [[halodocannivevit]] [[Gratis Ongkir]] [[bisagratisongkir]] [[gaspolvitamin]][[bisagratisongkir]] [[vitamingratisongkir]] [[hembormultivit]] [[parentsvitamin]] [[hemborvit]][[puasaimunitas]], [[puasa2024]] [[annivvitaminimun]] [[imunvitamin]],[[hdpuasaimun]]  [[crmvitamin]] [[vitsupblackmores]] [[dailyimuneblackmores]] [[hdvitimun]] [[lihatsemuablackmores]]",Blackmores Daily Immune C 500 mg 2 Botol (60 Tablet/Botol) - Hemat Borongan,https://d2qjkwm11akmwu.cloudfront.net/thumbnails/130119_1-6-2025_9-47-32.png,medicine,b2c,1,active,328000.00,302000.00,0.00,219200.00,302000.00,0.09,0,"2023-09-11 00:00:00","2023-09-19 00:00:00",0,"[""tablet""]","[{""type"":""thumbnail_url"",""extension"":""png"",""url"":""https://d2qjkwm11akmwu.cloudfront.net/thumbnails/130119_1-6-2025_9-47-32.png""},{""type"":""image_url"",""extension"":""webp"",""url"":""https://d2qjkwm11akmwu.cloudfront.net/products/358035_1-6-2025_9-47-20.webp""},{""type"":""thumbnail_url"",""extension"":""webp"",""url"":""https://d2qjkwm11akmwu.cloudfront.net/thumbnails/130119_1-6-2025_9-47-32.webp""},{""type"":""image_url"",""extension"":""png"",""url"":""https://d2qjkwm11akmwu.cloudfront.net/products/358035_1-6-2025_9-47-20.png""}]",b0d7ece9-e265-48f9-b079-043e26ac86e5,0,1,1,302000.00,285000.00,,
88,"2023-04-10 14:39:23",Dev,"2025-03-04 10:34:26",CC Token,"813011ad-1f1a-4afa-a79b-19710db4b287","0",BISAGRATISONGKIR,43362,4812746,3360,"2023-04-03 13:00:00","2023-12-31 23:59:00",delayed_instant,"376708cf-e01e-4620-a5cf-54b9a1588316,1963798f-8e06-4aa0-bda9-eb794e85a3ee,b44c5b7e-b844-4105-acb8-858aaca5f8d8,49c1f3e0-4252-48c7-a007-8fd58e0fce42,217d7de6-0412-4ebc-96df-2d8cfddd99e0,59c8f490-a9f0-497f-97e5-a0b175c23168,7e56512f-c4ed-490b-be84-d2fd21b1180c,ed1ac092-8663-42e2-96d1-d2af62267ad4,a561bd82-f0ef-45dd-bb79-85c5b0f00fc2,ba7166a7-537a-4cfc-a27a-6642dd6764d8,07c03415-0d69-4c43-bc4a-d8a9ee0e3c7e,d7dbdc3c-0b3c-4be4-80eb-daad1e3dedd5,bfa2728f-1c97-4335-8547-1df04059a35b,de59f903-d42f-4640-92b5-0b8415bd7e1b,535d9556-fd19-468f-850b-5b01bff28c15,c1b2332b-644c-44a2-a878-0bf9c37e29b1,c21968b7-cc5a-43f8-8e33-552d89ce5846,ef63202b-ae39-4645-b570-c72ea02b7412,37eb40ff-cce3-4de6-b839-9cb5445a470f,74fcb9d1-a7b7-4672-ac7f-a1b62d8912a0,7976b31b-63fb-401e-87cc-c6e81ee7b5fd,2d190978-db01-4027-8b05-bb7e16aa524f,484583cd-a5cc-40c6-bf9d-31ca6038400a,eac848f9-b84c-44f8-85b7-faaa345a11e2",0.00,114,"2023-04-11 17:46:32",SELF,"2023-09-13 10:35:27",CC Token,update_status_coupon_end_time_task_id,"33da866c-b8ae-4aaa-9a11-57dba77d7c77",88,43362,"2020-08-18 10:49:08",Dev,"2025-07-25 02:11:53",SELF,fc85487f-2686-44d7-9a36-d66847e4d012,106900.00,IDR,https://d2qjkwm11akmwu.cloudfront.net/products/507098_5-5-2023_16-55-14.jpeg,161,"Temukan informasi lengkap Prove D3-1000 IU 3 Strip (10 Tablet/Strip) - Hemat Borongan di Halodoc. Beli Prove D3-1000 IU 3 Strip (10 Tablet/Strip) - Hemat Borongan 1 Jam Sampai, Dikirim dari Apotek Tepercaya, Buka 24 Jam*","20250218, QAT-0221, Subscriptions, Subscription, Langganan ||M4I [[hematborongan]] [[vitaminpilihan]] [[vitaminlangganan]] ||T1K, ||T2K, ||T3K [[vitaminmenjagapasangan]] [[tulangsendisehat]] [[halodocannivevit]] [[tulangsendisehatapril]] [[gerakanantipegalapril]] [[gaspolvitamin]] [[Covid-19 Care]] [[Cuaca Panas]] [[hembormultivit]] [[parentsvitamin]] [[hemborvit]] [[vitaminkeluarga]] [[jagacovid]] [[liburankeluarga]] mywell, l-vit, holisticare [[halodocny]] [[rambutrontok]] [[vitrambut]] [[perawatanrambut]] [[gaspolrambut]] [[hamilmenyusui]] [[hdmoms]] [[ibuhamilmenyusui]] [[hdcoin]] [[hdibuhari]] [[hdsenditulang]]",Prove D3-1000 IU 3 Strip (10 Tablet/Strip) - Hemat Borongan,https://d2qjkwm11akmwu.cloudfront.net/thumbnails/839977_5-5-2023_16-55-18.png,medicine,b2c,1,active,118800.00,106900.00,0.07,72500.00,106900.00,0.09,0,"2023-09-11 00:00:00","2023-09-19 00:00:00",0,"[""tablet""]","[{""type"":""image_url"",""extension"":""jpeg"",""url"":""https://d2qjkwm11akmwu.cloudfront.net/products/507098_5-5-2023_16-55-14.jpeg""},{""type"":""thumbnail_url"",""extension"":""png"",""url"":""https://d2qjkwm11akmwu.cloudfront.net/thumbnails/839977_5-5-2023_16-55-18.png""},{""type"":""thumbnail_url"",""extension"":""webp"",""url"":""https://d2qjkwm11akmwu.cloudfront.net/thumbnails/839977_5-5-2023_16-55-18.webp""},{""type"":""image_url"",""extension"":""webp"",""url"":""https://d2qjkwm11akmwu.cloudfront.net/products/507098_5-5-2023_16-55-14.webp""}]","23244688-e029-4ab5-b625-ffa026047c29",0,1,1,106900.00,91400.00,,
89,"2023-04-10 14:39:24",Dev,"2024-11-05 09:24:32",CC Token,"1c6559a6-bb01-442d-9d5f-7a73d15a584d","0",BISAGRATISONGKIR,43680,4812746,3360,"2023-04-03 13:00:00","2023-12-31 23:59:00",delayed_instant,"376708cf-e01e-4620-a5cf-54b9a1588316,1963798f-8e06-4aa0-bda9-eb794e85a3ee,b44c5b7e-b844-4105-acb8-858aaca5f8d8,49c1f3e0-4252-48c7-a007-8fd58e0fce42,217d7de6-0412-4ebc-96df-2d8cfddd99e0,59c8f490-a9f0-497f-97e5-a0b175c23168,7e56512f-c4ed-490b-be84-d2fd21b1180c,ed1ac092-8663-42e2-96d1-d2af62267ad4,a561bd82-f0ef-45dd-bb79-85c5b0f00fc2,ba7166a7-537a-4cfc-a27a-6642dd6764d8,07c03415-0d69-4c43-bc4a-d8a9ee0e3c7e,d7dbdc3c-0b3c-4be4-80eb-daad1e3dedd5,bfa2728f-1c97-4335-8547-1df04059a35b,de59f903-d42f-4640-92b5-0b8415bd7e1b,535d9556-fd19-468f-850b-5b01bff28c15,c1b2332b-644c-44a2-a878-0bf9c37e29b1,c21968b7-cc5a-43f8-8e33-552d89ce5846,ef63202b-ae39-4645-b570-c72ea02b7412,37eb40ff-cce3-4de6-b839-9cb5445a470f,74fcb9d1-a7b7-4672-ac7f-a1b62d8912a0,7976b31b-63fb-401e-87cc-c6e81ee7b5fd,2d190978-db01-4027-8b05-bb7e16aa524f,484583cd-a5cc-40c6-bf9d-31ca6038400a,eac848f9-b84c-44f8-85b7-faaa345a11e2",0.00,115,"2023-04-11 17:46:32",SELF,"2023-10-20 09:01:43",CC Token,update_status_coupon_end_time_task_id,caf15aa2-27e2-48b1-8574-da8bdf41043d,89,43680,"2020-08-28 11:03:47",Dev,"2025-07-25 02:06:26",SELF,a90ba7fa-4998-40b8-ae1b-1660f41f8f18,143100.00,IDR,https://d2qjkwm11akmwu.cloudfront.net/products/123040_17-1-2025_16-43-16.png,196,"Temukan informasi lengkap Neurobion Forte 3 Strip (10 Tablet/Strip) - Hemat Borongan di Halodoc. Beli Neurobion Forte 3 Strip (10 Tablet/Strip) - Hemat Borongan 1 Jam Sampai, Dikirim dari Apotek Tepercaya, Buka 24 Jam*","20250108, QAT-1122, Lebih-Hemat, Subscriptions, Subscription, Langganan ||M4I ||Suplemen-and-Herbal-for-Mental-Health [[Hematboronganvit]] [[hematborongan]] [ [[vitaminelderly]] [[hemborvitamin]] [[vitamindiabetes]] [[vitaminlangganan]] ||T1K, ||T2K, ||T3K [[vitaminmenjagapasangan]] [[halodocannivevit]] [[Gratis Ongkir]] [[bisagratisongkir]] [[gaspolvitamin]] [[vitamingratisongkir]] [[bisagratisongkir]] [[hembormultivit]] [[Vitaminorangtua]] [[parentsvitamin]] [[hemborvit]] neurosanbe [[hembor2024]] [[puasaimunitas]], [[puasa2024]],Neorobion, kebas, kesemutan, nyeri syaraf, vitamin B kompleks, neuropati, diabetes, tangan sakit, kaki sakit, nyeri, pegal-pegal [[hdcoin]] [[annivvitaminkeluarga]] [[hdvitkeluarga]] [[Neurobion Forte]] [[Halopng]] [[hdneurobionforte]]",Neurobion Forte 3 Strip (10 Tablet/Strip) - Hemat Borongan,https://d2qjkwm11akmwu.cloudfront.net/thumbnails/629021_17-1-2025_16-28-1.png,medicine,b2c,1,active,165300.00,143100.00,0.07,92900.00,143100.00,0.09,1,"2023-10-20 00:00:00","2024-01-01 00:00:00",0,"[""tablet""]","[{""type"":""thumbnail_url"",""extension"":""webp"",""url"":""https://d2qjkwm11akmwu.cloudfront.net/thumbnails/629021_17-1-2025_16-28-1.webp""},{""type"":""thumbnail_url"",""extension"":""png"",""url"":""https://d2qjkwm11akmwu.cloudfront.net/thumbnails/629021_17-1-2025_16-28-1.png""},{""type"":""image_url"",""extension"":""png"",""url"":""https://d2qjkwm11akmwu.cloudfront.net/products/123040_17-1-2025_16-43-16.png""},{""type"":""image_url"",""extension"":""webp"",""url"":""https://d2qjkwm11akmwu.cloudfront.net/products/123040_17-1-2025_16-43-16.webp""}]",f4cd5f9f-a203-4a0f-88a8-03f462dbfc9e,0,1,1,143100.00,135000.00,,
90,"2023-04-10 14:39:25",Dev,"2025-04-14 16:18:51",CC Token,bcc269ad-a3c4-43b9-bba7-b0631a1f1fdd,"0",BISAGRATISONGKIR,43377,4812746,3360,"2023-04-03 13:00:00","2023-12-31 23:59:00",delayed_instant,"376708cf-e01e-4620-a5cf-54b9a1588316,1963798f-8e06-4aa0-bda9-eb794e85a3ee,b44c5b7e-b844-4105-acb8-858aaca5f8d8,49c1f3e0-4252-48c7-a007-8fd58e0fce42,217d7de6-0412-4ebc-96df-2d8cfddd99e0,59c8f490-a9f0-497f-97e5-a0b175c23168,7e56512f-c4ed-490b-be84-d2fd21b1180c,ed1ac092-8663-42e2-96d1-d2af62267ad4,a561bd82-f0ef-45dd-bb79-85c5b0f00fc2,ba7166a7-537a-4cfc-a27a-6642dd6764d8,07c03415-0d69-4c43-bc4a-d8a9ee0e3c7e,d7dbdc3c-0b3c-4be4-80eb-daad1e3dedd5,bfa2728f-1c97-4335-8547-1df04059a35b,de59f903-d42f-4640-92b5-0b8415bd7e1b,535d9556-fd19-468f-850b-5b01bff28c15,c1b2332b-644c-44a2-a878-0bf9c37e29b1,c21968b7-cc5a-43f8-8e33-552d89ce5846,ef63202b-ae39-4645-b570-c72ea02b7412,37eb40ff-cce3-4de6-b839-9cb5445a470f,74fcb9d1-a7b7-4672-ac7f-a1b62d8912a0,7976b31b-63fb-401e-87cc-c6e81ee7b5fd,2d190978-db01-4027-8b05-bb7e16aa524f,484583cd-a5cc-40c6-bf9d-31ca6038400a,eac848f9-b84c-44f8-85b7-faaa345a11e2",0.00,116,"2023-04-11 17:46:33",SELF,"2023-09-14 12:08:30",CC Token,update_status_coupon_end_time_task_id,c2819f0f-b842-4b15-b0f2-b84272374dc0,90,43377,"2020-08-18 10:49:13",Dev,"2025-07-25 02:11:54",SELF,"954c484c-15ef-4feb-9d03-b349d7797c03",346000.00,IDR,https://d2qjkwm11akmwu.cloudfront.net/products/660025_1-6-2025_13-29-24.png,1096,"Temukan informasi lengkap Blackmores Multivitamins + Minerals di Halodoc. Beli Blackmores Multivitamins + Minerals - Hemat Borongan 1 Jam Sampai, Dikirim dari Apotek Tepercaya, Buka 24 Jam*","20250117*, QAT-1021, Blackmores, Multivitamin, Mineral, Suplemen, Daya Tahan Tubuh, Stamina, Energi, Kesehatan Harian, Kalbe [[lihatsemuablackmores]]",Blackmores Multivitamins + Minerals 2 Botol (30 Tablet/Botol) - Hemat Borongan,https://d2qjkwm11akmwu.cloudfront.net/thumbnails/419261_1-6-2025_13-29-36.png,medicine,b2c,1,active,365000.00,346000.00,0.01,204000.00,346000.00,0.09,0,"2023-09-11 00:00:00","2023-09-19 00:00:00",0,"[""tablet""]","[{""type"":""thumbnail_url"",""extension"":""webp"",""url"":""https://d2qjkwm11akmwu.cloudfront.net/thumbnails/419261_1-6-2025_13-29-36.webp""},{""type"":""image_url"",""extension"":""png"",""url"":""https://d2qjkwm11akmwu.cloudfront.net/products/660025_1-6-2025_13-29-24.png""},{""type"":""image_url"",""extension"":""webp"",""url"":""https://d2qjkwm11akmwu.cloudfront.net/products/660025_1-6-2025_13-29-24.webp""},{""type"":""thumbnail_url"",""extension"":""png"",""url"":""https://d2qjkwm11akmwu.cloudfront.net/thumbnails/419261_1-6-2025_13-29-36.png""}]",a7005e62-5ab5-4065-a071-45d24be3f3fb,0,1,1,346000.00,315000.00,,
91,"2023-04-10 14:39:25",Dev,"2025-03-04 10:34:00",CC Token,"1e81dcdd-a419-439b-b479-d4529ed1e172","0",BISAGRATISONGKIR,75203,4812746,3360,"2023-04-03 13:00:00","2023-12-31 23:59:00",delayed_instant,"376708cf-e01e-4620-a5cf-54b9a1588316,1963798f-8e06-4aa0-bda9-eb794e85a3ee,b44c5b7e-b844-4105-acb8-858aaca5f8d8,49c1f3e0-4252-48c7-a007-8fd58e0fce42,217d7de6-0412-4ebc-96df-2d8cfddd99e0,59c8f490-a9f0-497f-97e5-a0b175c23168,7e56512f-c4ed-490b-be84-d2fd21b1180c,ed1ac092-8663-42e2-96d1-d2af62267ad4,a561bd82-f0ef-45dd-bb79-85c5b0f00fc2,ba7166a7-537a-4cfc-a27a-6642dd6764d8,07c03415-0d69-4c43-bc4a-d8a9ee0e3c7e,d7dbdc3c-0b3c-4be4-80eb-daad1e3dedd5,bfa2728f-1c97-4335-8547-1df04059a35b,de59f903-d42f-4640-92b5-0b8415bd7e1b,535d9556-fd19-468f-850b-5b01bff28c15,c1b2332b-644c-44a2-a878-0bf9c37e29b1,c21968b7-cc5a-43f8-8e33-552d89ce5846,ef63202b-ae39-4645-b570-c72ea02b7412,37eb40ff-cce3-4de6-b839-9cb5445a470f,74fcb9d1-a7b7-4672-ac7f-a1b62d8912a0,7976b31b-63fb-401e-87cc-c6e81ee7b5fd,2d190978-db01-4027-8b05-bb7e16aa524f,484583cd-a5cc-40c6-bf9d-31ca6038400a,eac848f9-b84c-44f8-85b7-faaa345a11e2",0.00,117,"2023-04-11 17:46:33",SELF,"2023-08-10 13:29:51",CC Token,update_status_coupon_end_time_task_id,"3e607860-56f4-4f71-af6a-77ffda1f2f3d",91,75203,"2023-01-26 15:56:38",Dev,"2025-07-25 02:11:08",SELF,d1ceb077-cc5c-40af-86a6-319141283f83,57300.00,IDR,https://d2qjkwm11akmwu.cloudfront.net/products/42023_5-5-2023_16-34-39.jpeg,161,"Temukan informasi lengkap Zegavit 2 Strip (6 Kaplet/Strip) - Hemat Borongan di Halodoc. Beli Zegavit 2 Strip (6 Kaplet/Strip) - Hemat Borongan 1 Jam Sampai, Dikirim dari Apotek Tepercaya, Buka 24 Jam*","20240701*, Zegavit, vitamin c, vitamin b kompleks, Defisiensi, Kalsium, Zn, daya tahan tubuh, vitamin, suplemen ||T3K [[vitaminmenjagapasangan]] [[Vitamin & Supplement]] [[halodocannivevit]] [[Gratis Ongkir]] [[bisagratisongkir]] [[gaspolvitamin]] [[Covid-19 Care]] [[Cuaca%20Panas]] [[bisagratisongkir]] [[vitamingratisongkir]] [[hembormultivit]] [[parentsvitamin]] [[hemborvitamin]] [[hemborvit]] [[jagacovid]] [[liburankeluarga]] [[Mothers Day]] enervon active, becefort, hevit-plus [[halodocny]] [[hembor2024]] [[puasaimunitas]], [[puasa2024]],Becom Z [[annivvitaminimun]] [[cuacapanas]] [[imunvitamin]] [[hdcoin]],[[hdpuasaimun]] [[vitaminkalbe]] [[crmvitamin]] [[kalbefarma]] [[hdvitimun]]",Zegavit 2 Strip (6 Kaplet/Strip) - Hemat Borongan,https://d2qjkwm11akmwu.cloudfront.net/thumbnails/722134_5-5-2023_16-34-46.png,medicine,b2c,1,active,72000.00,57300.00,0.09,44000.00,57300.00,0.10,0,"2023-08-09 00:00:00","2023-08-15 00:00:00",0,"[""pill"",""ovula"",""bottle"",""tube"",""patch"",""micrograms"",""syringe"",""rub"",""ml"",""tablet"",""measuring_spoon"",""measuring_spoon_5ml"",""drops"",""measuring_spoon_10ml"",""spray"",""suppository"",""sheets"",""capsules"",""table_spoon"",""unit"",""cup"",""measuring_spoon_15ml"",""sachet"",""milligrams"",""ampule""]","[{""type"":""thumbnail_url"",""extension"":""webp"",""url"":""https://d2qjkwm11akmwu.cloudfront.net/thumbnails/722134_5-5-2023_16-34-46.webp""},{""type"":""image_url"",""extension"":""jpeg"",""url"":""https://d2qjkwm11akmwu.cloudfront.net/products/42023_5-5-2023_16-34-39.jpeg""},{""type"":""image_url"",""extension"":""webp"",""url"":""https://d2qjkwm11akmwu.cloudfront.net/products/42023_5-5-2023_16-34-39.webp""},{""type"":""thumbnail_url"",""extension"":""png"",""url"":""https://d2qjkwm11akmwu.cloudfront.net/thumbnails/722134_5-5-2023_16-34-46.png""}]",d3ffff40-ae68-473c-bfe8-f944af7d0935,0,1,1,57300.00,54700.00,,
92,"2023-04-10 14:39:25",Dev,"2023-07-17 16:38:58",SELF,a72efae9-e447-45f3-b5ab-7fa12e1292c2,"0",BISAGRATISONGKIR,69345,4812746,3360,"2023-04-03 13:00:00","2023-12-31 23:59:00",delayed_instant,"376708cf-e01e-4620-a5cf-54b9a1588316,b44c5b7e-b844-4105-acb8-858aaca5f8d8,49c1f3e0-4252-48c7-a007-8fd58e0fce42,ed1ac092-8663-42e2-96d1-d2af62267ad4,a561bd82-f0ef-45dd-bb79-85c5b0f00fc2,c1b2332b-644c-44a2-a878-0bf9c37e29b1,37eb40ff-cce3-4de6-b839-9cb5445a470f,74fcb9d1-a7b7-4672-ac7f-a1b62d8912a0,7976b31b-63fb-401e-87cc-c6e81ee7b5fd,484583cd-a5cc-40c6-bf9d-31ca6038400a,1963798f-8e06-4aa0-bda9-eb794e85a3ee,217d7de6-0412-4ebc-96df-2d8cfddd99e0,59c8f490-a9f0-497f-97e5-a0b175c23168,7e56512f-c4ed-490b-be84-d2fd21b1180c,ba7166a7-537a-4cfc-a27a-6642dd6764d8,07c03415-0d69-4c43-bc4a-d8a9ee0e3c7e,d7dbdc3c-0b3c-4be4-80eb-daad1e3dedd5,bfa2728f-1c97-4335-8547-1df04059a35b,de59f903-d42f-4640-92b5-0b8415bd7e1b,535d9556-fd19-468f-850b-5b01bff28c15,c21968b7-cc5a-43f8-8e33-552d89ce5846,ef63202b-ae39-4645-b570-c72ea02b7412,2d190978-db01-4027-8b05-bb7e16aa524f,eac848f9-b84c-44f8-85b7-faaa345a11e2",0.00,118,"2023-04-11 17:46:33",SELF,"2023-07-18 09:35:03",CC Token,update_status_coupon_end_time_task_id,b1438383-bb04-4d25-a1d4-6bcb7291d7aa,92,69345,"2022-08-19 15:16:34",Dev,"2025-07-25 02:19:21",SELF,"1d711c02-0afa-4820-9430-5254b9b26a93",238100.00,IDR,https://d2qjkwm11akmwu.cloudfront.net/products/495247_5-5-2023_19-23-5.jpeg,1293,"Temukan informasi lengkap Citicoline 500 mg 3 Strip (10 Kaplet/Strip) - Hemat Borongan di Halodoc. Beli Citicoline 500 mg 3 Strip (10 Kaplet/Strip) - Hemat Borongan 1 Jam Sampai, Dikirim dari Apotek Tepercaya, Buka 24 Jam*","20250603, citicoline, Generik, Generic, saraf, stroke, lanjutusia, Generic, Sitikolin, brainolin, cholinaar, incelin, neuciti, neurolin, simciti, recolin, brainact, bralin, strolin, soholin, futalin, naquacol, cition, brinostar, rg-choline, zeufor, lancolin [[vitaminpilihan]] ||T2K, ||T3K [[vitramadan]] [[persediaanpuasa]] [[ramadansehat]] [[halodocannivevit]] [[Gratis Ongkir]] [[bisagratisongkir]] [[vitlebaran]][[bisagratisongkir]] [[vitamingratisongkir]] [[gratisongkirvit]] [[hembormultivit]] [[hdcoin]]",Citicoline 500 mg 3 Strip (10 Kaplet/Strip) - Hemat Borongan,https://d2qjkwm11akmwu.cloudfront.net/thumbnails/177143_5-5-2023_19-23-9.png,medicine,b2c,1,active,255600.00,238100.00,0.01,66000.00,238100.00,0.10,0,,,,"[""drops"",""micrograms"",""pill"",""tablet"",""ovula"",""syringe"",""ampule"",""sachet"",""measuring_spoon_15ml"",""ml"",""table_spoon"",""capsules"",""sheets"",""measuring_spoon"",""suppository"",""bottle"",""measuring_spoon_10ml"",""milligrams"",""rub"",""spray"",""cup"",""unit"",""tube"",""patch"",""measuring_spoon_5ml""]","[{""type"":""image_url"",""extension"":""jpeg"",""url"":""https://d2qjkwm11akmwu.cloudfront.net/products/495247_5-5-2023_19-23-5.jpeg""},{""type"":""image_url"",""extension"":""webp"",""url"":""https://d2qjkwm11akmwu.cloudfront.net/products/495247_5-5-2023_19-23-5.webp""},{""type"":""thumbnail_url"",""extension"":""png"",""url"":""https://d2qjkwm11akmwu.cloudfront.net/thumbnails/177143_5-5-2023_19-23-9.png""},{""type"":""thumbnail_url"",""extension"":""webp"",""url"":""https://d2qjkwm11akmwu.cloudfront.net/thumbnails/177143_5-5-2023_19-23-9.webp""}]","11c4baf3-d5c5-45bd-8fcc-ee548090ee2b",0,1,1,238100.00,211200.00,,
93,"2023-04-10 14:39:25",Dev,"2023-07-17 16:38:58",SELF,f0f26a93-efdf-4626-9630-888c102522cf,"0",BISAGRATISONGKIR,56230,4812746,3360,"2023-04-03 13:00:00","2023-12-31 23:59:00",delayed_instant,"376708cf-e01e-4620-a5cf-54b9a1588316,b44c5b7e-b844-4105-acb8-858aaca5f8d8,49c1f3e0-4252-48c7-a007-8fd58e0fce42,ed1ac092-8663-42e2-96d1-d2af62267ad4,a561bd82-f0ef-45dd-bb79-85c5b0f00fc2,c1b2332b-644c-44a2-a878-0bf9c37e29b1,37eb40ff-cce3-4de6-b839-9cb5445a470f,74fcb9d1-a7b7-4672-ac7f-a1b62d8912a0,7976b31b-63fb-401e-87cc-c6e81ee7b5fd,484583cd-a5cc-40c6-bf9d-31ca6038400a,1963798f-8e06-4aa0-bda9-eb794e85a3ee,217d7de6-0412-4ebc-96df-2d8cfddd99e0,59c8f490-a9f0-497f-97e5-a0b175c23168,7e56512f-c4ed-490b-be84-d2fd21b1180c,ba7166a7-537a-4cfc-a27a-6642dd6764d8,07c03415-0d69-4c43-bc4a-d8a9ee0e3c7e,d7dbdc3c-0b3c-4be4-80eb-daad1e3dedd5,bfa2728f-1c97-4335-8547-1df04059a35b,de59f903-d42f-4640-92b5-0b8415bd7e1b,535d9556-fd19-468f-850b-5b01bff28c15,c21968b7-cc5a-43f8-8e33-552d89ce5846,ef63202b-ae39-4645-b570-c72ea02b7412,2d190978-db01-4027-8b05-bb7e16aa524f,eac848f9-b84c-44f8-85b7-faaa345a11e2",0.00,119,"2023-04-11 17:46:33",SELF,"2023-09-21 15:40:42",CC Token,update_status_coupon_end_time_task_id,b0328eec-e123-4cd0-993f-97c5dfaa7f6c,93,56230,"2021-08-10 12:02:20",Dev,"2025-07-25 02:08:22",SELF,"6eb0d91f-82d8-467f-abd6-fc4ca934e2a8",70000.00,IDR,https://d2qjkwm11akmwu.cloudfront.net/products/547540_5-5-2023_19-12-24.jpeg,302,"Informasi terlengkap tentang Imboost Kids 21 Tablet Hisap 2 Botol - Hemat Borongan . Komposisi, Fungsi, Kegunaan, Ulasan, Efek Samping, Indikasi, Aturan Pakai, dan Dosis.","20240325, QAT-1122, ekinacea, tablet, daya tahan tubuh, imun booster, imun booster, Lebih Hemat, Subscriptions, Subscription, Langganan [[Hematboronganvit]] [[hematborongan]] [[multivitaminpilihan]] [[vitaminlangganan]] [[hemborvitamin]] [[untukanak]] ||T1K||T2K, ||T3K [[vitaminmenjagapasangan]] [[momfestdeal]] [[halodocannivevit]] [[Gratis Ongkir]] [[bisagratisongkir]] [[gaspolvitamin]][[vitamingratisongkir]] [[bisagratisongkir]] [[hembormomandkidsvit]] [[supplementanak]] [[hemborvit]] [[hembor2024]][[puasaimunitas]], [[puasa2024]] [[annivvitaminimun]] [[backtoschool]] [[harianaknas]] [[tentanganak]]",Imboost Kids Hisap 2 Botol (21 Tablet/Botol) - Hemat Borongan,https://d2qjkwm11akmwu.cloudfront.net/thumbnails/544878_5-5-2023_19-12-29.png,medicine,b2c,1,active,80000.00,70000.00,0.00,51600.00,70000.00,0.09,0,"2023-09-19 00:00:00","2023-09-26 00:00:00",0,"[""tablet""]","[{""type"":""image_url"",""extension"":""webp"",""url"":""https://d2qjkwm11akmwu.cloudfront.net/products/547540_5-5-2023_19-12-24.webp""},{""type"":""thumbnail_url"",""extension"":""webp"",""url"":""https://d2qjkwm11akmwu.cloudfront.net/thumbnails/544878_5-5-2023_19-12-29.webp""},{""type"":""image_url"",""extension"":""jpeg"",""url"":""https://d2qjkwm11akmwu.cloudfront.net/products/547540_5-5-2023_19-12-24.jpeg""},{""type"":""thumbnail_url"",""extension"":""png"",""url"":""https://d2qjkwm11akmwu.cloudfront.net/thumbnails/544878_5-5-2023_19-12-29.png""}]","39bb574f-869e-4af6-80a0-0f52307efe72",0,1,1,70000.00,61300.00,,
94,"2023-04-10 14:39:26",Dev,"2023-07-17 16:38:59",SELF,"7b500f44-e52f-4786-b5ac-a0e8a59f9a70","0",BISAGRATISONGKIR,66178,4812746,3360,"2023-04-03 13:00:00","2023-12-31 23:59:00",delayed_instant,"376708cf-e01e-4620-a5cf-54b9a1588316,b44c5b7e-b844-4105-acb8-858aaca5f8d8,49c1f3e0-4252-48c7-a007-8fd58e0fce42,ed1ac092-8663-42e2-96d1-d2af62267ad4,a561bd82-f0ef-45dd-bb79-85c5b0f00fc2,c1b2332b-644c-44a2-a878-0bf9c37e29b1,37eb40ff-cce3-4de6-b839-9cb5445a470f,74fcb9d1-a7b7-4672-ac7f-a1b62d8912a0,7976b31b-63fb-401e-87cc-c6e81ee7b5fd,484583cd-a5cc-40c6-bf9d-31ca6038400a,1963798f-8e06-4aa0-bda9-eb794e85a3ee,217d7de6-0412-4ebc-96df-2d8cfddd99e0,59c8f490-a9f0-497f-97e5-a0b175c23168,7e56512f-c4ed-490b-be84-d2fd21b1180c,ba7166a7-537a-4cfc-a27a-6642dd6764d8,07c03415-0d69-4c43-bc4a-d8a9ee0e3c7e,d7dbdc3c-0b3c-4be4-80eb-daad1e3dedd5,bfa2728f-1c97-4335-8547-1df04059a35b,de59f903-d42f-4640-92b5-0b8415bd7e1b,535d9556-fd19-468f-850b-5b01bff28c15,c21968b7-cc5a-43f8-8e33-552d89ce5846,ef63202b-ae39-4645-b570-c72ea02b7412,2d190978-db01-4027-8b05-bb7e16aa524f,eac848f9-b84c-44f8-85b7-faaa345a11e2",0.00,120,"2023-04-11 17:46:33",SELF,"2023-11-14 11:12:38",CC Token,update_status_coupon_end_time_task_id,"91812c8a-9015-4d64-a8fe-f87fa97cd0b9",94,66178,"2022-05-19 17:00:36",CC Token,"2025-07-25 02:18:24",SELF,"7ba8284a-40b9-4279-89b6-e912188ffb2e",193700.00,IDR,https://d2qjkwm11akmwu.cloudfront.net/products/329806_1-9-2023_15-5-54.png,302,"Temukan informasi lengkap Imboost Force Ultimate 2 Strip (10 Kaplet/Strip) - Hemat Borongan di Halodoc. Beli Imboost Force Ultimate 2 Strip (10 Kaplet/Strip) - Hemat Borongan 1 Jam Sampai, Dikirim dari Apotek Tepercaya, Buka 24 Jam*","20250218, QAT-1122, stamina, daya tahan tubuh, imun booster, imun booster, vitamin C, vitamin D [[Hematboronganvit]] [[hemborvitamin]] [[multivitaminpilihan]] [[vitaminlangganan]] [[vitaminpilihan]] ||T1K||T2K, ||T3K [[vitaminmenjagapasangan]] [[halodocannivevit]] [[Gratis Ongkir]] [[bisagratisongkir]] [[gaspolvitamin]] [[Covid-19 Care]] [[Cuaca Panas]] [[Cuaca%20Panas]][[vitamingratisongkir]] [[bisagratisongkir]] [[hembormultivit]] [[parentsvitamin]] [[hemborvit]] [[vitaminkeluarga]] [[jagacovid]] [[halodocny]] [[hembor2024]][[puasaimunitas]], [[puasa2024]] [[annivvitaminimun]] [[commonillness]] [[hmpvobat]],[[hdpuasaimun]] [[crmvitamin]]",Imboost Force Ultimate 2 Strip (10 Kaplet/Strip) - Hemat Borongan,https://d2qjkwm11akmwu.cloudfront.net/thumbnails/833998_1-9-2023_15-6-31.png,medicine,b2c,1,active,226000.00,193700.00,0.04,144000.00,193700.00,0.00,1,"2023-11-03 00:00:00","2023-12-01 00:00:00",0,"[""tablet""]","[{""type"":""thumbnail_url"",""extension"":""png"",""url"":""https://d2qjkwm11akmwu.cloudfront.net/thumbnails/833998_1-9-2023_15-6-31.png""},{""type"":""image_url"",""extension"":""png"",""url"":""https://d2qjkwm11akmwu.cloudfront.net/products/329806_1-9-2023_15-5-54.png""},{""type"":""thumbnail_url"",""extension"":""webp"",""url"":""https://d2qjkwm11akmwu.cloudfront.net/thumbnails/833998_1-9-2023_15-6-31.webp""},{""type"":""image_url"",""extension"":""webp"",""url"":""https://d2qjkwm11akmwu.cloudfront.net/products/329806_1-9-2023_15-5-54.webp""}]",cc862756-0cf6-40f2-a5f6-9bec64cb8038,0,1,1,193700.00,180000.00,,
95,"2023-04-10 14:39:26",Dev,"2023-07-17 16:38:59",SELF,"92d5b230-fee5-45c5-881d-38da7ddb1997","0",BISAGRATISONGKIR,70401,4812746,3360,"2023-04-03 13:00:00","2023-12-31 23:59:00",delayed_instant,"376708cf-e01e-4620-a5cf-54b9a1588316,b44c5b7e-b844-4105-acb8-858aaca5f8d8,49c1f3e0-4252-48c7-a007-8fd58e0fce42,ed1ac092-8663-42e2-96d1-d2af62267ad4,a561bd82-f0ef-45dd-bb79-85c5b0f00fc2,c1b2332b-644c-44a2-a878-0bf9c37e29b1,37eb40ff-cce3-4de6-b839-9cb5445a470f,74fcb9d1-a7b7-4672-ac7f-a1b62d8912a0,7976b31b-63fb-401e-87cc-c6e81ee7b5fd,484583cd-a5cc-40c6-bf9d-31ca6038400a,1963798f-8e06-4aa0-bda9-eb794e85a3ee,217d7de6-0412-4ebc-96df-2d8cfddd99e0,59c8f490-a9f0-497f-97e5-a0b175c23168,7e56512f-c4ed-490b-be84-d2fd21b1180c,ba7166a7-537a-4cfc-a27a-6642dd6764d8,07c03415-0d69-4c43-bc4a-d8a9ee0e3c7e,d7dbdc3c-0b3c-4be4-80eb-daad1e3dedd5,bfa2728f-1c97-4335-8547-1df04059a35b,de59f903-d42f-4640-92b5-0b8415bd7e1b,535d9556-fd19-468f-850b-5b01bff28c15,c21968b7-cc5a-43f8-8e33-552d89ce5846,ef63202b-ae39-4645-b570-c72ea02b7412,2d190978-db01-4027-8b05-bb7e16aa524f,eac848f9-b84c-44f8-85b7-faaa345a11e2",0.00,121,"2023-04-11 17:46:33",SELF,"2023-07-17 16:38:59",SELF,update_status_coupon_end_time_task_id,"5de1f341-31a8-4195-8e38-8b076808ab6b",95,70401,"2022-09-08 16:53:14",Dev,"2025-07-25 02:19:41",SELF,"4984f7bf-1e78-4445-aff6-017f0eebd071",67100.00,IDR,https://d2qjkwm11akmwu.cloudfront.net/products/28593_8-5-2023_14-32-59.jpeg,62,"Temukan informasi lengkap Maltofer Fol Chewable 3 Strip (6 Tablet/Strip) - Hemat Borongan di Halodoc. Beli Maltofer Fol Chewable 3 Strip (6 Tablet/Strip) - Hemat Borongan 1 Jam Sampai, Dikirim dari Apotek Tepercaya, Buka 24 Jam*","20250603, Defisiensi, zat besi, folat, hamil, melahirkan [[vitaminpilihan]] [[untukibu]] ||T2K, ||T3K [[momfestdeal]] [[Gratis Ongkir]] [[bisagratisongkir]] [[gaspolvitamin]][[bisagratisongkir]] [[vitamingratisongkir]] [[hembormomandkidsvit]] [[hemborvitamin]] [[hemborvit]] [[vitaminkeluarga]] [[halodocny]] [[hembor2024]][[puasa2024]] [[backtoschool]] [[hamilmenyusui]]",Maltofer Fol Chewable 3 Strip (6 Tablet/Strip) - Hemat Borongan,https://d2qjkwm11akmwu.cloudfront.net/thumbnails/445142_8-5-2023_14-33-5.png,medicine,b2c,1,active,81000.00,67100.00,0.02,53900.00,67100.00,0.10,0,"2023-07-03 00:00:00","2023-07-31 00:00:00",0,"[""tablet""]","[{""type"":""image_url"",""extension"":""webp"",""url"":""https://d2qjkwm11akmwu.cloudfront.net/products/28593_8-5-2023_14-32-59.webp""},{""type"":""thumbnail_url"",""extension"":""png"",""url"":""https://d2qjkwm11akmwu.cloudfront.net/thumbnails/445142_8-5-2023_14-33-5.png""},{""type"":""image_url"",""extension"":""jpeg"",""url"":""https://d2qjkwm11akmwu.cloudfront.net/products/28593_8-5-2023_14-32-59.jpeg""},{""type"":""thumbnail_url"",""extension"":""webp"",""url"":""https://d2qjkwm11akmwu.cloudfront.net/thumbnails/445142_8-5-2023_14-33-5.webp""}]","8a58b562-60e9-4019-9005-d765a7ecfbf3",0,1,1,67100.00,63400.00,,
96,"2023-04-10 14:39:26",Dev,"2023-07-17 16:38:59",SELF,d85a8831-b6bd-4d8b-be94-f363277b65bb,"0",BISAGRATISONGKIR,43676,4812746,3360,"2023-04-03 13:00:00","2023-12-31 23:59:00",delayed_instant,"376708cf-e01e-4620-a5cf-54b9a1588316,b44c5b7e-b844-4105-acb8-858aaca5f8d8,49c1f3e0-4252-48c7-a007-8fd58e0fce42,ed1ac092-8663-42e2-96d1-d2af62267ad4,a561bd82-f0ef-45dd-bb79-85c5b0f00fc2,c1b2332b-644c-44a2-a878-0bf9c37e29b1,37eb40ff-cce3-4de6-b839-9cb5445a470f,74fcb9d1-a7b7-4672-ac7f-a1b62d8912a0,7976b31b-63fb-401e-87cc-c6e81ee7b5fd,484583cd-a5cc-40c6-bf9d-31ca6038400a,1963798f-8e06-4aa0-bda9-eb794e85a3ee,217d7de6-0412-4ebc-96df-2d8cfddd99e0,59c8f490-a9f0-497f-97e5-a0b175c23168,7e56512f-c4ed-490b-be84-d2fd21b1180c,ba7166a7-537a-4cfc-a27a-6642dd6764d8,07c03415-0d69-4c43-bc4a-d8a9ee0e3c7e,d7dbdc3c-0b3c-4be4-80eb-daad1e3dedd5,bfa2728f-1c97-4335-8547-1df04059a35b,de59f903-d42f-4640-92b5-0b8415bd7e1b,535d9556-fd19-468f-850b-5b01bff28c15,c21968b7-cc5a-43f8-8e33-552d89ce5846,ef63202b-ae39-4645-b570-c72ea02b7412,2d190978-db01-4027-8b05-bb7e16aa524f,eac848f9-b84c-44f8-85b7-faaa345a11e2",0.00,122,"2023-04-11 17:46:34",SELF,"2023-08-21 14:54:14",CC Token,update_status_coupon_end_time_task_id,"79cbb0b5-27d7-4f61-8cdb-bf77a02659aa",96,43676,"2020-08-28 11:03:46",Dev,"2025-07-25 02:06:25",SELF,"6b544fbf-2aae-43aa-9d78-39b7d118bdfb",86100.00,IDR,https://d2qjkwm11akmwu.cloudfront.net/products/765402_5-5-2023_16-54-3.jpeg,274,"Temukan informasi lengkap Becom-Zet 3 Strip (10 Kaplet/Strip) - Hemat Borongan di Halodoc. Beli Becom-Zet 3 Strip (10 Kaplet/Strip) - Hemat Borongan 1 Jam Sampai, Dikirim dari Apotek Tepercaya, Buka 24 Jam*","20250218, QAT-0221, Lebih Hemat, Subscriptions, Subscription, Langganan||M4I [[Hematboronganvit]] [[hematborongan]] [[vitaminlangganan]] [[hemborvitamin]] ||T1K, ||T2K, ||T3K [[vitaminmenjagapasangan]] [[halodocannivevit]] [[Gratis Ongkir]] [[bisagratisongkir]] [[gaspolvitamin]] [[Cuaca%20Panas]] [[vitamingratisongkir]] [[bisagratisongkir]] [[hembormultivit]] [[parentsvitamin]] [[hemborvit]] elkana, cerebrovit [[halodocny]] [[puasaimunitas]], [[puasa2024]],Becom Z [[annivvitaminimun]], [[annivvitaminimun]],[[hdpuasaimun]] [[crmvitamin]]",Becom-Zet 3 Strip (10 Kaplet/Strip) - Hemat Borongan,https://d2qjkwm11akmwu.cloudfront.net/thumbnails/608975_5-5-2023_16-54-7.png,medicine,b2c,1,active,95400.00,86100.00,0.02,62100.00,86100.00,0.09,0,"2023-08-18 00:00:00","2023-08-22 00:00:00",0,"[""tablet""]","[{""type"":""thumbnail_url"",""extension"":""webp"",""url"":""https://d2qjkwm11akmwu.cloudfront.net/thumbnails/608975_5-5-2023_16-54-7.webp""},{""type"":""image_url"",""extension"":""jpeg"",""url"":""https://d2qjkwm11akmwu.cloudfront.net/products/765402_5-5-2023_16-54-3.jpeg""},{""type"":""image_url"",""extension"":""webp"",""url"":""https://d2qjkwm11akmwu.cloudfront.net/products/765402_5-5-2023_16-54-3.webp""},{""type"":""thumbnail_url"",""extension"":""png"",""url"":""https://d2qjkwm11akmwu.cloudfront.net/thumbnails/608975_5-5-2023_16-54-7.png""}]","889c7286-59c5-4df1-9e64-7b787005d499",0,1,1,86100.00,80900.00,,
97,"2023-04-10 14:39:26",Dev,"2025-01-07 09:53:44",CC Token,"4735d9ad-49f9-405a-a630-a0887a8fe3c0","0",BISAGRATISONGKIR,43269,4812746,3360,"2023-04-03 13:00:00","2023-12-31 23:59:00",delayed_instant,"376708cf-e01e-4620-a5cf-54b9a1588316,1963798f-8e06-4aa0-bda9-eb794e85a3ee,b44c5b7e-b844-4105-acb8-858aaca5f8d8,49c1f3e0-4252-48c7-a007-8fd58e0fce42,217d7de6-0412-4ebc-96df-2d8cfddd99e0,59c8f490-a9f0-497f-97e5-a0b175c23168,7e56512f-c4ed-490b-be84-d2fd21b1180c,ed1ac092-8663-42e2-96d1-d2af62267ad4,a561bd82-f0ef-45dd-bb79-85c5b0f00fc2,ba7166a7-537a-4cfc-a27a-6642dd6764d8,07c03415-0d69-4c43-bc4a-d8a9ee0e3c7e,d7dbdc3c-0b3c-4be4-80eb-daad1e3dedd5,bfa2728f-1c97-4335-8547-1df04059a35b,de59f903-d42f-4640-92b5-0b8415bd7e1b,535d9556-fd19-468f-850b-5b01bff28c15,c1b2332b-644c-44a2-a878-0bf9c37e29b1,c21968b7-cc5a-43f8-8e33-552d89ce5846,ef63202b-ae39-4645-b570-c72ea02b7412,37eb40ff-cce3-4de6-b839-9cb5445a470f,74fcb9d1-a7b7-4672-ac7f-a1b62d8912a0,7976b31b-63fb-401e-87cc-c6e81ee7b5fd,2d190978-db01-4027-8b05-bb7e16aa524f,484583cd-a5cc-40c6-bf9d-31ca6038400a,eac848f9-b84c-44f8-85b7-faaa345a11e2",0.00,123,"2023-04-11 17:46:34",SELF,"2023-10-20 09:01:21",CC Token,update_status_coupon_end_time_task_id,"190c2c84-da2c-4f9c-acb7-afe256d723ae",97,43269,"2020-08-18 10:48:42",Dev,"2025-07-25 02:06:17",SELF,bf21a119-f7a7-439f-904f-fc7a2899b6af,59300.00,IDR,https://d2qjkwm11akmwu.cloudfront.net/products/258421_20-7-2023_10-49-24.png,196,"Temukan informasi lengkap Sangobion 3 Strip (10 Kapsul/Strip) - Hemat Borongan di Halodoc. Beli Sangobion 3 Strip (10 Kapsul/Strip) - Hemat Borongan 1 Jam Sampai, Dikirim dari Apotek Tepercaya, Buka 24 Jam*","20250603, QAT-0123, Lebih-Hemat, Subscriptions, Subscription, Langganan [[Hematboronganvit]] [[hematborongan]] [[vitaminelderly]] [[hemborvitamin]] [[vitaminsangobion]] [[sehatbersamap&g]] [[vitaminlangganan]] [[vitaminpilihan]] ||T1K||T2K, ||T3K [[vitaminmenjagapasangan]] [[Vitamin & Supplement]] [[halodocannivevit]] [[Gratis Ongkir]] [[bisagratisongkir]] [[gaspolvitamin]][[vitamingratisongkir]] [[bisagratisongkir]] [[parentsvitamin]] [[hembormomandkidsvit]] [[hemborvit]] [[vitaminkeluarga]] [[Mothers Day]] sangobion, iberet [[gaspolkidsbaru]] [[hembor2024]][[puasaimunitas]], [[puasa2024]], Indobion [[annivkids]], [[annivvitaminimun]] [[hamilmenyusui]] [[hdmoms]] [[ibuhamilmenyusui]] [[hdcoin]] [[hdibuhari]], Tambah Darah, Anemia, Vitamin, Multivitamin, Zat Besi, Pusing, Lemas, Pucat, Lelah, Vitamin B, Vitamin Ibu Hamil",Sangobion 3 Strip (10 Kapsul/Strip) - Hemat Borongan,https://d2qjkwm11akmwu.cloudfront.net/thumbnails/460138_20-7-2023_10-51-28.png,medicine,b2c,1,active,75000.00,59300.00,0.08,20000.00,59300.00,0.09,1,"2023-10-20 00:00:00","2024-01-01 00:00:00",0,"[""capsules""]","[{""type"":""thumbnail_url"",""extension"":""webp"",""url"":""https://d2qjkwm11akmwu.cloudfront.net/thumbnails/460138_20-7-2023_10-51-28.webp""},{""type"":""image_url"",""extension"":""png"",""url"":""https://d2qjkwm11akmwu.cloudfront.net/products/258421_20-7-2023_10-49-24.png""},{""type"":""thumbnail_url"",""extension"":""png"",""url"":""https://d2qjkwm11akmwu.cloudfront.net/thumbnails/460138_20-7-2023_10-51-28.png""},{""type"":""image_url"",""extension"":""webp"",""url"":""https://d2qjkwm11akmwu.cloudfront.net/products/258421_20-7-2023_10-49-24.webp""}]",e0fadf75-c84a-4046-a3af-d192413f77d5,0,1,1,59300.00,54400.00,,
98,"2023-04-10 14:39:27",Dev,"2023-07-17 16:39:00",SELF,e2691a6f-b3c3-4539-a389-f1c4c196a5a6,"0",BISAGRATISONGKIR,43675,4812746,3360,"2023-04-03 13:00:00","2023-12-31 23:59:00",delayed_instant,"376708cf-e01e-4620-a5cf-54b9a1588316,b44c5b7e-b844-4105-acb8-858aaca5f8d8,49c1f3e0-4252-48c7-a007-8fd58e0fce42,ed1ac092-8663-42e2-96d1-d2af62267ad4,a561bd82-f0ef-45dd-bb79-85c5b0f00fc2,c1b2332b-644c-44a2-a878-0bf9c37e29b1,37eb40ff-cce3-4de6-b839-9cb5445a470f,74fcb9d1-a7b7-4672-ac7f-a1b62d8912a0,7976b31b-63fb-401e-87cc-c6e81ee7b5fd,484583cd-a5cc-40c6-bf9d-31ca6038400a,1963798f-8e06-4aa0-bda9-eb794e85a3ee,217d7de6-0412-4ebc-96df-2d8cfddd99e0,59c8f490-a9f0-497f-97e5-a0b175c23168,7e56512f-c4ed-490b-be84-d2fd21b1180c,ba7166a7-537a-4cfc-a27a-6642dd6764d8,07c03415-0d69-4c43-bc4a-d8a9ee0e3c7e,d7dbdc3c-0b3c-4be4-80eb-daad1e3dedd5,bfa2728f-1c97-4335-8547-1df04059a35b,de59f903-d42f-4640-92b5-0b8415bd7e1b,535d9556-fd19-468f-850b-5b01bff28c15,c21968b7-cc5a-43f8-8e33-552d89ce5846,ef63202b-ae39-4645-b570-c72ea02b7412,2d190978-db01-4027-8b05-bb7e16aa524f,eac848f9-b84c-44f8-85b7-faaa345a11e2",0.00,124,"2023-04-11 17:46:34",SELF,"2023-07-17 16:39:00",SELF,update_status_coupon_end_time_task_id,c687c481-3277-446a-a6ba-3f6527bb1078,98,43675,"2020-08-28 11:03:46",Dev,"2025-07-25 02:06:25",SELF,d1cc59d6-bebf-4175-9c20-ddd681647232,285700.00,IDR,https://d2qjkwm11akmwu.cloudfront.net/products/696249_5-5-2023_19-56-7.jpeg,302,"Temukan informasi lengkap Imboost Force Extra Strength 3 Strip (10 Tablet/Strip) - Hemat Borongan di Halodoc. Beli Imboost Force Extra Strength 3 Strip (10 Tablet/Strip) - Hemat Borongan 1 Jam Sampai, Dikirim dari Apotek Tepercaya, Buka 24 Jam*","20240325, QAT-1222, Echinacea, ecinase, Echinache, Esinase, ekinacea, Lebih Hemat, [[Hematboronganvit]] [[hematborongan]] [[vitaminpilihan]] [[hemborvitamin]] [[multivitaminpilihan]] [[vitamin]] [[vitaminpilihan]] [[untukortu]] ||T2K, ||T3K [[vitaminmenjagapasangan]] [[halodocannivevit]] [[Gratis Ongkir]] [[bisagratisongkir]] [[gaspolvitamin]] [[Covid-19 Care]][[bisagratisongkir]] [[vitamingratisongkir]] [[hembormultivit]] [[parentsvitamin]] [[hemborvit]] [[jagacovid]][[puasaimunitas]] [[annivvitaminimun]],[[hdpuasaimun]]",Imboost Force Extra Strength 3 Strip (10 Tablet/Strip) - Hemat Borongan,https://d2qjkwm11akmwu.cloudfront.net/thumbnails/303722_5-5-2023_19-56-11.png,medicine,b2c,1,active,354000.00,285700.00,0.00,234500.00,285700.00,0.09,0,,,,"[""tablet""]","[{""type"":""thumbnail_url"",""extension"":""webp"",""url"":""https://d2qjkwm11akmwu.cloudfront.net/thumbnails/303722_5-5-2023_19-56-11.webp""},{""type"":""thumbnail_url"",""extension"":""png"",""url"":""https://d2qjkwm11akmwu.cloudfront.net/thumbnails/303722_5-5-2023_19-56-11.png""},{""type"":""image_url"",""extension"":""jpeg"",""url"":""https://d2qjkwm11akmwu.cloudfront.net/products/696249_5-5-2023_19-56-7.jpeg""},{""type"":""image_url"",""extension"":""webp"",""url"":""https://d2qjkwm11akmwu.cloudfront.net/products/696249_5-5-2023_19-56-7.webp""}]",bb39638d-3536-4cd7-934a-519ccc96dc4e,0,1,1,285700.00,273700.00,,
99,"2023-04-10 14:39:27",Dev,"2023-07-17 16:39:00",SELF,"76027357-6f52-4a1d-9596-82c4b7d3f312","0",BISAGRATISONGKIR,66381,4812746,3360,"2023-04-03 13:00:00","2023-12-31 23:59:00",delayed_instant,"376708cf-e01e-4620-a5cf-54b9a1588316,b44c5b7e-b844-4105-acb8-858aaca5f8d8,49c1f3e0-4252-48c7-a007-8fd58e0fce42,ed1ac092-8663-42e2-96d1-d2af62267ad4,a561bd82-f0ef-45dd-bb79-85c5b0f00fc2,c1b2332b-644c-44a2-a878-0bf9c37e29b1,37eb40ff-cce3-4de6-b839-9cb5445a470f,74fcb9d1-a7b7-4672-ac7f-a1b62d8912a0,7976b31b-63fb-401e-87cc-c6e81ee7b5fd,484583cd-a5cc-40c6-bf9d-31ca6038400a,1963798f-8e06-4aa0-bda9-eb794e85a3ee,217d7de6-0412-4ebc-96df-2d8cfddd99e0,59c8f490-a9f0-497f-97e5-a0b175c23168,7e56512f-c4ed-490b-be84-d2fd21b1180c,ba7166a7-537a-4cfc-a27a-6642dd6764d8,07c03415-0d69-4c43-bc4a-d8a9ee0e3c7e,d7dbdc3c-0b3c-4be4-80eb-daad1e3dedd5,bfa2728f-1c97-4335-8547-1df04059a35b,de59f903-d42f-4640-92b5-0b8415bd7e1b,535d9556-fd19-468f-850b-5b01bff28c15,c21968b7-cc5a-43f8-8e33-552d89ce5846,ef63202b-ae39-4645-b570-c72ea02b7412,2d190978-db01-4027-8b05-bb7e16aa524f,eac848f9-b84c-44f8-85b7-faaa345a11e2",0.00,125,"2023-04-11 17:46:34",SELF,"2023-09-14 12:08:49",CC Token,update_status_coupon_end_time_task_id,ec4634c7-abd6-4ebc-aff4-3aeecfdac781,99,66381,"2022-06-07 17:08:29",Dev,"2025-07-25 02:10:08",SELF,"8931ac61-5b1a-443b-a4e6-29c76e286ac9",69000.00,IDR,https://d2qjkwm11akmwu.cloudfront.net/products/493148_8-5-2023_16-24-1.png,74,"Temukan informasi lengkap Formical-B 2 Strip (6 Kaplet/Strip) - Hemat Borongan di Halodoc. Beli Formical-B 2 Strip (6 Kaplet/Strip) - Hemat Borongan 1 Jam Sampai, Dikirim dari Apotek Tepercaya, Buka 24 Jam*","20250218, suplemen, kalsium, tulang, formical-b, magnesium, zink [[Hematboronganvit]] [[vitaminpilihan]] [[gaspolvitsept]] [[vitaminelderly]] [[vitamin1010]] [[hemborvitamin]] [[vitamin]] [[vitaminpilihan]] ||T2K, ||T3K [[vitramadan]] [[vitaminmenjagapasangan]] [[ramadansehat]] [[Gratis Ongkir]] [[bisagratisongkir]] [[vitaminmbj]][[vitamingratisongkir]] [[bisagratisongkir]] [[gratisongkirvit]] [[parentsvitamin]] [[hembormomandkidsvit]] [[hemborvit]] [[dermatitiscrm]] [[vitaminkeluarga]] [[gaspolkidsbaru]][[puasaimunitas]], [[puasa2024]] [[annivkids]], [[annivvitaminimun]] [[gaspolvitamin]] [[hdcoin]] [[annivvitaminkeluarga]] [[hdsenditulang]]",Formical-B 2 Strip (6 Kaplet/Strip) - Hemat Borongan,https://d2qjkwm11akmwu.cloudfront.net/thumbnails/356855_8-5-2023_16-24-15.png,medicine,b2c,1,active,76800.00,69000.00,0.03,45200.00,69000.00,0.10,0,"2023-09-13 00:00:00","2023-09-19 00:00:00",0,"[""tablet""]","[{""type"":""image_url"",""extension"":""png"",""url"":""https://d2qjkwm11akmwu.cloudfront.net/products/493148_8-5-2023_16-24-1.png""},{""type"":""image_url"",""extension"":""webp"",""url"":""https://d2qjkwm11akmwu.cloudfront.net/products/493148_8-5-2023_16-24-1.webp""},{""type"":""thumbnail_url"",""extension"":""png"",""url"":""https://d2qjkwm11akmwu.cloudfront.net/thumbnails/356855_8-5-2023_16-24-15.png""},{""type"":""thumbnail_url"",""extension"":""webp"",""url"":""https://d2qjkwm11akmwu.cloudfront.net/thumbnails/356855_8-5-2023_16-24-15.webp""}]",cb541041-3227-4dcb-a17f-b4eb40b05f8f,0,1,1,69000.00,64000.00,,
100,"2023-04-10 14:39:27",Dev,"2023-07-17 16:39:01",SELF,"873f6813-aee8-4fc8-8661-7513093039b0","0",BISAGRATISONGKIR,43235,4812746,3360,"2023-04-03 13:00:00","2023-12-31 23:59:00",delayed_instant,"376708cf-e01e-4620-a5cf-54b9a1588316,b44c5b7e-b844-4105-acb8-858aaca5f8d8,49c1f3e0-4252-48c7-a007-8fd58e0fce42,ed1ac092-8663-42e2-96d1-d2af62267ad4,a561bd82-f0ef-45dd-bb79-85c5b0f00fc2,c1b2332b-644c-44a2-a878-0bf9c37e29b1,37eb40ff-cce3-4de6-b839-9cb5445a470f,74fcb9d1-a7b7-4672-ac7f-a1b62d8912a0,7976b31b-63fb-401e-87cc-c6e81ee7b5fd,484583cd-a5cc-40c6-bf9d-31ca6038400a,1963798f-8e06-4aa0-bda9-eb794e85a3ee,217d7de6-0412-4ebc-96df-2d8cfddd99e0,59c8f490-a9f0-497f-97e5-a0b175c23168,7e56512f-c4ed-490b-be84-d2fd21b1180c,ba7166a7-537a-4cfc-a27a-6642dd6764d8,07c03415-0d69-4c43-bc4a-d8a9ee0e3c7e,d7dbdc3c-0b3c-4be4-80eb-daad1e3dedd5,bfa2728f-1c97-4335-8547-1df04059a35b,de59f903-d42f-4640-92b5-0b8415bd7e1b,535d9556-fd19-468f-850b-5b01bff28c15,c21968b7-cc5a-43f8-8e33-552d89ce5846,ef63202b-ae39-4645-b570-c72ea02b7412,2d190978-db01-4027-8b05-bb7e16aa524f,eac848f9-b84c-44f8-85b7-faaa345a11e2",0.00,126,"2023-04-11 17:46:34",SELF,"2023-11-14 09:05:40",CC Token,update_status_coupon_end_time_task_id,"221e4789-b495-453c-ac33-010c0c1fe705",100,43235,"2020-08-18 10:48:32",Dev,"2025-07-25 02:11:51",SELF,"6041a2aa-22de-4abf-aa6d-ec2c5a038c67",79000.00,IDR,https://d2qjkwm11akmwu.cloudfront.net/products/191840_21-7-2023_11-5-26.png,302,"Temukan informasi lengkap Imboost 2 Strip (10 Tablet/Strip) - Hemat Borongan di Halodoc. Beli Imboost 2 Strip (10 Tablet/Strip) - Hemat Borongan 1 Jam Sampai, Dikirim dari Apotek Tepercaya, Buka 24 Jam*","20240115, Echinacea, ecinase, Echinache, Esinase, ekinacea, Lebih-Hemat, ||M4I [[Hematboronganvit]] [[hematborongan]] [[independencevit]] [[vitaminpilihan]] [[hemborvitamin]][[vitamin]] [[vitaminpilihan]] ||T3K [[vitaminmenjagapasangan]] [[halodocannivevit]] [[Gratis Ongkir]] [[bisagratisongkir]] [[gaspolvitamin]] [[Covid-19 Care]][[bisagratisongkir]] [[bisagratisongkir]] [[hembormultivit]] [[parentsvitamin]] [[hemborvit]] [[vitaminkeluarga]] [[jagacovid]] [[halodocny]] [[hembor2024]][[puasaimunitas]], [[puasa2024]] [[annivvitaminimun]] [[cuacapanas]],[[hdpuasaimun]] [[crmvitamin]]",Imboost 2 Strip (10 Tablet/Strip) - Hemat Borongan,https://d2qjkwm11akmwu.cloudfront.net/thumbnails/749480_21-7-2023_11-5-17.png,medicine,b2c,1,active,91000.00,79000.00,0.03,60000.00,79000.00,0.09,0,"2023-10-17 00:00:00","2023-10-24 00:00:00",0,"[""tablet""]","[{""type"":""thumbnail_url"",""extension"":""webp"",""url"":""https://d2qjkwm11akmwu.cloudfront.net/thumbnails/749480_21-7-2023_11-5-17.webp""},{""type"":""thumbnail_url"",""extension"":""png"",""url"":""https://d2qjkwm11akmwu.cloudfront.net/thumbnails/749480_21-7-2023_11-5-17.png""},{""type"":""image_url"",""extension"":""png"",""url"":""https://d2qjkwm11akmwu.cloudfront.net/products/191840_21-7-2023_11-5-26.png""},{""type"":""image_url"",""extension"":""webp"",""url"":""https://d2qjkwm11akmwu.cloudfront.net/products/191840_21-7-2023_11-5-26.webp""}]",cc682032-87c6-4bd4-8c1b-8f29c872b30b,0,1,1,79000.00,72900.00,,
101,"2023-04-10 14:39:27",Dev,"2024-07-03 15:46:04",CC Token,"85e86a54-79a2-4c13-a707-c711ef751c95","0",BISAGRATISONGKIR,43698,4812746,3360,"2023-04-03 13:00:00","2023-12-31 23:59:00",delayed_instant,"376708cf-e01e-4620-a5cf-54b9a1588316,1963798f-8e06-4aa0-bda9-eb794e85a3ee,b44c5b7e-b844-4105-acb8-858aaca5f8d8,49c1f3e0-4252-48c7-a007-8fd58e0fce42,217d7de6-0412-4ebc-96df-2d8cfddd99e0,59c8f490-a9f0-497f-97e5-a0b175c23168,7e56512f-c4ed-490b-be84-d2fd21b1180c,ed1ac092-8663-42e2-96d1-d2af62267ad4,a561bd82-f0ef-45dd-bb79-85c5b0f00fc2,ba7166a7-537a-4cfc-a27a-6642dd6764d8,07c03415-0d69-4c43-bc4a-d8a9ee0e3c7e,d7dbdc3c-0b3c-4be4-80eb-daad1e3dedd5,bfa2728f-1c97-4335-8547-1df04059a35b,de59f903-d42f-4640-92b5-0b8415bd7e1b,535d9556-fd19-468f-850b-5b01bff28c15,c1b2332b-644c-44a2-a878-0bf9c37e29b1,c21968b7-cc5a-43f8-8e33-552d89ce5846,ef63202b-ae39-4645-b570-c72ea02b7412,37eb40ff-cce3-4de6-b839-9cb5445a470f,74fcb9d1-a7b7-4672-ac7f-a1b62d8912a0,7976b31b-63fb-401e-87cc-c6e81ee7b5fd,2d190978-db01-4027-8b05-bb7e16aa524f,484583cd-a5cc-40c6-bf9d-31ca6038400a,eac848f9-b84c-44f8-85b7-faaa345a11e2",0.00,127,"2023-04-11 17:46:35",SELF,"2023-07-18 09:25:13",CC Token,update_status_coupon_end_time_task_id,cf0d0962-aa67-42ae-881d-de064cd567da,101,43698,"2020-08-28 11:03:53",Dev,"2025-07-25 02:06:27",SELF,"3ab63975-4b45-4d46-907c-95aff81c532b",126700.00,IDR,https://d2qjkwm11akmwu.cloudfront.net/products/149057_4-5-2023_14-31-57.png,71,"Temukan informasi lengkap Imunped Sirup 60 ml 2 Botol - Hemat Borongan di Halodoc. Beli Imunped Sirup 60 ml 2 Botol - Hemat Borongan 1 Jam Sampai, Dikirim dari Apotek Tepercaya, Buka 24 Jam*","20250218, QAT-0622, ||M4I [[hematborongan]] [[obatdanvitaminmusimhujan]] [[vitaminanakpilihan]] [[vitmomandkidsfest]] [[hemborvitamin]] [[multivitaminpilihan]] [[vitaminpilihan]] [[rekomendasivitsirup]] [[vitaminsiruphembor]] ||VerifiedKemenkes ||verifiedkemenkes-sirupsuplemen [[untukanak]] [[vitaminmenjagapasangan]] [[momfestdeal]] [[halodocannivevit]] [[Gratis Ongkir]] [[bisagratisongkir]] [[gaspolvitamin]][[vitamingratisongkir]] [[bisagratisongkir]] [[hembormomandkidsvit]] [[supplementanak]] [[hemborvit]] [[obatsirup]] [[vitaminkeluarga]] [[Mothers Day]] [[halodocny]] [[hembor2024]][[puasa2024]] [[annivvitaminimun]] [[backtoschool]] [[harianaknas]] [[imunvitamin]] [[hdcoin]][[hdpuasaanak]],[[hdpuasaimun]] [[crmvitamin]] [[hdvitimun]] [[hdkembalikesekolah]] [[tentanganak]]",Imunped Sirup 60 ml 2 Botol - Hemat Borongan,https://d2qjkwm11akmwu.cloudfront.net/thumbnails/581103_4-5-2023_14-32-1.png,medicine,b2c,1,active,149600.00,126700.00,0.03,46700.00,126700.00,0.09,1,"2023-07-17 00:00:00","2023-07-24 00:00:00",0,"[""measuring_spoon_5ml"",""measuring_spoon_15ml"",""measuring_spoon_10ml"",""ml""]","[{""type"":""image_url"",""extension"":""png"",""url"":""https://d2qjkwm11akmwu.cloudfront.net/products/149057_4-5-2023_14-31-57.png""},{""type"":""image_url"",""extension"":""webp"",""url"":""https://d2qjkwm11akmwu.cloudfront.net/products/149057_4-5-2023_14-31-57.webp""},{""type"":""thumbnail_url"",""extension"":""webp"",""url"":""https://d2qjkwm11akmwu.cloudfront.net/thumbnails/581103_4-5-2023_14-32-1.webp""},{""type"":""thumbnail_url"",""extension"":""png"",""url"":""https://d2qjkwm11akmwu.cloudfront.net/thumbnails/581103_4-5-2023_14-32-1.png""}]","82119689-07ea-4294-8781-3c246cd9d277",0,1,1,126700.00,119200.00,,
102,"2023-04-10 14:39:28",Dev,"2023-07-17 16:39:02",SELF,aaa6c4c7-2394-4122-8c0a-c5c06aaa3a1e,"0",BISAGRATISONGKIR,70399,4812746,3360,"2023-04-03 13:00:00","2023-12-31 23:59:00",delayed_instant,"376708cf-e01e-4620-a5cf-54b9a1588316,b44c5b7e-b844-4105-acb8-858aaca5f8d8,49c1f3e0-4252-48c7-a007-8fd58e0fce42,ed1ac092-8663-42e2-96d1-d2af62267ad4,a561bd82-f0ef-45dd-bb79-85c5b0f00fc2,c1b2332b-644c-44a2-a878-0bf9c37e29b1,37eb40ff-cce3-4de6-b839-9cb5445a470f,74fcb9d1-a7b7-4672-ac7f-a1b62d8912a0,7976b31b-63fb-401e-87cc-c6e81ee7b5fd,484583cd-a5cc-40c6-bf9d-31ca6038400a,1963798f-8e06-4aa0-bda9-eb794e85a3ee,217d7de6-0412-4ebc-96df-2d8cfddd99e0,59c8f490-a9f0-497f-97e5-a0b175c23168,7e56512f-c4ed-490b-be84-d2fd21b1180c,ba7166a7-537a-4cfc-a27a-6642dd6764d8,07c03415-0d69-4c43-bc4a-d8a9ee0e3c7e,d7dbdc3c-0b3c-4be4-80eb-daad1e3dedd5,bfa2728f-1c97-4335-8547-1df04059a35b,de59f903-d42f-4640-92b5-0b8415bd7e1b,535d9556-fd19-468f-850b-5b01bff28c15,c21968b7-cc5a-43f8-8e33-552d89ce5846,ef63202b-ae39-4645-b570-c72ea02b7412,2d190978-db01-4027-8b05-bb7e16aa524f,eac848f9-b84c-44f8-85b7-faaa345a11e2",0.00,128,"2023-04-11 17:46:35",SELF,"2023-10-05 14:05:41",CC Token,update_status_coupon_end_time_task_id,b06348e0-109e-4a41-a44e-6d710e724195,102,70399,"2022-09-08 16:53:13",Dev,"2025-07-25 02:19:41",SELF,"5922c5c7-fe9a-4689-b770-42510f757471",117300.00,IDR,https://d2qjkwm11akmwu.cloudfront.net/products/440205_5-5-2023_19-42-27.jpeg,219,"Temukan informasi lengkap Lactamam 3 Strip (10 Tablet/Strip) - Hemat Borongan di Halodoc. Beli Lactamam 3 Strip (10 Tablet/Strip) - Hemat Borongan 1 Jam Sampai, Dikirim dari Apotek Tepercaya, Buka 24 Jam*","20241114, ASI, AIR SUSU IBU, lancar asi, sari asi, peningkat asi [[untukibu]] ||T2K, ||T3K [[vitaminmenjagapasangan]] [[momfestdeal]] [[halodocannivevit]] [[Gratis Ongkir]] [[bisagratisongkir]] [[gaspolvitamin]][[bisagratisongkir]] [[vitamingratisongkir]] [[hembormomandkidsvit]] [[hemborvit]] [[vitaminkeluarga]] [[gaspolkidsbaru]] [[halodocny]] [[hembor2024]][[puasaibuanak]] [[annivkids]] [[hamilmenyusui]] [[hdmoms]] [[ibuhamilmenyusui]] [[hdcoin]] [[annivvitaminkeluarga]] [[hdibuhari]] [[hdsuplemenmenyusui]]",Lactamam 3 Strip (10 Tablet/Strip) - Hemat Borongan,https://d2qjkwm11akmwu.cloudfront.net/thumbnails/889049_5-5-2023_19-42-31.png,medicine,b2c,1,active,129000.00,117300.00,0.01,90900.00,117300.00,0.10,0,,,,"[""tablet""]","[{""type"":""thumbnail_url"",""extension"":""png"",""url"":""https://d2qjkwm11akmwu.cloudfront.net/thumbnails/889049_5-5-2023_19-42-31.png""},{""type"":""image_url"",""extension"":""jpeg"",""url"":""https://d2qjkwm11akmwu.cloudfront.net/products/440205_5-5-2023_19-42-27.jpeg""},{""type"":""image_url"",""extension"":""webp"",""url"":""https://d2qjkwm11akmwu.cloudfront.net/products/440205_5-5-2023_19-42-27.webp""},{""type"":""thumbnail_url"",""extension"":""webp"",""url"":""https://d2qjkwm11akmwu.cloudfront.net/thumbnails/889049_5-5-2023_19-42-31.webp""}]","92e13cf0-54c4-48a3-86b7-82f8f256ed60",0,1,1,117300.00,109400.00,,
103,"2023-04-10 14:39:28",Dev,"2024-07-03 19:32:51",CC Token,"3eebfa4d-10c5-47d2-a7ba-e6305f25e9d1","0",BISAGRATISONGKIR,43276,4812746,3360,"2023-04-03 13:00:00","2023-12-31 23:59:00",delayed_instant,"376708cf-e01e-4620-a5cf-54b9a1588316,1963798f-8e06-4aa0-bda9-eb794e85a3ee,b44c5b7e-b844-4105-acb8-858aaca5f8d8,49c1f3e0-4252-48c7-a007-8fd58e0fce42,217d7de6-0412-4ebc-96df-2d8cfddd99e0,59c8f490-a9f0-497f-97e5-a0b175c23168,7e56512f-c4ed-490b-be84-d2fd21b1180c,ed1ac092-8663-42e2-96d1-d2af62267ad4,a561bd82-f0ef-45dd-bb79-85c5b0f00fc2,ba7166a7-537a-4cfc-a27a-6642dd6764d8,07c03415-0d69-4c43-bc4a-d8a9ee0e3c7e,d7dbdc3c-0b3c-4be4-80eb-daad1e3dedd5,bfa2728f-1c97-4335-8547-1df04059a35b,de59f903-d42f-4640-92b5-0b8415bd7e1b,535d9556-fd19-468f-850b-5b01bff28c15,c1b2332b-644c-44a2-a878-0bf9c37e29b1,c21968b7-cc5a-43f8-8e33-552d89ce5846,ef63202b-ae39-4645-b570-c72ea02b7412,37eb40ff-cce3-4de6-b839-9cb5445a470f,74fcb9d1-a7b7-4672-ac7f-a1b62d8912a0,7976b31b-63fb-401e-87cc-c6e81ee7b5fd,2d190978-db01-4027-8b05-bb7e16aa524f,484583cd-a5cc-40c6-bf9d-31ca6038400a,eac848f9-b84c-44f8-85b7-faaa345a11e2",0.00,129,"2023-04-11 17:46:35",SELF,"2023-10-05 14:04:58",CC Token,update_status_coupon_end_time_task_id,c564c4a2-9842-4f46-a91f-c061d20e16f6,103,43276,"2020-08-18 10:48:44",Dev,"2025-07-25 02:06:17",SELF,dc6b2418-be88-4eb5-8283-1b555b819edc,119400.00,IDR,https://d2qjkwm11akmwu.cloudfront.net/products/336729_20-7-2023_10-54-25.png,875,"Temukan informasi lengkap Apialys Drops 10 ml 2 Botol - Hemat Borongan di Halodoc. Beli Apialys Drops 10 ml 2 Botol - Hemat Borongan 1 Jam Sampai, Dikirim dari Apotek Tepercaya, Buka 24 Jam*","20250603, QAT-1122, Lebih Hemat ||M4I [[hematborongan]] [[vitaminpilihan]] [ [[vitmomandkidsfest]] [[hemborvitamin]] [[multivitaminpilihan]] [[vitaminpilihan]] [[rekomendasivitsirup]] [[vitaminsiruphembor]] [[untukanak]] [[vitaminmenjagapasangan]] [[momfestdeal]] [[halodocannivevit]] [[Gratis Ongkir]] [[bisagratisongkir]] [[gaspolvitamin]][[bisagratisongkir]] [[vitamingratisongkir]] [[hembormomandkidsvit]] [[supplementanak]] [[hemborvit]] [[obatsirup]] [[vitaminkeluarga]] zamel [[halodocny]] [[hembor2024]][[puasaimunitas]], [[puasa2024]] [[annivvitaminimun]] [[backtoschool]] [[harianaknas]] [[kebutuhananak]] [[hdanakbayi]] [[hdcoin]],[[hdpuasaanak]] [[hdkembalikesekolah]] [[tentanganak]]",Apialys Drops 10 ml 2 Botol - Hemat Borongan,https://d2qjkwm11akmwu.cloudfront.net/thumbnails/797167_20-7-2023_10-54-55.png,medicine,b2c,1,active,132000.00,119400.00,0.02,67500.00,119400.00,0.09,0,"2023-08-09 00:00:00","2023-08-15 00:00:00",0,"[""drops"",""ml""]","[{""type"":""image_url"",""extension"":""png"",""url"":""https://d2qjkwm11akmwu.cloudfront.net/products/336729_20-7-2023_10-54-25.png""},{""type"":""image_url"",""extension"":""webp"",""url"":""https://d2qjkwm11akmwu.cloudfront.net/products/336729_20-7-2023_10-54-25.webp""},{""type"":""thumbnail_url"",""extension"":""png"",""url"":""https://d2qjkwm11akmwu.cloudfront.net/thumbnails/797167_20-7-2023_10-54-55.png""},{""type"":""thumbnail_url"",""extension"":""webp"",""url"":""https://d2qjkwm11akmwu.cloudfront.net/thumbnails/797167_20-7-2023_10-54-55.webp""}]",bd82052c-fae7-4f67-9e81-412c1df6b9c9,0,1,1,119400.00,113100.00,,
104,"2023-04-10 14:39:28",Dev,"2023-07-17 16:39:02",SELF,"0e39a464-c50f-4958-9e76-fb72433c8602","0",BISAGRATISONGKIR,43393,4812746,3360,"2023-04-03 13:00:00","2023-12-31 23:59:00",delayed_instant,"376708cf-e01e-4620-a5cf-54b9a1588316,b44c5b7e-b844-4105-acb8-858aaca5f8d8,49c1f3e0-4252-48c7-a007-8fd58e0fce42,ed1ac092-8663-42e2-96d1-d2af62267ad4,a561bd82-f0ef-45dd-bb79-85c5b0f00fc2,c1b2332b-644c-44a2-a878-0bf9c37e29b1,37eb40ff-cce3-4de6-b839-9cb5445a470f,74fcb9d1-a7b7-4672-ac7f-a1b62d8912a0,7976b31b-63fb-401e-87cc-c6e81ee7b5fd,484583cd-a5cc-40c6-bf9d-31ca6038400a,1963798f-8e06-4aa0-bda9-eb794e85a3ee,217d7de6-0412-4ebc-96df-2d8cfddd99e0,59c8f490-a9f0-497f-97e5-a0b175c23168,7e56512f-c4ed-490b-be84-d2fd21b1180c,ba7166a7-537a-4cfc-a27a-6642dd6764d8,07c03415-0d69-4c43-bc4a-d8a9ee0e3c7e,d7dbdc3c-0b3c-4be4-80eb-daad1e3dedd5,bfa2728f-1c97-4335-8547-1df04059a35b,de59f903-d42f-4640-92b5-0b8415bd7e1b,535d9556-fd19-468f-850b-5b01bff28c15,c21968b7-cc5a-43f8-8e33-552d89ce5846,ef63202b-ae39-4645-b570-c72ea02b7412,2d190978-db01-4027-8b05-bb7e16aa524f,eac848f9-b84c-44f8-85b7-faaa345a11e2",0.00,130,"2023-04-11 17:46:35",SELF,"2023-07-17 16:39:02",SELF,update_status_coupon_end_time_task_id,"4c42a4cd-f1fd-4e45-b2cb-72e9d0e65f43",104,43393,"2020-08-18 10:49:17",Dev,"2025-07-25 02:11:56",SELF,f7a7894d-227d-4964-a47c-5c3a92c68b79,172500.00,IDR,https://d2qjkwm11akmwu.cloudfront.net/products/616431_4-5-2023_16-25-19.png,28,"Informasi terlengkap tentang CDR Effervescent Twinpack 2 Box (40 Tablet) - Hemat Borongan . Komposisi, Fungsi, Kegunaan, Ulasan, Efek Samping, Indikasi, Aturan Pakai, dan Dosis.","20241114, QAT-0622, Lebih Hemat, suplemen tulang, suplemen kalsium, vitamin, vitamin C, vitamin & kalsium ||M4I [[Hematboronganvit]] [[hematborongan]] [[vitaminpilihan]] [[hemborvitamin]] [[vitaminpilihan]] [[musclebonejoint]] ||T3K [[Gratis Ongkir]] [[bisagratisongkir]][[vitamingratisongkir]] [[bisagratisongkir]] [[gratisongkirvit]] [[parentsvitamin]] [[hembormomandkidsvit]] [[hemborvit]]",CDR Effervescent Twinpack 2 Box (20 Tablet/Box) - Hemat Borongan,https://d2qjkwm11akmwu.cloudfront.net/thumbnails/320871_4-5-2023_16-25-23.png,medicine,b2c,1,active,218000.00,172500.00,0.00,132600.00,172500.00,0.09,0,,,,"[""tablet""]","[{""type"":""image_url"",""extension"":""png"",""url"":""https://d2qjkwm11akmwu.cloudfront.net/products/616431_4-5-2023_16-25-19.png""},{""type"":""thumbnail_url"",""extension"":""png"",""url"":""https://d2qjkwm11akmwu.cloudfront.net/thumbnails/320871_4-5-2023_16-25-23.png""},{""type"":""thumbnail_url"",""extension"":""webp"",""url"":""https://d2qjkwm11akmwu.cloudfront.net/thumbnails/320871_4-5-2023_16-25-23.webp""},{""type"":""image_url"",""extension"":""webp"",""url"":""https://d2qjkwm11akmwu.cloudfront.net/products/616431_4-5-2023_16-25-19.webp""}]",e4cffb78-ac44-4df9-a310-d9da08f6233e,0,1,1,172500.00,165100.00,,
105,"2023-04-10 14:39:28",Dev,"2023-07-17 16:39:02",SELF,f6deb642-a83a-40f8-a4c1-4e773b65b0fa,"0",BISAGRATISONGKIR,66385,4812746,3360,"2023-04-03 13:00:00","2023-12-31 23:59:00",delayed_instant,"376708cf-e01e-4620-a5cf-54b9a1588316,b44c5b7e-b844-4105-acb8-858aaca5f8d8,49c1f3e0-4252-48c7-a007-8fd58e0fce42,ed1ac092-8663-42e2-96d1-d2af62267ad4,a561bd82-f0ef-45dd-bb79-85c5b0f00fc2,c1b2332b-644c-44a2-a878-0bf9c37e29b1,37eb40ff-cce3-4de6-b839-9cb5445a470f,74fcb9d1-a7b7-4672-ac7f-a1b62d8912a0,7976b31b-63fb-401e-87cc-c6e81ee7b5fd,484583cd-a5cc-40c6-bf9d-31ca6038400a,1963798f-8e06-4aa0-bda9-eb794e85a3ee,217d7de6-0412-4ebc-96df-2d8cfddd99e0,59c8f490-a9f0-497f-97e5-a0b175c23168,7e56512f-c4ed-490b-be84-d2fd21b1180c,ba7166a7-537a-4cfc-a27a-6642dd6764d8,07c03415-0d69-4c43-bc4a-d8a9ee0e3c7e,d7dbdc3c-0b3c-4be4-80eb-daad1e3dedd5,bfa2728f-1c97-4335-8547-1df04059a35b,de59f903-d42f-4640-92b5-0b8415bd7e1b,535d9556-fd19-468f-850b-5b01bff28c15,c21968b7-cc5a-43f8-8e33-552d89ce5846,ef63202b-ae39-4645-b570-c72ea02b7412,2d190978-db01-4027-8b05-bb7e16aa524f,eac848f9-b84c-44f8-85b7-faaa345a11e2",0.00,131,"2023-04-11 17:46:35",SELF,"2023-07-25 09:07:34",CC Token,update_status_coupon_end_time_task_id,"54bd1e26-88d3-4791-8812-1d5b079af18a",105,66385,"2022-06-07 17:08:31",Dev,"2025-07-25 02:10:09",SELF,"19a93d15-8003-40dd-897b-e344c2c37478",176700.00,IDR,https://d2qjkwm11akmwu.cloudfront.net/products/255794_8-5-2023_15-48-34.png,274,"Informasi terlengkap tentang Retivit Plus 2 Strip (10 Kaplet/Strip) - Hemat Borongan. Komposisi, Fungsi, Kegunaan, Ulasan, Efek Samping, Indikasi, Aturan Pakai, dan Dosis.","20240325, retivit plus, retivit, kesehatan, fungsi, mata, antioksidan, Branded Generic, vitamin c, vitamin e, beta kharoten [[Hematboronganvit]] [[vitaminpilihan]] [[vitamin1010]] [[hemborvitamin]] [[vitaminpilihan]] ||T3K [[Gratis Ongkir]] [[bisagratisongkir]] [[gaspolvitamin]][[vitamingratisongkir]] [[bisagratisongkir]] [[gratisongkirvit]] [[hembormultivit]] [[hemborvit]]",Retivit Plus 2 Strip (10 Kaplet/Strip) - Hemat Borongan,https://d2qjkwm11akmwu.cloudfront.net/thumbnails/211555_8-5-2023_15-48-43.png,medicine,b2c,1,active,202600.00,176700.00,0.00,130400.00,176700.00,0.10,0,,,,"[""tablet""]","[{""type"":""image_url"",""extension"":""webp"",""url"":""https://d2qjkwm11akmwu.cloudfront.net/products/255794_8-5-2023_15-48-34.webp""},{""type"":""image_url"",""extension"":""png"",""url"":""https://d2qjkwm11akmwu.cloudfront.net/products/255794_8-5-2023_15-48-34.png""},{""type"":""thumbnail_url"",""extension"":""png"",""url"":""https://d2qjkwm11akmwu.cloudfront.net/thumbnails/211555_8-5-2023_15-48-43.png""},{""type"":""thumbnail_url"",""extension"":""webp"",""url"":""https://d2qjkwm11akmwu.cloudfront.net/thumbnails/211555_8-5-2023_15-48-43.webp""}]","863a9460-f91c-4aa0-a1bb-c064efa1e09b",0,1,1,176700.00,164800.00,,
106,"2023-04-10 14:39:28",Dev,"2023-07-17 16:39:02",SELF,"89c09699-96fa-4e98-926c-939ddf07615d","0",BISAGRATISONGKIR,69326,4812746,3360,"2023-04-03 13:00:00","2023-12-31 23:59:00",delayed_instant,"376708cf-e01e-4620-a5cf-54b9a1588316,b44c5b7e-b844-4105-acb8-858aaca5f8d8,49c1f3e0-4252-48c7-a007-8fd58e0fce42,ed1ac092-8663-42e2-96d1-d2af62267ad4,a561bd82-f0ef-45dd-bb79-85c5b0f00fc2,c1b2332b-644c-44a2-a878-0bf9c37e29b1,37eb40ff-cce3-4de6-b839-9cb5445a470f,74fcb9d1-a7b7-4672-ac7f-a1b62d8912a0,7976b31b-63fb-401e-87cc-c6e81ee7b5fd,484583cd-a5cc-40c6-bf9d-31ca6038400a,1963798f-8e06-4aa0-bda9-eb794e85a3ee,217d7de6-0412-4ebc-96df-2d8cfddd99e0,59c8f490-a9f0-497f-97e5-a0b175c23168,7e56512f-c4ed-490b-be84-d2fd21b1180c,ba7166a7-537a-4cfc-a27a-6642dd6764d8,07c03415-0d69-4c43-bc4a-d8a9ee0e3c7e,d7dbdc3c-0b3c-4be4-80eb-daad1e3dedd5,bfa2728f-1c97-4335-8547-1df04059a35b,de59f903-d42f-4640-92b5-0b8415bd7e1b,535d9556-fd19-468f-850b-5b01bff28c15,c21968b7-cc5a-43f8-8e33-552d89ce5846,ef63202b-ae39-4645-b570-c72ea02b7412,2d190978-db01-4027-8b05-bb7e16aa524f,eac848f9-b84c-44f8-85b7-faaa345a11e2",0.00,132,"2023-04-11 17:46:35",SELF,"2023-11-14 11:19:01",CC Token,update_status_coupon_end_time_task_id,"235fbf93-57a9-467d-ba41-21c55382ea8c",106,69326,"2022-08-18 18:28:30",Dev,"2025-07-25 02:19:20",SELF,ef3cffe4-8806-4adb-8944-94c58fbea8b1,80500.00,IDR,https://d2qjkwm11akmwu.cloudfront.net/products/625544_5-5-2023_17-55-19.jpeg,302,"Informasi terlengkap tentang Imboost Kids Sirup 60 ml 2 Botol - Hemat Borongan. Komposisi, Fungsi, Kegunaan, Ulasan, Efek Samping, Indikasi, Aturan Pakai, dan Dosis.","20240325, Echinacea, imun booster, stamina, daya tahan tubuh, imun imboost kids, vitamin tubuh, daya tahan tubuh, suplemen, ||VerifiedKemenkes ||verifiedkemenkes-sirupsuplemen [[rekomendasivitsirup]] [[vitaminsiruphembor]] [[vitaminpilihan]] [[untukanak]] ||T3K  [[vitaminmenjagapasangan]] [[momfestdeal]] [[halodocannivevit]] [[Gratis Ongkir]] [[bisagratisongkir]] [[gaspolvitamin]][[vitamingratisongkir]] [[bisagratisongkir]] [[supplementanak]] [[obatsirup]] [[hembor2024]][[puasaimunitas]], [[puasa2024]] [[annivvitaminimun]] [[tentanganak]]",Imboost Kids Sirup 60 ml 2 Botol - Hemat Borongan,https://d2qjkwm11akmwu.cloudfront.net/thumbnails/848601_5-5-2023_17-55-23.png,medicine,b2c,1,active,101400.00,80500.00,0.00,66000.00,80500.00,0.10,1,"2023-09-05 00:00:00","2023-09-11 00:00:00",0,"[""measuring_spoon_15ml"",""measuring_spoon_10ml"",""measuring_spoon_5ml"",""ml""]","[{""type"":""image_url"",""extension"":""jpeg"",""url"":""https://d2qjkwm11akmwu.cloudfront.net/products/625544_5-5-2023_17-55-19.jpeg""},{""type"":""thumbnail_url"",""extension"":""png"",""url"":""https://d2qjkwm11akmwu.cloudfront.net/thumbnails/848601_5-5-2023_17-55-23.png""},{""type"":""image_url"",""extension"":""webp"",""url"":""https://d2qjkwm11akmwu.cloudfront.net/products/625544_5-5-2023_17-55-19.webp""},{""type"":""thumbnail_url"",""extension"":""webp"",""url"":""https://d2qjkwm11akmwu.cloudfront.net/thumbnails/848601_5-5-2023_17-55-23.webp""}]",dc616cd4-f2fb-49e3-b451-2dfa22544bd0,0,1,1,80500.00,75700.00,,
107,"2023-04-10 14:39:29",Dev,"2023-07-17 16:39:03",SELF,"243a22e6-c8cc-4944-a979-2e6bc35b2b7e","0",BISAGRATISONGKIR,43682,4812746,3360,"2023-04-03 13:00:00","2023-12-31 23:59:00",delayed_instant,"376708cf-e01e-4620-a5cf-54b9a1588316,b44c5b7e-b844-4105-acb8-858aaca5f8d8,49c1f3e0-4252-48c7-a007-8fd58e0fce42,ed1ac092-8663-42e2-96d1-d2af62267ad4,a561bd82-f0ef-45dd-bb79-85c5b0f00fc2,c1b2332b-644c-44a2-a878-0bf9c37e29b1,37eb40ff-cce3-4de6-b839-9cb5445a470f,74fcb9d1-a7b7-4672-ac7f-a1b62d8912a0,7976b31b-63fb-401e-87cc-c6e81ee7b5fd,484583cd-a5cc-40c6-bf9d-31ca6038400a,1963798f-8e06-4aa0-bda9-eb794e85a3ee,217d7de6-0412-4ebc-96df-2d8cfddd99e0,59c8f490-a9f0-497f-97e5-a0b175c23168,7e56512f-c4ed-490b-be84-d2fd21b1180c,ba7166a7-537a-4cfc-a27a-6642dd6764d8,07c03415-0d69-4c43-bc4a-d8a9ee0e3c7e,d7dbdc3c-0b3c-4be4-80eb-daad1e3dedd5,bfa2728f-1c97-4335-8547-1df04059a35b,de59f903-d42f-4640-92b5-0b8415bd7e1b,535d9556-fd19-468f-850b-5b01bff28c15,c21968b7-cc5a-43f8-8e33-552d89ce5846,ef63202b-ae39-4645-b570-c72ea02b7412,2d190978-db01-4027-8b05-bb7e16aa524f,eac848f9-b84c-44f8-85b7-faaa345a11e2",0.00,133,"2023-04-11 17:46:36",SELF,"2023-10-24 10:54:09",CC Token,update_status_coupon_end_time_task_id,"7636c38d-2d4c-4f87-a73a-e99369e0ac84",107,43682,"2020-08-28 11:03:48",Dev,"2025-07-25 02:06:26",SELF,e7dfaad2-a703-47fa-87cb-6dcd0d80f84a,65900.00,IDR,https://d2qjkwm11akmwu.cloudfront.net/products/538362_5-5-2023_18-56-58.jpeg,274,"Temukan informasi lengkap Becom-C 3 Strip (10 Kaplet/Strip) - Hemat Borongan di Halodoc. Beli Becom-C 3 Strip (10 Kaplet/Strip) - Hemat Borongan 1 Jam Sampai, Dikirim dari Apotek Tepercaya, Buka 24 Jam*","20241209, QAT-1122, Subscriptions, Subscription, Langganan ||M4I [[Hematboronganvit]] [[hematborongan]] [[obatdanvitaminmusimhujan]] [[vitaminelderly]] [[hemborvitamin]] [[multivitaminpilihan]] [[vitaminlangganan]] ||T2K, ||T3K [[vitaminmenjagapasangan]] [[halodocannivevit]] [[Gratis Ongkir]] [[bisagratisongkir]] [[gaspolvitamin]] [[vitamingratisongkir]] [[bisagratisongkir]] [[hembormultivit]] [[parentsvitamin]] [[hemborvit]] hevit-c[[puasaimunitas]],Becom Z [[annivvitaminimun]],[[hdpuasaimun]] [[crmvitamin]]",Becom-C 3 Strip (10 Kaplet/Strip) - Hemat Borongan,https://d2qjkwm11akmwu.cloudfront.net/thumbnails/522178_5-5-2023_18-57-3.png,medicine,b2c,1,active,72000.00,65900.00,0.01,46500.00,65900.00,0.09,1,"2023-10-24 00:00:00","2023-10-31 00:00:00",0,"[""tablet""]","[{""type"":""thumbnail_url"",""extension"":""png"",""url"":""https://d2qjkwm11akmwu.cloudfront.net/thumbnails/522178_5-5-2023_18-57-3.png""},{""type"":""image_url"",""extension"":""webp"",""url"":""https://d2qjkwm11akmwu.cloudfront.net/products/538362_5-5-2023_18-56-58.webp""},{""type"":""thumbnail_url"",""extension"":""webp"",""url"":""https://d2qjkwm11akmwu.cloudfront.net/thumbnails/522178_5-5-2023_18-57-3.webp""},{""type"":""image_url"",""extension"":""jpeg"",""url"":""https://d2qjkwm11akmwu.cloudfront.net/products/538362_5-5-2023_18-56-58.jpeg""}]",de23836b-b764-4799-8ce0-44bdfa569ad7,0,1,1,65900.00,60700.00,,
108,"2023-04-10 14:39:29",Dev,"2025-07-14 09:48:09",CC Token,"70931eec-44ee-407e-a67e-bd9de2e65169","0",BISAGRATISONGKIR,43290,4812746,3360,"2023-04-03 13:00:00","2023-12-31 23:59:00",delayed_instant,"376708cf-e01e-4620-a5cf-54b9a1588316,1963798f-8e06-4aa0-bda9-eb794e85a3ee,b44c5b7e-b844-4105-acb8-858aaca5f8d8,49c1f3e0-4252-48c7-a007-8fd58e0fce42,217d7de6-0412-4ebc-96df-2d8cfddd99e0,59c8f490-a9f0-497f-97e5-a0b175c23168,7e56512f-c4ed-490b-be84-d2fd21b1180c,ed1ac092-8663-42e2-96d1-d2af62267ad4,a561bd82-f0ef-45dd-bb79-85c5b0f00fc2,ba7166a7-537a-4cfc-a27a-6642dd6764d8,07c03415-0d69-4c43-bc4a-d8a9ee0e3c7e,d7dbdc3c-0b3c-4be4-80eb-daad1e3dedd5,bfa2728f-1c97-4335-8547-1df04059a35b,de59f903-d42f-4640-92b5-0b8415bd7e1b,535d9556-fd19-468f-850b-5b01bff28c15,c1b2332b-644c-44a2-a878-0bf9c37e29b1,c21968b7-cc5a-43f8-8e33-552d89ce5846,ef63202b-ae39-4645-b570-c72ea02b7412,37eb40ff-cce3-4de6-b839-9cb5445a470f,74fcb9d1-a7b7-4672-ac7f-a1b62d8912a0,7976b31b-63fb-401e-87cc-c6e81ee7b5fd,2d190978-db01-4027-8b05-bb7e16aa524f,484583cd-a5cc-40c6-bf9d-31ca6038400a,eac848f9-b84c-44f8-85b7-faaa345a11e2",0.00,134,"2023-04-11 17:46:36",SELF,"2023-10-23 14:23:27",CC Token,update_status_coupon_end_time_task_id,"2c592d53-193b-4e2b-af70-f74a4de4265e",108,43290,"2020-08-18 10:48:48",Dev,"2025-07-14 15:03:25",Dev,"4af04b8e-1462-4383-ab4d-fd5b1cfea2fe",118500.00,IDR,https://d2qjkwm11akmwu.cloudfront.net/products/41724_20-7-2023_10-58-26.png,316,"Informasi terlengkap tentang Theragran-M 20 Tablet - Hemat Borongan . Komposisi, Fungsi, Kegunaan, Ulasan, Efek Samping, Indikasi, Aturan Pakai, dan Dosis.","20231023*, Lebih-Hemat,Subscriptions, Subscription, Langganan ||M4I [[Hematboronganvit]] [[hematborongan]] [[gymsehat]] [[vitaminpilihan]] [[vitaminelderly]] [[hemborvitamin]] [[multivitaminpilihan]][[vitaminlangganan]] [[vitaminpilihan]] ||T2K, ||T3K  [[vitaminmenjagapasangan]] [[halodocannivevit]] [[Gratis Ongkir]] [[bisagratisongkir]] [[gaspolvitamin]][[bisagratisongkir]] [[vitamingratisongkir]] [[hembormultivit]] [[parentsvitamin]] [[hemborvit]]",Theragran-M 5 Strip (4 Tablet/Strip) - Hemat Borongan,https://d2qjkwm11akmwu.cloudfront.net/thumbnails/762096_20-7-2023_10-58-56.png,medicine,b2c,0,inactive,142500.00,110500.00,0.00,88000.00,110500.00,0.09,0,,,,"[""tablet""]","[{""type"":""thumbnail_url"",""extension"":""png"",""url"":""https://d2qjkwm11akmwu.cloudfront.net/thumbnails/762096_20-7-2023_10-58-56.png""},{""type"":""image_url"",""extension"":""webp"",""url"":""https://d2qjkwm11akmwu.cloudfront.net/products/41724_20-7-2023_10-58-26.webp""},{""type"":""thumbnail_url"",""extension"":""webp"",""url"":""https://d2qjkwm11akmwu.cloudfront.net/thumbnails/762096_20-7-2023_10-58-56.webp""},{""type"":""image_url"",""extension"":""png"",""url"":""https://d2qjkwm11akmwu.cloudfront.net/products/41724_20-7-2023_10-58-26.png""}]",,0,1,0,0.00,0.00,,
109,"2023-05-29 09:53:43",Dev,"2024-06-25 09:26:50",CC Token,cb9128b0-74d6-45e6-8384-465f635ae92f,"0",BISAGRATISONGKIR,43320,4812746,3360,"2023-04-03 13:00:00","2023-12-31 23:59:00",delayed_instant,"376708cf-e01e-4620-a5cf-54b9a1588316,1963798f-8e06-4aa0-bda9-eb794e85a3ee,b44c5b7e-b844-4105-acb8-858aaca5f8d8,49c1f3e0-4252-48c7-a007-8fd58e0fce42,217d7de6-0412-4ebc-96df-2d8cfddd99e0,59c8f490-a9f0-497f-97e5-a0b175c23168,7e56512f-c4ed-490b-be84-d2fd21b1180c,ed1ac092-8663-42e2-96d1-d2af62267ad4,a561bd82-f0ef-45dd-bb79-85c5b0f00fc2,ba7166a7-537a-4cfc-a27a-6642dd6764d8,07c03415-0d69-4c43-bc4a-d8a9ee0e3c7e,d7dbdc3c-0b3c-4be4-80eb-daad1e3dedd5,bfa2728f-1c97-4335-8547-1df04059a35b,de59f903-d42f-4640-92b5-0b8415bd7e1b,535d9556-fd19-468f-850b-5b01bff28c15,c1b2332b-644c-44a2-a878-0bf9c37e29b1,c21968b7-cc5a-43f8-8e33-552d89ce5846,ef63202b-ae39-4645-b570-c72ea02b7412,37eb40ff-cce3-4de6-b839-9cb5445a470f,74fcb9d1-a7b7-4672-ac7f-a1b62d8912a0,7976b31b-63fb-401e-87cc-c6e81ee7b5fd,2d190978-db01-4027-8b05-bb7e16aa524f,484583cd-a5cc-40c6-bf9d-31ca6038400a,eac848f9-b84c-44f8-85b7-faaa345a11e2",0.00,135,"2023-05-29 09:53:43",Dev,"2023-08-10 13:59:09",CC Token,update_status_coupon_end_time_task_id,"7130d50e-6008-402a-b106-5857c7b31a3d",109,43320,"2020-08-18 10:48:57",Dev,"2025-07-17 15:03:36",Dev,"8f4ffb29-8643-43ed-9435-ccfbde361a22",149500.00,IDR,https://d2qjkwm11akmwu.cloudfront.net/products/82616_4-5-2023_16-26-17.png,398,"Informasi terlengkap tentang Bye Bye Fever Bayi 2 Box (@10 Lembar) - Hemat Borongan . Komposisi, Fungsi, Kegunaan, Ulasan, Efek Samping, Indikasi, Aturan Pakai, dan Dosis.","20221020*, QAT-1222, Lebih-Hemat, specialtyhemat[[hematborongan]] [[hemborspecialty]] [[weekendbaeothers]]  [[specialtykids]] ||T2K, ||T3K [[oilfever]] [[demam anak]][[specialtygratisongkir]] [[bisagratisongkir]] [[pastigratisongkir]] [[hemborotc]] [[hembormomkids]] [[perawatanibuanak]] [[keywordmom]] [[ibuanakpilihan]] [[gaspolkids]] [[gaspolkidsbaru]]  [[hembor2024]][[puasaibuanak]], [[puasaibuanak]], [[puasa2024]] [[annivkids]]",Bye Bye Fever Bayi 2 Box (10 Pieces/Box) - Hemat Borongan,https://d2qjkwm11akmwu.cloudfront.net/thumbnails/554275_4-5-2023_16-26-20.png,medicine,b2c,0,inactive,182000.00,149500.00,0.00,114300.00,149500.00,0.09,0,,,,"[""sheets"",""patch""]","[{""type"":""image_url"",""extension"":""png"",""url"":""https://d2qjkwm11akmwu.cloudfront.net/products/82616_4-5-2023_16-26-17.png""},{""type"":""image_url"",""extension"":""webp"",""url"":""https://d2qjkwm11akmwu.cloudfront.net/products/82616_4-5-2023_16-26-17.webp""},{""type"":""thumbnail_url"",""extension"":""webp"",""url"":""https://d2qjkwm11akmwu.cloudfront.net/thumbnails/554275_4-5-2023_16-26-20.webp""},{""type"":""thumbnail_url"",""extension"":""png"",""url"":""https://d2qjkwm11akmwu.cloudfront.net/thumbnails/554275_4-5-2023_16-26-20.png""}]",,0,1,1,149500.00,139900.00,,
110,"2023-05-29 09:53:44",Dev,"2024-08-02 11:01:10",CC Token,"5fa32d59-21a8-406f-8aa5-286a9eb5d8e8","0",BISAGRATISONGKIR,74654,4812746,3360,"2023-04-03 13:00:00","2023-12-31 23:59:00",delayed_instant,"376708cf-e01e-4620-a5cf-54b9a1588316,1963798f-8e06-4aa0-bda9-eb794e85a3ee,b44c5b7e-b844-4105-acb8-858aaca5f8d8,49c1f3e0-4252-48c7-a007-8fd58e0fce42,217d7de6-0412-4ebc-96df-2d8cfddd99e0,59c8f490-a9f0-497f-97e5-a0b175c23168,7e56512f-c4ed-490b-be84-d2fd21b1180c,ed1ac092-8663-42e2-96d1-d2af62267ad4,a561bd82-f0ef-45dd-bb79-85c5b0f00fc2,ba7166a7-537a-4cfc-a27a-6642dd6764d8,07c03415-0d69-4c43-bc4a-d8a9ee0e3c7e,d7dbdc3c-0b3c-4be4-80eb-daad1e3dedd5,bfa2728f-1c97-4335-8547-1df04059a35b,de59f903-d42f-4640-92b5-0b8415bd7e1b,535d9556-fd19-468f-850b-5b01bff28c15,c1b2332b-644c-44a2-a878-0bf9c37e29b1,c21968b7-cc5a-43f8-8e33-552d89ce5846,ef63202b-ae39-4645-b570-c72ea02b7412,37eb40ff-cce3-4de6-b839-9cb5445a470f,74fcb9d1-a7b7-4672-ac7f-a1b62d8912a0,7976b31b-63fb-401e-87cc-c6e81ee7b5fd,2d190978-db01-4027-8b05-bb7e16aa524f,484583cd-a5cc-40c6-bf9d-31ca6038400a,eac848f9-b84c-44f8-85b7-faaa345a11e2",0.00,136,"2023-05-29 09:53:44",Dev,"2023-10-17 11:17:10",CC Token,update_status_coupon_end_time_task_id,"9fcf0f74-91a6-4d83-8bad-16d9da96d29b",110,74654,"2023-01-12 15:12:54",Dev,"2025-07-25 02:11:01",SELF,"95bdc692-e421-468c-b648-efdf12d13635",303100.00,IDR,https://d2qjkwm11akmwu.cloudfront.net/products/740446_5-5-2023_19-38-31.jpeg,409,"Temukan informasi lengkap Sterimar Nose Hygiene Baby 50 ml 2 Botol - Hemat Borongan di Halodoc. Beli Sterimar Nose Hygiene Baby 50 ml 2 Botol - Hemat Borongan 1 Jam Sampai, Dikirim dari Apotek Tepercaya, Buka 24 Jam*","20231017*, flu,cold, baby, mom, obat tetes hidung, obat semprot hidung [[hematborongan]] [[nasalspecialty]] [[specialtykids]] [[sinus]][[bisagratisongkir]] [[specialtygratisongkir]] [[pastigratisongkir]] [[hemborotc]] [[hembormomkids]] [[keywordmom]] [[nasaldaily]] [[ibuanakpilihan]] [[gaspolkids]] [[gaspolkidsbaru]] [[gaspolpernapasan]] [[annivkids]] [[nasalcare]], [[nasaldanasma]]",Sterimar Nose Hygiene Baby 50 ml 2 Botol - Hemat Borongan,https://d2qjkwm11akmwu.cloudfront.net/thumbnails/843914_5-5-2023_19-38-35.png,medicine,b2c,1,active,480000.00,303100.00,0.00,254500.00,303100.00,0.10,0,"2023-07-31 00:00:00","2023-08-08 00:00:00",0,"[""ampule"",""measuring_spoon"",""drops"",""measuring_spoon_10ml"",""capsules"",""micrograms"",""patch"",""syringe"",""suppository"",""cup"",""bottle"",""ml"",""rub"",""table_spoon"",""measuring_spoon_15ml"",""sachet"",""spray"",""pill"",""tablet"",""sheets"",""unit"",""milligrams"",""tube"",""ovula"",""measuring_spoon_5ml""]","[{""type"":""image_url"",""extension"":""jpeg"",""url"":""https://d2qjkwm11akmwu.cloudfront.net/products/740446_5-5-2023_19-38-31.jpeg""},{""type"":""thumbnail_url"",""extension"":""png"",""url"":""https://d2qjkwm11akmwu.cloudfront.net/thumbnails/843914_5-5-2023_19-38-35.png""},{""type"":""thumbnail_url"",""extension"":""webp"",""url"":""https://d2qjkwm11akmwu.cloudfront.net/thumbnails/843914_5-5-2023_19-38-35.webp""},{""type"":""image_url"",""extension"":""webp"",""url"":""https://d2qjkwm11akmwu.cloudfront.net/products/740446_5-5-2023_19-38-31.webp""}]",b1e7f270-7af2-4422-b24e-3003e74d6fad,0,1,1,303100.00,290000.00,,
111,"2023-05-29 09:53:44",Dev,"2024-08-06 09:45:29",CC Token,"96edff2b-a772-4d99-af52-c262570d7cc7","0",BISAGRATISONGKIR,74655,4812746,3360,"2023-04-03 13:00:00","2023-12-31 23:59:00",delayed_instant,"376708cf-e01e-4620-a5cf-54b9a1588316,1963798f-8e06-4aa0-bda9-eb794e85a3ee,b44c5b7e-b844-4105-acb8-858aaca5f8d8,49c1f3e0-4252-48c7-a007-8fd58e0fce42,217d7de6-0412-4ebc-96df-2d8cfddd99e0,59c8f490-a9f0-497f-97e5-a0b175c23168,7e56512f-c4ed-490b-be84-d2fd21b1180c,ed1ac092-8663-42e2-96d1-d2af62267ad4,a561bd82-f0ef-45dd-bb79-85c5b0f00fc2,ba7166a7-537a-4cfc-a27a-6642dd6764d8,07c03415-0d69-4c43-bc4a-d8a9ee0e3c7e,d7dbdc3c-0b3c-4be4-80eb-daad1e3dedd5,bfa2728f-1c97-4335-8547-1df04059a35b,de59f903-d42f-4640-92b5-0b8415bd7e1b,535d9556-fd19-468f-850b-5b01bff28c15,c1b2332b-644c-44a2-a878-0bf9c37e29b1,c21968b7-cc5a-43f8-8e33-552d89ce5846,ef63202b-ae39-4645-b570-c72ea02b7412,37eb40ff-cce3-4de6-b839-9cb5445a470f,74fcb9d1-a7b7-4672-ac7f-a1b62d8912a0,7976b31b-63fb-401e-87cc-c6e81ee7b5fd,2d190978-db01-4027-8b05-bb7e16aa524f,484583cd-a5cc-40c6-bf9d-31ca6038400a,eac848f9-b84c-44f8-85b7-faaa345a11e2",0.00,137,"2023-05-29 09:53:44",Dev,"2023-12-06 17:26:56",CC Token,update_status_coupon_end_time_task_id,"0694d750-e752-4a0b-8fbd-657ac75f79e2",111,74655,"2023-01-12 15:12:55",Dev,"2025-07-17 02:10:06",SELF,"67dbdcdd-b228-4d05-a617-5a886039a4c3",316800.00,IDR,https://d2qjkwm11akmwu.cloudfront.net/products/843251_5-5-2023_20-38-19.jpeg,1307,"Informasi terlengkap tentang Betadine Cold Defence Nasal Spray 20 ml 2 Botol - Hemat Borongan. Komposisi, Fungsi, Kegunaan, Ulasan, Efek Samping, Indikasi, Aturan Pakai, dan Dosis.","20230112, semprot hidung, betadine, pilek, flu, hidung tersumbat [[hematborongan]] [[nasalspecialty]] [[specialtyadult]] [[sinus]][[bisagratisongkir]] [[specialtygratisongkir]] [[pastigratisongkir]] [[hemborotc]] [[hembormomkids]] [[ibuanakpilihan]] [[gaspolkidsbaru]] [[gaspolpernapasan]] [[annivkids]]",Betadine Cold Defence Nasal Spray 20 ml 2 Botol - Hemat Borongan,https://d2qjkwm11akmwu.cloudfront.net/thumbnails/611869_5-5-2023_20-38-24.png,medicine,b2c,0,inactive,360000.00,316800.00,0.00,254500.00,316800.00,0.10,0,,,,"[""bottle"",""sachet"",""tube"",""ampule"",""capsules"",""cup"",""ml"",""drops"",""unit"",""pill"",""measuring_spoon_10ml"",""milligrams"",""sheets"",""suppository"",""syringe"",""table_spoon"",""measuring_spoon"",""micrograms"",""ovula"",""patch"",""tablet"",""measuring_spoon_15ml"",""spray"",""measuring_spoon_5ml"",""rub""]","[{""type"":""image_url"",""extension"":""webp"",""url"":""https://d2qjkwm11akmwu.cloudfront.net/products/843251_5-5-2023_20-38-19.webp""},{""type"":""thumbnail_url"",""extension"":""png"",""url"":""https://d2qjkwm11akmwu.cloudfront.net/thumbnails/611869_5-5-2023_20-38-24.png""},{""type"":""image_url"",""extension"":""jpeg"",""url"":""https://d2qjkwm11akmwu.cloudfront.net/products/843251_5-5-2023_20-38-19.jpeg""},{""type"":""thumbnail_url"",""extension"":""webp"",""url"":""https://d2qjkwm11akmwu.cloudfront.net/thumbnails/611869_5-5-2023_20-38-24.webp""}]",,0,1,1,316800.00,302100.00,,
112,"2023-05-29 09:53:45",Dev,"2024-07-12 14:48:05",CC Token,ffcd1bf3-777e-4ae8-87af-46e949d04cb4,"0",BISAGRATISONGKIR,74835,4812746,3360,"2023-04-03 13:00:00","2023-12-31 23:59:00",delayed_instant,"376708cf-e01e-4620-a5cf-54b9a1588316,1963798f-8e06-4aa0-bda9-eb794e85a3ee,b44c5b7e-b844-4105-acb8-858aaca5f8d8,49c1f3e0-4252-48c7-a007-8fd58e0fce42,217d7de6-0412-4ebc-96df-2d8cfddd99e0,59c8f490-a9f0-497f-97e5-a0b175c23168,7e56512f-c4ed-490b-be84-d2fd21b1180c,ed1ac092-8663-42e2-96d1-d2af62267ad4,a561bd82-f0ef-45dd-bb79-85c5b0f00fc2,ba7166a7-537a-4cfc-a27a-6642dd6764d8,07c03415-0d69-4c43-bc4a-d8a9ee0e3c7e,d7dbdc3c-0b3c-4be4-80eb-daad1e3dedd5,bfa2728f-1c97-4335-8547-1df04059a35b,de59f903-d42f-4640-92b5-0b8415bd7e1b,535d9556-fd19-468f-850b-5b01bff28c15,c1b2332b-644c-44a2-a878-0bf9c37e29b1,c21968b7-cc5a-43f8-8e33-552d89ce5846,ef63202b-ae39-4645-b570-c72ea02b7412,37eb40ff-cce3-4de6-b839-9cb5445a470f,74fcb9d1-a7b7-4672-ac7f-a1b62d8912a0,7976b31b-63fb-401e-87cc-c6e81ee7b5fd,2d190978-db01-4027-8b05-bb7e16aa524f,484583cd-a5cc-40c6-bf9d-31ca6038400a,eac848f9-b84c-44f8-85b7-faaa345a11e2",0.00,138,"2023-05-29 09:53:45",Dev,"2023-10-17 11:17:48",CC Token,update_status_coupon_end_time_task_id,adf42cbd-8871-40df-984e-a9acf47a2db0,112,74835,"2023-01-17 10:44:30",Dev,"2025-07-25 02:11:06",SELF,"8d5d8ceb-9ab4-44e4-8eef-963b2caa58dc",171200.00,IDR,https://d2qjkwm11akmwu.cloudfront.net/products/334110_5-5-2023_19-4-39.jpeg,196,"Temukan informasi lengkap Iliadin Dewasa 0.05% Nasal Spray 10 ml 2 Botol - Hemat Borongan di Halodoc. Beli Iliadin Dewasa 0.05% Nasal Spray 10 ml 2 Botol - Hemat Borongan 1 Jam Sampai, Dikirim dari Apotek Tepercaya, Buka 24 Jam*","20250213*, Physiomer, nasal drop, marimer, hypertonic, nasalin, blocked nose, BNS, Tersumbat, Sinusitis, khronik, Rinitis, Branded Generic, obat tetes hidung, obat semprot hidung [[hemborspecialty]] [[nasalspecialty]] [[momfestdeal]] [[specialtyadult]] [[sinus]] [[bisagratisongkir]] [[specialtygratisongkir]] [[pastigratisongkir]] [[hembormomkids]] [[keywordmom]] [[ibuanakpilihan]] [[gaspolkids]] [[gaspolkidsbaru]] [[gaspolpernapasan]],Obat Sinusitis [[annivkids]][[hmpvobat]] [[nasalcare]], [[nasaldanasma]] [[Iliadin]] [[Halopng]] [[hdiliadin]]",Iliadin Dewasa 0.05% Nasal Spray 10 ml 2 Botol - Hemat Borongan,https://d2qjkwm11akmwu.cloudfront.net/thumbnails/603947_5-5-2023_19-4-43.png,medicine,b2c,1,active,198600.00,171200.00,0.01,132000.00,171200.00,0.10,0,"2023-07-25 00:00:00","2023-07-31 00:00:00",0,"[""sachet"",""ml"",""unit"",""pill"",""micrograms"",""ovula"",""suppository"",""table_spoon"",""syringe"",""tube"",""milligrams"",""sheets"",""measuring_spoon"",""measuring_spoon_5ml"",""measuring_spoon_15ml"",""bottle"",""ampule"",""drops"",""rub"",""tablet"",""cup"",""capsules"",""patch"",""measuring_spoon_10ml"",""spray""]","[{""type"":""image_url"",""extension"":""webp"",""url"":""https://d2qjkwm11akmwu.cloudfront.net/products/334110_5-5-2023_19-4-39.webp""},{""type"":""thumbnail_url"",""extension"":""webp"",""url"":""https://d2qjkwm11akmwu.cloudfront.net/thumbnails/603947_5-5-2023_19-4-43.webp""},{""type"":""image_url"",""extension"":""jpeg"",""url"":""https://d2qjkwm11akmwu.cloudfront.net/products/334110_5-5-2023_19-4-39.jpeg""},{""type"":""thumbnail_url"",""extension"":""png"",""url"":""https://d2qjkwm11akmwu.cloudfront.net/thumbnails/603947_5-5-2023_19-4-43.png""}]","77ff8051-d9a8-4400-847c-ddd3901cd739",0,1,1,171200.00,162100.00,,
113,"2023-05-29 09:53:45",Dev,"2024-08-02 11:03:58",CC Token,c3d6770e-28d4-42bc-848a-ad42df74a740,"0",BISAGRATISONGKIR,74836,4812746,3360,"2023-04-03 13:00:00","2023-12-31 23:59:00",delayed_instant,"376708cf-e01e-4620-a5cf-54b9a1588316,1963798f-8e06-4aa0-bda9-eb794e85a3ee,b44c5b7e-b844-4105-acb8-858aaca5f8d8,49c1f3e0-4252-48c7-a007-8fd58e0fce42,217d7de6-0412-4ebc-96df-2d8cfddd99e0,59c8f490-a9f0-497f-97e5-a0b175c23168,7e56512f-c4ed-490b-be84-d2fd21b1180c,ed1ac092-8663-42e2-96d1-d2af62267ad4,a561bd82-f0ef-45dd-bb79-85c5b0f00fc2,ba7166a7-537a-4cfc-a27a-6642dd6764d8,07c03415-0d69-4c43-bc4a-d8a9ee0e3c7e,d7dbdc3c-0b3c-4be4-80eb-daad1e3dedd5,bfa2728f-1c97-4335-8547-1df04059a35b,de59f903-d42f-4640-92b5-0b8415bd7e1b,535d9556-fd19-468f-850b-5b01bff28c15,c1b2332b-644c-44a2-a878-0bf9c37e29b1,c21968b7-cc5a-43f8-8e33-552d89ce5846,ef63202b-ae39-4645-b570-c72ea02b7412,37eb40ff-cce3-4de6-b839-9cb5445a470f,74fcb9d1-a7b7-4672-ac7f-a1b62d8912a0,7976b31b-63fb-401e-87cc-c6e81ee7b5fd,2d190978-db01-4027-8b05-bb7e16aa524f,484583cd-a5cc-40c6-bf9d-31ca6038400a,eac848f9-b84c-44f8-85b7-faaa345a11e2",0.00,139,"2023-05-29 09:53:45",Dev,"2023-10-17 11:18:16",CC Token,update_status_coupon_end_time_task_id,e42c42a2-8655-4524-922a-031444140a3e,113,74836,"2023-01-17 10:44:30",Dev,"2025-07-25 02:11:06",SELF,"205c2cee-7687-430c-ad77-24d4d5b17a87",168600.00,IDR,https://d2qjkwm11akmwu.cloudfront.net/products/49391_5-5-2023_18-7-56.jpeg,196,"Temukan informasi lengkap Iliadin Anak 0.025% Nasal Drops 10 ml 2 Botol - Hemat Borongan di Halodoc. Beli Iliadin Anak 0.025% Nasal Drops 10 ml 2 Botol - Hemat Borongan 1 Jam Sampai, Dikirim dari Apotek Tepercaya, Buka 24 Jam*","20250213*, Tersumbat, Sinusitis, khronik, Rinitis, Branded Generic, obat tetes hidung, obat semprot hidung [[hemborspecialty]] [[nasalspecialty]] [[specialtykids]] [[sinus]][[bisagratisongkir]] [[specialtygratisongkir]] [[pastigratisongkir]] [[hemborotc]] [[hembormomkids]] [[ibuanakpilihan]] [[gaspolkids]] [[gaspolkidsbaru]] [[gaspolpernapasan]] [[annivkids]] [[nasalcare]] [[Iliadin]] [[Halopng]] [[hdiliadin]]",Iliadin Anak 0.025% Nasal Drops 10 ml 2 Botol - Hemat Borongan,https://d2qjkwm11akmwu.cloudfront.net/thumbnails/304068_5-5-2023_18-8-3.png,medicine,b2c,1,active,216600.00,168600.00,0.01,132000.00,168600.00,0.10,0,,,,"[""sheets"",""unit"",""measuring_spoon"",""milligrams"",""cup"",""table_spoon"",""tablet"",""sachet"",""pill"",""capsules"",""ampule"",""suppository"",""measuring_spoon_15ml"",""bottle"",""patch"",""ovula"",""measuring_spoon_10ml"",""syringe"",""drops"",""rub"",""spray"",""ml"",""measuring_spoon_5ml"",""micrograms"",""tube""]","[{""type"":""image_url"",""extension"":""jpeg"",""url"":""https://d2qjkwm11akmwu.cloudfront.net/products/49391_5-5-2023_18-7-56.jpeg""},{""type"":""image_url"",""extension"":""webp"",""url"":""https://d2qjkwm11akmwu.cloudfront.net/products/49391_5-5-2023_18-7-56.webp""},{""type"":""thumbnail_url"",""extension"":""webp"",""url"":""https://d2qjkwm11akmwu.cloudfront.net/thumbnails/304068_5-5-2023_18-8-3.webp""},{""type"":""thumbnail_url"",""extension"":""png"",""url"":""https://d2qjkwm11akmwu.cloudfront.net/thumbnails/304068_5-5-2023_18-8-3.png""}]","8e845e10-81af-48ee-89b4-adc3e91796d7",0,1,1,168600.00,157000.00,,
114,"2023-05-29 09:53:46",Dev,"2024-11-12 15:17:48",CC Token,"94124c59-d614-40e3-9e05-09272e397793","0",BISAGRATISONGKIR,43430,4812746,3360,"2023-04-03 13:00:00","2023-12-31 23:59:00",delayed_instant,"376708cf-e01e-4620-a5cf-54b9a1588316,1963798f-8e06-4aa0-bda9-eb794e85a3ee,b44c5b7e-b844-4105-acb8-858aaca5f8d8,49c1f3e0-4252-48c7-a007-8fd58e0fce42,217d7de6-0412-4ebc-96df-2d8cfddd99e0,59c8f490-a9f0-497f-97e5-a0b175c23168,7e56512f-c4ed-490b-be84-d2fd21b1180c,ed1ac092-8663-42e2-96d1-d2af62267ad4,a561bd82-f0ef-45dd-bb79-85c5b0f00fc2,ba7166a7-537a-4cfc-a27a-6642dd6764d8,07c03415-0d69-4c43-bc4a-d8a9ee0e3c7e,d7dbdc3c-0b3c-4be4-80eb-daad1e3dedd5,bfa2728f-1c97-4335-8547-1df04059a35b,de59f903-d42f-4640-92b5-0b8415bd7e1b,535d9556-fd19-468f-850b-5b01bff28c15,c1b2332b-644c-44a2-a878-0bf9c37e29b1,c21968b7-cc5a-43f8-8e33-552d89ce5846,ef63202b-ae39-4645-b570-c72ea02b7412,37eb40ff-cce3-4de6-b839-9cb5445a470f,74fcb9d1-a7b7-4672-ac7f-a1b62d8912a0,7976b31b-63fb-401e-87cc-c6e81ee7b5fd,2d190978-db01-4027-8b05-bb7e16aa524f,484583cd-a5cc-40c6-bf9d-31ca6038400a,eac848f9-b84c-44f8-85b7-faaa345a11e2",0.00,140,"2023-05-29 09:53:46",Dev,"2023-07-17 16:39:04",SELF,update_status_coupon_end_time_task_id,"19ce9a8f-25b4-416a-8e52-3e1a7f7e1ae2",114,43430,"2020-08-18 10:49:28",Dev,"2025-07-25 02:06:22",SELF,"7cdbf9eb-6b55-4def-88af-3833e54bd843",114600.00,IDR,https://d2qjkwm11akmwu.cloudfront.net/products/671560_8-5-2023_15-45-43.png,219,"Temukan informasi lengkap Pure Kids Inhalant Decongestant Oil 10 ml 2 Botol - Hemat Borongan di Halodoc. Beli Pure Kids Inhalant Decongestant Oil 10 ml 2 Botol - Hemat Borongan 1 Jam Sampai, Dikirim dari Apotek Tepercaya, Buka 24 Jam*","20250213*, Lebih-Hemat, specialtyhemat[[hematborongan]] [[hemborspecialty]] [[weekendbaeothers]] [[bayidananak]] [[bayidananak]] [[obatibuanak]] [[babyoilcare]] [[specialtykids]] ||T2K, ||T3K [[oilandbalm]] [[oilfever]] [[demam anak]][[specialtygratisongkir]] [[bisagratisongkir]] [[pastigratisongkir]] [[hemborotc]] [[hembormomkids]] [[perawatanibuanak]] [[keywordmom]] [[ibuanakpilihan]] [[gaspolkids]] [[gaspolkidsbaru]] [[puasaibuanak]], [[puasaibuanak]] [[annivserba9]] [[tentanganak]]",Pure Kids Inhalant Decongestant Oil 10 ml 2 Botol - Hemat Borongan,https://d2qjkwm11akmwu.cloudfront.net/thumbnails/282034_8-5-2023_15-45-54.png,medicine,b2c,1,active,125200.00,114600.00,0.00,90300.00,114600.00,0.09,1,"2023-04-04 00:00:00","2023-04-10 00:00:00",0,"[""drops"",""ml""]","[{""type"":""thumbnail_url"",""extension"":""webp"",""url"":""https://d2qjkwm11akmwu.cloudfront.net/thumbnails/282034_8-5-2023_15-45-54.webp""},{""type"":""thumbnail_url"",""extension"":""png"",""url"":""https://d2qjkwm11akmwu.cloudfront.net/thumbnails/282034_8-5-2023_15-45-54.png""},{""type"":""image_url"",""extension"":""png"",""url"":""https://d2qjkwm11akmwu.cloudfront.net/products/671560_8-5-2023_15-45-43.png""},{""type"":""image_url"",""extension"":""webp"",""url"":""https://d2qjkwm11akmwu.cloudfront.net/products/671560_8-5-2023_15-45-43.webp""}]",d8d666fa-0dff-4dd4-a093-82a8fca2adb2,0,1,1,114600.00,108100.00,,
115,"2023-05-29 09:53:46",Dev,"2024-08-05 09:28:06",CC Token,"5261681f-4f74-4ecc-8414-911842f4ec7f","0",BISAGRATISONGKIR,65260,4812746,3360,"2023-04-03 13:00:00","2023-12-31 23:59:00",delayed_instant,"376708cf-e01e-4620-a5cf-54b9a1588316,1963798f-8e06-4aa0-bda9-eb794e85a3ee,b44c5b7e-b844-4105-acb8-858aaca5f8d8,49c1f3e0-4252-48c7-a007-8fd58e0fce42,217d7de6-0412-4ebc-96df-2d8cfddd99e0,59c8f490-a9f0-497f-97e5-a0b175c23168,7e56512f-c4ed-490b-be84-d2fd21b1180c,ed1ac092-8663-42e2-96d1-d2af62267ad4,a561bd82-f0ef-45dd-bb79-85c5b0f00fc2,ba7166a7-537a-4cfc-a27a-6642dd6764d8,07c03415-0d69-4c43-bc4a-d8a9ee0e3c7e,d7dbdc3c-0b3c-4be4-80eb-daad1e3dedd5,bfa2728f-1c97-4335-8547-1df04059a35b,de59f903-d42f-4640-92b5-0b8415bd7e1b,535d9556-fd19-468f-850b-5b01bff28c15,c1b2332b-644c-44a2-a878-0bf9c37e29b1,c21968b7-cc5a-43f8-8e33-552d89ce5846,ef63202b-ae39-4645-b570-c72ea02b7412,37eb40ff-cce3-4de6-b839-9cb5445a470f,74fcb9d1-a7b7-4672-ac7f-a1b62d8912a0,7976b31b-63fb-401e-87cc-c6e81ee7b5fd,2d190978-db01-4027-8b05-bb7e16aa524f,484583cd-a5cc-40c6-bf9d-31ca6038400a,eac848f9-b84c-44f8-85b7-faaa345a11e2",0.00,141,"2023-05-29 09:53:46",Dev,"2023-07-17 16:39:04",SELF,update_status_coupon_end_time_task_id,"1ff35598-d181-4a91-8f7b-53c9e67207d6",115,65260,"2022-04-04 21:21:54",Dev,"2025-07-25 02:09:58",SELF,"27bc53bb-0ebf-45b0-9a42-49cf589e19df",76200.00,IDR,https://d2qjkwm11akmwu.cloudfront.net/products/185417_28-6-2023_14-10-29.png,216,"Informasi terlengkap tentang Cessa Baby Happy Nose / Cough And Flu 8 ml 2 Pieces - Hemat Borongan. Komposisi, Fungsi, Kegunaan, Ulasan, Efek Samping, Indikasi, Aturan Pakai, dan Dosis.","20240105*, QAT-1221, cessa, baby happy nose, nose, batuk, flu, aromatherapy, bayi, cough [[halobumil]] [[perawatanbayi]] [[hemborspecialty]] [[bayidananak]] [[obatibuanak]] [[hematborongan]] [[babyoilcare]] [[specialtykids]] ||T2K, ||T3K [[oilandbalm]] [[oilfever]] [[demam anak]][[specialtygratisongkir]] [[bisagratisongkir]] [[pastigratisongkir]] [[hemborotc]] [[hembormomkids]] [[perawatanibuanak]] [[keywordmom]] [[ibuanakpilihan]] [[gaspolkids]] [[gaspolkidsbaru]] [[gaspolpernapasan]][[puasaibuanak]], [[puasaibuanak]] [[annivkids]] [[tentanganak]]",Cessa Baby Happy Nose / Cough And Flu 8 ml 2 Botol - Hemat Borongan,https://d2qjkwm11akmwu.cloudfront.net/thumbnails/13777_5-5-2023_16-23-48.png,medicine,b2c,1,active,80000.00,76200.00,0.00,57200.00,76200.00,0.10,1,"2023-03-07 00:00:00","2023-03-13 00:00:00",0,"[""bottle"",""rub"",""ml""]","[{""type"":""thumbnail_url"",""extension"":""png"",""url"":""https://d2qjkwm11akmwu.cloudfront.net/thumbnails/13777_5-5-2023_16-23-48.png""},{""type"":""thumbnail_url"",""extension"":""webp"",""url"":""https://d2qjkwm11akmwu.cloudfront.net/thumbnails/13777_5-5-2023_16-23-48.webp""},{""type"":""image_url"",""extension"":""webp"",""url"":""https://d2qjkwm11akmwu.cloudfront.net/products/185417_28-6-2023_14-10-29.webp""},{""type"":""image_url"",""extension"":""png"",""url"":""https://d2qjkwm11akmwu.cloudfront.net/products/185417_28-6-2023_14-10-29.png""}]","8283e404-7dfa-4e19-8fa5-56d35f9458bf",0,1,1,76200.00,72100.00,,
116,"2023-05-29 09:53:47",Dev,"2024-07-12 14:40:13",CC Token,df081c67-be31-4a5e-ad87-bf8036a0ef1c,"0",BISAGRATISONGKIR,70719,4812746,3360,"2023-04-03 13:00:00","2023-12-31 23:59:00",delayed_instant,"376708cf-e01e-4620-a5cf-54b9a1588316,1963798f-8e06-4aa0-bda9-eb794e85a3ee,b44c5b7e-b844-4105-acb8-858aaca5f8d8,49c1f3e0-4252-48c7-a007-8fd58e0fce42,217d7de6-0412-4ebc-96df-2d8cfddd99e0,59c8f490-a9f0-497f-97e5-a0b175c23168,7e56512f-c4ed-490b-be84-d2fd21b1180c,ed1ac092-8663-42e2-96d1-d2af62267ad4,a561bd82-f0ef-45dd-bb79-85c5b0f00fc2,ba7166a7-537a-4cfc-a27a-6642dd6764d8,07c03415-0d69-4c43-bc4a-d8a9ee0e3c7e,d7dbdc3c-0b3c-4be4-80eb-daad1e3dedd5,bfa2728f-1c97-4335-8547-1df04059a35b,de59f903-d42f-4640-92b5-0b8415bd7e1b,535d9556-fd19-468f-850b-5b01bff28c15,c1b2332b-644c-44a2-a878-0bf9c37e29b1,c21968b7-cc5a-43f8-8e33-552d89ce5846,ef63202b-ae39-4645-b570-c72ea02b7412,37eb40ff-cce3-4de6-b839-9cb5445a470f,74fcb9d1-a7b7-4672-ac7f-a1b62d8912a0,7976b31b-63fb-401e-87cc-c6e81ee7b5fd,2d190978-db01-4027-8b05-bb7e16aa524f,484583cd-a5cc-40c6-bf9d-31ca6038400a,eac848f9-b84c-44f8-85b7-faaa345a11e2",0.00,142,"2023-05-29 09:53:47",Dev,"2023-11-15 16:07:50",CC Token,update_status_coupon_end_time_task_id,"39c59f01-e655-44f3-b952-5aa0fae68bec",116,70719,"2022-09-21 17:30:51",Dev,"2025-07-25 02:19:47",SELF,ef100452-49ff-4351-a745-5c6475374e1a,147100.00,IDR,https://d2qjkwm11akmwu.cloudfront.net/products/270802_15-11-2023_16-6-39.png,28,"Informasi terlengkap tentang Bepanthen Baby 20 g 2 Tube - Hemat Borongan. Komposisi, Fungsi, Kegunaan, Ulasan, Efek Samping, Indikasi, Aturan Pakai, dan Dosis.","20250213*, Ruam, luka, kulit, kering, terbakar, iritasi, x-ray , cahaya, inflamasi, ulcer [[hemborspecialty]] [[hematborongan]] [[specialtykids]] [[bayidananak]] [[obat gatal]][[bisagratisongkir]] [[specialtygratisongkir]] [[pastigratisongkir]] [[bepanthenbaby]] [[hemborotc]] [[hembormomkids]] [[ibuanakpilihan]] [[kulitanakcrm]] [[tentanganak]]",Bepanthen Baby 20 g 2 Tube - Hemat Borongan,https://d2qjkwm11akmwu.cloudfront.net/thumbnails/147955_15-11-2023_16-7-48.png,medicine,b2c,1,active,176000.00,147100.00,0.00,115700.00,147100.00,0.10,0,,,,"[""unit"",""patch"",""ovula"",""sachet"",""syringe"",""measuring_spoon"",""micrograms"",""tablet"",""bottle"",""table_spoon"",""measuring_spoon_10ml"",""suppository"",""cup"",""drops"",""tube"",""ml"",""ampule"",""sheets"",""spray"",""capsules"",""measuring_spoon_15ml"",""milligrams"",""rub"",""pill"",""measuring_spoon_5ml""]","[{""type"":""thumbnail_url"",""extension"":""png"",""url"":""https://d2qjkwm11akmwu.cloudfront.net/thumbnails/147955_15-11-2023_16-7-48.png""},{""type"":""thumbnail_url"",""extension"":""webp"",""url"":""https://d2qjkwm11akmwu.cloudfront.net/thumbnails/147955_15-11-2023_16-7-48.webp""},{""type"":""image_url"",""extension"":""png"",""url"":""https://d2qjkwm11akmwu.cloudfront.net/products/270802_15-11-2023_16-6-39.png""},{""type"":""image_url"",""extension"":""webp"",""url"":""https://d2qjkwm11akmwu.cloudfront.net/products/270802_15-11-2023_16-6-39.webp""}]",ccc94816-acb4-4750-aa59-6e58d0ecda62,0,1,1,147100.00,138900.00,,
117,"2023-05-29 09:53:47",Dev,"2024-08-06 09:40:24",CC Token,"46f62f66-dd37-4500-95c4-99c5d17ebf1b","0",BISAGRATISONGKIR,43371,4812746,3360,"2023-04-03 13:00:00","2023-12-31 23:59:00",delayed_instant,"376708cf-e01e-4620-a5cf-54b9a1588316,1963798f-8e06-4aa0-bda9-eb794e85a3ee,b44c5b7e-b844-4105-acb8-858aaca5f8d8,49c1f3e0-4252-48c7-a007-8fd58e0fce42,217d7de6-0412-4ebc-96df-2d8cfddd99e0,59c8f490-a9f0-497f-97e5-a0b175c23168,7e56512f-c4ed-490b-be84-d2fd21b1180c,ed1ac092-8663-42e2-96d1-d2af62267ad4,a561bd82-f0ef-45dd-bb79-85c5b0f00fc2,ba7166a7-537a-4cfc-a27a-6642dd6764d8,07c03415-0d69-4c43-bc4a-d8a9ee0e3c7e,d7dbdc3c-0b3c-4be4-80eb-daad1e3dedd5,bfa2728f-1c97-4335-8547-1df04059a35b,de59f903-d42f-4640-92b5-0b8415bd7e1b,535d9556-fd19-468f-850b-5b01bff28c15,c1b2332b-644c-44a2-a878-0bf9c37e29b1,c21968b7-cc5a-43f8-8e33-552d89ce5846,ef63202b-ae39-4645-b570-c72ea02b7412,37eb40ff-cce3-4de6-b839-9cb5445a470f,74fcb9d1-a7b7-4672-ac7f-a1b62d8912a0,7976b31b-63fb-401e-87cc-c6e81ee7b5fd,2d190978-db01-4027-8b05-bb7e16aa524f,484583cd-a5cc-40c6-bf9d-31ca6038400a,eac848f9-b84c-44f8-85b7-faaa345a11e2",0.00,143,"2023-05-29 09:53:47",Dev,"2023-07-17 16:39:05",SELF,update_status_coupon_end_time_task_id,"0c87667c-e3d8-4682-b6f3-0d24a9c722d9",117,43371,"2020-08-18 10:49:11",Dev,"2025-07-25 02:11:54",SELF,b3792130-3118-4b20-babc-3160876f9a4f,205100.00,IDR,https://d2qjkwm11akmwu.cloudfront.net/products/172354_5-5-2023_18-0-47.jpeg,219,"Informasi terlengkap tentang BNS Breathy Nasal Spray 2 Botol (@30 ml) - Hemat Borongan . Komposisi, Fungsi, Kegunaan, Ulasan, Efek Samping, Indikasi, Aturan Pakai, dan Dosis.","20250213*, obat tetes hidung, obat semprot hidung, Lebih-Hemat [[nasalspecialty]] [[hematborongan]]  [[specialtyadult]] [[sinus]][[specialtygratisongkir]] [[bisagratisongkir]] [[pastigratisongkir]] [[hemborotc]] [[hembormomkids]] [[nasaldaily]] [[ibuanakpilihan]] [[gaspolkidsbaru]] [[gaspolpernapasan]] [[annivkids]]",BNS Breathy Nasal Spray 30 ml 2 Botol - Hemat Borongan,https://d2qjkwm11akmwu.cloudfront.net/thumbnails/897112_5-5-2023_18-0-59.png,medicine,b2c,1,active,238400.00,205100.00,0.00,136500.00,205100.00,0.05,1,"2023-02-01 00:00:00","2023-02-12 00:00:00",0,"[""spray""]","[{""type"":""image_url"",""extension"":""webp"",""url"":""https://d2qjkwm11akmwu.cloudfront.net/products/172354_5-5-2023_18-0-47.webp""},{""type"":""thumbnail_url"",""extension"":""webp"",""url"":""https://d2qjkwm11akmwu.cloudfront.net/thumbnails/897112_5-5-2023_18-0-59.webp""},{""type"":""thumbnail_url"",""extension"":""png"",""url"":""https://d2qjkwm11akmwu.cloudfront.net/thumbnails/897112_5-5-2023_18-0-59.png""},{""type"":""image_url"",""extension"":""jpeg"",""url"":""https://d2qjkwm11akmwu.cloudfront.net/products/172354_5-5-2023_18-0-47.jpeg""}]",db28baca-5c58-45ab-9aba-50cbf0897a73,0,1,1,205100.00,195400.00,,
118,"2023-05-29 09:53:47",Dev,"2023-07-17 16:39:05",SELF,e0efea16-f3cf-4120-bdfe-30af4988a9bc,"0",BISAGRATISONGKIR,42514,4812746,3360,"2023-04-03 13:00:00","2023-12-31 23:59:00",delayed_instant,"376708cf-e01e-4620-a5cf-54b9a1588316,b44c5b7e-b844-4105-acb8-858aaca5f8d8,49c1f3e0-4252-48c7-a007-8fd58e0fce42,ed1ac092-8663-42e2-96d1-d2af62267ad4,a561bd82-f0ef-45dd-bb79-85c5b0f00fc2,c1b2332b-644c-44a2-a878-0bf9c37e29b1,37eb40ff-cce3-4de6-b839-9cb5445a470f,74fcb9d1-a7b7-4672-ac7f-a1b62d8912a0,7976b31b-63fb-401e-87cc-c6e81ee7b5fd,484583cd-a5cc-40c6-bf9d-31ca6038400a,1963798f-8e06-4aa0-bda9-eb794e85a3ee,217d7de6-0412-4ebc-96df-2d8cfddd99e0,59c8f490-a9f0-497f-97e5-a0b175c23168,7e56512f-c4ed-490b-be84-d2fd21b1180c,ba7166a7-537a-4cfc-a27a-6642dd6764d8,07c03415-0d69-4c43-bc4a-d8a9ee0e3c7e,d7dbdc3c-0b3c-4be4-80eb-daad1e3dedd5,bfa2728f-1c97-4335-8547-1df04059a35b,de59f903-d42f-4640-92b5-0b8415bd7e1b,535d9556-fd19-468f-850b-5b01bff28c15,c21968b7-cc5a-43f8-8e33-552d89ce5846,ef63202b-ae39-4645-b570-c72ea02b7412,2d190978-db01-4027-8b05-bb7e16aa524f,eac848f9-b84c-44f8-85b7-faaa345a11e2",0.00,144,"2023-05-29 09:53:47",Dev,"2023-07-20 10:09:19",CC Token,update_status_coupon_end_time_task_id,df58f503-4f57-49dd-873b-bd7f28572e8d,118,42514,"2020-07-03 13:12:19",Dev,"2025-07-22 02:05:44",SELF,"156fa306-acc0-4925-8d2a-8e496377b13a",230400.00,IDR,https://d2qjkwm11akmwu.cloudfront.net/products/549318_20-7-2023_10-6-46.png,95,"Temukan informasi lengkap Aminoral 3 Strip (10 Tablet/Strip) - Hemat Borongan di Halodoc. Beli Aminoral 3 Strip (10 Tablet/Strip) - Hemat Borongan 1 Jam Sampai, Dikirim dari Apotek Tepercaya, Buka 24 Jam*","20250429, QAT-0522, Obat-NCD, Obat rutin NCD, Routine medicines, [Genitourinary System] ||ETHICAL PRODUCT[[mbjgratisongkir]] [[bisagratisongkir]] [[digestgratisongkir]] [[pastigratisongkir]] [[hemborotc]] [[halointimaisk]]",Aminoral 3 Strip (10 Tablet/Strip) - Hemat Borongan,https://d2qjkwm11akmwu.cloudfront.net/thumbnails/19045_20-7-2023_10-9-15.png,medicine,b2c,1,active,282000.00,230400.00,0.00,164800.00,230400.00,0.09,0,,,,"[""tablet""]","[{""type"":""thumbnail_url"",""extension"":""png"",""url"":""https://d2qjkwm11akmwu.cloudfront.net/thumbnails/19045_20-7-2023_10-9-15.png""},{""type"":""image_url"",""extension"":""webp"",""url"":""https://d2qjkwm11akmwu.cloudfront.net/products/549318_20-7-2023_10-6-46.webp""},{""type"":""image_url"",""extension"":""png"",""url"":""https://d2qjkwm11akmwu.cloudfront.net/products/549318_20-7-2023_10-6-46.png""},{""type"":""thumbnail_url"",""extension"":""webp"",""url"":""https://d2qjkwm11akmwu.cloudfront.net/thumbnails/19045_20-7-2023_10-9-15.webp""}]","068e5a93-5991-467f-8fe5-e339e5a2242f",0,1,1,230400.00,218800.00,,
119,"2023-05-29 09:53:47",Dev,"2023-07-17 16:39:05",SELF,"9b0f2db1-77b8-4c82-adc1-c1cdc12c5c81","0",BISAGRATISONGKIR,42625,4812746,3360,"2023-04-03 13:00:00","2023-12-31 23:59:00",delayed_instant,"376708cf-e01e-4620-a5cf-54b9a1588316,b44c5b7e-b844-4105-acb8-858aaca5f8d8,49c1f3e0-4252-48c7-a007-8fd58e0fce42,ed1ac092-8663-42e2-96d1-d2af62267ad4,a561bd82-f0ef-45dd-bb79-85c5b0f00fc2,c1b2332b-644c-44a2-a878-0bf9c37e29b1,37eb40ff-cce3-4de6-b839-9cb5445a470f,74fcb9d1-a7b7-4672-ac7f-a1b62d8912a0,7976b31b-63fb-401e-87cc-c6e81ee7b5fd,484583cd-a5cc-40c6-bf9d-31ca6038400a,1963798f-8e06-4aa0-bda9-eb794e85a3ee,217d7de6-0412-4ebc-96df-2d8cfddd99e0,59c8f490-a9f0-497f-97e5-a0b175c23168,7e56512f-c4ed-490b-be84-d2fd21b1180c,ba7166a7-537a-4cfc-a27a-6642dd6764d8,07c03415-0d69-4c43-bc4a-d8a9ee0e3c7e,d7dbdc3c-0b3c-4be4-80eb-daad1e3dedd5,bfa2728f-1c97-4335-8547-1df04059a35b,de59f903-d42f-4640-92b5-0b8415bd7e1b,535d9556-fd19-468f-850b-5b01bff28c15,c21968b7-cc5a-43f8-8e33-552d89ce5846,ef63202b-ae39-4645-b570-c72ea02b7412,2d190978-db01-4027-8b05-bb7e16aa524f,eac848f9-b84c-44f8-85b7-faaa345a11e2",0.00,145,"2023-05-29 09:53:47",Dev,"2023-07-20 10:18:36",CC Token,update_status_coupon_end_time_task_id,"1b7c87c1-8299-459e-aa16-e2bd01c17396",119,42625,"2020-07-03 13:12:53",Dev,"2025-07-25 02:11:31",SELF,"2a566098-876e-4090-9453-a4d69947f4e2",292600.00,IDR,https://d2qjkwm11akmwu.cloudfront.net/products/264127_20-7-2023_10-18-26.png,110,"Temukan informasi lengkap Zyloric 300 mg 3 Strip (10 Tablet/Strip) - Hemat Borongan di Halodoc. Beli Zyloric 300 mg 3 Strip (10 Tablet/Strip) - Hemat Borongan 1 Jam Sampai, Dikirim dari Apotek Tepercaya, Buka 24 Jam*","20250429, QAT-0422, Obat-NCD, Obat rutin NCD, Routine medicines, Subscriptions, Subscription, Langganan [Muscles, Bone & Joint] ||ETHICAL PRODUCT ||T2K, ||T3K [[mbjhemborjune]] [[mbjgratisongkir]] [[bisagratisongkir]] [[pastigratisongkir]] ,Allupurinol",Zyloric 300 mg 3 Strip (10 Tablet/Strip) - Hemat Borongan,https://d2qjkwm11akmwu.cloudfront.net/thumbnails/301087_20-7-2023_10-18-32.png,medicine,b2c,1,active,331500.00,292600.00,0.00,133400.00,292600.00,0.09,0,,,,"[""tablet""]","[{""type"":""image_url"",""extension"":""png"",""url"":""https://d2qjkwm11akmwu.cloudfront.net/products/264127_20-7-2023_10-18-26.png""},{""type"":""thumbnail_url"",""extension"":""webp"",""url"":""https://d2qjkwm11akmwu.cloudfront.net/thumbnails/301087_20-7-2023_10-18-32.webp""},{""type"":""image_url"",""extension"":""webp"",""url"":""https://d2qjkwm11akmwu.cloudfront.net/products/264127_20-7-2023_10-18-26.webp""},{""type"":""thumbnail_url"",""extension"":""png"",""url"":""https://d2qjkwm11akmwu.cloudfront.net/thumbnails/301087_20-7-2023_10-18-32.png""}]","84ed0907-2ab4-46cc-9ca0-31093a2259a8",0,1,1,292600.00,277900.00,,
120,"2023-05-29 09:53:48",Dev,"2023-07-17 16:39:05",SELF,e3e43534-de01-43d3-9489-1be57efdf3f3,"0",BISAGRATISONGKIR,43093,4812746,3360,"2023-04-03 13:00:00","2023-12-31 23:59:00",delayed_instant,"376708cf-e01e-4620-a5cf-54b9a1588316,b44c5b7e-b844-4105-acb8-858aaca5f8d8,49c1f3e0-4252-48c7-a007-8fd58e0fce42,ed1ac092-8663-42e2-96d1-d2af62267ad4,a561bd82-f0ef-45dd-bb79-85c5b0f00fc2,c1b2332b-644c-44a2-a878-0bf9c37e29b1,37eb40ff-cce3-4de6-b839-9cb5445a470f,74fcb9d1-a7b7-4672-ac7f-a1b62d8912a0,7976b31b-63fb-401e-87cc-c6e81ee7b5fd,484583cd-a5cc-40c6-bf9d-31ca6038400a,1963798f-8e06-4aa0-bda9-eb794e85a3ee,217d7de6-0412-4ebc-96df-2d8cfddd99e0,59c8f490-a9f0-497f-97e5-a0b175c23168,7e56512f-c4ed-490b-be84-d2fd21b1180c,ba7166a7-537a-4cfc-a27a-6642dd6764d8,07c03415-0d69-4c43-bc4a-d8a9ee0e3c7e,d7dbdc3c-0b3c-4be4-80eb-daad1e3dedd5,bfa2728f-1c97-4335-8547-1df04059a35b,de59f903-d42f-4640-92b5-0b8415bd7e1b,535d9556-fd19-468f-850b-5b01bff28c15,c21968b7-cc5a-43f8-8e33-552d89ce5846,ef63202b-ae39-4645-b570-c72ea02b7412,2d190978-db01-4027-8b05-bb7e16aa524f,eac848f9-b84c-44f8-85b7-faaa345a11e2",0.00,146,"2023-05-29 09:53:48",Dev,"2023-07-20 10:20:01",CC Token,update_status_coupon_end_time_task_id,e55296f0-9a0a-40e5-a7ca-3f975cbe19f1,120,43093,"2020-08-05 20:53:47",CC Token,"2025-07-25 02:11:46",SELF,"9f9b3c58-c39a-4a01-8cfe-1a67e62c5f0d",259400.00,IDR,https://d2qjkwm11akmwu.cloudfront.net/products/884958_20-7-2023_10-19-50.png,218,"Informasi terlengkap tentang Voltaren 50 mg 30 Tablet - Hemat Borongan . Komposisi, Fungsi, Kegunaan, Ulasan, Efek Samping, Indikasi, Aturan Pakai, dan Dosis.","20250429, Obat rutin NCD, Routine medicines [Pain Killer] ||ETHICAL PRODUCT[[mbjgratisongkir]] [[bisagratisongkir]] [[digestgratisongkir]] [[pastigratisongkir]] [[hemborotc]]",Voltaren 50 mg 3 Strip (10 Tablet/Strip) - Hemat Borongan,https://d2qjkwm11akmwu.cloudfront.net/thumbnails/597591_20-7-2023_10-19-55.png,medicine,b2c,1,active,288300.00,259400.00,0.00,164900.00,259400.00,0.05,0,,,,"[""tablet""]","[{""type"":""thumbnail_url"",""extension"":""png"",""url"":""https://d2qjkwm11akmwu.cloudfront.net/thumbnails/597591_20-7-2023_10-19-55.png""},{""type"":""image_url"",""extension"":""png"",""url"":""https://d2qjkwm11akmwu.cloudfront.net/products/884958_20-7-2023_10-19-50.png""},{""type"":""image_url"",""extension"":""webp"",""url"":""https://d2qjkwm11akmwu.cloudfront.net/products/884958_20-7-2023_10-19-50.webp""},{""type"":""thumbnail_url"",""extension"":""webp"",""url"":""https://d2qjkwm11akmwu.cloudfront.net/thumbnails/597591_20-7-2023_10-19-55.webp""}]",e6aad71e-f1af-48bb-bd44-b39ced529bdb,0,1,1,259400.00,246400.00,,
121,"2023-05-29 09:53:48",Dev,"2024-09-13 16:04:39",CC Token,"59f44660-539d-4e74-8b2e-ee559072e690","0",BISAGRATISONGKIR,43249,4812746,3360,"2023-04-03 13:00:00","2023-12-31 23:59:00",delayed_instant,"376708cf-e01e-4620-a5cf-54b9a1588316,1963798f-8e06-4aa0-bda9-eb794e85a3ee,b44c5b7e-b844-4105-acb8-858aaca5f8d8,49c1f3e0-4252-48c7-a007-8fd58e0fce42,217d7de6-0412-4ebc-96df-2d8cfddd99e0,59c8f490-a9f0-497f-97e5-a0b175c23168,7e56512f-c4ed-490b-be84-d2fd21b1180c,ed1ac092-8663-42e2-96d1-d2af62267ad4,a561bd82-f0ef-45dd-bb79-85c5b0f00fc2,ba7166a7-537a-4cfc-a27a-6642dd6764d8,07c03415-0d69-4c43-bc4a-d8a9ee0e3c7e,d7dbdc3c-0b3c-4be4-80eb-daad1e3dedd5,bfa2728f-1c97-4335-8547-1df04059a35b,de59f903-d42f-4640-92b5-0b8415bd7e1b,535d9556-fd19-468f-850b-5b01bff28c15,c1b2332b-644c-44a2-a878-0bf9c37e29b1,c21968b7-cc5a-43f8-8e33-552d89ce5846,ef63202b-ae39-4645-b570-c72ea02b7412,37eb40ff-cce3-4de6-b839-9cb5445a470f,74fcb9d1-a7b7-4672-ac7f-a1b62d8912a0,7976b31b-63fb-401e-87cc-c6e81ee7b5fd,2d190978-db01-4027-8b05-bb7e16aa524f,484583cd-a5cc-40c6-bf9d-31ca6038400a,eac848f9-b84c-44f8-85b7-faaa345a11e2",0.00,147,"2023-05-29 09:53:48",Dev,"2023-07-20 10:32:54",CC Token,update_status_coupon_end_time_task_id,"5a60a240-7c89-4ea0-bee2-c2761de2ad89",121,43249,"2020-08-18 10:48:36",Dev,"2025-07-25 02:11:52",SELF,"72b05b32-7d98-4d6a-8149-4b91042cc598",121000.00,IDR,https://d2qjkwm11akmwu.cloudfront.net/products/752195_27-2-2025_16-53-24.png,41,"Temukan informasi lengkap Buscopan Plus 5 Strip (4 Tablet/Strip)- Hemat Borongan di Halodoc. Beli Buscopan Plus 5 Strip (4 Tablet/Strip)- Hemat Borongan 1 Jam Sampai, Dikirim dari Apotek Tepercaya, Buka 24 Jam*","20250429, Lebih Hemat ||ETHICAL PRODUCT , paracetamol ||T2K, ||T3K[[digestgratisongkir]] [[bisagratisongkir]] [[pastigratisongkir]] [[hemborotc]] [[hembor2025]]",Buscopan Plus 5 Strip (4 Tablet/Strip)- Hemat Borongan,https://d2qjkwm11akmwu.cloudfront.net/thumbnails/442212_27-2-2025_16-53-50.png,medicine,b2c,1,active,138000.00,105000.00,0.01,72600.00,121000.00,0.05,0,,,,"[""tablet""]","[{""type"":""thumbnail_url"",""extension"":""webp"",""url"":""https://d2qjkwm11akmwu.cloudfront.net/thumbnails/442212_27-2-2025_16-53-50.webp""},{""type"":""thumbnail_url"",""extension"":""png"",""url"":""https://d2qjkwm11akmwu.cloudfront.net/thumbnails/442212_27-2-2025_16-53-50.png""},{""type"":""image_url"",""extension"":""webp"",""url"":""https://d2qjkwm11akmwu.cloudfront.net/products/752195_27-2-2025_16-53-24.webp""},{""type"":""image_url"",""extension"":""png"",""url"":""https://d2qjkwm11akmwu.cloudfront.net/products/752195_27-2-2025_16-53-24.png""}]",a74f3fd5-db51-4210-b498-723f252e7cce,0,1,1,121000.00,114900.00,,
122,"2023-05-29 09:53:48",Dev,"2023-07-17 16:39:06",SELF,"1379f269-8931-4ebd-a0ef-fa0518b4cad2","0",BISAGRATISONGKIR,43301,4812746,3360,"2023-04-03 13:00:00","2023-12-31 23:59:00",delayed_instant,"376708cf-e01e-4620-a5cf-54b9a1588316,b44c5b7e-b844-4105-acb8-858aaca5f8d8,49c1f3e0-4252-48c7-a007-8fd58e0fce42,ed1ac092-8663-42e2-96d1-d2af62267ad4,a561bd82-f0ef-45dd-bb79-85c5b0f00fc2,c1b2332b-644c-44a2-a878-0bf9c37e29b1,37eb40ff-cce3-4de6-b839-9cb5445a470f,74fcb9d1-a7b7-4672-ac7f-a1b62d8912a0,7976b31b-63fb-401e-87cc-c6e81ee7b5fd,484583cd-a5cc-40c6-bf9d-31ca6038400a,1963798f-8e06-4aa0-bda9-eb794e85a3ee,217d7de6-0412-4ebc-96df-2d8cfddd99e0,59c8f490-a9f0-497f-97e5-a0b175c23168,7e56512f-c4ed-490b-be84-d2fd21b1180c,ba7166a7-537a-4cfc-a27a-6642dd6764d8,07c03415-0d69-4c43-bc4a-d8a9ee0e3c7e,d7dbdc3c-0b3c-4be4-80eb-daad1e3dedd5,bfa2728f-1c97-4335-8547-1df04059a35b,de59f903-d42f-4640-92b5-0b8415bd7e1b,535d9556-fd19-468f-850b-5b01bff28c15,c21968b7-cc5a-43f8-8e33-552d89ce5846,ef63202b-ae39-4645-b570-c72ea02b7412,2d190978-db01-4027-8b05-bb7e16aa524f,eac848f9-b84c-44f8-85b7-faaa345a11e2",0.00,148,"2023-05-29 09:53:48",Dev,"2023-07-20 11:00:59",CC Token,update_status_coupon_end_time_task_id,f229d17c-a008-4f54-b915-a43341f8370b,122,43301,"2020-08-18 10:48:51",Dev,"2025-07-25 02:06:19",SELF,"16a4c330-f614-4d5a-a2bb-f48e6e43b8ca",170200.00,IDR,https://d2qjkwm11akmwu.cloudfront.net/products/377140_20-7-2023_11-0-48.png,723,"Informasi terlengkap tentang Elocon 0.1% Cream 5 g 2 Tube - Hemat Borongan. Komposisi, Fungsi, Kegunaan, Ulasan, Efek Samping, Indikasi, Aturan Pakai, dan Dosis.","20250429, Lebih Hemat ||ETHICAL PRODUCT[[mbjgratisongkir]] [[bisagratisongkir]] [[digestgratisongkir]] [[pastigratisongkir]] [[hemborotc]]",Elocon 0.1% Cream 5 g 2 Tube - Hemat Borongan,https://d2qjkwm11akmwu.cloudfront.net/thumbnails/838449_20-7-2023_11-0-56.png,medicine,b2c,1,active,194400.00,170200.00,0.00,130700.00,170200.00,0.05,0,,,,"[""rub""]","[{""type"":""thumbnail_url"",""extension"":""webp"",""url"":""https://d2qjkwm11akmwu.cloudfront.net/thumbnails/838449_20-7-2023_11-0-56.webp""},{""type"":""image_url"",""extension"":""png"",""url"":""https://d2qjkwm11akmwu.cloudfront.net/products/377140_20-7-2023_11-0-48.png""},{""type"":""image_url"",""extension"":""webp"",""url"":""https://d2qjkwm11akmwu.cloudfront.net/products/377140_20-7-2023_11-0-48.webp""},{""type"":""thumbnail_url"",""extension"":""png"",""url"":""https://d2qjkwm11akmwu.cloudfront.net/thumbnails/838449_20-7-2023_11-0-56.png""}]",b5581870-51a6-417e-ab80-2a532c1c141d,0,1,1,170200.00,161600.00,,
123,"2023-05-29 09:53:49",Dev,"2023-07-17 16:39:06",SELF,d67978d6-10c5-4280-98c2-1f8996327953,"0",BISAGRATISONGKIR,43305,4812746,3360,"2023-04-03 13:00:00","2023-12-31 23:59:00",delayed_instant,"376708cf-e01e-4620-a5cf-54b9a1588316,b44c5b7e-b844-4105-acb8-858aaca5f8d8,49c1f3e0-4252-48c7-a007-8fd58e0fce42,ed1ac092-8663-42e2-96d1-d2af62267ad4,a561bd82-f0ef-45dd-bb79-85c5b0f00fc2,c1b2332b-644c-44a2-a878-0bf9c37e29b1,37eb40ff-cce3-4de6-b839-9cb5445a470f,74fcb9d1-a7b7-4672-ac7f-a1b62d8912a0,7976b31b-63fb-401e-87cc-c6e81ee7b5fd,484583cd-a5cc-40c6-bf9d-31ca6038400a,1963798f-8e06-4aa0-bda9-eb794e85a3ee,217d7de6-0412-4ebc-96df-2d8cfddd99e0,59c8f490-a9f0-497f-97e5-a0b175c23168,7e56512f-c4ed-490b-be84-d2fd21b1180c,ba7166a7-537a-4cfc-a27a-6642dd6764d8,07c03415-0d69-4c43-bc4a-d8a9ee0e3c7e,d7dbdc3c-0b3c-4be4-80eb-daad1e3dedd5,bfa2728f-1c97-4335-8547-1df04059a35b,de59f903-d42f-4640-92b5-0b8415bd7e1b,535d9556-fd19-468f-850b-5b01bff28c15,c21968b7-cc5a-43f8-8e33-552d89ce5846,ef63202b-ae39-4645-b570-c72ea02b7412,2d190978-db01-4027-8b05-bb7e16aa524f,eac848f9-b84c-44f8-85b7-faaa345a11e2",0.00,149,"2023-05-29 09:53:49",Dev,"2023-07-20 11:03:58",CC Token,update_status_coupon_end_time_task_id,"5881d915-fd57-4271-872b-fa6847d89db5",123,43305,"2020-08-18 10:48:53",Dev,"2025-07-25 02:06:19",SELF,"8e37e3ba-0d20-4796-8bd7-3bc17ae90805",197000.00,IDR,https://d2qjkwm11akmwu.cloudfront.net/products/439346_20-7-2023_11-3-3.png,154,"Informasi terlengkap tentang Aloclair Plus Gel 8 ml 2 Botol - Hemat Borongan . Komposisi, Fungsi, Kegunaan, Ulasan, Efek Samping, Indikasi, Aturan Pakai, dan Dosis.","20210312, Lebih-Hemat, Sehat Gigi dan Mulut[[mbjgratisongkir]] [[bisagratisongkir]] [[digestgratisongkir]] [[pastigratisongkir]] [[hemborotc]][[puasamulut]],[[puasamulut]]",Aloclair Plus Gel 8 ml 2 Tube - Hemat Borongan,https://d2qjkwm11akmwu.cloudfront.net/thumbnails/133727_20-7-2023_11-3-54.png,medicine,b2c,1,active,197000.00,160500.00,0.01,121200.00,186200.00,0.05,0,,,,"[""rub""]","[{""type"":""image_url"",""extension"":""png"",""url"":""https://d2qjkwm11akmwu.cloudfront.net/products/439346_20-7-2023_11-3-3.png""},{""type"":""thumbnail_url"",""extension"":""png"",""url"":""https://d2qjkwm11akmwu.cloudfront.net/thumbnails/133727_20-7-2023_11-3-54.png""},{""type"":""thumbnail_url"",""extension"":""webp"",""url"":""https://d2qjkwm11akmwu.cloudfront.net/thumbnails/133727_20-7-2023_11-3-54.webp""},{""type"":""image_url"",""extension"":""webp"",""url"":""https://d2qjkwm11akmwu.cloudfront.net/products/439346_20-7-2023_11-3-3.webp""}]","865d3eed-dc07-4084-9fbe-f33f0637c75e",0,1,0,0.00,0.00,,
124,"2023-05-29 09:53:49",Dev,"2023-07-17 16:39:06",SELF,e4e746f0-89a3-4aab-8e7a-f4a340d72a0c,"0",BISAGRATISONGKIR,43316,4812746,3360,"2023-04-03 13:00:00","2023-12-31 23:59:00",delayed_instant,"376708cf-e01e-4620-a5cf-54b9a1588316,b44c5b7e-b844-4105-acb8-858aaca5f8d8,49c1f3e0-4252-48c7-a007-8fd58e0fce42,ed1ac092-8663-42e2-96d1-d2af62267ad4,a561bd82-f0ef-45dd-bb79-85c5b0f00fc2,c1b2332b-644c-44a2-a878-0bf9c37e29b1,37eb40ff-cce3-4de6-b839-9cb5445a470f,74fcb9d1-a7b7-4672-ac7f-a1b62d8912a0,7976b31b-63fb-401e-87cc-c6e81ee7b5fd,484583cd-a5cc-40c6-bf9d-31ca6038400a,1963798f-8e06-4aa0-bda9-eb794e85a3ee,217d7de6-0412-4ebc-96df-2d8cfddd99e0,59c8f490-a9f0-497f-97e5-a0b175c23168,7e56512f-c4ed-490b-be84-d2fd21b1180c,ba7166a7-537a-4cfc-a27a-6642dd6764d8,07c03415-0d69-4c43-bc4a-d8a9ee0e3c7e,d7dbdc3c-0b3c-4be4-80eb-daad1e3dedd5,bfa2728f-1c97-4335-8547-1df04059a35b,de59f903-d42f-4640-92b5-0b8415bd7e1b,535d9556-fd19-468f-850b-5b01bff28c15,c21968b7-cc5a-43f8-8e33-552d89ce5846,ef63202b-ae39-4645-b570-c72ea02b7412,2d190978-db01-4027-8b05-bb7e16aa524f,eac848f9-b84c-44f8-85b7-faaa345a11e2",0.00,150,"2023-05-29 09:53:49",Dev,"2023-07-17 16:39:06",SELF,update_status_coupon_end_time_task_id,"02044066-4715-496f-acfd-3f8fc17b6529",124,43316,"2020-08-18 10:48:56",Dev,"2025-07-25 02:06:20",SELF,"923b4fa1-7e5c-47b8-b038-e0f271275b35",171300.00,IDR,https://d2qjkwm11akmwu.cloudfront.net/products/149965_5-5-2023_18-42-54.png,161,"Informasi terlengkap tentang Kalnex 500 mg 30 Tablet - Hemat Borongan . Komposisi, Fungsi, Kegunaan, Ulasan, Efek Samping, Indikasi, Aturan Pakai, dan Dosis.","20220331, Lebih-Hemat ||M4I ||ETHICAL PRODUCT ||T3K[[mbjgratisongkir]] [[bisagratisongkir]] [[digestgratisongkir]] [[pastigratisongkir]] [[hemborotc]]",Kalnex 500 mg 3 Strip (10 Tablet/Strip) - Hemat Borongan,https://d2qjkwm11akmwu.cloudfront.net/thumbnails/690549_5-5-2023_18-43-1.png,medicine,b2c,1,active,171300.00,104800.00,0.00,88900.00,142300.00,0.05,0,,,,"[""tablet""]","[{""type"":""image_url"",""extension"":""webp"",""url"":""https://d2qjkwm11akmwu.cloudfront.net/products/149965_5-5-2023_18-42-54.webp""},{""type"":""image_url"",""extension"":""png"",""url"":""https://d2qjkwm11akmwu.cloudfront.net/products/149965_5-5-2023_18-42-54.png""},{""type"":""thumbnail_url"",""extension"":""png"",""url"":""https://d2qjkwm11akmwu.cloudfront.net/thumbnails/690549_5-5-2023_18-43-1.png""},{""type"":""thumbnail_url"",""extension"":""webp"",""url"":""https://d2qjkwm11akmwu.cloudfront.net/thumbnails/690549_5-5-2023_18-43-1.webp""}]","0c89aeac-2141-486e-8b67-3cfbdd568208",0,1,0,0.00,0.00,,
125,"2023-05-29 09:53:49",Dev,"2023-07-17 16:39:06",SELF,"072a5661-78f3-4dba-b397-d11c44fbd2c6","0",BISAGRATISONGKIR,43327,4812746,3360,"2023-04-03 13:00:00","2023-12-31 23:59:00",delayed_instant,"376708cf-e01e-4620-a5cf-54b9a1588316,b44c5b7e-b844-4105-acb8-858aaca5f8d8,49c1f3e0-4252-48c7-a007-8fd58e0fce42,ed1ac092-8663-42e2-96d1-d2af62267ad4,a561bd82-f0ef-45dd-bb79-85c5b0f00fc2,c1b2332b-644c-44a2-a878-0bf9c37e29b1,37eb40ff-cce3-4de6-b839-9cb5445a470f,74fcb9d1-a7b7-4672-ac7f-a1b62d8912a0,7976b31b-63fb-401e-87cc-c6e81ee7b5fd,484583cd-a5cc-40c6-bf9d-31ca6038400a,1963798f-8e06-4aa0-bda9-eb794e85a3ee,217d7de6-0412-4ebc-96df-2d8cfddd99e0,59c8f490-a9f0-497f-97e5-a0b175c23168,7e56512f-c4ed-490b-be84-d2fd21b1180c,ba7166a7-537a-4cfc-a27a-6642dd6764d8,07c03415-0d69-4c43-bc4a-d8a9ee0e3c7e,d7dbdc3c-0b3c-4be4-80eb-daad1e3dedd5,bfa2728f-1c97-4335-8547-1df04059a35b,de59f903-d42f-4640-92b5-0b8415bd7e1b,535d9556-fd19-468f-850b-5b01bff28c15,c21968b7-cc5a-43f8-8e33-552d89ce5846,ef63202b-ae39-4645-b570-c72ea02b7412,2d190978-db01-4027-8b05-bb7e16aa524f,eac848f9-b84c-44f8-85b7-faaa345a11e2",0.00,151,"2023-05-29 09:53:49",Dev,"2023-10-02 10:51:57",CC Token,update_status_coupon_end_time_task_id,"3407fdc2-bf7d-4cfd-9a73-12eb190d4ccd",125,43327,"2020-08-18 10:48:59",Dev,"2025-07-25 02:06:20",SELF,cfb1ff86-992b-43b6-a9c8-3b243038e85e,323500.00,IDR,https://d2qjkwm11akmwu.cloudfront.net/products/552930_2-10-2023_10-51-23.png,28,"Informasi terlengkap tentang Claritin 10 mg 30 Tablet - Hemat Borongan . Komposisi, Fungsi, Kegunaan, Ulasan, Efek Samping, Indikasi, Aturan Pakai, dan Dosis.","20250429, Lebih Hemat ||M4I ||ETHICAL PRODUCT ||T3K[[mbjgratisongkir]] [[bisagratisongkir]] [[digestgratisongkir]] [[pastigratisongkir]] [[claritinredakanalergi]] [[hemborotc]] [[gaspolobatpilihan]] [[hkn2025]]",Claritin 10 mg 3 Strip (10 Tablet/Strip) - Hemat Borongan,https://d2qjkwm11akmwu.cloudfront.net/thumbnails/596568_2-10-2023_10-51-54.png,medicine,b2c,1,active,362100.00,323500.00,0.00,200900.00,323500.00,0.05,0,,,,"[""tablet""]","[{""type"":""image_url"",""extension"":""webp"",""url"":""https://d2qjkwm11akmwu.cloudfront.net/products/552930_2-10-2023_10-51-23.webp""},{""type"":""thumbnail_url"",""extension"":""png"",""url"":""https://d2qjkwm11akmwu.cloudfront.net/thumbnails/596568_2-10-2023_10-51-54.png""},{""type"":""thumbnail_url"",""extension"":""webp"",""url"":""https://d2qjkwm11akmwu.cloudfront.net/thumbnails/596568_2-10-2023_10-51-54.webp""},{""type"":""image_url"",""extension"":""png"",""url"":""https://d2qjkwm11akmwu.cloudfront.net/products/552930_2-10-2023_10-51-23.png""}]","5d7eeb88-5fd6-4d14-ba95-f33b326c93a5",0,1,1,323500.00,307300.00,,
126,"2023-05-29 09:53:49",Dev,"2025-01-15 16:52:41",CC Token,fc4c0d58-e440-4a6f-908b-c8db57a6e5d1,"0",BISAGRATISONGKIR,43332,4812746,3360,"2023-04-03 13:00:00","2023-12-31 23:59:00",delayed_instant,"376708cf-e01e-4620-a5cf-54b9a1588316,1963798f-8e06-4aa0-bda9-eb794e85a3ee,b44c5b7e-b844-4105-acb8-858aaca5f8d8,49c1f3e0-4252-48c7-a007-8fd58e0fce42,217d7de6-0412-4ebc-96df-2d8cfddd99e0,59c8f490-a9f0-497f-97e5-a0b175c23168,7e56512f-c4ed-490b-be84-d2fd21b1180c,ed1ac092-8663-42e2-96d1-d2af62267ad4,a561bd82-f0ef-45dd-bb79-85c5b0f00fc2,ba7166a7-537a-4cfc-a27a-6642dd6764d8,07c03415-0d69-4c43-bc4a-d8a9ee0e3c7e,d7dbdc3c-0b3c-4be4-80eb-daad1e3dedd5,bfa2728f-1c97-4335-8547-1df04059a35b,de59f903-d42f-4640-92b5-0b8415bd7e1b,535d9556-fd19-468f-850b-5b01bff28c15,c1b2332b-644c-44a2-a878-0bf9c37e29b1,c21968b7-cc5a-43f8-8e33-552d89ce5846,ef63202b-ae39-4645-b570-c72ea02b7412,37eb40ff-cce3-4de6-b839-9cb5445a470f,74fcb9d1-a7b7-4672-ac7f-a1b62d8912a0,7976b31b-63fb-401e-87cc-c6e81ee7b5fd,2d190978-db01-4027-8b05-bb7e16aa524f,484583cd-a5cc-40c6-bf9d-31ca6038400a,eac848f9-b84c-44f8-85b7-faaa345a11e2",0.00,152,"2023-05-29 09:53:49",Dev,"2023-07-17 16:39:06",SELF,update_status_coupon_end_time_task_id,"2c13449e-565e-420a-b349-d5e2ca17f04e",126,43332,"2020-08-18 10:49:00",Dev,"2025-07-25 02:06:20",SELF,"9ba30105-b3b2-46e3-ac65-7100099ae0da",148400.00,IDR,https://d2qjkwm11akmwu.cloudfront.net/products/487744_15-1-2025_16-52-41.png,245,"Temukan informasi lengkap Microlax Family Gel 2 Box (3 Tube/Box) - Hemat Borongan di Halodoc. Beli Microlax Family Gel 2 Box (3 Tube/Box) - Hemat Borongan 1 Jam Sampai, Dikirim dari Apotek Tepercaya, Buka 24 Jam*","2025042920250429, QAT-1122, Lebih-Hemat, [[gaspolrxncdmei]] [[hematborongan]] ||T1K, ||T2K, ||T3K [[sehatramadan]] [[pencernaanlancar]] [[ramadansehat]] [[digestivecare]] [[Konstipasi]][[digestgratisongkir]] [[bisagratisongkir]] [[pastigratisongkir]] [[hemborotc]] [[hematherbalotc]] [[halodocny]] [[hembor2025]][[puasapencernaan]], [[puasa2025]] [[gaspolpencernaan]] [[otc sembelit]] [[iduladha]],[[puasapencernaan]] [[konstipasihalodoc]]",Microlax Family Gel 2 Box (3 Tube/Box) - Hemat Borongan,https://d2qjkwm11akmwu.cloudfront.net/thumbnails/219700_15-1-2025_16-52-53.png,medicine,b2c,1,active,150800.00,76200.00,0.02,72000.00,128900.00,0.05,0,,,,"[""rub""]","[{""type"":""thumbnail_url"",""extension"":""webp"",""url"":""https://d2qjkwm11akmwu.cloudfront.net/thumbnails/219700_15-1-2025_16-52-53.webp""},{""type"":""thumbnail_url"",""extension"":""png"",""url"":""https://d2qjkwm11akmwu.cloudfront.net/thumbnails/219700_15-1-2025_16-52-53.png""},{""type"":""image_url"",""extension"":""png"",""url"":""https://d2qjkwm11akmwu.cloudfront.net/products/487744_15-1-2025_16-52-41.png""},{""type"":""image_url"",""extension"":""webp"",""url"":""https://d2qjkwm11akmwu.cloudfront.net/products/487744_15-1-2025_16-52-41.webp""}]","35e5ee64-2cd7-4757-b698-a1b2b573e8a7",0,1,0,0.00,0.00,,
127,"2023-05-29 09:53:49",Dev,"2024-08-06 14:49:25",CC Token,fece80ea-af05-475d-8adc-35db6ee85536,"0",BISAGRATISONGKIR,43340,4812746,3360,"2023-04-03 13:00:00","2023-12-31 23:59:00",delayed_instant,"376708cf-e01e-4620-a5cf-54b9a1588316,1963798f-8e06-4aa0-bda9-eb794e85a3ee,b44c5b7e-b844-4105-acb8-858aaca5f8d8,49c1f3e0-4252-48c7-a007-8fd58e0fce42,217d7de6-0412-4ebc-96df-2d8cfddd99e0,59c8f490-a9f0-497f-97e5-a0b175c23168,7e56512f-c4ed-490b-be84-d2fd21b1180c,ed1ac092-8663-42e2-96d1-d2af62267ad4,a561bd82-f0ef-45dd-bb79-85c5b0f00fc2,ba7166a7-537a-4cfc-a27a-6642dd6764d8,07c03415-0d69-4c43-bc4a-d8a9ee0e3c7e,d7dbdc3c-0b3c-4be4-80eb-daad1e3dedd5,bfa2728f-1c97-4335-8547-1df04059a35b,de59f903-d42f-4640-92b5-0b8415bd7e1b,535d9556-fd19-468f-850b-5b01bff28c15,c1b2332b-644c-44a2-a878-0bf9c37e29b1,c21968b7-cc5a-43f8-8e33-552d89ce5846,ef63202b-ae39-4645-b570-c72ea02b7412,37eb40ff-cce3-4de6-b839-9cb5445a470f,74fcb9d1-a7b7-4672-ac7f-a1b62d8912a0,7976b31b-63fb-401e-87cc-c6e81ee7b5fd,2d190978-db01-4027-8b05-bb7e16aa524f,484583cd-a5cc-40c6-bf9d-31ca6038400a,eac848f9-b84c-44f8-85b7-faaa345a11e2",0.00,153,"2023-05-29 09:53:50",Dev,"2023-10-10 10:56:48",CC Token,update_status_coupon_end_time_task_id,ec50e825-81ae-4b1b-b3f5-4daeb48426e1,127,43340,"2020-08-18 10:49:02",Dev,"2025-07-25 02:06:21",SELF,"36b90829-988f-4004-adeb-d5420f18df68",167200.00,IDR,https://d2qjkwm11akmwu.cloudfront.net/products/836590_6-8-2024_14-49-24.png,369,"Temukan informasi lengkap Fluimucil 200 mg 2 Strip (10 Kapsul/Strip) - Hemat Borongan di Halodoc. Beli Fluimucil 200 mg 2 Strip (10 Kapsul/Strip) - Hemat Borongan 1 Jam Sampai, Dikirim dari Apotek Tepercaya, Buka 24 Jam*","20250429, QAT-0123, Lebih-Hemat, ||M4I ||UF100 ||ETHICAL PRODUCT ||T1K, ||T2K, ||T3K[[mbjgratisongkir]] [[bisagratisongkir]] [[digestgratisongkir]] [[pastigratisongkir]] [[hematherbalotc]] [[hkn2025]] [[gaspolflubatuk]] [[puasaflubatuk]],Obat Batuk Pilek Ibu Menyusui [[gaspolispa]]",Fluimucil 200 mg 2 Strip (10 Kapsul/Strip) - Hemat Borongan,https://d2qjkwm11akmwu.cloudfront.net/thumbnails/220238_6-8-2024_14-49-57.png,medicine,b2c,1,active,185800.00,167200.00,0.01,109058.00,167200.00,0.05,1,"2023-10-10 00:00:00","2023-10-17 00:00:00",0,"[""capsules""]","[{""type"":""image_url"",""extension"":""png"",""url"":""https://d2qjkwm11akmwu.cloudfront.net/products/836590_6-8-2024_14-49-24.png""},{""type"":""thumbnail_url"",""extension"":""webp"",""url"":""https://d2qjkwm11akmwu.cloudfront.net/thumbnails/220238_6-8-2024_14-49-57.webp""},{""type"":""thumbnail_url"",""extension"":""png"",""url"":""https://d2qjkwm11akmwu.cloudfront.net/thumbnails/220238_6-8-2024_14-49-57.png""},{""type"":""image_url"",""extension"":""webp"",""url"":""https://d2qjkwm11akmwu.cloudfront.net/products/836590_6-8-2024_14-49-24.webp""}]","64601cbe-6451-4f99-8b6d-f193c947a405",0,1,1,167200.00,158800.00,,
128,"2023-05-29 09:53:50",Dev,"2023-07-17 16:39:07",SELF,"2918e339-d84b-4563-ba70-b61f36f03062","0",BISAGRATISONGKIR,43360,4812746,3360,"2023-04-03 13:00:00","2023-12-31 23:59:00",delayed_instant,"376708cf-e01e-4620-a5cf-54b9a1588316,b44c5b7e-b844-4105-acb8-858aaca5f8d8,49c1f3e0-4252-48c7-a007-8fd58e0fce42,ed1ac092-8663-42e2-96d1-d2af62267ad4,a561bd82-f0ef-45dd-bb79-85c5b0f00fc2,c1b2332b-644c-44a2-a878-0bf9c37e29b1,37eb40ff-cce3-4de6-b839-9cb5445a470f,74fcb9d1-a7b7-4672-ac7f-a1b62d8912a0,7976b31b-63fb-401e-87cc-c6e81ee7b5fd,484583cd-a5cc-40c6-bf9d-31ca6038400a,1963798f-8e06-4aa0-bda9-eb794e85a3ee,217d7de6-0412-4ebc-96df-2d8cfddd99e0,59c8f490-a9f0-497f-97e5-a0b175c23168,7e56512f-c4ed-490b-be84-d2fd21b1180c,ba7166a7-537a-4cfc-a27a-6642dd6764d8,07c03415-0d69-4c43-bc4a-d8a9ee0e3c7e,d7dbdc3c-0b3c-4be4-80eb-daad1e3dedd5,bfa2728f-1c97-4335-8547-1df04059a35b,de59f903-d42f-4640-92b5-0b8415bd7e1b,535d9556-fd19-468f-850b-5b01bff28c15,c21968b7-cc5a-43f8-8e33-552d89ce5846,ef63202b-ae39-4645-b570-c72ea02b7412,2d190978-db01-4027-8b05-bb7e16aa524f,eac848f9-b84c-44f8-85b7-faaa345a11e2",0.00,154,"2023-05-29 09:53:50",Dev,"2023-07-17 16:39:07",SELF,update_status_coupon_end_time_task_id,b7113353-ec5f-42c9-b4cf-07e8092b2a4d,128,43360,"2020-08-18 10:49:08",Dev,"2025-07-22 02:05:50",SELF,"30ff5ce8-d261-44b1-b6db-f63446b7dadd",157900.00,IDR,https://d2qjkwm11akmwu.cloudfront.net/products/170056_9-5-2023_17-11-27.png,144,"Urispas adalah obat untuk masalah buang air kecil. Beli Urispas 200 mg 2 Strip di Halodoc. Gratis Ongkir, Privasi Terjaga, Pasti Aman 100%.","20240515, Lebih-Hemat ||ETHICAL PRODUCT[[mbjgratisongkir]] [[bisagratisongkir]] [[digestgratisongkir]] [[pastigratisongkir]] [[hemborotc]],Obat Infeksi Saluran Kemih, Obat Infeksi Saluran Kemih Wanita, Obat Infeksi Saluran Kencing, Obat Infeksi Saluran Kencing Wanita [[infeksisalurankemih]] [[salurankemihpilihan]] [[produkpasutri]]",Urispas 200 mg 2 Strip (10 Tablet/Strip) - Hemat Borongan,https://d2qjkwm11akmwu.cloudfront.net/thumbnails/122149_9-5-2023_17-11-36.png,medicine,b2c,0,inactive,189400.00,109100.00,0.00,84400.00,165700.00,0.05,0,,,,"[""tablet""]","[{""type"":""thumbnail_url"",""extension"":""webp"",""url"":""https://d2qjkwm11akmwu.cloudfront.net/thumbnails/122149_9-5-2023_17-11-36.webp""},{""type"":""thumbnail_url"",""extension"":""png"",""url"":""https://d2qjkwm11akmwu.cloudfront.net/thumbnails/122149_9-5-2023_17-11-36.png""},{""type"":""image_url"",""extension"":""webp"",""url"":""https://d2qjkwm11akmwu.cloudfront.net/products/170056_9-5-2023_17-11-27.webp""},{""type"":""image_url"",""extension"":""png"",""url"":""https://d2qjkwm11akmwu.cloudfront.net/products/170056_9-5-2023_17-11-27.png""}]",,0,1,0,0.00,0.00,,
129,"2023-05-29 09:53:50",Dev,"2024-07-16 16:53:55",CC Token,c3d1add9-844e-4de8-8c2b-eb3fbfb598e7,"0",BISAGRATISONGKIR,43383,4812746,3360,"2023-04-03 13:00:00","2023-12-31 23:59:00",delayed_instant,"376708cf-e01e-4620-a5cf-54b9a1588316,1963798f-8e06-4aa0-bda9-eb794e85a3ee,b44c5b7e-b844-4105-acb8-858aaca5f8d8,49c1f3e0-4252-48c7-a007-8fd58e0fce42,217d7de6-0412-4ebc-96df-2d8cfddd99e0,59c8f490-a9f0-497f-97e5-a0b175c23168,7e56512f-c4ed-490b-be84-d2fd21b1180c,ed1ac092-8663-42e2-96d1-d2af62267ad4,a561bd82-f0ef-45dd-bb79-85c5b0f00fc2,ba7166a7-537a-4cfc-a27a-6642dd6764d8,07c03415-0d69-4c43-bc4a-d8a9ee0e3c7e,d7dbdc3c-0b3c-4be4-80eb-daad1e3dedd5,bfa2728f-1c97-4335-8547-1df04059a35b,de59f903-d42f-4640-92b5-0b8415bd7e1b,535d9556-fd19-468f-850b-5b01bff28c15,c1b2332b-644c-44a2-a878-0bf9c37e29b1,c21968b7-cc5a-43f8-8e33-552d89ce5846,ef63202b-ae39-4645-b570-c72ea02b7412,37eb40ff-cce3-4de6-b839-9cb5445a470f,74fcb9d1-a7b7-4672-ac7f-a1b62d8912a0,7976b31b-63fb-401e-87cc-c6e81ee7b5fd,2d190978-db01-4027-8b05-bb7e16aa524f,484583cd-a5cc-40c6-bf9d-31ca6038400a,eac848f9-b84c-44f8-85b7-faaa345a11e2",0.00,155,"2023-05-29 09:53:50",Dev,"2023-10-26 15:01:38",CC Token,update_status_coupon_end_time_task_id,"38e20aec-d950-4252-8ea8-eeb60ce98a21",129,43383,"2020-08-18 10:49:14",Dev,"2025-07-25 02:11:55",SELF,"360bd137-8dae-4e87-9344-283545baf2b6",215100.00,IDR,https://d2qjkwm11akmwu.cloudfront.net/products/156751_8-5-2023_15-40-1.jpeg,161,"Temukan informasi lengkap Aloclair Plus Mouthwash 60 ml 2 Botol - Hemat Borongan di Halodoc. Beli Aloclair Plus Mouthwash 60 ml 2 Botol - Hemat Borongan 1 Jam Sampai, Dikirim dari Apotek Tepercaya, Buka 24 Jam*","20250213*, Lebih-Hemat, Sehat Gigi dan Mulut ||T3K [[mulutsehat]] [[mulutsehatdansegar]][[specialtygratisongkir]] [[bisagratisongkir]] [[gaspolperawatandiri]] [[pastigratisongkir]] [[hemborotc]] [[hembormomkids]] [[gaspolpernapasan]]  [[gaspolperawatan]] [[hembor2024]][[puasamulut]], [[puasa2024]] [[annivperawatan]] bonjela [[hdmouthwash]] [[cucimulut]], [[mulutdansariawan]]",Aloclair Plus Mouthwash 60 ml 2 Botol - Hemat Borongan,https://d2qjkwm11akmwu.cloudfront.net/thumbnails/540176_8-5-2023_15-40-10.png,medicine,b2c,1,active,240000.00,215100.00,0.00,133900.00,215100.00,0.05,0,,,,"[""ml"",""cup""]","[{""type"":""thumbnail_url"",""extension"":""png"",""url"":""https://d2qjkwm11akmwu.cloudfront.net/thumbnails/540176_8-5-2023_15-40-10.png""},{""type"":""thumbnail_url"",""extension"":""webp"",""url"":""https://d2qjkwm11akmwu.cloudfront.net/thumbnails/540176_8-5-2023_15-40-10.webp""},{""type"":""image_url"",""extension"":""jpeg"",""url"":""https://d2qjkwm11akmwu.cloudfront.net/products/156751_8-5-2023_15-40-1.jpeg""},{""type"":""image_url"",""extension"":""webp"",""url"":""https://d2qjkwm11akmwu.cloudfront.net/products/156751_8-5-2023_15-40-1.webp""}]",d737d6f4-3cb3-4ded-ac45-7eef86cce581,0,1,1,215100.00,196700.00,,
130,"2023-05-29 09:53:50",Dev,"2024-12-06 14:18:03",CC Token,f23c0553-246d-4fc3-853e-104a7bac6b2e,"0",BISAGRATISONGKIR,43414,4812746,3360,"2023-04-03 13:00:00","2023-12-31 23:59:00",delayed_instant,"376708cf-e01e-4620-a5cf-54b9a1588316,1963798f-8e06-4aa0-bda9-eb794e85a3ee,b44c5b7e-b844-4105-acb8-858aaca5f8d8,49c1f3e0-4252-48c7-a007-8fd58e0fce42,217d7de6-0412-4ebc-96df-2d8cfddd99e0,59c8f490-a9f0-497f-97e5-a0b175c23168,7e56512f-c4ed-490b-be84-d2fd21b1180c,ed1ac092-8663-42e2-96d1-d2af62267ad4,a561bd82-f0ef-45dd-bb79-85c5b0f00fc2,ba7166a7-537a-4cfc-a27a-6642dd6764d8,07c03415-0d69-4c43-bc4a-d8a9ee0e3c7e,d7dbdc3c-0b3c-4be4-80eb-daad1e3dedd5,bfa2728f-1c97-4335-8547-1df04059a35b,de59f903-d42f-4640-92b5-0b8415bd7e1b,535d9556-fd19-468f-850b-5b01bff28c15,c1b2332b-644c-44a2-a878-0bf9c37e29b1,c21968b7-cc5a-43f8-8e33-552d89ce5846,ef63202b-ae39-4645-b570-c72ea02b7412,37eb40ff-cce3-4de6-b839-9cb5445a470f,74fcb9d1-a7b7-4672-ac7f-a1b62d8912a0,7976b31b-63fb-401e-87cc-c6e81ee7b5fd,2d190978-db01-4027-8b05-bb7e16aa524f,484583cd-a5cc-40c6-bf9d-31ca6038400a,eac848f9-b84c-44f8-85b7-faaa345a11e2",0.00,156,"2023-05-29 09:53:50",Dev,"2023-07-17 16:39:07",SELF,update_status_coupon_end_time_task_id,"2b33aaff-fa2a-4a16-a57a-64f02733fc66",130,43414,"2020-08-18 10:49:23",Dev,"2025-07-25 02:11:57",SELF,e0130ca9-4c14-413f-aa96-a05aabcc233e,206200.00,IDR,https://d2qjkwm11akmwu.cloudfront.net/products/758943_28-2-2025_17-47-17.png,852,"Informasi terlengkap tentang Scabimite 5% Cream 30 g 2 Tube - Hemat Borongan. Komposisi, Fungsi, Kegunaan, Ulasan, Efek Samping, Indikasi, Aturan Pakai, dan Dosis.","20250429, Lebih-Hemat, ||ETHICAL PRODUCT ||T2K, ||T3K[[mbjgratisongkir]] [[bisagratisongkir]] [[digestgratisongkir]] [[pastigratisongkir]] ,Obat Scabies",Scabimite 5% Cream 30 g 2 Tube - Hemat Borongan,https://d2qjkwm11akmwu.cloudfront.net/thumbnails/810750_28-2-2025_17-47-30.png,medicine,b2c,1,active,229200.00,206200.00,0.00,110000.00,206200.00,0.05,0,,,,"[""rub""]","[{""type"":""thumbnail_url"",""extension"":""png"",""url"":""https://d2qjkwm11akmwu.cloudfront.net/thumbnails/810750_28-2-2025_17-47-30.png""},{""type"":""image_url"",""extension"":""png"",""url"":""https://d2qjkwm11akmwu.cloudfront.net/products/758943_28-2-2025_17-47-17.png""},{""type"":""image_url"",""extension"":""webp"",""url"":""https://d2qjkwm11akmwu.cloudfront.net/products/758943_28-2-2025_17-47-17.webp""},{""type"":""thumbnail_url"",""extension"":""webp"",""url"":""https://d2qjkwm11akmwu.cloudfront.net/thumbnails/810750_28-2-2025_17-47-30.webp""}]","03aba605-353e-4030-8638-a25f86023ae5",0,1,1,206200.00,195800.00,,
131,"2023-05-29 09:53:50",Dev,"2023-07-17 16:39:07",SELF,f2d0ddcf-e6c3-4de2-886d-70e806fc1adf,"0",BISAGRATISONGKIR,43418,4812746,3360,"2023-04-03 13:00:00","2023-12-31 23:59:00",delayed_instant,"376708cf-e01e-4620-a5cf-54b9a1588316,b44c5b7e-b844-4105-acb8-858aaca5f8d8,49c1f3e0-4252-48c7-a007-8fd58e0fce42,ed1ac092-8663-42e2-96d1-d2af62267ad4,a561bd82-f0ef-45dd-bb79-85c5b0f00fc2,c1b2332b-644c-44a2-a878-0bf9c37e29b1,37eb40ff-cce3-4de6-b839-9cb5445a470f,74fcb9d1-a7b7-4672-ac7f-a1b62d8912a0,7976b31b-63fb-401e-87cc-c6e81ee7b5fd,484583cd-a5cc-40c6-bf9d-31ca6038400a,1963798f-8e06-4aa0-bda9-eb794e85a3ee,217d7de6-0412-4ebc-96df-2d8cfddd99e0,59c8f490-a9f0-497f-97e5-a0b175c23168,7e56512f-c4ed-490b-be84-d2fd21b1180c,ba7166a7-537a-4cfc-a27a-6642dd6764d8,07c03415-0d69-4c43-bc4a-d8a9ee0e3c7e,d7dbdc3c-0b3c-4be4-80eb-daad1e3dedd5,bfa2728f-1c97-4335-8547-1df04059a35b,de59f903-d42f-4640-92b5-0b8415bd7e1b,535d9556-fd19-468f-850b-5b01bff28c15,c21968b7-cc5a-43f8-8e33-552d89ce5846,ef63202b-ae39-4645-b570-c72ea02b7412,2d190978-db01-4027-8b05-bb7e16aa524f,eac848f9-b84c-44f8-85b7-faaa345a11e2",0.00,157,"2023-05-29 09:53:50",Dev,"2023-07-17 16:39:07",SELF,update_status_coupon_end_time_task_id,ac915ee8-30ed-48c0-a17b-7247076593f5,131,43418,"2020-08-18 10:49:24",Dev,"2025-07-25 02:11:57",SELF,d2c9c534-999f-482e-af26-b75242017238,222800.00,IDR,https://d2qjkwm11akmwu.cloudfront.net/products/167372_8-5-2023_11-47-6.png,218,"Temukan informasi lengkap Cataflam Fast Powder 50 mg 2 Box (18 Sachet) - Hemat Borongan di Halodoc. Beli Cataflam Fast Powder 50 mg 2 Box (18 Sachet) - Hemat Borongan 1 Jam Sampai, Dikirim dari Apotek Tepercaya, Buka 24 Jam*","20250429, QAT-0422, Lebih-Hemat, ||ETHICAL PRODUCT ||T3K[[mbjgratisongkir]] [[bisagratisongkir]] [[digestgratisongkir]] [[pastigratisongkir]] [[hemborotc]]",Cataflam Fast Powder 50 mg 2 Box (18 Sachet) - Hemat Borongan,https://d2qjkwm11akmwu.cloudfront.net/thumbnails/458474_8-5-2023_11-48-14.png,medicine,b2c,1,active,222800.00,152400.00,0.01,144000.00,190100.00,0.05,0,,,,"[""sachet"",""milligrams""]","[{""type"":""thumbnail_url"",""extension"":""png"",""url"":""https://d2qjkwm11akmwu.cloudfront.net/thumbnails/458474_8-5-2023_11-48-14.png""},{""type"":""image_url"",""extension"":""webp"",""url"":""https://d2qjkwm11akmwu.cloudfront.net/products/167372_8-5-2023_11-47-6.webp""},{""type"":""thumbnail_url"",""extension"":""webp"",""url"":""https://d2qjkwm11akmwu.cloudfront.net/thumbnails/458474_8-5-2023_11-48-14.webp""},{""type"":""image_url"",""extension"":""png"",""url"":""https://d2qjkwm11akmwu.cloudfront.net/products/167372_8-5-2023_11-47-6.png""}]",e912cbde-b442-4e96-9964-6a310d75587c,0,1,0,0.00,0.00,,
132,"2023-05-29 09:53:50",Dev,"2023-07-17 16:39:07",SELF,a006f208-c383-46f2-bd39-f57b063f6b90,"0",BISAGRATISONGKIR,43419,4812746,3360,"2023-04-03 13:00:00","2023-12-31 23:59:00",delayed_instant,"376708cf-e01e-4620-a5cf-54b9a1588316,b44c5b7e-b844-4105-acb8-858aaca5f8d8,49c1f3e0-4252-48c7-a007-8fd58e0fce42,ed1ac092-8663-42e2-96d1-d2af62267ad4,a561bd82-f0ef-45dd-bb79-85c5b0f00fc2,c1b2332b-644c-44a2-a878-0bf9c37e29b1,37eb40ff-cce3-4de6-b839-9cb5445a470f,74fcb9d1-a7b7-4672-ac7f-a1b62d8912a0,7976b31b-63fb-401e-87cc-c6e81ee7b5fd,484583cd-a5cc-40c6-bf9d-31ca6038400a,1963798f-8e06-4aa0-bda9-eb794e85a3ee,217d7de6-0412-4ebc-96df-2d8cfddd99e0,59c8f490-a9f0-497f-97e5-a0b175c23168,7e56512f-c4ed-490b-be84-d2fd21b1180c,ba7166a7-537a-4cfc-a27a-6642dd6764d8,07c03415-0d69-4c43-bc4a-d8a9ee0e3c7e,d7dbdc3c-0b3c-4be4-80eb-daad1e3dedd5,bfa2728f-1c97-4335-8547-1df04059a35b,de59f903-d42f-4640-92b5-0b8415bd7e1b,535d9556-fd19-468f-850b-5b01bff28c15,c21968b7-cc5a-43f8-8e33-552d89ce5846,ef63202b-ae39-4645-b570-c72ea02b7412,2d190978-db01-4027-8b05-bb7e16aa524f,eac848f9-b84c-44f8-85b7-faaa345a11e2",0.00,158,"2023-05-29 09:53:50",Dev,"2023-07-17 16:39:07",SELF,update_status_coupon_end_time_task_id,"65e3f1a7-1178-40dc-8719-76c2afdf3a4d",132,43419,"2020-08-18 10:49:25",Dev,"2025-07-25 05:50:45",SELF,"13853ac7-1a8d-4343-a07d-da870adadec2",166300.00,IDR,https://d2qjkwm11akmwu.cloudfront.net/products/310018_12-7-2023_14-44-56.png,136,"Informasi terlengkap tentang Urogetix 100 mg 20 Kaplet - Hemat Borongan . Komposisi, Fungsi, Kegunaan, Ulasan, Efek Samping, Indikasi, Aturan Pakai, dan Dosis.","20220331, Lebih-Hemat ||ETHICAL PRODUCT[[mbjgratisongkir]] [[bisagratisongkir]] [[digestgratisongkir]] [[pastigratisongkir]] [[hemborotc]]",Urogetix 100 mg 2 Strip (10 Kaplet/Strip) - Hemat Borongan,https://d2qjkwm11akmwu.cloudfront.net/thumbnails/734563_12-7-2023_14-45-0.png,medicine,b2c,1,active,177000.00,136800.00,0.00,106200.00,152200.00,0.05,0,,,,"[""tablet""]","[{""type"":""thumbnail_url"",""extension"":""png"",""url"":""https://d2qjkwm11akmwu.cloudfront.net/thumbnails/734563_12-7-2023_14-45-0.png""},{""type"":""image_url"",""extension"":""webp"",""url"":""https://d2qjkwm11akmwu.cloudfront.net/products/310018_12-7-2023_14-44-56.webp""},{""type"":""image_url"",""extension"":""png"",""url"":""https://d2qjkwm11akmwu.cloudfront.net/products/310018_12-7-2023_14-44-56.png""},{""type"":""thumbnail_url"",""extension"":""webp"",""url"":""https://d2qjkwm11akmwu.cloudfront.net/thumbnails/734563_12-7-2023_14-45-0.webp""}]",f1907c90-e986-4d7e-85be-4184d5039e2b,0,1,0,0.00,0.00,,
133,"2023-05-29 09:53:50",Dev,"2023-07-17 16:39:07",SELF,ed6ee40a-0a90-4b8f-9425-456b37bb096d,"0",BISAGRATISONGKIR,43424,4812746,3360,"2023-04-03 13:00:00","2023-12-31 23:59:00",delayed_instant,"376708cf-e01e-4620-a5cf-54b9a1588316,b44c5b7e-b844-4105-acb8-858aaca5f8d8,49c1f3e0-4252-48c7-a007-8fd58e0fce42,ed1ac092-8663-42e2-96d1-d2af62267ad4,a561bd82-f0ef-45dd-bb79-85c5b0f00fc2,c1b2332b-644c-44a2-a878-0bf9c37e29b1,37eb40ff-cce3-4de6-b839-9cb5445a470f,74fcb9d1-a7b7-4672-ac7f-a1b62d8912a0,7976b31b-63fb-401e-87cc-c6e81ee7b5fd,484583cd-a5cc-40c6-bf9d-31ca6038400a,1963798f-8e06-4aa0-bda9-eb794e85a3ee,217d7de6-0412-4ebc-96df-2d8cfddd99e0,59c8f490-a9f0-497f-97e5-a0b175c23168,7e56512f-c4ed-490b-be84-d2fd21b1180c,ba7166a7-537a-4cfc-a27a-6642dd6764d8,07c03415-0d69-4c43-bc4a-d8a9ee0e3c7e,d7dbdc3c-0b3c-4be4-80eb-daad1e3dedd5,bfa2728f-1c97-4335-8547-1df04059a35b,de59f903-d42f-4640-92b5-0b8415bd7e1b,535d9556-fd19-468f-850b-5b01bff28c15,c21968b7-cc5a-43f8-8e33-552d89ce5846,ef63202b-ae39-4645-b570-c72ea02b7412,2d190978-db01-4027-8b05-bb7e16aa524f,eac848f9-b84c-44f8-85b7-faaa345a11e2",0.00,159,"2023-05-29 09:53:51",Dev,"2023-07-17 16:39:08",SELF,update_status_coupon_end_time_task_id,"9ad3bb2c-d0c1-4ec8-bdc4-7b9d96d1616a",133,43424,"2020-08-18 10:49:26",Dev,"2025-07-25 02:06:21",SELF,"48bc0845-c5e1-41ff-b9d0-8dde2e67a363",339500.00,IDR,https://d2qjkwm11akmwu.cloudfront.net/products/720717_9-5-2023_17-0-58.png,723,"Informasi terlengkap tentang Aerius 5 mg 30 Tablet - Hemat Borongan . Komposisi, Fungsi, Kegunaan, Ulasan, Efek Samping, Indikasi, Aturan Pakai, dan Dosis.","20250429, Lebih-Hemat ||ETHICAL PRODUCT ||T3K[[mbjgratisongkir]] [[bisagratisongkir]] [[digestgratisongkir]] [[pastigratisongkir]] [[hemborotc]]",Aerius 5 mg 2 Strip (15 Tablet/Strip) - Hemat Borongan,https://d2qjkwm11akmwu.cloudfront.net/thumbnails/154803_9-5-2023_17-1-7.png,medicine,b2c,1,active,394400.00,339500.00,0.00,220800.00,339500.00,0.05,0,,,,"[""tablet""]","[{""type"":""image_url"",""extension"":""webp"",""url"":""https://d2qjkwm11akmwu.cloudfront.net/products/720717_9-5-2023_17-0-58.webp""},{""type"":""image_url"",""extension"":""png"",""url"":""https://d2qjkwm11akmwu.cloudfront.net/products/720717_9-5-2023_17-0-58.png""},{""type"":""thumbnail_url"",""extension"":""webp"",""url"":""https://d2qjkwm11akmwu.cloudfront.net/thumbnails/154803_9-5-2023_17-1-7.webp""},{""type"":""thumbnail_url"",""extension"":""png"",""url"":""https://d2qjkwm11akmwu.cloudfront.net/thumbnails/154803_9-5-2023_17-1-7.png""}]","1c6f8197-5f65-482f-9215-7d846726feb0",0,1,1,339500.00,322500.00,,
134,"2023-05-29 09:53:51",Dev,"2023-07-17 16:39:08",SELF,"1ec30700-450d-4c11-afb2-5a74ffe8df9d","0",BISAGRATISONGKIR,43427,4812746,3360,"2023-04-03 13:00:00","2023-12-31 23:59:00",delayed_instant,"376708cf-e01e-4620-a5cf-54b9a1588316,b44c5b7e-b844-4105-acb8-858aaca5f8d8,49c1f3e0-4252-48c7-a007-8fd58e0fce42,ed1ac092-8663-42e2-96d1-d2af62267ad4,a561bd82-f0ef-45dd-bb79-85c5b0f00fc2,c1b2332b-644c-44a2-a878-0bf9c37e29b1,37eb40ff-cce3-4de6-b839-9cb5445a470f,74fcb9d1-a7b7-4672-ac7f-a1b62d8912a0,7976b31b-63fb-401e-87cc-c6e81ee7b5fd,484583cd-a5cc-40c6-bf9d-31ca6038400a,1963798f-8e06-4aa0-bda9-eb794e85a3ee,217d7de6-0412-4ebc-96df-2d8cfddd99e0,59c8f490-a9f0-497f-97e5-a0b175c23168,7e56512f-c4ed-490b-be84-d2fd21b1180c,ba7166a7-537a-4cfc-a27a-6642dd6764d8,07c03415-0d69-4c43-bc4a-d8a9ee0e3c7e,d7dbdc3c-0b3c-4be4-80eb-daad1e3dedd5,bfa2728f-1c97-4335-8547-1df04059a35b,de59f903-d42f-4640-92b5-0b8415bd7e1b,535d9556-fd19-468f-850b-5b01bff28c15,c21968b7-cc5a-43f8-8e33-552d89ce5846,ef63202b-ae39-4645-b570-c72ea02b7412,2d190978-db01-4027-8b05-bb7e16aa524f,eac848f9-b84c-44f8-85b7-faaa345a11e2",0.00,160,"2023-05-29 09:53:51",Dev,"2023-07-17 16:39:08",SELF,update_status_coupon_end_time_task_id,e989d56a-f19c-43c9-8804-6798b0311749,134,43427,"2020-08-18 10:49:27",Dev,"2025-07-25 02:06:21",SELF,"4bce0cdb-3247-4542-831a-073ea06facd3",190500.00,IDR,https://d2qjkwm11akmwu.cloudfront.net/products/885035_23-12-2021_16-33-19-1665822350.png,122,"Informasi terlengkap tentang Elox 0.1% Cream 10 g 2 Tube - Hemat Borongan. Komposisi, Fungsi, Kegunaan, Ulasan, Efek Samping, Indikasi, Aturan Pakai, dan Dosis.","20250429, Lebih Hemat ||ETHICAL PRODUCT[[mbjgratisongkir]] [[bisagratisongkir]] [[digestgratisongkir]] [[pastigratisongkir]] [[hemborotc]]",Elox 0.1% Cream 10 g 2 Tube - Hemat Borongan,https://d2qjkwm11akmwu.cloudfront.net/thumbnails/806363_23-12-2021_16-33-22-1665822350.png,medicine,b2c,1,active,215200.00,190500.00,0.00,119600.00,190500.00,0.05,0,,,,"[""rub""]","[{""type"":""image_url"",""extension"":""png"",""url"":""https://d2qjkwm11akmwu.cloudfront.net/products/885035_23-12-2021_16-33-19-1665822350.png""},{""type"":""image_url"",""extension"":""webp"",""url"":""https://d2qjkwm11akmwu.cloudfront.net/products/885035_23-12-2021_16-33-19-1665822350.webp""},{""type"":""thumbnail_url"",""extension"":""webp"",""url"":""https://d2qjkwm11akmwu.cloudfront.net/thumbnails/806363_23-12-2021_16-33-22-1665822350.webp""},{""type"":""thumbnail_url"",""extension"":""png"",""url"":""https://d2qjkwm11akmwu.cloudfront.net/thumbnails/806363_23-12-2021_16-33-22-1665822350.png""}]",aa400f35-7b4e-46f6-a4ae-ca671ab6002a,0,1,1,190500.00,180900.00,,
135,"2023-05-29 09:53:51",Dev,"2025-06-20 12:05:28",CC Token,d6a0b92a-f3e0-44f8-8dca-076b2990db0d,"0",BISAGRATISONGKIR,43431,4812746,3360,"2023-04-03 13:00:00","2023-12-31 23:59:00",delayed_instant,"376708cf-e01e-4620-a5cf-54b9a1588316,1963798f-8e06-4aa0-bda9-eb794e85a3ee,b44c5b7e-b844-4105-acb8-858aaca5f8d8,49c1f3e0-4252-48c7-a007-8fd58e0fce42,217d7de6-0412-4ebc-96df-2d8cfddd99e0,59c8f490-a9f0-497f-97e5-a0b175c23168,7e56512f-c4ed-490b-be84-d2fd21b1180c,ed1ac092-8663-42e2-96d1-d2af62267ad4,a561bd82-f0ef-45dd-bb79-85c5b0f00fc2,ba7166a7-537a-4cfc-a27a-6642dd6764d8,07c03415-0d69-4c43-bc4a-d8a9ee0e3c7e,d7dbdc3c-0b3c-4be4-80eb-daad1e3dedd5,bfa2728f-1c97-4335-8547-1df04059a35b,de59f903-d42f-4640-92b5-0b8415bd7e1b,535d9556-fd19-468f-850b-5b01bff28c15,c1b2332b-644c-44a2-a878-0bf9c37e29b1,c21968b7-cc5a-43f8-8e33-552d89ce5846,ef63202b-ae39-4645-b570-c72ea02b7412,37eb40ff-cce3-4de6-b839-9cb5445a470f,74fcb9d1-a7b7-4672-ac7f-a1b62d8912a0,7976b31b-63fb-401e-87cc-c6e81ee7b5fd,2d190978-db01-4027-8b05-bb7e16aa524f,484583cd-a5cc-40c6-bf9d-31ca6038400a,eac848f9-b84c-44f8-85b7-faaa345a11e2",0.00,161,"2023-05-29 09:53:51",Dev,"2023-07-17 16:39:08",SELF,update_status_coupon_end_time_task_id,da7f1ede-d5ea-47e7-9ed1-05a25ae87abc,135,43431,"2020-08-18 10:49:28",Dev,"2025-07-21 16:03:27",Dev,"77ef9f6b-3449-4050-ae20-ff5f99e6bfeb",470000.00,IDR,https://d2qjkwm11akmwu.cloudfront.net/products/44061_10-5-2023_14-38-47.jpeg,98,"Informasi terlengkap tentang OMZ 20 mg 30 Kapsul - Hemat Borongan . Komposisi, Fungsi, Kegunaan, Ulasan, Efek Samping, Indikasi, Aturan Pakai, dan Dosis.","20250426, Lebih Hemat, ||M4I ||ETHICAL PRODUCT, OW4 [[digestgratisongkir]] [[bisagratisongkir]] [[pastigratisongkir]] [[hemborotc]]",OMZ 20 mg 5 Strip (6 Kapsul/Strip) - Hemat Borongan,https://d2qjkwm11akmwu.cloudfront.net/thumbnails/384339_10-5-2023_14-38-55.png,medicine,b2c,1,active,554500.00,470000.00,0.00,207000.00,470000.00,0.09,0,,,,"[""capsules""]","[{""type"":""thumbnail_url"",""extension"":""png"",""url"":""https://d2qjkwm11akmwu.cloudfront.net/thumbnails/384339_10-5-2023_14-38-55.png""},{""type"":""image_url"",""extension"":""webp"",""url"":""https://d2qjkwm11akmwu.cloudfront.net/products/44061_10-5-2023_14-38-47.webp""},{""type"":""thumbnail_url"",""extension"":""webp"",""url"":""https://d2qjkwm11akmwu.cloudfront.net/thumbnails/384339_10-5-2023_14-38-55.webp""},{""type"":""image_url"",""extension"":""jpeg"",""url"":""https://d2qjkwm11akmwu.cloudfront.net/products/44061_10-5-2023_14-38-47.jpeg""}]","923ca74d-c67b-449e-911e-366a1472a477",0,1,1,470000.00,446500.00,,
136,"2023-05-29 09:53:51",Dev,"2023-07-17 16:39:08",SELF,"6a2d8fdf-f95a-4989-b5f2-8920092798f2","0",BISAGRATISONGKIR,43447,4812746,3360,"2023-04-03 13:00:00","2023-12-31 23:59:00",delayed_instant,"376708cf-e01e-4620-a5cf-54b9a1588316,b44c5b7e-b844-4105-acb8-858aaca5f8d8,49c1f3e0-4252-48c7-a007-8fd58e0fce42,ed1ac092-8663-42e2-96d1-d2af62267ad4,a561bd82-f0ef-45dd-bb79-85c5b0f00fc2,c1b2332b-644c-44a2-a878-0bf9c37e29b1,37eb40ff-cce3-4de6-b839-9cb5445a470f,74fcb9d1-a7b7-4672-ac7f-a1b62d8912a0,7976b31b-63fb-401e-87cc-c6e81ee7b5fd,484583cd-a5cc-40c6-bf9d-31ca6038400a,1963798f-8e06-4aa0-bda9-eb794e85a3ee,217d7de6-0412-4ebc-96df-2d8cfddd99e0,59c8f490-a9f0-497f-97e5-a0b175c23168,7e56512f-c4ed-490b-be84-d2fd21b1180c,ba7166a7-537a-4cfc-a27a-6642dd6764d8,07c03415-0d69-4c43-bc4a-d8a9ee0e3c7e,d7dbdc3c-0b3c-4be4-80eb-daad1e3dedd5,bfa2728f-1c97-4335-8547-1df04059a35b,de59f903-d42f-4640-92b5-0b8415bd7e1b,535d9556-fd19-468f-850b-5b01bff28c15,c21968b7-cc5a-43f8-8e33-552d89ce5846,ef63202b-ae39-4645-b570-c72ea02b7412,2d190978-db01-4027-8b05-bb7e16aa524f,eac848f9-b84c-44f8-85b7-faaa345a11e2",0.00,162,"2023-05-29 09:53:51",Dev,"2023-07-17 16:39:08",SELF,update_status_coupon_end_time_task_id,"9336aca1-ba96-46ba-8ed5-4c92ecf4209d",136,43447,"2020-08-18 10:49:33",Dev,"2025-07-25 02:06:22",SELF,"3a6df8b5-fc95-4cdd-bf5a-7986c5ad3faf",248600.00,IDR,https://d2qjkwm11akmwu.cloudfront.net/products/21488_4-5-2023_16-39-31.png,316,"Informasi terlengkap tentang Counterpain Cream 120 g 2 Tube - Hemat Borongan. Komposisi, Fungsi, Kegunaan, Ulasan, Efek Samping, Indikasi, Aturan Pakai, dan Dosis.","20250213,20240424*",Counterpain Cream 120 g 2 Tube - Hemat Borongan,https://d2qjkwm11akmwu.cloudfront.net/thumbnails/168582_4-5-2023_16-39-34.png,medicine,b2c,1,active,248600.00,248600.00,0.00,160000.00,248600.00,0.05,0,,,,"[""rub""]","[{""type"":""image_url"",""extension"":""webp"",""url"":""https://d2qjkwm11akmwu.cloudfront.net/products/21488_4-5-2023_16-39-31.webp""},{""type"":""image_url"",""extension"":""png"",""url"":""https://d2qjkwm11akmwu.cloudfront.net/products/21488_4-5-2023_16-39-31.png""},{""type"":""thumbnail_url"",""extension"":""webp"",""url"":""https://d2qjkwm11akmwu.cloudfront.net/thumbnails/168582_4-5-2023_16-39-34.webp""},{""type"":""thumbnail_url"",""extension"":""png"",""url"":""https://d2qjkwm11akmwu.cloudfront.net/thumbnails/168582_4-5-2023_16-39-34.png""}]",aeb7cfb9-6780-47f2-b125-5abf3ee296b9,0,1,1,248600.00,241200.00,,
137,"2023-05-29 09:53:51",Dev,"2023-07-17 16:39:08",SELF,"1241014f-b7c8-4208-b4f7-2a0844cb6919","0",BISAGRATISONGKIR,43449,4812746,3360,"2023-04-03 13:00:00","2023-12-31 23:59:00",delayed_instant,"376708cf-e01e-4620-a5cf-54b9a1588316,b44c5b7e-b844-4105-acb8-858aaca5f8d8,49c1f3e0-4252-48c7-a007-8fd58e0fce42,ed1ac092-8663-42e2-96d1-d2af62267ad4,a561bd82-f0ef-45dd-bb79-85c5b0f00fc2,c1b2332b-644c-44a2-a878-0bf9c37e29b1,37eb40ff-cce3-4de6-b839-9cb5445a470f,74fcb9d1-a7b7-4672-ac7f-a1b62d8912a0,7976b31b-63fb-401e-87cc-c6e81ee7b5fd,484583cd-a5cc-40c6-bf9d-31ca6038400a,1963798f-8e06-4aa0-bda9-eb794e85a3ee,217d7de6-0412-4ebc-96df-2d8cfddd99e0,59c8f490-a9f0-497f-97e5-a0b175c23168,7e56512f-c4ed-490b-be84-d2fd21b1180c,ba7166a7-537a-4cfc-a27a-6642dd6764d8,07c03415-0d69-4c43-bc4a-d8a9ee0e3c7e,d7dbdc3c-0b3c-4be4-80eb-daad1e3dedd5,bfa2728f-1c97-4335-8547-1df04059a35b,de59f903-d42f-4640-92b5-0b8415bd7e1b,535d9556-fd19-468f-850b-5b01bff28c15,c21968b7-cc5a-43f8-8e33-552d89ce5846,ef63202b-ae39-4645-b570-c72ea02b7412,2d190978-db01-4027-8b05-bb7e16aa524f,eac848f9-b84c-44f8-85b7-faaa345a11e2",0.00,163,"2023-05-29 09:53:51",Dev,"2023-07-17 16:39:08",SELF,update_status_coupon_end_time_task_id,"447abdbd-a210-4e77-84aa-c18b53222e1e",137,43449,"2020-08-18 10:49:33",Dev,"2025-07-25 02:06:22",SELF,"7e9582cb-43d8-4074-aca1-32e36416e53e",166500.00,IDR,https://d2qjkwm11akmwu.cloudfront.net/products/222384_5-5-2023_17-18-53.jpeg,316,"Informasi terlengkap tentang Counterpain Cream 60 g 2 Tube - Hemat Borongan. Komposisi, Fungsi, Kegunaan, Ulasan, Efek Samping, Indikasi, Aturan Pakai, dan Dosis.","20250213,20240424*",Counterpain Cream 60 g 2 Tube - Hemat Borongan,https://d2qjkwm11akmwu.cloudfront.net/thumbnails/656906_5-5-2023_17-19-4.png,medicine,b2c,1,active,166500.00,166500.00,0.00,91800.00,166500.00,0.05,0,,,,"[""rub""]","[{""type"":""image_url"",""extension"":""jpeg"",""url"":""https://d2qjkwm11akmwu.cloudfront.net/products/222384_5-5-2023_17-18-53.jpeg""},{""type"":""thumbnail_url"",""extension"":""png"",""url"":""https://d2qjkwm11akmwu.cloudfront.net/thumbnails/656906_5-5-2023_17-19-4.png""},{""type"":""thumbnail_url"",""extension"":""webp"",""url"":""https://d2qjkwm11akmwu.cloudfront.net/thumbnails/656906_5-5-2023_17-19-4.webp""},{""type"":""image_url"",""extension"":""webp"",""url"":""https://d2qjkwm11akmwu.cloudfront.net/products/222384_5-5-2023_17-18-53.webp""}]",fd255d9d-2447-45d4-95d1-d973598cc83c,0,1,1,166500.00,161600.00,,
138,"2023-05-29 09:53:51",Dev,"2024-09-02 13:11:52",CC Token,"01887dc5-e0ef-4b4a-aec7-5b20bfe830b9","0",BISAGRATISONGKIR,43455,4812746,3360,"2023-04-03 13:00:00","2023-12-31 23:59:00",delayed_instant,"376708cf-e01e-4620-a5cf-54b9a1588316,1963798f-8e06-4aa0-bda9-eb794e85a3ee,b44c5b7e-b844-4105-acb8-858aaca5f8d8,49c1f3e0-4252-48c7-a007-8fd58e0fce42,217d7de6-0412-4ebc-96df-2d8cfddd99e0,59c8f490-a9f0-497f-97e5-a0b175c23168,7e56512f-c4ed-490b-be84-d2fd21b1180c,ed1ac092-8663-42e2-96d1-d2af62267ad4,a561bd82-f0ef-45dd-bb79-85c5b0f00fc2,ba7166a7-537a-4cfc-a27a-6642dd6764d8,07c03415-0d69-4c43-bc4a-d8a9ee0e3c7e,d7dbdc3c-0b3c-4be4-80eb-daad1e3dedd5,bfa2728f-1c97-4335-8547-1df04059a35b,de59f903-d42f-4640-92b5-0b8415bd7e1b,535d9556-fd19-468f-850b-5b01bff28c15,c1b2332b-644c-44a2-a878-0bf9c37e29b1,c21968b7-cc5a-43f8-8e33-552d89ce5846,ef63202b-ae39-4645-b570-c72ea02b7412,37eb40ff-cce3-4de6-b839-9cb5445a470f,74fcb9d1-a7b7-4672-ac7f-a1b62d8912a0,7976b31b-63fb-401e-87cc-c6e81ee7b5fd,2d190978-db01-4027-8b05-bb7e16aa524f,484583cd-a5cc-40c6-bf9d-31ca6038400a,eac848f9-b84c-44f8-85b7-faaa345a11e2",0.00,164,"2023-05-29 09:53:51",Dev,"2023-07-17 16:39:08",SELF,update_status_coupon_end_time_task_id,"47302f83-b5cd-46a5-b0bb-2fd17a09c173",138,43455,"2020-08-18 10:49:35",Dev,"2025-07-25 02:06:23",SELF,c9664473-1b16-485c-bf75-2895209c06db,115400.00,IDR,https://d2qjkwm11akmwu.cloudfront.net/products/340065_4-5-2023_16-38-9.png,320,"Informasi terlengkap tentang Minyak Tawon EE 60 ml 2 Botol - Hemat Borongan . Komposisi, Fungsi, Kegunaan, Ulasan, Efek Samping, Indikasi, Aturan Pakai, dan Dosis.","20250213,20240424*",Minyak Tawon EE 60 ml 2 Botol - Hemat Borongan,https://d2qjkwm11akmwu.cloudfront.net/thumbnails/601063_4-5-2023_16-38-13.png,medicine,b2c,1,active,115400.00,115400.00,0.00,58800.00,115400.00,0.05,0,,,,"[""rub"",""ml""]","[{""type"":""thumbnail_url"",""extension"":""png"",""url"":""https://d2qjkwm11akmwu.cloudfront.net/thumbnails/601063_4-5-2023_16-38-13.png""},{""type"":""image_url"",""extension"":""webp"",""url"":""https://d2qjkwm11akmwu.cloudfront.net/products/340065_4-5-2023_16-38-9.webp""},{""type"":""thumbnail_url"",""extension"":""webp"",""url"":""https://d2qjkwm11akmwu.cloudfront.net/thumbnails/601063_4-5-2023_16-38-13.webp""},{""type"":""image_url"",""extension"":""png"",""url"":""https://d2qjkwm11akmwu.cloudfront.net/products/340065_4-5-2023_16-38-9.png""}]","61790e4d-0992-4583-bd06-81d94e677ce7",0,1,1,115400.00,112000.00,,
139,"2023-05-29 09:53:51",Dev,"2023-07-17 16:39:08",SELF,aee201f1-09ee-41da-b5ee-f5b7d8b2c15a,"0",BISAGRATISONGKIR,43685,4812746,3360,"2023-04-03 13:00:00","2023-12-31 23:59:00",delayed_instant,"376708cf-e01e-4620-a5cf-54b9a1588316,b44c5b7e-b844-4105-acb8-858aaca5f8d8,49c1f3e0-4252-48c7-a007-8fd58e0fce42,ed1ac092-8663-42e2-96d1-d2af62267ad4,a561bd82-f0ef-45dd-bb79-85c5b0f00fc2,c1b2332b-644c-44a2-a878-0bf9c37e29b1,37eb40ff-cce3-4de6-b839-9cb5445a470f,74fcb9d1-a7b7-4672-ac7f-a1b62d8912a0,7976b31b-63fb-401e-87cc-c6e81ee7b5fd,484583cd-a5cc-40c6-bf9d-31ca6038400a,1963798f-8e06-4aa0-bda9-eb794e85a3ee,217d7de6-0412-4ebc-96df-2d8cfddd99e0,59c8f490-a9f0-497f-97e5-a0b175c23168,7e56512f-c4ed-490b-be84-d2fd21b1180c,ba7166a7-537a-4cfc-a27a-6642dd6764d8,07c03415-0d69-4c43-bc4a-d8a9ee0e3c7e,d7dbdc3c-0b3c-4be4-80eb-daad1e3dedd5,bfa2728f-1c97-4335-8547-1df04059a35b,de59f903-d42f-4640-92b5-0b8415bd7e1b,535d9556-fd19-468f-850b-5b01bff28c15,c21968b7-cc5a-43f8-8e33-552d89ce5846,ef63202b-ae39-4645-b570-c72ea02b7412,2d190978-db01-4027-8b05-bb7e16aa524f,eac848f9-b84c-44f8-85b7-faaa345a11e2",0.00,165,"2023-05-29 09:53:51",Dev,"2023-07-17 16:39:08",SELF,update_status_coupon_end_time_task_id,"9533ee17-d1e0-4eb1-828e-f3acfcece707",139,43685,"2020-08-28 11:03:49",Dev,"2025-07-25 02:06:26",SELF,"072cc79a-28de-4a7d-8de3-bbbb199f389d",162900.00,IDR,https://d2qjkwm11akmwu.cloudfront.net/products/262892_5-5-2023_17-18-45.png,875,"Temukan informasi lengkap Lameson 4 mg 3 Strip (10 Tablet/Strip) - Hemat Borongan di Halodoc. Beli Lameson 4 mg 3 Strip (10 Tablet/Strip) - Hemat Borongan 1 Jam Sampai, Dikirim dari Apotek Tepercaya, Buka 24 Jam*","20250429, QAT-1121, Lebih Hemat ||M4I ||ETHICAL PRODUCT ||T2K, ||T3K[[digestgratisongkir]] [[bisagratisongkir]] [[mbjgratisongkir]] [[pastigratisongkir]] [[hemborotc]]",Lameson 4 mg 3 Strip (10 Tablet/Strip) - Hemat Borongan,https://d2qjkwm11akmwu.cloudfront.net/thumbnails/823916_5-5-2023_17-18-52.png,medicine,b2c,1,active,193500.00,162900.00,0.01,103400.00,162900.00,0.05,0,,,,"[""tablet""]","[{""type"":""thumbnail_url"",""extension"":""webp"",""url"":""https://d2qjkwm11akmwu.cloudfront.net/thumbnails/823916_5-5-2023_17-18-52.webp""},{""type"":""image_url"",""extension"":""webp"",""url"":""https://d2qjkwm11akmwu.cloudfront.net/products/262892_5-5-2023_17-18-45.webp""},{""type"":""thumbnail_url"",""extension"":""png"",""url"":""https://d2qjkwm11akmwu.cloudfront.net/thumbnails/823916_5-5-2023_17-18-52.png""},{""type"":""image_url"",""extension"":""png"",""url"":""https://d2qjkwm11akmwu.cloudfront.net/products/262892_5-5-2023_17-18-45.png""}]","536b39ad-91ff-4d1c-b493-c6085a06e06c",0,1,1,162900.00,154700.00,,
140,"2023-05-29 09:53:52",Dev,"2023-07-17 16:39:08",SELF,"60963f83-6a07-4f0c-97ae-6ca7c8e2f040","0",BISAGRATISONGKIR,43787,4812746,3360,"2023-04-03 13:00:00","2023-12-31 23:59:00",delayed_instant,"376708cf-e01e-4620-a5cf-54b9a1588316,b44c5b7e-b844-4105-acb8-858aaca5f8d8,49c1f3e0-4252-48c7-a007-8fd58e0fce42,ed1ac092-8663-42e2-96d1-d2af62267ad4,a561bd82-f0ef-45dd-bb79-85c5b0f00fc2,c1b2332b-644c-44a2-a878-0bf9c37e29b1,37eb40ff-cce3-4de6-b839-9cb5445a470f,74fcb9d1-a7b7-4672-ac7f-a1b62d8912a0,7976b31b-63fb-401e-87cc-c6e81ee7b5fd,484583cd-a5cc-40c6-bf9d-31ca6038400a,1963798f-8e06-4aa0-bda9-eb794e85a3ee,217d7de6-0412-4ebc-96df-2d8cfddd99e0,59c8f490-a9f0-497f-97e5-a0b175c23168,7e56512f-c4ed-490b-be84-d2fd21b1180c,ba7166a7-537a-4cfc-a27a-6642dd6764d8,07c03415-0d69-4c43-bc4a-d8a9ee0e3c7e,d7dbdc3c-0b3c-4be4-80eb-daad1e3dedd5,bfa2728f-1c97-4335-8547-1df04059a35b,de59f903-d42f-4640-92b5-0b8415bd7e1b,535d9556-fd19-468f-850b-5b01bff28c15,c21968b7-cc5a-43f8-8e33-552d89ce5846,ef63202b-ae39-4645-b570-c72ea02b7412,2d190978-db01-4027-8b05-bb7e16aa524f,eac848f9-b84c-44f8-85b7-faaa345a11e2",0.00,166,"2023-05-29 09:53:52",Dev,"2023-07-17 16:39:08",SELF,update_status_coupon_end_time_task_id,c2ae3073-cac4-4458-aaaa-748edbe769f2,140,43787,"2020-09-08 17:35:21",CC Token,"2025-07-25 02:12:02",SELF,"7989d1f8-ba1a-482d-8668-684e0a9f14da",141400.00,IDR,https://d2qjkwm11akmwu.cloudfront.net/products/892469_5-5-2023_19-46-36.png,86,"Informasi terlengkap tentang Myonal 50 mg 20 Tablet - Hemat Borongan . Komposisi, Fungsi, Kegunaan, Ulasan, Efek Samping, Indikasi, Aturan Pakai, dan Dosis.","20220331, Lebih-Hemat ||M4I ||ETHICAL PRODUCT ||T3K [[mbjhemborjune]][[mbjgratisongkir]] [[bisagratisongkir]] [[pastigratisongkir]] [[hemborotc]]",Myonal 50 mg 2 Strip (10 Tablet/Strip) - Hemat Borongan,https://d2qjkwm11akmwu.cloudfront.net/thumbnails/470367_5-5-2023_19-46-46.png,medicine,b2c,1,active,141400.00,124600.00,0.01,124600.00,141400.00,0.05,0,,,,"[""tablet""]","[{""type"":""thumbnail_url"",""extension"":""png"",""url"":""https://d2qjkwm11akmwu.cloudfront.net/thumbnails/470367_5-5-2023_19-46-46.png""},{""type"":""thumbnail_url"",""extension"":""webp"",""url"":""https://d2qjkwm11akmwu.cloudfront.net/thumbnails/470367_5-5-2023_19-46-46.webp""},{""type"":""image_url"",""extension"":""webp"",""url"":""https://d2qjkwm11akmwu.cloudfront.net/products/892469_5-5-2023_19-46-36.webp""},{""type"":""image_url"",""extension"":""png"",""url"":""https://d2qjkwm11akmwu.cloudfront.net/products/892469_5-5-2023_19-46-36.png""}]",ba9751dc-d68b-44b5-97cf-af048ddc4435,0,1,0,0.00,0.00,,
141,"2023-05-29 09:53:52",Dev,"2023-07-17 16:39:09",SELF,ed3e9d59-a447-4185-b1d7-97f832d65b62,"0",BISAGRATISONGKIR,57773,4812746,3360,"2023-04-03 13:00:00","2023-12-31 23:59:00",delayed_instant,"376708cf-e01e-4620-a5cf-54b9a1588316,b44c5b7e-b844-4105-acb8-858aaca5f8d8,49c1f3e0-4252-48c7-a007-8fd58e0fce42,ed1ac092-8663-42e2-96d1-d2af62267ad4,a561bd82-f0ef-45dd-bb79-85c5b0f00fc2,c1b2332b-644c-44a2-a878-0bf9c37e29b1,37eb40ff-cce3-4de6-b839-9cb5445a470f,74fcb9d1-a7b7-4672-ac7f-a1b62d8912a0,7976b31b-63fb-401e-87cc-c6e81ee7b5fd,484583cd-a5cc-40c6-bf9d-31ca6038400a,1963798f-8e06-4aa0-bda9-eb794e85a3ee,217d7de6-0412-4ebc-96df-2d8cfddd99e0,59c8f490-a9f0-497f-97e5-a0b175c23168,7e56512f-c4ed-490b-be84-d2fd21b1180c,ba7166a7-537a-4cfc-a27a-6642dd6764d8,07c03415-0d69-4c43-bc4a-d8a9ee0e3c7e,d7dbdc3c-0b3c-4be4-80eb-daad1e3dedd5,bfa2728f-1c97-4335-8547-1df04059a35b,de59f903-d42f-4640-92b5-0b8415bd7e1b,535d9556-fd19-468f-850b-5b01bff28c15,c21968b7-cc5a-43f8-8e33-552d89ce5846,ef63202b-ae39-4645-b570-c72ea02b7412,2d190978-db01-4027-8b05-bb7e16aa524f,eac848f9-b84c-44f8-85b7-faaa345a11e2",0.00,167,"2023-05-29 09:53:52",Dev,"2023-07-17 16:39:09",SELF,update_status_coupon_end_time_task_id,b68846a9-1ed5-4a0d-b6f7-e8692d1bbcfa,141,57773,"2021-11-11 14:14:34",CC Token,"2025-07-25 02:08:09",SELF,"5f26898c-e8fd-49bb-9161-308e8fe8be7c",318800.00,IDR,https://d2qjkwm11akmwu.cloudfront.net/products/847178_10-5-2023_14-33-12.jpeg,150,"Informasi terlengkap tentang Isoric 300 mg 50 Tablet - Hemat Borongan. Komposisi, Fungsi, Kegunaan, Ulasan, Efek Samping, Indikasi, Aturan Pakai, dan Dosis.","20250429, QAT-0422, Hiperurisemia, primer,sekunder, gout, Branded Generic, Allopurinol 300, ||ETHICAL PRODUCT [[mbjhemborjune]] [[mbjgratisongkir]] [[bisagratisongkir]] [[pastigratisongkir]] ,Allupurinol",Isoric 300 mg 5 Strip (10 Tablet/Strip) - Hemat Borongan,https://d2qjkwm11akmwu.cloudfront.net/thumbnails/154378_10-5-2023_14-33-19.png,medicine,b2c,1,active,358500.00,318800.00,0.00,53700.00,318800.00,0.09,0,,,,"[""tablet""]","[{""type"":""thumbnail_url"",""extension"":""webp"",""url"":""https://d2qjkwm11akmwu.cloudfront.net/thumbnails/154378_10-5-2023_14-33-19.webp""},{""type"":""image_url"",""extension"":""webp"",""url"":""https://d2qjkwm11akmwu.cloudfront.net/products/847178_10-5-2023_14-33-12.webp""},{""type"":""thumbnail_url"",""extension"":""png"",""url"":""https://d2qjkwm11akmwu.cloudfront.net/thumbnails/154378_10-5-2023_14-33-19.png""},{""type"":""image_url"",""extension"":""jpeg"",""url"":""https://d2qjkwm11akmwu.cloudfront.net/products/847178_10-5-2023_14-33-12.jpeg""}]","4ff3e564-9194-4f4a-9a9b-f21c8b3ef4a0",0,1,1,318800.00,302800.00,,
142,"2023-05-29 09:53:52",Dev,"2023-07-13 18:15:30",SELF,d70a7c9b-fc80-4bcf-9988-6dcbda8cda01,"0",BISAGRATISONGKIR,62998,4812746,3360,"2023-04-03 13:00:00","2023-12-31 23:59:00",delayed_instant,"376708cf-e01e-4620-a5cf-54b9a1588316,b44c5b7e-b844-4105-acb8-858aaca5f8d8,49c1f3e0-4252-48c7-a007-8fd58e0fce42,ed1ac092-8663-42e2-96d1-d2af62267ad4,a561bd82-f0ef-45dd-bb79-85c5b0f00fc2,c1b2332b-644c-44a2-a878-0bf9c37e29b1,37eb40ff-cce3-4de6-b839-9cb5445a470f,74fcb9d1-a7b7-4672-ac7f-a1b62d8912a0,7976b31b-63fb-401e-87cc-c6e81ee7b5fd,484583cd-a5cc-40c6-bf9d-31ca6038400a,1963798f-8e06-4aa0-bda9-eb794e85a3ee,217d7de6-0412-4ebc-96df-2d8cfddd99e0,59c8f490-a9f0-497f-97e5-a0b175c23168,7e56512f-c4ed-490b-be84-d2fd21b1180c,ba7166a7-537a-4cfc-a27a-6642dd6764d8,07c03415-0d69-4c43-bc4a-d8a9ee0e3c7e,d7dbdc3c-0b3c-4be4-80eb-daad1e3dedd5,bfa2728f-1c97-4335-8547-1df04059a35b,de59f903-d42f-4640-92b5-0b8415bd7e1b,535d9556-fd19-468f-850b-5b01bff28c15,c21968b7-cc5a-43f8-8e33-552d89ce5846,ef63202b-ae39-4645-b570-c72ea02b7412,2d190978-db01-4027-8b05-bb7e16aa524f,eac848f9-b84c-44f8-85b7-faaa345a11e2",0.00,168,"2023-05-29 09:53:52",Dev,"2023-07-17 16:39:09",SELF,update_status_coupon_end_time_task_id,"929a602f-6b46-4978-a83a-214c79c9f43f",142,62998,"2022-03-01 17:13:23",Dev,"2025-07-25 02:17:35",SELF,f0a2061f-f443-4739-968f-6f71ce546bab,113200.00,IDR,https://d2qjkwm11akmwu.cloudfront.net/products/545421_5-5-2023_20-33-46.jpeg,316,"Informasi terlengkap tentang Tempra Forte Sirup Rasa Bubblegum 60 ml 2 Botol - Hemat Borongan. Komposisi, Fungsi, Kegunaan, Ulasan, Efek Samping, Indikasi, Aturan Pakai, dan Dosis.","20250429, QAT-0422, Generik, sakit kepala, sakit gigi, demam, nyeri, Generic, parasetamol, panas, pusing, meriang, nggreges, paska imunisasi, lebih hemat [[PCT Single]], paracetamol ||VerifiedKemenkes ||verifiedkemenkes-sirupdemam [[hematherbalotc]] [[50tahuntempra]]",Tempra Forte Sirup Rasa Bubblegum 60 ml 2 Botol - Hemat Borongan,https://d2qjkwm11akmwu.cloudfront.net/thumbnails/391262_5-5-2023_20-33-50.png,medicine,b2c,1,active,122400.00,100600.00,0.00,93800.00,106900.00,0.10,0,,,,"[""ml"",""measuring_spoon_5ml"",""measuring_spoon_10ml"",""measuring_spoon_15ml""]","[{""type"":""thumbnail_url"",""extension"":""png"",""url"":""https://d2qjkwm11akmwu.cloudfront.net/thumbnails/391262_5-5-2023_20-33-50.png""},{""type"":""image_url"",""extension"":""jpeg"",""url"":""https://d2qjkwm11akmwu.cloudfront.net/products/545421_5-5-2023_20-33-46.jpeg""},{""type"":""thumbnail_url"",""extension"":""webp"",""url"":""https://d2qjkwm11akmwu.cloudfront.net/thumbnails/391262_5-5-2023_20-33-50.webp""},{""type"":""image_url"",""extension"":""webp"",""url"":""https://d2qjkwm11akmwu.cloudfront.net/products/545421_5-5-2023_20-33-46.webp""}]","602ae08b-bc9b-4f97-9121-98a7e395564f",0,1,0,0.00,0.00,,
143,"2023-05-29 09:53:52",Dev,"2023-07-17 16:39:09",SELF,"423dac4a-21cb-4fa2-904e-94bc96429063","0",BISAGRATISONGKIR,70143,4812746,3360,"2023-04-03 13:00:00","2023-12-31 23:59:00",delayed_instant,"376708cf-e01e-4620-a5cf-54b9a1588316,b44c5b7e-b844-4105-acb8-858aaca5f8d8,49c1f3e0-4252-48c7-a007-8fd58e0fce42,ed1ac092-8663-42e2-96d1-d2af62267ad4,a561bd82-f0ef-45dd-bb79-85c5b0f00fc2,c1b2332b-644c-44a2-a878-0bf9c37e29b1,37eb40ff-cce3-4de6-b839-9cb5445a470f,74fcb9d1-a7b7-4672-ac7f-a1b62d8912a0,7976b31b-63fb-401e-87cc-c6e81ee7b5fd,484583cd-a5cc-40c6-bf9d-31ca6038400a,1963798f-8e06-4aa0-bda9-eb794e85a3ee,217d7de6-0412-4ebc-96df-2d8cfddd99e0,59c8f490-a9f0-497f-97e5-a0b175c23168,7e56512f-c4ed-490b-be84-d2fd21b1180c,ba7166a7-537a-4cfc-a27a-6642dd6764d8,07c03415-0d69-4c43-bc4a-d8a9ee0e3c7e,d7dbdc3c-0b3c-4be4-80eb-daad1e3dedd5,bfa2728f-1c97-4335-8547-1df04059a35b,de59f903-d42f-4640-92b5-0b8415bd7e1b,535d9556-fd19-468f-850b-5b01bff28c15,c21968b7-cc5a-43f8-8e33-552d89ce5846,ef63202b-ae39-4645-b570-c72ea02b7412,2d190978-db01-4027-8b05-bb7e16aa524f,eac848f9-b84c-44f8-85b7-faaa345a11e2",0.00,169,"2023-05-29 09:53:52",Dev,"2023-07-17 16:39:09",SELF,update_status_coupon_end_time_task_id,"6be3372a-5abe-4159-b82d-4976865845f6",143,70143,"2022-09-02 18:12:10",Dev,"2025-07-25 02:10:24",SELF,"90c7f401-c6eb-4c18-9bb2-5427094b2053",110000.00,IDR,https://d2qjkwm11akmwu.cloudfront.net/products/360979_5-5-2023_19-5-32.jpeg,262,"Informasi terlengkap tentang Durex K-Y Jelly Personal Lubricant 50 g 2 Tube - Hemat Borongan. Komposisi, Fungsi, Kegunaan, Ulasan, Efek Samping, Indikasi, Aturan Pakai, dan Dosis.","20240424* [[halointimacondom]]",Durex K-Y Jelly Personal Lubricant 50 g 2 Tube - Hemat Borongan,https://d2qjkwm11akmwu.cloudfront.net/thumbnails/730183_5-5-2023_19-5-40.png,medicine,b2c,1,active,108000.00,110000.00,0.00,63600.00,110000.00,0.10,0,,,,"[""rub""]","[{""type"":""image_url"",""extension"":""webp"",""url"":""https://d2qjkwm11akmwu.cloudfront.net/products/360979_5-5-2023_19-5-32.webp""},{""type"":""thumbnail_url"",""extension"":""webp"",""url"":""https://d2qjkwm11akmwu.cloudfront.net/thumbnails/730183_5-5-2023_19-5-40.webp""},{""type"":""thumbnail_url"",""extension"":""png"",""url"":""https://d2qjkwm11akmwu.cloudfront.net/thumbnails/730183_5-5-2023_19-5-40.png""},{""type"":""image_url"",""extension"":""jpeg"",""url"":""https://d2qjkwm11akmwu.cloudfront.net/products/360979_5-5-2023_19-5-32.jpeg""}]",b4240fc5-a6b2-4891-b285-8b44a06985d7,0,1,1,110000.00,104500.00,,
144,"2023-05-29 09:53:52",Dev,"2023-07-17 16:39:09",SELF,eb234d58-d1b1-4b5a-be10-de11f969ab6e,"0",BISAGRATISONGKIR,75396,4812746,3360,"2023-04-03 13:00:00","2023-12-31 23:59:00",delayed_instant,"376708cf-e01e-4620-a5cf-54b9a1588316,b44c5b7e-b844-4105-acb8-858aaca5f8d8,49c1f3e0-4252-48c7-a007-8fd58e0fce42,ed1ac092-8663-42e2-96d1-d2af62267ad4,a561bd82-f0ef-45dd-bb79-85c5b0f00fc2,c1b2332b-644c-44a2-a878-0bf9c37e29b1,37eb40ff-cce3-4de6-b839-9cb5445a470f,74fcb9d1-a7b7-4672-ac7f-a1b62d8912a0,7976b31b-63fb-401e-87cc-c6e81ee7b5fd,484583cd-a5cc-40c6-bf9d-31ca6038400a,1963798f-8e06-4aa0-bda9-eb794e85a3ee,217d7de6-0412-4ebc-96df-2d8cfddd99e0,59c8f490-a9f0-497f-97e5-a0b175c23168,7e56512f-c4ed-490b-be84-d2fd21b1180c,ba7166a7-537a-4cfc-a27a-6642dd6764d8,07c03415-0d69-4c43-bc4a-d8a9ee0e3c7e,d7dbdc3c-0b3c-4be4-80eb-daad1e3dedd5,bfa2728f-1c97-4335-8547-1df04059a35b,de59f903-d42f-4640-92b5-0b8415bd7e1b,535d9556-fd19-468f-850b-5b01bff28c15,c21968b7-cc5a-43f8-8e33-552d89ce5846,ef63202b-ae39-4645-b570-c72ea02b7412,2d190978-db01-4027-8b05-bb7e16aa524f,eac848f9-b84c-44f8-85b7-faaa345a11e2",0.00,170,"2023-05-29 09:53:52",Dev,"2023-07-28 10:48:51",CC Token,update_status_coupon_end_time_task_id,"6a0b8482-0e5d-4ec7-9fbd-07057c697d84",144,75396,"2023-02-03 11:29:14",Dev,"2025-07-25 02:20:47",SELF,"9a1c76c9-2436-45b5-ac4e-d0c0683fc505",690600.00,IDR,https://d2qjkwm11akmwu.cloudfront.net/products/66013_8-5-2023_14-42-9.png,28,"Temukan informasi lengkap Yaz 2 Box (28 Tablet/Box) - Hemat Borongan di Halodoc. Beli Yaz 2 Box (28 Tablet/Box) - Hemat Borongan 1 Jam Sampai, Dikirim dari Apotek Tepercaya, Buka 24 Jam*","20250429, Oral Contraceptive Agent, Kontrasepsi, simtomatik, kb, pil kb, premenstrual, disforik ||ETHICAL PRODUCT [[hemborkontrasepsi]] [[mbjgratisongkir]] [[bisagratisongkir]] [[digestgratisongkir]] [[rxhemborkontrasepsi]] [[pastigratisongkir]] [[kontrasepsihormon]] [[hemborotc]] [[hembor2025]] [[pilkb]],Alat Kontrasepsi Wanita [[produkpasutri]] [[halointimaregcon]]",Yaz 2 Box (28 Tablet/Box) - Hemat Borongan,https://d2qjkwm11akmwu.cloudfront.net/thumbnails/366784_8-5-2023_14-42-17.png,medicine,b2c,1,active,767400.00,690600.00,0.01,385100.00,690600.00,0.10,0,,,,"[""tablet""]","[{""type"":""image_url"",""extension"":""png"",""url"":""https://d2qjkwm11akmwu.cloudfront.net/products/66013_8-5-2023_14-42-9.png""},{""type"":""thumbnail_url"",""extension"":""webp"",""url"":""https://d2qjkwm11akmwu.cloudfront.net/thumbnails/366784_8-5-2023_14-42-17.webp""},{""type"":""thumbnail_url"",""extension"":""png"",""url"":""https://d2qjkwm11akmwu.cloudfront.net/thumbnails/366784_8-5-2023_14-42-17.png""},{""type"":""image_url"",""extension"":""webp"",""url"":""https://d2qjkwm11akmwu.cloudfront.net/products/66013_8-5-2023_14-42-9.webp""}]",c106a8f4-b89f-44e4-87f8-2412db6b192a,0,1,1,690600.00,656000.00,,
145,"2023-05-29 09:53:52",Dev,"2023-07-17 16:39:09",SELF,"3a2a9fb8-c19f-44cb-a6f0-0de03d3f08ff","0",BISAGRATISONGKIR,43079,4812746,3360,"2023-04-03 13:00:00","2023-12-31 23:59:00",delayed_instant,"376708cf-e01e-4620-a5cf-54b9a1588316,b44c5b7e-b844-4105-acb8-858aaca5f8d8,49c1f3e0-4252-48c7-a007-8fd58e0fce42,ed1ac092-8663-42e2-96d1-d2af62267ad4,a561bd82-f0ef-45dd-bb79-85c5b0f00fc2,c1b2332b-644c-44a2-a878-0bf9c37e29b1,37eb40ff-cce3-4de6-b839-9cb5445a470f,74fcb9d1-a7b7-4672-ac7f-a1b62d8912a0,7976b31b-63fb-401e-87cc-c6e81ee7b5fd,484583cd-a5cc-40c6-bf9d-31ca6038400a,1963798f-8e06-4aa0-bda9-eb794e85a3ee,217d7de6-0412-4ebc-96df-2d8cfddd99e0,59c8f490-a9f0-497f-97e5-a0b175c23168,7e56512f-c4ed-490b-be84-d2fd21b1180c,ba7166a7-537a-4cfc-a27a-6642dd6764d8,07c03415-0d69-4c43-bc4a-d8a9ee0e3c7e,d7dbdc3c-0b3c-4be4-80eb-daad1e3dedd5,bfa2728f-1c97-4335-8547-1df04059a35b,de59f903-d42f-4640-92b5-0b8415bd7e1b,535d9556-fd19-468f-850b-5b01bff28c15,c21968b7-cc5a-43f8-8e33-552d89ce5846,ef63202b-ae39-4645-b570-c72ea02b7412,2d190978-db01-4027-8b05-bb7e16aa524f,eac848f9-b84c-44f8-85b7-faaa345a11e2",0.00,171,"2023-05-29 09:53:52",Dev,"2023-07-20 10:19:11",CC Token,update_status_coupon_end_time_task_id,"687b61fa-8cbc-42aa-9f38-ba759852fbe4",145,43079,"2020-08-05 17:14:22",CC Token,"2025-07-25 02:11:45",SELF,a6d11a45-f320-41a2-acc7-9322cd089b5f,205900.00,IDR,https://d2qjkwm11akmwu.cloudfront.net/products/663274_20-7-2023_10-19-3.png,196,"Temukan informasi lengkap Euthyrox 100 mcg 2 Strip (25 Tablet/Strip) - Hemat Borongan di Halodoc. Beli Euthyrox 100 mcg 2 Strip (25 Tablet/Strip) - Hemat Borongan 1 Jam Sampai, Dikirim dari Apotek Tepercaya, Buka 24 Jam*","20250429, Obat rutin NCD, Routine medicines [Contraception & Hormone] ||ETHICAL PRODUCT ||T3K[[mbjgratisongkir]] [[bisagratisongkir]] [[digestgratisongkir]] [[pastigratisongkir]] [[hemborotc]]",Euthyrox 100 mcg 2 Strip (25 Tablet/Strip) - Hemat Borongan,https://d2qjkwm11akmwu.cloudfront.net/thumbnails/705968_20-7-2023_10-19-8.png,medicine,b2c,1,active,228800.00,205900.00,0.01,124400.00,205900.00,0.05,0,,,,"[""tablet""]","[{""type"":""thumbnail_url"",""extension"":""webp"",""url"":""https://d2qjkwm11akmwu.cloudfront.net/thumbnails/705968_20-7-2023_10-19-8.webp""},{""type"":""image_url"",""extension"":""png"",""url"":""https://d2qjkwm11akmwu.cloudfront.net/products/663274_20-7-2023_10-19-3.png""},{""type"":""image_url"",""extension"":""webp"",""url"":""https://d2qjkwm11akmwu.cloudfront.net/products/663274_20-7-2023_10-19-3.webp""},{""type"":""thumbnail_url"",""extension"":""png"",""url"":""https://d2qjkwm11akmwu.cloudfront.net/thumbnails/705968_20-7-2023_10-19-8.png""}]","620b7e25-6060-4f7f-b863-b0928a8fb198",0,1,1,205900.00,195600.00,,
146,"2023-05-29 09:53:52",Dev,"2023-07-17 16:39:09",SELF,"789a3f29-4336-4102-b510-a7dbcba12960","0",BISAGRATISONGKIR,42520,4812746,3360,"2023-04-03 13:00:00","2023-12-31 23:59:00",delayed_instant,"376708cf-e01e-4620-a5cf-54b9a1588316,b44c5b7e-b844-4105-acb8-858aaca5f8d8,49c1f3e0-4252-48c7-a007-8fd58e0fce42,ed1ac092-8663-42e2-96d1-d2af62267ad4,a561bd82-f0ef-45dd-bb79-85c5b0f00fc2,c1b2332b-644c-44a2-a878-0bf9c37e29b1,37eb40ff-cce3-4de6-b839-9cb5445a470f,74fcb9d1-a7b7-4672-ac7f-a1b62d8912a0,7976b31b-63fb-401e-87cc-c6e81ee7b5fd,484583cd-a5cc-40c6-bf9d-31ca6038400a,1963798f-8e06-4aa0-bda9-eb794e85a3ee,217d7de6-0412-4ebc-96df-2d8cfddd99e0,59c8f490-a9f0-497f-97e5-a0b175c23168,7e56512f-c4ed-490b-be84-d2fd21b1180c,ba7166a7-537a-4cfc-a27a-6642dd6764d8,07c03415-0d69-4c43-bc4a-d8a9ee0e3c7e,d7dbdc3c-0b3c-4be4-80eb-daad1e3dedd5,bfa2728f-1c97-4335-8547-1df04059a35b,de59f903-d42f-4640-92b5-0b8415bd7e1b,535d9556-fd19-468f-850b-5b01bff28c15,c21968b7-cc5a-43f8-8e33-552d89ce5846,ef63202b-ae39-4645-b570-c72ea02b7412,2d190978-db01-4027-8b05-bb7e16aa524f,eac848f9-b84c-44f8-85b7-faaa345a11e2",0.00,172,"2023-05-29 09:53:52",Dev,"2023-08-04 10:03:34",CC Token,update_status_coupon_end_time_task_id,"10356e07-a16b-4d09-934f-f6acf6e5e49d",146,42520,"2020-07-03 13:12:21",Dev,"2025-07-17 15:03:29",Dev,"8099e332-b872-4b8a-974d-a8e9f156e2d1",395700.00,IDR,https://d2qjkwm11akmwu.cloudfront.net/products/249796_20-7-2023_10-9-38.png,218,"Informasi terlengkap tentang Avodart 0.5 mg 30 Kapsul - Hemat Borongan . Komposisi, Fungsi, Kegunaan, Ulasan, Efek Samping, Indikasi, Aturan Pakai, dan Dosis.","20220331, QAT-0522, Obat-NCD, Obat rutin NCD, Routine medicines, Subscriptions, Subscription, Langganan [Genitourinary System] ||ETHICAL PRODUCT ||T2K, ||T3K[[mbjgratisongkir]] [[bisagratisongkir]] [[digestgratisongkir]] [[pastigratisongkir]] [[hemborotc]]",Avodart 0.5 mg 3 Strip (10 Tablet/Strip) - Hemat Borongan,https://d2qjkwm11akmwu.cloudfront.net/thumbnails/264342_20-7-2023_10-9-49.png,medicine,b2c,0,inactive,431100.00,269800.00,0.00,252400.00,353100.00,0.09,0,,,,"[""ampule"",""bottle"",""cup"",""capsules"",""sheets"",""micrograms"",""milligrams"",""ml"",""rub"",""ovula"",""patch"",""pill"",""sachet"",""spray"",""table_spoon"",""measuring_spoon"",""measuring_spoon_5ml"",""measuring_spoon_10ml"",""measuring_spoon_15ml"",""suppository"",""syringe"",""tablet"",""drops"",""tube"",""unit""]","[{""type"":""thumbnail_url"",""extension"":""webp"",""url"":""https://d2qjkwm11akmwu.cloudfront.net/thumbnails/264342_20-7-2023_10-9-49.webp""},{""type"":""thumbnail_url"",""extension"":""png"",""url"":""https://d2qjkwm11akmwu.cloudfront.net/thumbnails/264342_20-7-2023_10-9-49.png""},{""type"":""image_url"",""extension"":""webp"",""url"":""https://d2qjkwm11akmwu.cloudfront.net/products/249796_20-7-2023_10-9-38.webp""},{""type"":""image_url"",""extension"":""png"",""url"":""https://d2qjkwm11akmwu.cloudfront.net/products/249796_20-7-2023_10-9-38.png""}]",,0,1,0,0.00,0.00,,
147,"2023-05-29 09:53:53",Dev,"2023-07-17 16:39:09",SELF,"22798fc1-7ddd-4721-bbb2-3c32eeb84a24","0",BISAGRATISONGKIR,43356,4812746,3360,"2023-04-03 13:00:00","2023-12-31 23:59:00",delayed_instant,"376708cf-e01e-4620-a5cf-54b9a1588316,b44c5b7e-b844-4105-acb8-858aaca5f8d8,49c1f3e0-4252-48c7-a007-8fd58e0fce42,ed1ac092-8663-42e2-96d1-d2af62267ad4,a561bd82-f0ef-45dd-bb79-85c5b0f00fc2,c1b2332b-644c-44a2-a878-0bf9c37e29b1,37eb40ff-cce3-4de6-b839-9cb5445a470f,74fcb9d1-a7b7-4672-ac7f-a1b62d8912a0,7976b31b-63fb-401e-87cc-c6e81ee7b5fd,484583cd-a5cc-40c6-bf9d-31ca6038400a,1963798f-8e06-4aa0-bda9-eb794e85a3ee,217d7de6-0412-4ebc-96df-2d8cfddd99e0,59c8f490-a9f0-497f-97e5-a0b175c23168,7e56512f-c4ed-490b-be84-d2fd21b1180c,ba7166a7-537a-4cfc-a27a-6642dd6764d8,07c03415-0d69-4c43-bc4a-d8a9ee0e3c7e,d7dbdc3c-0b3c-4be4-80eb-daad1e3dedd5,bfa2728f-1c97-4335-8547-1df04059a35b,de59f903-d42f-4640-92b5-0b8415bd7e1b,535d9556-fd19-468f-850b-5b01bff28c15,c21968b7-cc5a-43f8-8e33-552d89ce5846,ef63202b-ae39-4645-b570-c72ea02b7412,2d190978-db01-4027-8b05-bb7e16aa524f,eac848f9-b84c-44f8-85b7-faaa345a11e2",0.00,173,"2023-05-29 09:53:53",Dev,"2023-07-17 16:39:10",SELF,update_status_coupon_end_time_task_id,b7c8653e-8a5f-4d9c-83e0-2008b1f2fe6a,147,43356,"2020-08-18 10:49:07",Dev,"2025-07-25 02:11:53",SELF,"54b54e62-eb11-48ab-981e-13a8cc480b41",147300.00,IDR,https://d2qjkwm11akmwu.cloudfront.net/products/453835_12-7-2023_15-31-39.png,122,"Informasi terlengkap tentang Thecort 2% Cream 5 g 2 Tube - Hemat Borongan. Komposisi, Fungsi, Kegunaan, Ulasan, Efek Samping, Indikasi, Aturan Pakai, dan Dosis.","20250429, Lebih Hemat ||ETHICAL PRODUCT[[mbjgratisongkir]] [[bisagratisongkir]] [[digestgratisongkir]] [[pastigratisongkir]] [[hemborotc]]",Thecort 2% Cream 5 g 2 Tube - Hemat Borongan,https://d2qjkwm11akmwu.cloudfront.net/thumbnails/514563_12-7-2023_15-31-52.png,medicine,b2c,1,active,172000.00,147300.00,0.00,91200.00,147300.00,0.05,0,,,,"[""rub""]","[{""type"":""thumbnail_url"",""extension"":""png"",""url"":""https://d2qjkwm11akmwu.cloudfront.net/thumbnails/514563_12-7-2023_15-31-52.png""},{""type"":""image_url"",""extension"":""webp"",""url"":""https://d2qjkwm11akmwu.cloudfront.net/products/453835_12-7-2023_15-31-39.webp""},{""type"":""thumbnail_url"",""extension"":""webp"",""url"":""https://d2qjkwm11akmwu.cloudfront.net/thumbnails/514563_12-7-2023_15-31-52.webp""},{""type"":""image_url"",""extension"":""png"",""url"":""https://d2qjkwm11akmwu.cloudfront.net/products/453835_12-7-2023_15-31-39.png""}]",ee8383ed-728d-48a5-a913-abcb8125f3d4,0,1,1,147300.00,139900.00,,
148,"2023-05-29 09:53:53",Dev,"2023-07-17 16:39:10",SELF,a3d1f93d-d5ac-4fb8-92e0-53d31e9dce01,"0",BISAGRATISONGKIR,46182,4812746,3360,"2023-04-03 13:00:00","2023-12-31 23:59:00",delayed_instant,"376708cf-e01e-4620-a5cf-54b9a1588316,b44c5b7e-b844-4105-acb8-858aaca5f8d8,49c1f3e0-4252-48c7-a007-8fd58e0fce42,ed1ac092-8663-42e2-96d1-d2af62267ad4,a561bd82-f0ef-45dd-bb79-85c5b0f00fc2,c1b2332b-644c-44a2-a878-0bf9c37e29b1,37eb40ff-cce3-4de6-b839-9cb5445a470f,74fcb9d1-a7b7-4672-ac7f-a1b62d8912a0,7976b31b-63fb-401e-87cc-c6e81ee7b5fd,484583cd-a5cc-40c6-bf9d-31ca6038400a,1963798f-8e06-4aa0-bda9-eb794e85a3ee,217d7de6-0412-4ebc-96df-2d8cfddd99e0,59c8f490-a9f0-497f-97e5-a0b175c23168,7e56512f-c4ed-490b-be84-d2fd21b1180c,ba7166a7-537a-4cfc-a27a-6642dd6764d8,07c03415-0d69-4c43-bc4a-d8a9ee0e3c7e,d7dbdc3c-0b3c-4be4-80eb-daad1e3dedd5,bfa2728f-1c97-4335-8547-1df04059a35b,de59f903-d42f-4640-92b5-0b8415bd7e1b,535d9556-fd19-468f-850b-5b01bff28c15,c21968b7-cc5a-43f8-8e33-552d89ce5846,ef63202b-ae39-4645-b570-c72ea02b7412,2d190978-db01-4027-8b05-bb7e16aa524f,eac848f9-b84c-44f8-85b7-faaa345a11e2",0.00,174,"2023-05-29 09:53:53",Dev,"2023-07-17 16:39:10",SELF,update_status_coupon_end_time_task_id,a6f18ce3-de30-48c3-814e-e692d1519e03,148,46182,"2020-12-07 17:40:28",Dev,"2025-05-17 17:29:21",SELF,"2b6b989b-e63c-4bf0-8a7a-6131e09fbc49",327100.00,IDR,https://d2qjkwm11akmwu.cloudfront.net/products/544992_5-5-2023_18-47-50.png,1293,"Informasi terlengkap tentang ATORVASTATIN 20 MG 100 TABLET - OBAT RUTIN. Komposisi, Fungsi, Kegunaan, Ulasan, Efek Samping, Indikasi, Aturan Pakai, dan Dosis.","20220331, QAT-1121, Obat rutin NCD, Routine medicines,Routine Medicines-3MP [Heart Diseases] ||ETHICAL PRODUCT ||NCD ||T2K, ||T3K[[ncdgratisongkir]] [[bisagratisongkir]] [[pastigratisongkir]] [[orangtuasehat2]] [[obatrutingaspol]] [[hemborotc]]",Atorvastatin 20 mg 10 Strip (10 Tablet/Strip) - Obat Rutin,https://d2qjkwm11akmwu.cloudfront.net/thumbnails/291334_5-5-2023_18-47-58.png,medicine,b2c,0,inactive,570000.00,204400.00,0.00,200000.00,320000.00,0.15,0,,,,"[""tablet""]","[{""type"":""thumbnail_url"",""extension"":""webp"",""url"":""https://d2qjkwm11akmwu.cloudfront.net/thumbnails/291334_5-5-2023_18-47-58.webp""},{""type"":""image_url"",""extension"":""webp"",""url"":""https://d2qjkwm11akmwu.cloudfront.net/products/544992_5-5-2023_18-47-50.webp""},{""type"":""image_url"",""extension"":""png"",""url"":""https://d2qjkwm11akmwu.cloudfront.net/products/544992_5-5-2023_18-47-50.png""},{""type"":""thumbnail_url"",""extension"":""png"",""url"":""https://d2qjkwm11akmwu.cloudfront.net/thumbnails/291334_5-5-2023_18-47-58.png""}]",,0,1,0,0.00,0.00,,
149,"2023-05-29 09:53:53",Dev,"2024-08-13 11:33:55",CC Token,c556db16-6ef9-49d6-9179-48384579cd8e,"0",BISAGRATISONGKIR,42605,4812746,3360,"2023-04-03 13:00:00","2023-12-31 23:59:00",delayed_instant,"376708cf-e01e-4620-a5cf-54b9a1588316,1963798f-8e06-4aa0-bda9-eb794e85a3ee,b44c5b7e-b844-4105-acb8-858aaca5f8d8,49c1f3e0-4252-48c7-a007-8fd58e0fce42,217d7de6-0412-4ebc-96df-2d8cfddd99e0,59c8f490-a9f0-497f-97e5-a0b175c23168,7e56512f-c4ed-490b-be84-d2fd21b1180c,ed1ac092-8663-42e2-96d1-d2af62267ad4,a561bd82-f0ef-45dd-bb79-85c5b0f00fc2,ba7166a7-537a-4cfc-a27a-6642dd6764d8,07c03415-0d69-4c43-bc4a-d8a9ee0e3c7e,d7dbdc3c-0b3c-4be4-80eb-daad1e3dedd5,bfa2728f-1c97-4335-8547-1df04059a35b,de59f903-d42f-4640-92b5-0b8415bd7e1b,535d9556-fd19-468f-850b-5b01bff28c15,c1b2332b-644c-44a2-a878-0bf9c37e29b1,c21968b7-cc5a-43f8-8e33-552d89ce5846,ef63202b-ae39-4645-b570-c72ea02b7412,37eb40ff-cce3-4de6-b839-9cb5445a470f,74fcb9d1-a7b7-4672-ac7f-a1b62d8912a0,7976b31b-63fb-401e-87cc-c6e81ee7b5fd,2d190978-db01-4027-8b05-bb7e16aa524f,484583cd-a5cc-40c6-bf9d-31ca6038400a,eac848f9-b84c-44f8-85b7-faaa345a11e2",0.00,175,"2023-05-29 09:53:53",Dev,"2023-09-11 11:39:20",CC Token,update_status_coupon_end_time_task_id,be6aca6c-41d4-4900-ba96-91eaeb63d76e,149,42605,"2020-07-03 13:12:46",Dev,"2025-07-25 02:06:18",SELF,"7173ba46-dadb-4c40-8909-5d303ab5d4e2",255800.00,IDR,https://d2qjkwm11akmwu.cloudfront.net/products/562221_20-7-2023_10-16-57.png,1293,"Temukan informasi lengkap Telmisartan 80 mg 3 Strip (10 Tablet/Strip) - Obat Rutin di Halodoc. Beli Telmisartan 80 mg 3 Strip (10 Tablet/Strip) - Obat Rutin 1 Jam Sampai, Dikirim dari Apotek Tepercaya, Buka 24 Jam*","20240813, Obat rutin NCD, Routine medicines, Subscriptions, Subscription, Langganan [Hypertension] ||ETHICAL PRODUCT ||NCD ||T3K[[ncdgratisongkir]] [[bisagratisongkir]] [[pastigratisongkir]] [[orangtuasehat1]] [[obatrutingaspol]] [[hemborotc]]",Telmisartan 80 mg 3 Strip (10 Tablet/Strip) - Obat Rutin,https://d2qjkwm11akmwu.cloudfront.net/thumbnails/538382_20-7-2023_10-17-4.png,medicine,b2c,1,active,256200.00,148800.00,0.00,144000.00,185600.00,0.15,0,,,,"[""tablet""]","[{""type"":""thumbnail_url"",""extension"":""webp"",""url"":""https://d2qjkwm11akmwu.cloudfront.net/thumbnails/538382_20-7-2023_10-17-4.webp""},{""type"":""thumbnail_url"",""extension"":""png"",""url"":""https://d2qjkwm11akmwu.cloudfront.net/thumbnails/538382_20-7-2023_10-17-4.png""},{""type"":""image_url"",""extension"":""png"",""url"":""https://d2qjkwm11akmwu.cloudfront.net/products/562221_20-7-2023_10-16-57.png""},{""type"":""image_url"",""extension"":""webp"",""url"":""https://d2qjkwm11akmwu.cloudfront.net/products/562221_20-7-2023_10-16-57.webp""}]","05aa75c7-1413-49e4-901a-36baaa607add",0,1,0,0.00,0.00,,
150,"2023-05-29 09:53:53",Dev,"2025-01-24 16:55:34",CC Token,"33cfb063-aa27-4fe1-aff4-51a6a2213d02","0",BISAGRATISONGKIR,42582,4812746,3360,"2023-04-03 13:00:00","2023-12-31 23:59:00",delayed_instant,"376708cf-e01e-4620-a5cf-54b9a1588316,1963798f-8e06-4aa0-bda9-eb794e85a3ee,b44c5b7e-b844-4105-acb8-858aaca5f8d8,49c1f3e0-4252-48c7-a007-8fd58e0fce42,217d7de6-0412-4ebc-96df-2d8cfddd99e0,59c8f490-a9f0-497f-97e5-a0b175c23168,7e56512f-c4ed-490b-be84-d2fd21b1180c,ed1ac092-8663-42e2-96d1-d2af62267ad4,a561bd82-f0ef-45dd-bb79-85c5b0f00fc2,ba7166a7-537a-4cfc-a27a-6642dd6764d8,07c03415-0d69-4c43-bc4a-d8a9ee0e3c7e,d7dbdc3c-0b3c-4be4-80eb-daad1e3dedd5,bfa2728f-1c97-4335-8547-1df04059a35b,de59f903-d42f-4640-92b5-0b8415bd7e1b,535d9556-fd19-468f-850b-5b01bff28c15,c1b2332b-644c-44a2-a878-0bf9c37e29b1,c21968b7-cc5a-43f8-8e33-552d89ce5846,ef63202b-ae39-4645-b570-c72ea02b7412,37eb40ff-cce3-4de6-b839-9cb5445a470f,74fcb9d1-a7b7-4672-ac7f-a1b62d8912a0,7976b31b-63fb-401e-87cc-c6e81ee7b5fd,2d190978-db01-4027-8b05-bb7e16aa524f,484583cd-a5cc-40c6-bf9d-31ca6038400a,eac848f9-b84c-44f8-85b7-faaa345a11e2",0.00,176,"2023-05-29 09:53:53",Dev,"2023-07-20 10:11:28",CC Token,update_status_coupon_end_time_task_id,"4823c6c1-5e26-4e1e-83be-2e5c492425f2",150,42582,"2020-07-03 13:12:39",Dev,"2025-07-25 02:06:17",SELF,"83d07a97-accb-4dfc-b438-8022e7fcd58f",138100.00,IDR,https://d2qjkwm11akmwu.cloudfront.net/products/606802_20-7-2023_10-11-16.png,1293,"Temukan informasi lengkap Pioglitazone HCl 30 mg 3 Strip (10 Tablet/Strip) - Obat Rutin di Halodoc. Beli Pioglitazone HCl 30 mg 3 Strip (10 Tablet/Strip) - Obat Rutin 1 Jam Sampai, Dikirim dari Apotek Tepercaya, Buka 24 Jam*","20220509, Obat rutin NCD, Routine medicines, [Diabetes] [[diabetescarepage]] ||ETHICAL PRODUCT ||NCD [[obatpilihanwdd2022]][[ncdgratisongkir]] [[bisagratisongkir]] [[pastigratisongkir]] [[orangtuasehat3]] [[obatrutingaspol]] [[hemborotc]] [[wdd2023]] [[diabeteshalodoc]]",Pioglitazone HCl 30 mg 3 Strip (10 Tablet/Strip) - Obat Rutin,https://d2qjkwm11akmwu.cloudfront.net/thumbnails/617360_20-7-2023_10-11-25.png,medicine,b2c,1,active,178500.00,62000.00,0.00,60000.00,133600.00,0.15,0,,,,"[""tablet""]","[{""type"":""image_url"",""extension"":""webp"",""url"":""https://d2qjkwm11akmwu.cloudfront.net/products/606802_20-7-2023_10-11-16.webp""},{""type"":""thumbnail_url"",""extension"":""webp"",""url"":""https://d2qjkwm11akmwu.cloudfront.net/thumbnails/617360_20-7-2023_10-11-25.webp""},{""type"":""thumbnail_url"",""extension"":""png"",""url"":""https://d2qjkwm11akmwu.cloudfront.net/thumbnails/617360_20-7-2023_10-11-25.png""},{""type"":""image_url"",""extension"":""png"",""url"":""https://d2qjkwm11akmwu.cloudfront.net/products/606802_20-7-2023_10-11-16.png""}]","1b601566-6027-4123-832b-e7064a198476",0,1,0,0.00,0.00,,
151,"2023-05-29 09:53:53",Dev,"2025-03-12 15:43:34",CC Token,"591e3981-f92e-4248-9628-9e87a803da35","0",BISAGRATISONGKIR,45121,4812746,3360,"2023-04-03 13:00:00","2023-12-31 23:59:00",delayed_instant,"376708cf-e01e-4620-a5cf-54b9a1588316,1963798f-8e06-4aa0-bda9-eb794e85a3ee,b44c5b7e-b844-4105-acb8-858aaca5f8d8,49c1f3e0-4252-48c7-a007-8fd58e0fce42,217d7de6-0412-4ebc-96df-2d8cfddd99e0,59c8f490-a9f0-497f-97e5-a0b175c23168,7e56512f-c4ed-490b-be84-d2fd21b1180c,ed1ac092-8663-42e2-96d1-d2af62267ad4,a561bd82-f0ef-45dd-bb79-85c5b0f00fc2,ba7166a7-537a-4cfc-a27a-6642dd6764d8,07c03415-0d69-4c43-bc4a-d8a9ee0e3c7e,d7dbdc3c-0b3c-4be4-80eb-daad1e3dedd5,bfa2728f-1c97-4335-8547-1df04059a35b,de59f903-d42f-4640-92b5-0b8415bd7e1b,535d9556-fd19-468f-850b-5b01bff28c15,c1b2332b-644c-44a2-a878-0bf9c37e29b1,c21968b7-cc5a-43f8-8e33-552d89ce5846,ef63202b-ae39-4645-b570-c72ea02b7412,37eb40ff-cce3-4de6-b839-9cb5445a470f,74fcb9d1-a7b7-4672-ac7f-a1b62d8912a0,7976b31b-63fb-401e-87cc-c6e81ee7b5fd,2d190978-db01-4027-8b05-bb7e16aa524f,484583cd-a5cc-40c6-bf9d-31ca6038400a,eac848f9-b84c-44f8-85b7-faaa345a11e2",0.00,177,"2023-05-29 09:53:53",Dev,"2023-07-17 16:39:10",SELF,update_status_coupon_end_time_task_id,"788116ab-c369-4a69-89a6-7b70bf32daa6",151,45121,"2020-11-18 14:00:16",Dev,"2025-07-25 02:12:38",SELF,"188892f3-4bb7-4bbd-8f51-6999730627dc",154000.00,IDR,https://d2qjkwm11akmwu.cloudfront.net/products/1574_12-3-2025_15-43-32.png,1293,"Temukan informasi lengkap Gliquidone 30 mg 10 Strip (10 Tablet/Strip) - Obat Rutin di Halodoc. Beli Gliquidone 30 mg 10 Strip (10 Tablet/Strip) - Obat Rutin 1 Jam Sampai, Dikirim dari Apotek Tepercaya, Buka 24 Jam*","20241101, QAT-1121, Generik, Diabetes, Melitus, DM, Kencing Manis, Obat Rutin, Routine Medicines-Diabetes-3MP [Diabetes] ||ETHICAL PRODUCT ||NCD [[pilihanobatdiabetes]] [[obatpilihanwdd2022]] ||T3K[[ncdgratisongkir]] [[bisagratisongkir]] [[pastigratisongkir]] [[orangtuasehat3]] [[obatrutingaspol]] [[hemborotc]] [[wdd2023]] [[diabeteshalodoc]]",Gliquidone 30 mg 10 Strip (10 Tablet/Strip) - Obat Rutin,https://d2qjkwm11akmwu.cloudfront.net/thumbnails/843429_12-3-2025_15-43-48.png,medicine,b2c,0,inactive,172000.00,111200.00,0.00,107600.00,149000.00,0.15,0,,,,"[""tablet""]","[{""type"":""image_url"",""extension"":""webp"",""url"":""https://d2qjkwm11akmwu.cloudfront.net/products/1574_12-3-2025_15-43-32.webp""},{""type"":""thumbnail_url"",""extension"":""png"",""url"":""https://d2qjkwm11akmwu.cloudfront.net/thumbnails/843429_12-3-2025_15-43-48.png""},{""type"":""image_url"",""extension"":""png"",""url"":""https://d2qjkwm11akmwu.cloudfront.net/products/1574_12-3-2025_15-43-32.png""},{""type"":""thumbnail_url"",""extension"":""webp"",""url"":""https://d2qjkwm11akmwu.cloudfront.net/thumbnails/843429_12-3-2025_15-43-48.webp""}]",,0,1,0,0.00,0.00,,
152,"2023-05-29 09:53:53",Dev,"2024-09-01 10:53:53",CC Token,dcf6662e-f7fd-491b-9c9b-8e576347afa4,"0",BISAGRATISONGKIR,37560,4812746,3360,"2023-04-03 13:00:00","2023-12-31 23:59:00",delayed_instant,"376708cf-e01e-4620-a5cf-54b9a1588316,1963798f-8e06-4aa0-bda9-eb794e85a3ee,b44c5b7e-b844-4105-acb8-858aaca5f8d8,49c1f3e0-4252-48c7-a007-8fd58e0fce42,217d7de6-0412-4ebc-96df-2d8cfddd99e0,59c8f490-a9f0-497f-97e5-a0b175c23168,7e56512f-c4ed-490b-be84-d2fd21b1180c,ed1ac092-8663-42e2-96d1-d2af62267ad4,a561bd82-f0ef-45dd-bb79-85c5b0f00fc2,ba7166a7-537a-4cfc-a27a-6642dd6764d8,07c03415-0d69-4c43-bc4a-d8a9ee0e3c7e,d7dbdc3c-0b3c-4be4-80eb-daad1e3dedd5,bfa2728f-1c97-4335-8547-1df04059a35b,de59f903-d42f-4640-92b5-0b8415bd7e1b,535d9556-fd19-468f-850b-5b01bff28c15,c1b2332b-644c-44a2-a878-0bf9c37e29b1,c21968b7-cc5a-43f8-8e33-552d89ce5846,ef63202b-ae39-4645-b570-c72ea02b7412,37eb40ff-cce3-4de6-b839-9cb5445a470f,74fcb9d1-a7b7-4672-ac7f-a1b62d8912a0,7976b31b-63fb-401e-87cc-c6e81ee7b5fd,2d190978-db01-4027-8b05-bb7e16aa524f,484583cd-a5cc-40c6-bf9d-31ca6038400a,eac848f9-b84c-44f8-85b7-faaa345a11e2",0.00,178,"2023-05-29 09:53:53",Dev,"2023-07-20 10:01:02",CC Token,update_status_coupon_end_time_task_id,"71e0c282-62cb-4659-9388-3782acd3272a",152,37560,"2020-04-05 18:17:14",Dev,"2025-07-25 02:05:46",SELF,"4a14419b-b161-46d8-87f1-dc5a2cdc42ac",97000.00,IDR,https://d2qjkwm11akmwu.cloudfront.net/products/751151_20-7-2023_10-0-44.jpeg,1293,"Temukan informasi lengkap Rosuvastatin 10 mg 3 Strip (10 Tablet/Strip) - Obat Rutin di Halodoc. Beli Rosuvastatin 10 mg 3 Strip (10 Tablet/Strip) - Obat Rutin 1 Jam Sampai, Dikirim dari Apotek Tepercaya, Buka 24 Jam*","20241218, Obat rutin NCD, Routine medicines,Subscriptions, Subscription, Langganan [Heart Diseases] ||ETHICAL PRODUCT ||NCD [[obatrutincaregiver]] ||T3K[[ncdgratisongkir]] [[bisagratisongkir]] [[pastigratisongkir]] [[orangtuasehat2]] [[obatrutingaspol]] [[hemborotc]][[ncdpilihan]] [[ncdpilihan]] [[ncdjantung]] [[gaspoljantung]],[[puasancd]]",Rosuvastatin 10 mg 3 Strip (10 Tablet/Strip) - Obat Rutin,https://d2qjkwm11akmwu.cloudfront.net/thumbnails/356804_20-7-2023_10-0-58.png,medicine,b2c,1,active,170700.00,37200.00,0.02,36000.00,79300.00,0.05,0,"2020-04-06 22:03:55","2020-04-06 22:03:55",0,"[""tablet""]","[{""type"":""image_url"",""extension"":""jpeg"",""url"":""https://d2qjkwm11akmwu.cloudfront.net/products/751151_20-7-2023_10-0-44.jpeg""},{""type"":""thumbnail_url"",""extension"":""webp"",""url"":""https://d2qjkwm11akmwu.cloudfront.net/thumbnails/356804_20-7-2023_10-0-58.webp""},{""type"":""image_url"",""extension"":""webp"",""url"":""https://d2qjkwm11akmwu.cloudfront.net/products/751151_20-7-2023_10-0-44.webp""},{""type"":""thumbnail_url"",""extension"":""png"",""url"":""https://d2qjkwm11akmwu.cloudfront.net/thumbnails/356804_20-7-2023_10-0-58.png""}]","710a2854-a9b7-49cb-a46a-8ee3fc330a92",0,1,0,0.00,0.00,,
153,"2023-05-29 09:53:54",Dev,"2024-12-18 00:08:43",CC Token,c94b3fc6-df43-4b95-95ac-89bb24d4f9dc,"0",BISAGRATISONGKIR,37439,4812746,3360,"2023-04-03 13:00:00","2023-12-31 23:59:00",delayed_instant,"376708cf-e01e-4620-a5cf-54b9a1588316,1963798f-8e06-4aa0-bda9-eb794e85a3ee,b44c5b7e-b844-4105-acb8-858aaca5f8d8,49c1f3e0-4252-48c7-a007-8fd58e0fce42,217d7de6-0412-4ebc-96df-2d8cfddd99e0,59c8f490-a9f0-497f-97e5-a0b175c23168,7e56512f-c4ed-490b-be84-d2fd21b1180c,ed1ac092-8663-42e2-96d1-d2af62267ad4,a561bd82-f0ef-45dd-bb79-85c5b0f00fc2,ba7166a7-537a-4cfc-a27a-6642dd6764d8,07c03415-0d69-4c43-bc4a-d8a9ee0e3c7e,d7dbdc3c-0b3c-4be4-80eb-daad1e3dedd5,bfa2728f-1c97-4335-8547-1df04059a35b,de59f903-d42f-4640-92b5-0b8415bd7e1b,535d9556-fd19-468f-850b-5b01bff28c15,c1b2332b-644c-44a2-a878-0bf9c37e29b1,c21968b7-cc5a-43f8-8e33-552d89ce5846,ef63202b-ae39-4645-b570-c72ea02b7412,37eb40ff-cce3-4de6-b839-9cb5445a470f,74fcb9d1-a7b7-4672-ac7f-a1b62d8912a0,7976b31b-63fb-401e-87cc-c6e81ee7b5fd,2d190978-db01-4027-8b05-bb7e16aa524f,484583cd-a5cc-40c6-bf9d-31ca6038400a,eac848f9-b84c-44f8-85b7-faaa345a11e2",0.00,179,"2023-05-29 09:53:54",Dev,"2023-07-18 17:08:56",CC Token,update_status_coupon_end_time_task_id,"8ed3aba6-0506-4431-a799-c45f0948fde1",153,37439,"2020-04-05 18:16:47",Dev,"2025-07-25 02:05:36",SELF,"59888c8a-2835-4461-a681-60de6b9c3711",193800.00,IDR,https://d2qjkwm11akmwu.cloudfront.net/products/172719_18-7-2023_17-8-36.png,1293,"Temukan informasi lengkap Atorvastatin 40 mg 3 Strip (10 Tablet/Strip) - Obat Rutin di Halodoc. Beli Atorvastatin 40 mg 3 Strip (10 Tablet/Strip) - Obat Rutin 1 Jam Sampai, Dikirim dari Apotek Tepercaya, Buka 24 Jam*","20250527, QAT-1121, Obat rutin NCD, Routine medicines, ?Subscriptions, Subscription, Langganan [Heart Diseases] ||ETHICAL PRODUCT [[crmheart]] ||NCD [[untukjantungsehat]] [[obatrutincaregiver]] ||T2K, ||T3K [[obatrutinramadhanlebaran]] [[ncdgratisongkir]] [[bisagratisongkir]] [[pastigratisongkir]] [[orangtuasehat2]] [[obatrutingaspol]] [[hemborotc]][[ncdpilihan]] [[ncdpilihan]] [[ncdjantung]] [[gaspoljantung]]",Atorvastatin 40 mg 3 Strip (10 Tablet/Strip) - Obat Rutin,https://d2qjkwm11akmwu.cloudfront.net/thumbnails/109941_18-7-2023_17-8-46.png,medicine,b2c,1,active,193800.00,77500.00,0.01,75000.00,130000.00,0.15,0,"2020-04-06 22:03:29","2020-04-06 22:03:29",0,"[""tablet""]","[{""type"":""image_url"",""extension"":""webp"",""url"":""https://d2qjkwm11akmwu.cloudfront.net/products/172719_18-7-2023_17-8-36.webp""},{""type"":""thumbnail_url"",""extension"":""webp"",""url"":""https://d2qjkwm11akmwu.cloudfront.net/thumbnails/109941_18-7-2023_17-8-46.webp""},{""type"":""thumbnail_url"",""extension"":""png"",""url"":""https://d2qjkwm11akmwu.cloudfront.net/thumbnails/109941_18-7-2023_17-8-46.png""},{""type"":""image_url"",""extension"":""png"",""url"":""https://d2qjkwm11akmwu.cloudfront.net/products/172719_18-7-2023_17-8-36.png""}]","5a680085-9cbd-47d6-83bf-47f4d0c426e9",0,1,0,0.00,0.00,,
154,"2023-05-29 09:53:54",Dev,"2024-09-01 10:54:36",CC Token,d3fb3902-8768-4f2e-a474-fcb0704806b0,"0",BISAGRATISONGKIR,42593,4812746,3360,"2023-04-03 13:00:00","2023-12-31 23:59:00",delayed_instant,"376708cf-e01e-4620-a5cf-54b9a1588316,1963798f-8e06-4aa0-bda9-eb794e85a3ee,b44c5b7e-b844-4105-acb8-858aaca5f8d8,49c1f3e0-4252-48c7-a007-8fd58e0fce42,217d7de6-0412-4ebc-96df-2d8cfddd99e0,59c8f490-a9f0-497f-97e5-a0b175c23168,7e56512f-c4ed-490b-be84-d2fd21b1180c,ed1ac092-8663-42e2-96d1-d2af62267ad4,a561bd82-f0ef-45dd-bb79-85c5b0f00fc2,ba7166a7-537a-4cfc-a27a-6642dd6764d8,07c03415-0d69-4c43-bc4a-d8a9ee0e3c7e,d7dbdc3c-0b3c-4be4-80eb-daad1e3dedd5,bfa2728f-1c97-4335-8547-1df04059a35b,de59f903-d42f-4640-92b5-0b8415bd7e1b,535d9556-fd19-468f-850b-5b01bff28c15,c1b2332b-644c-44a2-a878-0bf9c37e29b1,c21968b7-cc5a-43f8-8e33-552d89ce5846,ef63202b-ae39-4645-b570-c72ea02b7412,37eb40ff-cce3-4de6-b839-9cb5445a470f,74fcb9d1-a7b7-4672-ac7f-a1b62d8912a0,7976b31b-63fb-401e-87cc-c6e81ee7b5fd,2d190978-db01-4027-8b05-bb7e16aa524f,484583cd-a5cc-40c6-bf9d-31ca6038400a,eac848f9-b84c-44f8-85b7-faaa345a11e2",0.00,180,"2023-05-29 09:53:54",Dev,"2023-07-20 10:13:03",CC Token,update_status_coupon_end_time_task_id,"8a1f3537-5cfa-4cb0-9129-a98b8fcab367",154,42593,"2020-07-03 13:12:43",Dev,"2025-07-25 02:06:18",SELF,"1b7cd229-2317-4375-b2e6-842ce0048bd0",153700.00,IDR,https://d2qjkwm11akmwu.cloudfront.net/products/700390_19-9-2024_14-55-30.png,1293,"Temukan informasi lengkap Rosuvastatin 20 mg 3 Strip (10 Tablet/Strip) - Obat Rutin di Halodoc. Beli Rosuvastatin 20 mg 3 Strip (10 Tablet/Strip) - Obat Rutin 1 Jam Sampai, Dikirim dari Apotek Tepercaya, Buka 24 Jam*","20241218, QAT-0822, Obat rutin NCD, Routine medicines, Subscriptions, Subscription, Langganan [Heart Diseases] ||ETHICAL PRODUCT [[crmheart]] ||NCD [[untukjantungsehat]] [[untukortu]] [[obatrutincaregiver]] ||T2K, ||T3K [[obatrutinramadhanlebaran]] [[ncdgratisongkir]] [[bisagratisongkir]] [[pastigratisongkir]] [[orangtuasehat2]] [[obatrutingaspol]] [[hemborotc]] [[obatrutinpilihan]][[ncdpilihan]] [[ncdpilihan]] [[ncdjantung]] [[gaspoljantung]],[[puasancd]]",Rosuvastatin 20 mg 3 Strip (10 Tablet/Strip) - Obat Rutin,https://d2qjkwm11akmwu.cloudfront.net/thumbnails/841400_19-9-2024_14-55-46.png,medicine,b2c,1,active,192000.00,46500.00,0.02,45000.00,103500.00,0.15,0,,,,"[""tablet""]","[{""type"":""thumbnail_url"",""extension"":""png"",""url"":""https://d2qjkwm11akmwu.cloudfront.net/thumbnails/841400_19-9-2024_14-55-46.png""},{""type"":""image_url"",""extension"":""png"",""url"":""https://d2qjkwm11akmwu.cloudfront.net/products/700390_19-9-2024_14-55-30.png""},{""type"":""thumbnail_url"",""extension"":""webp"",""url"":""https://d2qjkwm11akmwu.cloudfront.net/thumbnails/841400_19-9-2024_14-55-46.webp""},{""type"":""image_url"",""extension"":""webp"",""url"":""https://d2qjkwm11akmwu.cloudfront.net/products/700390_19-9-2024_14-55-30.webp""}]","4b76186c-8719-4c36-98a7-d495c10e1a49",0,1,0,0.00,0.00,,
155,"2023-05-29 09:53:54",Dev,"2025-01-24 16:55:11",CC Token,"111f2c45-de0f-4957-b294-785cacb70107","0",BISAGRATISONGKIR,45116,4812746,3360,"2023-04-03 13:00:00","2023-12-31 23:59:00",delayed_instant,"376708cf-e01e-4620-a5cf-54b9a1588316,1963798f-8e06-4aa0-bda9-eb794e85a3ee,b44c5b7e-b844-4105-acb8-858aaca5f8d8,49c1f3e0-4252-48c7-a007-8fd58e0fce42,217d7de6-0412-4ebc-96df-2d8cfddd99e0,59c8f490-a9f0-497f-97e5-a0b175c23168,7e56512f-c4ed-490b-be84-d2fd21b1180c,ed1ac092-8663-42e2-96d1-d2af62267ad4,a561bd82-f0ef-45dd-bb79-85c5b0f00fc2,ba7166a7-537a-4cfc-a27a-6642dd6764d8,07c03415-0d69-4c43-bc4a-d8a9ee0e3c7e,d7dbdc3c-0b3c-4be4-80eb-daad1e3dedd5,bfa2728f-1c97-4335-8547-1df04059a35b,de59f903-d42f-4640-92b5-0b8415bd7e1b,535d9556-fd19-468f-850b-5b01bff28c15,c1b2332b-644c-44a2-a878-0bf9c37e29b1,c21968b7-cc5a-43f8-8e33-552d89ce5846,ef63202b-ae39-4645-b570-c72ea02b7412,37eb40ff-cce3-4de6-b839-9cb5445a470f,74fcb9d1-a7b7-4672-ac7f-a1b62d8912a0,7976b31b-63fb-401e-87cc-c6e81ee7b5fd,2d190978-db01-4027-8b05-bb7e16aa524f,484583cd-a5cc-40c6-bf9d-31ca6038400a,eac848f9-b84c-44f8-85b7-faaa345a11e2",0.00,181,"2023-05-29 09:53:54",Dev,"2023-07-17 16:39:11",SELF,update_status_coupon_end_time_task_id,d02399e8-8c37-4277-ae9e-7fe6707d46de,155,45116,"2020-11-18 14:00:14",Dev,"2025-07-25 02:12:38",SELF,f3f8a611-f38e-4b9d-9206-8f434f7b5e16,126400.00,IDR,https://d2qjkwm11akmwu.cloudfront.net/products/25658_24-3-2025_14-19-46.png,1293,"Informasi terlengkap tentang ACARBOSE 50 MG 100 TABLET - OBAT RUTIN. Komposisi, Fungsi, Kegunaan, Ulasan, Efek Samping, Indikasi, Aturan Pakai, dan Dosis.","20220331, Generik, Generic, DM, diabetes melitus, OAD, kencing, manis, Acarbose 50, Eclid, Glucobay Obat Rutin, Routine Medicines-Diabetes-3MP [Diabetes] ||ETHICAL PRODUCT ||NCD [[obatpilihanwdd2022]][[ncdgratisongkir]] [[bisagratisongkir]] [[pastigratisongkir]] [[obatrutingaspol]] [[hemborotc]]",Acarbose 50 mg 10 Strip (10 Tablet/Strip) - Obat Rutin,https://d2qjkwm11akmwu.cloudfront.net/thumbnails/209570_24-3-2025_14-20-1.png,medicine,b2c,1,active,154000.00,77500.00,0.00,74500.00,130200.00,0.15,0,,,,"[""tablet""]","[{""type"":""thumbnail_url"",""extension"":""webp"",""url"":""https://d2qjkwm11akmwu.cloudfront.net/thumbnails/209570_24-3-2025_14-20-1.webp""},{""type"":""thumbnail_url"",""extension"":""png"",""url"":""https://d2qjkwm11akmwu.cloudfront.net/thumbnails/209570_24-3-2025_14-20-1.png""},{""type"":""image_url"",""extension"":""png"",""url"":""https://d2qjkwm11akmwu.cloudfront.net/products/25658_24-3-2025_14-19-46.png""},{""type"":""image_url"",""extension"":""webp"",""url"":""https://d2qjkwm11akmwu.cloudfront.net/products/25658_24-3-2025_14-19-46.webp""}]","374f9efc-e843-40ab-9bfb-5fd43a3e23b8",0,1,0,0.00,0.00,,
156,"2023-05-29 09:53:54",Dev,"2024-08-13 11:32:56",CC Token,d064f922-c1d7-46f3-88da-5c8032757537,"0",BISAGRATISONGKIR,37591,4812746,3360,"2023-04-03 13:00:00","2023-12-31 23:59:00",delayed_instant,"376708cf-e01e-4620-a5cf-54b9a1588316,1963798f-8e06-4aa0-bda9-eb794e85a3ee,b44c5b7e-b844-4105-acb8-858aaca5f8d8,49c1f3e0-4252-48c7-a007-8fd58e0fce42,217d7de6-0412-4ebc-96df-2d8cfddd99e0,59c8f490-a9f0-497f-97e5-a0b175c23168,7e56512f-c4ed-490b-be84-d2fd21b1180c,ed1ac092-8663-42e2-96d1-d2af62267ad4,a561bd82-f0ef-45dd-bb79-85c5b0f00fc2,ba7166a7-537a-4cfc-a27a-6642dd6764d8,07c03415-0d69-4c43-bc4a-d8a9ee0e3c7e,d7dbdc3c-0b3c-4be4-80eb-daad1e3dedd5,bfa2728f-1c97-4335-8547-1df04059a35b,de59f903-d42f-4640-92b5-0b8415bd7e1b,535d9556-fd19-468f-850b-5b01bff28c15,c1b2332b-644c-44a2-a878-0bf9c37e29b1,c21968b7-cc5a-43f8-8e33-552d89ce5846,ef63202b-ae39-4645-b570-c72ea02b7412,37eb40ff-cce3-4de6-b839-9cb5445a470f,74fcb9d1-a7b7-4672-ac7f-a1b62d8912a0,7976b31b-63fb-401e-87cc-c6e81ee7b5fd,2d190978-db01-4027-8b05-bb7e16aa524f,484583cd-a5cc-40c6-bf9d-31ca6038400a,eac848f9-b84c-44f8-85b7-faaa345a11e2",0.00,182,"2023-05-29 09:53:54",Dev,"2023-07-20 10:05:50",CC Token,update_status_coupon_end_time_task_id,"89c7d3cc-25a4-4e8c-8474-0e588021aeaa",156,37591,"2020-04-05 18:17:21",Dev,"2025-07-25 02:05:47",SELF,ef1eccea-5573-4242-b5f0-a17c12f30a01,89600.00,IDR,https://d2qjkwm11akmwu.cloudfront.net/products/637002_24-4-2025_16-17-4.png,1293,"Temukan informasi lengkap Valsartan 80 mg 3 Strip (10 Tablet/Strip) - Obat Rutin di Halodoc. Beli Valsartan 80 mg 3 Strip (10 Tablet/Strip) - Obat Rutin 1 Jam Sampai, Dikirim dari Apotek Tepercaya, Buka 24 Jam*","20240813, 20190913, QAT-1020, Obat rutin NCD, Routine medicines, Subscriptions, Subscription, Langganan [Hypertension] ||ETHICAL PRODUCT ||NCD [[untukortu]] ||T3K[[ncdgratisongkir]] [[bisagratisongkir]] [[pastigratisongkir]] [[orangtuasehat1]] [[obatrutingaspol]] [[hemborotc]][[ncdpilihan]]",Valsartan 80 mg 3 Strip (10 Tablet/Strip) - Obat Rutin,https://d2qjkwm11akmwu.cloudfront.net/thumbnails/316919_20-7-2023_10-5-45.png,medicine,b2c,1,active,171000.00,42400.00,0.01,41000.00,77900.00,0.15,0,"2020-04-06 22:04:03","2020-04-06 22:04:03",0,"[""tablet""]","[{""type"":""thumbnail_url"",""extension"":""webp"",""url"":""https://d2qjkwm11akmwu.cloudfront.net/thumbnails/316919_20-7-2023_10-5-45.webp""},{""type"":""thumbnail_url"",""extension"":""png"",""url"":""https://d2qjkwm11akmwu.cloudfront.net/thumbnails/316919_20-7-2023_10-5-45.png""},{""type"":""image_url"",""extension"":""webp"",""url"":""https://d2qjkwm11akmwu.cloudfront.net/products/637002_24-4-2025_16-17-4.webp""},{""type"":""image_url"",""extension"":""png"",""url"":""https://d2qjkwm11akmwu.cloudfront.net/products/637002_24-4-2025_16-17-4.png""}]","1a1bcc47-69ed-40e2-a441-42ec7ce977da",0,1,0,0.00,0.00,,
157,"2023-05-29 09:53:54",Dev,"2024-09-19 10:47:51",CC Token,"8a8e86df-56ff-4fb3-b5a7-f9df09abdee5","0",BISAGRATISONGKIR,37438,4812746,3360,"2023-04-03 13:00:00","2023-12-31 23:59:00",delayed_instant,"376708cf-e01e-4620-a5cf-54b9a1588316,1963798f-8e06-4aa0-bda9-eb794e85a3ee,b44c5b7e-b844-4105-acb8-858aaca5f8d8,49c1f3e0-4252-48c7-a007-8fd58e0fce42,217d7de6-0412-4ebc-96df-2d8cfddd99e0,59c8f490-a9f0-497f-97e5-a0b175c23168,7e56512f-c4ed-490b-be84-d2fd21b1180c,ed1ac092-8663-42e2-96d1-d2af62267ad4,a561bd82-f0ef-45dd-bb79-85c5b0f00fc2,ba7166a7-537a-4cfc-a27a-6642dd6764d8,07c03415-0d69-4c43-bc4a-d8a9ee0e3c7e,d7dbdc3c-0b3c-4be4-80eb-daad1e3dedd5,bfa2728f-1c97-4335-8547-1df04059a35b,de59f903-d42f-4640-92b5-0b8415bd7e1b,535d9556-fd19-468f-850b-5b01bff28c15,c1b2332b-644c-44a2-a878-0bf9c37e29b1,c21968b7-cc5a-43f8-8e33-552d89ce5846,ef63202b-ae39-4645-b570-c72ea02b7412,37eb40ff-cce3-4de6-b839-9cb5445a470f,74fcb9d1-a7b7-4672-ac7f-a1b62d8912a0,7976b31b-63fb-401e-87cc-c6e81ee7b5fd,2d190978-db01-4027-8b05-bb7e16aa524f,484583cd-a5cc-40c6-bf9d-31ca6038400a,eac848f9-b84c-44f8-85b7-faaa345a11e2",0.00,183,"2023-05-29 09:53:54",Dev,"2023-10-17 11:17:20",CC Token,update_status_coupon_end_time_task_id,"9f2d2109-4f18-4eb6-b1f5-6f3775a789f3",157,37438,"2020-04-05 18:16:47",Dev,"2025-07-25 02:05:36",SELF,"47597c65-6467-4524-ba5a-8dcdd5474d9b",89600.00,IDR,https://d2qjkwm11akmwu.cloudfront.net/products/428940_19-9-2024_10-47-52.png,1293,"Temukan informasi lengkap Atorvastatin 20 mg 3 Strip (10 Tablet/Strip) - Obat Rutin di Halodoc. Beli Atorvastatin 20 mg 3 Strip (10 Tablet/Strip) - Obat Rutin 1 Jam Sampai, Dikirim dari Apotek Tepercaya, Buka 24 Jam*","20250527, QAT-1121, Obat rutin NCD, Routine medicines, Subscriptions, Subscription, Langganan [Heart Diseases] ||ETHICAL PRODUCT [[crmheart]] ||NCD [[untukjantungsehat]] [[obatrutincaregiver]] ||T1K, ||T2K, ||T3K [[obatrutinramadhanlebaran]] [[ncdgratisongkir]] [[bisagratisongkir]] [[pastigratisongkir]] [[orangtuasehat2]] [[obatrutingaspol]] [[hemborotc]] [[obatrutinpilihan]][[puasancd]][[ncdpilihan]] [[ncdpilihan]] [[ncdjantung]] [[gaspoljantung]],[[puasancd]]",Atorvastatin 20 mg 3 Strip (10 Tablet/Strip) - Obat Rutin,https://d2qjkwm11akmwu.cloudfront.net/thumbnails/96151_19-9-2024_10-48-8.png,medicine,b2c,1,active,178800.00,31000.00,0.04,30000.00,60000.00,0.15,1,"2023-10-17 00:00:00","2023-10-24 00:00:00",0,"[""tablet""]","[{""type"":""image_url"",""extension"":""webp"",""url"":""https://d2qjkwm11akmwu.cloudfront.net/products/428940_19-9-2024_10-47-52.webp""},{""type"":""image_url"",""extension"":""png"",""url"":""https://d2qjkwm11akmwu.cloudfront.net/products/428940_19-9-2024_10-47-52.png""},{""type"":""thumbnail_url"",""extension"":""png"",""url"":""https://d2qjkwm11akmwu.cloudfront.net/thumbnails/96151_19-9-2024_10-48-8.png""},{""type"":""thumbnail_url"",""extension"":""webp"",""url"":""https://d2qjkwm11akmwu.cloudfront.net/thumbnails/96151_19-9-2024_10-48-8.webp""}]",b54a7d06-e6c6-4bb3-b239-a3fc22ead9d1,0,1,0,0.00,0.00,,
158,"2023-05-29 09:53:54",Dev,"2023-07-17 16:39:11",SELF,"5c51b27b-a226-449e-bc5b-928f7c9572a4","0",BISAGRATISONGKIR,37546,4812746,3360,"2023-04-03 13:00:00","2023-12-31 23:59:00",delayed_instant,"376708cf-e01e-4620-a5cf-54b9a1588316,b44c5b7e-b844-4105-acb8-858aaca5f8d8,49c1f3e0-4252-48c7-a007-8fd58e0fce42,ed1ac092-8663-42e2-96d1-d2af62267ad4,a561bd82-f0ef-45dd-bb79-85c5b0f00fc2,c1b2332b-644c-44a2-a878-0bf9c37e29b1,37eb40ff-cce3-4de6-b839-9cb5445a470f,74fcb9d1-a7b7-4672-ac7f-a1b62d8912a0,7976b31b-63fb-401e-87cc-c6e81ee7b5fd,484583cd-a5cc-40c6-bf9d-31ca6038400a,1963798f-8e06-4aa0-bda9-eb794e85a3ee,217d7de6-0412-4ebc-96df-2d8cfddd99e0,59c8f490-a9f0-497f-97e5-a0b175c23168,7e56512f-c4ed-490b-be84-d2fd21b1180c,ba7166a7-537a-4cfc-a27a-6642dd6764d8,07c03415-0d69-4c43-bc4a-d8a9ee0e3c7e,d7dbdc3c-0b3c-4be4-80eb-daad1e3dedd5,bfa2728f-1c97-4335-8547-1df04059a35b,de59f903-d42f-4640-92b5-0b8415bd7e1b,535d9556-fd19-468f-850b-5b01bff28c15,c21968b7-cc5a-43f8-8e33-552d89ce5846,ef63202b-ae39-4645-b570-c72ea02b7412,2d190978-db01-4027-8b05-bb7e16aa524f,eac848f9-b84c-44f8-85b7-faaa345a11e2",0.00,184,"2023-05-29 09:53:55",Dev,"2023-08-18 08:57:53",CC Token,update_status_coupon_end_time_task_id,e658ede8-698b-479f-aa06-8d7ecf6f9fdd,158,37546,"2020-04-05 18:17:11",Dev,"2025-07-25 02:05:45",SELF,"3e5f590f-446a-4314-ac4c-83d48f596c27",298800.00,IDR,https://d2qjkwm11akmwu.cloudfront.net/products/233719_20-7-2023_9-51-43.png,561,"Temukan informasi lengkap Nebilet 5 mg 2 Strip (14 Tablet/Strip) - Obat Rutin di Halodoc. Beli Nebilet 5 mg 2 Strip (14 Tablet/Strip) - Obat Rutin 1 Jam Sampai, Dikirim dari Apotek Tepercaya, Buka 24 Jam*","20250116, Obat rutin NCD, hipertensi, tekanan darah tinggi, penyakit jantung, obat darah tinggi, jantung koroner, Routine medicines, Subscriptions, Subscription, Langganan [Hypertension] ||ETHICAL PRODUCT [[crmhypertension]] ||NCD [[obatrutincaregiver]] ||T1K, ||T2K, ||T3K [[obatrutinramadhanlebaran]] [[Hipertensi]] [[hargapastiobatrutin]][[ncdgratisongkir]] [[bisagratisongkir]] [[pastigratisongkir]] [[orangtuasehat1]] [[obatrutingaspol]] [[hemborotc]] [[obatrutinpilihan]][[puasancd]][[ncdpilihan]],[[puasancd]]",Nebilet 5 mg 2 Strip (14 Tablet/Strip) - Obat Rutin,https://d2qjkwm11akmwu.cloudfront.net/thumbnails/160370_20-7-2023_9-51-49.png,medicine,b2c,1,active,420200.00,168400.00,0.01,163000.00,275300.00,0.09,1,"2022-10-05 00:00:00","2023-01-31 00:00:00",0,"[""tablet""]","[{""type"":""thumbnail_url"",""extension"":""png"",""url"":""https://d2qjkwm11akmwu.cloudfront.net/thumbnails/160370_20-7-2023_9-51-49.png""},{""type"":""image_url"",""extension"":""webp"",""url"":""https://d2qjkwm11akmwu.cloudfront.net/products/233719_20-7-2023_9-51-43.webp""},{""type"":""thumbnail_url"",""extension"":""webp"",""url"":""https://d2qjkwm11akmwu.cloudfront.net/thumbnails/160370_20-7-2023_9-51-49.webp""},{""type"":""image_url"",""extension"":""png"",""url"":""https://d2qjkwm11akmwu.cloudfront.net/products/233719_20-7-2023_9-51-43.png""}]",a2e56b55-e3b1-4f5a-b75b-2a2adc0851c2,0,1,0,0.00,0.00,,
159,"2023-05-29 09:53:55",Dev,"2024-07-22 12:18:23",CC Token,bc53b21d-ba9d-425e-8e8c-b2f832804df2,"0",BISAGRATISONGKIR,37523,4812746,3360,"2023-04-03 13:00:00","2023-12-31 23:59:00",delayed_instant,"376708cf-e01e-4620-a5cf-54b9a1588316,1963798f-8e06-4aa0-bda9-eb794e85a3ee,b44c5b7e-b844-4105-acb8-858aaca5f8d8,49c1f3e0-4252-48c7-a007-8fd58e0fce42,217d7de6-0412-4ebc-96df-2d8cfddd99e0,59c8f490-a9f0-497f-97e5-a0b175c23168,7e56512f-c4ed-490b-be84-d2fd21b1180c,ed1ac092-8663-42e2-96d1-d2af62267ad4,a561bd82-f0ef-45dd-bb79-85c5b0f00fc2,ba7166a7-537a-4cfc-a27a-6642dd6764d8,07c03415-0d69-4c43-bc4a-d8a9ee0e3c7e,d7dbdc3c-0b3c-4be4-80eb-daad1e3dedd5,bfa2728f-1c97-4335-8547-1df04059a35b,de59f903-d42f-4640-92b5-0b8415bd7e1b,535d9556-fd19-468f-850b-5b01bff28c15,c1b2332b-644c-44a2-a878-0bf9c37e29b1,c21968b7-cc5a-43f8-8e33-552d89ce5846,ef63202b-ae39-4645-b570-c72ea02b7412,37eb40ff-cce3-4de6-b839-9cb5445a470f,74fcb9d1-a7b7-4672-ac7f-a1b62d8912a0,7976b31b-63fb-401e-87cc-c6e81ee7b5fd,2d190978-db01-4027-8b05-bb7e16aa524f,484583cd-a5cc-40c6-bf9d-31ca6038400a,eac848f9-b84c-44f8-85b7-faaa345a11e2",0.00,185,"2023-05-29 09:53:55",Dev,"2023-10-04 17:02:42",CC Token,update_status_coupon_end_time_task_id,b3680940-067a-4715-b0a4-a4d3af25ec03,159,37523,"2020-04-05 18:17:06",Dev,"2025-07-25 02:05:44",SELF,b831dac4-b0f7-4f48-b018-d5c8bcc00151,902200.00,IDR,https://d2qjkwm11akmwu.cloudfront.net/products/529224_4-10-2023_17-2-39.png,41,"Temukan informasi lengkap Jardiance 25 mg 3 Strip (10 Tablet/Strip) - Obat Rutin di Halodoc. Beli Jardiance 25 mg 3 Strip (10 Tablet/Strip) - Obat Rutin 1 Jam Sampai, Dikirim dari Apotek Tepercaya, Buka 24 Jam*","20250304, QAT-1021, Obat rutin NCD, Routine medicines, Subscription, Subscriptions, Langganan [Diabetes] [[diabetescarepage]] ||ETHICAL PRODUCT ||NCD [[pilihanobatdiabetes]] [[obatpilihanwdd2022]] ||T1K, ||T2K, ||T3K [[hargapastiobatrutin]][[ncdgratisongkir]] [[bisagratisongkir]] [[pastigratisongkir]] [[orangtuasehat3]] [[obatrutingaspol]] [[hemborotc]] [[obatrutinpilihan]] [[wdd2023]] [[diabeteshalodoc]],[[puasancd]]",Jardiance 25 mg 3 Strip (10 Tablet/Strip) - Obat Rutin,https://d2qjkwm11akmwu.cloudfront.net/thumbnails/135295_18-7-2023_17-56-38.png,medicine,b2c,1,active,1044300.00,902200.00,0.01,216000.00,930600.00,0.09,0,"2020-04-06 22:03:47","2020-04-06 22:03:47",0,"[""tablet""]","[{""type"":""image_url"",""extension"":""png"",""url"":""https://d2qjkwm11akmwu.cloudfront.net/products/529224_4-10-2023_17-2-39.png""},{""type"":""thumbnail_url"",""extension"":""png"",""url"":""https://d2qjkwm11akmwu.cloudfront.net/thumbnails/135295_18-7-2023_17-56-38.png""},{""type"":""image_url"",""extension"":""webp"",""url"":""https://d2qjkwm11akmwu.cloudfront.net/products/529224_4-10-2023_17-2-39.webp""},{""type"":""thumbnail_url"",""extension"":""webp"",""url"":""https://d2qjkwm11akmwu.cloudfront.net/thumbnails/135295_18-7-2023_17-56-38.webp""}]",f4883344-46e8-4fc5-a5fc-40efc39c30d8,0,1,1,902200.00,781300.00,,
160,"2023-05-29 09:53:55",Dev,"2024-07-23 16:44:19",CC Token,"2c83aedf-35f3-43e7-b05f-e7417341183f","0",BISAGRATISONGKIR,42616,4812746,3360,"2023-04-03 13:00:00","2023-12-31 23:59:00",delayed_instant,"376708cf-e01e-4620-a5cf-54b9a1588316,1963798f-8e06-4aa0-bda9-eb794e85a3ee,b44c5b7e-b844-4105-acb8-858aaca5f8d8,49c1f3e0-4252-48c7-a007-8fd58e0fce42,217d7de6-0412-4ebc-96df-2d8cfddd99e0,59c8f490-a9f0-497f-97e5-a0b175c23168,7e56512f-c4ed-490b-be84-d2fd21b1180c,ed1ac092-8663-42e2-96d1-d2af62267ad4,a561bd82-f0ef-45dd-bb79-85c5b0f00fc2,ba7166a7-537a-4cfc-a27a-6642dd6764d8,07c03415-0d69-4c43-bc4a-d8a9ee0e3c7e,d7dbdc3c-0b3c-4be4-80eb-daad1e3dedd5,bfa2728f-1c97-4335-8547-1df04059a35b,de59f903-d42f-4640-92b5-0b8415bd7e1b,535d9556-fd19-468f-850b-5b01bff28c15,c1b2332b-644c-44a2-a878-0bf9c37e29b1,c21968b7-cc5a-43f8-8e33-552d89ce5846,ef63202b-ae39-4645-b570-c72ea02b7412,37eb40ff-cce3-4de6-b839-9cb5445a470f,74fcb9d1-a7b7-4672-ac7f-a1b62d8912a0,7976b31b-63fb-401e-87cc-c6e81ee7b5fd,2d190978-db01-4027-8b05-bb7e16aa524f,484583cd-a5cc-40c6-bf9d-31ca6038400a,eac848f9-b84c-44f8-85b7-faaa345a11e2",0.00,186,"2023-05-29 09:53:55",Dev,"2023-07-20 10:17:37",CC Token,update_status_coupon_end_time_task_id,ef0bd7df-adea-4299-b5de-3a5cf8581629,160,42616,"2020-07-03 13:12:50",Dev,"2025-07-25 02:06:19",SELF,f178ea70-5a46-4ebd-af6c-0cfbe8ce5067,172400.00,IDR,https://d2qjkwm11akmwu.cloudfront.net/products/42242_20-7-2023_10-17-28.png,219,"Temukan informasi lengkap Velacom Plus 2/500 3 Strip (10 Tablet/Strip) - Obat Rutin di Halodoc. Beli Velacom Plus 2/500 3 Strip (10 Tablet/Strip) - Obat Rutin 1 Jam Sampai, Dikirim dari Apotek Tepercaya, Buka 24 Jam*","20240723, QAT-0721, Obat rutin NCD, Routine medicines [Diabetes] ||ETHICAL PRODUCT ||NCD [[obatpilihanwdd2022]] [[obatrutincaregiver]] ||T2K, ||T3K [[obatrutinramadhanlebaran]] [[hargapastiobatrutin]][[ncdgratisongkir]] [[bisagratisongkir]] [[pastigratisongkir]] [[orangtuasehat3]] [[obatrutingaspol]] [[hemborotc]] [[wdd2023]] [[diabeteshalodoc]]",Velacom Plus 2/500 3 Strip (10 Tablet/Strip) - Obat Rutin,https://d2qjkwm11akmwu.cloudfront.net/thumbnails/566013_20-7-2023_10-17-34.png,medicine,b2c,1,active,213300.00,69000.00,0.01,66700.00,177600.00,0.09,0,,,,"[""tablet""]","[{""type"":""image_url"",""extension"":""png"",""url"":""https://d2qjkwm11akmwu.cloudfront.net/products/42242_20-7-2023_10-17-28.png""},{""type"":""thumbnail_url"",""extension"":""webp"",""url"":""https://d2qjkwm11akmwu.cloudfront.net/thumbnails/566013_20-7-2023_10-17-34.webp""},{""type"":""thumbnail_url"",""extension"":""png"",""url"":""https://d2qjkwm11akmwu.cloudfront.net/thumbnails/566013_20-7-2023_10-17-34.png""},{""type"":""image_url"",""extension"":""webp"",""url"":""https://d2qjkwm11akmwu.cloudfront.net/products/42242_20-7-2023_10-17-28.webp""}]","64a06ac5-cd22-459a-978d-8767a830a25e",0,1,0,0.00,0.00,,
161,"2023-05-29 09:53:55",Dev,"2024-07-16 13:57:50",CC Token,"34bf0d00-8a36-4c40-9c0e-3d8bf71124ce","0",BISAGRATISONGKIR,37427,4812746,3360,"2023-04-03 13:00:00","2023-12-31 23:59:00",delayed_instant,"376708cf-e01e-4620-a5cf-54b9a1588316,1963798f-8e06-4aa0-bda9-eb794e85a3ee,b44c5b7e-b844-4105-acb8-858aaca5f8d8,49c1f3e0-4252-48c7-a007-8fd58e0fce42,217d7de6-0412-4ebc-96df-2d8cfddd99e0,59c8f490-a9f0-497f-97e5-a0b175c23168,7e56512f-c4ed-490b-be84-d2fd21b1180c,ed1ac092-8663-42e2-96d1-d2af62267ad4,a561bd82-f0ef-45dd-bb79-85c5b0f00fc2,ba7166a7-537a-4cfc-a27a-6642dd6764d8,07c03415-0d69-4c43-bc4a-d8a9ee0e3c7e,d7dbdc3c-0b3c-4be4-80eb-daad1e3dedd5,bfa2728f-1c97-4335-8547-1df04059a35b,de59f903-d42f-4640-92b5-0b8415bd7e1b,535d9556-fd19-468f-850b-5b01bff28c15,c1b2332b-644c-44a2-a878-0bf9c37e29b1,c21968b7-cc5a-43f8-8e33-552d89ce5846,ef63202b-ae39-4645-b570-c72ea02b7412,37eb40ff-cce3-4de6-b839-9cb5445a470f,74fcb9d1-a7b7-4672-ac7f-a1b62d8912a0,7976b31b-63fb-401e-87cc-c6e81ee7b5fd,2d190978-db01-4027-8b05-bb7e16aa524f,484583cd-a5cc-40c6-bf9d-31ca6038400a,eac848f9-b84c-44f8-85b7-faaa345a11e2",0.00,187,"2023-05-29 09:53:55",Dev,"2023-07-18 17:06:06",CC Token,update_status_coupon_end_time_task_id,"7170ab23-2f23-492a-8c14-8712091caee2",161,37427,"2020-04-05 18:16:45",Dev,"2025-07-25 02:05:36",SELF,d2581224-005b-473b-ae9f-d96f346c46ef,278700.00,IDR,https://d2qjkwm11akmwu.cloudfront.net/products/186518_18-7-2023_17-5-51.png,278,"Temukan informasi lengkap Amaryl M 2 mg/500 mg 3 Strip (10 Tablet/Strip) - Obat Rutin di Halodoc. Beli Amaryl M 2 mg/500 mg 3 Strip (10 Tablet/Strip) - Obat Rutin 1 Jam Sampai, Dikirim dari Apotek Tepercaya, Buka 24 Jam*","20250602, QAT-0622, Obat rutin NCD, Routine medicines, ?Subscriptions, Subscription, Langganan [Diabetes] ||ETHICAL PRODUCT ||NCD [[gaspolprodukpilihan]] [[pilihanobatdiabetes]] [[obatpilihanwdd2022]] ||T2K, ||T3K [[obatrutinramadhanlebaran]] [[hargapastiobatrutin]][[bisagratisongkir]] [[ncdgratisongkir]] [[pastigratisongkir]] [[orangtuasehat3]] [[obatrutingaspol]] [[hemborotc]] [[obatrutinpilihan]] [[wdd2023]][[puasancd]] [[diabeteshalodoc]],[[puasancd]]",Amaryl M 2 mg/500 mg 3 Strip (10 Tablet/Strip) - Obat Rutin,https://d2qjkwm11akmwu.cloudfront.net/thumbnails/375465_18-7-2023_17-5-57.png,medicine,b2c,1,active,336000.00,278700.00,0.01,174400.00,278700.00,0.09,0,"2020-04-06 22:03:25","2020-04-06 22:03:25",0,"[""tablet""]","[{""type"":""thumbnail_url"",""extension"":""webp"",""url"":""https://d2qjkwm11akmwu.cloudfront.net/thumbnails/375465_18-7-2023_17-5-57.webp""},{""type"":""image_url"",""extension"":""png"",""url"":""https://d2qjkwm11akmwu.cloudfront.net/products/186518_18-7-2023_17-5-51.png""},{""type"":""image_url"",""extension"":""webp"",""url"":""https://d2qjkwm11akmwu.cloudfront.net/products/186518_18-7-2023_17-5-51.webp""},{""type"":""thumbnail_url"",""extension"":""png"",""url"":""https://d2qjkwm11akmwu.cloudfront.net/thumbnails/375465_18-7-2023_17-5-57.png""}]","061ee36b-85e5-4ebb-8549-caeaf6845cb8",0,1,1,278700.00,275200.00,,
162,"2023-05-29 09:53:55",Dev,"2023-07-17 16:39:12",SELF,b3189a43-0160-41de-812d-651d6bdfa45e,"0",BISAGRATISONGKIR,37448,4812746,3360,"2023-04-03 13:00:00","2023-12-31 23:59:00",delayed_instant,"376708cf-e01e-4620-a5cf-54b9a1588316,b44c5b7e-b844-4105-acb8-858aaca5f8d8,49c1f3e0-4252-48c7-a007-8fd58e0fce42,ed1ac092-8663-42e2-96d1-d2af62267ad4,a561bd82-f0ef-45dd-bb79-85c5b0f00fc2,c1b2332b-644c-44a2-a878-0bf9c37e29b1,37eb40ff-cce3-4de6-b839-9cb5445a470f,74fcb9d1-a7b7-4672-ac7f-a1b62d8912a0,7976b31b-63fb-401e-87cc-c6e81ee7b5fd,484583cd-a5cc-40c6-bf9d-31ca6038400a,1963798f-8e06-4aa0-bda9-eb794e85a3ee,217d7de6-0412-4ebc-96df-2d8cfddd99e0,59c8f490-a9f0-497f-97e5-a0b175c23168,7e56512f-c4ed-490b-be84-d2fd21b1180c,ba7166a7-537a-4cfc-a27a-6642dd6764d8,07c03415-0d69-4c43-bc4a-d8a9ee0e3c7e,d7dbdc3c-0b3c-4be4-80eb-daad1e3dedd5,bfa2728f-1c97-4335-8547-1df04059a35b,de59f903-d42f-4640-92b5-0b8415bd7e1b,535d9556-fd19-468f-850b-5b01bff28c15,c21968b7-cc5a-43f8-8e33-552d89ce5846,ef63202b-ae39-4645-b570-c72ea02b7412,2d190978-db01-4027-8b05-bb7e16aa524f,eac848f9-b84c-44f8-85b7-faaa345a11e2",0.00,188,"2023-05-29 09:53:55",Dev,"2023-07-18 17:12:48",CC Token,update_status_coupon_end_time_task_id,c3a12b4b-c88c-4cca-9c5b-653ad49e9bd0,162,37448,"2020-04-05 18:16:49",Dev,"2025-07-25 02:05:41",SELF,"58acab82-5d54-4643-b354-50f9c484e459",313400.00,IDR,https://d2qjkwm11akmwu.cloudfront.net/products/431823_18-7-2023_17-12-20.png,74,"Temukan informasi lengkap Canderin 8 mg 3 Strip (10 Tablet/Strip) - Obat Rutin di Halodoc. Beli Canderin 8 mg 3 Strip (10 Tablet/Strip) - Obat Rutin 1 Jam Sampai, Dikirim dari Apotek Tepercaya, Buka 24 Jam*","20250527, QAT-0920, Obat rutin NCD, Routine medicines, ?Subscriptions, Subscription, Langganan
[Hypertension] ||ETHICAL PRODUCT ||NCD ||T1K, ||T2K, ||T3K [[Hipertensi]] [[bisagratisongkir]] [[pastigratisongkir]] [[obatrutinpilihan]] [[puasancd]],Obat Darah Tinggi[[ncdpilihan]],[[puasancd]]",Canderin 8 mg 3 Strip (10 Tablet/Strip) - Obat Rutin,https://d2qjkwm11akmwu.cloudfront.net/thumbnails/325464_18-7-2023_17-12-37.png,medicine,b2c,1,active,324000.00,198500.00,0.02,192100.00,279400.00,0.09,1,"2023-02-01 00:00:00","2023-02-15 00:00:00",0,"[""tablet""]","[{""type"":""image_url"",""extension"":""png"",""url"":""https://d2qjkwm11akmwu.cloudfront.net/products/431823_18-7-2023_17-12-20.png""},{""type"":""image_url"",""extension"":""webp"",""url"":""https://d2qjkwm11akmwu.cloudfront.net/products/431823_18-7-2023_17-12-20.webp""},{""type"":""thumbnail_url"",""extension"":""png"",""url"":""https://d2qjkwm11akmwu.cloudfront.net/thumbnails/325464_18-7-2023_17-12-37.png""},{""type"":""thumbnail_url"",""extension"":""webp"",""url"":""https://d2qjkwm11akmwu.cloudfront.net/thumbnails/325464_18-7-2023_17-12-37.webp""}]",c9ed31ae-75dc-4d47-9863-fb77c0b0076a,0,1,0,0.00,0.00,,
163,"2023-05-29 09:53:55",Dev,"2024-07-30 11:10:47",CC Token,"737eb60e-0c3f-439f-8e2b-ada20d6289e4","0",BISAGRATISONGKIR,37564,4812746,3360,"2023-04-03 13:00:00","2023-12-31 23:59:00",delayed_instant,"376708cf-e01e-4620-a5cf-54b9a1588316,1963798f-8e06-4aa0-bda9-eb794e85a3ee,b44c5b7e-b844-4105-acb8-858aaca5f8d8,49c1f3e0-4252-48c7-a007-8fd58e0fce42,217d7de6-0412-4ebc-96df-2d8cfddd99e0,59c8f490-a9f0-497f-97e5-a0b175c23168,7e56512f-c4ed-490b-be84-d2fd21b1180c,ed1ac092-8663-42e2-96d1-d2af62267ad4,a561bd82-f0ef-45dd-bb79-85c5b0f00fc2,ba7166a7-537a-4cfc-a27a-6642dd6764d8,07c03415-0d69-4c43-bc4a-d8a9ee0e3c7e,d7dbdc3c-0b3c-4be4-80eb-daad1e3dedd5,bfa2728f-1c97-4335-8547-1df04059a35b,de59f903-d42f-4640-92b5-0b8415bd7e1b,535d9556-fd19-468f-850b-5b01bff28c15,c1b2332b-644c-44a2-a878-0bf9c37e29b1,c21968b7-cc5a-43f8-8e33-552d89ce5846,ef63202b-ae39-4645-b570-c72ea02b7412,37eb40ff-cce3-4de6-b839-9cb5445a470f,74fcb9d1-a7b7-4672-ac7f-a1b62d8912a0,7976b31b-63fb-401e-87cc-c6e81ee7b5fd,2d190978-db01-4027-8b05-bb7e16aa524f,484583cd-a5cc-40c6-bf9d-31ca6038400a,eac848f9-b84c-44f8-85b7-faaa345a11e2",0.00,189,"2023-05-29 09:53:55",Dev,"2023-07-20 10:01:36",CC Token,update_status_coupon_end_time_task_id,"11e08af9-e8bc-4bc7-8110-0bcbfba27ba6",163,37564,"2020-04-05 18:17:15",Dev,"2025-07-25 02:05:46",SELF,cb92d692-5208-4c56-9c94-96f1bd1aaa3e,770000.00,IDR,https://d2qjkwm11akmwu.cloudfront.net/products/32100_20-7-2023_10-1-30.png,110,"Informasi terlengkap tentang SERETIDE DISKUS 50/250 MCG - OBAT RUTIN. Komposisi, Fungsi, Kegunaan, Ulasan, Efek Samping, Indikasi, Aturan Pakai, dan Dosis.","20250527, Obat rutin NCD, Routine medicines [Asthma] ||ETHICAL PRODUCT ||NCD ||T3K [[hargapastiobatrutin]][[ncdgratisongkir]] [[bisagratisongkir]] [[pastigratisongkir]] [[inhalerasma]] [[obatrutingaspol]] [[kontrolasma]] [[hemborotc]] [[untukasthma]]",Seretide Diskus 50/250 mcg 2 Box (1 Diskus/Box) - Obat Rutin,https://d2qjkwm11akmwu.cloudfront.net/thumbnails/22861_20-7-2023_10-1-34.png,medicine,b2c,1,active,955000.00,369900.00,0.00,358000.00,745400.00,0.09,0,"2020-04-06 22:03:57","2020-04-06 22:03:57",0,"[""spray""]","[{""type"":""image_url"",""extension"":""png"",""url"":""https://d2qjkwm11akmwu.cloudfront.net/products/32100_20-7-2023_10-1-30.png""},{""type"":""thumbnail_url"",""extension"":""webp"",""url"":""https://d2qjkwm11akmwu.cloudfront.net/thumbnails/22861_20-7-2023_10-1-34.webp""},{""type"":""image_url"",""extension"":""webp"",""url"":""https://d2qjkwm11akmwu.cloudfront.net/products/32100_20-7-2023_10-1-30.webp""},{""type"":""thumbnail_url"",""extension"":""png"",""url"":""https://d2qjkwm11akmwu.cloudfront.net/thumbnails/22861_20-7-2023_10-1-34.png""}]","7a86d9de-0320-4ee6-ba90-d62b56755ec2",0,1,0,0.00,0.00,,
164,"2023-05-29 09:53:55",Dev,"2024-09-13 14:29:26",CC Token,"31f6b5a9-0bdd-4009-918e-6dc271d4312d","0",BISAGRATISONGKIR,42541,4812746,3360,"2023-04-03 13:00:00","2023-12-31 23:59:00",delayed_instant,"376708cf-e01e-4620-a5cf-54b9a1588316,1963798f-8e06-4aa0-bda9-eb794e85a3ee,b44c5b7e-b844-4105-acb8-858aaca5f8d8,49c1f3e0-4252-48c7-a007-8fd58e0fce42,217d7de6-0412-4ebc-96df-2d8cfddd99e0,59c8f490-a9f0-497f-97e5-a0b175c23168,7e56512f-c4ed-490b-be84-d2fd21b1180c,ed1ac092-8663-42e2-96d1-d2af62267ad4,a561bd82-f0ef-45dd-bb79-85c5b0f00fc2,ba7166a7-537a-4cfc-a27a-6642dd6764d8,07c03415-0d69-4c43-bc4a-d8a9ee0e3c7e,d7dbdc3c-0b3c-4be4-80eb-daad1e3dedd5,bfa2728f-1c97-4335-8547-1df04059a35b,de59f903-d42f-4640-92b5-0b8415bd7e1b,535d9556-fd19-468f-850b-5b01bff28c15,c1b2332b-644c-44a2-a878-0bf9c37e29b1,c21968b7-cc5a-43f8-8e33-552d89ce5846,ef63202b-ae39-4645-b570-c72ea02b7412,37eb40ff-cce3-4de6-b839-9cb5445a470f,74fcb9d1-a7b7-4672-ac7f-a1b62d8912a0,7976b31b-63fb-401e-87cc-c6e81ee7b5fd,2d190978-db01-4027-8b05-bb7e16aa524f,484583cd-a5cc-40c6-bf9d-31ca6038400a,eac848f9-b84c-44f8-85b7-faaa345a11e2",0.00,190,"2023-05-29 09:53:55",Dev,"2023-07-24 09:56:45",CC Token,update_status_coupon_end_time_task_id,c9b357fb-c30f-4466-bb46-fa7fcac7a997,164,42541,"2020-07-03 13:12:27",Dev,"2025-07-25 02:06:15",SELF,a4024546-fefb-47b6-8a18-550c0622f81e,813100.00,IDR,https://d2qjkwm11akmwu.cloudfront.net/products/383485_20-7-2023_10-10-11.png,723,"Temukan informasi lengkap Ezetrol 10 mg 3 Strip (10 Tablet/Strip) - Obat Rutin di Halodoc. Beli Ezetrol 10 mg 3 Strip (10 Tablet/Strip) - Obat Rutin 1 Jam Sampai, Dikirim dari Apotek Tepercaya, Buka 24 Jam*","20241101, QAT-1021, Obat rutin NCD, Routine medicines, Subscriptions, Subscription, Langganan [Heart Diseases] ||ETHICAL PRODUCT ||NCD [[obatrutincaregiver]] ||T1K, ||T2K, ||T3K [[hargapastiobatrutin]][[ncdgratisongkir]] [[bisagratisongkir]] [[pastigratisongkir]] [[orangtuasehat2]] [[obatrutingaspol]] [[hemborotc]][[puasancd]][[ncdpilihan]] [[ncdpilihan]] [[ncdjantung]] [[gaspoljantung]],[[puasancd]]",Ezetrol 10 mg 3 Strip (10 Tablet/Strip) - Obat Rutin,https://d2qjkwm11akmwu.cloudfront.net/thumbnails/418355_20-7-2023_10-10-23.png,medicine,b2c,1,active,861600.00,514200.00,0.00,497700.00,745200.00,0.09,0,,,,"[""tablet""]","[{""type"":""thumbnail_url"",""extension"":""png"",""url"":""https://d2qjkwm11akmwu.cloudfront.net/thumbnails/418355_20-7-2023_10-10-23.png""},{""type"":""thumbnail_url"",""extension"":""webp"",""url"":""https://d2qjkwm11akmwu.cloudfront.net/thumbnails/418355_20-7-2023_10-10-23.webp""},{""type"":""image_url"",""extension"":""webp"",""url"":""https://d2qjkwm11akmwu.cloudfront.net/products/383485_20-7-2023_10-10-11.webp""},{""type"":""image_url"",""extension"":""png"",""url"":""https://d2qjkwm11akmwu.cloudfront.net/products/383485_20-7-2023_10-10-11.png""}]",b03a4b37-037d-48da-bf06-c7d61783de23,0,1,0,0.00,0.00,,
165,"2023-05-29 09:53:56",Dev,"2023-07-17 16:39:12",SELF,"6d5c9c54-963a-43a2-8a55-297615744f01","0",BISAGRATISONGKIR,37583,4812746,3360,"2023-04-03 13:00:00","2023-12-31 23:59:00",delayed_instant,"376708cf-e01e-4620-a5cf-54b9a1588316,b44c5b7e-b844-4105-acb8-858aaca5f8d8,49c1f3e0-4252-48c7-a007-8fd58e0fce42,ed1ac092-8663-42e2-96d1-d2af62267ad4,a561bd82-f0ef-45dd-bb79-85c5b0f00fc2,c1b2332b-644c-44a2-a878-0bf9c37e29b1,37eb40ff-cce3-4de6-b839-9cb5445a470f,74fcb9d1-a7b7-4672-ac7f-a1b62d8912a0,7976b31b-63fb-401e-87cc-c6e81ee7b5fd,484583cd-a5cc-40c6-bf9d-31ca6038400a,1963798f-8e06-4aa0-bda9-eb794e85a3ee,217d7de6-0412-4ebc-96df-2d8cfddd99e0,59c8f490-a9f0-497f-97e5-a0b175c23168,7e56512f-c4ed-490b-be84-d2fd21b1180c,ba7166a7-537a-4cfc-a27a-6642dd6764d8,07c03415-0d69-4c43-bc4a-d8a9ee0e3c7e,d7dbdc3c-0b3c-4be4-80eb-daad1e3dedd5,bfa2728f-1c97-4335-8547-1df04059a35b,de59f903-d42f-4640-92b5-0b8415bd7e1b,535d9556-fd19-468f-850b-5b01bff28c15,c21968b7-cc5a-43f8-8e33-552d89ce5846,ef63202b-ae39-4645-b570-c72ea02b7412,2d190978-db01-4027-8b05-bb7e16aa524f,eac848f9-b84c-44f8-85b7-faaa345a11e2",0.00,191,"2023-05-29 09:53:56",Dev,"2023-08-18 08:51:34",CC Token,update_status_coupon_end_time_task_id,"7a609530-6df6-47be-acb4-b60f4b9fe4bf",165,37583,"2020-04-05 18:17:19",Dev,"2025-07-25 02:05:47",SELF,bec1959e-690c-4b20-8610-e8a3f11f8eaf,357200.00,IDR,https://d2qjkwm11akmwu.cloudfront.net/products/42021_20-7-2023_10-4-17.png,293,"Informasi terlengkap tentang TRIZEDON MR 35 MG 60 TABLET - OBAT RUTIN. Komposisi, Fungsi, Kegunaan, Ulasan, Efek Samping, Indikasi, Aturan Pakai, dan Dosis.","20250527, Obat rutin NCD, Routine medicines, Subscriptions, Subscription, Langganan [Heart Diseases] ||ETHICAL PRODUCT ||NCD ||T3K [[hargapastiobatrutin]][[ncdgratisongkir]] [[bisagratisongkir]] [[pastigratisongkir]] [[orangtuasehat2]] [[obatrutingaspol]] [[hemborotc]]",Trizedon MR 35 mg 2 Strip (30 Tablet/Strip) - Obat Rutin,https://d2qjkwm11akmwu.cloudfront.net/thumbnails/12842_20-7-2023_10-4-30.png,medicine,b2c,1,active,511200.00,185400.00,0.00,179400.00,325700.00,0.09,0,"2020-04-06 22:04:01","2020-04-06 22:04:01",0,"[""tablet""]","[{""type"":""image_url"",""extension"":""png"",""url"":""https://d2qjkwm11akmwu.cloudfront.net/products/42021_20-7-2023_10-4-17.png""},{""type"":""thumbnail_url"",""extension"":""webp"",""url"":""https://d2qjkwm11akmwu.cloudfront.net/thumbnails/12842_20-7-2023_10-4-30.webp""},{""type"":""thumbnail_url"",""extension"":""png"",""url"":""https://d2qjkwm11akmwu.cloudfront.net/thumbnails/12842_20-7-2023_10-4-30.png""},{""type"":""image_url"",""extension"":""webp"",""url"":""https://d2qjkwm11akmwu.cloudfront.net/products/42021_20-7-2023_10-4-17.webp""}]",ac55f585-06a6-4ff1-9f49-5cc7cb65f8dc,0,1,0,0.00,0.00,,
166,"2023-05-29 09:53:56",Dev,"2024-07-16 14:51:48",CC Token,"8c61abdc-d2ef-4145-8a1e-4f4ceb2ed21a","0",BISAGRATISONGKIR,37504,4812746,3360,"2023-04-03 13:00:00","2023-12-31 23:59:00",delayed_instant,"376708cf-e01e-4620-a5cf-54b9a1588316,1963798f-8e06-4aa0-bda9-eb794e85a3ee,b44c5b7e-b844-4105-acb8-858aaca5f8d8,49c1f3e0-4252-48c7-a007-8fd58e0fce42,217d7de6-0412-4ebc-96df-2d8cfddd99e0,59c8f490-a9f0-497f-97e5-a0b175c23168,7e56512f-c4ed-490b-be84-d2fd21b1180c,ed1ac092-8663-42e2-96d1-d2af62267ad4,a561bd82-f0ef-45dd-bb79-85c5b0f00fc2,ba7166a7-537a-4cfc-a27a-6642dd6764d8,07c03415-0d69-4c43-bc4a-d8a9ee0e3c7e,d7dbdc3c-0b3c-4be4-80eb-daad1e3dedd5,bfa2728f-1c97-4335-8547-1df04059a35b,de59f903-d42f-4640-92b5-0b8415bd7e1b,535d9556-fd19-468f-850b-5b01bff28c15,c1b2332b-644c-44a2-a878-0bf9c37e29b1,c21968b7-cc5a-43f8-8e33-552d89ce5846,ef63202b-ae39-4645-b570-c72ea02b7412,37eb40ff-cce3-4de6-b839-9cb5445a470f,74fcb9d1-a7b7-4672-ac7f-a1b62d8912a0,7976b31b-63fb-401e-87cc-c6e81ee7b5fd,2d190978-db01-4027-8b05-bb7e16aa524f,484583cd-a5cc-40c6-bf9d-31ca6038400a,eac848f9-b84c-44f8-85b7-faaa345a11e2",0.00,192,"2023-05-29 09:53:56",Dev,"2023-07-18 17:46:16",CC Token,update_status_coupon_end_time_task_id,"8f45331e-8f7f-4503-9836-7cb0e3b8d60c",166,37504,"2020-04-05 18:17:02",Dev,"2025-07-25 02:05:43",SELF,"3c3f0544-3c5b-4781-b21d-37c8053ef327",181100.00,IDR,https://d2qjkwm11akmwu.cloudfront.net/products/204072_18-7-2023_17-45-53.png,196,"Temukan informasi lengkap Glucophage XR 1000 mg 3 Strip (10 Tablet/Strip) - Obat Rutin di Halodoc. Beli Glucophage XR 1000 mg 3 Strip (10 Tablet/Strip) - Obat Rutin 1 Jam Sampai, Dikirim dari Apotek Tepercaya, Buka 24 Jam*","20241101, Obat rutin NCD, Routine medicines, Subscriptions, Subscription, Langganan [Diabetes] [[diabetescarepage]] ||ETHICAL PRODUCT [[crmdiabetes]] ||NCD [[obatpilihanwdd2022]] [[obatrutincaregiver]] ||T2K, ||T3K [[obatrutinramadhanlebaran]] [[hargapastiobatrutin]][[ncdgratisongkir]] [[bisagratisongkir]] [[pastigratisongkir]] [[orangtuasehat3]] [[obatrutingaspol]] [[hemborotc]] [[wdd2023]] [[diabeteshalodoc]]",Glucophage XR 1000 mg 3 Strip (10 Tablet/Strip) - Obat Rutin,https://d2qjkwm11akmwu.cloudfront.net/thumbnails/219098_18-7-2023_17-46-5.png,medicine,b2c,1,active,210300.00,109100.00,0.01,105600.00,178100.00,0.09,0,"2020-04-06 22:03:43","2020-04-06 22:03:43",0,"[""tablet""]","[{""type"":""image_url"",""extension"":""png"",""url"":""https://d2qjkwm11akmwu.cloudfront.net/products/204072_18-7-2023_17-45-53.png""},{""type"":""thumbnail_url"",""extension"":""png"",""url"":""https://d2qjkwm11akmwu.cloudfront.net/thumbnails/219098_18-7-2023_17-46-5.png""},{""type"":""thumbnail_url"",""extension"":""webp"",""url"":""https://d2qjkwm11akmwu.cloudfront.net/thumbnails/219098_18-7-2023_17-46-5.webp""},{""type"":""image_url"",""extension"":""webp"",""url"":""https://d2qjkwm11akmwu.cloudfront.net/products/204072_18-7-2023_17-45-53.webp""}]","05405469-1622-47b7-a52a-8f62173ec9e8",0,1,0,0.00,0.00,,
167,"2023-05-29 09:53:56",Dev,"2024-07-17 14:02:28",CC Token,"99633880-4b80-4f36-be61-b8f626aaedcd","0",BISAGRATISONGKIR,37509,4812746,3360,"2023-04-03 13:00:00","2023-12-31 23:59:00",delayed_instant,"376708cf-e01e-4620-a5cf-54b9a1588316,1963798f-8e06-4aa0-bda9-eb794e85a3ee,b44c5b7e-b844-4105-acb8-858aaca5f8d8,49c1f3e0-4252-48c7-a007-8fd58e0fce42,217d7de6-0412-4ebc-96df-2d8cfddd99e0,59c8f490-a9f0-497f-97e5-a0b175c23168,7e56512f-c4ed-490b-be84-d2fd21b1180c,ed1ac092-8663-42e2-96d1-d2af62267ad4,a561bd82-f0ef-45dd-bb79-85c5b0f00fc2,ba7166a7-537a-4cfc-a27a-6642dd6764d8,07c03415-0d69-4c43-bc4a-d8a9ee0e3c7e,d7dbdc3c-0b3c-4be4-80eb-daad1e3dedd5,bfa2728f-1c97-4335-8547-1df04059a35b,de59f903-d42f-4640-92b5-0b8415bd7e1b,535d9556-fd19-468f-850b-5b01bff28c15,c1b2332b-644c-44a2-a878-0bf9c37e29b1,c21968b7-cc5a-43f8-8e33-552d89ce5846,ef63202b-ae39-4645-b570-c72ea02b7412,37eb40ff-cce3-4de6-b839-9cb5445a470f,74fcb9d1-a7b7-4672-ac7f-a1b62d8912a0,7976b31b-63fb-401e-87cc-c6e81ee7b5fd,2d190978-db01-4027-8b05-bb7e16aa524f,484583cd-a5cc-40c6-bf9d-31ca6038400a,eac848f9-b84c-44f8-85b7-faaa345a11e2",0.00,193,"2023-05-29 09:53:56",Dev,"2023-09-13 18:51:34",CC Token,update_status_coupon_end_time_task_id,"5f34c473-d144-4076-95e9-aceae35654f9",167,37509,"2020-04-05 18:17:03",Dev,"2025-07-17 14:11:49",Dev,b01e7b82-1ccd-442d-b487-8b4786dcc742,208600.00,IDR,https://d2qjkwm11akmwu.cloudfront.net/products/453224_18-7-2023_17-46-55.png,196,"Informasi terlengkap tentang GLUCOVANCE 5 MG/500 MG 30 TABLET - OBAT RUTIN. Komposisi, Fungsi, Kegunaan, Ulasan, Efek Samping, Indikasi, Aturan Pakai, dan Dosis.","20241101, Obat rutin NCD, Routine medicines, Subscriptions, Subscription, Langganan [Diabetes] [[diabetescarepage]] ||ETHICAL PRODUCT ||NCD [[pilihanobatdiabetes]] [[obatpilihanwdd2022]] ||T3K [[hargapastiobatrutin]][[ncdgratisongkir]] [[bisagratisongkir]] [[pastigratisongkir]] [[orangtuasehat3]] [[obatrutingaspol]] [[hemborotc]]",Glucovance 5 mg/500 mg 3 Strip (10 Tablet/Strip) - Obat Rutin,https://d2qjkwm11akmwu.cloudfront.net/thumbnails/796367_18-7-2023_17-47-4.png,medicine,b2c,0,inactive,285300.00,92700.00,0.00,89700.00,214900.00,0.09,0,"2020-04-06 22:03:45","2020-04-06 22:03:45",0,"[""tablet""]","[{""type"":""thumbnail_url"",""extension"":""webp"",""url"":""https://d2qjkwm11akmwu.cloudfront.net/thumbnails/796367_18-7-2023_17-47-4.webp""},{""type"":""image_url"",""extension"":""png"",""url"":""https://d2qjkwm11akmwu.cloudfront.net/products/453224_18-7-2023_17-46-55.png""},{""type"":""thumbnail_url"",""extension"":""png"",""url"":""https://d2qjkwm11akmwu.cloudfront.net/thumbnails/796367_18-7-2023_17-47-4.png""},{""type"":""image_url"",""extension"":""webp"",""url"":""https://d2qjkwm11akmwu.cloudfront.net/products/453224_18-7-2023_17-46-55.webp""}]",,0,1,0,0.00,0.00,,
168,"2023-05-29 09:53:56",Dev,"2023-07-17 16:39:13",SELF,"2d592bd1-05b0-453b-b896-0568dad43a8c","0",BISAGRATISONGKIR,37446,4812746,3360,"2023-04-03 13:00:00","2023-12-31 23:59:00",delayed_instant,"376708cf-e01e-4620-a5cf-54b9a1588316,b44c5b7e-b844-4105-acb8-858aaca5f8d8,49c1f3e0-4252-48c7-a007-8fd58e0fce42,ed1ac092-8663-42e2-96d1-d2af62267ad4,a561bd82-f0ef-45dd-bb79-85c5b0f00fc2,c1b2332b-644c-44a2-a878-0bf9c37e29b1,37eb40ff-cce3-4de6-b839-9cb5445a470f,74fcb9d1-a7b7-4672-ac7f-a1b62d8912a0,7976b31b-63fb-401e-87cc-c6e81ee7b5fd,484583cd-a5cc-40c6-bf9d-31ca6038400a,1963798f-8e06-4aa0-bda9-eb794e85a3ee,217d7de6-0412-4ebc-96df-2d8cfddd99e0,59c8f490-a9f0-497f-97e5-a0b175c23168,7e56512f-c4ed-490b-be84-d2fd21b1180c,ba7166a7-537a-4cfc-a27a-6642dd6764d8,07c03415-0d69-4c43-bc4a-d8a9ee0e3c7e,d7dbdc3c-0b3c-4be4-80eb-daad1e3dedd5,bfa2728f-1c97-4335-8547-1df04059a35b,de59f903-d42f-4640-92b5-0b8415bd7e1b,535d9556-fd19-468f-850b-5b01bff28c15,c21968b7-cc5a-43f8-8e33-552d89ce5846,ef63202b-ae39-4645-b570-c72ea02b7412,2d190978-db01-4027-8b05-bb7e16aa524f,eac848f9-b84c-44f8-85b7-faaa345a11e2",0.00,194,"2023-05-29 09:53:56",Dev,"2023-09-06 17:05:59",CC Token,update_status_coupon_end_time_task_id,"88ca2cdc-9fe7-423b-b3ce-b584091a7407",168,37446,"2020-04-05 18:16:49",Dev,"2025-07-25 02:05:37",SELF,cd3d090b-8325-42f4-9065-4d80447337df,494400.00,IDR,https://d2qjkwm11akmwu.cloudfront.net/products/309926_18-7-2023_17-10-59.png,218,"Informasi terlengkap tentang BRILINTA 90 MG 28 TABLET - OBAT RUTIN. Komposisi, Fungsi, Kegunaan, Ulasan, Efek Samping, Indikasi, Aturan Pakai, dan Dosis.","20220331, Obat rutin NCD, Routine medicines, Subscriptions, Subscription, Langganan [Heart Diseases] ||ETHICAL PRODUCT ||NCD ||T2K, ||T3K [[hargapastiobatrutin]][[ncdgratisongkir]] [[bisagratisongkir]] [[pastigratisongkir]] [[orangtuasehat2]] [[obatrutingaspol]] [[hemborotc]]",Brilinta 90 mg 2 Strip (14 Tablet/Strip) - Obat Rutin,https://d2qjkwm11akmwu.cloudfront.net/thumbnails/424632_18-7-2023_17-11-4.png,medicine,b2c,1,active,651400.00,390700.00,0.00,210400.00,476000.00,0.09,0,"2020-04-06 22:03:31","2020-04-06 22:03:31",0,"[""tablet""]","[{""type"":""image_url"",""extension"":""png"",""url"":""https://d2qjkwm11akmwu.cloudfront.net/products/309926_18-7-2023_17-10-59.png""},{""type"":""image_url"",""extension"":""webp"",""url"":""https://d2qjkwm11akmwu.cloudfront.net/products/309926_18-7-2023_17-10-59.webp""},{""type"":""thumbnail_url"",""extension"":""png"",""url"":""https://d2qjkwm11akmwu.cloudfront.net/thumbnails/424632_18-7-2023_17-11-4.png""},{""type"":""thumbnail_url"",""extension"":""webp"",""url"":""https://d2qjkwm11akmwu.cloudfront.net/thumbnails/424632_18-7-2023_17-11-4.webp""}]","34be12a6-f38b-420f-b32f-12851b59d8c2",0,1,0,0.00,0.00,,
169,"2023-05-29 09:53:56",Dev,"2024-07-16 12:59:20",CC Token,ee958de8-1b68-4d41-a6f9-7572951eb244,"0",BISAGRATISONGKIR,37493,4812746,3360,"2023-04-03 13:00:00","2023-12-31 23:59:00",delayed_instant,"376708cf-e01e-4620-a5cf-54b9a1588316,1963798f-8e06-4aa0-bda9-eb794e85a3ee,b44c5b7e-b844-4105-acb8-858aaca5f8d8,49c1f3e0-4252-48c7-a007-8fd58e0fce42,217d7de6-0412-4ebc-96df-2d8cfddd99e0,59c8f490-a9f0-497f-97e5-a0b175c23168,7e56512f-c4ed-490b-be84-d2fd21b1180c,ed1ac092-8663-42e2-96d1-d2af62267ad4,a561bd82-f0ef-45dd-bb79-85c5b0f00fc2,ba7166a7-537a-4cfc-a27a-6642dd6764d8,07c03415-0d69-4c43-bc4a-d8a9ee0e3c7e,d7dbdc3c-0b3c-4be4-80eb-daad1e3dedd5,bfa2728f-1c97-4335-8547-1df04059a35b,de59f903-d42f-4640-92b5-0b8415bd7e1b,535d9556-fd19-468f-850b-5b01bff28c15,c1b2332b-644c-44a2-a878-0bf9c37e29b1,c21968b7-cc5a-43f8-8e33-552d89ce5846,ef63202b-ae39-4645-b570-c72ea02b7412,37eb40ff-cce3-4de6-b839-9cb5445a470f,74fcb9d1-a7b7-4672-ac7f-a1b62d8912a0,7976b31b-63fb-401e-87cc-c6e81ee7b5fd,2d190978-db01-4027-8b05-bb7e16aa524f,484583cd-a5cc-40c6-bf9d-31ca6038400a,eac848f9-b84c-44f8-85b7-faaa345a11e2",0.00,195,"2023-05-29 09:53:56",Dev,"2023-07-18 17:45:02",CC Token,update_status_coupon_end_time_task_id,"3bd0c433-5101-44eb-b96b-7cfabf09c177",169,37493,"2020-04-05 18:16:59",Dev,"2025-07-25 02:05:43",SELF,"4490ce4a-bac4-44d9-8af2-907f40d8c99c",301400.00,IDR,https://d2qjkwm11akmwu.cloudfront.net/products/802675_18-7-2023_17-44-42.png,218,"Temukan informasi lengkap Galvusmet 50 mg/850 mg 3 Strip (10 Tablet/Strip) - Obat Rutin di Halodoc. Beli Galvusmet 50 mg/850 mg 3 Strip (10 Tablet/Strip) - Obat Rutin 1 Jam Sampai, Dikirim dari Apotek Tepercaya, Buka 24 Jam*","20250715, Obat rutin NCD, Routine medicines, Subscription, Subscriptions, Langganan [Diabetes] [[diabetescarepage]] ||ETHICAL PRODUCT ||NCD [[pilihanobatdiabetes]] [[obatpilihanwdd2022]] ||T2K, ||T3K [[hargapastiobatrutin]][[ncdgratisongkir]] [[bisagratisongkir]] [[pastigratisongkir]] [[orangtuasehat3]] [[obatrutingaspol]] [[hemborotc]] [[diabeteshalodoc]]",Galvusmet 50 mg/850 mg 3 Strip (10 Tablet/Strip) - Obat Rutin,https://d2qjkwm11akmwu.cloudfront.net/thumbnails/146624_18-7-2023_17-44-52.png,medicine,b2c,1,active,347700.00,215000.00,0.01,208100.00,299600.00,0.09,0,"2020-04-06 22:03:41","2020-04-06 22:03:41",0,"[""tablet""]","[{""type"":""thumbnail_url"",""extension"":""png"",""url"":""https://d2qjkwm11akmwu.cloudfront.net/thumbnails/146624_18-7-2023_17-44-52.png""},{""type"":""image_url"",""extension"":""webp"",""url"":""https://d2qjkwm11akmwu.cloudfront.net/products/802675_18-7-2023_17-44-42.webp""},{""type"":""image_url"",""extension"":""png"",""url"":""https://d2qjkwm11akmwu.cloudfront.net/products/802675_18-7-2023_17-44-42.png""},{""type"":""thumbnail_url"",""extension"":""webp"",""url"":""https://d2qjkwm11akmwu.cloudfront.net/thumbnails/146624_18-7-2023_17-44-52.webp""}]","433e3b62-68d8-4ff8-9807-d5507d1222c4",0,1,0,0.00,0.00,,
170,"2023-05-29 09:53:56",Dev,"2024-10-14 14:31:02",CC Token,e8fd9f3c-b264-4a15-a9a3-591c16be7ace,"0",BISAGRATISONGKIR,42603,4812746,3360,"2023-04-03 13:00:00","2023-12-31 23:59:00",delayed_instant,"376708cf-e01e-4620-a5cf-54b9a1588316,1963798f-8e06-4aa0-bda9-eb794e85a3ee,b44c5b7e-b844-4105-acb8-858aaca5f8d8,49c1f3e0-4252-48c7-a007-8fd58e0fce42,217d7de6-0412-4ebc-96df-2d8cfddd99e0,59c8f490-a9f0-497f-97e5-a0b175c23168,7e56512f-c4ed-490b-be84-d2fd21b1180c,ed1ac092-8663-42e2-96d1-d2af62267ad4,a561bd82-f0ef-45dd-bb79-85c5b0f00fc2,ba7166a7-537a-4cfc-a27a-6642dd6764d8,07c03415-0d69-4c43-bc4a-d8a9ee0e3c7e,d7dbdc3c-0b3c-4be4-80eb-daad1e3dedd5,bfa2728f-1c97-4335-8547-1df04059a35b,de59f903-d42f-4640-92b5-0b8415bd7e1b,535d9556-fd19-468f-850b-5b01bff28c15,c1b2332b-644c-44a2-a878-0bf9c37e29b1,c21968b7-cc5a-43f8-8e33-552d89ce5846,ef63202b-ae39-4645-b570-c72ea02b7412,37eb40ff-cce3-4de6-b839-9cb5445a470f,74fcb9d1-a7b7-4672-ac7f-a1b62d8912a0,7976b31b-63fb-401e-87cc-c6e81ee7b5fd,2d190978-db01-4027-8b05-bb7e16aa524f,484583cd-a5cc-40c6-bf9d-31ca6038400a,eac848f9-b84c-44f8-85b7-faaa345a11e2",0.00,196,"2023-05-29 09:53:56",Dev,"2023-07-20 10:13:36",CC Token,update_status_coupon_end_time_task_id,cd5db637-6909-41e2-9555-1322e5865e94,170,42603,"2020-07-03 13:12:46",Dev,"2025-07-25 11:01:32",SELF,"1f430f3f-9ee6-49c8-a942-972297c47df5",378200.00,IDR,https://d2qjkwm11akmwu.cloudfront.net/products/298419_20-7-2023_10-13-26.png,76,"SUVESCO 20 MG 30 TABLET - OBAT RUTIN. Informasi terlengkap tentang. Komposisi, Fungsi, Kegunaan, Ulasan, Efek Samping, Indikasi, Aturan Pakai, dan Dosis.","20250502, Obat rutin NCD, Routine medicines, [Heart Diseases] ||ETHICAL PRODUCT ||NCD [[hargapastiobatrutin]][[ncdgratisongkir]] [[bisagratisongkir]] [[pastigratisongkir]] [[orangtuasehat2]] [[obatrutingaspol]] [[hemborotc]] [[gaspoljantung]]",Suvesco 20 mg 3 Strip (10 Tablet/Strip) - Obat Rutin,https://d2qjkwm11akmwu.cloudfront.net/thumbnails/760707_20-7-2023_10-13-33.png,medicine,b2c,1,active,490200.00,289300.00,0.00,280000.00,389600.00,0.09,0,,,,"[""tablet""]","[{""type"":""image_url"",""extension"":""png"",""url"":""https://d2qjkwm11akmwu.cloudfront.net/products/298419_20-7-2023_10-13-26.png""},{""type"":""thumbnail_url"",""extension"":""webp"",""url"":""https://d2qjkwm11akmwu.cloudfront.net/thumbnails/760707_20-7-2023_10-13-33.webp""},{""type"":""thumbnail_url"",""extension"":""png"",""url"":""https://d2qjkwm11akmwu.cloudfront.net/thumbnails/760707_20-7-2023_10-13-33.png""},{""type"":""image_url"",""extension"":""webp"",""url"":""https://d2qjkwm11akmwu.cloudfront.net/products/298419_20-7-2023_10-13-26.webp""}]","9a9636e6-a97a-4096-983c-b47cc28f5bcc",0,1,0,0.00,0.00,,
171,"2023-05-29 09:53:56",Dev,"2025-06-10 11:22:47",CC Token,"9a824d7f-ea1b-418c-99a2-f0034457fbe6","0",BISAGRATISONGKIR,42618,4812746,3360,"2023-04-03 13:00:00","2023-12-31 23:59:00",delayed_instant,"376708cf-e01e-4620-a5cf-54b9a1588316,1963798f-8e06-4aa0-bda9-eb794e85a3ee,b44c5b7e-b844-4105-acb8-858aaca5f8d8,49c1f3e0-4252-48c7-a007-8fd58e0fce42,217d7de6-0412-4ebc-96df-2d8cfddd99e0,59c8f490-a9f0-497f-97e5-a0b175c23168,7e56512f-c4ed-490b-be84-d2fd21b1180c,ed1ac092-8663-42e2-96d1-d2af62267ad4,a561bd82-f0ef-45dd-bb79-85c5b0f00fc2,ba7166a7-537a-4cfc-a27a-6642dd6764d8,07c03415-0d69-4c43-bc4a-d8a9ee0e3c7e,d7dbdc3c-0b3c-4be4-80eb-daad1e3dedd5,bfa2728f-1c97-4335-8547-1df04059a35b,de59f903-d42f-4640-92b5-0b8415bd7e1b,535d9556-fd19-468f-850b-5b01bff28c15,c1b2332b-644c-44a2-a878-0bf9c37e29b1,c21968b7-cc5a-43f8-8e33-552d89ce5846,ef63202b-ae39-4645-b570-c72ea02b7412,37eb40ff-cce3-4de6-b839-9cb5445a470f,74fcb9d1-a7b7-4672-ac7f-a1b62d8912a0,7976b31b-63fb-401e-87cc-c6e81ee7b5fd,2d190978-db01-4027-8b05-bb7e16aa524f,484583cd-a5cc-40c6-bf9d-31ca6038400a,eac848f9-b84c-44f8-85b7-faaa345a11e2",0.00,197,"2023-05-29 09:53:57",Dev,"2023-07-20 10:18:08",CC Token,update_status_coupon_end_time_task_id,fa88cb9f-0821-403c-bf8b-1718a027bf2f,171,42618,"2020-07-03 13:12:50",Dev,"2025-07-25 02:06:19",SELF,"2aba801e-73c4-4b0e-ad1f-428bbcb16715",1379000.00,IDR,https://d2qjkwm11akmwu.cloudfront.net/products/742187_20-7-2023_10-17-59.png,28,"XARELTO 10 MG 30 TABLET - OBAT RUTIN. Informasi terlengkap tentang. Komposisi, Fungsi, Kegunaan, Ulasan, Efek Samping, Indikasi, Aturan Pakai, dan Dosis.","20250610, QAT-1021, Obat rutin NCD, Routine medicines [Heart Diseases] ||ETHICAL PRODUCT ||NCD ||T2K, ||T3K [[hargapastiobatrutin]][[ncdgratisongkir]] [[bisagratisongkir]] [[pastigratisongkir]] [[orangtuasehat2]] [[obatrutingaspol]] [[hemborotc]][[puasancd]] [[gaspoljantung]],[[puasancd]]",Xarelto 10 mg 3 Strip (10 Tablet/Strip) - Obat Rutin,https://d2qjkwm11akmwu.cloudfront.net/thumbnails/87805_20-7-2023_10-18-5.png,medicine,b2c,1,active,1558500.00,875300.00,0.00,847300.00,1264000.00,0.09,0,,,,"[""tablet""]","[{""type"":""image_url"",""extension"":""png"",""url"":""https://d2qjkwm11akmwu.cloudfront.net/products/742187_20-7-2023_10-17-59.png""},{""type"":""thumbnail_url"",""extension"":""webp"",""url"":""https://d2qjkwm11akmwu.cloudfront.net/thumbnails/87805_20-7-2023_10-18-5.webp""},{""type"":""image_url"",""extension"":""webp"",""url"":""https://d2qjkwm11akmwu.cloudfront.net/products/742187_20-7-2023_10-17-59.webp""},{""type"":""thumbnail_url"",""extension"":""png"",""url"":""https://d2qjkwm11akmwu.cloudfront.net/thumbnails/87805_20-7-2023_10-18-5.png""}]","8085c4d4-1721-4cfc-a96d-161b28fe4cd3",0,1,0,0.00,0.00,,
172,"2023-05-29 09:53:57",Dev,"2024-08-13 11:35:13",CC Token,e6f36f86-05ad-473d-a8e1-cf252f972d84,"0",BISAGRATISONGKIR,37480,4812746,3360,"2023-04-03 13:00:00","2023-12-31 23:59:00",delayed_instant,"376708cf-e01e-4620-a5cf-54b9a1588316,1963798f-8e06-4aa0-bda9-eb794e85a3ee,b44c5b7e-b844-4105-acb8-858aaca5f8d8,49c1f3e0-4252-48c7-a007-8fd58e0fce42,217d7de6-0412-4ebc-96df-2d8cfddd99e0,59c8f490-a9f0-497f-97e5-a0b175c23168,7e56512f-c4ed-490b-be84-d2fd21b1180c,ed1ac092-8663-42e2-96d1-d2af62267ad4,a561bd82-f0ef-45dd-bb79-85c5b0f00fc2,ba7166a7-537a-4cfc-a27a-6642dd6764d8,07c03415-0d69-4c43-bc4a-d8a9ee0e3c7e,d7dbdc3c-0b3c-4be4-80eb-daad1e3dedd5,bfa2728f-1c97-4335-8547-1df04059a35b,de59f903-d42f-4640-92b5-0b8415bd7e1b,535d9556-fd19-468f-850b-5b01bff28c15,c1b2332b-644c-44a2-a878-0bf9c37e29b1,c21968b7-cc5a-43f8-8e33-552d89ce5846,ef63202b-ae39-4645-b570-c72ea02b7412,37eb40ff-cce3-4de6-b839-9cb5445a470f,74fcb9d1-a7b7-4672-ac7f-a1b62d8912a0,7976b31b-63fb-401e-87cc-c6e81ee7b5fd,2d190978-db01-4027-8b05-bb7e16aa524f,484583cd-a5cc-40c6-bf9d-31ca6038400a,eac848f9-b84c-44f8-85b7-faaa345a11e2",0.00,198,"2023-05-29 09:53:57",Dev,"2023-07-18 17:30:57",CC Token,update_status_coupon_end_time_task_id,"642663ac-621c-4720-a38d-9dca1f8298e3",172,37480,"2020-04-05 18:16:57",Dev,"2025-07-25 02:05:42",SELF,"0d845d98-39cb-417d-b50a-c1cb7fb55f93",321800.00,IDR,https://d2qjkwm11akmwu.cloudfront.net/products/472926_18-7-2023_17-24-16.png,317,"Informasi terlengkap tentang DIVASK 5 MG 30 TABLET - OBAT RUTIN. Komposisi, Fungsi, Kegunaan, Ulasan, Efek Samping, Indikasi, Aturan Pakai, dan Dosis.","20250527, QAT-1121, Obat rutin NCD, Routine medicines, Subscriptions, Subscription, Langganan [Hypertension] ||ETHICAL PRODUCT ||NCD ||T3K [[hargapastiobatrutin]][[ncdgratisongkir]] [[bisagratisongkir]] [[pastigratisongkir]] [[orangtuasehat1]] [[obatrutingaspol]] [[hemborotc]]",Divask 5 mg 3 Strip (10 Tablet/Strip) - Obat Rutin,https://d2qjkwm11akmwu.cloudfront.net/thumbnails/434996_18-7-2023_17-30-47.png,medicine,b2c,1,active,369600.00,184400.00,0.00,178500.00,316700.00,0.09,0,"2020-04-06 22:03:37","2020-04-06 22:03:37",0,"[""tablet""]","[{""type"":""thumbnail_url"",""extension"":""webp"",""url"":""https://d2qjkwm11akmwu.cloudfront.net/thumbnails/434996_18-7-2023_17-30-47.webp""},{""type"":""image_url"",""extension"":""webp"",""url"":""https://d2qjkwm11akmwu.cloudfront.net/products/472926_18-7-2023_17-24-16.webp""},{""type"":""image_url"",""extension"":""png"",""url"":""https://d2qjkwm11akmwu.cloudfront.net/products/472926_18-7-2023_17-24-16.png""},{""type"":""thumbnail_url"",""extension"":""png"",""url"":""https://d2qjkwm11akmwu.cloudfront.net/thumbnails/434996_18-7-2023_17-30-47.png""}]",b30f149e-71c4-43c4-8edc-e46ff96821fe,0,1,0,0.00,0.00,,
173,"2023-05-29 09:53:57",Dev,"2023-07-17 16:39:14",SELF,"32ae05e5-3f9c-4584-81b6-d94ea1fdb92b","0",BISAGRATISONGKIR,37589,4812746,3360,"2023-04-03 13:00:00","2023-12-31 23:59:00",delayed_instant,"376708cf-e01e-4620-a5cf-54b9a1588316,b44c5b7e-b844-4105-acb8-858aaca5f8d8,49c1f3e0-4252-48c7-a007-8fd58e0fce42,ed1ac092-8663-42e2-96d1-d2af62267ad4,a561bd82-f0ef-45dd-bb79-85c5b0f00fc2,c1b2332b-644c-44a2-a878-0bf9c37e29b1,37eb40ff-cce3-4de6-b839-9cb5445a470f,74fcb9d1-a7b7-4672-ac7f-a1b62d8912a0,7976b31b-63fb-401e-87cc-c6e81ee7b5fd,484583cd-a5cc-40c6-bf9d-31ca6038400a,1963798f-8e06-4aa0-bda9-eb794e85a3ee,217d7de6-0412-4ebc-96df-2d8cfddd99e0,59c8f490-a9f0-497f-97e5-a0b175c23168,7e56512f-c4ed-490b-be84-d2fd21b1180c,ba7166a7-537a-4cfc-a27a-6642dd6764d8,07c03415-0d69-4c43-bc4a-d8a9ee0e3c7e,d7dbdc3c-0b3c-4be4-80eb-daad1e3dedd5,bfa2728f-1c97-4335-8547-1df04059a35b,de59f903-d42f-4640-92b5-0b8415bd7e1b,535d9556-fd19-468f-850b-5b01bff28c15,c21968b7-cc5a-43f8-8e33-552d89ce5846,ef63202b-ae39-4645-b570-c72ea02b7412,2d190978-db01-4027-8b05-bb7e16aa524f,eac848f9-b84c-44f8-85b7-faaa345a11e2",0.00,199,"2023-05-29 09:53:57",Dev,"2023-10-03 13:09:29",CC Token,update_status_coupon_end_time_task_id,"5e24bb84-8a54-4ea2-8fec-c586a0e4acbb",173,37589,"2020-04-05 18:17:21",Dev,"2025-07-25 02:05:47",SELF,ee9aa136-57ef-4e74-9a12-f180a7fa8640,121200.00,IDR,https://d2qjkwm11akmwu.cloudfront.net/products/384578_20-7-2023_10-5-0.png,161,"Temukan informasi lengkap V Bloc 6.25 mg 3 Strip (10 Tablet/Strip) - Obat Rutin di Halodoc. Beli V Bloc 6.25 mg 3 Strip (10 Tablet/Strip) - Obat Rutin 1 Jam Sampai, Dikirim dari Apotek Tepercaya, Buka 24 Jam*","20250527, QAT-0920, Obat rutin NCD, Routine medicines, Subscriptions, Subscription, Langganan [Hypertension] ||ETHICAL PRODUCT [[crmhypertension]] ||NCD ||T3K [[hargapastiobatrutin]][[ncdgratisongkir]] [[bisagratisongkir]] [[pastigratisongkir]] [[orangtuasehat1]] [[obatrutingaspol]] [[hemborotc]][[ncdpilihan]]",V Bloc 6.25 mg 3 Strip (10 Tablet/Strip) - Obat Rutin,https://d2qjkwm11akmwu.cloudfront.net/thumbnails/765146_20-7-2023_10-5-5.png,medicine,b2c,1,active,149400.00,55800.00,0.00,54000.00,111200.00,0.09,1,"2023-10-03 00:00:00","2023-10-10 00:00:00",0,"[""tablet""]","[{""type"":""thumbnail_url"",""extension"":""webp"",""url"":""https://d2qjkwm11akmwu.cloudfront.net/thumbnails/765146_20-7-2023_10-5-5.webp""},{""type"":""image_url"",""extension"":""webp"",""url"":""https://d2qjkwm11akmwu.cloudfront.net/products/384578_20-7-2023_10-5-0.webp""},{""type"":""image_url"",""extension"":""png"",""url"":""https://d2qjkwm11akmwu.cloudfront.net/products/384578_20-7-2023_10-5-0.png""},{""type"":""thumbnail_url"",""extension"":""png"",""url"":""https://d2qjkwm11akmwu.cloudfront.net/thumbnails/765146_20-7-2023_10-5-5.png""}]","3cb9fc94-328f-4325-aa11-8acdbeb2a747",0,1,0,0.00,0.00,,
174,"2023-05-29 09:53:57",Dev,"2024-07-16 14:52:16",CC Token,"375a1fb3-cda3-4695-bf06-63de5a469ed9","0",BISAGRATISONGKIR,45122,4812746,3360,"2023-04-03 13:00:00","2023-12-31 23:59:00",delayed_instant,"376708cf-e01e-4620-a5cf-54b9a1588316,1963798f-8e06-4aa0-bda9-eb794e85a3ee,b44c5b7e-b844-4105-acb8-858aaca5f8d8,49c1f3e0-4252-48c7-a007-8fd58e0fce42,217d7de6-0412-4ebc-96df-2d8cfddd99e0,59c8f490-a9f0-497f-97e5-a0b175c23168,7e56512f-c4ed-490b-be84-d2fd21b1180c,ed1ac092-8663-42e2-96d1-d2af62267ad4,a561bd82-f0ef-45dd-bb79-85c5b0f00fc2,ba7166a7-537a-4cfc-a27a-6642dd6764d8,07c03415-0d69-4c43-bc4a-d8a9ee0e3c7e,d7dbdc3c-0b3c-4be4-80eb-daad1e3dedd5,bfa2728f-1c97-4335-8547-1df04059a35b,de59f903-d42f-4640-92b5-0b8415bd7e1b,535d9556-fd19-468f-850b-5b01bff28c15,c1b2332b-644c-44a2-a878-0bf9c37e29b1,c21968b7-cc5a-43f8-8e33-552d89ce5846,ef63202b-ae39-4645-b570-c72ea02b7412,37eb40ff-cce3-4de6-b839-9cb5445a470f,74fcb9d1-a7b7-4672-ac7f-a1b62d8912a0,7976b31b-63fb-401e-87cc-c6e81ee7b5fd,2d190978-db01-4027-8b05-bb7e16aa524f,484583cd-a5cc-40c6-bf9d-31ca6038400a,eac848f9-b84c-44f8-85b7-faaa345a11e2",0.00,200,"2023-05-29 09:53:57",Dev,"2023-07-17 16:39:14",SELF,update_status_coupon_end_time_task_id,a9e6e94d-f3e8-4997-b7e4-0e9b4270d73f,174,45122,"2020-11-18 14:00:17",Dev,"2025-03-04 14:33:41",CC Token,c3fe4f5e-2e83-4d64-b73c-119a9b776f45,225900.00,IDR,https://d2qjkwm11akmwu.cloudfront.net/products/400342_12-7-2023_16-54-24.png,196,"Informasi terlengkap tentang GLUCOPHAGE 500 MG 100 TABLET - OBAT RUTIN. Komposisi, Fungsi, Kegunaan, Ulasan, Efek Samping, Indikasi, Aturan Pakai, dan Dosis.","20220331, Diabetes, Melitus, Originatory, Metformin, DM, Kencing Manis, Obat Rutin, Subscriptions, Subscription, Langganan, Routine Medicines-Diabetes-3MP [Diabetes] [[diabetescarepage]] ||ETHICAL PRODUCT ||NCD [[pilihanobatdiabetes]] [[obatpilihanwdd2022]] ||T2K, ||T3K [[hargapastiobatrutin]][[ncdgratisongkir]] [[bisagratisongkir]] [[pastigratisongkir]] [[orangtuasehat3]] [[obatrutingaspol]] [[hemborotc]] [[wdd2023]]",Glucophage 500 mg 10 Strip (10 Tablet/Strip) - Obat Rutin,https://d2qjkwm11akmwu.cloudfront.net/thumbnails/497411_12-7-2023_16-54-32.png,medicine,b2c,0,inactive,267000.00,158400.00,0.00,150100.00,225900.00,0.09,0,,,,"[""tablet""]","[{""type"":""thumbnail_url"",""extension"":""png"",""url"":""https://d2qjkwm11akmwu.cloudfront.net/thumbnails/497411_12-7-2023_16-54-32.png""},{""type"":""image_url"",""extension"":""png"",""url"":""https://d2qjkwm11akmwu.cloudfront.net/products/400342_12-7-2023_16-54-24.png""},{""type"":""image_url"",""extension"":""webp"",""url"":""https://d2qjkwm11akmwu.cloudfront.net/products/400342_12-7-2023_16-54-24.webp""},{""type"":""thumbnail_url"",""extension"":""webp"",""url"":""https://d2qjkwm11akmwu.cloudfront.net/thumbnails/497411_12-7-2023_16-54-32.webp""}]",b0dc803a-3007-4f18-8b38-0f6159602fcc,0,1,0,0.00,0.00,,
175,"2023-05-29 09:53:57",Dev,"2024-09-13 17:12:33",CC Token,"311afd2f-cdb9-4d93-9833-1f9a3d8bf73a","0",BISAGRATISONGKIR,43922,4812746,3360,"2023-04-03 13:00:00","2023-12-31 23:59:00",delayed_instant,"376708cf-e01e-4620-a5cf-54b9a1588316,1963798f-8e06-4aa0-bda9-eb794e85a3ee,b44c5b7e-b844-4105-acb8-858aaca5f8d8,49c1f3e0-4252-48c7-a007-8fd58e0fce42,217d7de6-0412-4ebc-96df-2d8cfddd99e0,59c8f490-a9f0-497f-97e5-a0b175c23168,7e56512f-c4ed-490b-be84-d2fd21b1180c,ed1ac092-8663-42e2-96d1-d2af62267ad4,a561bd82-f0ef-45dd-bb79-85c5b0f00fc2,ba7166a7-537a-4cfc-a27a-6642dd6764d8,07c03415-0d69-4c43-bc4a-d8a9ee0e3c7e,d7dbdc3c-0b3c-4be4-80eb-daad1e3dedd5,bfa2728f-1c97-4335-8547-1df04059a35b,de59f903-d42f-4640-92b5-0b8415bd7e1b,535d9556-fd19-468f-850b-5b01bff28c15,c1b2332b-644c-44a2-a878-0bf9c37e29b1,c21968b7-cc5a-43f8-8e33-552d89ce5846,ef63202b-ae39-4645-b570-c72ea02b7412,37eb40ff-cce3-4de6-b839-9cb5445a470f,74fcb9d1-a7b7-4672-ac7f-a1b62d8912a0,7976b31b-63fb-401e-87cc-c6e81ee7b5fd,2d190978-db01-4027-8b05-bb7e16aa524f,484583cd-a5cc-40c6-bf9d-31ca6038400a,eac848f9-b84c-44f8-85b7-faaa345a11e2",0.00,201,"2023-05-29 09:53:57",Dev,"2023-07-17 16:39:14",SELF,update_status_coupon_end_time_task_id,bfb52425-e65d-416d-821f-c239e9d6d73e,175,43922,"2020-09-29 12:29:38",Dev,"2025-07-25 02:06:26",SELF,"7502a2ae-118f-474a-aee8-19e2adf389de",280800.00,IDR,https://d2qjkwm11akmwu.cloudfront.net/products/536677_5-5-2023_19-49-18.png,278,"Temukan informasi lengkap Lasix 40 mg 3 Strip (10 Tablet/Strip) - Obat Rutin di Halodoc. Beli Lasix 40 mg 3 Strip (10 Tablet/Strip) - Obat Rutin 1 Jam Sampai, Dikirim dari Apotek Tepercaya, Buka 24 Jam*","20250527, QAT-0920, Edema, Jantung, Hati, Ginjal, perifer, obstruksi, mekanik, insufisiensi, vena, Hipertensi, Branded Generic, Furosemid 40, Obat Rutin, Routine Medicines, ?Subscriptions, Subscription, Langganan [Heart Diseases] ||ETHICAL PRODUCT ||NCD ||T3K [[hargapastiobatrutin]][[ncdgratisongkir]] [[bisagratisongkir]] [[pastigratisongkir]] [[orangtuasehat2]] [[obatrutingaspol]] [[hemborotc]] [[gaspoljantung]]",Lasix 40 mg 3 Strip (10 Tablet/Strip) - Obat Rutin,https://d2qjkwm11akmwu.cloudfront.net/thumbnails/571242_5-5-2023_19-49-27.png,medicine,b2c,1,active,295800.00,170500.00,0.00,165000.00,252300.00,0.09,0,,,,"[""tablet""]","[{""type"":""thumbnail_url"",""extension"":""png"",""url"":""https://d2qjkwm11akmwu.cloudfront.net/thumbnails/571242_5-5-2023_19-49-27.png""},{""type"":""image_url"",""extension"":""png"",""url"":""https://d2qjkwm11akmwu.cloudfront.net/products/536677_5-5-2023_19-49-18.png""},{""type"":""image_url"",""extension"":""webp"",""url"":""https://d2qjkwm11akmwu.cloudfront.net/products/536677_5-5-2023_19-49-18.webp""},{""type"":""thumbnail_url"",""extension"":""webp"",""url"":""https://d2qjkwm11akmwu.cloudfront.net/thumbnails/571242_5-5-2023_19-49-27.webp""}]","1b307a65-136f-402b-a03a-e7505d3a3f3b",0,1,0,0.00,0.00,,
176,"2023-05-29 09:53:57",Dev,"2023-07-17 16:39:14",SELF,"2f59c4a5-9024-432d-bb4a-ea92a6c62d49","0",BISAGRATISONGKIR,37577,4812746,3360,"2023-04-03 13:00:00","2023-12-31 23:59:00",delayed_instant,"376708cf-e01e-4620-a5cf-54b9a1588316,b44c5b7e-b844-4105-acb8-858aaca5f8d8,49c1f3e0-4252-48c7-a007-8fd58e0fce42,ed1ac092-8663-42e2-96d1-d2af62267ad4,a561bd82-f0ef-45dd-bb79-85c5b0f00fc2,c1b2332b-644c-44a2-a878-0bf9c37e29b1,37eb40ff-cce3-4de6-b839-9cb5445a470f,74fcb9d1-a7b7-4672-ac7f-a1b62d8912a0,7976b31b-63fb-401e-87cc-c6e81ee7b5fd,484583cd-a5cc-40c6-bf9d-31ca6038400a,1963798f-8e06-4aa0-bda9-eb794e85a3ee,217d7de6-0412-4ebc-96df-2d8cfddd99e0,59c8f490-a9f0-497f-97e5-a0b175c23168,7e56512f-c4ed-490b-be84-d2fd21b1180c,ba7166a7-537a-4cfc-a27a-6642dd6764d8,07c03415-0d69-4c43-bc4a-d8a9ee0e3c7e,d7dbdc3c-0b3c-4be4-80eb-daad1e3dedd5,bfa2728f-1c97-4335-8547-1df04059a35b,de59f903-d42f-4640-92b5-0b8415bd7e1b,535d9556-fd19-468f-850b-5b01bff28c15,c21968b7-cc5a-43f8-8e33-552d89ce5846,ef63202b-ae39-4645-b570-c72ea02b7412,2d190978-db01-4027-8b05-bb7e16aa524f,eac848f9-b84c-44f8-85b7-faaa345a11e2",0.00,202,"2023-05-29 09:53:57",Dev,"2023-09-26 10:41:00",CC Token,update_status_coupon_end_time_task_id,cc1f1b8c-afdc-4dfc-8f75-db6e5b84f594,176,37577,"2020-04-05 18:17:18",Dev,"2025-07-25 02:05:46",SELF,"8d0730c9-5354-4fb8-a349-aa6b39d6de67",237600.00,IDR,https://d2qjkwm11akmwu.cloudfront.net/products/208059_20-7-2023_10-3-51.png,41,"Temukan informasi lengkap Tensivask 5 mg 3 Strip (10 Tablet/Strip) - Obat Rutin di Halodoc. Beli Tensivask 5 mg 3 Strip (10 Tablet/Strip) - Obat Rutin 1 Jam Sampai, Dikirim dari Apotek Tepercaya, Buka 24 Jam*","20250116, QAT-1020, Obat rutin NCD, Routine medicines, Subscriptions, Subscription, Langganan [Hypertension] ||ETHICAL PRODUCT ||NCD [[obatrutincaregiver]] ||T2K, ||T3K [[hargapastiobatrutin]][[ncdgratisongkir]] [[bisagratisongkir]] [[pastigratisongkir]] [[orangtuasehat1]] [[obatrutingaspol]] [[hemborotc]][[ncdpilihan]]",Tensivask 5 mg 3 Strip (10 Tablet/Strip) - Obat Rutin,https://d2qjkwm11akmwu.cloudfront.net/thumbnails/751262_20-7-2023_10-3-58.png,medicine,b2c,1,active,251700.00,98300.00,0.01,95100.00,216300.00,0.09,1,"2023-09-26 00:00:00","2023-10-03 00:00:00",0,"[""tablet""]","[{""type"":""image_url"",""extension"":""png"",""url"":""https://d2qjkwm11akmwu.cloudfront.net/products/208059_20-7-2023_10-3-51.png""},{""type"":""thumbnail_url"",""extension"":""png"",""url"":""https://d2qjkwm11akmwu.cloudfront.net/thumbnails/751262_20-7-2023_10-3-58.png""},{""type"":""thumbnail_url"",""extension"":""webp"",""url"":""https://d2qjkwm11akmwu.cloudfront.net/thumbnails/751262_20-7-2023_10-3-58.webp""},{""type"":""image_url"",""extension"":""webp"",""url"":""https://d2qjkwm11akmwu.cloudfront.net/products/208059_20-7-2023_10-3-51.webp""}]","680c2878-99d3-41cb-937a-8f426138d840",0,1,0,0.00,0.00,,
177,"2023-05-29 09:53:58",Dev,"2024-07-22 11:33:35",CC Token,bc4b4981-f5b4-4930-b5b8-ac2973e3617f,"0",BISAGRATISONGKIR,42583,4812746,3360,"2023-04-03 13:00:00","2023-12-31 23:59:00",delayed_instant,"376708cf-e01e-4620-a5cf-54b9a1588316,1963798f-8e06-4aa0-bda9-eb794e85a3ee,b44c5b7e-b844-4105-acb8-858aaca5f8d8,49c1f3e0-4252-48c7-a007-8fd58e0fce42,217d7de6-0412-4ebc-96df-2d8cfddd99e0,59c8f490-a9f0-497f-97e5-a0b175c23168,7e56512f-c4ed-490b-be84-d2fd21b1180c,ed1ac092-8663-42e2-96d1-d2af62267ad4,a561bd82-f0ef-45dd-bb79-85c5b0f00fc2,ba7166a7-537a-4cfc-a27a-6642dd6764d8,07c03415-0d69-4c43-bc4a-d8a9ee0e3c7e,d7dbdc3c-0b3c-4be4-80eb-daad1e3dedd5,bfa2728f-1c97-4335-8547-1df04059a35b,de59f903-d42f-4640-92b5-0b8415bd7e1b,535d9556-fd19-468f-850b-5b01bff28c15,c1b2332b-644c-44a2-a878-0bf9c37e29b1,c21968b7-cc5a-43f8-8e33-552d89ce5846,ef63202b-ae39-4645-b570-c72ea02b7412,37eb40ff-cce3-4de6-b839-9cb5445a470f,74fcb9d1-a7b7-4672-ac7f-a1b62d8912a0,7976b31b-63fb-401e-87cc-c6e81ee7b5fd,2d190978-db01-4027-8b05-bb7e16aa524f,484583cd-a5cc-40c6-bf9d-31ca6038400a,eac848f9-b84c-44f8-85b7-faaa345a11e2",0.00,203,"2023-05-29 09:53:58",Dev,"2023-09-05 11:17:03",CC Token,update_status_coupon_end_time_task_id,"8b6b99c4-ee67-4650-aea4-9cee931dcee8",177,42583,"2020-07-03 13:12:40",Dev,"2025-07-25 02:06:17",SELF,"4f852bbc-c690-442e-a9d5-81622eeaf7e5",317000.00,IDR,https://d2qjkwm11akmwu.cloudfront.net/products/416918_20-7-2023_10-11-50.png,561,"PLATOGRIX 75 MG 28 TABLET - OBAT RUTIN. Informasi terlengkap tentang. Komposisi, Fungsi, Kegunaan, Ulasan, Efek Samping, Indikasi, Aturan Pakai, dan Dosis.","20250714, QAT-0920, Generik, Generic, hipertensi, iskemia, jantung koroner, Amlodipine, norvask, tensivask, exforge, divask, cardisan, twynsta, a-b vask, hexavask, actapin, amcor, lovask, caduet, amlogal, intervask, normetec, Routine medicines, Subscription, Subscriptions, Langganan [Heart Diseases] ||T1 ||F1 ||G1 ||TQ3 ||CHC ||NOD4P ||MDC ||H4MRI ||ETHICAL PRODUCT ||NCD ||T3K [[hargapastiobatrutin]][[ncdgratisongkir]] [[bisagratisongkir]] [[pastigratisongkir]] [[orangtuasehat2]] [[obatrutingaspol]] [[hemborotc]]",Platogrix 75 mg 2 Strip (14 Tablet/Strip) - Obat Rutin,https://d2qjkwm11akmwu.cloudfront.net/thumbnails/441028_20-7-2023_10-11-59.png,medicine,b2c,1,active,371100.00,144700.00,0.00,140000.00,306800.00,0.09,0,,,,"[""tablet""]","[{""type"":""image_url"",""extension"":""webp"",""url"":""https://d2qjkwm11akmwu.cloudfront.net/products/416918_20-7-2023_10-11-50.webp""},{""type"":""thumbnail_url"",""extension"":""png"",""url"":""https://d2qjkwm11akmwu.cloudfront.net/thumbnails/441028_20-7-2023_10-11-59.png""},{""type"":""image_url"",""extension"":""png"",""url"":""https://d2qjkwm11akmwu.cloudfront.net/products/416918_20-7-2023_10-11-50.png""},{""type"":""thumbnail_url"",""extension"":""webp"",""url"":""https://d2qjkwm11akmwu.cloudfront.net/thumbnails/441028_20-7-2023_10-11-59.webp""}]",e4bdc312-a0c4-4d75-b290-7849151bdf77,0,1,0,0.00,0.00,,
178,"2023-05-29 09:53:58",Dev,"2023-07-17 16:39:15",SELF,"9b0de93d-a00c-4c4e-8ade-26a19e6f0895","0",BISAGRATISONGKIR,37580,4812746,3360,"2023-04-03 13:00:00","2023-12-31 23:59:00",delayed_instant,"376708cf-e01e-4620-a5cf-54b9a1588316,b44c5b7e-b844-4105-acb8-858aaca5f8d8,49c1f3e0-4252-48c7-a007-8fd58e0fce42,ed1ac092-8663-42e2-96d1-d2af62267ad4,a561bd82-f0ef-45dd-bb79-85c5b0f00fc2,c1b2332b-644c-44a2-a878-0bf9c37e29b1,37eb40ff-cce3-4de6-b839-9cb5445a470f,74fcb9d1-a7b7-4672-ac7f-a1b62d8912a0,7976b31b-63fb-401e-87cc-c6e81ee7b5fd,484583cd-a5cc-40c6-bf9d-31ca6038400a,1963798f-8e06-4aa0-bda9-eb794e85a3ee,217d7de6-0412-4ebc-96df-2d8cfddd99e0,59c8f490-a9f0-497f-97e5-a0b175c23168,7e56512f-c4ed-490b-be84-d2fd21b1180c,ba7166a7-537a-4cfc-a27a-6642dd6764d8,07c03415-0d69-4c43-bc4a-d8a9ee0e3c7e,d7dbdc3c-0b3c-4be4-80eb-daad1e3dedd5,bfa2728f-1c97-4335-8547-1df04059a35b,de59f903-d42f-4640-92b5-0b8415bd7e1b,535d9556-fd19-468f-850b-5b01bff28c15,c21968b7-cc5a-43f8-8e33-552d89ce5846,ef63202b-ae39-4645-b570-c72ea02b7412,2d190978-db01-4027-8b05-bb7e16aa524f,eac848f9-b84c-44f8-85b7-faaa345a11e2",0.00,204,"2023-05-29 09:53:58",Dev,"2023-09-22 16:51:22",CC Token,update_status_coupon_end_time_task_id,"944e06ec-1c5c-4245-be38-7df381886c6a",178,37580,"2020-04-05 18:17:19",Dev,"2025-07-17 14:11:52",Dev,"05eb3b5b-ee18-46d7-8334-617634d29b83",350600.00,IDR,https://d2qjkwm11akmwu.cloudfront.net/products/133168_8-5-2023_15-0-25.png,41,"Informasi terlengkap tentang TRAJENTA DUO 2.5 MG/1000 MG 30 TABLET - OBAT RUTIN. Komposisi, Fungsi, Kegunaan, Ulasan, Efek Samping, Indikasi, Aturan Pakai, dan Dosis.","20220331, Obat rutin NCD, Routine medicines,   [Diabetes] [[diabetescarepage]] ||ETHICAL PRODUCT ||NCD [[pilihanobatdiabetes]] [[obatpilihanwdd2022]] ||T3K [[hargapastiobatrutin]] [[obatrutingaspol]]",Trajenta Duo 2.5 mg/1000 mg 3 Strip (10 Tablet/Strip) - Obat Rutin,https://d2qjkwm11akmwu.cloudfront.net/thumbnails/861311_8-5-2023_15-0-40.png,medicine,b2c,0,inactive,431400.00,283700.00,0.00,252000.00,343900.00,0.09,0,"2020-04-06 22:03:59","2020-04-06 22:03:59",0,"[""tablet""]","[{""type"":""thumbnail_url"",""extension"":""webp"",""url"":""https://d2qjkwm11akmwu.cloudfront.net/thumbnails/861311_8-5-2023_15-0-40.webp""},{""type"":""image_url"",""extension"":""webp"",""url"":""https://d2qjkwm11akmwu.cloudfront.net/products/133168_8-5-2023_15-0-25.webp""},{""type"":""thumbnail_url"",""extension"":""png"",""url"":""https://d2qjkwm11akmwu.cloudfront.net/thumbnails/861311_8-5-2023_15-0-40.png""},{""type"":""image_url"",""extension"":""png"",""url"":""https://d2qjkwm11akmwu.cloudfront.net/products/133168_8-5-2023_15-0-25.png""}]",,0,1,0,0.00,0.00,,
179,"2023-05-29 09:53:58",Dev,"2023-07-17 16:39:15",SELF,"82ddda5e-0a56-463e-bde3-30deffc2656d","0",BISAGRATISONGKIR,43428,4812746,3360,"2023-04-03 13:00:00","2023-12-31 23:59:00",delayed_instant,"376708cf-e01e-4620-a5cf-54b9a1588316,b44c5b7e-b844-4105-acb8-858aaca5f8d8,49c1f3e0-4252-48c7-a007-8fd58e0fce42,ed1ac092-8663-42e2-96d1-d2af62267ad4,a561bd82-f0ef-45dd-bb79-85c5b0f00fc2,c1b2332b-644c-44a2-a878-0bf9c37e29b1,37eb40ff-cce3-4de6-b839-9cb5445a470f,74fcb9d1-a7b7-4672-ac7f-a1b62d8912a0,7976b31b-63fb-401e-87cc-c6e81ee7b5fd,484583cd-a5cc-40c6-bf9d-31ca6038400a,1963798f-8e06-4aa0-bda9-eb794e85a3ee,217d7de6-0412-4ebc-96df-2d8cfddd99e0,59c8f490-a9f0-497f-97e5-a0b175c23168,7e56512f-c4ed-490b-be84-d2fd21b1180c,ba7166a7-537a-4cfc-a27a-6642dd6764d8,07c03415-0d69-4c43-bc4a-d8a9ee0e3c7e,d7dbdc3c-0b3c-4be4-80eb-daad1e3dedd5,bfa2728f-1c97-4335-8547-1df04059a35b,de59f903-d42f-4640-92b5-0b8415bd7e1b,535d9556-fd19-468f-850b-5b01bff28c15,c21968b7-cc5a-43f8-8e33-552d89ce5846,ef63202b-ae39-4645-b570-c72ea02b7412,2d190978-db01-4027-8b05-bb7e16aa524f,eac848f9-b84c-44f8-85b7-faaa345a11e2",0.00,205,"2023-05-29 09:53:58",Dev,"2023-08-29 13:31:19",CC Token,update_status_coupon_end_time_task_id,"8c561f02-6b82-48ea-ba54-b2f17866d183",179,43428,"2020-08-18 10:49:27",Dev,"2025-07-17 14:12:03",Dev,"02a131c7-48d8-44d1-ac00-a544bb96bfdc",160000.00,IDR,https://d2qjkwm11akmwu.cloudfront.net/products/756933_21-7-2023_11-11-18.png,302,"Informasi terlengkap tentang Imboost Force Cough 30 Tablet - Hemat Borongan . Komposisi, Fungsi, Kegunaan, Ulasan, Efek Samping, Indikasi, Aturan Pakai, dan Dosis.","20230720, QAT-0322, Lebih-Hemat [[Hematboronganvit]] [[hematborongan]] [[vitamin1010]] ||T3K [[halodocannivevit]] [[gaspolvitamin]][[bisagratisongkir]] [[bisagratisongkir]] [[hembormultivit]] [[hemborvit]]",Imboost Force Cough 2 Strip (10 Kaplet/Strip) - Hemat Borongan,https://d2qjkwm11akmwu.cloudfront.net/thumbnails/644381_21-7-2023_11-11-27.png,medicine,b2c,0,inactive,213800.00,155000.00,0.00,128000.00,155000.00,0.09,0,,,,"[""tablet""]","[{""type"":""image_url"",""extension"":""webp"",""url"":""https://d2qjkwm11akmwu.cloudfront.net/products/756933_21-7-2023_11-11-18.webp""},{""type"":""thumbnail_url"",""extension"":""webp"",""url"":""https://d2qjkwm11akmwu.cloudfront.net/thumbnails/644381_21-7-2023_11-11-27.webp""},{""type"":""image_url"",""extension"":""png"",""url"":""https://d2qjkwm11akmwu.cloudfront.net/products/756933_21-7-2023_11-11-18.png""},{""type"":""thumbnail_url"",""extension"":""png"",""url"":""https://d2qjkwm11akmwu.cloudfront.net/thumbnails/644381_21-7-2023_11-11-27.png""}]",,0,1,0,0.00,0.00,,
180,"2023-05-29 09:53:59",Dev,"2023-07-17 16:39:15",SELF,"7f2c0075-e052-446c-9a70-fd1745f70cd3","0",BISAGRATISONGKIR,43672,4812746,3360,"2023-04-03 13:00:00","2023-12-31 23:59:00",delayed_instant,"376708cf-e01e-4620-a5cf-54b9a1588316,b44c5b7e-b844-4105-acb8-858aaca5f8d8,49c1f3e0-4252-48c7-a007-8fd58e0fce42,ed1ac092-8663-42e2-96d1-d2af62267ad4,a561bd82-f0ef-45dd-bb79-85c5b0f00fc2,c1b2332b-644c-44a2-a878-0bf9c37e29b1,37eb40ff-cce3-4de6-b839-9cb5445a470f,74fcb9d1-a7b7-4672-ac7f-a1b62d8912a0,7976b31b-63fb-401e-87cc-c6e81ee7b5fd,484583cd-a5cc-40c6-bf9d-31ca6038400a,1963798f-8e06-4aa0-bda9-eb794e85a3ee,217d7de6-0412-4ebc-96df-2d8cfddd99e0,59c8f490-a9f0-497f-97e5-a0b175c23168,7e56512f-c4ed-490b-be84-d2fd21b1180c,ba7166a7-537a-4cfc-a27a-6642dd6764d8,07c03415-0d69-4c43-bc4a-d8a9ee0e3c7e,d7dbdc3c-0b3c-4be4-80eb-daad1e3dedd5,bfa2728f-1c97-4335-8547-1df04059a35b,de59f903-d42f-4640-92b5-0b8415bd7e1b,535d9556-fd19-468f-850b-5b01bff28c15,c21968b7-cc5a-43f8-8e33-552d89ce5846,ef63202b-ae39-4645-b570-c72ea02b7412,2d190978-db01-4027-8b05-bb7e16aa524f,eac848f9-b84c-44f8-85b7-faaa345a11e2",0.00,206,"2023-05-29 09:53:59",Dev,"2023-09-25 16:09:15",CC Token,update_status_coupon_end_time_task_id,ec2355d4-2e4d-4802-9b10-4b03b6a67d7e,180,43672,"2020-08-28 11:03:45",Dev,"2025-07-25 02:06:25",SELF,d27c53f1-5810-4ffa-adf6-603ad04c4ff9,159100.00,IDR,https://d2qjkwm11akmwu.cloudfront.net/products/403364_15-9-2023_9-59-21.png,302,"Temukan informasi lengkap Imboost Force 2 Strip (10 Kaplet/Strip) - Hemat Borongan di Halodoc. Beli Imboost Force 2 Strip (10 Kaplet/Strip) - Hemat Borongan 1 Jam Sampai, Dikirim dari Apotek Tepercaya, Buka 24 Jam*","20240701, QAT-1222, Echinacea, ecinase, Echinache, Esinase, ekinacea, Lebih-Hemat, ||M4I [[Hematboronganvit]] [[hematborongan]] [[multivitaminpilihan]] ||T1K||T2K, ||T3K [[vitaminmenjagapasangan]] [[halodocannivevit]] [[gaspolvitamin]] [[Covid-19 Care]][[bisagratisongkir]] [[bisagratisongkir]] [[hembormultivit]] [[parentsvitamin]] [[hemborvitamin]] [[hemborvit]] [[vitaminkeluarga]] [[jagacovid]] imboost effervescent , imunos [[halodocny]] [[hembor2024]][[puasaimunitas]], [[puasa2024]] [[annivvitaminimun]] [[cuacapanas]] [[hmpvobat]] [[imunvitamin]] [[hdcoin]],[[hdpuasaimun]] [[crmvitamin]] [[hdvitkeluarga]] [[hdvitimun]]",Imboost Force 2 Strip (10 Kaplet/Strip) - Hemat Borongan,https://d2qjkwm11akmwu.cloudfront.net/thumbnails/349775_15-9-2023_9-59-34.png,medicine,b2c,1,active,184000.00,159100.00,0.04,116000.00,159100.00,0.09,1,"2023-09-25 00:00:00","2023-10-03 00:00:00",0,"[""tablet""]","[{""type"":""image_url"",""extension"":""webp"",""url"":""https://d2qjkwm11akmwu.cloudfront.net/products/403364_15-9-2023_9-59-21.webp""},{""type"":""image_url"",""extension"":""png"",""url"":""https://d2qjkwm11akmwu.cloudfront.net/products/403364_15-9-2023_9-59-21.png""},{""type"":""thumbnail_url"",""extension"":""webp"",""url"":""https://d2qjkwm11akmwu.cloudfront.net/thumbnails/349775_15-9-2023_9-59-34.webp""},{""type"":""thumbnail_url"",""extension"":""png"",""url"":""https://d2qjkwm11akmwu.cloudfront.net/thumbnails/349775_15-9-2023_9-59-34.png""}]","75e5624a-5721-4519-9797-d93b798252f3",0,1,1,159100.00,142900.00,,
181,"2023-05-29 09:53:59",Dev,"2023-07-17 16:39:15",SELF,"69c55ec5-2959-4673-8303-b800a4f20b69","0",BISAGRATISONGKIR,43347,4812746,3360,"2023-04-03 13:00:00","2023-12-31 23:59:00",delayed_instant,"376708cf-e01e-4620-a5cf-54b9a1588316,b44c5b7e-b844-4105-acb8-858aaca5f8d8,49c1f3e0-4252-48c7-a007-8fd58e0fce42,ed1ac092-8663-42e2-96d1-d2af62267ad4,a561bd82-f0ef-45dd-bb79-85c5b0f00fc2,c1b2332b-644c-44a2-a878-0bf9c37e29b1,37eb40ff-cce3-4de6-b839-9cb5445a470f,74fcb9d1-a7b7-4672-ac7f-a1b62d8912a0,7976b31b-63fb-401e-87cc-c6e81ee7b5fd,484583cd-a5cc-40c6-bf9d-31ca6038400a,1963798f-8e06-4aa0-bda9-eb794e85a3ee,217d7de6-0412-4ebc-96df-2d8cfddd99e0,59c8f490-a9f0-497f-97e5-a0b175c23168,7e56512f-c4ed-490b-be84-d2fd21b1180c,ba7166a7-537a-4cfc-a27a-6642dd6764d8,07c03415-0d69-4c43-bc4a-d8a9ee0e3c7e,d7dbdc3c-0b3c-4be4-80eb-daad1e3dedd5,bfa2728f-1c97-4335-8547-1df04059a35b,de59f903-d42f-4640-92b5-0b8415bd7e1b,535d9556-fd19-468f-850b-5b01bff28c15,c21968b7-cc5a-43f8-8e33-552d89ce5846,ef63202b-ae39-4645-b570-c72ea02b7412,2d190978-db01-4027-8b05-bb7e16aa524f,eac848f9-b84c-44f8-85b7-faaa345a11e2",0.00,207,"2023-05-29 09:53:59",Dev,"2023-11-14 09:22:02",CC Token,update_status_coupon_end_time_task_id,"54370e9e-af05-41c2-98b5-bba6d10dbebb",181,43347,"2020-08-18 10:49:04",Dev,"2025-07-23 14:53:50",Dev,"01839f74-de82-4a97-9991-b848f334d071",119900.00,IDR,https://d2qjkwm11akmwu.cloudfront.net/products/482958_5-5-2023_20-38-48.jpeg,302,"Informasi terlengkap tentang Imboost Kids Sirup 120 ml 2 Botol - Hemat Borongan . Komposisi, Fungsi, Kegunaan, Ulasan, Efek Samping, Indikasi, Aturan Pakai, dan Dosis.","20240325, Echinacea, ecinase, Echinache, Esinase, ekinacea, Lebih-Hemat, ||M4I [[hematborongan]] [[independencevit]] [[vitaminpilihan]] [[hemborvitamin]] [[vitaminpilihan]] ||VerifiedKemenkes ||verifiedkemenkes-sirupsuplemen [[rekomendasivitsirup]] [[vitaminsiruphembor]] [[untukanak]] [[vitaminmenjagapasangan]] [[halodocannivevit]] [[gaspolvitamin]][[bisagratisongkir]] [[bisagratisongkir]] [[hembormomandkidsvit]] [[supplementanak]] [[hemborvit]] [[hembor2024]][[puasaimunitas]], [[puasa2024]] [[annivvitaminimun]] [[tentanganak]]",Imboost Kids Sirup 120 ml 2 Botol - Hemat Borongan,https://d2qjkwm11akmwu.cloudfront.net/thumbnails/23442_5-5-2023_20-38-52.png,medicine,b2c,1,active,142000.00,119900.00,0.00,99900.00,119900.00,0.09,0,,,,"[""ml"",""measuring_spoon_10ml"",""measuring_spoon_15ml"",""measuring_spoon_5ml""]","[{""type"":""thumbnail_url"",""extension"":""webp"",""url"":""https://d2qjkwm11akmwu.cloudfront.net/thumbnails/23442_5-5-2023_20-38-52.webp""},{""type"":""image_url"",""extension"":""webp"",""url"":""https://d2qjkwm11akmwu.cloudfront.net/products/482958_5-5-2023_20-38-48.webp""},{""type"":""image_url"",""extension"":""jpeg"",""url"":""https://d2qjkwm11akmwu.cloudfront.net/products/482958_5-5-2023_20-38-48.jpeg""},{""type"":""thumbnail_url"",""extension"":""png"",""url"":""https://d2qjkwm11akmwu.cloudfront.net/thumbnails/23442_5-5-2023_20-38-52.png""}]","72e7064b-57c3-4e75-bb9f-aa443612db0d",0,1,1,119900.00,115200.00,,
182,"2023-05-29 09:54:00",Dev,"2024-12-09 13:41:09",CC Token,"0a8625ba-b2e7-47e3-a9fe-9c1b13a8e89c","0",BISAGRATISONGKIR,43254,4812746,3360,"2023-04-03 13:00:00","2023-12-31 23:59:00",delayed_instant,"376708cf-e01e-4620-a5cf-54b9a1588316,1963798f-8e06-4aa0-bda9-eb794e85a3ee,b44c5b7e-b844-4105-acb8-858aaca5f8d8,49c1f3e0-4252-48c7-a007-8fd58e0fce42,217d7de6-0412-4ebc-96df-2d8cfddd99e0,59c8f490-a9f0-497f-97e5-a0b175c23168,7e56512f-c4ed-490b-be84-d2fd21b1180c,ed1ac092-8663-42e2-96d1-d2af62267ad4,a561bd82-f0ef-45dd-bb79-85c5b0f00fc2,ba7166a7-537a-4cfc-a27a-6642dd6764d8,07c03415-0d69-4c43-bc4a-d8a9ee0e3c7e,d7dbdc3c-0b3c-4be4-80eb-daad1e3dedd5,bfa2728f-1c97-4335-8547-1df04059a35b,de59f903-d42f-4640-92b5-0b8415bd7e1b,535d9556-fd19-468f-850b-5b01bff28c15,c1b2332b-644c-44a2-a878-0bf9c37e29b1,c21968b7-cc5a-43f8-8e33-552d89ce5846,ef63202b-ae39-4645-b570-c72ea02b7412,37eb40ff-cce3-4de6-b839-9cb5445a470f,74fcb9d1-a7b7-4672-ac7f-a1b62d8912a0,7976b31b-63fb-401e-87cc-c6e81ee7b5fd,2d190978-db01-4027-8b05-bb7e16aa524f,484583cd-a5cc-40c6-bf9d-31ca6038400a,eac848f9-b84c-44f8-85b7-faaa345a11e2",0.00,208,"2023-05-29 09:54:00",Dev,"2023-08-29 11:57:25",CC Token,update_status_coupon_end_time_task_id,"9c84319f-64ee-4759-9095-6eda5197f0b0",182,43254,"2020-08-18 10:48:37",Dev,"2025-07-25 02:11:52",SELF,"700532e9-9c43-4645-afcc-02fa3ef69739",69300.00,IDR,https://d2qjkwm11akmwu.cloudfront.net/products/371613_18-6-2025_10-56-33.png,171,"Temukan informasi lengkap Astria 4 mg 2 Strip (4 Kapsul/Strip) - Hemat Borongan di Halodoc. Beli Astria 4 mg 2 Strip (4 Kapsul/Strip) - Hemat Borongan 1 Jam Sampai, Dikirim dari Apotek Tepercaya, Buka 24 Jam*","20240126*, Lebih-Hemat, ||M4I [[Hematboronganvit]] [[hematborongan]] [[vitaminpilihan]] [[hemborvitamin]] [[vitamin]] [[vitaminpilihan]] [[vitaminbestdeals]][[bisagratisongkir]] [[bisagratisongkir]] [[gratisongkirvit]] [[parentsvitamin]] [[hembormomandkidsvit]] [[vitaminkulit]] [[vitaminkeluarga]] [[hembor2024]][[puasaimunitas]], [[puasa2024]] [[annivvitaminimun]] [[gaspolvitamin]] [[vitkulit]] [[suplemenlandson]] [[imunvitamin]] [[hdcoin]],[[hdpuasaimun]] [[pdskinvitamin]] [[skinlebaran]] [[hdslimglowing]] [[hdastriawulan]]",Astria 4 mg 2 Strip (4 Kapsul/Strip) - Hemat Borongan,https://d2qjkwm11akmwu.cloudfront.net/thumbnails/189307_18-6-2025_10-56-45.png,medicine,b2c,1,active,80000.00,69300.00,0.04,30000.00,69300.00,0.09,0,"2023-07-17 00:00:00","2023-07-24 00:00:00",0,"[""capsules""]","[{""type"":""image_url"",""extension"":""png"",""url"":""https://d2qjkwm11akmwu.cloudfront.net/products/371613_18-6-2025_10-56-33.png""},{""type"":""thumbnail_url"",""extension"":""png"",""url"":""https://d2qjkwm11akmwu.cloudfront.net/thumbnails/189307_18-6-2025_10-56-45.png""},{""type"":""image_url"",""extension"":""webp"",""url"":""https://d2qjkwm11akmwu.cloudfront.net/products/371613_18-6-2025_10-56-33.webp""},{""type"":""thumbnail_url"",""extension"":""webp"",""url"":""https://d2qjkwm11akmwu.cloudfront.net/thumbnails/189307_18-6-2025_10-56-45.webp""}]","37c50e55-b90a-4bf0-a520-4f7e475be177",0,1,1,69300.00,65100.00,,
183,"2023-05-29 09:54:00",Dev,"2024-09-23 12:51:46",CC Token,"4d307198-af45-45a1-8135-4320cbb7a164","0",BISAGRATISONGKIR,70411,4812746,3360,"2023-04-03 13:00:00","2023-12-31 23:59:00",delayed_instant,"376708cf-e01e-4620-a5cf-54b9a1588316,1963798f-8e06-4aa0-bda9-eb794e85a3ee,b44c5b7e-b844-4105-acb8-858aaca5f8d8,49c1f3e0-4252-48c7-a007-8fd58e0fce42,217d7de6-0412-4ebc-96df-2d8cfddd99e0,59c8f490-a9f0-497f-97e5-a0b175c23168,7e56512f-c4ed-490b-be84-d2fd21b1180c,ed1ac092-8663-42e2-96d1-d2af62267ad4,a561bd82-f0ef-45dd-bb79-85c5b0f00fc2,ba7166a7-537a-4cfc-a27a-6642dd6764d8,07c03415-0d69-4c43-bc4a-d8a9ee0e3c7e,d7dbdc3c-0b3c-4be4-80eb-daad1e3dedd5,bfa2728f-1c97-4335-8547-1df04059a35b,de59f903-d42f-4640-92b5-0b8415bd7e1b,535d9556-fd19-468f-850b-5b01bff28c15,c1b2332b-644c-44a2-a878-0bf9c37e29b1,c21968b7-cc5a-43f8-8e33-552d89ce5846,ef63202b-ae39-4645-b570-c72ea02b7412,37eb40ff-cce3-4de6-b839-9cb5445a470f,74fcb9d1-a7b7-4672-ac7f-a1b62d8912a0,7976b31b-63fb-401e-87cc-c6e81ee7b5fd,2d190978-db01-4027-8b05-bb7e16aa524f,484583cd-a5cc-40c6-bf9d-31ca6038400a,eac848f9-b84c-44f8-85b7-faaa345a11e2",0.00,209,"2023-05-29 09:54:00",Dev,"2023-07-18 09:35:20",CC Token,update_status_coupon_end_time_task_id,"99e26b96-f1c7-494a-8f99-33287c68c921",183,70411,"2022-09-08 16:53:19",Dev,"2025-07-25 02:19:42",SELF,"17dfa86f-4705-4d3c-bd45-b5dcf36baf8e",279900.00,IDR,https://d2qjkwm11akmwu.cloudfront.net/products/9989_8-5-2023_16-8-10.png,240,"Informasi terlengkap tentang Tebokan Spesial 2 Strip (10 Tablet/Strip) - Hemat Borongan. Komposisi, Fungsi, Kegunaan, Ulasan, Efek Samping, Indikasi, Aturan Pakai, dan Dosis.","20250603, Serebral, Pusing, Tinitus, Kepala, Defisit, Memori, ketidakstabilan, hati, terapi, servikal, arteri, perifer [[persediaanpuasa]] [[halodocannivevit]] [[vitlebaran]] [[gaspolvitamin]][[bisagratisongkir]] [[bisagratisongkir]] [[gratisongkirvit]] [[hembormultivit]] [[annivherbal]]",Tebokan Spesial 2 Strip (10 Tablet/Strip) - Hemat Borongan,https://d2qjkwm11akmwu.cloudfront.net/thumbnails/790817_8-5-2023_16-8-19.png,medicine,b2c,1,active,298000.00,279900.00,0.00,200400.00,279900.00,0.10,0,,,,"[""tablet""]","[{""type"":""thumbnail_url"",""extension"":""webp"",""url"":""https://d2qjkwm11akmwu.cloudfront.net/thumbnails/790817_8-5-2023_16-8-19.webp""},{""type"":""image_url"",""extension"":""png"",""url"":""https://d2qjkwm11akmwu.cloudfront.net/products/9989_8-5-2023_16-8-10.png""},{""type"":""image_url"",""extension"":""webp"",""url"":""https://d2qjkwm11akmwu.cloudfront.net/products/9989_8-5-2023_16-8-10.webp""},{""type"":""thumbnail_url"",""extension"":""png"",""url"":""https://d2qjkwm11akmwu.cloudfront.net/thumbnails/790817_8-5-2023_16-8-19.png""}]","4704da67-56f5-4745-bf26-b4941a51372a",0,1,1,279900.00,260000.00,,
184,"2023-05-29 09:54:01",Dev,"2024-07-30 12:48:43",CC Token,"4b2e56a9-a78d-4d29-ad3f-0a09b2d496b6","0",BISAGRATISONGKIR,70048,4812746,3360,"2023-04-03 13:00:00","2023-12-31 23:59:00",delayed_instant,"376708cf-e01e-4620-a5cf-54b9a1588316,1963798f-8e06-4aa0-bda9-eb794e85a3ee,b44c5b7e-b844-4105-acb8-858aaca5f8d8,49c1f3e0-4252-48c7-a007-8fd58e0fce42,217d7de6-0412-4ebc-96df-2d8cfddd99e0,59c8f490-a9f0-497f-97e5-a0b175c23168,7e56512f-c4ed-490b-be84-d2fd21b1180c,ed1ac092-8663-42e2-96d1-d2af62267ad4,a561bd82-f0ef-45dd-bb79-85c5b0f00fc2,ba7166a7-537a-4cfc-a27a-6642dd6764d8,07c03415-0d69-4c43-bc4a-d8a9ee0e3c7e,d7dbdc3c-0b3c-4be4-80eb-daad1e3dedd5,bfa2728f-1c97-4335-8547-1df04059a35b,de59f903-d42f-4640-92b5-0b8415bd7e1b,535d9556-fd19-468f-850b-5b01bff28c15,c1b2332b-644c-44a2-a878-0bf9c37e29b1,c21968b7-cc5a-43f8-8e33-552d89ce5846,ef63202b-ae39-4645-b570-c72ea02b7412,37eb40ff-cce3-4de6-b839-9cb5445a470f,74fcb9d1-a7b7-4672-ac7f-a1b62d8912a0,7976b31b-63fb-401e-87cc-c6e81ee7b5fd,2d190978-db01-4027-8b05-bb7e16aa524f,484583cd-a5cc-40c6-bf9d-31ca6038400a,eac848f9-b84c-44f8-85b7-faaa345a11e2",0.00,210,"2023-05-29 09:54:01",Dev,"2023-10-23 13:28:14",CC Token,update_status_coupon_end_time_task_id,a02f61d8-9b3a-4848-92c0-090a40ed649f,184,70048,"2022-08-31 15:43:59",Dev,"2025-07-25 02:10:34",SELF,"910753d8-9feb-46db-9d95-229579ac8758",408000.00,IDR,https://d2qjkwm11akmwu.cloudfront.net/products/2406_23-10-2023_13-27-30.png,1096,"Informasi terlengkap tentang Blackmores Natural E 250 IU 2 Botol (50 Kapsul/Botol) - Hemat Borongan. Komposisi, Fungsi, Kegunaan, Ulasan, Efek Samping, Indikasi, Aturan Pakai, dan Dosis.","20240213, blackmores, vitamin e, antioksidan, antiaging [[persediaanpuasa]] [[halodocannivevit]] [[vitlebaran]] [[gaspolvitamin]][[bisagratisongkir]] [[bisagratisongkir]] [[gratisongkirvit]] [[hembormultivit]] [[vitaminkulit]]  [[vitsupblackmores]]",Blackmores Natural E/ Bio E 250 IU 2 Botol (60 Kapsul/Botol) - Hemat Borongan,https://d2qjkwm11akmwu.cloudfront.net/thumbnails/871548_23-10-2023_13-28-12.png,medicine,b2c,1,active,504000.00,408000.00,0.00,278000.00,408000.00,0.10,0,,,,"[""capsules""]","[{""type"":""thumbnail_url"",""extension"":""png"",""url"":""https://d2qjkwm11akmwu.cloudfront.net/thumbnails/871548_23-10-2023_13-28-12.png""},{""type"":""image_url"",""extension"":""webp"",""url"":""https://d2qjkwm11akmwu.cloudfront.net/products/2406_23-10-2023_13-27-30.webp""},{""type"":""thumbnail_url"",""extension"":""webp"",""url"":""https://d2qjkwm11akmwu.cloudfront.net/thumbnails/871548_23-10-2023_13-28-12.webp""},{""type"":""image_url"",""extension"":""png"",""url"":""https://d2qjkwm11akmwu.cloudfront.net/products/2406_23-10-2023_13-27-30.png""}]","8a1c6532-69f2-4a8b-be8a-05627a92deae",0,1,1,408000.00,331000.00,,
185,"2023-05-29 09:54:01",Dev,"2023-07-17 16:39:16",SELF,a3d63fdd-83c4-413b-8e9f-25c63f86ca5e,"0",BISAGRATISONGKIR,43352,4812746,3360,"2023-04-03 13:00:00","2023-12-31 23:59:00",delayed_instant,"376708cf-e01e-4620-a5cf-54b9a1588316,b44c5b7e-b844-4105-acb8-858aaca5f8d8,49c1f3e0-4252-48c7-a007-8fd58e0fce42,ed1ac092-8663-42e2-96d1-d2af62267ad4,a561bd82-f0ef-45dd-bb79-85c5b0f00fc2,c1b2332b-644c-44a2-a878-0bf9c37e29b1,37eb40ff-cce3-4de6-b839-9cb5445a470f,74fcb9d1-a7b7-4672-ac7f-a1b62d8912a0,7976b31b-63fb-401e-87cc-c6e81ee7b5fd,484583cd-a5cc-40c6-bf9d-31ca6038400a,1963798f-8e06-4aa0-bda9-eb794e85a3ee,217d7de6-0412-4ebc-96df-2d8cfddd99e0,59c8f490-a9f0-497f-97e5-a0b175c23168,7e56512f-c4ed-490b-be84-d2fd21b1180c,ba7166a7-537a-4cfc-a27a-6642dd6764d8,07c03415-0d69-4c43-bc4a-d8a9ee0e3c7e,d7dbdc3c-0b3c-4be4-80eb-daad1e3dedd5,bfa2728f-1c97-4335-8547-1df04059a35b,de59f903-d42f-4640-92b5-0b8415bd7e1b,535d9556-fd19-468f-850b-5b01bff28c15,c21968b7-cc5a-43f8-8e33-552d89ce5846,ef63202b-ae39-4645-b570-c72ea02b7412,2d190978-db01-4027-8b05-bb7e16aa524f,eac848f9-b84c-44f8-85b7-faaa345a11e2",0.00,211,"2023-05-29 09:54:01",Dev,"2023-07-17 16:39:16",SELF,update_status_coupon_end_time_task_id,fc5de7e8-4174-4f02-a5f4-e616371811c8,185,43352,"2020-08-18 10:49:06",Dev,"2025-07-25 02:11:53",SELF,"1f66a4b7-b465-4a11-9d09-2f2f364a755b",127600.00,IDR,https://d2qjkwm11akmwu.cloudfront.net/products/546079_4-5-2023_16-19-55.png,71,"Temukan informasi lengkap Imunped Drops 15 ml 2 Botol - Hemat Borongan di Halodoc. Beli Imunped Drops 15 ml 2 Botol - Hemat Borongan 1 Jam Sampai, Dikirim dari Apotek Tepercaya, Buka 24 Jam*","20250603, QAT-0622, Lebih-Hemat, ||M4I [[hematborongan]] [[vitaminpilihan]] [ [[vitmomandkidsfest]] [[hemborvitamin]] [[multivitaminpilihan]] [[vitaminpilihan]] [[rekomendasivitsirup]] [[vitaminsiruphembor]] ||VerifiedKemenkes ||verifiedkemenkes-sirupsuplemen [[momfestdeal]][[bisagratisongkir]] [[bisagratisongkir]] [[hembormomandkidsvit]] [[supplementanak]] [[hemborvit]] [[obatsirup]] [[vitaminkeluarga]] [[halodocny]] [[hembor2024]][[puasaimunitas]], [[puasa2024]] [[annivvitaminimun]] [[gaspolvitamin]] [[backtoschool]] [[harianaknas]] [[kebutuhananak]] [[imunvitamin]] [[hdcoin]][[hdpuasaanak]],[[hdpuasaimun]] [[annivvitaminkeluarga]] [[hdvitimun]] [[hdkembalikesekolah]] [[tentanganak]]",Imunped Drops 15 ml 2 Botol - Hemat Borongan,https://d2qjkwm11akmwu.cloudfront.net/thumbnails/463589_4-5-2023_16-19-59.png,medicine,b2c,1,active,161200.00,127600.00,0.01,91100.00,127600.00,0.09,1,"2023-06-19 00:00:00","2023-06-25 00:00:00",0,"[""drops"",""ml""]","[{""type"":""thumbnail_url"",""extension"":""webp"",""url"":""https://d2qjkwm11akmwu.cloudfront.net/thumbnails/463589_4-5-2023_16-19-59.webp""},{""type"":""image_url"",""extension"":""webp"",""url"":""https://d2qjkwm11akmwu.cloudfront.net/products/546079_4-5-2023_16-19-55.webp""},{""type"":""thumbnail_url"",""extension"":""png"",""url"":""https://d2qjkwm11akmwu.cloudfront.net/thumbnails/463589_4-5-2023_16-19-59.png""},{""type"":""image_url"",""extension"":""png"",""url"":""https://d2qjkwm11akmwu.cloudfront.net/products/546079_4-5-2023_16-19-55.png""}]","2a308819-8bd0-499c-b80b-555c5b775f80",0,1,1,127600.00,117700.00,,
186,"2023-05-29 09:54:01",Dev,"2023-07-17 16:39:16",SELF,c93aa834-c60e-44b9-b2f6-48dd198411cf,"0",BISAGRATISONGKIR,43689,4812746,3360,"2023-04-03 13:00:00","2023-12-31 23:59:00",delayed_instant,"376708cf-e01e-4620-a5cf-54b9a1588316,b44c5b7e-b844-4105-acb8-858aaca5f8d8,49c1f3e0-4252-48c7-a007-8fd58e0fce42,ed1ac092-8663-42e2-96d1-d2af62267ad4,a561bd82-f0ef-45dd-bb79-85c5b0f00fc2,c1b2332b-644c-44a2-a878-0bf9c37e29b1,37eb40ff-cce3-4de6-b839-9cb5445a470f,74fcb9d1-a7b7-4672-ac7f-a1b62d8912a0,7976b31b-63fb-401e-87cc-c6e81ee7b5fd,484583cd-a5cc-40c6-bf9d-31ca6038400a,1963798f-8e06-4aa0-bda9-eb794e85a3ee,217d7de6-0412-4ebc-96df-2d8cfddd99e0,59c8f490-a9f0-497f-97e5-a0b175c23168,7e56512f-c4ed-490b-be84-d2fd21b1180c,ba7166a7-537a-4cfc-a27a-6642dd6764d8,07c03415-0d69-4c43-bc4a-d8a9ee0e3c7e,d7dbdc3c-0b3c-4be4-80eb-daad1e3dedd5,bfa2728f-1c97-4335-8547-1df04059a35b,de59f903-d42f-4640-92b5-0b8415bd7e1b,535d9556-fd19-468f-850b-5b01bff28c15,c21968b7-cc5a-43f8-8e33-552d89ce5846,ef63202b-ae39-4645-b570-c72ea02b7412,2d190978-db01-4027-8b05-bb7e16aa524f,eac848f9-b84c-44f8-85b7-faaa345a11e2",0.00,212,"2023-05-29 09:54:01",Dev,"2023-07-17 16:39:17",SELF,update_status_coupon_end_time_task_id,faf1747a-5925-444f-b3e9-193eefd0730a,186,43689,"2020-08-28 11:03:51",Dev,"2025-07-25 02:06:26",SELF,"6b24acbb-bd5d-411c-9bd2-1aece36cbbd5",188400.00,IDR,https://d2qjkwm11akmwu.cloudfront.net/products/300885_5-5-2023_20-17-48.jpeg,219,"Temukan informasi lengkap Prolacta with DHA for Baby 3 Strip (10 Kapsul/Strip) - Hemat Borongan di Halodoc. Beli Prolacta with DHA for Baby 3 Strip (10 Kapsul/Strip) - Hemat Borongan 1 Jam Sampai, Dikirim dari Apotek Tepercaya, Buka 24 Jam*","20240325, Lebih Hemat,||M4I [[Hematboronganvit]] [[hematborongan]] [[pregnancycommunity]] [[vitamin1010]] [[vitamin]] [[hemborvitamin]] ||T3K [[vitaminmenjagapasangan]] [[momfestdeal]] [[halodocannivevit]] [[gaspolvitamin]][[bisagratisongkir]] [[bisagratisongkir]] [[hembormomandkidsvit]] [[supplementanak]] [[hemborvit]] [[gaspolkidsbaru]]  [[hembor2024]][[puasaibuanak]] [[annivkids]] [[kebutuhananak]] [[hdanakbayi]] [[hdcoin]] [[hdibuhari]] [[hdkembalikesekolah]] [[hdvitaminanak]] [[tentanganak]]",Prolacta with DHA for Baby 3 Strip (10 Kapsul/Strip) - Hemat Borongan,https://d2qjkwm11akmwu.cloudfront.net/thumbnails/785481_5-5-2023_20-17-54.png,medicine,b2c,1,active,226800.00,188400.00,0.02,112500.00,188400.00,0.09,0,,,,"[""capsules""]","[{""type"":""thumbnail_url"",""extension"":""png"",""url"":""https://d2qjkwm11akmwu.cloudfront.net/thumbnails/785481_5-5-2023_20-17-54.png""},{""type"":""thumbnail_url"",""extension"":""webp"",""url"":""https://d2qjkwm11akmwu.cloudfront.net/thumbnails/785481_5-5-2023_20-17-54.webp""},{""type"":""image_url"",""extension"":""jpeg"",""url"":""https://d2qjkwm11akmwu.cloudfront.net/products/300885_5-5-2023_20-17-48.jpeg""},{""type"":""image_url"",""extension"":""webp"",""url"":""https://d2qjkwm11akmwu.cloudfront.net/products/300885_5-5-2023_20-17-48.webp""}]",c334173f-dd06-4b46-8bcc-6c953d6f03d4,0,1,1,188400.00,175800.00,,
187,"2023-05-29 09:54:01",Dev,"2023-07-17 16:39:17",SELF,"75636dd1-22f0-4601-91a7-4a721661e569","0",BISAGRATISONGKIR,70044,4812746,3360,"2023-04-03 13:00:00","2023-12-31 23:59:00",delayed_instant,"376708cf-e01e-4620-a5cf-54b9a1588316,b44c5b7e-b844-4105-acb8-858aaca5f8d8,49c1f3e0-4252-48c7-a007-8fd58e0fce42,ed1ac092-8663-42e2-96d1-d2af62267ad4,a561bd82-f0ef-45dd-bb79-85c5b0f00fc2,c1b2332b-644c-44a2-a878-0bf9c37e29b1,37eb40ff-cce3-4de6-b839-9cb5445a470f,74fcb9d1-a7b7-4672-ac7f-a1b62d8912a0,7976b31b-63fb-401e-87cc-c6e81ee7b5fd,484583cd-a5cc-40c6-bf9d-31ca6038400a,1963798f-8e06-4aa0-bda9-eb794e85a3ee,217d7de6-0412-4ebc-96df-2d8cfddd99e0,59c8f490-a9f0-497f-97e5-a0b175c23168,7e56512f-c4ed-490b-be84-d2fd21b1180c,ba7166a7-537a-4cfc-a27a-6642dd6764d8,07c03415-0d69-4c43-bc4a-d8a9ee0e3c7e,d7dbdc3c-0b3c-4be4-80eb-daad1e3dedd5,bfa2728f-1c97-4335-8547-1df04059a35b,de59f903-d42f-4640-92b5-0b8415bd7e1b,535d9556-fd19-468f-850b-5b01bff28c15,c21968b7-cc5a-43f8-8e33-552d89ce5846,ef63202b-ae39-4645-b570-c72ea02b7412,2d190978-db01-4027-8b05-bb7e16aa524f,eac848f9-b84c-44f8-85b7-faaa345a11e2",0.00,213,"2023-05-29 09:54:01",Dev,"2023-07-17 16:39:17",SELF,update_status_coupon_end_time_task_id,"711b96da-e86c-49e9-8fbb-0d4e1c9f7e10",187,70044,"2022-08-31 15:43:57",Dev,"2025-07-25 02:10:23",SELF,"41196d83-2a0f-409f-b786-4b7f61f69a92",174100.00,IDR,https://d2qjkwm11akmwu.cloudfront.net/products/395246_5-5-2023_18-5-21.jpeg,875,"Informasi terlengkap tentang Imunos Sirup 60 ml 2 Botol - Hemat Borongan. Komposisi, Fungsi, Kegunaan, Ulasan, Efek Samping, Indikasi, Aturan Pakai, dan Dosis.","20250603, imunos, vitamin daya tahan tubuh, kekebalan tubuh [[rekomendasivitsirup]] [[vitaminsiruphembor]] [[halodocannivevit]] [[gaspolvitamin]][[bisagratisongkir]] [[bisagratisongkir]] [[hembormultivit]] [[tentanganak]]",Imunos Sirup 60 ml 2 Botol - Hemat Borongan,https://d2qjkwm11akmwu.cloudfront.net/thumbnails/126042_5-5-2023_18-5-30.png,medicine,b2c,1,active,208200.00,174100.00,0.00,127100.00,174100.00,0.10,0,,,,"[""measuring_spoon_10ml"",""measuring_spoon_5ml"",""ml"",""measuring_spoon_15ml""]","[{""type"":""image_url"",""extension"":""webp"",""url"":""https://d2qjkwm11akmwu.cloudfront.net/products/395246_5-5-2023_18-5-21.webp""},{""type"":""thumbnail_url"",""extension"":""webp"",""url"":""https://d2qjkwm11akmwu.cloudfront.net/thumbnails/126042_5-5-2023_18-5-30.webp""},{""type"":""thumbnail_url"",""extension"":""png"",""url"":""https://d2qjkwm11akmwu.cloudfront.net/thumbnails/126042_5-5-2023_18-5-30.png""},{""type"":""image_url"",""extension"":""jpeg"",""url"":""https://d2qjkwm11akmwu.cloudfront.net/products/395246_5-5-2023_18-5-21.jpeg""}]","018c1209-c7ec-4f98-8961-f2dea66b9bd9",0,1,1,174100.00,165100.00,,
188,"2023-05-29 09:54:02",Dev,"2023-07-17 16:39:17",SELF,fbd4bc67-e80e-4ae2-aa89-95361e6581e4,"0",BISAGRATISONGKIR,66404,4812746,3360,"2023-04-03 13:00:00","2023-12-31 23:59:00",delayed_instant,"376708cf-e01e-4620-a5cf-54b9a1588316,b44c5b7e-b844-4105-acb8-858aaca5f8d8,49c1f3e0-4252-48c7-a007-8fd58e0fce42,ed1ac092-8663-42e2-96d1-d2af62267ad4,a561bd82-f0ef-45dd-bb79-85c5b0f00fc2,c1b2332b-644c-44a2-a878-0bf9c37e29b1,37eb40ff-cce3-4de6-b839-9cb5445a470f,74fcb9d1-a7b7-4672-ac7f-a1b62d8912a0,7976b31b-63fb-401e-87cc-c6e81ee7b5fd,484583cd-a5cc-40c6-bf9d-31ca6038400a,1963798f-8e06-4aa0-bda9-eb794e85a3ee,217d7de6-0412-4ebc-96df-2d8cfddd99e0,59c8f490-a9f0-497f-97e5-a0b175c23168,7e56512f-c4ed-490b-be84-d2fd21b1180c,ba7166a7-537a-4cfc-a27a-6642dd6764d8,07c03415-0d69-4c43-bc4a-d8a9ee0e3c7e,d7dbdc3c-0b3c-4be4-80eb-daad1e3dedd5,bfa2728f-1c97-4335-8547-1df04059a35b,de59f903-d42f-4640-92b5-0b8415bd7e1b,535d9556-fd19-468f-850b-5b01bff28c15,c21968b7-cc5a-43f8-8e33-552d89ce5846,ef63202b-ae39-4645-b570-c72ea02b7412,2d190978-db01-4027-8b05-bb7e16aa524f,eac848f9-b84c-44f8-85b7-faaa345a11e2",0.00,214,"2023-05-29 09:54:02",Dev,"2023-07-18 09:35:54",CC Token,update_status_coupon_end_time_task_id,"93d9e6b0-b914-4456-9073-3a44224387f2",188,66404,"2022-06-07 17:08:39",Dev,"2025-07-25 02:10:10",SELF,a677ff35-4bde-4b70-9f5a-594059ba9ae3,316500.00,IDR,https://d2qjkwm11akmwu.cloudfront.net/products/815539_8-5-2023_15-55-2.png,171,"Informasi terlengkap tentang Lesichol 300 mg 2 Strip (10 Kapsul/Strip) - Hemat Borongan. Komposisi, Fungsi, Kegunaan, Ulasan, Efek Samping, Indikasi, Aturan Pakai, dan Dosis.","20250108, QAT-0622, lesichol, Suplemen, liver, hati, Branded Generic ||T3K[[bisagratisongkir]] [[bisagratisongkir]] [[gratisongkirvit]] [[parentsvitamin]] [[hembormultivit]]",Lesichol 300 mg 2 Strip (10 Kapsul/Strip) - Hemat Borongan,https://d2qjkwm11akmwu.cloudfront.net/thumbnails/568787_8-5-2023_15-55-11.png,medicine,b2c,1,active,346400.00,316500.00,0.00,218400.00,316500.00,0.10,0,,,,"[""capsules""]","[{""type"":""thumbnail_url"",""extension"":""png"",""url"":""https://d2qjkwm11akmwu.cloudfront.net/thumbnails/568787_8-5-2023_15-55-11.png""},{""type"":""thumbnail_url"",""extension"":""webp"",""url"":""https://d2qjkwm11akmwu.cloudfront.net/thumbnails/568787_8-5-2023_15-55-11.webp""},{""type"":""image_url"",""extension"":""webp"",""url"":""https://d2qjkwm11akmwu.cloudfront.net/products/815539_8-5-2023_15-55-2.webp""},{""type"":""image_url"",""extension"":""png"",""url"":""https://d2qjkwm11akmwu.cloudfront.net/products/815539_8-5-2023_15-55-2.png""}]",e2dab9dc-6ad4-4bdb-8592-258706615074,0,1,1,316500.00,277000.00,,
189,"2023-05-29 09:54:02",Dev,"2024-08-08 12:30:23",CC Token,a9085d9e-4d08-4db3-87a9-729786fc166a,"0",BISAGRATISONGKIR,56597,4812746,3360,"2023-04-03 13:00:00","2023-12-31 23:59:00",delayed_instant,"376708cf-e01e-4620-a5cf-54b9a1588316,1963798f-8e06-4aa0-bda9-eb794e85a3ee,b44c5b7e-b844-4105-acb8-858aaca5f8d8,49c1f3e0-4252-48c7-a007-8fd58e0fce42,217d7de6-0412-4ebc-96df-2d8cfddd99e0,59c8f490-a9f0-497f-97e5-a0b175c23168,7e56512f-c4ed-490b-be84-d2fd21b1180c,ed1ac092-8663-42e2-96d1-d2af62267ad4,a561bd82-f0ef-45dd-bb79-85c5b0f00fc2,ba7166a7-537a-4cfc-a27a-6642dd6764d8,07c03415-0d69-4c43-bc4a-d8a9ee0e3c7e,d7dbdc3c-0b3c-4be4-80eb-daad1e3dedd5,bfa2728f-1c97-4335-8547-1df04059a35b,de59f903-d42f-4640-92b5-0b8415bd7e1b,535d9556-fd19-468f-850b-5b01bff28c15,c1b2332b-644c-44a2-a878-0bf9c37e29b1,c21968b7-cc5a-43f8-8e33-552d89ce5846,ef63202b-ae39-4645-b570-c72ea02b7412,37eb40ff-cce3-4de6-b839-9cb5445a470f,74fcb9d1-a7b7-4672-ac7f-a1b62d8912a0,7976b31b-63fb-401e-87cc-c6e81ee7b5fd,2d190978-db01-4027-8b05-bb7e16aa524f,484583cd-a5cc-40c6-bf9d-31ca6038400a,eac848f9-b84c-44f8-85b7-faaa345a11e2",0.00,215,"2023-05-29 09:54:02",Dev,"2023-07-17 16:39:17",SELF,update_status_coupon_end_time_task_id,c78b717d-4867-4c05-8841-ec77f72e1837,189,56597,"2021-09-03 17:22:46",Dev,"2025-07-25 02:08:01",SELF,"786967ef-94d6-4ad8-ae7c-0e938d7c37bd",469000.00,IDR,https://d2qjkwm11akmwu.cloudfront.net/products/601716_31-5-2025_23-34-50.png,1096,"Informasi terlengkap tentang Blackmores CoQ 10 75 mg 2 Botol (30 Kapsul/Botol) - Hemat Borongan. Komposisi, Fungsi, Kegunaan, Ulasan, Efek Samping, Indikasi, Aturan Pakai, dan Dosis.","20250218, ImportedSupplements, blackmores q10, [[Hematboronganvit]] [[mitrasanajuli]] [[vitamin1010]][[bisagratisongkir]] [[bisagratisongkir]] [[gratisongkirvit]] [[hembormultivit]] [[parentsvitamin]] [[hembormomandkidsvit]]  [[vitsupblackmores]] [[kesehatanjantungblackmores]] [[lihatsemuablackmores]] [[hdtmasuppbrmen]]",Blackmores CoQ 10 75 mg 2 Botol (30 Kapsul/Botol) - Hemat Borongan,https://d2qjkwm11akmwu.cloudfront.net/thumbnails/720415_31-5-2025_23-35-3.png,medicine,b2c,1,active,529200.00,469000.00,0.00,312000.00,469000.00,0.00,0,,,,"[""capsules""]","[{""type"":""thumbnail_url"",""extension"":""webp"",""url"":""https://d2qjkwm11akmwu.cloudfront.net/thumbnails/720415_31-5-2025_23-35-3.webp""},{""type"":""image_url"",""extension"":""webp"",""url"":""https://d2qjkwm11akmwu.cloudfront.net/products/601716_31-5-2025_23-34-50.webp""},{""type"":""thumbnail_url"",""extension"":""png"",""url"":""https://d2qjkwm11akmwu.cloudfront.net/thumbnails/720415_31-5-2025_23-35-3.png""},{""type"":""image_url"",""extension"":""png"",""url"":""https://d2qjkwm11akmwu.cloudfront.net/products/601716_31-5-2025_23-34-50.png""}]",ebbe78ce-93d3-4f62-b1f7-ad85063842b7,0,1,1,469000.00,420000.00,,
190,"2023-05-29 09:54:02",Dev,"2024-08-05 10:20:02",CC Token,a1a207f9-849a-46ac-82f6-012aaf3d2943,"0",BISAGRATISONGKIR,67008,4812746,3360,"2023-04-03 13:00:00","2023-12-31 23:59:00",delayed_instant,"376708cf-e01e-4620-a5cf-54b9a1588316,1963798f-8e06-4aa0-bda9-eb794e85a3ee,b44c5b7e-b844-4105-acb8-858aaca5f8d8,49c1f3e0-4252-48c7-a007-8fd58e0fce42,217d7de6-0412-4ebc-96df-2d8cfddd99e0,59c8f490-a9f0-497f-97e5-a0b175c23168,7e56512f-c4ed-490b-be84-d2fd21b1180c,ed1ac092-8663-42e2-96d1-d2af62267ad4,a561bd82-f0ef-45dd-bb79-85c5b0f00fc2,ba7166a7-537a-4cfc-a27a-6642dd6764d8,07c03415-0d69-4c43-bc4a-d8a9ee0e3c7e,d7dbdc3c-0b3c-4be4-80eb-daad1e3dedd5,bfa2728f-1c97-4335-8547-1df04059a35b,de59f903-d42f-4640-92b5-0b8415bd7e1b,535d9556-fd19-468f-850b-5b01bff28c15,c1b2332b-644c-44a2-a878-0bf9c37e29b1,c21968b7-cc5a-43f8-8e33-552d89ce5846,ef63202b-ae39-4645-b570-c72ea02b7412,37eb40ff-cce3-4de6-b839-9cb5445a470f,74fcb9d1-a7b7-4672-ac7f-a1b62d8912a0,7976b31b-63fb-401e-87cc-c6e81ee7b5fd,2d190978-db01-4027-8b05-bb7e16aa524f,484583cd-a5cc-40c6-bf9d-31ca6038400a,eac848f9-b84c-44f8-85b7-faaa345a11e2",0.00,216,"2023-05-29 09:54:02",Dev,"2023-10-17 11:18:02",CC Token,update_status_coupon_end_time_task_id,"00d94b9a-7784-43fe-93f7-20d773c389ff",190,67008,"2022-06-23 15:26:27",CC Token,"2025-04-22 02:09:06",SELF,"0e468254-d108-4322-a3be-9d8189f7b365",320000.00,IDR,https://d2qjkwm11akmwu.cloudfront.net/products/494072_5-6-2023_10-40-25.png,1096,"Informasi terlengkap tentang Blackmores Vitamin D3 1000 IU 2 Botol (60 Kapsul/Botol) - Hemat Borongan. Komposisi, Fungsi, Kegunaan, Ulasan, Efek Samping, Indikasi, Aturan Pakai, dan Dosis.","20230224, blackmores, vitamin d3, 1000 iu, [[Hematboronganvit]] [[vitamin1010]] [[hemborvitamin]] ||T2K, ||T3K [[vitaminmenjagapasangan]] [[halodocannivevit]] [[gaspolvitamin]] [[Covid-19 Care]][[bisagratisongkir]] [[bisagratisongkir]] [[hembormultivit]] [[hemborvit]] [[jagacovid]] nutrimax [[halodocny]] [[hembor2024]][[puasa2024]] [[annivvitaminimun]] [[gaspolvitamin]] [[rambutrontok]] [[vitrambut]],[[hdpuasaimun]] [[vitsupblackmores]]",Blackmores Vitamin D3 1000 IU / Bio D3 1000 IU 2 Botol (60 Kapsul/Botol) - Hemat Borongan,https://d2qjkwm11akmwu.cloudfront.net/thumbnails/37422_5-6-2023_10-40-36.png,medicine,b2c,0,inactive,364000.00,320000.00,0.00,255000.00,320000.00,0.00,1,"2023-10-17 00:00:00","2023-10-24 00:00:00",0,"[""capsules""]","[{""type"":""image_url"",""extension"":""webp"",""url"":""https://d2qjkwm11akmwu.cloudfront.net/products/494072_5-6-2023_10-40-25.webp""},{""type"":""thumbnail_url"",""extension"":""png"",""url"":""https://d2qjkwm11akmwu.cloudfront.net/thumbnails/37422_5-6-2023_10-40-36.png""},{""type"":""thumbnail_url"",""extension"":""webp"",""url"":""https://d2qjkwm11akmwu.cloudfront.net/thumbnails/37422_5-6-2023_10-40-36.webp""},{""type"":""image_url"",""extension"":""png"",""url"":""https://d2qjkwm11akmwu.cloudfront.net/products/494072_5-6-2023_10-40-25.png""}]",,0,1,1,320000.00,308000.00,,
191,"2023-05-29 09:54:03",Dev,"2023-07-17 16:39:17",SELF,"7788b0af-0d38-4d5b-901f-2519dd97f704","0",BISAGRATISONGKIR,66307,4812746,3360,"2023-04-03 13:00:00","2023-12-31 23:59:00",delayed_instant,"376708cf-e01e-4620-a5cf-54b9a1588316,b44c5b7e-b844-4105-acb8-858aaca5f8d8,49c1f3e0-4252-48c7-a007-8fd58e0fce42,ed1ac092-8663-42e2-96d1-d2af62267ad4,a561bd82-f0ef-45dd-bb79-85c5b0f00fc2,c1b2332b-644c-44a2-a878-0bf9c37e29b1,37eb40ff-cce3-4de6-b839-9cb5445a470f,74fcb9d1-a7b7-4672-ac7f-a1b62d8912a0,7976b31b-63fb-401e-87cc-c6e81ee7b5fd,484583cd-a5cc-40c6-bf9d-31ca6038400a,1963798f-8e06-4aa0-bda9-eb794e85a3ee,217d7de6-0412-4ebc-96df-2d8cfddd99e0,59c8f490-a9f0-497f-97e5-a0b175c23168,7e56512f-c4ed-490b-be84-d2fd21b1180c,ba7166a7-537a-4cfc-a27a-6642dd6764d8,07c03415-0d69-4c43-bc4a-d8a9ee0e3c7e,d7dbdc3c-0b3c-4be4-80eb-daad1e3dedd5,bfa2728f-1c97-4335-8547-1df04059a35b,de59f903-d42f-4640-92b5-0b8415bd7e1b,535d9556-fd19-468f-850b-5b01bff28c15,c21968b7-cc5a-43f8-8e33-552d89ce5846,ef63202b-ae39-4645-b570-c72ea02b7412,2d190978-db01-4027-8b05-bb7e16aa524f,eac848f9-b84c-44f8-85b7-faaa345a11e2",0.00,217,"2023-05-29 09:54:03",Dev,"2023-07-17 16:39:18",SELF,update_status_coupon_end_time_task_id,dc2407c5-c03d-41ea-9072-18986c71e3a4,191,66307,"2022-05-30 08:38:20",CC Token,"2025-07-25 02:18:30",SELF,b73196ce-63f7-4f5f-8068-aa2f3b325f8c,228300.00,IDR,https://d2qjkwm11akmwu.cloudfront.net/products/722341_5-5-2023_16-29-11.jpeg,302,"Temukan informasi lengkap Asthin Force 6 mg 2 Strip (10 Kapsul/Strip) - Hemat Borongan di Halodoc. Beli Asthin Force 6 mg 2 Strip (10 Kapsul/Strip) - Hemat Borongan 1 Jam Sampai, Dikirim dari Apotek Tepercaya, Buka 24 Jam*","20240325, Antioksidan , radikal bebas, kerusakan sel, Branded Generic, [[Hematboronganvit]] [[vitaminpilihan]] [[gaspolvitsept]] [[vitamin1010]] [[hemborvitamin]] [[vitaminpilihan]] ||T3K [[gaspolvitamin]][[bisagratisongkir]] [[bisagratisongkir]] [[gratisongkirvit]] [[parentsvitamin]] [[hembormomandkidsvit]] [[hemborvit]] astria [[gaspolperawatan]] [[annivperawatan]] [[vitkulit]] [[imunvitamin]] [[hdcoin]] [[pdskinvitamin]] [[skinlebaran]] [[hdslimglowing]] [[hdvitkeluarga]]",Asthin Force 6 mg 2 Strip (10 Kapsul/Strip) - Hemat Borongan,https://d2qjkwm11akmwu.cloudfront.net/thumbnails/312723_5-5-2023_16-31-8.png,medicine,b2c,1,active,251400.00,228300.00,0.01,167500.00,228300.00,0.00,0,,,,"[""capsules""]","[{""type"":""thumbnail_url"",""extension"":""webp"",""url"":""https://d2qjkwm11akmwu.cloudfront.net/thumbnails/312723_5-5-2023_16-31-8.webp""},{""type"":""image_url"",""extension"":""webp"",""url"":""https://d2qjkwm11akmwu.cloudfront.net/products/722341_5-5-2023_16-29-11.webp""},{""type"":""thumbnail_url"",""extension"":""png"",""url"":""https://d2qjkwm11akmwu.cloudfront.net/thumbnails/312723_5-5-2023_16-31-8.png""},{""type"":""image_url"",""extension"":""jpeg"",""url"":""https://d2qjkwm11akmwu.cloudfront.net/products/722341_5-5-2023_16-29-11.jpeg""}]",bc1fa01d-71bf-44dd-a5bf-e00cfd26cc69,0,1,1,228300.00,215400.00,,
192,"2023-05-29 09:54:03",Dev,"2023-07-17 16:39:18",SELF,"8b6eb348-465a-4311-a882-a56d6cd58412","0",BISAGRATISONGKIR,66405,4812746,3360,"2023-04-03 13:00:00","2023-12-31 23:59:00",delayed_instant,"376708cf-e01e-4620-a5cf-54b9a1588316,b44c5b7e-b844-4105-acb8-858aaca5f8d8,49c1f3e0-4252-48c7-a007-8fd58e0fce42,ed1ac092-8663-42e2-96d1-d2af62267ad4,a561bd82-f0ef-45dd-bb79-85c5b0f00fc2,c1b2332b-644c-44a2-a878-0bf9c37e29b1,37eb40ff-cce3-4de6-b839-9cb5445a470f,74fcb9d1-a7b7-4672-ac7f-a1b62d8912a0,7976b31b-63fb-401e-87cc-c6e81ee7b5fd,484583cd-a5cc-40c6-bf9d-31ca6038400a,1963798f-8e06-4aa0-bda9-eb794e85a3ee,217d7de6-0412-4ebc-96df-2d8cfddd99e0,59c8f490-a9f0-497f-97e5-a0b175c23168,7e56512f-c4ed-490b-be84-d2fd21b1180c,ba7166a7-537a-4cfc-a27a-6642dd6764d8,07c03415-0d69-4c43-bc4a-d8a9ee0e3c7e,d7dbdc3c-0b3c-4be4-80eb-daad1e3dedd5,bfa2728f-1c97-4335-8547-1df04059a35b,de59f903-d42f-4640-92b5-0b8415bd7e1b,535d9556-fd19-468f-850b-5b01bff28c15,c21968b7-cc5a-43f8-8e33-552d89ce5846,ef63202b-ae39-4645-b570-c72ea02b7412,2d190978-db01-4027-8b05-bb7e16aa524f,eac848f9-b84c-44f8-85b7-faaa345a11e2",0.00,218,"2023-05-29 09:54:03",Dev,"2023-07-18 09:36:10",CC Token,update_status_coupon_end_time_task_id,"27376642-c2f7-4616-aaad-63c8350f619e",192,66405,"2022-06-07 17:08:39",Dev,"2025-07-25 02:10:10",SELF,f2fabb53-9442-4e55-8d0a-6a1b3f805e02,235100.00,IDR,https://d2qjkwm11akmwu.cloudfront.net/products/319654_8-5-2023_16-6-15.png,171,"Informasi terlengkap tentang Lesichol 600 mg 2 Strip (5 Kapsul/Strip) - Hemat Borongan. Komposisi, Fungsi, Kegunaan, Ulasan, Efek Samping, Indikasi, Aturan Pakai, dan Dosis.","20250108, QAT-0622, lesichol, Suplemen, liver, hati, Branded Generic, vitamin b6,b12, b3, b1 [[hemborvitamin]][[bisagratisongkir]] [[bisagratisongkir]] [[gratisongkirvit]] [[hembormultivit]]",Lesichol 600 mg 2 Strip (5 Kapsul/Strip) - Hemat Borongan,https://d2qjkwm11akmwu.cloudfront.net/thumbnails/571331_8-5-2023_16-6-23.png,medicine,b2c,1,active,277800.00,235100.00,0.00,178400.00,235100.00,0.10,0,,,,"[""capsules""]","[{""type"":""thumbnail_url"",""extension"":""webp"",""url"":""https://d2qjkwm11akmwu.cloudfront.net/thumbnails/571331_8-5-2023_16-6-23.webp""},{""type"":""image_url"",""extension"":""webp"",""url"":""https://d2qjkwm11akmwu.cloudfront.net/products/319654_8-5-2023_16-6-15.webp""},{""type"":""image_url"",""extension"":""png"",""url"":""https://d2qjkwm11akmwu.cloudfront.net/products/319654_8-5-2023_16-6-15.png""},{""type"":""thumbnail_url"",""extension"":""png"",""url"":""https://d2qjkwm11akmwu.cloudfront.net/thumbnails/571331_8-5-2023_16-6-23.png""}]","417da944-8cc4-48b2-a634-d8c2b03ad833",0,1,1,235100.00,220000.00,,
193,"2023-05-29 09:54:03",Dev,"2025-05-22 19:01:54",CC Token,a135d749-a166-4584-866b-45730b1b43f3,"0",BISAGRATISONGKIR,43704,4812746,3360,"2023-04-03 13:00:00","2023-12-31 23:59:00",delayed_instant,"376708cf-e01e-4620-a5cf-54b9a1588316,1963798f-8e06-4aa0-bda9-eb794e85a3ee,b44c5b7e-b844-4105-acb8-858aaca5f8d8,49c1f3e0-4252-48c7-a007-8fd58e0fce42,217d7de6-0412-4ebc-96df-2d8cfddd99e0,59c8f490-a9f0-497f-97e5-a0b175c23168,7e56512f-c4ed-490b-be84-d2fd21b1180c,ed1ac092-8663-42e2-96d1-d2af62267ad4,a561bd82-f0ef-45dd-bb79-85c5b0f00fc2,ba7166a7-537a-4cfc-a27a-6642dd6764d8,07c03415-0d69-4c43-bc4a-d8a9ee0e3c7e,d7dbdc3c-0b3c-4be4-80eb-daad1e3dedd5,bfa2728f-1c97-4335-8547-1df04059a35b,de59f903-d42f-4640-92b5-0b8415bd7e1b,535d9556-fd19-468f-850b-5b01bff28c15,c1b2332b-644c-44a2-a878-0bf9c37e29b1,c21968b7-cc5a-43f8-8e33-552d89ce5846,ef63202b-ae39-4645-b570-c72ea02b7412,37eb40ff-cce3-4de6-b839-9cb5445a470f,74fcb9d1-a7b7-4672-ac7f-a1b62d8912a0,7976b31b-63fb-401e-87cc-c6e81ee7b5fd,2d190978-db01-4027-8b05-bb7e16aa524f,484583cd-a5cc-40c6-bf9d-31ca6038400a,eac848f9-b84c-44f8-85b7-faaa345a11e2",0.00,219,"2023-05-29 09:54:03",Dev,"2023-09-06 17:02:12",CC Token,update_status_coupon_end_time_task_id,"8d89da8c-ff32-4989-beb6-b32ade8b5785",193,43704,"2020-08-28 11:03:55",Dev,"2025-07-25 02:11:57",SELF,"769062d6-e9b1-46e9-b8e2-0e2d8bfa6403",295100.00,IDR,https://d2qjkwm11akmwu.cloudfront.net/products/472835_29-5-2023_11-12-36.png,74,"Informasi terlengkap tentang FOLAMIL GENIO 2 BOTOL (@30 KAPSUL) - LEBIH HEMAT. Komposisi, Fungsi, Kegunaan, Ulasan, Efek Samping, Indikasi, Aturan Pakai, dan Dosis.","20250108, Lebih-Hemat, ||M4I ||T3K [[momfestdeal]][[bisagratisongkir]] [[bisagratisongkir]] [[hembormomandkidsvit]] [[hemborvitamin]] [[hemborvit]] [[gaspolkidsbaru]] [[halodocny]] [[hembor2024]] [[annivkids]] [[gaspolvitamin]]",Folamil Genio 2 Botol (30 Kapsul/Botol) - Hemat Borongan,https://d2qjkwm11akmwu.cloudfront.net/thumbnails/390033_29-5-2023_11-13-15.png,medicine,b2c,1,active,354000.00,295100.00,0.02,224800.00,295100.00,0.09,0,"2023-07-31 00:00:00","2023-08-08 00:00:00",0,"[""capsules""]","[{""type"":""image_url"",""extension"":""png"",""url"":""https://d2qjkwm11akmwu.cloudfront.net/products/472835_29-5-2023_11-12-36.png""},{""type"":""image_url"",""extension"":""webp"",""url"":""https://d2qjkwm11akmwu.cloudfront.net/products/472835_29-5-2023_11-12-36.webp""},{""type"":""thumbnail_url"",""extension"":""png"",""url"":""https://d2qjkwm11akmwu.cloudfront.net/thumbnails/390033_29-5-2023_11-13-15.png""},{""type"":""thumbnail_url"",""extension"":""webp"",""url"":""https://d2qjkwm11akmwu.cloudfront.net/thumbnails/390033_29-5-2023_11-13-15.webp""}]","9827571d-3c1b-4674-a1a9-22d63c2a81a8",0,1,1,295100.00,277200.00,,
194,"2023-05-29 09:54:04",Dev,"2025-06-11 13:53:01",CC Token,e2b9a1c9-5472-486d-894a-5089128ca803,"0",BISAGRATISONGKIR,70406,4812746,3360,"2023-04-03 13:00:00","2023-12-31 23:59:00",delayed_instant,"376708cf-e01e-4620-a5cf-54b9a1588316,1963798f-8e06-4aa0-bda9-eb794e85a3ee,b44c5b7e-b844-4105-acb8-858aaca5f8d8,49c1f3e0-4252-48c7-a007-8fd58e0fce42,217d7de6-0412-4ebc-96df-2d8cfddd99e0,59c8f490-a9f0-497f-97e5-a0b175c23168,7e56512f-c4ed-490b-be84-d2fd21b1180c,ed1ac092-8663-42e2-96d1-d2af62267ad4,a561bd82-f0ef-45dd-bb79-85c5b0f00fc2,ba7166a7-537a-4cfc-a27a-6642dd6764d8,07c03415-0d69-4c43-bc4a-d8a9ee0e3c7e,d7dbdc3c-0b3c-4be4-80eb-daad1e3dedd5,bfa2728f-1c97-4335-8547-1df04059a35b,de59f903-d42f-4640-92b5-0b8415bd7e1b,535d9556-fd19-468f-850b-5b01bff28c15,c1b2332b-644c-44a2-a878-0bf9c37e29b1,c21968b7-cc5a-43f8-8e33-552d89ce5846,ef63202b-ae39-4645-b570-c72ea02b7412,37eb40ff-cce3-4de6-b839-9cb5445a470f,74fcb9d1-a7b7-4672-ac7f-a1b62d8912a0,7976b31b-63fb-401e-87cc-c6e81ee7b5fd,2d190978-db01-4027-8b05-bb7e16aa524f,484583cd-a5cc-40c6-bf9d-31ca6038400a,eac848f9-b84c-44f8-85b7-faaa345a11e2",0.00,220,"2023-05-29 09:54:04",Dev,"2023-07-21 15:18:29",CC Token,update_status_coupon_end_time_task_id,"07d44959-2317-4cf0-adcf-fb2ad649580c",194,70406,"2022-09-08 16:53:17",Dev,"2025-07-25 02:19:41",SELF,"45df79c5-7305-4498-8c0c-9daa0aa9faab",140400.00,IDR,https://d2qjkwm11akmwu.cloudfront.net/products/296464_21-7-2023_15-18-10.jpeg,74,"Informasi terlengkap tentang Redacid 250 mg 2 Strip (6 Kaplet/Strip) - Hemat Borongan. Komposisi, Fungsi, Kegunaan, Ulasan, Efek Samping, Indikasi, Aturan Pakai, dan Dosis.","20250218, maag, gangguan lambung ||T3K [[vitaminmenjagapasangan]] [[halodocannivevit]] [[bisagratisongkir]] [[bisagratisongkir]] [[hemborpencernaan]] [[supplementanak]] [[hemborvit]], enzyme, enzim [[hdcoin]],[[puasapencernaan]] [[hdpuasaimun]]",Redacid 250 mg 2 Strip (6 Kaplet/Strip) - Hemat Borongan,https://d2qjkwm11akmwu.cloudfront.net/thumbnails/437775_21-7-2023_15-18-20.png,medicine,b2c,1,active,151600.00,140400.00,0.00,112400.00,140400.00,0.10,0,,,,"[""tablet""]","[{""type"":""thumbnail_url"",""extension"":""webp"",""url"":""https://d2qjkwm11akmwu.cloudfront.net/thumbnails/437775_21-7-2023_15-18-20.webp""},{""type"":""image_url"",""extension"":""webp"",""url"":""https://d2qjkwm11akmwu.cloudfront.net/products/296464_21-7-2023_15-18-10.webp""},{""type"":""thumbnail_url"",""extension"":""png"",""url"":""https://d2qjkwm11akmwu.cloudfront.net/thumbnails/437775_21-7-2023_15-18-20.png""},{""type"":""image_url"",""extension"":""jpeg"",""url"":""https://d2qjkwm11akmwu.cloudfront.net/products/296464_21-7-2023_15-18-10.jpeg""}]",d0a0e2fd-d9d3-46a7-bbda-0180bbeb31c6,0,1,1,140400.00,132300.00,,
195,"2023-05-29 09:54:05",Dev,"2023-07-17 16:39:18",SELF,bbda6ca9-873e-444c-af5c-7438d0a3e121,"0",BISAGRATISONGKIR,70041,4812746,3360,"2023-04-03 13:00:00","2023-12-31 23:59:00",delayed_instant,"376708cf-e01e-4620-a5cf-54b9a1588316,b44c5b7e-b844-4105-acb8-858aaca5f8d8,49c1f3e0-4252-48c7-a007-8fd58e0fce42,ed1ac092-8663-42e2-96d1-d2af62267ad4,a561bd82-f0ef-45dd-bb79-85c5b0f00fc2,c1b2332b-644c-44a2-a878-0bf9c37e29b1,37eb40ff-cce3-4de6-b839-9cb5445a470f,74fcb9d1-a7b7-4672-ac7f-a1b62d8912a0,7976b31b-63fb-401e-87cc-c6e81ee7b5fd,484583cd-a5cc-40c6-bf9d-31ca6038400a,1963798f-8e06-4aa0-bda9-eb794e85a3ee,217d7de6-0412-4ebc-96df-2d8cfddd99e0,59c8f490-a9f0-497f-97e5-a0b175c23168,7e56512f-c4ed-490b-be84-d2fd21b1180c,ba7166a7-537a-4cfc-a27a-6642dd6764d8,07c03415-0d69-4c43-bc4a-d8a9ee0e3c7e,d7dbdc3c-0b3c-4be4-80eb-daad1e3dedd5,bfa2728f-1c97-4335-8547-1df04059a35b,de59f903-d42f-4640-92b5-0b8415bd7e1b,535d9556-fd19-468f-850b-5b01bff28c15,c21968b7-cc5a-43f8-8e33-552d89ce5846,ef63202b-ae39-4645-b570-c72ea02b7412,2d190978-db01-4027-8b05-bb7e16aa524f,eac848f9-b84c-44f8-85b7-faaa345a11e2",0.00,221,"2023-05-29 09:54:05",Dev,"2023-07-18 09:36:28",CC Token,update_status_coupon_end_time_task_id,"975e7ff8-2f81-424f-9592-1d1570646c4e",195,70041,"2022-08-31 15:43:55",Dev,"2025-07-25 02:10:23",SELF,ea724009-71e6-4553-9dba-cae42f5a0833,510600.00,IDR,https://d2qjkwm11akmwu.cloudfront.net/products/533004_29-5-2023_13-26-5.png,415,"Temukan informasi lengkap Vipalbumin 2 Box (30 Kapsul/Box) - Hemat Borongan di Halodoc. Beli Vipalbumin 2 Box (30 Kapsul/Box) - Hemat Borongan 1 Jam Sampai, Dikirim dari Apotek Tepercaya, Buka 24 Jam*","20250218, vipalbumin, ekstrak ikan gabus, herbal, luka diabetes ||T2K, ||T3K [[persediaanpuasa]][[bisagratisongkir]] [[bisagratisongkir]] [[gratisongkirvit]] [[hembormultivit]] [[hemborvit]][[puasaimunitas]] [[annivvitaminimun]], [[annivherbal]] [[hdanakbayi]] [[hdcoin]],[[hdpuasaanak]] [[tentanganak]]",Vipalbumin 2 Box (30 Kapsul/Box) - Hemat Borongan,https://d2qjkwm11akmwu.cloudfront.net/thumbnails/295118_29-5-2023_13-26-10.png,medicine,b2c,1,active,559600.00,510600.00,0.00,399500.00,510600.00,0.10,0,,,,"[""capsules""]","[{""type"":""thumbnail_url"",""extension"":""webp"",""url"":""https://d2qjkwm11akmwu.cloudfront.net/thumbnails/295118_29-5-2023_13-26-10.webp""},{""type"":""image_url"",""extension"":""webp"",""url"":""https://d2qjkwm11akmwu.cloudfront.net/products/533004_29-5-2023_13-26-5.webp""},{""type"":""thumbnail_url"",""extension"":""png"",""url"":""https://d2qjkwm11akmwu.cloudfront.net/thumbnails/295118_29-5-2023_13-26-10.png""},{""type"":""image_url"",""extension"":""png"",""url"":""https://d2qjkwm11akmwu.cloudfront.net/products/533004_29-5-2023_13-26-5.png""}]",fdb3abfe-4ed3-4d02-acfd-a1953da2f3b0,0,1,1,510600.00,476200.00,,
196,"2023-05-29 09:54:05",Dev,"2023-07-17 16:39:19",SELF,ff5ab5a8-b141-40bf-9e47-529f519c30eb,"0",BISAGRATISONGKIR,43274,4812746,3360,"2023-04-03 13:00:00","2023-12-31 23:59:00",delayed_instant,"376708cf-e01e-4620-a5cf-54b9a1588316,b44c5b7e-b844-4105-acb8-858aaca5f8d8,49c1f3e0-4252-48c7-a007-8fd58e0fce42,ed1ac092-8663-42e2-96d1-d2af62267ad4,a561bd82-f0ef-45dd-bb79-85c5b0f00fc2,c1b2332b-644c-44a2-a878-0bf9c37e29b1,37eb40ff-cce3-4de6-b839-9cb5445a470f,74fcb9d1-a7b7-4672-ac7f-a1b62d8912a0,7976b31b-63fb-401e-87cc-c6e81ee7b5fd,484583cd-a5cc-40c6-bf9d-31ca6038400a,1963798f-8e06-4aa0-bda9-eb794e85a3ee,217d7de6-0412-4ebc-96df-2d8cfddd99e0,59c8f490-a9f0-497f-97e5-a0b175c23168,7e56512f-c4ed-490b-be84-d2fd21b1180c,ba7166a7-537a-4cfc-a27a-6642dd6764d8,07c03415-0d69-4c43-bc4a-d8a9ee0e3c7e,d7dbdc3c-0b3c-4be4-80eb-daad1e3dedd5,bfa2728f-1c97-4335-8547-1df04059a35b,de59f903-d42f-4640-92b5-0b8415bd7e1b,535d9556-fd19-468f-850b-5b01bff28c15,c21968b7-cc5a-43f8-8e33-552d89ce5846,ef63202b-ae39-4645-b570-c72ea02b7412,2d190978-db01-4027-8b05-bb7e16aa524f,eac848f9-b84c-44f8-85b7-faaa345a11e2",0.00,222,"2023-05-29 09:54:05",Dev,"2023-07-20 10:53:46",CC Token,update_status_coupon_end_time_task_id,"771dcaa9-5beb-4516-8771-027a3e1dc2b8",196,43274,"2020-08-18 10:48:43",Dev,"2025-07-25 02:06:17",SELF,d31c3ca9-eb9f-4713-9aec-d1e52755acf1,138100.00,IDR,https://d2qjkwm11akmwu.cloudfront.net/products/595973_22-4-2024_10-57-44.png,28,"Informasi terlengkap tentang CDR Effervescent 2 Tube (@15 Tablet) - Hemat Borongan . Komposisi, Fungsi, Kegunaan, Ulasan, Efek Samping, Indikasi, Aturan Pakai, dan Dosis.","20250603, QAT-0622, Lebih Hemat, , suplemen tulang, suplemen kalsium, vitamin, vitamin C, vitamin & kalsium ||M4I [[Hematboronganvit]] [[hematborongan]] [[vitaminpilihan]] [[vitaminelderly]] [[hemborvitamin]] [[vitamin]] [[vitaminpilihan]] [[musclebonejoint]] ||T3K [[vitaminmenjagapasangan]] [[vitamincdr]] [[gaspolvitamin]][[bisagratisongkir]] [[bisagratisongkir]] [[gratisongkirvit]] [[Vitaminorangtua]] [[parentsvitamin]] [[hembormomandkidsvit]] [[hemborvit]] [[hembor2024]][[puasaimunitas]] [[annivvitaminimun]],[[hdpuasaimun]]",CDR Effervescent 2 Tube (15 Tablet/Tube) - Hemat Borongan,https://d2qjkwm11akmwu.cloudfront.net/thumbnails/596929_22-4-2024_10-58-1.png,medicine,b2c,1,active,176200.00,138100.00,0.00,95000.00,138100.00,0.09,0,,,,"[""tablet""]","[{""type"":""thumbnail_url"",""extension"":""png"",""url"":""https://d2qjkwm11akmwu.cloudfront.net/thumbnails/596929_22-4-2024_10-58-1.png""},{""type"":""image_url"",""extension"":""webp"",""url"":""https://d2qjkwm11akmwu.cloudfront.net/products/595973_22-4-2024_10-57-44.webp""},{""type"":""thumbnail_url"",""extension"":""webp"",""url"":""https://d2qjkwm11akmwu.cloudfront.net/thumbnails/596929_22-4-2024_10-58-1.webp""},{""type"":""image_url"",""extension"":""png"",""url"":""https://d2qjkwm11akmwu.cloudfront.net/products/595973_22-4-2024_10-57-44.png""}]","1e9f0e3b-3021-42e3-8034-e7c0217affe2",0,1,1,138100.00,128700.00,,
197,"2023-05-29 09:54:05",Dev,"2023-07-17 16:39:19",SELF,"6773b88b-7ba2-4b6e-b49c-fc858609caec","0",BISAGRATISONGKIR,56236,4812746,3360,"2023-04-03 13:00:00","2023-12-31 23:59:00",delayed_instant,"376708cf-e01e-4620-a5cf-54b9a1588316,b44c5b7e-b844-4105-acb8-858aaca5f8d8,49c1f3e0-4252-48c7-a007-8fd58e0fce42,ed1ac092-8663-42e2-96d1-d2af62267ad4,a561bd82-f0ef-45dd-bb79-85c5b0f00fc2,c1b2332b-644c-44a2-a878-0bf9c37e29b1,37eb40ff-cce3-4de6-b839-9cb5445a470f,74fcb9d1-a7b7-4672-ac7f-a1b62d8912a0,7976b31b-63fb-401e-87cc-c6e81ee7b5fd,484583cd-a5cc-40c6-bf9d-31ca6038400a,1963798f-8e06-4aa0-bda9-eb794e85a3ee,217d7de6-0412-4ebc-96df-2d8cfddd99e0,59c8f490-a9f0-497f-97e5-a0b175c23168,7e56512f-c4ed-490b-be84-d2fd21b1180c,ba7166a7-537a-4cfc-a27a-6642dd6764d8,07c03415-0d69-4c43-bc4a-d8a9ee0e3c7e,d7dbdc3c-0b3c-4be4-80eb-daad1e3dedd5,bfa2728f-1c97-4335-8547-1df04059a35b,de59f903-d42f-4640-92b5-0b8415bd7e1b,535d9556-fd19-468f-850b-5b01bff28c15,c21968b7-cc5a-43f8-8e33-552d89ce5846,ef63202b-ae39-4645-b570-c72ea02b7412,2d190978-db01-4027-8b05-bb7e16aa524f,eac848f9-b84c-44f8-85b7-faaa345a11e2",0.00,223,"2023-05-29 09:54:05",Dev,"2023-07-31 13:48:25",CC Token,update_status_coupon_end_time_task_id,b4e29953-331e-42ba-b2a1-43cc9a1b9656,197,56236,"2021-08-10 12:02:23",Dev,"2025-07-25 02:08:23",SELF,"8fec4554-e871-4044-8da6-11675d7c8bd0",135200.00,IDR,https://d2qjkwm11akmwu.cloudfront.net/products/602600_4-5-2023_16-40-42.png,274,"Informasi terlengkap tentang Elkana CL Sirup 120 ml 2 Botol - Hemat Borongan . Komposisi, Fungsi, Kegunaan, Ulasan, Efek Samping, Indikasi, Aturan Pakai, dan Dosis.","20250218, Defisiensi, vitamin, mineral, Branded Generic, Top, Lebih Hemat [[hematborongan]] [[independencevit]] [[vitaminpilihan]] [[hemborvitamin]] [[vitaminpilihan]] ||VerifiedKemenkes ||verifiedkemenkes-sirupsuplemen [[rekomendasivitsirup]] [[vitaminsiruphembor]][[bisagratisongkir]] [[bisagratisongkir]] [[hembormomandkidsvit]] [[supplementanak]] [[hdanakbayi]] [[vitnafsumakan]] [[hdkembalikesekolah]] [[hdvitaminanak]] [[tentanganak]]",Elkana CL Emulsion 120 ml 2 Botol - Hemat Borongan,https://d2qjkwm11akmwu.cloudfront.net/thumbnails/665218_4-5-2023_16-40-46.png,medicine,b2c,1,active,153000.00,135200.00,0.00,100800.00,135200.00,0.09,0,,,,"[""ml"",""measuring_spoon_10ml"",""measuring_spoon_15ml"",""measuring_spoon_5ml""]","[{""type"":""image_url"",""extension"":""png"",""url"":""https://d2qjkwm11akmwu.cloudfront.net/products/602600_4-5-2023_16-40-42.png""},{""type"":""image_url"",""extension"":""webp"",""url"":""https://d2qjkwm11akmwu.cloudfront.net/products/602600_4-5-2023_16-40-42.webp""},{""type"":""thumbnail_url"",""extension"":""webp"",""url"":""https://d2qjkwm11akmwu.cloudfront.net/thumbnails/665218_4-5-2023_16-40-46.webp""},{""type"":""thumbnail_url"",""extension"":""png"",""url"":""https://d2qjkwm11akmwu.cloudfront.net/thumbnails/665218_4-5-2023_16-40-46.png""}]","28b86d4d-32ef-43ba-bc65-943e5359984b",0,1,1,135200.00,129500.00,,
198,"2023-05-29 09:54:05",Dev,"2023-07-17 16:39:19",SELF,"7a1856d2-17a0-41b7-9b3b-713bc65f845e","0",BISAGRATISONGKIR,69339,4812746,3360,"2023-04-03 13:00:00","2023-12-31 23:59:00",delayed_instant,"376708cf-e01e-4620-a5cf-54b9a1588316,b44c5b7e-b844-4105-acb8-858aaca5f8d8,49c1f3e0-4252-48c7-a007-8fd58e0fce42,ed1ac092-8663-42e2-96d1-d2af62267ad4,a561bd82-f0ef-45dd-bb79-85c5b0f00fc2,c1b2332b-644c-44a2-a878-0bf9c37e29b1,37eb40ff-cce3-4de6-b839-9cb5445a470f,74fcb9d1-a7b7-4672-ac7f-a1b62d8912a0,7976b31b-63fb-401e-87cc-c6e81ee7b5fd,484583cd-a5cc-40c6-bf9d-31ca6038400a,1963798f-8e06-4aa0-bda9-eb794e85a3ee,217d7de6-0412-4ebc-96df-2d8cfddd99e0,59c8f490-a9f0-497f-97e5-a0b175c23168,7e56512f-c4ed-490b-be84-d2fd21b1180c,ba7166a7-537a-4cfc-a27a-6642dd6764d8,07c03415-0d69-4c43-bc4a-d8a9ee0e3c7e,d7dbdc3c-0b3c-4be4-80eb-daad1e3dedd5,bfa2728f-1c97-4335-8547-1df04059a35b,de59f903-d42f-4640-92b5-0b8415bd7e1b,535d9556-fd19-468f-850b-5b01bff28c15,c21968b7-cc5a-43f8-8e33-552d89ce5846,ef63202b-ae39-4645-b570-c72ea02b7412,2d190978-db01-4027-8b05-bb7e16aa524f,eac848f9-b84c-44f8-85b7-faaa345a11e2",0.00,224,"2023-05-29 09:54:05",Dev,"2023-07-17 16:39:19",SELF,update_status_coupon_end_time_task_id,"8c9b800c-81fd-4eec-969a-02a19ecfc30f",198,69339,"2022-08-18 18:28:36",Dev,"2025-07-25 02:19:21",SELF,c4deab44-c3a5-40d8-a366-b8aad4a966e2,187600.00,IDR,https://d2qjkwm11akmwu.cloudfront.net/products/233400_5-5-2023_20-26-52.jpeg,726,"Temukan informasi lengkap Renovit Gold 2 Botol (30 Kaplet/Botol) - Hemat Borongan di Halodoc. Beli Renovit Gold 2 Botol (30 Kaplet/Botol) - Hemat Borongan 1 Jam Sampai, Dikirim dari Apotek Tepercaya, Buka 24 Jam*","20250603, renovit gold, vitamin gold ||T3K [[vitaminmenjagapasangan]] [[halodocannivevit]] [[gaspolvitamin]][[bisagratisongkir]] [[bisagratisongkir]] [[hembormultivit]] [[imunvitamin]] [[hdcoin]],[[hdpuasaimun]] [[crmvitamin]] [[annivvitaminkeluarga]] [[hdvitimun]]",Renovit Gold 2 Botol (30 Kaplet/Botol) - Hemat Borongan,https://d2qjkwm11akmwu.cloudfront.net/thumbnails/248758_5-5-2023_20-26-56.png,medicine,b2c,1,active,215600.00,187600.00,0.00,162000.00,187600.00,0.10,0,,,,"[""tablet""]","[{""type"":""image_url"",""extension"":""jpeg"",""url"":""https://d2qjkwm11akmwu.cloudfront.net/products/233400_5-5-2023_20-26-52.jpeg""},{""type"":""thumbnail_url"",""extension"":""webp"",""url"":""https://d2qjkwm11akmwu.cloudfront.net/thumbnails/248758_5-5-2023_20-26-56.webp""},{""type"":""image_url"",""extension"":""webp"",""url"":""https://d2qjkwm11akmwu.cloudfront.net/products/233400_5-5-2023_20-26-52.webp""},{""type"":""thumbnail_url"",""extension"":""png"",""url"":""https://d2qjkwm11akmwu.cloudfront.net/thumbnails/248758_5-5-2023_20-26-56.png""}]","558a14bd-0349-4b27-b267-218c3466e46f",0,1,1,187600.00,172600.00,,
199,"2023-05-29 09:54:06",Dev,"2024-08-08 12:29:57",CC Token,"9e0b7908-0c84-4a82-8246-4a66352332e6","0",BISAGRATISONGKIR,70384,4812746,3360,"2023-04-03 13:00:00","2023-12-31 23:59:00",delayed_instant,"376708cf-e01e-4620-a5cf-54b9a1588316,1963798f-8e06-4aa0-bda9-eb794e85a3ee,b44c5b7e-b844-4105-acb8-858aaca5f8d8,49c1f3e0-4252-48c7-a007-8fd58e0fce42,217d7de6-0412-4ebc-96df-2d8cfddd99e0,59c8f490-a9f0-497f-97e5-a0b175c23168,7e56512f-c4ed-490b-be84-d2fd21b1180c,ed1ac092-8663-42e2-96d1-d2af62267ad4,a561bd82-f0ef-45dd-bb79-85c5b0f00fc2,ba7166a7-537a-4cfc-a27a-6642dd6764d8,07c03415-0d69-4c43-bc4a-d8a9ee0e3c7e,d7dbdc3c-0b3c-4be4-80eb-daad1e3dedd5,bfa2728f-1c97-4335-8547-1df04059a35b,de59f903-d42f-4640-92b5-0b8415bd7e1b,535d9556-fd19-468f-850b-5b01bff28c15,c1b2332b-644c-44a2-a878-0bf9c37e29b1,c21968b7-cc5a-43f8-8e33-552d89ce5846,ef63202b-ae39-4645-b570-c72ea02b7412,37eb40ff-cce3-4de6-b839-9cb5445a470f,74fcb9d1-a7b7-4672-ac7f-a1b62d8912a0,7976b31b-63fb-401e-87cc-c6e81ee7b5fd,2d190978-db01-4027-8b05-bb7e16aa524f,484583cd-a5cc-40c6-bf9d-31ca6038400a,eac848f9-b84c-44f8-85b7-faaa345a11e2",0.00,225,"2023-05-29 09:54:06",Dev,"2023-07-17 16:39:19",SELF,update_status_coupon_end_time_task_id,c44c9689-61a6-4ff3-867d-e96a2d51f498,199,70384,"2022-09-08 16:53:05",Dev,"2025-07-23 14:54:07",Dev,e1e72056-7106-448c-b211-a1e0988348fe,450000.00,IDR,https://d2qjkwm11akmwu.cloudfront.net/products/884748_5-5-2023_19-2-33.jpeg,1096,"Informasi terlengkap tentang Blackmores Koalakids Fruity Fishies / Koalakids Study Buddy 2 Botol (30 Kapsul/Botol) - Hemat Borongan. Komposisi, Fungsi, Kegunaan, Ulasan, Efek Samping, Indikasi, Aturan Pakai, dan Dosis.","20240213, ImportedSupplements, Blackmores, kids, anak, omega 3[[bisagratisongkir]] [[bisagratisongkir]] [[hembormomandkidsvit]] [[supplementanak]] [[vitsupblackmores]] [[hdkembalikesekolah]] [[tentanganak]]",Blackmores Koalakids Fruity Fishies / Koalakids Study Buddy 2 Botol (30 Kapsul/Botol) - Hemat Borongan,https://d2qjkwm11akmwu.cloudfront.net/thumbnails/110967_5-5-2023_19-2-43.png,medicine,b2c,0,inactive,550000.00,450000.00,0.00,350400.00,450000.00,0.10,0,,,,"[""capsules""]","[{""type"":""image_url"",""extension"":""webp"",""url"":""https://d2qjkwm11akmwu.cloudfront.net/products/884748_5-5-2023_19-2-33.webp""},{""type"":""image_url"",""extension"":""jpeg"",""url"":""https://d2qjkwm11akmwu.cloudfront.net/products/884748_5-5-2023_19-2-33.jpeg""},{""type"":""thumbnail_url"",""extension"":""webp"",""url"":""https://d2qjkwm11akmwu.cloudfront.net/thumbnails/110967_5-5-2023_19-2-43.webp""},{""type"":""thumbnail_url"",""extension"":""png"",""url"":""https://d2qjkwm11akmwu.cloudfront.net/thumbnails/110967_5-5-2023_19-2-43.png""}]",,0,1,1,450000.00,412300.00,,
200,"2023-05-29 09:54:06",Dev,"2025-01-30 17:44:20",CC Token,"0834d113-2117-48db-8901-72055665234c","0",BISAGRATISONGKIR,70385,4812746,3360,"2023-04-03 13:00:00","2023-12-31 23:59:00",delayed_instant,"376708cf-e01e-4620-a5cf-54b9a1588316,1963798f-8e06-4aa0-bda9-eb794e85a3ee,b44c5b7e-b844-4105-acb8-858aaca5f8d8,49c1f3e0-4252-48c7-a007-8fd58e0fce42,217d7de6-0412-4ebc-96df-2d8cfddd99e0,59c8f490-a9f0-497f-97e5-a0b175c23168,7e56512f-c4ed-490b-be84-d2fd21b1180c,ed1ac092-8663-42e2-96d1-d2af62267ad4,a561bd82-f0ef-45dd-bb79-85c5b0f00fc2,ba7166a7-537a-4cfc-a27a-6642dd6764d8,07c03415-0d69-4c43-bc4a-d8a9ee0e3c7e,d7dbdc3c-0b3c-4be4-80eb-daad1e3dedd5,bfa2728f-1c97-4335-8547-1df04059a35b,de59f903-d42f-4640-92b5-0b8415bd7e1b,535d9556-fd19-468f-850b-5b01bff28c15,c1b2332b-644c-44a2-a878-0bf9c37e29b1,c21968b7-cc5a-43f8-8e33-552d89ce5846,ef63202b-ae39-4645-b570-c72ea02b7412,37eb40ff-cce3-4de6-b839-9cb5445a470f,74fcb9d1-a7b7-4672-ac7f-a1b62d8912a0,7976b31b-63fb-401e-87cc-c6e81ee7b5fd,2d190978-db01-4027-8b05-bb7e16aa524f,484583cd-a5cc-40c6-bf9d-31ca6038400a,eac848f9-b84c-44f8-85b7-faaa345a11e2",0.00,226,"2023-05-29 09:54:06",Dev,"2023-07-17 16:39:20",SELF,update_status_coupon_end_time_task_id,"9ec4cc64-ef9c-45c2-9a7b-9fb422d2b07a",200,70385,"2022-09-08 16:53:05",Dev,"2025-07-24 11:14:48",Dev,a5a5d318-f7fa-4b76-951b-4a86becd4c07,985100.00,IDR,https://d2qjkwm11akmwu.cloudfront.net/products/864277_5-5-2023_18-45-57.jpeg,1096,"Informasi terlengkap tentang Blackmores Pregnancy & Breast Feeding Gold 2 Botol (120 Kapsul/Botol) - Hemat Borongan. Komposisi, Fungsi, Kegunaan, Ulasan, Efek Samping, Indikasi, Aturan Pakai, dan Dosis.","20240325, ImportedSupplements, Blackmores Pregnancy 60's, suplemen, vitamin, hamil, menyusui, ibu ,[[bisagratisongkir]] [[bisagratisongkir]] [[hembormomandkidsvit]] [[ibuhamilmenyusui]] [[vitsupblackmores]] [[hdxprmil]]",Blackmores Pregnancy & Breast Feeding Gold 2 Botol (120 Kapsul/Botol) - Hemat Borongan,https://d2qjkwm11akmwu.cloudfront.net/thumbnails/527881_5-5-2023_18-46-5.png,medicine,b2c,0,inactive,1054000.00,985100.00,0.00,795700.00,985100.00,0.10,0,,,,"[""capsules""]","[{""type"":""thumbnail_url"",""extension"":""png"",""url"":""https://d2qjkwm11akmwu.cloudfront.net/thumbnails/527881_5-5-2023_18-46-5.png""},{""type"":""image_url"",""extension"":""jpeg"",""url"":""https://d2qjkwm11akmwu.cloudfront.net/products/864277_5-5-2023_18-45-57.jpeg""},{""type"":""thumbnail_url"",""extension"":""webp"",""url"":""https://d2qjkwm11akmwu.cloudfront.net/thumbnails/527881_5-5-2023_18-46-5.webp""},{""type"":""image_url"",""extension"":""webp"",""url"":""https://d2qjkwm11akmwu.cloudfront.net/products/864277_5-5-2023_18-45-57.webp""}]",,0,1,1,985100.00,936100.00,,
201,"2023-05-29 09:54:07",Dev,"2023-07-17 16:39:20",SELF,d7db0622-d2e5-40d6-a7a8-4ec0f6da9a76,"0",BISAGRATISONGKIR,43124,4812746,3360,"2023-04-03 13:00:00","2023-12-31 23:59:00",delayed_instant,"376708cf-e01e-4620-a5cf-54b9a1588316,b44c5b7e-b844-4105-acb8-858aaca5f8d8,49c1f3e0-4252-48c7-a007-8fd58e0fce42,ed1ac092-8663-42e2-96d1-d2af62267ad4,a561bd82-f0ef-45dd-bb79-85c5b0f00fc2,c1b2332b-644c-44a2-a878-0bf9c37e29b1,37eb40ff-cce3-4de6-b839-9cb5445a470f,74fcb9d1-a7b7-4672-ac7f-a1b62d8912a0,7976b31b-63fb-401e-87cc-c6e81ee7b5fd,484583cd-a5cc-40c6-bf9d-31ca6038400a,1963798f-8e06-4aa0-bda9-eb794e85a3ee,217d7de6-0412-4ebc-96df-2d8cfddd99e0,59c8f490-a9f0-497f-97e5-a0b175c23168,7e56512f-c4ed-490b-be84-d2fd21b1180c,ba7166a7-537a-4cfc-a27a-6642dd6764d8,07c03415-0d69-4c43-bc4a-d8a9ee0e3c7e,d7dbdc3c-0b3c-4be4-80eb-daad1e3dedd5,bfa2728f-1c97-4335-8547-1df04059a35b,de59f903-d42f-4640-92b5-0b8415bd7e1b,535d9556-fd19-468f-850b-5b01bff28c15,c21968b7-cc5a-43f8-8e33-552d89ce5846,ef63202b-ae39-4645-b570-c72ea02b7412,2d190978-db01-4027-8b05-bb7e16aa524f,eac848f9-b84c-44f8-85b7-faaa345a11e2",0.00,227,"2023-05-29 09:54:07",Dev,"2023-09-05 11:03:58",CC Token,update_status_coupon_end_time_task_id,"7cbdfc83-cf3e-4b8c-949f-f5ef0e44f240",201,43124,"2020-08-07 10:48:27",CC Token,"2025-07-25 02:06:15",SELF,"927741d7-626b-4e5b-9fd6-63bf4fc6ba0e",39400.00,IDR,https://d2qjkwm11akmwu.cloudfront.net/products/500950_20-7-2023_10-20-24.png,424,"Temukan informasi lengkap Welmove 2 Strip (5 Kaplet/Strip) - Hemat Borongan di Halodoc. Beli Welmove 2 Strip (5 Kaplet/Strip) - Hemat Borongan 1 Jam Sampai, Dikirim dari Apotek Tepercaya, Buka 24 Jam*","20230714, Obat-NCD, Obat rutin NCD, Routine medicines [Muscles, Bone & Joint] ||M4I [[Hematboronganvit]] [[hematborongan]] [[vitaminpilihan]] [[gaspolvitsept]] [[vitamin1010]] [[hemborvitamin]] [[vitaminpilihan]] [[gerakanantipegal]] [[gerakanantipegalapril]] [[gaspolvitamin]][[bisagratisongkir]] [[bisagratisongkir]] [[gratisongkirvit]] [[Vitaminorangtua]] [[parentsvitamin]] [[hembormomandkidsvit]]",Welmove 2 Strip (5 Kaplet/Strip) - Hemat Borongan,https://d2qjkwm11akmwu.cloudfront.net/thumbnails/331787_20-7-2023_10-20-33.png,medicine,b2c,1,active,47000.00,39400.00,0.01,30800.00,39400.00,0.09,0,,,,"[""tablet""]","[{""type"":""thumbnail_url"",""extension"":""webp"",""url"":""https://d2qjkwm11akmwu.cloudfront.net/thumbnails/331787_20-7-2023_10-20-33.webp""},{""type"":""image_url"",""extension"":""png"",""url"":""https://d2qjkwm11akmwu.cloudfront.net/products/500950_20-7-2023_10-20-24.png""},{""type"":""image_url"",""extension"":""webp"",""url"":""https://d2qjkwm11akmwu.cloudfront.net/products/500950_20-7-2023_10-20-24.webp""},{""type"":""thumbnail_url"",""extension"":""png"",""url"":""https://d2qjkwm11akmwu.cloudfront.net/thumbnails/331787_20-7-2023_10-20-33.png""}]",e8cead93-8f4e-4d50-9672-15665c117280,0,1,1,39400.00,37700.00,,
202,"2023-05-29 09:54:07",Dev,"2023-07-17 16:39:20",SELF,"7638fdcc-f5c8-4f03-a31b-3886366e9f4a","0",BISAGRATISONGKIR,75204,4812746,3360,"2023-04-03 13:00:00","2023-12-31 23:59:00",delayed_instant,"376708cf-e01e-4620-a5cf-54b9a1588316,b44c5b7e-b844-4105-acb8-858aaca5f8d8,49c1f3e0-4252-48c7-a007-8fd58e0fce42,ed1ac092-8663-42e2-96d1-d2af62267ad4,a561bd82-f0ef-45dd-bb79-85c5b0f00fc2,c1b2332b-644c-44a2-a878-0bf9c37e29b1,37eb40ff-cce3-4de6-b839-9cb5445a470f,74fcb9d1-a7b7-4672-ac7f-a1b62d8912a0,7976b31b-63fb-401e-87cc-c6e81ee7b5fd,484583cd-a5cc-40c6-bf9d-31ca6038400a,1963798f-8e06-4aa0-bda9-eb794e85a3ee,217d7de6-0412-4ebc-96df-2d8cfddd99e0,59c8f490-a9f0-497f-97e5-a0b175c23168,7e56512f-c4ed-490b-be84-d2fd21b1180c,ba7166a7-537a-4cfc-a27a-6642dd6764d8,07c03415-0d69-4c43-bc4a-d8a9ee0e3c7e,d7dbdc3c-0b3c-4be4-80eb-daad1e3dedd5,bfa2728f-1c97-4335-8547-1df04059a35b,de59f903-d42f-4640-92b5-0b8415bd7e1b,535d9556-fd19-468f-850b-5b01bff28c15,c21968b7-cc5a-43f8-8e33-552d89ce5846,ef63202b-ae39-4645-b570-c72ea02b7412,2d190978-db01-4027-8b05-bb7e16aa524f,eac848f9-b84c-44f8-85b7-faaa345a11e2",0.00,228,"2023-05-29 09:54:07",Dev,"2023-08-23 10:11:21",CC Token,update_status_coupon_end_time_task_id,af450ed4-0a4e-433b-8078-283f57fa7d97,202,75204,"2023-01-26 15:56:38",Dev,"2025-07-17 14:12:13",Dev,"6434a125-6937-4d9d-a95f-48eb06ad5fa5",182000.00,IDR,https://d2qjkwm11akmwu.cloudfront.net/products/375495_5-5-2023_19-40-59.jpeg,171,"Informasi terlengkap tentang Astria 4 mg 2 Box (12 Kapsul/Box) - Hemat Borongan. Komposisi, Fungsi, Kegunaan, Ulasan, Efek Samping, Indikasi, Aturan Pakai, dan Dosis.","20230126*, kemasan baru, peningkat imun, daya tahan tubuh, imun booster, kekebalan tubuh, vitamin kulit, Anti-aging, penuaan dini, sehat jantung, kesuburan, Antioksidan, Astaxanthin, Astasantin, radikal bebas, Asthin Force, OD, Interxanthin, Astatin, Truxanthin, Xantia, Axamed, Astria [[ramadansehat]] [[vitaminbestdeals]][[bisagratisongkir]] [[bisagratisongkir]] [[gratisongkirvit]] [[hembormomandkidsvit]]",Astria 4 mg 2 Box (12 Kapsul/Box) - Hemat Borongan,https://d2qjkwm11akmwu.cloudfront.net/thumbnails/89751_5-5-2023_19-41-2.png,medicine,b2c,0,inactive,186000.00,179200.00,0.00,145600.00,179200.00,0.10,0,,,,"[""cup"",""spray"",""measuring_spoon"",""ampule"",""bottle"",""ovula"",""suppository"",""milligrams"",""rub"",""table_spoon"",""unit"",""micrograms"",""measuring_spoon_5ml"",""syringe"",""pill"",""drops"",""patch"",""tablet"",""capsules"",""tube"",""measuring_spoon_10ml"",""sheets"",""ml"",""sachet"",""measuring_spoon_15ml""]","[{""type"":""image_url"",""extension"":""webp"",""url"":""https://d2qjkwm11akmwu.cloudfront.net/products/375495_5-5-2023_19-40-59.webp""},{""type"":""thumbnail_url"",""extension"":""webp"",""url"":""https://d2qjkwm11akmwu.cloudfront.net/thumbnails/89751_5-5-2023_19-41-2.webp""},{""type"":""thumbnail_url"",""extension"":""png"",""url"":""https://d2qjkwm11akmwu.cloudfront.net/thumbnails/89751_5-5-2023_19-41-2.png""},{""type"":""image_url"",""extension"":""jpeg"",""url"":""https://d2qjkwm11akmwu.cloudfront.net/products/375495_5-5-2023_19-40-59.jpeg""}]",,0,1,0,0.00,0.00,,
203,"2023-05-29 09:54:07",Dev,"2023-07-17 16:39:20",SELF,"8bbc57c9-ed2d-4fec-9908-bc6a45cbb8e6","0",BISAGRATISONGKIR,75482,4812746,3360,"2023-04-03 13:00:00","2023-12-31 23:59:00",delayed_instant,"376708cf-e01e-4620-a5cf-54b9a1588316,b44c5b7e-b844-4105-acb8-858aaca5f8d8,49c1f3e0-4252-48c7-a007-8fd58e0fce42,ed1ac092-8663-42e2-96d1-d2af62267ad4,a561bd82-f0ef-45dd-bb79-85c5b0f00fc2,c1b2332b-644c-44a2-a878-0bf9c37e29b1,37eb40ff-cce3-4de6-b839-9cb5445a470f,74fcb9d1-a7b7-4672-ac7f-a1b62d8912a0,7976b31b-63fb-401e-87cc-c6e81ee7b5fd,484583cd-a5cc-40c6-bf9d-31ca6038400a,1963798f-8e06-4aa0-bda9-eb794e85a3ee,217d7de6-0412-4ebc-96df-2d8cfddd99e0,59c8f490-a9f0-497f-97e5-a0b175c23168,7e56512f-c4ed-490b-be84-d2fd21b1180c,ba7166a7-537a-4cfc-a27a-6642dd6764d8,07c03415-0d69-4c43-bc4a-d8a9ee0e3c7e,d7dbdc3c-0b3c-4be4-80eb-daad1e3dedd5,bfa2728f-1c97-4335-8547-1df04059a35b,de59f903-d42f-4640-92b5-0b8415bd7e1b,535d9556-fd19-468f-850b-5b01bff28c15,c21968b7-cc5a-43f8-8e33-552d89ce5846,ef63202b-ae39-4645-b570-c72ea02b7412,2d190978-db01-4027-8b05-bb7e16aa524f,eac848f9-b84c-44f8-85b7-faaa345a11e2",0.00,229,"2023-05-29 09:54:07",Dev,"2023-11-14 11:38:53",CC Token,update_status_coupon_end_time_task_id,e9634ec3-1981-4512-9727-ca34c090cfc1,203,75482,"2023-02-08 10:46:38",Dev,"2025-07-25 02:11:08",SELF,"3321664a-3aa1-4cb2-8d39-c9064072c069",152300.00,IDR,https://d2qjkwm11akmwu.cloudfront.net/products/275286_1-9-2023_15-9-45.png,302,"Temukan informasi lengkap Imboost Force Kids Sirup 60 ml 2 Botol - Hemat Borongan di Halodoc. Beli Imboost Force Kids Sirup 60 ml 2 Botol - Hemat Borongan 1 Jam Sampai, Dikirim dari Apotek Tepercaya, Buka 24 Jam*","20250218, Echinacea, ecinase, Echinache, Esinase, ekinacea [[vitaminmenjagapasangan]] [[halodocannivevit]] [[gaspolvitamin]][[bisagratisongkir]] [[bisagratisongkir]] [[hembormomandkidsvit]] [[hemborvitamin]] [[supplementanak]] [[hemborvit]] [[obatsirup]] imboost [[hembor2024]][[puasaimunitas]], [[puasa2024]] [[annivvitaminimun]] [[harianaknas]] [[kebutuhananak]] [[imunvitamin]] [[hdcoin]][[hdpuasaanak]],[[hdpuasaimun]] [[hdvitimun]] [[hdkembalikesekolah]] [[tentanganak]]",Imboost Force Kids Sirup 60 ml 2 Botol - Hemat Borongan,https://d2qjkwm11akmwu.cloudfront.net/thumbnails/537754_1-9-2023_15-11-56.png,medicine,b2c,1,active,165400.00,152300.00,0.00,120000.00,152300.00,0.10,0,"2023-08-22 00:00:00","2023-08-31 00:00:00",0,"[""measuring_spoon_15ml"",""measuring_spoon_10ml"",""ml"",""measuring_spoon_5ml""]","[{""type"":""thumbnail_url"",""extension"":""png"",""url"":""https://d2qjkwm11akmwu.cloudfront.net/thumbnails/537754_1-9-2023_15-11-56.png""},{""type"":""image_url"",""extension"":""webp"",""url"":""https://d2qjkwm11akmwu.cloudfront.net/products/275286_1-9-2023_15-9-45.webp""},{""type"":""thumbnail_url"",""extension"":""webp"",""url"":""https://d2qjkwm11akmwu.cloudfront.net/thumbnails/537754_1-9-2023_15-11-56.webp""},{""type"":""image_url"",""extension"":""png"",""url"":""https://d2qjkwm11akmwu.cloudfront.net/products/275286_1-9-2023_15-9-45.png""}]",d514e66f-d596-4e84-a890-738f442a4aa7,0,1,1,152300.00,143300.00,,
204,"2023-05-29 09:54:07",Dev,"2023-07-17 16:39:20",SELF,"21b26770-9aa8-4dbe-89fb-03d2f1ff780f","0",BISAGRATISONGKIR,54443,4812746,3360,"2023-04-03 13:00:00","2023-12-31 23:59:00",delayed_instant,"376708cf-e01e-4620-a5cf-54b9a1588316,b44c5b7e-b844-4105-acb8-858aaca5f8d8,49c1f3e0-4252-48c7-a007-8fd58e0fce42,ed1ac092-8663-42e2-96d1-d2af62267ad4,a561bd82-f0ef-45dd-bb79-85c5b0f00fc2,c1b2332b-644c-44a2-a878-0bf9c37e29b1,37eb40ff-cce3-4de6-b839-9cb5445a470f,74fcb9d1-a7b7-4672-ac7f-a1b62d8912a0,7976b31b-63fb-401e-87cc-c6e81ee7b5fd,484583cd-a5cc-40c6-bf9d-31ca6038400a,1963798f-8e06-4aa0-bda9-eb794e85a3ee,217d7de6-0412-4ebc-96df-2d8cfddd99e0,59c8f490-a9f0-497f-97e5-a0b175c23168,7e56512f-c4ed-490b-be84-d2fd21b1180c,ba7166a7-537a-4cfc-a27a-6642dd6764d8,07c03415-0d69-4c43-bc4a-d8a9ee0e3c7e,d7dbdc3c-0b3c-4be4-80eb-daad1e3dedd5,bfa2728f-1c97-4335-8547-1df04059a35b,de59f903-d42f-4640-92b5-0b8415bd7e1b,535d9556-fd19-468f-850b-5b01bff28c15,c21968b7-cc5a-43f8-8e33-552d89ce5846,ef63202b-ae39-4645-b570-c72ea02b7412,2d190978-db01-4027-8b05-bb7e16aa524f,eac848f9-b84c-44f8-85b7-faaa345a11e2",0.00,230,"2023-05-29 09:54:07",Dev,"2023-09-12 10:27:27",CC Token,update_status_coupon_end_time_task_id,c747ef3b-5c1d-498f-a930-521c1d838d8f,204,54443,"2021-05-17 12:09:43",CC Token,"2025-07-25 02:08:05",SELF,a3c2cfe2-173a-4819-82ec-8a18fa1c34d5,155600.00,IDR,https://d2qjkwm11akmwu.cloudfront.net/products/403988_5-5-2023_18-47-25.jpeg,726,"Informasi terlengkap tentang EVER E 250 IU 60 KAPSUL - LEBIH HEMAT. Komposisi, Fungsi, Kegunaan, Ulasan, Efek Samping, Indikasi, Aturan Pakai, dan Dosis.","20250603, vit e, vitamin e, tochoperol, kulit[[bisagratisongkir]] [[bisagratisongkir]] [[gratisongkirvit]] [[hembormultivit]] [[vitaminkulit]] [[vitkulit]]",Ever E 250 IU 2 Botol (30 Kapsul Lunak/Botol) - Hemat Borongan,https://d2qjkwm11akmwu.cloudfront.net/thumbnails/746788_5-5-2023_18-47-34.png,medicine,b2c,1,active,165000.00,155600.00,0.00,120000.00,155600.00,0.01,0,,,,"[""capsules""]","[{""type"":""image_url"",""extension"":""jpeg"",""url"":""https://d2qjkwm11akmwu.cloudfront.net/products/403988_5-5-2023_18-47-25.jpeg""},{""type"":""thumbnail_url"",""extension"":""png"",""url"":""https://d2qjkwm11akmwu.cloudfront.net/thumbnails/746788_5-5-2023_18-47-34.png""},{""type"":""image_url"",""extension"":""webp"",""url"":""https://d2qjkwm11akmwu.cloudfront.net/products/403988_5-5-2023_18-47-25.webp""},{""type"":""thumbnail_url"",""extension"":""webp"",""url"":""https://d2qjkwm11akmwu.cloudfront.net/thumbnails/746788_5-5-2023_18-47-34.webp""}]","59fe5747-7d6e-453b-9a51-01d16a0515f0",0,1,1,155600.00,147800.00,,
205,"2023-05-29 09:54:07",Dev,"2023-07-17 16:39:21",SELF,"671a5fdb-2d30-4dfa-814c-ff6772fdf2e4","0",BISAGRATISONGKIR,76036,4812746,3360,"2023-04-03 13:00:00","2023-12-31 23:59:00",delayed_instant,"376708cf-e01e-4620-a5cf-54b9a1588316,b44c5b7e-b844-4105-acb8-858aaca5f8d8,49c1f3e0-4252-48c7-a007-8fd58e0fce42,ed1ac092-8663-42e2-96d1-d2af62267ad4,a561bd82-f0ef-45dd-bb79-85c5b0f00fc2,c1b2332b-644c-44a2-a878-0bf9c37e29b1,37eb40ff-cce3-4de6-b839-9cb5445a470f,74fcb9d1-a7b7-4672-ac7f-a1b62d8912a0,7976b31b-63fb-401e-87cc-c6e81ee7b5fd,484583cd-a5cc-40c6-bf9d-31ca6038400a,1963798f-8e06-4aa0-bda9-eb794e85a3ee,217d7de6-0412-4ebc-96df-2d8cfddd99e0,59c8f490-a9f0-497f-97e5-a0b175c23168,7e56512f-c4ed-490b-be84-d2fd21b1180c,ba7166a7-537a-4cfc-a27a-6642dd6764d8,07c03415-0d69-4c43-bc4a-d8a9ee0e3c7e,d7dbdc3c-0b3c-4be4-80eb-daad1e3dedd5,bfa2728f-1c97-4335-8547-1df04059a35b,de59f903-d42f-4640-92b5-0b8415bd7e1b,535d9556-fd19-468f-850b-5b01bff28c15,c21968b7-cc5a-43f8-8e33-552d89ce5846,ef63202b-ae39-4645-b570-c72ea02b7412,2d190978-db01-4027-8b05-bb7e16aa524f,eac848f9-b84c-44f8-85b7-faaa345a11e2",0.00,231,"2023-05-29 09:54:07",Dev,"2023-10-05 14:04:01",CC Token,update_status_coupon_end_time_task_id,"37c90d74-f22a-494f-b692-1031432d13d6",205,76036,"2023-03-02 17:27:44",Dev,"2025-07-25 02:11:13",SELF,d1916366-74d0-4808-9cee-4e24c4193dcf,136600.00,IDR,https://d2qjkwm11akmwu.cloudfront.net/products/347713_24-7-2023_9-54-59.jpeg,161,"Temukan informasi lengkap Rillus 2 Strip (6 Tablet/Strip) - Hemat Borongan di Halodoc. Beli Rillus 2 Strip (6 Tablet/Strip) - Hemat Borongan 1 Jam Sampai, Dikirim dari Apotek Tepercaya, Buka 24 Jam*","20250603, Neurotropik, defisiensi, vitamin, Neurologik, hamil, mual, muntah, morning sickness, Anemia, Roboran, pemulihan [[halodocannivevit]] [[gaspolvitamin]][[bisagratisongkir]] [[bisagratisongkir]] [[hemborpencernaan]] [[parentsvitamin]] [[hemborvitamin]] [[supplementanak]] [[hemborvit]] [[vitaminkeluarga]] [[halodocny]][[puasapencernaan]], [[puasa2024]] [[gaspolpencernaan]] [[hdcoin]],[[puasapencernaan]] [[hdpuasaimun]] [[diarehalodoc]]",Rillus 2 Strip (6 Tablet/Strip) - Hemat Borongan,https://d2qjkwm11akmwu.cloudfront.net/thumbnails/675163_24-7-2023_9-55-8.png,medicine,b2c,1,active,149200.00,136600.00,0.05,85600.00,136600.00,0.10,0,"2023-08-08 00:00:00","2023-08-15 00:00:00",0,"[""tablet""]","[{""type"":""image_url"",""extension"":""jpeg"",""url"":""https://d2qjkwm11akmwu.cloudfront.net/products/347713_24-7-2023_9-54-59.jpeg""},{""type"":""thumbnail_url"",""extension"":""webp"",""url"":""https://d2qjkwm11akmwu.cloudfront.net/thumbnails/675163_24-7-2023_9-55-8.webp""},{""type"":""thumbnail_url"",""extension"":""png"",""url"":""https://d2qjkwm11akmwu.cloudfront.net/thumbnails/675163_24-7-2023_9-55-8.png""},{""type"":""image_url"",""extension"":""webp"",""url"":""https://d2qjkwm11akmwu.cloudfront.net/products/347713_24-7-2023_9-54-59.webp""}]","01bf4e4f-3ccf-41c4-b3ba-41318ff10f8c",0,1,1,136600.00,113700.00,,
206,"2024-08-22 09:37:27",CC Token,"2024-12-10 17:33:40",SELF,"49cd4347-d6ca-462f-8765-c6513634632d","0",ONGKIRARC24,15151,10836231,4738,"2024-08-15 00:00:00","2025-01-15 23:59:00",,,,232,"2024-08-22 09:37:27",CC Token,"2024-12-10 17:33:40",SELF,update_status_coupon_end_time_task_id,"7a338b88-5b13-4f99-98ef-0dd87118c021",206,15151,"2017-09-05 10:56:27",Control Center,"2025-07-25 10:06:21",Dev,"9560133a-d1dd-4703-8357-f66c647b8e27",242400.00,IDR,https://d2qjkwm11akmwu.cloudfront.net/products/433162_1-2-2024_16-54-47.png,231,"Beli Arcoxia 90 mg 10 Tablet Gratis Ongkir pakai voucher: ONGKIRRESEP untuk Tebus Resep setelah Chat Dokter - Jaminan 1 Jam Sampai, Buka 24 Jam*","20250520, QAT-1021, Osteoartritis, nyeri, akut, pembedahan gigi, Originatory, Etoricoxib 90, nyeri, sakit, anti nyeri, anti sakit, nyeri otot ||T1 ||D1 ||TQ3 ||MDC ||H4MRI ||ETHICAL PRODUCT ||T1K||T2K, ||T3K,Coxiron, Etorvel, Etorix, Lacosib, Sikstop, Soricox, Orinox [[hkn20250429]] goflex, Orinox, Ecoxi HL-Non Injection [[heartology]], Arcoxia,",Arcoxia 90 mg 10 Tablet,https://d2qjkwm11akmwu.cloudfront.net/thumbnails/502518_1-2-2024_16-55-16.png,medicine,b2c,1,active,242400.00,242400.00,0.13,157000.00,242400.00,0.05,1,"2023-10-03 00:00:00","2023-12-07 00:00:00",0,"[""tablet""]","[{""type"":""thumbnail_url"",""extension"":""png"",""url"":""https://d2qjkwm11akmwu.cloudfront.net/thumbnails/502518_1-2-2024_16-55-16.png""},{""type"":""thumbnail_url"",""extension"":""webp"",""url"":""https://d2qjkwm11akmwu.cloudfront.net/thumbnails/502518_1-2-2024_16-55-16.webp""},{""type"":""image_url"",""extension"":""png"",""url"":""https://d2qjkwm11akmwu.cloudfront.net/products/433162_1-2-2024_16-54-47.png""},{""type"":""image_url"",""extension"":""webp"",""url"":""https://d2qjkwm11akmwu.cloudfront.net/products/433162_1-2-2024_16-54-47.webp""}]","5af4338b-b7db-4f74-ac22-579a5051739a",1,1,1,242400.00,235100.00,,
