"display_name","id","demand_zone_id","zone_id","status","name","created_at","updated_at","created_by","updated_by"
Halodoc - B2B - Banjarmasin,1394,25,96,active,Banjarmasin,"2024-12-20 18:40:54","2024-12-20 18:40:54",wiwin.dwiutami.hakim,wiwin.dwiutami.hakim
Halodoc - B2B - Jabodetabek,1311,22,5,active,Tangerang North,"2024-07-07 10:01:50","2024-07-07 10:01:50",wiwin.dwiutami.hakim,wiwin.dwiutami.hakim
Halodoc - B2B - Jabodetabek,1312,22,6,active,Tangerang South,"2024-07-07 10:01:50","2024-07-07 10:01:50",wiwin.dwiutami.hakim,wiwin.dwiutami.hakim
Halodoc - B2B - Jabodetabek,1313,22,71,active,Bogor Kabupaten East,"2024-07-07 10:01:50","2024-07-07 10:01:50",wiwin.dwiutami.hakim,wiwin.dwiutami.hakim
Halodoc - B2B - Jabodetabek,1314,22,72,active,Karawang,"2024-07-07 10:01:50","2024-07-07 10:01:50",wiwin.dwiutami.hakim,wiwin.dwiutami.hakim
Halodoc - B2B - Jabodetabek,1315,22,74,active,Cirebon - Kuningan,"2024-07-07 10:01:50","2024-07-07 10:01:50",wiwin.dwiutami.hakim,wiwin.dwiutami.hakim
Halodoc - B2B - Jabodetabek,1316,22,75,active,Bogor Kabupaten West,"2024-07-07 10:01:50","2024-07-07 10:01:50",wiwin.dwiutami.hakim,wiwin.dwiutami.hakim
Halodoc - B2B - Jabodetabek,1317,22,13,active,Bogor,"2024-07-07 10:01:50","2024-07-07 10:01:50",wiwin.dwiutami.hakim,wiwin.dwiutami.hakim
Halodoc - B2B - Jabodetabek,1318,22,15,active,Depok,"2024-07-07 10:01:50","2024-07-07 10:01:50",wiwin.dwiutami.hakim,wiwin.dwiutami.hakim
Halodoc - B2B - Jabodetabek,1319,22,627,active,Tangerang Rural,"2024-07-07 10:01:50","2024-07-07 10:01:50",wiwin.dwiutami.hakim,wiwin.dwiutami.hakim
Halodoc - B2B - Jabodetabek,1320,22,179,active,Karawang North,"2024-07-07 10:01:50","2024-07-07 10:01:50",wiwin.dwiutami.hakim,wiwin.dwiutami.hakim
Halodoc - B2B - Jabodetabek,1321,22,628,active,Tangerang Rural New,"2024-07-07 10:01:50","2024-07-07 10:01:50",wiwin.dwiutami.hakim,wiwin.dwiutami.hakim
Halodoc - B2B - Jabodetabek,1322,22,119,active,Cirebon Kabupaten South,"2024-07-07 10:01:50","2024-07-07 10:01:50",wiwin.dwiutami.hakim,wiwin.dwiutami.hakim
Halodoc - B2B - Jabodetabek,1323,22,120,active,Cirebon Kabupaten North,"2024-07-07 10:01:50","2024-07-07 10:01:50",wiwin.dwiutami.hakim,wiwin.dwiutami.hakim
Halodoc - B2B - Jabodetabek,1324,22,25,active,Jakarta North,"2024-07-07 10:01:50","2024-07-07 10:01:50",wiwin.dwiutami.hakim,wiwin.dwiutami.hakim
Halodoc - B2B - Jabodetabek,1325,22,122,active,Bogor Kabupaten North,"2024-07-07 10:01:50","2024-07-07 10:01:50",wiwin.dwiutami.hakim,wiwin.dwiutami.hakim
Halodoc - B2B - Jabodetabek,1326,22,63,active,Cirebon,"2024-07-07 10:01:50","2024-07-07 10:01:50",wiwin.dwiutami.hakim,wiwin.dwiutami.hakim
Halodoc - B2B - Jabodetabek,1327,22,1,active,Jakarta South,"2024-07-07 10:01:50","2024-07-07 10:01:50",wiwin.dwiutami.hakim,wiwin.dwiutami.hakim
Halodoc - B2B - Jabodetabek,1328,22,2,active,Jakarta Central,"2024-07-07 10:01:50","2024-07-07 10:01:50",wiwin.dwiutami.hakim,wiwin.dwiutami.hakim
Halodoc - B2B - Jabodetabek,1329,22,3,active,Jakarta West,"2024-07-07 10:01:50","2024-07-07 10:01:50",wiwin.dwiutami.hakim,wiwin.dwiutami.hakim
Halodoc - B2B - Jabodetabek,1330,22,4,active,Jakarta East,"2024-07-07 10:01:50","2024-07-07 10:01:50",wiwin.dwiutami.hakim,wiwin.dwiutami.hakim
Halodoc - B2B - Jabodetabek,1365,22,655,active,Bekasi City,"2024-11-25 14:51:13","2024-11-25 14:51:13",wiwin.dwiutami.hakim,wiwin.dwiutami.hakim
Halodoc - B2B - Jabodetabek,1366,22,656,active,Bekasi City South,"2024-11-25 14:51:13","2024-11-25 14:51:13",wiwin.dwiutami.hakim,wiwin.dwiutami.hakim
Halodoc - B2B - Jabodetabek,1367,22,658,active,Bekasi City North,"2024-11-25 14:51:13","2024-11-25 14:51:13",wiwin.dwiutami.hakim,wiwin.dwiutami.hakim
Halodoc - B2B - Jabodetabek,1368,22,659,active,Cikarang,"2024-11-25 14:51:13","2024-11-25 14:51:13",wiwin.dwiutami.hakim,wiwin.dwiutami.hakim
Halodoc - B2B - Jabodetabek,1369,22,661,active,Cileungsi,"2024-11-25 14:51:13","2024-11-25 14:51:13",wiwin.dwiutami.hakim,wiwin.dwiutami.hakim
Halodoc - B2B - Jabodetabek,1370,22,662,active,Bogor City,"2024-11-25 14:51:13","2024-11-25 14:51:13",wiwin.dwiutami.hakim,wiwin.dwiutami.hakim
Halodoc - B2B - Jabodetabek,1470,22,11,active,Bekasi,"2025-05-10 10:33:13","2025-05-10 10:33:15",wiwin.dwiutami.hakim,wiwin.dwiutami.hakim
Halodoc - B2B - Jabodetabek,1471,22,18,active,Bandung North,"2025-05-10 10:33:13","2025-05-10 10:33:15",wiwin.dwiutami.hakim,wiwin.dwiutami.hakim
Halodoc - B2B - Jabodetabek,1472,22,19,active,Bandung South,"2025-05-10 10:33:13","2025-05-10 10:33:15",wiwin.dwiutami.hakim,wiwin.dwiutami.hakim
Halodoc - B2B - Jabodetabek,1473,22,20,active,Bandung - Cimahi,"2025-05-10 10:33:13","2025-05-10 10:33:15",wiwin.dwiutami.hakim,wiwin.dwiutami.hakim
Halodoc - B2B - Jabodetabek,1474,22,21,active,Sidoarjo,"2025-05-10 10:33:13","2025-05-10 10:33:15",wiwin.dwiutami.hakim,wiwin.dwiutami.hakim
Halodoc - B2B - Jabodetabek,1475,22,22,active,Surabaya West,"2025-05-10 10:33:13","2025-05-10 10:33:15",wiwin.dwiutami.hakim,wiwin.dwiutami.hakim
Halodoc - B2B - Jabodetabek,1476,22,23,active,Surabaya North,"2025-05-10 10:33:13","2025-05-10 10:33:15",wiwin.dwiutami.hakim,wiwin.dwiutami.hakim
Halodoc - B2B - Jabodetabek,1477,22,24,active,Surabaya South,"2025-05-10 10:33:13","2025-05-10 10:33:15",wiwin.dwiutami.hakim,wiwin.dwiutami.hakim
Halodoc - B2B - Jabodetabek,1478,22,27,active,Bandung - Padalarang,"2025-05-10 10:33:13","2025-05-10 10:33:15",wiwin.dwiutami.hakim,wiwin.dwiutami.hakim
Halodoc - B2B - Jabodetabek,1479,22,28,active,Semarang South East,"2025-05-10 10:33:13","2025-05-10 10:33:15",wiwin.dwiutami.hakim,wiwin.dwiutami.hakim
Halodoc - B2B - Jabodetabek,1480,22,29,active,Semarang South West,"2025-05-10 10:33:13","2025-05-10 10:33:15",wiwin.dwiutami.hakim,wiwin.dwiutami.hakim
Halodoc - B2B - Jabodetabek,1481,22,30,active,Semarang Central,"2025-05-10 10:33:13","2025-05-10 10:33:15",wiwin.dwiutami.hakim,wiwin.dwiutami.hakim
Halodoc - B2B - Jabodetabek,1482,22,31,active,Semarang East,"2025-05-10 10:33:13","2025-05-10 10:33:15",wiwin.dwiutami.hakim,wiwin.dwiutami.hakim
Halodoc - B2B - Jabodetabek,1483,22,32,active,Semarang North,"2025-05-10 10:33:13","2025-05-10 10:33:15",wiwin.dwiutami.hakim,wiwin.dwiutami.hakim
Halodoc - B2B - Jabodetabek,1484,22,33,active,Bali Kuta South,"2025-05-10 10:33:13","2025-05-10 10:33:15",wiwin.dwiutami.hakim,wiwin.dwiutami.hakim
Halodoc - B2B - Jabodetabek,1485,22,34,active,Bali Kuta North,"2025-05-10 10:33:13","2025-05-10 10:33:15",wiwin.dwiutami.hakim,wiwin.dwiutami.hakim
Halodoc - B2B - Jabodetabek,1486,22,35,active,Bali Denpasar,"2025-05-10 10:33:13","2025-05-10 10:33:15",wiwin.dwiutami.hakim,wiwin.dwiutami.hakim
Halodoc - B2B - Jabodetabek,1487,22,36,active,Malang South,"2025-05-10 10:33:13","2025-05-10 10:33:15",wiwin.dwiutami.hakim,wiwin.dwiutami.hakim
Halodoc - B2B - Jabodetabek,1488,22,37,active,Malang North,"2025-05-10 10:33:13","2025-05-10 10:33:15",wiwin.dwiutami.hakim,wiwin.dwiutami.hakim
Halodoc - B2B - Jabodetabek,1489,22,38,active,Malang - Batu,"2025-05-10 10:33:13","2025-05-10 10:33:15",wiwin.dwiutami.hakim,wiwin.dwiutami.hakim
Halodoc - B2B - Jabodetabek,1490,22,39,active,Yogyakarta South,"2025-05-10 10:33:13","2025-05-10 10:33:15",wiwin.dwiutami.hakim,wiwin.dwiutami.hakim
Halodoc - B2B - Jabodetabek,1491,22,40,active,Yogyakarta North,"2025-05-10 10:33:13","2025-05-10 10:33:15",wiwin.dwiutami.hakim,wiwin.dwiutami.hakim
Halodoc - B2B - Jabodetabek,1492,22,41,active,Solo West,"2025-05-10 10:33:13","2025-05-10 10:33:15",wiwin.dwiutami.hakim,wiwin.dwiutami.hakim
Halodoc - B2B - Jabodetabek,1493,22,42,active,Solo Central,"2025-05-10 10:33:13","2025-05-10 10:33:15",wiwin.dwiutami.hakim,wiwin.dwiutami.hakim
Halodoc - B2B - Jabodetabek,1494,22,43,active,Yogyakarta - Bantul,"2025-05-10 10:33:13","2025-05-10 10:33:15",wiwin.dwiutami.hakim,wiwin.dwiutami.hakim
Halodoc - B2B - Jabodetabek,1495,22,44,active,Palembang North,"2025-05-10 10:33:13","2025-05-10 10:33:15",wiwin.dwiutami.hakim,wiwin.dwiutami.hakim
Halodoc - B2B - Jabodetabek,1496,22,45,active,Palembang West,"2025-05-10 10:33:13","2025-05-10 10:33:15",wiwin.dwiutami.hakim,wiwin.dwiutami.hakim
Halodoc - B2B - Jabodetabek,1497,22,46,active,Palembang South,"2025-05-10 10:33:13","2025-05-10 10:33:15",wiwin.dwiutami.hakim,wiwin.dwiutami.hakim
Halodoc - B2B - Jabodetabek,1498,22,47,active,Medan South,"2025-05-10 10:33:13","2025-05-10 10:33:15",wiwin.dwiutami.hakim,wiwin.dwiutami.hakim
Halodoc - B2B - Jabodetabek,1499,22,48,active,Medan Central,"2025-05-10 10:33:13","2025-05-10 10:33:15",wiwin.dwiutami.hakim,wiwin.dwiutami.hakim
Halodoc - B2B - Jabodetabek,1500,22,49,active,Medan North,"2025-05-10 10:33:13","2025-05-10 10:33:15",wiwin.dwiutami.hakim,wiwin.dwiutami.hakim
Halodoc - B2B - Jabodetabek,1501,22,50,active,Manado North,"2025-05-10 10:33:13","2025-05-10 10:33:15",wiwin.dwiutami.hakim,wiwin.dwiutami.hakim
Halodoc - B2B - Jabodetabek,1502,22,51,active,Manado South,"2025-05-10 10:33:13","2025-05-10 10:33:15",wiwin.dwiutami.hakim,wiwin.dwiutami.hakim
Halodoc - B2B - Jabodetabek,1503,22,52,active,Balikpapan North,"2025-05-10 10:33:13","2025-05-10 10:33:15",wiwin.dwiutami.hakim,wiwin.dwiutami.hakim
Halodoc - B2B - Jabodetabek,1504,22,53,active,Balikpapan South,"2025-05-10 10:33:13","2025-05-10 10:33:15",wiwin.dwiutami.hakim,wiwin.dwiutami.hakim
Halodoc - B2B - Jabodetabek,1505,22,54,active,Makassar South,"2025-05-10 10:33:13","2025-05-10 10:33:15",wiwin.dwiutami.hakim,wiwin.dwiutami.hakim
Halodoc - B2B - Jabodetabek,1506,22,55,active,Makassar Central,"2025-05-10 10:33:13","2025-05-10 10:33:15",wiwin.dwiutami.hakim,wiwin.dwiutami.hakim
Halodoc - B2B - Jabodetabek,1507,22,56,active,Makassar North,"2025-05-10 10:33:13","2025-05-10 10:33:15",wiwin.dwiutami.hakim,wiwin.dwiutami.hakim
Halodoc - B2B - Jabodetabek,1508,22,57,active,Sukabumi,"2025-05-10 10:33:13","2025-05-10 10:33:15",wiwin.dwiutami.hakim,wiwin.dwiutami.hakim
Halodoc - B2B - Jabodetabek,1509,22,58,active,Pontianak North,"2025-05-10 10:33:13","2025-05-10 10:33:15",wiwin.dwiutami.hakim,wiwin.dwiutami.hakim
Halodoc - B2B - Jabodetabek,1510,22,59,active,Pontianak South,"2025-05-10 10:33:13","2025-05-10 10:33:15",wiwin.dwiutami.hakim,wiwin.dwiutami.hakim
Halodoc - B2B - Jabodetabek,1511,22,60,active,Padang,"2025-05-10 10:33:13","2025-05-10 10:33:15",wiwin.dwiutami.hakim,wiwin.dwiutami.hakim
Halodoc - B2B - Jabodetabek,1512,22,61,active,Bukittinggi,"2025-05-10 10:33:13","2025-05-10 10:33:15",wiwin.dwiutami.hakim,wiwin.dwiutami.hakim
Halodoc - B2B - Jabodetabek,1513,22,62,active,Mataram,"2025-05-10 10:33:13","2025-05-10 10:33:15",wiwin.dwiutami.hakim,wiwin.dwiutami.hakim
Halodoc - B2B - Jabodetabek,1514,22,64,active,Pekanbaru,"2025-05-10 10:33:13","2025-05-10 10:33:15",wiwin.dwiutami.hakim,wiwin.dwiutami.hakim
Halodoc - B2B - Jabodetabek,1515,22,66,active,Bandung East,"2025-05-10 10:33:13","2025-05-10 10:33:15",wiwin.dwiutami.hakim,wiwin.dwiutami.hakim
Halodoc - B2B - Jabodetabek,1516,22,67,active,Bandung Kabupaten,"2025-05-10 10:33:13","2025-05-10 10:33:15",wiwin.dwiutami.hakim,wiwin.dwiutami.hakim
Halodoc - B2B - Jabodetabek,1517,22,68,active,Bandar Lampung East,"2025-05-10 10:33:13","2025-05-10 10:33:15",wiwin.dwiutami.hakim,wiwin.dwiutami.hakim
Halodoc - B2B - Jabodetabek,1518,22,69,active,Bandar Lampung West,"2025-05-10 10:33:13","2025-05-10 10:33:15",wiwin.dwiutami.hakim,wiwin.dwiutami.hakim
Halodoc - B2B - Jabodetabek,1519,22,70,active,Purwakarta,"2025-05-10 10:33:13","2025-05-10 10:33:15",wiwin.dwiutami.hakim,wiwin.dwiutami.hakim
Halodoc - B2B - Jabodetabek,1520,22,73,active,Bekasi Kabupaten North,"2025-05-10 10:33:13","2025-05-10 10:33:15",wiwin.dwiutami.hakim,wiwin.dwiutami.hakim
Halodoc - B2B - Jabodetabek,1521,22,76,active,Ponorogo West,"2025-05-10 10:33:13","2025-05-10 10:33:15",wiwin.dwiutami.hakim,wiwin.dwiutami.hakim
Halodoc - B2B - Jabodetabek,1522,22,77,active,Ponorogo East,"2025-05-10 10:33:13","2025-05-10 10:33:15",wiwin.dwiutami.hakim,wiwin.dwiutami.hakim
Halodoc - B2B - Jabodetabek,1523,22,78,active,Tegal,"2025-05-10 10:33:13","2025-05-10 10:33:15",wiwin.dwiutami.hakim,wiwin.dwiutami.hakim
Halodoc - B2B - Jabodetabek,1524,22,79,active,Pekalongan,"2025-05-10 10:33:13","2025-05-10 10:33:15",wiwin.dwiutami.hakim,wiwin.dwiutami.hakim
Halodoc - B2B - Jabodetabek,1525,22,80,active,Gresik,"2025-05-10 10:33:13","2025-05-10 10:33:15",wiwin.dwiutami.hakim,wiwin.dwiutami.hakim
Halodoc - B2B - Jabodetabek,1526,22,81,active,Batam,"2025-05-10 10:33:13","2025-05-10 10:33:15",wiwin.dwiutami.hakim,wiwin.dwiutami.hakim
Halodoc - B2B - Jabodetabek,1527,22,82,active,Cilegon,"2025-05-10 10:33:13","2025-05-10 10:33:15",wiwin.dwiutami.hakim,wiwin.dwiutami.hakim
Halodoc - B2B - Jabodetabek,1528,22,83,active,Serang East,"2025-05-10 10:33:13","2025-05-10 10:33:15",wiwin.dwiutami.hakim,wiwin.dwiutami.hakim
Halodoc - B2B - Jabodetabek,1529,22,84,active,Serang West,"2025-05-10 10:33:13","2025-05-10 10:33:15",wiwin.dwiutami.hakim,wiwin.dwiutami.hakim
Halodoc - B2B - Jabodetabek,1530,22,85,active,Banyuwangi,"2025-05-10 10:33:13","2025-05-10 10:33:15",wiwin.dwiutami.hakim,wiwin.dwiutami.hakim
Halodoc - B2B - Jabodetabek,1531,22,86,active,Pasuruan,"2025-05-10 10:33:13","2025-05-10 10:33:15",wiwin.dwiutami.hakim,wiwin.dwiutami.hakim
Halodoc - B2B - Jabodetabek,1532,22,87,active,Probolinggo East,"2025-05-10 10:33:13","2025-05-10 10:33:15",wiwin.dwiutami.hakim,wiwin.dwiutami.hakim
Halodoc - B2B - Jabodetabek,1533,22,88,active,Probolinggo West,"2025-05-10 10:33:13","2025-05-10 10:33:15",wiwin.dwiutami.hakim,wiwin.dwiutami.hakim
Halodoc - B2B - Jabodetabek,1534,22,89,active,Lawang,"2025-05-10 10:33:13","2025-05-10 10:33:15",wiwin.dwiutami.hakim,wiwin.dwiutami.hakim
Halodoc - B2B - Jabodetabek,1535,22,90,active,Jember Central,"2025-05-10 10:33:13","2025-05-10 10:33:15",wiwin.dwiutami.hakim,wiwin.dwiutami.hakim
Halodoc - B2B - Jabodetabek,1536,22,91,active,Lamongan Central,"2025-05-10 10:33:13","2025-05-10 10:33:15",wiwin.dwiutami.hakim,wiwin.dwiutami.hakim
Halodoc - B2B - Jabodetabek,1537,22,92,active,Kediri,"2025-05-10 10:33:13","2025-05-10 10:33:15",wiwin.dwiutami.hakim,wiwin.dwiutami.hakim
Halodoc - B2B - Jabodetabek,1538,22,93,active,Madiun,"2025-05-10 10:33:13","2025-05-10 10:33:15",wiwin.dwiutami.hakim,wiwin.dwiutami.hakim
Halodoc - B2B - Jabodetabek,1539,22,94,active,Binjai,"2025-05-10 10:33:13","2025-05-10 10:33:15",wiwin.dwiutami.hakim,wiwin.dwiutami.hakim
Halodoc - B2B - Jabodetabek,1540,22,95,active,Samarinda,"2025-05-10 10:33:13","2025-05-10 10:33:15",wiwin.dwiutami.hakim,wiwin.dwiutami.hakim
Halodoc - B2B - Jabodetabek,1541,22,96,active,Banjarmasin,"2025-05-10 10:33:13","2025-05-10 10:33:15",wiwin.dwiutami.hakim,wiwin.dwiutami.hakim
Halodoc - B2B - Jabodetabek,1542,22,97,active,Banjar Baru,"2025-05-10 10:33:13","2025-05-10 10:33:15",wiwin.dwiutami.hakim,wiwin.dwiutami.hakim
Halodoc - B2B - Jabodetabek,1543,22,98,active,Gresik South,"2025-05-10 10:33:13","2025-05-10 10:33:15",wiwin.dwiutami.hakim,wiwin.dwiutami.hakim
Halodoc - B2B - Jabodetabek,1544,22,100,active,Gresik North,"2025-05-10 10:33:13","2025-05-10 10:33:15",wiwin.dwiutami.hakim,wiwin.dwiutami.hakim
Halodoc - B2B - Jabodetabek,1545,22,101,active,Mojokerto North,"2025-05-10 10:33:13","2025-05-10 10:33:15",wiwin.dwiutami.hakim,wiwin.dwiutami.hakim
Halodoc - B2B - Jabodetabek,1546,22,102,active,Mojokerto South,"2025-05-10 10:33:13","2025-05-10 10:33:15",wiwin.dwiutami.hakim,wiwin.dwiutami.hakim
Halodoc - B2B - Jabodetabek,1547,22,103,active,Deli Serdang East,"2025-05-10 10:33:13","2025-05-10 10:33:15",wiwin.dwiutami.hakim,wiwin.dwiutami.hakim
Halodoc - B2B - Jabodetabek,1548,22,104,active,Deli Serdang Central,"2025-05-10 10:33:13","2025-05-10 10:33:15",wiwin.dwiutami.hakim,wiwin.dwiutami.hakim
Halodoc - B2B - Jabodetabek,1549,22,105,active,Deli Serdang West,"2025-05-10 10:33:13","2025-05-10 10:33:15",wiwin.dwiutami.hakim,wiwin.dwiutami.hakim
Halodoc - B2B - Jabodetabek,1550,22,107,active,Malang Kabupaten West,"2025-05-10 10:33:13","2025-05-10 10:33:15",wiwin.dwiutami.hakim,wiwin.dwiutami.hakim
Halodoc - B2B - Jabodetabek,1551,22,108,active,Malang Kabupaten East,"2025-05-10 10:33:13","2025-05-10 10:33:15",wiwin.dwiutami.hakim,wiwin.dwiutami.hakim
Halodoc - B2B - Jabodetabek,1552,22,109,active,Tabanan South,"2025-05-10 10:33:13","2025-05-10 10:33:15",wiwin.dwiutami.hakim,wiwin.dwiutami.hakim
Halodoc - B2B - Jabodetabek,1553,22,110,active,Badung Central,"2025-05-10 10:33:13","2025-05-10 10:33:15",wiwin.dwiutami.hakim,wiwin.dwiutami.hakim
Halodoc - B2B - Jabodetabek,1554,22,111,active,Gianyar South,"2025-05-10 10:33:13","2025-05-10 10:33:15",wiwin.dwiutami.hakim,wiwin.dwiutami.hakim
Halodoc - B2B - Jabodetabek,1555,22,112,active,Pekanbaru North,"2025-05-10 10:33:13","2025-05-10 10:33:15",wiwin.dwiutami.hakim,wiwin.dwiutami.hakim
Halodoc - B2B - Jabodetabek,1556,22,113,active,Kampar North,"2025-05-10 10:33:13","2025-05-10 10:33:15",wiwin.dwiutami.hakim,wiwin.dwiutami.hakim
Halodoc - B2B - Jabodetabek,1557,22,115,active,Kampar East,"2025-05-10 10:33:13","2025-05-10 10:33:15",wiwin.dwiutami.hakim,wiwin.dwiutami.hakim
Halodoc - B2B - Jabodetabek,1558,22,116,active,Bandung Kabupaten South,"2025-05-10 10:33:13","2025-05-10 10:33:15",wiwin.dwiutami.hakim,wiwin.dwiutami.hakim
Halodoc - B2B - Jabodetabek,1559,22,117,active,Sukoharjo North,"2025-05-10 10:33:13","2025-05-10 10:33:15",wiwin.dwiutami.hakim,wiwin.dwiutami.hakim
Halodoc - B2B - Jabodetabek,1560,22,118,active,Karanganyar West,"2025-05-10 10:33:13","2025-05-10 10:33:15",wiwin.dwiutami.hakim,wiwin.dwiutami.hakim
Halodoc - B2B - Jabodetabek,1561,22,121,active,Jambi,"2025-05-10 10:33:13","2025-05-10 10:33:15",wiwin.dwiutami.hakim,wiwin.dwiutami.hakim
Halodoc - B2B - Jabodetabek,1562,22,123,active,Bekasi Kabupaten South,"2025-05-10 10:33:13","2025-05-10 10:33:15",wiwin.dwiutami.hakim,wiwin.dwiutami.hakim
Halodoc - B2B - Jabodetabek,1563,22,124,active,Metro,"2025-05-10 10:33:13","2025-05-10 10:33:15",wiwin.dwiutami.hakim,wiwin.dwiutami.hakim
Halodoc - B2B - Jabodetabek,1564,22,125,active,Tegal Kabupaten North,"2025-05-10 10:33:13","2025-05-10 10:33:15",wiwin.dwiutami.hakim,wiwin.dwiutami.hakim
Halodoc - B2B - Jabodetabek,1565,22,126,active,Brebes North,"2025-05-10 10:33:13","2025-05-10 10:33:15",wiwin.dwiutami.hakim,wiwin.dwiutami.hakim
Halodoc - B2B - Jabodetabek,1566,22,127,active,Palu,"2025-05-10 10:33:13","2025-05-10 10:33:15",wiwin.dwiutami.hakim,wiwin.dwiutami.hakim
Halodoc - B2B - Jabodetabek,1567,22,128,active,Sleman East,"2025-05-10 10:33:13","2025-05-10 10:33:15",wiwin.dwiutami.hakim,wiwin.dwiutami.hakim
Halodoc - B2B - Jabodetabek,1568,22,129,active,Sleman West,"2025-05-10 10:33:13","2025-05-10 10:33:15",wiwin.dwiutami.hakim,wiwin.dwiutami.hakim
Halodoc - B2B - Jabodetabek,1569,22,130,active,Kediri Kabupaten West,"2025-05-10 10:33:13","2025-05-10 10:33:15",wiwin.dwiutami.hakim,wiwin.dwiutami.hakim
Halodoc - B2B - Jabodetabek,1570,22,131,active,Kediri Kabupaten East,"2025-05-10 10:33:13","2025-05-10 10:33:15",wiwin.dwiutami.hakim,wiwin.dwiutami.hakim
Halodoc - B2B - Jabodetabek,1571,22,132,active,Jombang,"2025-05-10 10:33:13","2025-05-10 10:33:15",wiwin.dwiutami.hakim,wiwin.dwiutami.hakim
Halodoc - B2B - Jabodetabek,1572,22,133,active,Ungaran West,"2025-05-10 10:33:13","2025-05-10 10:33:15",wiwin.dwiutami.hakim,wiwin.dwiutami.hakim
Halodoc - B2B - Jabodetabek,1573,22,134,active,Ungaran East,"2025-05-10 10:33:13","2025-05-10 10:33:15",wiwin.dwiutami.hakim,wiwin.dwiutami.hakim
Halodoc - B2B - Jabodetabek,1574,22,135,active,Salatiga West,"2025-05-10 10:33:13","2025-05-10 10:33:15",wiwin.dwiutami.hakim,wiwin.dwiutami.hakim
Halodoc - B2B - Jabodetabek,1575,22,136,active,Salatiga East,"2025-05-10 10:33:13","2025-05-10 10:33:15",wiwin.dwiutami.hakim,wiwin.dwiutami.hakim
Halodoc - B2B - Jabodetabek,1576,22,137,active,Magelang,"2025-05-10 10:33:13","2025-05-10 10:33:15",wiwin.dwiutami.hakim,wiwin.dwiutami.hakim
Halodoc - B2B - Jabodetabek,1577,22,138,active,Sukabumi North,"2025-05-10 10:33:13","2025-05-10 10:33:15",wiwin.dwiutami.hakim,wiwin.dwiutami.hakim
Halodoc - B2B - Jabodetabek,1578,22,139,active,Sukabumi West,"2025-05-10 10:33:13","2025-05-10 10:33:15",wiwin.dwiutami.hakim,wiwin.dwiutami.hakim
Halodoc - B2B - Jabodetabek,1579,22,140,active,Sukabumi Central,"2025-05-10 10:33:13","2025-05-10 10:33:15",wiwin.dwiutami.hakim,wiwin.dwiutami.hakim
Halodoc - B2B - Jabodetabek,1580,22,141,active,Garut Central,"2025-05-10 10:33:13","2025-05-10 10:33:15",wiwin.dwiutami.hakim,wiwin.dwiutami.hakim
Halodoc - B2B - Jabodetabek,1581,22,142,active,Kudus Central,"2025-05-10 10:33:13","2025-05-10 10:33:15",wiwin.dwiutami.hakim,wiwin.dwiutami.hakim
Halodoc - B2B - Jabodetabek,1582,22,143,active,Pangkal Pinang,"2025-05-10 10:33:13","2025-05-10 10:33:15",wiwin.dwiutami.hakim,wiwin.dwiutami.hakim
Halodoc - B2B - Jabodetabek,1583,22,144,active,Tanjung Pinang,"2025-05-10 10:33:13","2025-05-10 10:33:15",wiwin.dwiutami.hakim,wiwin.dwiutami.hakim
Halodoc - B2B - Jabodetabek,1584,22,145,active,Pematang Siantar,"2025-05-10 10:33:13","2025-05-10 10:33:15",wiwin.dwiutami.hakim,wiwin.dwiutami.hakim
Halodoc - B2B - Jabodetabek,1585,22,147,active,Sukoharjo South,"2025-05-10 10:33:13","2025-05-10 10:33:15",wiwin.dwiutami.hakim,wiwin.dwiutami.hakim
Halodoc - B2B - Jabodetabek,1586,22,148,active,Sragen South West,"2025-05-10 10:33:13","2025-05-10 10:33:15",wiwin.dwiutami.hakim,wiwin.dwiutami.hakim
Halodoc - B2B - Jabodetabek,1587,22,149,active,Magetan North,"2025-05-10 10:33:13","2025-05-10 10:33:15",wiwin.dwiutami.hakim,wiwin.dwiutami.hakim
Halodoc - B2B - Jabodetabek,1588,22,150,active,Madiun Kabupaten South,"2025-05-10 10:33:13","2025-05-10 10:33:15",wiwin.dwiutami.hakim,wiwin.dwiutami.hakim
Halodoc - B2B - Jabodetabek,1589,22,151,active,Malang Kabupaten North,"2025-05-10 10:33:13","2025-05-10 10:33:15",wiwin.dwiutami.hakim,wiwin.dwiutami.hakim
Halodoc - B2B - Jabodetabek,1590,22,152,active,Karanganyar North,"2025-05-10 10:33:13","2025-05-10 10:33:15",wiwin.dwiutami.hakim,wiwin.dwiutami.hakim
Halodoc - B2B - Jabodetabek,1591,22,153,active,Payakumbuh,"2025-05-10 10:33:13","2025-05-10 10:33:15",wiwin.dwiutami.hakim,wiwin.dwiutami.hakim
Halodoc - B2B - Jabodetabek,1592,22,154,active,Banda Aceh,"2025-05-10 10:33:13","2025-05-10 10:33:15",wiwin.dwiutami.hakim,wiwin.dwiutami.hakim
Halodoc - B2B - Jabodetabek,1593,22,155,active,Magetan South,"2025-05-10 10:33:13","2025-05-10 10:33:15",wiwin.dwiutami.hakim,wiwin.dwiutami.hakim
Halodoc - B2B - Jabodetabek,1594,22,156,active,Bukittinggi Kabupaten East,"2025-05-10 10:33:13","2025-05-10 10:33:15",wiwin.dwiutami.hakim,wiwin.dwiutami.hakim
Halodoc - B2B - Jabodetabek,1595,22,157,active,Gorontalo,"2025-05-10 10:33:14","2025-05-10 10:33:15",wiwin.dwiutami.hakim,wiwin.dwiutami.hakim
Halodoc - B2B - Jabodetabek,1596,22,158,active,Kendari,"2025-05-10 10:33:14","2025-05-10 10:33:15",wiwin.dwiutami.hakim,wiwin.dwiutami.hakim
Halodoc - B2B - Jabodetabek,1597,22,159,active,Purwokerto,"2025-05-10 10:33:14","2025-05-10 10:33:15",wiwin.dwiutami.hakim,wiwin.dwiutami.hakim
Halodoc - B2B - Jabodetabek,1598,22,160,active,Tasikmalaya,"2025-05-10 10:33:14","2025-05-10 10:33:15",wiwin.dwiutami.hakim,wiwin.dwiutami.hakim
Halodoc - B2B - Jabodetabek,1599,22,161,active,Cianjur,"2025-05-10 10:33:14","2025-05-10 10:33:15",wiwin.dwiutami.hakim,wiwin.dwiutami.hakim
Halodoc - B2B - Jabodetabek,1600,22,162,active,Lembang,"2025-05-10 10:33:14","2025-05-10 10:33:15",wiwin.dwiutami.hakim,wiwin.dwiutami.hakim
Halodoc - B2B - Jabodetabek,1601,22,163,active,Sragen South East,"2025-05-10 10:33:14","2025-05-10 10:33:15",wiwin.dwiutami.hakim,wiwin.dwiutami.hakim
Halodoc - B2B - Jabodetabek,1602,22,164,active,Cilacap,"2025-05-10 10:33:14","2025-05-10 10:33:15",wiwin.dwiutami.hakim,wiwin.dwiutami.hakim
Halodoc - B2B - Jabodetabek,1603,22,165,active,Banyumas East,"2025-05-10 10:33:14","2025-05-10 10:33:15",wiwin.dwiutami.hakim,wiwin.dwiutami.hakim
Halodoc - B2B - Jabodetabek,1604,22,166,active,Purbalingga West,"2025-05-10 10:33:14","2025-05-10 10:33:15",wiwin.dwiutami.hakim,wiwin.dwiutami.hakim
Halodoc - B2B - Jabodetabek,1605,22,167,active,Klaten North,"2025-05-10 10:33:14","2025-05-10 10:33:15",wiwin.dwiutami.hakim,wiwin.dwiutami.hakim
Halodoc - B2B - Jabodetabek,1606,22,168,active,Klaten East,"2025-05-10 10:33:14","2025-05-10 10:33:15",wiwin.dwiutami.hakim,wiwin.dwiutami.hakim
Halodoc - B2B - Jabodetabek,1607,22,169,active,Klaten South,"2025-05-10 10:33:14","2025-05-10 10:33:15",wiwin.dwiutami.hakim,wiwin.dwiutami.hakim
Halodoc - B2B - Jabodetabek,1608,22,170,active,Ngawi Central,"2025-05-10 10:33:14","2025-05-10 10:33:15",wiwin.dwiutami.hakim,wiwin.dwiutami.hakim
Halodoc - B2B - Jabodetabek,1609,22,171,active,Magetan Central,"2025-05-10 10:33:14","2025-05-10 10:33:15",wiwin.dwiutami.hakim,wiwin.dwiutami.hakim
Halodoc - B2B - Jabodetabek,1610,22,172,active,Madiun Kabupaten North,"2025-05-10 10:33:14","2025-05-10 10:33:15",wiwin.dwiutami.hakim,wiwin.dwiutami.hakim
Halodoc - B2B - Jabodetabek,1611,22,173,active,Madiun Kabupaten East,"2025-05-10 10:33:14","2025-05-10 10:33:15",wiwin.dwiutami.hakim,wiwin.dwiutami.hakim
Halodoc - B2B - Jabodetabek,1612,22,174,active,Indramayu,"2025-05-10 10:33:14","2025-05-10 10:33:15",wiwin.dwiutami.hakim,wiwin.dwiutami.hakim
Halodoc - B2B - Jabodetabek,1613,22,175,active,Subang Central,"2025-05-10 10:33:14","2025-05-10 10:33:15",wiwin.dwiutami.hakim,wiwin.dwiutami.hakim
Halodoc - B2B - Jabodetabek,1614,22,177,active,Magelang Kabupaten South East,"2025-05-10 10:33:14","2025-05-10 10:33:15",wiwin.dwiutami.hakim,wiwin.dwiutami.hakim
Halodoc - B2B - Jabodetabek,1615,22,178,active,Karanganyar South,"2025-05-10 10:33:14","2025-05-10 10:33:15",wiwin.dwiutami.hakim,wiwin.dwiutami.hakim
Halodoc - B2B - Jabodetabek,1616,22,180,active,Malang Kabupaten South,"2025-05-10 10:33:14","2025-05-10 10:33:15",wiwin.dwiutami.hakim,wiwin.dwiutami.hakim
Halodoc - B2B - Jabodetabek,1617,22,181,active,Bangkalan West,"2025-05-10 10:33:14","2025-05-10 10:33:15",wiwin.dwiutami.hakim,wiwin.dwiutami.hakim
Halodoc - B2B - Jabodetabek,1618,22,182,active,Demak Central,"2025-05-10 10:33:14","2025-05-10 10:33:15",wiwin.dwiutami.hakim,wiwin.dwiutami.hakim
Halodoc - B2B - Jabodetabek,1619,22,183,active,Demak Kabupaten South,"2025-05-10 10:33:14","2025-05-10 10:33:15",wiwin.dwiutami.hakim,wiwin.dwiutami.hakim
Halodoc - B2B - Jabodetabek,1620,22,184,active,Demak East,"2025-05-10 10:33:14","2025-05-10 10:33:15",wiwin.dwiutami.hakim,wiwin.dwiutami.hakim
Halodoc - B2B - Jabodetabek,1621,22,185,active,Kudus North,"2025-05-10 10:33:14","2025-05-10 10:33:15",wiwin.dwiutami.hakim,wiwin.dwiutami.hakim
Halodoc - B2B - Jabodetabek,1622,22,186,active,Kudus South,"2025-05-10 10:33:14","2025-05-10 10:33:15",wiwin.dwiutami.hakim,wiwin.dwiutami.hakim
Halodoc - B2B - Jabodetabek,1623,22,187,active,Jepara South,"2025-05-10 10:33:14","2025-05-10 10:33:15",wiwin.dwiutami.hakim,wiwin.dwiutami.hakim
Halodoc - B2B - Jabodetabek,1624,22,188,active,Boyolali South,"2025-05-10 10:33:14","2025-05-10 10:33:15",wiwin.dwiutami.hakim,wiwin.dwiutami.hakim
Halodoc - B2B - Jabodetabek,1625,22,189,active,Boyolali Kabupaten East,"2025-05-10 10:33:14","2025-05-10 10:33:15",wiwin.dwiutami.hakim,wiwin.dwiutami.hakim
Halodoc - B2B - Jabodetabek,1626,22,190,active,Majalengka,"2025-05-10 10:33:14","2025-05-10 10:33:15",wiwin.dwiutami.hakim,wiwin.dwiutami.hakim
Halodoc - B2B - Jabodetabek,1627,22,191,active,Surabaya East,"2025-05-10 10:33:14","2025-05-10 10:33:15",wiwin.dwiutami.hakim,wiwin.dwiutami.hakim
Halodoc - B2B - Jabodetabek,1628,22,192,active,Sidoarjo North,"2025-05-10 10:33:14","2025-05-10 10:33:15",wiwin.dwiutami.hakim,wiwin.dwiutami.hakim
Halodoc - B2B - Jabodetabek,1629,22,193,active,Magelang Kabupaten North,"2025-05-10 10:33:14","2025-05-10 10:33:15",wiwin.dwiutami.hakim,wiwin.dwiutami.hakim
Halodoc - B2B - Jabodetabek,1630,22,194,active,Kupang,"2025-05-10 10:33:14","2025-05-10 10:33:15",wiwin.dwiutami.hakim,wiwin.dwiutami.hakim
Halodoc - B2B - Jabodetabek,1631,22,195,active,Jayapura,"2025-05-10 10:33:14","2025-05-10 10:33:15",wiwin.dwiutami.hakim,wiwin.dwiutami.hakim
Halodoc - B2B - Jabodetabek,1632,22,196,active,Wonogiri,"2025-05-10 10:33:14","2025-05-10 10:33:15",wiwin.dwiutami.hakim,wiwin.dwiutami.hakim
Halodoc - B2B - Jabodetabek,1633,22,197,active,Banyuwangi Kabupaten North,"2025-05-10 10:33:14","2025-05-10 10:33:15",wiwin.dwiutami.hakim,wiwin.dwiutami.hakim
Halodoc - B2B - Jabodetabek,1634,22,198,active,Bojonegoro,"2025-05-10 10:33:14","2025-05-10 10:33:15",wiwin.dwiutami.hakim,wiwin.dwiutami.hakim
Halodoc - B2B - Jabodetabek,1635,22,199,active,Padang Pariaman Kabupaten South,"2025-05-10 10:33:14","2025-05-10 10:33:15",wiwin.dwiutami.hakim,wiwin.dwiutami.hakim
Halodoc - B2B - Jabodetabek,1636,22,200,active,Padang Pariaman,"2025-05-10 10:33:14","2025-05-10 10:33:15",wiwin.dwiutami.hakim,wiwin.dwiutami.hakim
Halodoc - B2B - Jabodetabek,1637,22,201,active,Purworejo,"2025-05-10 10:33:14","2025-05-10 10:33:15",wiwin.dwiutami.hakim,wiwin.dwiutami.hakim
Halodoc - B2B - Jabodetabek,1638,22,202,active,Demak Kabupaten South East,"2025-05-10 10:33:14","2025-05-10 10:33:15",wiwin.dwiutami.hakim,wiwin.dwiutami.hakim
Halodoc - B2B - Jabodetabek,1639,22,203,active,Demak Kabupaten West,"2025-05-10 10:33:14","2025-05-10 10:33:15",wiwin.dwiutami.hakim,wiwin.dwiutami.hakim
Halodoc - B2B - Jabodetabek,1640,22,204,active,Yogyakarta - Bantul South,"2025-05-10 10:33:14","2025-05-10 10:33:15",wiwin.dwiutami.hakim,wiwin.dwiutami.hakim
Halodoc - B2B - Jabodetabek,1641,22,205,active,Magelang Kabupaten West,"2025-05-10 10:33:14","2025-05-10 10:33:15",wiwin.dwiutami.hakim,wiwin.dwiutami.hakim
Halodoc - B2B - Jabodetabek,1642,22,206,active,Yogyakarta - Bantul West,"2025-05-10 10:33:14","2025-05-10 10:33:15",wiwin.dwiutami.hakim,wiwin.dwiutami.hakim
Halodoc - B2B - Jabodetabek,1643,22,207,active,Magelang Kabupaten South,"2025-05-10 10:33:14","2025-05-10 10:33:15",wiwin.dwiutami.hakim,wiwin.dwiutami.hakim
Halodoc - B2B - Jabodetabek,1644,22,208,active,Pekalongan Kabupaten South,"2025-05-10 10:33:14","2025-05-10 10:33:15",wiwin.dwiutami.hakim,wiwin.dwiutami.hakim
Halodoc - B2B - Jabodetabek,1645,22,209,active,Pamekasan South,"2025-05-10 10:33:14","2025-05-10 10:33:15",wiwin.dwiutami.hakim,wiwin.dwiutami.hakim
Halodoc - B2B - Jabodetabek,1646,22,210,active,Jepara,"2025-05-10 10:33:14","2025-05-10 10:33:15",wiwin.dwiutami.hakim,wiwin.dwiutami.hakim
Halodoc - B2B - Jabodetabek,1647,22,211,active,Bandar Lampung Kabupaten North,"2025-05-10 10:33:14","2025-05-10 10:33:15",wiwin.dwiutami.hakim,wiwin.dwiutami.hakim
Halodoc - B2B - Jabodetabek,1648,22,212,active,Maros,"2025-05-10 10:33:14","2025-05-10 10:33:15",wiwin.dwiutami.hakim,wiwin.dwiutami.hakim
Halodoc - B2B - Jabodetabek,1649,22,213,active,Pasuruan Kabupaten East,"2025-05-10 10:33:14","2025-05-10 10:33:15",wiwin.dwiutami.hakim,wiwin.dwiutami.hakim
Halodoc - B2B - Jabodetabek,1650,22,214,active,Buleleng Central,"2025-05-10 10:33:14","2025-05-10 10:33:15",wiwin.dwiutami.hakim,wiwin.dwiutami.hakim
Halodoc - B2B - Jabodetabek,1651,22,215,active,Sumedang,"2025-05-10 10:33:14","2025-05-10 10:33:15",wiwin.dwiutami.hakim,wiwin.dwiutami.hakim
Halodoc - B2B - Jabodetabek,1652,22,216,active,Palangkaraya,"2025-05-10 10:33:14","2025-05-10 10:33:15",wiwin.dwiutami.hakim,wiwin.dwiutami.hakim
Halodoc - B2B - Jabodetabek,1653,22,217,active,Ambon,"2025-05-10 10:33:14","2025-05-10 10:33:15",wiwin.dwiutami.hakim,wiwin.dwiutami.hakim
Halodoc - B2B - Jabodetabek,1654,22,218,active,Banyuwangi Kabupaten West,"2025-05-10 10:33:14","2025-05-10 10:33:15",wiwin.dwiutami.hakim,wiwin.dwiutami.hakim
Halodoc - B2B - Jabodetabek,1655,22,219,active,Subang Kabupaten West,"2025-05-10 10:33:14","2025-05-10 10:33:15",wiwin.dwiutami.hakim,wiwin.dwiutami.hakim
Halodoc - B2B - Jabodetabek,1656,22,220,active,Palopo,"2025-05-10 10:33:14","2025-05-10 10:33:15",wiwin.dwiutami.hakim,wiwin.dwiutami.hakim
Halodoc - B2B - Jabodetabek,1657,22,221,active,Probolinggo North East,"2025-05-10 10:33:14","2025-05-10 10:33:15",wiwin.dwiutami.hakim,wiwin.dwiutami.hakim
Halodoc - B2B - Jabodetabek,1658,22,223,active,Ambon East,"2025-05-10 10:33:14","2025-05-10 10:33:15",wiwin.dwiutami.hakim,wiwin.dwiutami.hakim
Halodoc - B2B - Jabodetabek,1659,22,224,active,Ambon North,"2025-05-10 10:33:14","2025-05-10 10:33:15",wiwin.dwiutami.hakim,wiwin.dwiutami.hakim
Halodoc - B2B - Jabodetabek,1660,22,225,active,Bangka Kabupaten South,"2025-05-10 10:33:14","2025-05-10 10:33:15",wiwin.dwiutami.hakim,wiwin.dwiutami.hakim
Halodoc - B2B - Jabodetabek,1661,22,226,active,Belitung,"2025-05-10 10:33:14","2025-05-10 10:33:15",wiwin.dwiutami.hakim,wiwin.dwiutami.hakim
Halodoc - B2B - Jabodetabek,1662,22,227,active,Tenggarong,"2025-05-10 10:33:14","2025-05-10 10:33:15",wiwin.dwiutami.hakim,wiwin.dwiutami.hakim
Halodoc - B2B - Jabodetabek,1663,22,228,active,Buleleng West,"2025-05-10 10:33:14","2025-05-10 10:33:15",wiwin.dwiutami.hakim,wiwin.dwiutami.hakim
Halodoc - B2B - Jabodetabek,1664,22,229,active,Bandar Lampung Kabupaten East,"2025-05-10 10:33:14","2025-05-10 10:33:15",wiwin.dwiutami.hakim,wiwin.dwiutami.hakim
Halodoc - B2B - Jabodetabek,1665,22,230,active,Bontang,"2025-05-10 10:33:14","2025-05-10 10:33:15",wiwin.dwiutami.hakim,wiwin.dwiutami.hakim
Halodoc - B2B - Jabodetabek,1666,22,231,active,Sorong,"2025-05-10 10:33:14","2025-05-10 10:33:15",wiwin.dwiutami.hakim,wiwin.dwiutami.hakim
Halodoc - B2B - Jabodetabek,1667,22,232,active,Ternate,"2025-05-10 10:33:14","2025-05-10 10:33:15",wiwin.dwiutami.hakim,wiwin.dwiutami.hakim
Halodoc - B2B - Jabodetabek,1668,22,233,active,Tomohon,"2025-05-10 10:33:14","2025-05-10 10:33:15",wiwin.dwiutami.hakim,wiwin.dwiutami.hakim
Halodoc - B2B - Jabodetabek,1669,22,234,active,Subang Kabupaten North,"2025-05-10 10:33:14","2025-05-10 10:33:15",wiwin.dwiutami.hakim,wiwin.dwiutami.hakim
Halodoc - B2B - Jabodetabek,1670,22,235,active,Indramayu Kabupaten,"2025-05-10 10:33:14","2025-05-10 10:33:15",wiwin.dwiutami.hakim,wiwin.dwiutami.hakim
Halodoc - B2B - Jabodetabek,1671,22,236,active,Rangkasbitung,"2025-05-10 10:33:14","2025-05-10 10:33:15",wiwin.dwiutami.hakim,wiwin.dwiutami.hakim
Halodoc - B2B - Jabodetabek,1672,22,237,active,Manado North East,"2025-05-10 10:33:14","2025-05-10 10:33:15",wiwin.dwiutami.hakim,wiwin.dwiutami.hakim
Halodoc - B2B - Jabodetabek,1673,22,238,active,Kulon Progo,"2025-05-10 10:33:14","2025-05-10 10:33:15",wiwin.dwiutami.hakim,wiwin.dwiutami.hakim
Halodoc - B2B - Jabodetabek,1674,22,239,active,Manado East,"2025-05-10 10:33:14","2025-05-10 10:33:15",wiwin.dwiutami.hakim,wiwin.dwiutami.hakim
Halodoc - B2B - Jabodetabek,1675,22,240,active,Pemalang,"2025-05-10 10:33:14","2025-05-10 10:33:15",wiwin.dwiutami.hakim,wiwin.dwiutami.hakim
Halodoc - B2B - Jabodetabek,1676,22,241,active,Jembrana,"2025-05-10 10:33:14","2025-05-10 10:33:15",wiwin.dwiutami.hakim,wiwin.dwiutami.hakim
Halodoc - B2B - Jabodetabek,1677,22,242,active,Bondowoso,"2025-05-10 10:33:14","2025-05-10 10:33:15",wiwin.dwiutami.hakim,wiwin.dwiutami.hakim
Halodoc - B2B - Jabodetabek,1678,22,243,active,West Lombok,"2025-05-10 10:33:14","2025-05-10 10:33:15",wiwin.dwiutami.hakim,wiwin.dwiutami.hakim
Halodoc - B2B - Jabodetabek,1679,22,244,active,Pandeglang,"2025-05-10 10:33:14","2025-05-10 10:33:15",wiwin.dwiutami.hakim,wiwin.dwiutami.hakim
Halodoc - B2B - Jabodetabek,1680,22,245,active,Kendal,"2025-05-10 10:33:14","2025-05-10 10:33:15",wiwin.dwiutami.hakim,wiwin.dwiutami.hakim
Halodoc - B2B - Jabodetabek,1681,22,246,active,Nganjuk,"2025-05-10 10:33:14","2025-05-10 10:33:15",wiwin.dwiutami.hakim,wiwin.dwiutami.hakim
Halodoc - B2B - Jabodetabek,1682,22,247,active,Rembang,"2025-05-10 10:33:14","2025-05-10 10:33:15",wiwin.dwiutami.hakim,wiwin.dwiutami.hakim
Halodoc - B2B - Jabodetabek,1683,22,248,active,Pati,"2025-05-10 10:33:14","2025-05-10 10:33:15",wiwin.dwiutami.hakim,wiwin.dwiutami.hakim
Halodoc - B2B - Jabodetabek,1684,22,249,active,Blora,"2025-05-10 10:33:14","2025-05-10 10:33:15",wiwin.dwiutami.hakim,wiwin.dwiutami.hakim
Halodoc - B2B - Jabodetabek,1685,22,250,active,Purwodadi,"2025-05-10 10:33:14","2025-05-10 10:33:15",wiwin.dwiutami.hakim,wiwin.dwiutami.hakim
Halodoc - B2B - Jabodetabek,1686,22,251,active,Bandung West,"2025-05-10 10:33:14","2025-05-10 10:33:15",wiwin.dwiutami.hakim,wiwin.dwiutami.hakim
Halodoc - B2B - Jabodetabek,1687,22,252,active,Pangkajene Kepulauan,"2025-05-10 10:33:14","2025-05-10 10:33:15",wiwin.dwiutami.hakim,wiwin.dwiutami.hakim
Halodoc - B2B - Jabodetabek,1688,22,253,active,Sidenreng Rappang,"2025-05-10 10:33:14","2025-05-10 10:33:15",wiwin.dwiutami.hakim,wiwin.dwiutami.hakim
Halodoc - B2B - Jabodetabek,1689,22,254,active,Tanjung Balai,"2025-05-10 10:33:14","2025-05-10 10:33:15",wiwin.dwiutami.hakim,wiwin.dwiutami.hakim
Halodoc - B2B - Jabodetabek,1690,22,255,active,Blitar,"2025-05-10 10:33:14","2025-05-10 10:33:15",wiwin.dwiutami.hakim,wiwin.dwiutami.hakim
Halodoc - B2B - Jabodetabek,1691,22,256,active,Tulungagung,"2025-05-10 10:33:14","2025-05-10 10:33:15",wiwin.dwiutami.hakim,wiwin.dwiutami.hakim
Halodoc - B2B - Jabodetabek,1692,22,257,active,Bengkulu,"2025-05-10 10:33:14","2025-05-10 10:33:15",wiwin.dwiutami.hakim,wiwin.dwiutami.hakim
Halodoc - B2B - Jabodetabek,1693,22,258,active,Mamuju,"2025-05-10 10:33:14","2025-05-10 10:33:15",wiwin.dwiutami.hakim,wiwin.dwiutami.hakim
Halodoc - B2B - Jabodetabek,1694,22,259,active,Watampone,"2025-05-10 10:33:14","2025-05-10 10:33:15",wiwin.dwiutami.hakim,wiwin.dwiutami.hakim
Halodoc - B2B - Jabodetabek,1695,22,260,active,Parepare,"2025-05-10 10:33:14","2025-05-10 10:33:15",wiwin.dwiutami.hakim,wiwin.dwiutami.hakim
Halodoc - B2B - Jabodetabek,1696,22,261,active,Batang,"2025-05-10 10:33:14","2025-05-10 10:33:15",wiwin.dwiutami.hakim,wiwin.dwiutami.hakim
Halodoc - B2B - Jabodetabek,1697,22,262,active,Blora Kabupaten South,"2025-05-10 10:33:14","2025-05-10 10:33:15",wiwin.dwiutami.hakim,wiwin.dwiutami.hakim
Halodoc - B2B - Jabodetabek,1698,22,263,active,Bojonegoro West,"2025-05-10 10:33:14","2025-05-10 10:33:15",wiwin.dwiutami.hakim,wiwin.dwiutami.hakim
Halodoc - B2B - Jabodetabek,1699,22,264,active,Grobogan Kabupaten East,"2025-05-10 10:33:14","2025-05-10 10:33:15",wiwin.dwiutami.hakim,wiwin.dwiutami.hakim
Halodoc - B2B - Jabodetabek,1700,22,265,active,Grobogan Kabupaten West,"2025-05-10 10:33:14","2025-05-10 10:33:15",wiwin.dwiutami.hakim,wiwin.dwiutami.hakim
Halodoc - B2B - Jabodetabek,1701,22,266,active,Jepara North,"2025-05-10 10:33:14","2025-05-10 10:33:15",wiwin.dwiutami.hakim,wiwin.dwiutami.hakim
Halodoc - B2B - Jabodetabek,1702,22,267,active,Kendal Kabupaten South,"2025-05-10 10:33:14","2025-05-10 10:33:15",wiwin.dwiutami.hakim,wiwin.dwiutami.hakim
Halodoc - B2B - Jabodetabek,1703,22,268,active,Labuhan,"2025-05-10 10:33:14","2025-05-10 10:33:15",wiwin.dwiutami.hakim,wiwin.dwiutami.hakim
Halodoc - B2B - Jabodetabek,1704,22,269,active,Pandeglang Kabupaten North East,"2025-05-10 10:33:14","2025-05-10 10:33:15",wiwin.dwiutami.hakim,wiwin.dwiutami.hakim
Halodoc - B2B - Jabodetabek,1705,22,270,active,Lamongan Kabupaten North,"2025-05-10 10:33:14","2025-05-10 10:33:15",wiwin.dwiutami.hakim,wiwin.dwiutami.hakim
Halodoc - B2B - Jabodetabek,1706,22,271,active,Lamongan Kabupaten West,"2025-05-10 10:33:14","2025-05-10 10:33:15",wiwin.dwiutami.hakim,wiwin.dwiutami.hakim
Halodoc - B2B - Jabodetabek,1707,22,272,active,Pati Kabupaten North,"2025-05-10 10:33:14","2025-05-10 10:33:15",wiwin.dwiutami.hakim,wiwin.dwiutami.hakim
Halodoc - B2B - Jabodetabek,1708,22,273,active,Pati Kabupaten South,"2025-05-10 10:33:14","2025-05-10 10:33:15",wiwin.dwiutami.hakim,wiwin.dwiutami.hakim
Halodoc - B2B - Jabodetabek,1709,22,274,active,Rembang Kabupaten East,"2025-05-10 10:33:14","2025-05-10 10:33:15",wiwin.dwiutami.hakim,wiwin.dwiutami.hakim
Halodoc - B2B - Jabodetabek,1710,22,275,active,Sampang,"2025-05-10 10:33:14","2025-05-10 10:33:15",wiwin.dwiutami.hakim,wiwin.dwiutami.hakim
Halodoc - B2B - Jabodetabek,1711,22,276,active,Sumenep,"2025-05-10 10:33:14","2025-05-10 10:33:15",wiwin.dwiutami.hakim,wiwin.dwiutami.hakim
Halodoc - B2B - Jabodetabek,1712,22,277,active,Tuban,"2025-05-10 10:33:14","2025-05-10 10:33:15",wiwin.dwiutami.hakim,wiwin.dwiutami.hakim
Halodoc - B2B - Jabodetabek,1713,22,278,active,Takalar,"2025-05-10 10:33:14","2025-05-10 10:33:15",wiwin.dwiutami.hakim,wiwin.dwiutami.hakim
Halodoc - B2B - Jabodetabek,1714,22,279,active,Jeneponto,"2025-05-10 10:33:14","2025-05-10 10:33:15",wiwin.dwiutami.hakim,wiwin.dwiutami.hakim
Halodoc - B2B - Jabodetabek,1715,22,280,active,Bantaeng,"2025-05-10 10:33:14","2025-05-10 10:33:15",wiwin.dwiutami.hakim,wiwin.dwiutami.hakim
Halodoc - B2B - Jabodetabek,1716,22,281,active,Bulukumba,"2025-05-10 10:33:14","2025-05-10 10:33:15",wiwin.dwiutami.hakim,wiwin.dwiutami.hakim
Halodoc - B2B - Jabodetabek,1717,22,282,active,Sinjai,"2025-05-10 10:33:14","2025-05-10 10:33:15",wiwin.dwiutami.hakim,wiwin.dwiutami.hakim
Halodoc - B2B - Jabodetabek,1718,22,283,active,Bone,"2025-05-10 10:33:14","2025-05-10 10:33:15",wiwin.dwiutami.hakim,wiwin.dwiutami.hakim
Halodoc - B2B - Jabodetabek,1719,22,284,active,Takalar Kabupaten West,"2025-05-10 10:33:14","2025-05-10 10:33:15",wiwin.dwiutami.hakim,wiwin.dwiutami.hakim
Halodoc - B2B - Jabodetabek,1720,22,285,active,Gowa Kabupaten West,"2025-05-10 10:33:14","2025-05-10 10:33:15",wiwin.dwiutami.hakim,wiwin.dwiutami.hakim
Halodoc - B2B - Jabodetabek,1721,22,286,active,Barru,"2025-05-10 10:33:14","2025-05-10 10:33:15",wiwin.dwiutami.hakim,wiwin.dwiutami.hakim
Halodoc - B2B - Jabodetabek,1722,22,287,active,Soppeng,"2025-05-10 10:33:14","2025-05-10 10:33:15",wiwin.dwiutami.hakim,wiwin.dwiutami.hakim
Halodoc - B2B - Jabodetabek,1723,22,288,active,Wajo,"2025-05-10 10:33:14","2025-05-10 10:33:15",wiwin.dwiutami.hakim,wiwin.dwiutami.hakim
Halodoc - B2B - Jabodetabek,1724,22,289,active,Pinrang,"2025-05-10 10:33:14","2025-05-10 10:33:15",wiwin.dwiutami.hakim,wiwin.dwiutami.hakim
Halodoc - B2B - Jabodetabek,1725,22,290,active,Enrekang,"2025-05-10 10:33:14","2025-05-10 10:33:15",wiwin.dwiutami.hakim,wiwin.dwiutami.hakim
Halodoc - B2B - Jabodetabek,1726,22,291,active,Polewali Mandar,"2025-05-10 10:33:14","2025-05-10 10:33:15",wiwin.dwiutami.hakim,wiwin.dwiutami.hakim
Halodoc - B2B - Jabodetabek,1727,22,292,active,Tana Toraja,"2025-05-10 10:33:14","2025-05-10 10:33:15",wiwin.dwiutami.hakim,wiwin.dwiutami.hakim
Halodoc - B2B - Jabodetabek,1728,22,293,active,North Luwu,"2025-05-10 10:33:14","2025-05-10 10:33:15",wiwin.dwiutami.hakim,wiwin.dwiutami.hakim
Halodoc - B2B - Jabodetabek,1729,22,294,active,East Luwu,"2025-05-10 10:33:14","2025-05-10 10:33:15",wiwin.dwiutami.hakim,wiwin.dwiutami.hakim
Halodoc - B2B - Jabodetabek,1730,22,295,active,Luwu,"2025-05-10 10:33:14","2025-05-10 10:33:15",wiwin.dwiutami.hakim,wiwin.dwiutami.hakim
Halodoc - B2B - Jabodetabek,1731,22,296,active,Muna,"2025-05-10 10:33:14","2025-05-10 10:33:15",wiwin.dwiutami.hakim,wiwin.dwiutami.hakim
Halodoc - B2B - Jabodetabek,1732,22,297,active,Baubau,"2025-05-10 10:33:14","2025-05-10 10:33:15",wiwin.dwiutami.hakim,wiwin.dwiutami.hakim
Halodoc - B2B - Jabodetabek,1733,22,298,active,North Mamuju,"2025-05-10 10:33:14","2025-05-10 10:33:15",wiwin.dwiutami.hakim,wiwin.dwiutami.hakim
Halodoc - B2B - Jabodetabek,1734,22,299,active,Konawe,"2025-05-10 10:33:14","2025-05-10 10:33:15",wiwin.dwiutami.hakim,wiwin.dwiutami.hakim
Halodoc - B2B - Jabodetabek,1735,22,300,active,Parigi Kabupaten South,"2025-05-10 10:33:14","2025-05-10 10:33:15",wiwin.dwiutami.hakim,wiwin.dwiutami.hakim
Halodoc - B2B - Jabodetabek,1736,22,301,active,Poso,"2025-05-10 10:33:14","2025-05-10 10:33:15",wiwin.dwiutami.hakim,wiwin.dwiutami.hakim
Halodoc - B2B - Jabodetabek,1737,22,302,active,Banggai,"2025-05-10 10:33:14","2025-05-10 10:33:15",wiwin.dwiutami.hakim,wiwin.dwiutami.hakim
Halodoc - B2B - Jabodetabek,1738,22,303,active,Maros Kabupaten North,"2025-05-10 10:33:14","2025-05-10 10:33:15",wiwin.dwiutami.hakim,wiwin.dwiutami.hakim
Halodoc - B2B - Jabodetabek,1739,22,304,active,Majene,"2025-05-10 10:33:14","2025-05-10 10:33:15",wiwin.dwiutami.hakim,wiwin.dwiutami.hakim
Halodoc - B2B - Jabodetabek,1740,22,305,active,North Toraja,"2025-05-10 10:33:14","2025-05-10 10:33:15",wiwin.dwiutami.hakim,wiwin.dwiutami.hakim
Halodoc - B2B - Jabodetabek,1741,22,306,active,Aceh Singkil,"2025-05-10 10:33:14","2025-05-10 10:33:15",wiwin.dwiutami.hakim,wiwin.dwiutami.hakim
Halodoc - B2B - Jabodetabek,1742,22,307,active,Aceh Tenggara,"2025-05-10 10:33:14","2025-05-10 10:33:15",wiwin.dwiutami.hakim,wiwin.dwiutami.hakim
Halodoc - B2B - Jabodetabek,1743,22,308,active,Asahan,"2025-05-10 10:33:14","2025-05-10 10:33:15",wiwin.dwiutami.hakim,wiwin.dwiutami.hakim
Halodoc - B2B - Jabodetabek,1744,22,309,active,Batu Bara,"2025-05-10 10:33:14","2025-05-10 10:33:15",wiwin.dwiutami.hakim,wiwin.dwiutami.hakim
Halodoc - B2B - Jabodetabek,1745,22,310,active,Central Tapanuli,"2025-05-10 10:33:14","2025-05-10 10:33:15",wiwin.dwiutami.hakim,wiwin.dwiutami.hakim
Halodoc - B2B - Jabodetabek,1746,22,311,active,Dairi,"2025-05-10 10:33:14","2025-05-10 10:33:15",wiwin.dwiutami.hakim,wiwin.dwiutami.hakim
Halodoc - B2B - Jabodetabek,1747,22,312,active,Gunungsitoli,"2025-05-10 10:33:14","2025-05-10 10:33:15",wiwin.dwiutami.hakim,wiwin.dwiutami.hakim
Halodoc - B2B - Jabodetabek,1748,22,313,active,Karo,"2025-05-10 10:33:14","2025-05-10 10:33:15",wiwin.dwiutami.hakim,wiwin.dwiutami.hakim
Halodoc - B2B - Jabodetabek,1749,22,314,active,Labuhan Batu,"2025-05-10 10:33:14","2025-05-10 10:33:15",wiwin.dwiutami.hakim,wiwin.dwiutami.hakim
Halodoc - B2B - Jabodetabek,1750,22,315,active,Langkat,"2025-05-10 10:33:14","2025-05-10 10:33:15",wiwin.dwiutami.hakim,wiwin.dwiutami.hakim
Halodoc - B2B - Jabodetabek,1751,22,316,active,Mandailing Natal,"2025-05-10 10:33:14","2025-05-10 10:33:15",wiwin.dwiutami.hakim,wiwin.dwiutami.hakim
Halodoc - B2B - Jabodetabek,1752,22,317,active,Nias,"2025-05-10 10:33:14","2025-05-10 10:33:15",wiwin.dwiutami.hakim,wiwin.dwiutami.hakim
Halodoc - B2B - Jabodetabek,1753,22,318,active,North Labuhan Batu,"2025-05-10 10:33:14","2025-05-10 10:33:15",wiwin.dwiutami.hakim,wiwin.dwiutami.hakim
Halodoc - B2B - Jabodetabek,1754,22,319,active,North Padang Lawas,"2025-05-10 10:33:14","2025-05-10 10:33:15",wiwin.dwiutami.hakim,wiwin.dwiutami.hakim
Halodoc - B2B - Jabodetabek,1755,22,320,active,North Tapanuli,"2025-05-10 10:33:14","2025-05-10 10:33:15",wiwin.dwiutami.hakim,wiwin.dwiutami.hakim
Halodoc - B2B - Jabodetabek,1756,22,321,active,Padang Lawas,"2025-05-10 10:33:14","2025-05-10 10:33:15",wiwin.dwiutami.hakim,wiwin.dwiutami.hakim
Halodoc - B2B - Jabodetabek,1757,22,322,active,Padang Sidempuan,"2025-05-10 10:33:14","2025-05-10 10:33:15",wiwin.dwiutami.hakim,wiwin.dwiutami.hakim
Halodoc - B2B - Jabodetabek,1758,22,323,active,Samosir,"2025-05-10 10:33:14","2025-05-10 10:33:15",wiwin.dwiutami.hakim,wiwin.dwiutami.hakim
Halodoc - B2B - Jabodetabek,1759,22,324,active,Serdang Bedagai,"2025-05-10 10:33:14","2025-05-10 10:33:15",wiwin.dwiutami.hakim,wiwin.dwiutami.hakim
Halodoc - B2B - Jabodetabek,1760,22,325,active,Sibolga,"2025-05-10 10:33:14","2025-05-10 10:33:15",wiwin.dwiutami.hakim,wiwin.dwiutami.hakim
Halodoc - B2B - Jabodetabek,1761,22,326,active,South Labuhan Batu,"2025-05-10 10:33:14","2025-05-10 10:33:15",wiwin.dwiutami.hakim,wiwin.dwiutami.hakim
Halodoc - B2B - Jabodetabek,1762,22,327,active,Tebing Tinggi,"2025-05-10 10:33:14","2025-05-10 10:33:15",wiwin.dwiutami.hakim,wiwin.dwiutami.hakim
Halodoc - B2B - Jabodetabek,1763,22,328,active,Toba Samosir,"2025-05-10 10:33:14","2025-05-10 10:33:15",wiwin.dwiutami.hakim,wiwin.dwiutami.hakim
Halodoc - B2B - Jabodetabek,1764,22,329,active,Simalungun,"2025-05-10 10:33:14","2025-05-10 10:33:15",wiwin.dwiutami.hakim,wiwin.dwiutami.hakim
Halodoc - B2B - Jabodetabek,1765,22,330,active,Simalungun Kabupaten South,"2025-05-10 10:33:14","2025-05-10 10:33:15",wiwin.dwiutami.hakim,wiwin.dwiutami.hakim
Halodoc - B2B - Jabodetabek,1766,22,331,active,Boengkoelan,"2025-05-10 10:33:14","2025-05-10 10:33:15",wiwin.dwiutami.hakim,wiwin.dwiutami.hakim
Halodoc - B2B - Jabodetabek,1767,22,332,active,Jembrana West,"2025-05-10 10:33:14","2025-05-10 10:33:15",wiwin.dwiutami.hakim,wiwin.dwiutami.hakim
Halodoc - B2B - Jabodetabek,1768,22,333,active,Kebumen,"2025-05-10 10:33:14","2025-05-10 10:33:15",wiwin.dwiutami.hakim,wiwin.dwiutami.hakim
Halodoc - B2B - Jabodetabek,1769,22,334,active,Klungkung,"2025-05-10 10:33:14","2025-05-10 10:33:15",wiwin.dwiutami.hakim,wiwin.dwiutami.hakim
Halodoc - B2B - Jabodetabek,1770,22,335,active,Merauke,"2025-05-10 10:33:14","2025-05-10 10:33:15",wiwin.dwiutami.hakim,wiwin.dwiutami.hakim
Halodoc - B2B - Jabodetabek,1771,22,336,active,Singaparna,"2025-05-10 10:33:14","2025-05-10 10:33:15",wiwin.dwiutami.hakim,wiwin.dwiutami.hakim
Halodoc - B2B - Jabodetabek,1772,22,337,active,Trenggalek,"2025-05-10 10:33:14","2025-05-10 10:33:15",wiwin.dwiutami.hakim,wiwin.dwiutami.hakim
Halodoc - B2B - Jabodetabek,1773,22,338,active,Tulungagung South,"2025-05-10 10:33:14","2025-05-10 10:33:15",wiwin.dwiutami.hakim,wiwin.dwiutami.hakim
Halodoc - B2B - Jabodetabek,1774,22,339,active,Banjarnegara,"2025-05-10 10:33:14","2025-05-10 10:33:15",wiwin.dwiutami.hakim,wiwin.dwiutami.hakim
Halodoc - B2B - Jabodetabek,1775,22,340,active,Blitar Kabupaten East,"2025-05-10 10:33:14","2025-05-10 10:33:15",wiwin.dwiutami.hakim,wiwin.dwiutami.hakim
Halodoc - B2B - Jabodetabek,1776,22,341,active,Blora Kabupaten West,"2025-05-10 10:33:14","2025-05-10 10:33:15",wiwin.dwiutami.hakim,wiwin.dwiutami.hakim
Halodoc - B2B - Jabodetabek,1777,22,343,active,Cilacap Kabupaten East,"2025-05-10 10:33:14","2025-05-10 10:33:15",wiwin.dwiutami.hakim,wiwin.dwiutami.hakim
Halodoc - B2B - Jabodetabek,1778,22,344,active,Cilacap Kabupaten North,"2025-05-10 10:33:14","2025-05-10 10:33:15",wiwin.dwiutami.hakim,wiwin.dwiutami.hakim
Halodoc - B2B - Jabodetabek,1779,22,345,active,Brebes Kabupaten South,"2025-05-10 10:33:14","2025-05-10 10:33:15",wiwin.dwiutami.hakim,wiwin.dwiutami.hakim
Halodoc - B2B - Jabodetabek,1780,22,348,active,Gunung Kidul,"2025-05-10 10:33:14","2025-05-10 10:33:15",wiwin.dwiutami.hakim,wiwin.dwiutami.hakim
Halodoc - B2B - Jabodetabek,1781,22,349,active,Cilacap Kabupaten West,"2025-05-10 10:33:14","2025-05-10 10:33:15",wiwin.dwiutami.hakim,wiwin.dwiutami.hakim
Halodoc - B2B - Jabodetabek,1782,22,350,active,Lumajang,"2025-05-10 10:33:14","2025-05-10 10:33:15",wiwin.dwiutami.hakim,wiwin.dwiutami.hakim
Halodoc - B2B - Jabodetabek,1783,22,351,active,Pacitan,"2025-05-10 10:33:14","2025-05-10 10:33:15",wiwin.dwiutami.hakim,wiwin.dwiutami.hakim
Halodoc - B2B - Jabodetabek,1784,22,352,active,Pamekasan Kabupaten North,"2025-05-10 10:33:14","2025-05-10 10:33:15",wiwin.dwiutami.hakim,wiwin.dwiutami.hakim
Halodoc - B2B - Jabodetabek,1785,22,353,active,Purwodadi North,"2025-05-10 10:33:14","2025-05-10 10:33:15",wiwin.dwiutami.hakim,wiwin.dwiutami.hakim
Halodoc - B2B - Jabodetabek,1786,22,354,active,Purworejo North,"2025-05-10 10:33:14","2025-05-10 10:33:15",wiwin.dwiutami.hakim,wiwin.dwiutami.hakim
Halodoc - B2B - Jabodetabek,1787,22,355,active,Situbondo,"2025-05-10 10:33:14","2025-05-10 10:33:15",wiwin.dwiutami.hakim,wiwin.dwiutami.hakim
Halodoc - B2B - Jabodetabek,1788,22,356,active,Sumenep Kabupaten South,"2025-05-10 10:33:14","2025-05-10 10:33:15",wiwin.dwiutami.hakim,wiwin.dwiutami.hakim
Halodoc - B2B - Jabodetabek,1789,22,357,active,Tegal Kabupaten South,"2025-05-10 10:33:14","2025-05-10 10:33:15",wiwin.dwiutami.hakim,wiwin.dwiutami.hakim
Halodoc - B2B - Jabodetabek,1790,22,358,active,Temanggung,"2025-05-10 10:33:14","2025-05-10 10:33:15",wiwin.dwiutami.hakim,wiwin.dwiutami.hakim
Halodoc - B2B - Jabodetabek,1791,22,359,active,Wonosobo,"2025-05-10 10:33:14","2025-05-10 10:33:15",wiwin.dwiutami.hakim,wiwin.dwiutami.hakim
Halodoc - B2B - Jabodetabek,1792,22,360,active,Central Lombok Regency,"2025-05-10 10:33:14","2025-05-10 10:33:15",wiwin.dwiutami.hakim,wiwin.dwiutami.hakim
Halodoc - B2B - Jabodetabek,1793,22,362,active,Pati Kabupaten West,"2025-05-10 10:33:14","2025-05-10 10:33:15",wiwin.dwiutami.hakim,wiwin.dwiutami.hakim
Halodoc - B2B - Jabodetabek,1794,22,363,active,Pemalang Kabupaten South,"2025-05-10 10:33:14","2025-05-10 10:33:15",wiwin.dwiutami.hakim,wiwin.dwiutami.hakim
Halodoc - B2B - Jabodetabek,1795,22,364,active,Banjar,"2025-05-10 10:33:14","2025-05-10 10:33:15",wiwin.dwiutami.hakim,wiwin.dwiutami.hakim
Halodoc - B2B - Jabodetabek,1796,22,365,active,Ciamis,"2025-05-10 10:33:14","2025-05-10 10:33:15",wiwin.dwiutami.hakim,wiwin.dwiutami.hakim
Halodoc - B2B - Jabodetabek,1797,22,366,active,Cikuray,"2025-05-10 10:33:14","2025-05-10 10:33:15",wiwin.dwiutami.hakim,wiwin.dwiutami.hakim
Halodoc - B2B - Jabodetabek,1798,22,367,active,Garut Kabupaten,"2025-05-10 10:33:14","2025-05-10 10:33:15",wiwin.dwiutami.hakim,wiwin.dwiutami.hakim
Halodoc - B2B - Jabodetabek,1799,22,368,active,Garut Kabupaten South,"2025-05-10 10:33:14","2025-05-10 10:33:15",wiwin.dwiutami.hakim,wiwin.dwiutami.hakim
Halodoc - B2B - Jabodetabek,1800,22,369,active,Lembang North,"2025-05-10 10:33:14","2025-05-10 10:33:15",wiwin.dwiutami.hakim,wiwin.dwiutami.hakim
Halodoc - B2B - Jabodetabek,1801,22,370,active,Majalengka North,"2025-05-10 10:33:14","2025-05-10 10:33:15",wiwin.dwiutami.hakim,wiwin.dwiutami.hakim
Halodoc - B2B - Jabodetabek,1802,22,371,active,Pangandaran,"2025-05-10 10:33:14","2025-05-10 10:33:15",wiwin.dwiutami.hakim,wiwin.dwiutami.hakim
Halodoc - B2B - Jabodetabek,1803,22,372,active,Bandung Kabupaten West,"2025-05-10 10:33:14","2025-05-10 10:33:15",wiwin.dwiutami.hakim,wiwin.dwiutami.hakim
Halodoc - B2B - Jabodetabek,1804,22,373,active,Sukabumi South,"2025-05-10 10:33:14","2025-05-10 10:33:15",wiwin.dwiutami.hakim,wiwin.dwiutami.hakim
Halodoc - B2B - Jabodetabek,1805,22,374,active,Sumedang East,"2025-05-10 10:33:14","2025-05-10 10:33:15",wiwin.dwiutami.hakim,wiwin.dwiutami.hakim
Halodoc - B2B - Jabodetabek,1806,22,375,active,Sumedang West,"2025-05-10 10:33:14","2025-05-10 10:33:15",wiwin.dwiutami.hakim,wiwin.dwiutami.hakim
Halodoc - B2B - Jabodetabek,1807,22,376,active,Pringsewu,"2025-05-10 10:33:14","2025-05-10 10:33:15",wiwin.dwiutami.hakim,wiwin.dwiutami.hakim
Halodoc - B2B - Jabodetabek,1808,22,377,active,Tarakan,"2025-05-10 10:33:14","2025-05-10 10:33:15",wiwin.dwiutami.hakim,wiwin.dwiutami.hakim
Halodoc - B2B - Jabodetabek,1809,22,378,active,Hulu Sungai North,"2025-05-10 10:33:14","2025-05-10 10:33:15",wiwin.dwiutami.hakim,wiwin.dwiutami.hakim
Halodoc - B2B - Jabodetabek,1810,22,379,active,Balikpapan East,"2025-05-10 10:33:14","2025-05-10 10:33:15",wiwin.dwiutami.hakim,wiwin.dwiutami.hakim
Halodoc - B2B - Jabodetabek,1811,22,380,active,Bangka Kabupaten Southwest,"2025-05-10 10:33:14","2025-05-10 10:33:15",wiwin.dwiutami.hakim,wiwin.dwiutami.hakim
Halodoc - B2B - Jabodetabek,1812,22,11,active,Bekasi,"2025-05-10 10:33:14","2025-05-10 10:33:15",wiwin.dwiutami.hakim,wiwin.dwiutami.hakim
Halodoc - B2B - Jabodetabek,1813,22,382,active,Banjarsari,"2025-05-10 10:33:14","2025-05-10 10:33:15",wiwin.dwiutami.hakim,wiwin.dwiutami.hakim
Halodoc - B2B - Jabodetabek,1814,22,18,active,Bandung North,"2025-05-10 10:33:14","2025-05-10 10:33:15",wiwin.dwiutami.hakim,wiwin.dwiutami.hakim
Halodoc - B2B - Jabodetabek,1815,22,383,active,Belinyu,"2025-05-10 10:33:14","2025-05-10 10:33:15",wiwin.dwiutami.hakim,wiwin.dwiutami.hakim
Halodoc - B2B - Jabodetabek,1816,22,19,active,Bandung South,"2025-05-10 10:33:14","2025-05-10 10:33:15",wiwin.dwiutami.hakim,wiwin.dwiutami.hakim
Halodoc - B2B - Jabodetabek,1817,22,20,active,Bandung - Cimahi,"2025-05-10 10:33:14","2025-05-10 10:33:15",wiwin.dwiutami.hakim,wiwin.dwiutami.hakim
Halodoc - B2B - Jabodetabek,1818,22,384,active,Belitung Kabupaten East,"2025-05-10 10:33:14","2025-05-10 10:33:15",wiwin.dwiutami.hakim,wiwin.dwiutami.hakim
Halodoc - B2B - Jabodetabek,1819,22,21,active,Sidoarjo,"2025-05-10 10:33:14","2025-05-10 10:33:15",wiwin.dwiutami.hakim,wiwin.dwiutami.hakim
Halodoc - B2B - Jabodetabek,1820,22,22,active,Surabaya West,"2025-05-10 10:33:14","2025-05-10 10:33:15",wiwin.dwiutami.hakim,wiwin.dwiutami.hakim
Halodoc - B2B - Jabodetabek,1821,22,385,active,Bintan Kabupaten West,"2025-05-10 10:33:14","2025-05-10 10:33:15",wiwin.dwiutami.hakim,wiwin.dwiutami.hakim
Halodoc - B2B - Jabodetabek,1822,22,23,active,Surabaya North,"2025-05-10 10:33:14","2025-05-10 10:33:15",wiwin.dwiutami.hakim,wiwin.dwiutami.hakim
Halodoc - B2B - Jabodetabek,1823,22,24,active,Surabaya South,"2025-05-10 10:33:14","2025-05-10 10:33:15",wiwin.dwiutami.hakim,wiwin.dwiutami.hakim
Halodoc - B2B - Jabodetabek,1824,22,386,active,Bitung,"2025-05-10 10:33:14","2025-05-10 10:33:15",wiwin.dwiutami.hakim,wiwin.dwiutami.hakim
Halodoc - B2B - Jabodetabek,1825,22,27,active,Bandung - Padalarang,"2025-05-10 10:33:14","2025-05-10 10:33:15",wiwin.dwiutami.hakim,wiwin.dwiutami.hakim
Halodoc - B2B - Jabodetabek,1826,22,387,active,Buol,"2025-05-10 10:33:14","2025-05-10 10:33:15",wiwin.dwiutami.hakim,wiwin.dwiutami.hakim
Halodoc - B2B - Jabodetabek,1827,22,388,active,Humbang Hasundutan,"2025-05-10 10:33:14","2025-05-10 10:33:15",wiwin.dwiutami.hakim,wiwin.dwiutami.hakim
Halodoc - B2B - Jabodetabek,1828,22,389,active,Bengkalis,"2025-05-10 10:33:14","2025-05-10 10:33:15",wiwin.dwiutami.hakim,wiwin.dwiutami.hakim
Halodoc - B2B - Jabodetabek,1829,22,391,active,Gorontalo Kabupaten North,"2025-05-10 10:33:14","2025-05-10 10:33:15",wiwin.dwiutami.hakim,wiwin.dwiutami.hakim
Halodoc - B2B - Jabodetabek,1830,22,392,active,Gorontalo Kabupaten West,"2025-05-10 10:33:14","2025-05-10 10:33:15",wiwin.dwiutami.hakim,wiwin.dwiutami.hakim
Halodoc - B2B - Jabodetabek,1831,22,393,active,Jembrana East,"2025-05-10 10:33:14","2025-05-10 10:33:15",wiwin.dwiutami.hakim,wiwin.dwiutami.hakim
Halodoc - B2B - Jabodetabek,1832,22,394,active,Bandar Lampung South,"2025-05-10 10:33:14","2025-05-10 10:33:15",wiwin.dwiutami.hakim,wiwin.dwiutami.hakim
Halodoc - B2B - Jabodetabek,1833,22,395,active,Hulu Sungai Central,"2025-05-10 10:33:14","2025-05-10 10:33:15",wiwin.dwiutami.hakim,wiwin.dwiutami.hakim
Halodoc - B2B - Jabodetabek,1834,22,396,active,Karangasem East,"2025-05-10 10:33:14","2025-05-10 10:33:15",wiwin.dwiutami.hakim,wiwin.dwiutami.hakim
Halodoc - B2B - Jabodetabek,1835,22,397,active,Karimun,"2025-05-10 10:33:14","2025-05-10 10:33:15",wiwin.dwiutami.hakim,wiwin.dwiutami.hakim
Halodoc - B2B - Jabodetabek,1836,22,398,active,Bintan Kabupaten South,"2025-05-10 10:33:14","2025-05-10 10:33:15",wiwin.dwiutami.hakim,wiwin.dwiutami.hakim
Halodoc - B2B - Jabodetabek,1837,22,399,active,Bangka Central,"2025-05-10 10:33:14","2025-05-10 10:33:15",wiwin.dwiutami.hakim,wiwin.dwiutami.hakim
Halodoc - B2B - Jabodetabek,1838,22,400,active,Bangli,"2025-05-10 10:33:14","2025-05-10 10:33:15",wiwin.dwiutami.hakim,wiwin.dwiutami.hakim
Halodoc - B2B - Jabodetabek,1839,22,401,active,Kolaka,"2025-05-10 10:33:14","2025-05-10 10:33:15",wiwin.dwiutami.hakim,wiwin.dwiutami.hakim
Halodoc - B2B - Jabodetabek,1840,22,402,active,Tenggamus,"2025-05-10 10:33:14","2025-05-10 10:33:15",wiwin.dwiutami.hakim,wiwin.dwiutami.hakim
Halodoc - B2B - Jabodetabek,1841,22,403,active,Kotawaringin,"2025-05-10 10:33:14","2025-05-10 10:33:15",wiwin.dwiutami.hakim,wiwin.dwiutami.hakim
Halodoc - B2B - Jabodetabek,1842,22,404,active,Kapuas,"2025-05-10 10:33:14","2025-05-10 10:33:15",wiwin.dwiutami.hakim,wiwin.dwiutami.hakim
Halodoc - B2B - Jabodetabek,1843,22,405,active,Kutai Kartanegara,"2025-05-10 10:33:14","2025-05-10 10:33:15",wiwin.dwiutami.hakim,wiwin.dwiutami.hakim
Halodoc - B2B - Jabodetabek,1844,22,406,active,Lahat,"2025-05-10 10:33:14","2025-05-10 10:33:15",wiwin.dwiutami.hakim,wiwin.dwiutami.hakim
Halodoc - B2B - Jabodetabek,1845,22,407,active,Muara Enim,"2025-05-10 10:33:14","2025-05-10 10:33:15",wiwin.dwiutami.hakim,wiwin.dwiutami.hakim
Halodoc - B2B - Jabodetabek,1846,22,408,active,Empat Lawang,"2025-05-10 10:33:14","2025-05-10 10:33:15",wiwin.dwiutami.hakim,wiwin.dwiutami.hakim
Halodoc - B2B - Jabodetabek,1847,22,409,active,Langsa,"2025-05-10 10:33:14","2025-05-10 10:33:15",wiwin.dwiutami.hakim,wiwin.dwiutami.hakim
Halodoc - B2B - Jabodetabek,1848,22,410,active,Tamiang,"2025-05-10 10:33:14","2025-05-10 10:33:15",wiwin.dwiutami.hakim,wiwin.dwiutami.hakim
Halodoc - B2B - Jabodetabek,1849,22,411,active,Lhokseumawe,"2025-05-10 10:33:14","2025-05-10 10:33:15",wiwin.dwiutami.hakim,wiwin.dwiutami.hakim
Halodoc - B2B - Jabodetabek,1850,22,412,active,Lombok Kabupaten East,"2025-05-10 10:33:14","2025-05-10 10:33:15",wiwin.dwiutami.hakim,wiwin.dwiutami.hakim
Halodoc - B2B - Jabodetabek,1851,22,413,active,Lubuklinggau,"2025-05-10 10:33:14","2025-05-10 10:33:15",wiwin.dwiutami.hakim,wiwin.dwiutami.hakim
Halodoc - B2B - Jabodetabek,1852,22,414,active,Karangasem Kabupaten West,"2025-05-10 10:33:14","2025-05-10 10:33:15",wiwin.dwiutami.hakim,wiwin.dwiutami.hakim
Halodoc - B2B - Jabodetabek,1853,22,415,active,Tapin,"2025-05-10 10:33:14","2025-05-10 10:33:15",wiwin.dwiutami.hakim,wiwin.dwiutami.hakim
Halodoc - B2B - Jabodetabek,1854,22,416,active,Hulu Sungai South,"2025-05-10 10:33:14","2025-05-10 10:33:15",wiwin.dwiutami.hakim,wiwin.dwiutami.hakim
Halodoc - B2B - Jabodetabek,1855,22,417,active,Minahasa Kabupaten South,"2025-05-10 10:33:14","2025-05-10 10:33:15",wiwin.dwiutami.hakim,wiwin.dwiutami.hakim
Halodoc - B2B - Jabodetabek,1856,22,418,active,Pahuwato,"2025-05-10 10:33:14","2025-05-10 10:33:15",wiwin.dwiutami.hakim,wiwin.dwiutami.hakim
Halodoc - B2B - Jabodetabek,1857,22,419,active,Musirawas,"2025-05-10 10:33:14","2025-05-10 10:33:15",wiwin.dwiutami.hakim,wiwin.dwiutami.hakim
Halodoc - B2B - Jabodetabek,1858,22,420,active,Padang Panjang,"2025-05-10 10:33:14","2025-05-10 10:33:15",wiwin.dwiutami.hakim,wiwin.dwiutami.hakim
Halodoc - B2B - Jabodetabek,1859,22,421,active,Pagar Alam,"2025-05-10 10:33:14","2025-05-10 10:33:15",wiwin.dwiutami.hakim,wiwin.dwiutami.hakim
Halodoc - B2B - Jabodetabek,1860,22,422,active,Penajam,"2025-05-10 10:33:14","2025-05-10 10:33:15",wiwin.dwiutami.hakim,wiwin.dwiutami.hakim
Halodoc - B2B - Jabodetabek,1861,22,423,active,Paser,"2025-05-10 10:33:14","2025-05-10 10:33:15",wiwin.dwiutami.hakim,wiwin.dwiutami.hakim
Halodoc - B2B - Jabodetabek,1862,22,424,active,Bangka Tengah,"2025-05-10 10:33:14","2025-05-10 10:33:15",wiwin.dwiutami.hakim,wiwin.dwiutami.hakim
Halodoc - B2B - Jabodetabek,1863,22,425,active,Pelalawan,"2025-05-10 10:33:14","2025-05-10 10:33:15",wiwin.dwiutami.hakim,wiwin.dwiutami.hakim
Halodoc - B2B - Jabodetabek,1864,22,426,active,Tabalong,"2025-05-10 10:33:14","2025-05-10 10:33:15",wiwin.dwiutami.hakim,wiwin.dwiutami.hakim
Halodoc - B2B - Jabodetabek,1865,22,427,active,Kepulauan Selayar,"2025-05-10 10:33:14","2025-05-10 10:33:15",wiwin.dwiutami.hakim,wiwin.dwiutami.hakim
Halodoc - B2B - Jabodetabek,1866,22,428,active,Rokan Hilir,"2025-05-10 10:33:14","2025-05-10 10:33:15",wiwin.dwiutami.hakim,wiwin.dwiutami.hakim
Halodoc - B2B - Jabodetabek,1867,22,429,active,Rokan Hulu,"2025-05-10 10:33:14","2025-05-10 10:33:15",wiwin.dwiutami.hakim,wiwin.dwiutami.hakim
Halodoc - B2B - Jabodetabek,1868,22,28,active,Semarang South East,"2025-05-10 10:33:14","2025-05-10 10:33:15",wiwin.dwiutami.hakim,wiwin.dwiutami.hakim
Halodoc - B2B - Jabodetabek,1869,22,29,active,Semarang South West,"2025-05-10 10:33:14","2025-05-10 10:33:15",wiwin.dwiutami.hakim,wiwin.dwiutami.hakim
Halodoc - B2B - Jabodetabek,1870,22,430,active,Kotawaringin Kabupaten East,"2025-05-10 10:33:14","2025-05-10 10:33:15",wiwin.dwiutami.hakim,wiwin.dwiutami.hakim
Halodoc - B2B - Jabodetabek,1871,22,30,active,Semarang Central,"2025-05-10 10:33:14","2025-05-10 10:33:15",wiwin.dwiutami.hakim,wiwin.dwiutami.hakim
Halodoc - B2B - Jabodetabek,1872,22,431,active,Katingan,"2025-05-10 10:33:14","2025-05-10 10:33:15",wiwin.dwiutami.hakim,wiwin.dwiutami.hakim
Halodoc - B2B - Jabodetabek,1873,22,31,active,Semarang East,"2025-05-10 10:33:14","2025-05-10 10:33:15",wiwin.dwiutami.hakim,wiwin.dwiutami.hakim
Halodoc - B2B - Jabodetabek,1874,22,32,active,Semarang North,"2025-05-10 10:33:14","2025-05-10 10:33:15",wiwin.dwiutami.hakim,wiwin.dwiutami.hakim
Halodoc - B2B - Jabodetabek,1875,22,433,active,Pidie,"2025-05-10 10:33:14","2025-05-10 10:33:15",wiwin.dwiutami.hakim,wiwin.dwiutami.hakim
Halodoc - B2B - Jabodetabek,1876,22,33,active,Bali Kuta South,"2025-05-10 10:33:14","2025-05-10 10:33:15",wiwin.dwiutami.hakim,wiwin.dwiutami.hakim
Halodoc - B2B - Jabodetabek,1877,22,34,active,Bali Kuta North,"2025-05-10 10:33:14","2025-05-10 10:33:15",wiwin.dwiutami.hakim,wiwin.dwiutami.hakim
Halodoc - B2B - Jabodetabek,1878,22,434,active,Sukamara,"2025-05-10 10:33:14","2025-05-10 10:33:15",wiwin.dwiutami.hakim,wiwin.dwiutami.hakim
Halodoc - B2B - Jabodetabek,1879,22,35,active,Bali Denpasar,"2025-05-10 10:33:14","2025-05-10 10:33:15",wiwin.dwiutami.hakim,wiwin.dwiutami.hakim
Halodoc - B2B - Jabodetabek,1880,22,36,active,Malang South,"2025-05-10 10:33:14","2025-05-10 10:33:15",wiwin.dwiutami.hakim,wiwin.dwiutami.hakim
Halodoc - B2B - Jabodetabek,1881,22,435,active,Sungai Liat,"2025-05-10 10:33:14","2025-05-10 10:33:15",wiwin.dwiutami.hakim,wiwin.dwiutami.hakim
Halodoc - B2B - Jabodetabek,1882,22,37,active,Malang North,"2025-05-10 10:33:14","2025-05-10 10:33:15",wiwin.dwiutami.hakim,wiwin.dwiutami.hakim
Halodoc - B2B - Jabodetabek,1883,22,38,active,Malang - Batu,"2025-05-10 10:33:14","2025-05-10 10:33:15",wiwin.dwiutami.hakim,wiwin.dwiutami.hakim
Halodoc - B2B - Jabodetabek,1884,22,436,active,Tabanan North,"2025-05-10 10:33:14","2025-05-10 10:33:15",wiwin.dwiutami.hakim,wiwin.dwiutami.hakim
Halodoc - B2B - Jabodetabek,1885,22,39,active,Yogyakarta South,"2025-05-10 10:33:14","2025-05-10 10:33:15",wiwin.dwiutami.hakim,wiwin.dwiutami.hakim
Halodoc - B2B - Jabodetabek,1886,22,40,active,Yogyakarta North,"2025-05-10 10:33:14","2025-05-10 10:33:15",wiwin.dwiutami.hakim,wiwin.dwiutami.hakim
Halodoc - B2B - Jabodetabek,1887,22,437,active,Tabanan West,"2025-05-10 10:33:14","2025-05-10 10:33:15",wiwin.dwiutami.hakim,wiwin.dwiutami.hakim
Halodoc - B2B - Jabodetabek,1888,22,41,active,Solo West,"2025-05-10 10:33:14","2025-05-10 10:33:15",wiwin.dwiutami.hakim,wiwin.dwiutami.hakim
Halodoc - B2B - Jabodetabek,1889,22,42,active,Solo Central,"2025-05-10 10:33:14","2025-05-10 10:33:15",wiwin.dwiutami.hakim,wiwin.dwiutami.hakim
Halodoc - B2B - Jabodetabek,1890,22,438,active,Berau,"2025-05-10 10:33:14","2025-05-10 10:33:15",wiwin.dwiutami.hakim,wiwin.dwiutami.hakim
Halodoc - B2B - Jabodetabek,1891,22,43,active,Yogyakarta - Bantul,"2025-05-10 10:33:14","2025-05-10 10:33:15",wiwin.dwiutami.hakim,wiwin.dwiutami.hakim
Halodoc - B2B - Jabodetabek,1892,22,44,active,Palembang North,"2025-05-10 10:33:14","2025-05-10 10:33:15",wiwin.dwiutami.hakim,wiwin.dwiutami.hakim
Halodoc - B2B - Jabodetabek,1893,22,439,active,Indragiri Hilir,"2025-05-10 10:33:14","2025-05-10 10:33:15",wiwin.dwiutami.hakim,wiwin.dwiutami.hakim
Halodoc - B2B - Jabodetabek,1894,22,45,active,Palembang West,"2025-05-10 10:33:14","2025-05-10 10:33:15",wiwin.dwiutami.hakim,wiwin.dwiutami.hakim
Halodoc - B2B - Jabodetabek,1895,22,46,active,Palembang South,"2025-05-10 10:33:14","2025-05-10 10:33:15",wiwin.dwiutami.hakim,wiwin.dwiutami.hakim
Halodoc - B2B - Jabodetabek,1896,22,440,active,Toli-Toli,"2025-05-10 10:33:14","2025-05-10 10:33:15",wiwin.dwiutami.hakim,wiwin.dwiutami.hakim
Halodoc - B2B - Jabodetabek,1897,22,47,active,Medan South,"2025-05-10 10:33:14","2025-05-10 10:33:15",wiwin.dwiutami.hakim,wiwin.dwiutami.hakim
Halodoc - B2B - Jabodetabek,1898,22,48,active,Medan Central,"2025-05-10 10:33:14","2025-05-10 10:33:15",wiwin.dwiutami.hakim,wiwin.dwiutami.hakim
Halodoc - B2B - Jabodetabek,1899,22,441,active,Agam,"2025-05-10 10:33:14","2025-05-10 10:33:15",wiwin.dwiutami.hakim,wiwin.dwiutami.hakim
Halodoc - B2B - Jabodetabek,1900,22,49,active,Medan North,"2025-05-10 10:33:14","2025-05-10 10:33:15",wiwin.dwiutami.hakim,wiwin.dwiutami.hakim
Halodoc - B2B - Jabodetabek,1901,22,50,active,Manado North,"2025-05-10 10:33:14","2025-05-10 10:33:15",wiwin.dwiutami.hakim,wiwin.dwiutami.hakim
Halodoc - B2B - Jabodetabek,1902,22,442,active,Dharmasraya,"2025-05-10 10:33:14","2025-05-10 10:33:15",wiwin.dwiutami.hakim,wiwin.dwiutami.hakim
Halodoc - B2B - Jabodetabek,1903,22,51,active,Manado South,"2025-05-10 10:33:14","2025-05-10 10:33:15",wiwin.dwiutami.hakim,wiwin.dwiutami.hakim
Halodoc - B2B - Jabodetabek,1904,22,52,active,Balikpapan North,"2025-05-10 10:33:14","2025-05-10 10:33:15",wiwin.dwiutami.hakim,wiwin.dwiutami.hakim
Halodoc - B2B - Jabodetabek,1905,22,443,active,Kota Lima Puluh,"2025-05-10 10:33:14","2025-05-10 10:33:15",wiwin.dwiutami.hakim,wiwin.dwiutami.hakim
Halodoc - B2B - Jabodetabek,1906,22,53,active,Balikpapan South,"2025-05-10 10:33:14","2025-05-10 10:33:15",wiwin.dwiutami.hakim,wiwin.dwiutami.hakim
Halodoc - B2B - Jabodetabek,1907,22,54,active,Makassar South,"2025-05-10 10:33:14","2025-05-10 10:33:15",wiwin.dwiutami.hakim,wiwin.dwiutami.hakim
Halodoc - B2B - Jabodetabek,1908,22,444,active,Pasaman West,"2025-05-10 10:33:14","2025-05-10 10:33:15",wiwin.dwiutami.hakim,wiwin.dwiutami.hakim
Halodoc - B2B - Jabodetabek,1909,22,445,active,Pasaman,"2025-05-10 10:33:14","2025-05-10 10:33:15",wiwin.dwiutami.hakim,wiwin.dwiutami.hakim
Halodoc - B2B - Jabodetabek,1910,22,446,active,Pesisir Selatan,"2025-05-10 10:33:14","2025-05-10 10:33:15",wiwin.dwiutami.hakim,wiwin.dwiutami.hakim
Halodoc - B2B - Jabodetabek,1911,22,447,active,SawahLunto,"2025-05-10 10:33:14","2025-05-10 10:33:15",wiwin.dwiutami.hakim,wiwin.dwiutami.hakim
Halodoc - B2B - Jabodetabek,1912,22,448,active,Sijunjung,"2025-05-10 10:33:14","2025-05-10 10:33:15",wiwin.dwiutami.hakim,wiwin.dwiutami.hakim
Halodoc - B2B - Jabodetabek,1913,22,449,active,Solok Regency,"2025-05-10 10:33:14","2025-05-10 10:33:15",wiwin.dwiutami.hakim,wiwin.dwiutami.hakim
Halodoc - B2B - Jabodetabek,1914,22,450,active,Solok South,"2025-05-10 10:33:14","2025-05-10 10:33:15",wiwin.dwiutami.hakim,wiwin.dwiutami.hakim
Halodoc - B2B - Jabodetabek,1915,22,451,active,Tanah Datar,"2025-05-10 10:33:14","2025-05-10 10:33:15",wiwin.dwiutami.hakim,wiwin.dwiutami.hakim
Halodoc - B2B - Jabodetabek,1916,22,452,active,Batang Hari,"2025-05-10 10:33:14","2025-05-10 10:33:15",wiwin.dwiutami.hakim,wiwin.dwiutami.hakim
Halodoc - B2B - Jabodetabek,1917,22,453,active,Bungo,"2025-05-10 10:33:14","2025-05-10 10:33:15",wiwin.dwiutami.hakim,wiwin.dwiutami.hakim
Halodoc - B2B - Jabodetabek,1918,22,455,active,Merangin,"2025-05-10 10:33:14","2025-05-10 10:33:15",wiwin.dwiutami.hakim,wiwin.dwiutami.hakim
Halodoc - B2B - Jabodetabek,1919,22,456,active,Muaro Jambi,"2025-05-10 10:33:14","2025-05-10 10:33:15",wiwin.dwiutami.hakim,wiwin.dwiutami.hakim
Halodoc - B2B - Jabodetabek,1920,22,457,active,Sarolangun,"2025-05-10 10:33:14","2025-05-10 10:33:15",wiwin.dwiutami.hakim,wiwin.dwiutami.hakim
Halodoc - B2B - Jabodetabek,1921,22,458,active,Sungai Penuh,"2025-05-10 10:33:14","2025-05-10 10:33:15",wiwin.dwiutami.hakim,wiwin.dwiutami.hakim
Halodoc - B2B - Jabodetabek,1922,22,459,active,Tanjung Jabung East,"2025-05-10 10:33:14","2025-05-10 10:33:15",wiwin.dwiutami.hakim,wiwin.dwiutami.hakim
Halodoc - B2B - Jabodetabek,1923,22,460,active,Tanjung Jabung West,"2025-05-10 10:33:14","2025-05-10 10:33:15",wiwin.dwiutami.hakim,wiwin.dwiutami.hakim
Halodoc - B2B - Jabodetabek,1924,22,461,active,Tebo,"2025-05-10 10:33:14","2025-05-10 10:33:15",wiwin.dwiutami.hakim,wiwin.dwiutami.hakim
Halodoc - B2B - Jabodetabek,1925,22,462,active,Musi Banyuasin,"2025-05-10 10:33:14","2025-05-10 10:33:15",wiwin.dwiutami.hakim,wiwin.dwiutami.hakim
Halodoc - B2B - Jabodetabek,1926,22,463,active,Banyuasin,"2025-05-10 10:33:14","2025-05-10 10:33:15",wiwin.dwiutami.hakim,wiwin.dwiutami.hakim
Halodoc - B2B - Jabodetabek,1927,22,464,active,Musi Rawas North,"2025-05-10 10:33:14","2025-05-10 10:33:15",wiwin.dwiutami.hakim,wiwin.dwiutami.hakim
Halodoc - B2B - Jabodetabek,1928,22,465,active,Banyuasin East,"2025-05-10 10:33:14","2025-05-10 10:33:15",wiwin.dwiutami.hakim,wiwin.dwiutami.hakim
Halodoc - B2B - Jabodetabek,1929,22,466,active,Prabumulih,"2025-05-10 10:33:14","2025-05-10 10:33:15",wiwin.dwiutami.hakim,wiwin.dwiutami.hakim
Halodoc - B2B - Jabodetabek,1930,22,467,active,Ogan Ilir,"2025-05-10 10:33:14","2025-05-10 10:33:15",wiwin.dwiutami.hakim,wiwin.dwiutami.hakim
Halodoc - B2B - Jabodetabek,1931,22,468,active,Ogan Komering Ilir,"2025-05-10 10:33:14","2025-05-10 10:33:15",wiwin.dwiutami.hakim,wiwin.dwiutami.hakim
Halodoc - B2B - Jabodetabek,1932,22,469,active,Ogan Komering Ulu,"2025-05-10 10:33:14","2025-05-10 10:33:15",wiwin.dwiutami.hakim,wiwin.dwiutami.hakim
Halodoc - B2B - Jabodetabek,1933,22,470,active,Ogan Komering Ulu East,"2025-05-10 10:33:14","2025-05-10 10:33:15",wiwin.dwiutami.hakim,wiwin.dwiutami.hakim
Halodoc - B2B - Jabodetabek,1934,22,471,active,Ogan Komering ulu South,"2025-05-10 10:33:14","2025-05-10 10:33:15",wiwin.dwiutami.hakim,wiwin.dwiutami.hakim
Halodoc - B2B - Jabodetabek,1935,22,473,active,Bengkalis East,"2025-05-10 10:33:14","2025-05-10 10:33:15",wiwin.dwiutami.hakim,wiwin.dwiutami.hakim
Halodoc - B2B - Jabodetabek,1936,22,474,active,Pringsewu North,"2025-05-10 10:33:14","2025-05-10 10:33:15",wiwin.dwiutami.hakim,wiwin.dwiutami.hakim
Halodoc - B2B - Jabodetabek,1937,22,475,active,Lampung Central,"2025-05-10 10:33:14","2025-05-10 10:33:15",wiwin.dwiutami.hakim,wiwin.dwiutami.hakim
Halodoc - B2B - Jabodetabek,1938,22,476,active,Kotabumi,"2025-05-10 10:33:14","2025-05-10 10:33:15",wiwin.dwiutami.hakim,wiwin.dwiutami.hakim
Halodoc - B2B - Jabodetabek,1939,22,477,active,Tulang Bawang West,"2025-05-10 10:33:14","2025-05-10 10:33:15",wiwin.dwiutami.hakim,wiwin.dwiutami.hakim
Halodoc - B2B - Jabodetabek,1940,22,478,active,Tulang Bawang,"2025-05-10 10:33:14","2025-05-10 10:33:15",wiwin.dwiutami.hakim,wiwin.dwiutami.hakim
Halodoc - B2B - Jabodetabek,1941,22,479,active,Mesuji,"2025-05-10 10:33:14","2025-05-10 10:33:15",wiwin.dwiutami.hakim,wiwin.dwiutami.hakim
Halodoc - B2B - Jabodetabek,1942,22,480,active,Sukadana,"2025-05-10 10:33:14","2025-05-10 10:33:15",wiwin.dwiutami.hakim,wiwin.dwiutami.hakim
Halodoc - B2B - Jabodetabek,1943,22,481,active,Boyolali Kabupaten West,"2025-05-10 10:33:14","2025-05-10 10:33:15",wiwin.dwiutami.hakim,wiwin.dwiutami.hakim
Halodoc - B2B - Jabodetabek,1944,22,482,active,Buleleng East,"2025-05-10 10:33:14","2025-05-10 10:33:15",wiwin.dwiutami.hakim,wiwin.dwiutami.hakim
Halodoc - B2B - Jabodetabek,1945,22,483,active,Kubu Raya,"2025-05-10 10:33:14","2025-05-10 10:33:15",wiwin.dwiutami.hakim,wiwin.dwiutami.hakim
Halodoc - B2B - Jabodetabek,1946,22,484,active,Boalemo,"2025-05-10 10:33:14","2025-05-10 10:33:15",wiwin.dwiutami.hakim,wiwin.dwiutami.hakim
Halodoc - B2B - Jabodetabek,1947,22,485,active,Bolaang Mongondow North,"2025-05-10 10:33:14","2025-05-10 10:33:15",wiwin.dwiutami.hakim,wiwin.dwiutami.hakim
Halodoc - B2B - Jabodetabek,1948,22,486,active,Bolaang Mongondow,"2025-05-10 10:33:14","2025-05-10 10:33:15",wiwin.dwiutami.hakim,wiwin.dwiutami.hakim
Halodoc - B2B - Jabodetabek,1949,22,487,active,Kotamobagu,"2025-05-10 10:33:14","2025-05-10 10:33:15",wiwin.dwiutami.hakim,wiwin.dwiutami.hakim
Halodoc - B2B - Jabodetabek,1950,22,488,active,Minahasa Southeast,"2025-05-10 10:33:14","2025-05-10 10:33:15",wiwin.dwiutami.hakim,wiwin.dwiutami.hakim
Halodoc - B2B - Jabodetabek,1951,22,489,active,Minahasa,"2025-05-10 10:33:14","2025-05-10 10:33:15",wiwin.dwiutami.hakim,wiwin.dwiutami.hakim
Halodoc - B2B - Jabodetabek,1952,22,490,active,Minahasa North,"2025-05-10 10:33:14","2025-05-10 10:33:15",wiwin.dwiutami.hakim,wiwin.dwiutami.hakim
Halodoc - B2B - Jabodetabek,1953,22,491,active,Tojo Una Una,"2025-05-10 10:33:14","2025-05-10 10:33:15",wiwin.dwiutami.hakim,wiwin.dwiutami.hakim
Halodoc - B2B - Jabodetabek,1954,22,492,active,Lombok West,"2025-05-10 10:33:14","2025-05-10 10:33:15",wiwin.dwiutami.hakim,wiwin.dwiutami.hakim
Halodoc - B2B - Jabodetabek,1955,22,493,active,Bangka West,"2025-05-10 10:33:14","2025-05-10 10:33:15",wiwin.dwiutami.hakim,wiwin.dwiutami.hakim
Halodoc - B2B - Jabodetabek,1956,22,499,active,Sumenep Kabupaten,"2025-05-10 10:33:14","2025-05-10 10:33:15",wiwin.dwiutami.hakim,wiwin.dwiutami.hakim
Halodoc - B2B - Jabodetabek,1957,22,500,active,Sumenep East,"2025-05-10 10:33:14","2025-05-10 10:33:15",wiwin.dwiutami.hakim,wiwin.dwiutami.hakim
Halodoc - B2B - Jabodetabek,1958,22,501,active,Bangkalan East,"2025-05-10 10:33:14","2025-05-10 10:33:15",wiwin.dwiutami.hakim,wiwin.dwiutami.hakim
Halodoc - B2B - Jabodetabek,1959,22,502,active,Sambas,"2025-05-10 10:33:14","2025-05-10 10:33:15",wiwin.dwiutami.hakim,wiwin.dwiutami.hakim
Halodoc - B2B - Jabodetabek,1960,22,503,active,Singkawang,"2025-05-10 10:33:14","2025-05-10 10:33:15",wiwin.dwiutami.hakim,wiwin.dwiutami.hakim
Halodoc - B2B - Jabodetabek,1961,22,504,active,Bengkayang,"2025-05-10 10:33:14","2025-05-10 10:33:15",wiwin.dwiutami.hakim,wiwin.dwiutami.hakim
Halodoc - B2B - Jabodetabek,1962,22,505,active,Mempawah,"2025-05-10 10:33:14","2025-05-10 10:33:15",wiwin.dwiutami.hakim,wiwin.dwiutami.hakim
Halodoc - B2B - Jabodetabek,1963,22,506,active,Landak,"2025-05-10 10:33:14","2025-05-10 10:33:15",wiwin.dwiutami.hakim,wiwin.dwiutami.hakim
Halodoc - B2B - Jabodetabek,1964,22,507,active,Sanggau,"2025-05-10 10:33:14","2025-05-10 10:33:15",wiwin.dwiutami.hakim,wiwin.dwiutami.hakim
Halodoc - B2B - Jabodetabek,1965,22,508,active,Sekadau,"2025-05-10 10:33:14","2025-05-10 10:33:15",wiwin.dwiutami.hakim,wiwin.dwiutami.hakim
Halodoc - B2B - Jabodetabek,1966,22,509,active,Sintang,"2025-05-10 10:33:14","2025-05-10 10:33:15",wiwin.dwiutami.hakim,wiwin.dwiutami.hakim
Halodoc - B2B - Jabodetabek,1967,22,510,active,Melawi,"2025-05-10 10:33:14","2025-05-10 10:33:15",wiwin.dwiutami.hakim,wiwin.dwiutami.hakim
Halodoc - B2B - Jabodetabek,1968,22,511,active,Kapuas Hulu,"2025-05-10 10:33:14","2025-05-10 10:33:15",wiwin.dwiutami.hakim,wiwin.dwiutami.hakim
Halodoc - B2B - Jabodetabek,1969,22,512,active,Kayong Notrh,"2025-05-10 10:33:14","2025-05-10 10:33:15",wiwin.dwiutami.hakim,wiwin.dwiutami.hakim
Halodoc - B2B - Jabodetabek,1970,22,513,active,Ketapang,"2025-05-10 10:33:14","2025-05-10 10:33:15",wiwin.dwiutami.hakim,wiwin.dwiutami.hakim
Halodoc - B2B - Jabodetabek,1971,22,514,active,Kubu East,"2025-05-10 10:33:14","2025-05-10 10:33:15",wiwin.dwiutami.hakim,wiwin.dwiutami.hakim
Halodoc - B2B - Jabodetabek,1972,22,515,active,Tanah Bambu,"2025-05-10 10:33:14","2025-05-10 10:33:15",wiwin.dwiutami.hakim,wiwin.dwiutami.hakim
Halodoc - B2B - Jabodetabek,1973,22,516,active,Tanah Laut,"2025-05-10 10:33:14","2025-05-10 10:33:15",wiwin.dwiutami.hakim,wiwin.dwiutami.hakim
Halodoc - B2B - Jabodetabek,1974,22,55,active,Makassar Central,"2025-05-10 10:33:14","2025-05-10 10:33:15",wiwin.dwiutami.hakim,wiwin.dwiutami.hakim
Halodoc - B2B - Jabodetabek,1975,22,517,active,Balangan,"2025-05-10 10:33:14","2025-05-10 10:33:15",wiwin.dwiutami.hakim,wiwin.dwiutami.hakim
Halodoc - B2B - Jabodetabek,1976,22,56,active,Makassar North,"2025-05-10 10:33:14","2025-05-10 10:33:15",wiwin.dwiutami.hakim,wiwin.dwiutami.hakim
Halodoc - B2B - Jabodetabek,1977,22,57,active,Sukabumi,"2025-05-10 10:33:14","2025-05-10 10:33:15",wiwin.dwiutami.hakim,wiwin.dwiutami.hakim
Halodoc - B2B - Jabodetabek,1978,22,518,active,Barito East,"2025-05-10 10:33:14","2025-05-10 10:33:15",wiwin.dwiutami.hakim,wiwin.dwiutami.hakim
Halodoc - B2B - Jabodetabek,1979,22,58,active,Pontianak North,"2025-05-10 10:33:14","2025-05-10 10:33:15",wiwin.dwiutami.hakim,wiwin.dwiutami.hakim
Halodoc - B2B - Jabodetabek,1980,22,519,active,Barito South,"2025-05-10 10:33:14","2025-05-10 10:33:15",wiwin.dwiutami.hakim,wiwin.dwiutami.hakim
Halodoc - B2B - Jabodetabek,1981,22,59,active,Pontianak South,"2025-05-10 10:33:14","2025-05-10 10:33:15",wiwin.dwiutami.hakim,wiwin.dwiutami.hakim
Halodoc - B2B - Jabodetabek,1982,22,60,active,Padang,"2025-05-10 10:33:14","2025-05-10 10:33:15",wiwin.dwiutami.hakim,wiwin.dwiutami.hakim
Halodoc - B2B - Jabodetabek,1983,22,520,active,Kutai East,"2025-05-10 10:33:14","2025-05-10 10:33:15",wiwin.dwiutami.hakim,wiwin.dwiutami.hakim
Halodoc - B2B - Jabodetabek,1984,22,61,active,Bukittinggi,"2025-05-10 10:33:14","2025-05-10 10:33:15",wiwin.dwiutami.hakim,wiwin.dwiutami.hakim
Halodoc - B2B - Jabodetabek,1985,22,62,active,Mataram,"2025-05-10 10:33:14","2025-05-10 10:33:15",wiwin.dwiutami.hakim,wiwin.dwiutami.hakim
Halodoc - B2B - Jabodetabek,1986,22,521,active,Kutai Kartanegara North,"2025-05-10 10:33:14","2025-05-10 10:33:15",wiwin.dwiutami.hakim,wiwin.dwiutami.hakim
Halodoc - B2B - Jabodetabek,1987,22,64,active,Pekanbaru,"2025-05-10 10:33:14","2025-05-10 10:33:15",wiwin.dwiutami.hakim,wiwin.dwiutami.hakim
Halodoc - B2B - Jabodetabek,1988,22,522,active,Kutai West,"2025-05-10 10:33:14","2025-05-10 10:33:15",wiwin.dwiutami.hakim,wiwin.dwiutami.hakim
Halodoc - B2B - Jabodetabek,1989,22,66,active,Bandung East,"2025-05-10 10:33:14","2025-05-10 10:33:15",wiwin.dwiutami.hakim,wiwin.dwiutami.hakim
Halodoc - B2B - Jabodetabek,1990,22,523,active,Barito Kuala,"2025-05-10 10:33:14","2025-05-10 10:33:15",wiwin.dwiutami.hakim,wiwin.dwiutami.hakim
Halodoc - B2B - Jabodetabek,1991,22,524,active,Solok Central,"2025-05-10 10:33:14","2025-05-10 10:33:15",wiwin.dwiutami.hakim,wiwin.dwiutami.hakim
Halodoc - B2B - Jabodetabek,1992,22,525,active,Sigi,"2025-05-10 10:33:14","2025-05-10 10:33:15",wiwin.dwiutami.hakim,wiwin.dwiutami.hakim
Halodoc - B2B - Jabodetabek,1993,22,526,active,Parigi Moutong,"2025-05-10 10:33:14","2025-05-10 10:33:15",wiwin.dwiutami.hakim,wiwin.dwiutami.hakim
Halodoc - B2B - Jabodetabek,1994,22,527,active,Morowali North,"2025-05-10 10:33:14","2025-05-10 10:33:15",wiwin.dwiutami.hakim,wiwin.dwiutami.hakim
Halodoc - B2B - Jabodetabek,1995,22,528,active,Morowali,"2025-05-10 10:33:14","2025-05-10 10:33:15",wiwin.dwiutami.hakim,wiwin.dwiutami.hakim
Halodoc - B2B - Jabodetabek,1996,22,529,active,Sabang,"2025-05-10 10:33:14","2025-05-10 10:33:15",wiwin.dwiutami.hakim,wiwin.dwiutami.hakim
Halodoc - B2B - Jabodetabek,1997,22,530,active,Aceh Besar,"2025-05-10 10:33:14","2025-05-10 10:33:15",wiwin.dwiutami.hakim,wiwin.dwiutami.hakim
Halodoc - B2B - Jabodetabek,1998,22,531,active,Aceh Jaya,"2025-05-10 10:33:14","2025-05-10 10:33:15",wiwin.dwiutami.hakim,wiwin.dwiutami.hakim
Halodoc - B2B - Jabodetabek,1999,22,532,active,Nagan Raya,"2025-05-10 10:33:14","2025-05-10 10:33:15",wiwin.dwiutami.hakim,wiwin.dwiutami.hakim
Halodoc - B2B - Jabodetabek,2000,22,533,active,Aceh West Kabupaten,"2025-05-10 10:33:14","2025-05-10 10:33:15",wiwin.dwiutami.hakim,wiwin.dwiutami.hakim
Halodoc - B2B - Jabodetabek,2001,22,534,active,Aceh South,"2025-05-10 10:33:14","2025-05-10 10:33:15",wiwin.dwiutami.hakim,wiwin.dwiutami.hakim
Halodoc - B2B - Jabodetabek,2002,22,535,active,Subulusallam,"2025-05-10 10:33:14","2025-05-10 10:33:15",wiwin.dwiutami.hakim,wiwin.dwiutami.hakim
Halodoc - B2B - Jabodetabek,2003,22,536,active,Piddie Jaya,"2025-05-10 10:33:14","2025-05-10 10:33:15",wiwin.dwiutami.hakim,wiwin.dwiutami.hakim
Halodoc - B2B - Jabodetabek,2004,22,537,active,Bireuen,"2025-05-10 10:33:14","2025-05-10 10:33:15",wiwin.dwiutami.hakim,wiwin.dwiutami.hakim
Halodoc - B2B - Jabodetabek,2005,22,538,active,Aceh Central,"2025-05-10 10:33:14","2025-05-10 10:33:15",wiwin.dwiutami.hakim,wiwin.dwiutami.hakim
Halodoc - B2B - Jabodetabek,2006,22,539,active,Gayo Lues,"2025-05-10 10:33:14","2025-05-10 10:33:15",wiwin.dwiutami.hakim,wiwin.dwiutami.hakim
Halodoc - B2B - Jabodetabek,2007,22,540,active,Aceh North,"2025-05-10 10:33:14","2025-05-10 10:33:15",wiwin.dwiutami.hakim,wiwin.dwiutami.hakim
Halodoc - B2B - Jabodetabek,2008,22,541,active,Aceh East,"2025-05-10 10:33:14","2025-05-10 10:33:15",wiwin.dwiutami.hakim,wiwin.dwiutami.hakim
Halodoc - B2B - Jabodetabek,2009,22,542,active,Bener Meriah,"2025-05-10 10:33:14","2025-05-10 10:33:15",wiwin.dwiutami.hakim,wiwin.dwiutami.hakim
Halodoc - B2B - Jabodetabek,2010,22,543,active,Aceh West,"2025-05-10 10:33:14","2025-05-10 10:33:15",wiwin.dwiutami.hakim,wiwin.dwiutami.hakim
Halodoc - B2B - Jabodetabek,2011,22,544,active,Purworejo South,"2025-05-10 10:33:14","2025-05-10 10:33:15",wiwin.dwiutami.hakim,wiwin.dwiutami.hakim
Halodoc - B2B - Jabodetabek,2012,22,545,active,Kuningan Kabupaten,"2025-05-10 10:33:14","2025-05-10 10:33:15",wiwin.dwiutami.hakim,wiwin.dwiutami.hakim
Halodoc - B2B - Jabodetabek,2013,22,546,active,Banyumas,"2025-05-10 10:33:14","2025-05-10 10:33:15",wiwin.dwiutami.hakim,wiwin.dwiutami.hakim
Halodoc - B2B - Jabodetabek,2014,22,547,active,Purbalingga North,"2025-05-10 10:33:14","2025-05-10 10:33:15",wiwin.dwiutami.hakim,wiwin.dwiutami.hakim
Halodoc - B2B - Jabodetabek,2015,22,548,active,Majenang,"2025-05-10 10:33:14","2025-05-10 10:33:15",wiwin.dwiutami.hakim,wiwin.dwiutami.hakim
Halodoc - B2B - Jabodetabek,2016,22,549,active,Jember West,"2025-05-10 10:33:14","2025-05-10 10:33:15",wiwin.dwiutami.hakim,wiwin.dwiutami.hakim
Halodoc - B2B - Jabodetabek,2017,22,550,active,Barito North,"2025-05-10 10:33:14","2025-05-10 10:33:15",wiwin.dwiutami.hakim,wiwin.dwiutami.hakim
Halodoc - B2B - Jabodetabek,2018,22,551,active,Kotabaru,"2025-05-10 10:33:14","2025-05-10 10:33:15",wiwin.dwiutami.hakim,wiwin.dwiutami.hakim
Halodoc - B2B - Jabodetabek,2019,22,552,active,Dumai,"2025-05-10 10:33:14","2025-05-10 10:33:15",wiwin.dwiutami.hakim,wiwin.dwiutami.hakim
Halodoc - B2B - Jabodetabek,2020,22,553,active,Siak,"2025-05-10 10:33:14","2025-05-10 10:33:15",wiwin.dwiutami.hakim,wiwin.dwiutami.hakim
Halodoc - B2B - Jabodetabek,2021,22,554,active,Kampar West,"2025-05-10 10:33:14","2025-05-10 10:33:15",wiwin.dwiutami.hakim,wiwin.dwiutami.hakim
Halodoc - B2B - Jabodetabek,2022,22,555,active,Rokan Hilir North,"2025-05-10 10:33:14","2025-05-10 10:33:15",wiwin.dwiutami.hakim,wiwin.dwiutami.hakim
Halodoc - B2B - Jabodetabek,2023,22,556,active,Kuantan Singingi,"2025-05-10 10:33:14","2025-05-10 10:33:15",wiwin.dwiutami.hakim,wiwin.dwiutami.hakim
Halodoc - B2B - Jabodetabek,2024,22,557,active,Serang Central,"2025-05-10 10:33:14","2025-05-10 10:33:15",wiwin.dwiutami.hakim,wiwin.dwiutami.hakim
Halodoc - B2B - Jabodetabek,2025,22,558,active,Bengkulu Central,"2025-05-10 10:33:14","2025-05-10 10:33:15",wiwin.dwiutami.hakim,wiwin.dwiutami.hakim
Halodoc - B2B - Jabodetabek,2026,22,559,active,Seluma,"2025-05-10 10:33:14","2025-05-10 10:33:15",wiwin.dwiutami.hakim,wiwin.dwiutami.hakim
Halodoc - B2B - Jabodetabek,2027,22,560,active,Kepahiang,"2025-05-10 10:33:14","2025-05-10 10:33:15",wiwin.dwiutami.hakim,wiwin.dwiutami.hakim
Halodoc - B2B - Jabodetabek,2028,22,561,active,Rajeng Lebong,"2025-05-10 10:33:14","2025-05-10 10:33:15",wiwin.dwiutami.hakim,wiwin.dwiutami.hakim
Halodoc - B2B - Jabodetabek,2029,22,562,active,Bengkulu Kabupaten North,"2025-05-10 10:33:14","2025-05-10 10:33:15",wiwin.dwiutami.hakim,wiwin.dwiutami.hakim
Halodoc - B2B - Jabodetabek,2030,22,563,active,Bengkulu South,"2025-05-10 10:33:14","2025-05-10 10:33:15",wiwin.dwiutami.hakim,wiwin.dwiutami.hakim
Halodoc - B2B - Jabodetabek,2031,22,564,active,Muko Muko,"2025-05-10 10:33:14","2025-05-10 10:33:15",wiwin.dwiutami.hakim,wiwin.dwiutami.hakim
Halodoc - B2B - Jabodetabek,2032,22,565,active,Kabupaten Muara Enim,"2025-05-10 10:33:14","2025-05-10 10:33:15",wiwin.dwiutami.hakim,wiwin.dwiutami.hakim
Halodoc - B2B - Jabodetabek,2033,22,566,active,Lampung West,"2025-05-10 10:33:14","2025-05-10 10:33:15",wiwin.dwiutami.hakim,wiwin.dwiutami.hakim
Halodoc - B2B - Jabodetabek,2034,22,567,active,Way Kanan,"2025-05-10 10:33:14","2025-05-10 10:33:15",wiwin.dwiutami.hakim,wiwin.dwiutami.hakim
Halodoc - B2B - Jabodetabek,2035,22,568,active,Pesawaran,"2025-05-10 10:33:14","2025-05-10 10:33:15",wiwin.dwiutami.hakim,wiwin.dwiutami.hakim
Halodoc - B2B - Jabodetabek,2036,22,569,active,Garut North,"2025-05-10 10:33:14","2025-05-10 10:33:15",wiwin.dwiutami.hakim,wiwin.dwiutami.hakim
Halodoc - B2B - Jabodetabek,2037,22,570,active,Majalengka South,"2025-05-10 10:33:14","2025-05-10 10:33:15",wiwin.dwiutami.hakim,wiwin.dwiutami.hakim
Halodoc - B2B - Jabodetabek,2038,22,571,active,Boyolali North,"2025-05-10 10:33:14","2025-05-10 10:33:15",wiwin.dwiutami.hakim,wiwin.dwiutami.hakim
Halodoc - B2B - Jabodetabek,2039,22,572,active,Purbalingga East,"2025-05-10 10:33:14","2025-05-10 10:33:15",wiwin.dwiutami.hakim,wiwin.dwiutami.hakim
Halodoc - B2B - Jabodetabek,2040,22,573,active,Ngawi West,"2025-05-10 10:33:14","2025-05-10 10:33:15",wiwin.dwiutami.hakim,wiwin.dwiutami.hakim
Halodoc - B2B - Jabodetabek,2041,22,574,active,Ngawi East,"2025-05-10 10:33:14","2025-05-10 10:33:15",wiwin.dwiutami.hakim,wiwin.dwiutami.hakim
Halodoc - B2B - Jabodetabek,2042,22,575,active,Situbondo West,"2025-05-10 10:33:14","2025-05-10 10:33:15",wiwin.dwiutami.hakim,wiwin.dwiutami.hakim
Halodoc - B2B - Jabodetabek,2043,22,576,active,Gianyar North,"2025-05-10 10:33:14","2025-05-10 10:33:15",wiwin.dwiutami.hakim,wiwin.dwiutami.hakim
Halodoc - B2B - Jabodetabek,2044,22,577,active,Karangasem Central,"2025-05-10 10:33:14","2025-05-10 10:33:15",wiwin.dwiutami.hakim,wiwin.dwiutami.hakim
Halodoc - B2B - Jabodetabek,2045,22,578,active,Sragen Kabupaten,"2025-05-10 10:33:14","2025-05-10 10:33:15",wiwin.dwiutami.hakim,wiwin.dwiutami.hakim
Halodoc - B2B - Jabodetabek,2046,22,579,active,Indragiri Hulu,"2025-05-10 10:33:14","2025-05-10 10:33:15",wiwin.dwiutami.hakim,wiwin.dwiutami.hakim
Halodoc - B2B - Jabodetabek,2047,22,580,active,Kerinci Kabupaten,"2025-05-10 10:33:14","2025-05-10 10:33:15",wiwin.dwiutami.hakim,wiwin.dwiutami.hakim
Halodoc - B2B - Jabodetabek,2048,22,581,active,Pandeglang South,"2025-05-10 10:33:14","2025-05-10 10:33:15",wiwin.dwiutami.hakim,wiwin.dwiutami.hakim
Halodoc - B2B - Jabodetabek,2049,22,582,active,Kefamenanu,"2025-05-10 10:33:14","2025-05-10 10:33:15",wiwin.dwiutami.hakim,wiwin.dwiutami.hakim
Halodoc - B2B - Jabodetabek,2050,22,583,active,Lombok North,"2025-05-10 10:33:14","2025-05-10 10:33:15",wiwin.dwiutami.hakim,wiwin.dwiutami.hakim
Halodoc - B2B - Jabodetabek,2051,22,584,active,Lombok Kabupaten West,"2025-05-10 10:33:14","2025-05-10 10:33:15",wiwin.dwiutami.hakim,wiwin.dwiutami.hakim
Halodoc - B2B - Jabodetabek,2052,22,585,active,Magetan West,"2025-05-10 10:33:14","2025-05-10 10:33:15",wiwin.dwiutami.hakim,wiwin.dwiutami.hakim
Halodoc - B2B - Jabodetabek,2053,22,586,active,Rembang North,"2025-05-10 10:33:14","2025-05-10 10:33:15",wiwin.dwiutami.hakim,wiwin.dwiutami.hakim
Halodoc - B2B - Jabodetabek,2054,22,587,active,Blitar South,"2025-05-10 10:33:14","2025-05-10 10:33:15",wiwin.dwiutami.hakim,wiwin.dwiutami.hakim
Halodoc - B2B - Jabodetabek,2055,22,588,active,Bojonegoro South,"2025-05-10 10:33:14","2025-05-10 10:33:15",wiwin.dwiutami.hakim,wiwin.dwiutami.hakim
Halodoc - B2B - Jabodetabek,2056,22,589,active,Sragen North,"2025-05-10 10:33:14","2025-05-10 10:33:15",wiwin.dwiutami.hakim,wiwin.dwiutami.hakim
Halodoc - B2B - Jabodetabek,2057,22,590,active,Banyuwangi North,"2025-05-10 10:33:14","2025-05-10 10:33:15",wiwin.dwiutami.hakim,wiwin.dwiutami.hakim
Halodoc - B2B - Jabodetabek,2058,22,591,active,Lamongan South,"2025-05-10 10:33:14","2025-05-10 10:33:15",wiwin.dwiutami.hakim,wiwin.dwiutami.hakim
Halodoc - B2B - Jabodetabek,2059,22,592,active,Kendal Kabupaten,"2025-05-10 10:33:14","2025-05-10 10:33:15",wiwin.dwiutami.hakim,wiwin.dwiutami.hakim
Halodoc - B2B - Jabodetabek,2060,22,593,active,Pesisir West,"2025-05-10 10:33:14","2025-05-10 10:33:15",wiwin.dwiutami.hakim,wiwin.dwiutami.hakim
Halodoc - B2B - Jabodetabek,2061,22,594,active,Martapura,"2025-05-10 10:33:14","2025-05-10 10:33:15",wiwin.dwiutami.hakim,wiwin.dwiutami.hakim
Halodoc - B2B - Jabodetabek,2062,22,67,active,Bandung Kabupaten,"2025-05-10 10:33:14","2025-05-10 10:33:15",wiwin.dwiutami.hakim,wiwin.dwiutami.hakim
Halodoc - B2B - Jabodetabek,2063,22,595,active,Kulon Progo North,"2025-05-10 10:33:14","2025-05-10 10:33:15",wiwin.dwiutami.hakim,wiwin.dwiutami.hakim
Halodoc - B2B - Jabodetabek,2064,22,68,active,Bandar Lampung East,"2025-05-10 10:33:14","2025-05-10 10:33:15",wiwin.dwiutami.hakim,wiwin.dwiutami.hakim
Halodoc - B2B - Jabodetabek,2065,22,596,active,Grobogan South,"2025-05-10 10:33:14","2025-05-10 10:33:15",wiwin.dwiutami.hakim,wiwin.dwiutami.hakim
Halodoc - B2B - Jabodetabek,2066,22,69,active,Bandar Lampung West,"2025-05-10 10:33:14","2025-05-10 10:33:15",wiwin.dwiutami.hakim,wiwin.dwiutami.hakim
Halodoc - B2B - Jabodetabek,2067,22,70,active,Purwakarta,"2025-05-10 10:33:14","2025-05-10 10:33:15",wiwin.dwiutami.hakim,wiwin.dwiutami.hakim
Halodoc - B2B - Jabodetabek,2068,22,597,active,Seruyan,"2025-05-10 10:33:14","2025-05-10 10:33:15",wiwin.dwiutami.hakim,wiwin.dwiutami.hakim
Halodoc - B2B - Jabodetabek,2069,22,73,active,Bekasi Kabupaten North,"2025-05-10 10:33:14","2025-05-10 10:33:15",wiwin.dwiutami.hakim,wiwin.dwiutami.hakim
Halodoc - B2B - Jabodetabek,2070,22,76,active,Ponorogo West,"2025-05-10 10:33:14","2025-05-10 10:33:15",wiwin.dwiutami.hakim,wiwin.dwiutami.hakim
Halodoc - B2B - Jabodetabek,2071,22,598,active,Padang Pariaman North,"2025-05-10 10:33:14","2025-05-10 10:33:15",wiwin.dwiutami.hakim,wiwin.dwiutami.hakim
Halodoc - B2B - Jabodetabek,2072,22,77,active,Ponorogo East,"2025-05-10 10:33:14","2025-05-10 10:33:15",wiwin.dwiutami.hakim,wiwin.dwiutami.hakim
Halodoc - B2B - Jabodetabek,2073,22,599,active,Murung Raya,"2025-05-10 10:33:14","2025-05-10 10:33:15",wiwin.dwiutami.hakim,wiwin.dwiutami.hakim
Halodoc - B2B - Jabodetabek,2074,22,78,active,Tegal,"2025-05-10 10:33:14","2025-05-10 10:33:15",wiwin.dwiutami.hakim,wiwin.dwiutami.hakim
Halodoc - B2B - Jabodetabek,2075,22,79,active,Pekalongan,"2025-05-10 10:33:14","2025-05-10 10:33:15",wiwin.dwiutami.hakim,wiwin.dwiutami.hakim
Halodoc - B2B - Jabodetabek,2076,22,600,active,Kotabaru Kabupaten,"2025-05-10 10:33:14","2025-05-10 10:33:15",wiwin.dwiutami.hakim,wiwin.dwiutami.hakim
Halodoc - B2B - Jabodetabek,2077,22,80,active,Gresik,"2025-05-10 10:33:14","2025-05-10 10:33:15",wiwin.dwiutami.hakim,wiwin.dwiutami.hakim
Halodoc - B2B - Jabodetabek,2078,22,81,active,Batam,"2025-05-10 10:33:14","2025-05-10 10:33:15",wiwin.dwiutami.hakim,wiwin.dwiutami.hakim
Halodoc - B2B - Jabodetabek,2079,22,601,active,Pulang Pisau,"2025-05-10 10:33:14","2025-05-10 10:33:15",wiwin.dwiutami.hakim,wiwin.dwiutami.hakim
Halodoc - B2B - Jabodetabek,2080,22,82,active,Cilegon,"2025-05-10 10:33:14","2025-05-10 10:33:15",wiwin.dwiutami.hakim,wiwin.dwiutami.hakim
Halodoc - B2B - Jabodetabek,2081,22,602,active,Bengkalis Kabupaten,"2025-05-10 10:33:14","2025-05-10 10:33:15",wiwin.dwiutami.hakim,wiwin.dwiutami.hakim
Halodoc - B2B - Jabodetabek,2082,22,603,active,Pati South,"2025-05-10 10:33:14","2025-05-10 10:33:15",wiwin.dwiutami.hakim,wiwin.dwiutami.hakim
Halodoc - B2B - Jabodetabek,2083,22,604,active,Sumbawa,"2025-05-10 10:33:14","2025-05-10 10:33:15",wiwin.dwiutami.hakim,wiwin.dwiutami.hakim
Halodoc - B2B - Jabodetabek,2084,22,605,active,Rembang South,"2025-05-10 10:33:14","2025-05-10 10:33:15",wiwin.dwiutami.hakim,wiwin.dwiutami.hakim
Halodoc - B2B - Jabodetabek,2085,22,606,active,Lebak,"2025-05-10 10:33:14","2025-05-10 10:33:15",wiwin.dwiutami.hakim,wiwin.dwiutami.hakim
Halodoc - B2B - Jabodetabek,2086,22,607,active,Sumbawa West,"2025-05-10 10:33:14","2025-05-10 10:33:15",wiwin.dwiutami.hakim,wiwin.dwiutami.hakim
Halodoc - B2B - Jabodetabek,2087,22,608,active,Kepulauan Meranti,"2025-05-10 10:33:14","2025-05-10 10:33:15",wiwin.dwiutami.hakim,wiwin.dwiutami.hakim
Halodoc - B2B - Jabodetabek,2088,22,609,active,Kaur,"2025-05-10 10:33:14","2025-05-10 10:33:15",wiwin.dwiutami.hakim,wiwin.dwiutami.hakim
Halodoc - B2B - Jabodetabek,2089,22,610,active,Bima,"2025-05-10 10:33:14","2025-05-10 10:33:15",wiwin.dwiutami.hakim,wiwin.dwiutami.hakim
Halodoc - B2B - Jabodetabek,2090,22,611,active,Timor Tengah South,"2025-05-10 10:33:14","2025-05-10 10:33:15",wiwin.dwiutami.hakim,wiwin.dwiutami.hakim
Halodoc - B2B - Jabodetabek,2091,22,612,active,Lebong Kabupaten,"2025-05-10 10:33:14","2025-05-10 10:33:15",wiwin.dwiutami.hakim,wiwin.dwiutami.hakim
Halodoc - B2B - Jabodetabek,2092,22,613,active,Flores East,"2025-05-10 10:33:14","2025-05-10 10:33:15",wiwin.dwiutami.hakim,wiwin.dwiutami.hakim
Halodoc - B2B - Jabodetabek,2093,22,614,active,Dompu,"2025-05-10 10:33:14","2025-05-10 10:33:15",wiwin.dwiutami.hakim,wiwin.dwiutami.hakim
Halodoc - B2B - Jabodetabek,2094,22,615,active,Bima Kabupaten,"2025-05-10 10:33:14","2025-05-10 10:33:15",wiwin.dwiutami.hakim,wiwin.dwiutami.hakim
Halodoc - B2B - Jabodetabek,2095,22,616,active,Ende,"2025-05-10 10:33:14","2025-05-10 10:33:15",wiwin.dwiutami.hakim,wiwin.dwiutami.hakim
Halodoc - B2B - Jabodetabek,2096,22,617,active,Manggarai,"2025-05-10 10:33:14","2025-05-10 10:33:15",wiwin.dwiutami.hakim,wiwin.dwiutami.hakim
Halodoc - B2B - Jabodetabek,2097,22,618,active,Bulungan,"2025-05-10 10:33:14","2025-05-10 10:33:15",wiwin.dwiutami.hakim,wiwin.dwiutami.hakim
Halodoc - B2B - Jabodetabek,2098,22,619,active,Kolaka East,"2025-05-10 10:33:14","2025-05-10 10:33:15",wiwin.dwiutami.hakim,wiwin.dwiutami.hakim
Halodoc - B2B - Jabodetabek,2099,22,620,active,Bombana,"2025-05-10 10:33:14","2025-05-10 10:33:15",wiwin.dwiutami.hakim,wiwin.dwiutami.hakim
Halodoc - B2B - Jabodetabek,2100,22,621,active,Cianjur South,"2025-05-10 10:33:14","2025-05-10 10:33:15",wiwin.dwiutami.hakim,wiwin.dwiutami.hakim
Halodoc - B2B - Jabodetabek,2101,22,622,active,Penukal Abab Pematang Ilir,"2025-05-10 10:33:14","2025-05-10 10:33:15",wiwin.dwiutami.hakim,wiwin.dwiutami.hakim
Halodoc - B2B - Jabodetabek,2102,22,623,active,Blora East,"2025-05-10 10:33:14","2025-05-10 10:33:15",wiwin.dwiutami.hakim,wiwin.dwiutami.hakim
Halodoc - B2B - Jabodetabek,2103,22,624,active,Belu,"2025-05-10 10:33:14","2025-05-10 10:33:15",wiwin.dwiutami.hakim,wiwin.dwiutami.hakim
Halodoc - B2B - Jabodetabek,2104,22,625,active,Buleleng Kabupaten,"2025-05-10 10:33:14","2025-05-10 10:33:15",wiwin.dwiutami.hakim,wiwin.dwiutami.hakim
Halodoc - B2B - Jabodetabek,2105,22,629,active,Sikka,"2025-05-10 10:33:14","2025-05-10 10:33:15",wiwin.dwiutami.hakim,wiwin.dwiutami.hakim
Halodoc - B2B - Jabodetabek,2106,22,630,active,Malinau,"2025-05-10 10:33:14","2025-05-10 10:33:15",wiwin.dwiutami.hakim,wiwin.dwiutami.hakim
Halodoc - B2B - Jabodetabek,2107,22,631,active,Donggala,"2025-05-10 10:33:14","2025-05-10 10:33:15",wiwin.dwiutami.hakim,wiwin.dwiutami.hakim
Halodoc - B2B - Jabodetabek,2108,22,632,active,Gunung Mas,"2025-05-10 10:33:14","2025-05-10 10:33:15",wiwin.dwiutami.hakim,wiwin.dwiutami.hakim
Halodoc - B2B - Jabodetabek,2109,22,633,active,Bekasi North New,"2025-05-10 10:33:14","2025-05-10 10:33:15",wiwin.dwiutami.hakim,wiwin.dwiutami.hakim
Halodoc - B2B - Jabodetabek,2110,22,634,active,Bangli North,"2025-05-10 10:33:14","2025-05-10 10:33:15",wiwin.dwiutami.hakim,wiwin.dwiutami.hakim
Halodoc - B2B - Jabodetabek,2111,22,635,active,Bolaang Mongondow East,"2025-05-10 10:33:14","2025-05-10 10:33:15",wiwin.dwiutami.hakim,wiwin.dwiutami.hakim
Halodoc - B2B - Jabodetabek,2112,22,636,active,Sumba East,"2025-05-10 10:33:14","2025-05-10 10:33:15",wiwin.dwiutami.hakim,wiwin.dwiutami.hakim
Halodoc - B2B - Jabodetabek,2113,22,637,active,Manggarai Kabupaten West,"2025-05-10 10:33:14","2025-05-10 10:33:15",wiwin.dwiutami.hakim,wiwin.dwiutami.hakim
Halodoc - B2B - Jabodetabek,2114,22,638,active,Lebak South,"2025-05-10 10:33:14","2025-05-10 10:33:15",wiwin.dwiutami.hakim,wiwin.dwiutami.hakim
Halodoc - B2B - Jabodetabek,2115,22,639,active,Sumba West,"2025-05-10 10:33:14","2025-05-10 10:33:15",wiwin.dwiutami.hakim,wiwin.dwiutami.hakim
Halodoc - B2B - Jabodetabek,2116,22,640,active,Wakatobi,"2025-05-10 10:33:14","2025-05-10 10:33:15",wiwin.dwiutami.hakim,wiwin.dwiutami.hakim
Halodoc - B2B - Jabodetabek,2117,22,641,active,Halmahera West,"2025-05-10 10:33:14","2025-05-10 10:33:15",wiwin.dwiutami.hakim,wiwin.dwiutami.hakim
Halodoc - B2B - Jabodetabek,2118,22,642,active,Halmahera North,"2025-05-10 10:33:14","2025-05-10 10:33:15",wiwin.dwiutami.hakim,wiwin.dwiutami.hakim
Halodoc - B2B - Jabodetabek,2119,22,643,active,Tidore,"2025-05-10 10:33:14","2025-05-10 10:33:15",wiwin.dwiutami.hakim,wiwin.dwiutami.hakim
Halodoc - B2B - Jabodetabek,2120,22,644,active,Jember East,"2025-05-10 10:33:14","2025-05-10 10:33:15",wiwin.dwiutami.hakim,wiwin.dwiutami.hakim
Halodoc - B2B - Jabodetabek,2121,22,645,active,Ngada,"2025-05-10 10:33:14","2025-05-10 10:33:15",wiwin.dwiutami.hakim,wiwin.dwiutami.hakim
Halodoc - B2B - Jabodetabek,2122,22,646,active,Lembata,"2025-05-10 10:33:14","2025-05-10 10:33:15",wiwin.dwiutami.hakim,wiwin.dwiutami.hakim
Halodoc - B2B - Jabodetabek,2123,22,647,active,Bone Bolango,"2025-05-10 10:33:14","2025-05-10 10:33:15",wiwin.dwiutami.hakim,wiwin.dwiutami.hakim
Halodoc - B2B - Jabodetabek,2124,22,648,active,Tabanan Kabupaten,"2025-05-10 10:33:14","2025-05-10 10:33:15",wiwin.dwiutami.hakim,wiwin.dwiutami.hakim
Halodoc - B2B - Jabodetabek,2125,22,660,active,Untitled polygon,"2025-05-10 10:33:14","2025-05-10 10:33:15",wiwin.dwiutami.hakim,wiwin.dwiutami.hakim
Halodoc - B2B - Jabodetabek,2126,22,663,active,Halomedika Rancasari,"2025-05-10 10:33:14","2025-05-10 10:33:15",wiwin.dwiutami.hakim,wiwin.dwiutami.hakim
Halodoc - B2B - Jabodetabek,2127,22,665,active,Intibios Bandung,"2025-05-10 10:33:14","2025-05-10 10:33:15",wiwin.dwiutami.hakim,wiwin.dwiutami.hakim
Halodoc - B2B - Jabodetabek,2128,22,666,active,Partner Clinic Intibios Bandung,"2025-05-10 10:33:14","2025-05-10 10:33:15",wiwin.dwiutami.hakim,wiwin.dwiutami.hakim
Halodoc - B2B - Jabodetabek,2129,22,667,active,Apt. Halomedika Rancasari,"2025-05-10 10:33:14","2025-05-10 10:33:15",wiwin.dwiutami.hakim,wiwin.dwiutami.hakim
Halodoc - B2B - Jabodetabek,2130,22,670,active,Kuta Selatan,"2025-05-10 10:33:14","2025-05-10 10:33:15",wiwin.dwiutami.hakim,wiwin.dwiutami.hakim
Halodoc - B2B - Jabodetabek,2131,22,671,active,Kuta,"2025-05-10 10:33:14","2025-05-10 10:33:15",wiwin.dwiutami.hakim,wiwin.dwiutami.hakim
Halodoc - B2B - Jabodetabek,2132,22,672,active,Denpasar Barat,"2025-05-10 10:33:14","2025-05-10 10:33:15",wiwin.dwiutami.hakim,wiwin.dwiutami.hakim
Halodoc - B2B - Jabodetabek,2133,22,673,active,Denpasar Timur,"2025-05-10 10:33:14","2025-05-10 10:33:15",wiwin.dwiutami.hakim,wiwin.dwiutami.hakim
Halodoc - B2B - Jabodetabek,2134,22,674,active,Denpasar Selatan,"2025-05-10 10:33:14","2025-05-10 10:33:15",wiwin.dwiutami.hakim,wiwin.dwiutami.hakim
Halodoc - B2B - Jabodetabek,2135,22,675,active,Sleman,"2025-05-10 10:33:14","2025-05-10 10:33:15",wiwin.dwiutami.hakim,wiwin.dwiutami.hakim
Halodoc - B2B - Jabodetabek,2136,22,677,active,Karawang Extended,"2025-05-10 10:33:14","2025-05-10 10:33:15",wiwin.dwiutami.hakim,wiwin.dwiutami.hakim
Halodoc - B2B - Jabodetabek,2137,22,83,active,Serang East,"2025-05-10 10:33:14","2025-05-10 10:33:15",wiwin.dwiutami.hakim,wiwin.dwiutami.hakim
Halodoc - B2B - Jabodetabek,2138,22,84,active,Serang West,"2025-05-10 10:33:14","2025-05-10 10:33:15",wiwin.dwiutami.hakim,wiwin.dwiutami.hakim
Halodoc - B2B - Jabodetabek,2139,22,85,active,Banyuwangi,"2025-05-10 10:33:14","2025-05-10 10:33:15",wiwin.dwiutami.hakim,wiwin.dwiutami.hakim
Halodoc - B2B - Jabodetabek,2140,22,86,active,Pasuruan,"2025-05-10 10:33:14","2025-05-10 10:33:15",wiwin.dwiutami.hakim,wiwin.dwiutami.hakim
Halodoc - B2B - Jabodetabek,2141,22,87,active,Probolinggo East,"2025-05-10 10:33:14","2025-05-10 10:33:15",wiwin.dwiutami.hakim,wiwin.dwiutami.hakim
Halodoc - B2B - Jabodetabek,2142,22,88,active,Probolinggo West,"2025-05-10 10:33:14","2025-05-10 10:33:15",wiwin.dwiutami.hakim,wiwin.dwiutami.hakim
Halodoc - B2B - Jabodetabek,2143,22,89,active,Lawang,"2025-05-10 10:33:14","2025-05-10 10:33:15",wiwin.dwiutami.hakim,wiwin.dwiutami.hakim
Halodoc - B2B - Jabodetabek,2144,22,90,active,Jember Central,"2025-05-10 10:33:14","2025-05-10 10:33:15",wiwin.dwiutami.hakim,wiwin.dwiutami.hakim
Halodoc - B2B - Jabodetabek,2145,22,91,active,Lamongan Central,"2025-05-10 10:33:14","2025-05-10 10:33:15",wiwin.dwiutami.hakim,wiwin.dwiutami.hakim
Halodoc - B2B - Jabodetabek,2146,22,92,active,Kediri,"2025-05-10 10:33:14","2025-05-10 10:33:15",wiwin.dwiutami.hakim,wiwin.dwiutami.hakim
Halodoc - B2B - Jabodetabek,2147,22,93,active,Madiun,"2025-05-10 10:33:14","2025-05-10 10:33:15",wiwin.dwiutami.hakim,wiwin.dwiutami.hakim
Halodoc - B2B - Jabodetabek,2148,22,94,active,Binjai,"2025-05-10 10:33:14","2025-05-10 10:33:15",wiwin.dwiutami.hakim,wiwin.dwiutami.hakim
Halodoc - B2B - Jabodetabek,2149,22,95,active,Samarinda,"2025-05-10 10:33:14","2025-05-10 10:33:15",wiwin.dwiutami.hakim,wiwin.dwiutami.hakim
Halodoc - B2B - Jabodetabek,2150,22,96,active,Banjarmasin,"2025-05-10 10:33:14","2025-05-10 10:33:15",wiwin.dwiutami.hakim,wiwin.dwiutami.hakim
Halodoc - B2B - Jabodetabek,2151,22,97,active,Banjar Baru,"2025-05-10 10:33:14","2025-05-10 10:33:15",wiwin.dwiutami.hakim,wiwin.dwiutami.hakim
Halodoc - B2B - Jabodetabek,2152,22,98,active,Gresik South,"2025-05-10 10:33:14","2025-05-10 10:33:15",wiwin.dwiutami.hakim,wiwin.dwiutami.hakim
Halodoc - B2B - Jabodetabek,2153,22,100,active,Gresik North,"2025-05-10 10:33:14","2025-05-10 10:33:15",wiwin.dwiutami.hakim,wiwin.dwiutami.hakim
Halodoc - B2B - Jabodetabek,2154,22,101,active,Mojokerto North,"2025-05-10 10:33:14","2025-05-10 10:33:15",wiwin.dwiutami.hakim,wiwin.dwiutami.hakim
Halodoc - B2B - Jabodetabek,2155,22,102,active,Mojokerto South,"2025-05-10 10:33:14","2025-05-10 10:33:15",wiwin.dwiutami.hakim,wiwin.dwiutami.hakim
Halodoc - B2B - Jabodetabek,2156,22,103,active,Deli Serdang East,"2025-05-10 10:33:14","2025-05-10 10:33:15",wiwin.dwiutami.hakim,wiwin.dwiutami.hakim
Halodoc - B2B - Jabodetabek,2157,22,104,active,Deli Serdang Central,"2025-05-10 10:33:14","2025-05-10 10:33:15",wiwin.dwiutami.hakim,wiwin.dwiutami.hakim
Halodoc - B2B - Jabodetabek,2158,22,105,active,Deli Serdang West,"2025-05-10 10:33:14","2025-05-10 10:33:15",wiwin.dwiutami.hakim,wiwin.dwiutami.hakim
Halodoc - B2B - Jabodetabek,2159,22,107,active,Malang Kabupaten West,"2025-05-10 10:33:14","2025-05-10 10:33:15",wiwin.dwiutami.hakim,wiwin.dwiutami.hakim
Halodoc - B2B - Jabodetabek,2160,22,108,active,Malang Kabupaten East,"2025-05-10 10:33:14","2025-05-10 10:33:15",wiwin.dwiutami.hakim,wiwin.dwiutami.hakim
Halodoc - B2B - Jabodetabek,2161,22,109,active,Tabanan South,"2025-05-10 10:33:14","2025-05-10 10:33:15",wiwin.dwiutami.hakim,wiwin.dwiutami.hakim
Halodoc - B2B - Jabodetabek,2162,22,110,active,Badung Central,"2025-05-10 10:33:14","2025-05-10 10:33:15",wiwin.dwiutami.hakim,wiwin.dwiutami.hakim
Halodoc - B2B - Jabodetabek,2163,22,111,active,Gianyar South,"2025-05-10 10:33:14","2025-05-10 10:33:15",wiwin.dwiutami.hakim,wiwin.dwiutami.hakim
Halodoc - B2B - Jabodetabek,2164,22,112,active,Pekanbaru North,"2025-05-10 10:33:14","2025-05-10 10:33:15",wiwin.dwiutami.hakim,wiwin.dwiutami.hakim
Halodoc - B2B - Jabodetabek,2165,22,113,active,Kampar North,"2025-05-10 10:33:14","2025-05-10 10:33:15",wiwin.dwiutami.hakim,wiwin.dwiutami.hakim
Halodoc - B2B - Jabodetabek,2166,22,115,active,Kampar East,"2025-05-10 10:33:14","2025-05-10 10:33:15",wiwin.dwiutami.hakim,wiwin.dwiutami.hakim
Halodoc - B2B - Jabodetabek,2167,22,116,active,Bandung Kabupaten South,"2025-05-10 10:33:14","2025-05-10 10:33:15",wiwin.dwiutami.hakim,wiwin.dwiutami.hakim
Halodoc - B2B - Jabodetabek,2168,22,117,active,Sukoharjo North,"2025-05-10 10:33:14","2025-05-10 10:33:15",wiwin.dwiutami.hakim,wiwin.dwiutami.hakim
Halodoc - B2B - Jabodetabek,2169,22,118,active,Karanganyar West,"2025-05-10 10:33:14","2025-05-10 10:33:15",wiwin.dwiutami.hakim,wiwin.dwiutami.hakim
Halodoc - B2B - Jabodetabek,2170,22,121,active,Jambi,"2025-05-10 10:33:14","2025-05-10 10:33:15",wiwin.dwiutami.hakim,wiwin.dwiutami.hakim
Halodoc - B2B - Jabodetabek,2171,22,123,active,Bekasi Kabupaten South,"2025-05-10 10:33:14","2025-05-10 10:33:15",wiwin.dwiutami.hakim,wiwin.dwiutami.hakim
Halodoc - B2B - Jabodetabek,2172,22,124,active,Metro,"2025-05-10 10:33:14","2025-05-10 10:33:15",wiwin.dwiutami.hakim,wiwin.dwiutami.hakim
Halodoc - B2B - Jabodetabek,2173,22,125,active,Tegal Kabupaten North,"2025-05-10 10:33:14","2025-05-10 10:33:15",wiwin.dwiutami.hakim,wiwin.dwiutami.hakim
Halodoc - B2B - Jabodetabek,2174,22,126,active,Brebes North,"2025-05-10 10:33:14","2025-05-10 10:33:15",wiwin.dwiutami.hakim,wiwin.dwiutami.hakim
Halodoc - B2B - Jabodetabek,2175,22,127,active,Palu,"2025-05-10 10:33:14","2025-05-10 10:33:15",wiwin.dwiutami.hakim,wiwin.dwiutami.hakim
Halodoc - B2B - Jabodetabek,2176,22,128,active,Sleman East,"2025-05-10 10:33:14","2025-05-10 10:33:15",wiwin.dwiutami.hakim,wiwin.dwiutami.hakim
Halodoc - B2B - Jabodetabek,2177,22,129,active,Sleman West,"2025-05-10 10:33:14","2025-05-10 10:33:15",wiwin.dwiutami.hakim,wiwin.dwiutami.hakim
Halodoc - B2B - Jabodetabek,2178,22,130,active,Kediri Kabupaten West,"2025-05-10 10:33:14","2025-05-10 10:33:15",wiwin.dwiutami.hakim,wiwin.dwiutami.hakim
Halodoc - B2B - Jabodetabek,2179,22,131,active,Kediri Kabupaten East,"2025-05-10 10:33:14","2025-05-10 10:33:15",wiwin.dwiutami.hakim,wiwin.dwiutami.hakim
Halodoc - B2B - Jabodetabek,2180,22,132,active,Jombang,"2025-05-10 10:33:14","2025-05-10 10:33:15",wiwin.dwiutami.hakim,wiwin.dwiutami.hakim
Halodoc - B2B - Jabodetabek,2181,22,133,active,Ungaran West,"2025-05-10 10:33:14","2025-05-10 10:33:15",wiwin.dwiutami.hakim,wiwin.dwiutami.hakim
Halodoc - B2B - Jabodetabek,2182,22,134,active,Ungaran East,"2025-05-10 10:33:14","2025-05-10 10:33:15",wiwin.dwiutami.hakim,wiwin.dwiutami.hakim
Halodoc - B2B - Jabodetabek,2183,22,135,active,Salatiga West,"2025-05-10 10:33:14","2025-05-10 10:33:15",wiwin.dwiutami.hakim,wiwin.dwiutami.hakim
Halodoc - B2B - Jabodetabek,2184,22,136,active,Salatiga East,"2025-05-10 10:33:14","2025-05-10 10:33:15",wiwin.dwiutami.hakim,wiwin.dwiutami.hakim
Halodoc - B2B - Jabodetabek,2185,22,137,active,Magelang,"2025-05-10 10:33:14","2025-05-10 10:33:15",wiwin.dwiutami.hakim,wiwin.dwiutami.hakim
Halodoc - B2B - Jabodetabek,2186,22,138,active,Sukabumi North,"2025-05-10 10:33:14","2025-05-10 10:33:15",wiwin.dwiutami.hakim,wiwin.dwiutami.hakim
Halodoc - B2B - Jabodetabek,2187,22,139,active,Sukabumi West,"2025-05-10 10:33:14","2025-05-10 10:33:15",wiwin.dwiutami.hakim,wiwin.dwiutami.hakim
Halodoc - B2B - Jabodetabek,2188,22,140,active,Sukabumi Central,"2025-05-10 10:33:14","2025-05-10 10:33:15",wiwin.dwiutami.hakim,wiwin.dwiutami.hakim
Halodoc - B2B - Jabodetabek,2189,22,141,active,Garut Central,"2025-05-10 10:33:14","2025-05-10 10:33:15",wiwin.dwiutami.hakim,wiwin.dwiutami.hakim
Halodoc - B2B - Jabodetabek,2190,22,142,active,Kudus Central,"2025-05-10 10:33:14","2025-05-10 10:33:15",wiwin.dwiutami.hakim,wiwin.dwiutami.hakim
Halodoc - B2B - Jabodetabek,2191,22,143,active,Pangkal Pinang,"2025-05-10 10:33:14","2025-05-10 10:33:15",wiwin.dwiutami.hakim,wiwin.dwiutami.hakim
Halodoc - B2B - Jabodetabek,2192,22,144,active,Tanjung Pinang,"2025-05-10 10:33:14","2025-05-10 10:33:15",wiwin.dwiutami.hakim,wiwin.dwiutami.hakim
Halodoc - B2B - Jabodetabek,2193,22,145,active,Pematang Siantar,"2025-05-10 10:33:14","2025-05-10 10:33:15",wiwin.dwiutami.hakim,wiwin.dwiutami.hakim
Halodoc - B2B - Jabodetabek,2194,22,147,active,Sukoharjo South,"2025-05-10 10:33:14","2025-05-10 10:33:15",wiwin.dwiutami.hakim,wiwin.dwiutami.hakim
Halodoc - B2B - Jabodetabek,2195,22,148,active,Sragen South West,"2025-05-10 10:33:14","2025-05-10 10:33:15",wiwin.dwiutami.hakim,wiwin.dwiutami.hakim
Halodoc - B2B - Jabodetabek,2196,22,149,active,Magetan North,"2025-05-10 10:33:14","2025-05-10 10:33:15",wiwin.dwiutami.hakim,wiwin.dwiutami.hakim
Halodoc - B2B - Jabodetabek,2197,22,150,active,Madiun Kabupaten South,"2025-05-10 10:33:14","2025-05-10 10:33:15",wiwin.dwiutami.hakim,wiwin.dwiutami.hakim
Halodoc - B2B - Jabodetabek,2198,22,151,active,Malang Kabupaten North,"2025-05-10 10:33:14","2025-05-10 10:33:15",wiwin.dwiutami.hakim,wiwin.dwiutami.hakim
Halodoc - B2B - Jabodetabek,2199,22,152,active,Karanganyar North,"2025-05-10 10:33:14","2025-05-10 10:33:15",wiwin.dwiutami.hakim,wiwin.dwiutami.hakim
Halodoc - B2B - Jabodetabek,2200,22,153,active,Payakumbuh,"2025-05-10 10:33:14","2025-05-10 10:33:15",wiwin.dwiutami.hakim,wiwin.dwiutami.hakim
Halodoc - B2B - Jabodetabek,2201,22,154,active,Banda Aceh,"2025-05-10 10:33:14","2025-05-10 10:33:15",wiwin.dwiutami.hakim,wiwin.dwiutami.hakim
Halodoc - B2B - Jabodetabek,2202,22,155,active,Magetan South,"2025-05-10 10:33:14","2025-05-10 10:33:15",wiwin.dwiutami.hakim,wiwin.dwiutami.hakim
Halodoc - B2B - Jabodetabek,2203,22,156,active,Bukittinggi Kabupaten East,"2025-05-10 10:33:14","2025-05-10 10:33:15",wiwin.dwiutami.hakim,wiwin.dwiutami.hakim
Halodoc - B2B - Jabodetabek,2204,22,157,active,Gorontalo,"2025-05-10 10:33:14","2025-05-10 10:33:15",wiwin.dwiutami.hakim,wiwin.dwiutami.hakim
Halodoc - B2B - Jabodetabek,2205,22,158,active,Kendari,"2025-05-10 10:33:14","2025-05-10 10:33:15",wiwin.dwiutami.hakim,wiwin.dwiutami.hakim
Halodoc - B2B - Jabodetabek,2206,22,159,active,Purwokerto,"2025-05-10 10:33:14","2025-05-10 10:33:15",wiwin.dwiutami.hakim,wiwin.dwiutami.hakim
Halodoc - B2B - Jabodetabek,2207,22,160,active,Tasikmalaya,"2025-05-10 10:33:14","2025-05-10 10:33:15",wiwin.dwiutami.hakim,wiwin.dwiutami.hakim
Halodoc - B2B - Jabodetabek,2208,22,161,active,Cianjur,"2025-05-10 10:33:14","2025-05-10 10:33:15",wiwin.dwiutami.hakim,wiwin.dwiutami.hakim
Halodoc - B2B - Jabodetabek,2209,22,162,active,Lembang,"2025-05-10 10:33:14","2025-05-10 10:33:15",wiwin.dwiutami.hakim,wiwin.dwiutami.hakim
Halodoc - B2B - Jabodetabek,2210,22,163,active,Sragen South East,"2025-05-10 10:33:15","2025-05-10 10:33:15",wiwin.dwiutami.hakim,wiwin.dwiutami.hakim
Halodoc - B2B - Jabodetabek,2211,22,164,active,Cilacap,"2025-05-10 10:33:15","2025-05-10 10:33:15",wiwin.dwiutami.hakim,wiwin.dwiutami.hakim
Halodoc - B2B - Jabodetabek,2212,22,165,active,Banyumas East,"2025-05-10 10:33:15","2025-05-10 10:33:15",wiwin.dwiutami.hakim,wiwin.dwiutami.hakim
Halodoc - B2B - Jabodetabek,2213,22,166,active,Purbalingga West,"2025-05-10 10:33:15","2025-05-10 10:33:15",wiwin.dwiutami.hakim,wiwin.dwiutami.hakim
Halodoc - B2B - Jabodetabek,2214,22,167,active,Klaten North,"2025-05-10 10:33:15","2025-05-10 10:33:15",wiwin.dwiutami.hakim,wiwin.dwiutami.hakim
Halodoc - B2B - Jabodetabek,2215,22,168,active,Klaten East,"2025-05-10 10:33:15","2025-05-10 10:33:15",wiwin.dwiutami.hakim,wiwin.dwiutami.hakim
Halodoc - B2B - Jabodetabek,2216,22,169,active,Klaten South,"2025-05-10 10:33:15","2025-05-10 10:33:15",wiwin.dwiutami.hakim,wiwin.dwiutami.hakim
Halodoc - B2B - Jabodetabek,2217,22,170,active,Ngawi Central,"2025-05-10 10:33:15","2025-05-10 10:33:15",wiwin.dwiutami.hakim,wiwin.dwiutami.hakim
Halodoc - B2B - Jabodetabek,2218,22,171,active,Magetan Central,"2025-05-10 10:33:15","2025-05-10 10:33:15",wiwin.dwiutami.hakim,wiwin.dwiutami.hakim
Halodoc - B2B - Jabodetabek,2219,22,172,active,Madiun Kabupaten North,"2025-05-10 10:33:15","2025-05-10 10:33:15",wiwin.dwiutami.hakim,wiwin.dwiutami.hakim
Halodoc - B2B - Jabodetabek,2220,22,173,active,Madiun Kabupaten East,"2025-05-10 10:33:15","2025-05-10 10:33:15",wiwin.dwiutami.hakim,wiwin.dwiutami.hakim
Halodoc - B2B - Jabodetabek,2221,22,174,active,Indramayu,"2025-05-10 10:33:15","2025-05-10 10:33:15",wiwin.dwiutami.hakim,wiwin.dwiutami.hakim
Halodoc - B2B - Jabodetabek,2222,22,175,active,Subang Central,"2025-05-10 10:33:15","2025-05-10 10:33:15",wiwin.dwiutami.hakim,wiwin.dwiutami.hakim
Halodoc - B2B - Jabodetabek,2223,22,177,active,Magelang Kabupaten South East,"2025-05-10 10:33:15","2025-05-10 10:33:15",wiwin.dwiutami.hakim,wiwin.dwiutami.hakim
Halodoc - B2B - Jabodetabek,2224,22,178,active,Karanganyar South,"2025-05-10 10:33:15","2025-05-10 10:33:15",wiwin.dwiutami.hakim,wiwin.dwiutami.hakim
Halodoc - B2B - Jabodetabek,2225,22,180,active,Malang Kabupaten South,"2025-05-10 10:33:15","2025-05-10 10:33:15",wiwin.dwiutami.hakim,wiwin.dwiutami.hakim
Halodoc - B2B - Jabodetabek,2226,22,181,active,Bangkalan West,"2025-05-10 10:33:15","2025-05-10 10:33:15",wiwin.dwiutami.hakim,wiwin.dwiutami.hakim
Halodoc - B2B - Jabodetabek,2227,22,182,active,Demak Central,"2025-05-10 10:33:15","2025-05-10 10:33:15",wiwin.dwiutami.hakim,wiwin.dwiutami.hakim
Halodoc - B2B - Jabodetabek,2228,22,183,active,Demak Kabupaten South,"2025-05-10 10:33:15","2025-05-10 10:33:15",wiwin.dwiutami.hakim,wiwin.dwiutami.hakim
Halodoc - B2B - Jabodetabek,2229,22,184,active,Demak East,"2025-05-10 10:33:15","2025-05-10 10:33:15",wiwin.dwiutami.hakim,wiwin.dwiutami.hakim
Halodoc - B2B - Jabodetabek,2230,22,185,active,Kudus North,"2025-05-10 10:33:15","2025-05-10 10:33:15",wiwin.dwiutami.hakim,wiwin.dwiutami.hakim
Halodoc - B2B - Jabodetabek,2231,22,186,active,Kudus South,"2025-05-10 10:33:15","2025-05-10 10:33:15",wiwin.dwiutami.hakim,wiwin.dwiutami.hakim
Halodoc - B2B - Jabodetabek,2232,22,187,active,Jepara South,"2025-05-10 10:33:15","2025-05-10 10:33:15",wiwin.dwiutami.hakim,wiwin.dwiutami.hakim
Halodoc - B2B - Jabodetabek,2233,22,188,active,Boyolali South,"2025-05-10 10:33:15","2025-05-10 10:33:15",wiwin.dwiutami.hakim,wiwin.dwiutami.hakim
Halodoc - B2B - Jabodetabek,2234,22,189,active,Boyolali Kabupaten East,"2025-05-10 10:33:15","2025-05-10 10:33:15",wiwin.dwiutami.hakim,wiwin.dwiutami.hakim
Halodoc - B2B - Jabodetabek,2235,22,190,active,Majalengka,"2025-05-10 10:33:15","2025-05-10 10:33:15",wiwin.dwiutami.hakim,wiwin.dwiutami.hakim
Halodoc - B2B - Jabodetabek,2236,22,191,active,Surabaya East,"2025-05-10 10:33:15","2025-05-10 10:33:15",wiwin.dwiutami.hakim,wiwin.dwiutami.hakim
Halodoc - B2B - Jabodetabek,2237,22,192,active,Sidoarjo North,"2025-05-10 10:33:15","2025-05-10 10:33:15",wiwin.dwiutami.hakim,wiwin.dwiutami.hakim
Halodoc - B2B - Jabodetabek,2238,22,193,active,Magelang Kabupaten North,"2025-05-10 10:33:15","2025-05-10 10:33:15",wiwin.dwiutami.hakim,wiwin.dwiutami.hakim
Halodoc - B2B - Jabodetabek,2239,22,194,active,Kupang,"2025-05-10 10:33:15","2025-05-10 10:33:15",wiwin.dwiutami.hakim,wiwin.dwiutami.hakim
Halodoc - B2B - Jabodetabek,2240,22,195,active,Jayapura,"2025-05-10 10:33:15","2025-05-10 10:33:15",wiwin.dwiutami.hakim,wiwin.dwiutami.hakim
Halodoc - B2B - Jabodetabek,2241,22,196,active,Wonogiri,"2025-05-10 10:33:15","2025-05-10 10:33:15",wiwin.dwiutami.hakim,wiwin.dwiutami.hakim
Halodoc - B2B - Jabodetabek,2242,22,197,active,Banyuwangi Kabupaten North,"2025-05-10 10:33:15","2025-05-10 10:33:15",wiwin.dwiutami.hakim,wiwin.dwiutami.hakim
Halodoc - B2B - Jabodetabek,2243,22,198,active,Bojonegoro,"2025-05-10 10:33:15","2025-05-10 10:33:15",wiwin.dwiutami.hakim,wiwin.dwiutami.hakim
Halodoc - B2B - Jabodetabek,2244,22,199,active,Padang Pariaman Kabupaten South,"2025-05-10 10:33:15","2025-05-10 10:33:15",wiwin.dwiutami.hakim,wiwin.dwiutami.hakim
Halodoc - B2B - Jabodetabek,2245,22,200,active,Padang Pariaman,"2025-05-10 10:33:15","2025-05-10 10:33:15",wiwin.dwiutami.hakim,wiwin.dwiutami.hakim
Halodoc - B2B - Jabodetabek,2246,22,201,active,Purworejo,"2025-05-10 10:33:15","2025-05-10 10:33:15",wiwin.dwiutami.hakim,wiwin.dwiutami.hakim
Halodoc - B2B - Jabodetabek,2247,22,202,active,Demak Kabupaten South East,"2025-05-10 10:33:15","2025-05-10 10:33:15",wiwin.dwiutami.hakim,wiwin.dwiutami.hakim
Halodoc - B2B - Jabodetabek,2248,22,203,active,Demak Kabupaten West,"2025-05-10 10:33:15","2025-05-10 10:33:15",wiwin.dwiutami.hakim,wiwin.dwiutami.hakim
Halodoc - B2B - Jabodetabek,2249,22,204,active,Yogyakarta - Bantul South,"2025-05-10 10:33:15","2025-05-10 10:33:15",wiwin.dwiutami.hakim,wiwin.dwiutami.hakim
Halodoc - B2B - Jabodetabek,2250,22,205,active,Magelang Kabupaten West,"2025-05-10 10:33:15","2025-05-10 10:33:15",wiwin.dwiutami.hakim,wiwin.dwiutami.hakim
Halodoc - B2B - Jabodetabek,2251,22,206,active,Yogyakarta - Bantul West,"2025-05-10 10:33:15","2025-05-10 10:33:15",wiwin.dwiutami.hakim,wiwin.dwiutami.hakim
Halodoc - B2B - Jabodetabek,2252,22,207,active,Magelang Kabupaten South,"2025-05-10 10:33:15","2025-05-10 10:33:15",wiwin.dwiutami.hakim,wiwin.dwiutami.hakim
Halodoc - B2B - Jabodetabek,2253,22,208,active,Pekalongan Kabupaten South,"2025-05-10 10:33:15","2025-05-10 10:33:15",wiwin.dwiutami.hakim,wiwin.dwiutami.hakim
Halodoc - B2B - Jabodetabek,2254,22,209,active,Pamekasan South,"2025-05-10 10:33:15","2025-05-10 10:33:15",wiwin.dwiutami.hakim,wiwin.dwiutami.hakim
Halodoc - B2B - Jabodetabek,2255,22,210,active,Jepara,"2025-05-10 10:33:15","2025-05-10 10:33:15",wiwin.dwiutami.hakim,wiwin.dwiutami.hakim
Halodoc - B2B - Jabodetabek,2256,22,211,active,Bandar Lampung Kabupaten North,"2025-05-10 10:33:15","2025-05-10 10:33:15",wiwin.dwiutami.hakim,wiwin.dwiutami.hakim
Halodoc - B2B - Jabodetabek,2257,22,212,active,Maros,"2025-05-10 10:33:15","2025-05-10 10:33:15",wiwin.dwiutami.hakim,wiwin.dwiutami.hakim
Halodoc - B2B - Jabodetabek,2258,22,213,active,Pasuruan Kabupaten East,"2025-05-10 10:33:15","2025-05-10 10:33:15",wiwin.dwiutami.hakim,wiwin.dwiutami.hakim
Halodoc - B2B - Jabodetabek,2259,22,214,active,Buleleng Central,"2025-05-10 10:33:15","2025-05-10 10:33:15",wiwin.dwiutami.hakim,wiwin.dwiutami.hakim
Halodoc - B2B - Jabodetabek,2260,22,215,active,Sumedang,"2025-05-10 10:33:15","2025-05-10 10:33:15",wiwin.dwiutami.hakim,wiwin.dwiutami.hakim
Halodoc - B2B - Jabodetabek,2261,22,216,active,Palangkaraya,"2025-05-10 10:33:15","2025-05-10 10:33:15",wiwin.dwiutami.hakim,wiwin.dwiutami.hakim
Halodoc - B2B - Jabodetabek,2262,22,217,active,Ambon,"2025-05-10 10:33:15","2025-05-10 10:33:15",wiwin.dwiutami.hakim,wiwin.dwiutami.hakim
Halodoc - B2B - Jabodetabek,2263,22,218,active,Banyuwangi Kabupaten West,"2025-05-10 10:33:15","2025-05-10 10:33:15",wiwin.dwiutami.hakim,wiwin.dwiutami.hakim
Halodoc - B2B - Jabodetabek,2264,22,219,active,Subang Kabupaten West,"2025-05-10 10:33:15","2025-05-10 10:33:15",wiwin.dwiutami.hakim,wiwin.dwiutami.hakim
Halodoc - B2B - Jabodetabek,2265,22,220,active,Palopo,"2025-05-10 10:33:15","2025-05-10 10:33:15",wiwin.dwiutami.hakim,wiwin.dwiutami.hakim
Halodoc - B2B - Jabodetabek,2266,22,221,active,Probolinggo North East,"2025-05-10 10:33:15","2025-05-10 10:33:15",wiwin.dwiutami.hakim,wiwin.dwiutami.hakim
Halodoc - B2B - Jabodetabek,2267,22,223,active,Ambon East,"2025-05-10 10:33:15","2025-05-10 10:33:15",wiwin.dwiutami.hakim,wiwin.dwiutami.hakim
Halodoc - B2B - Jabodetabek,2268,22,224,active,Ambon North,"2025-05-10 10:33:15","2025-05-10 10:33:15",wiwin.dwiutami.hakim,wiwin.dwiutami.hakim
Halodoc - B2B - Jabodetabek,2269,22,225,active,Bangka Kabupaten South,"2025-05-10 10:33:15","2025-05-10 10:33:15",wiwin.dwiutami.hakim,wiwin.dwiutami.hakim
Halodoc - B2B - Jabodetabek,2270,22,226,active,Belitung,"2025-05-10 10:33:15","2025-05-10 10:33:15",wiwin.dwiutami.hakim,wiwin.dwiutami.hakim
Halodoc - B2B - Jabodetabek,2271,22,227,active,Tenggarong,"2025-05-10 10:33:15","2025-05-10 10:33:15",wiwin.dwiutami.hakim,wiwin.dwiutami.hakim
Halodoc - B2B - Jabodetabek,2272,22,228,active,Buleleng West,"2025-05-10 10:33:15","2025-05-10 10:33:15",wiwin.dwiutami.hakim,wiwin.dwiutami.hakim
Halodoc - B2B - Jabodetabek,2273,22,229,active,Bandar Lampung Kabupaten East,"2025-05-10 10:33:15","2025-05-10 10:33:15",wiwin.dwiutami.hakim,wiwin.dwiutami.hakim
Halodoc - B2B - Jabodetabek,2274,22,230,active,Bontang,"2025-05-10 10:33:15","2025-05-10 10:33:15",wiwin.dwiutami.hakim,wiwin.dwiutami.hakim
Halodoc - B2B - Jabodetabek,2275,22,231,active,Sorong,"2025-05-10 10:33:15","2025-05-10 10:33:15",wiwin.dwiutami.hakim,wiwin.dwiutami.hakim
Halodoc - B2B - Jabodetabek,2276,22,232,active,Ternate,"2025-05-10 10:33:15","2025-05-10 10:33:15",wiwin.dwiutami.hakim,wiwin.dwiutami.hakim
Halodoc - B2B - Jabodetabek,2277,22,233,active,Tomohon,"2025-05-10 10:33:15","2025-05-10 10:33:15",wiwin.dwiutami.hakim,wiwin.dwiutami.hakim
Halodoc - B2B - Jabodetabek,2278,22,234,active,Subang Kabupaten North,"2025-05-10 10:33:15","2025-05-10 10:33:15",wiwin.dwiutami.hakim,wiwin.dwiutami.hakim
Halodoc - B2B - Jabodetabek,2279,22,235,active,Indramayu Kabupaten,"2025-05-10 10:33:15","2025-05-10 10:33:15",wiwin.dwiutami.hakim,wiwin.dwiutami.hakim
Halodoc - B2B - Jabodetabek,2280,22,236,active,Rangkasbitung,"2025-05-10 10:33:15","2025-05-10 10:33:15",wiwin.dwiutami.hakim,wiwin.dwiutami.hakim
Halodoc - B2B - Jabodetabek,2281,22,237,active,Manado North East,"2025-05-10 10:33:15","2025-05-10 10:33:15",wiwin.dwiutami.hakim,wiwin.dwiutami.hakim
Halodoc - B2B - Jabodetabek,2282,22,238,active,Kulon Progo,"2025-05-10 10:33:15","2025-05-10 10:33:15",wiwin.dwiutami.hakim,wiwin.dwiutami.hakim
Halodoc - B2B - Jabodetabek,2283,22,239,active,Manado East,"2025-05-10 10:33:15","2025-05-10 10:33:15",wiwin.dwiutami.hakim,wiwin.dwiutami.hakim
Halodoc - B2B - Jabodetabek,2284,22,240,active,Pemalang,"2025-05-10 10:33:15","2025-05-10 10:33:15",wiwin.dwiutami.hakim,wiwin.dwiutami.hakim
Halodoc - B2B - Jabodetabek,2285,22,241,active,Jembrana,"2025-05-10 10:33:15","2025-05-10 10:33:15",wiwin.dwiutami.hakim,wiwin.dwiutami.hakim
Halodoc - B2B - Jabodetabek,2286,22,242,active,Bondowoso,"2025-05-10 10:33:15","2025-05-10 10:33:15",wiwin.dwiutami.hakim,wiwin.dwiutami.hakim
Halodoc - B2B - Jabodetabek,2287,22,243,active,West Lombok,"2025-05-10 10:33:15","2025-05-10 10:33:15",wiwin.dwiutami.hakim,wiwin.dwiutami.hakim
Halodoc - B2B - Jabodetabek,2288,22,244,active,Pandeglang,"2025-05-10 10:33:15","2025-05-10 10:33:15",wiwin.dwiutami.hakim,wiwin.dwiutami.hakim
Halodoc - B2B - Jabodetabek,2289,22,245,active,Kendal,"2025-05-10 10:33:15","2025-05-10 10:33:15",wiwin.dwiutami.hakim,wiwin.dwiutami.hakim
Halodoc - B2B - Jabodetabek,2290,22,246,active,Nganjuk,"2025-05-10 10:33:15","2025-05-10 10:33:15",wiwin.dwiutami.hakim,wiwin.dwiutami.hakim
Halodoc - B2B - Jabodetabek,2291,22,247,active,Rembang,"2025-05-10 10:33:15","2025-05-10 10:33:15",wiwin.dwiutami.hakim,wiwin.dwiutami.hakim
Halodoc - B2B - Jabodetabek,2292,22,248,active,Pati,"2025-05-10 10:33:15","2025-05-10 10:33:15",wiwin.dwiutami.hakim,wiwin.dwiutami.hakim
Halodoc - B2B - Jabodetabek,2293,22,249,active,Blora,"2025-05-10 10:33:15","2025-05-10 10:33:15",wiwin.dwiutami.hakim,wiwin.dwiutami.hakim
Halodoc - B2B - Jabodetabek,2294,22,250,active,Purwodadi,"2025-05-10 10:33:15","2025-05-10 10:33:15",wiwin.dwiutami.hakim,wiwin.dwiutami.hakim
Halodoc - B2B - Jabodetabek,2295,22,251,active,Bandung West,"2025-05-10 10:33:15","2025-05-10 10:33:15",wiwin.dwiutami.hakim,wiwin.dwiutami.hakim
Halodoc - B2B - Jabodetabek,2296,22,252,active,Pangkajene Kepulauan,"2025-05-10 10:33:15","2025-05-10 10:33:15",wiwin.dwiutami.hakim,wiwin.dwiutami.hakim
Halodoc - B2B - Jabodetabek,2297,22,253,active,Sidenreng Rappang,"2025-05-10 10:33:15","2025-05-10 10:33:15",wiwin.dwiutami.hakim,wiwin.dwiutami.hakim
Halodoc - B2B - Jabodetabek,2298,22,254,active,Tanjung Balai,"2025-05-10 10:33:15","2025-05-10 10:33:15",wiwin.dwiutami.hakim,wiwin.dwiutami.hakim
Halodoc - B2B - Jabodetabek,2299,22,255,active,Blitar,"2025-05-10 10:33:15","2025-05-10 10:33:15",wiwin.dwiutami.hakim,wiwin.dwiutami.hakim
Halodoc - B2B - Jabodetabek,2300,22,256,active,Tulungagung,"2025-05-10 10:33:15","2025-05-10 10:33:15",wiwin.dwiutami.hakim,wiwin.dwiutami.hakim
Halodoc - B2B - Jabodetabek,2301,22,257,active,Bengkulu,"2025-05-10 10:33:15","2025-05-10 10:33:15",wiwin.dwiutami.hakim,wiwin.dwiutami.hakim
Halodoc - B2B - Jabodetabek,2302,22,258,active,Mamuju,"2025-05-10 10:33:15","2025-05-10 10:33:15",wiwin.dwiutami.hakim,wiwin.dwiutami.hakim
Halodoc - B2B - Jabodetabek,2303,22,259,active,Watampone,"2025-05-10 10:33:15","2025-05-10 10:33:15",wiwin.dwiutami.hakim,wiwin.dwiutami.hakim
Halodoc - B2B - Jabodetabek,2304,22,260,active,Parepare,"2025-05-10 10:33:15","2025-05-10 10:33:15",wiwin.dwiutami.hakim,wiwin.dwiutami.hakim
Halodoc - B2B - Jabodetabek,2305,22,261,active,Batang,"2025-05-10 10:33:15","2025-05-10 10:33:15",wiwin.dwiutami.hakim,wiwin.dwiutami.hakim
Halodoc - B2B - Jabodetabek,2306,22,262,active,Blora Kabupaten South,"2025-05-10 10:33:15","2025-05-10 10:33:15",wiwin.dwiutami.hakim,wiwin.dwiutami.hakim
Halodoc - B2B - Jabodetabek,2307,22,263,active,Bojonegoro West,"2025-05-10 10:33:15","2025-05-10 10:33:15",wiwin.dwiutami.hakim,wiwin.dwiutami.hakim
Halodoc - B2B - Jabodetabek,2308,22,264,active,Grobogan Kabupaten East,"2025-05-10 10:33:15","2025-05-10 10:33:15",wiwin.dwiutami.hakim,wiwin.dwiutami.hakim
Halodoc - B2B - Jabodetabek,2309,22,265,active,Grobogan Kabupaten West,"2025-05-10 10:33:15","2025-05-10 10:33:15",wiwin.dwiutami.hakim,wiwin.dwiutami.hakim
Halodoc - B2B - Jabodetabek,2310,22,266,active,Jepara North,"2025-05-10 10:33:15","2025-05-10 10:33:15",wiwin.dwiutami.hakim,wiwin.dwiutami.hakim
Halodoc - B2B - Jabodetabek,2311,22,267,active,Kendal Kabupaten South,"2025-05-10 10:33:15","2025-05-10 10:33:15",wiwin.dwiutami.hakim,wiwin.dwiutami.hakim
Halodoc - B2B - Jabodetabek,2312,22,268,active,Labuhan,"2025-05-10 10:33:15","2025-05-10 10:33:15",wiwin.dwiutami.hakim,wiwin.dwiutami.hakim
Halodoc - B2B - Jabodetabek,2313,22,269,active,Pandeglang Kabupaten North East,"2025-05-10 10:33:15","2025-05-10 10:33:15",wiwin.dwiutami.hakim,wiwin.dwiutami.hakim
Halodoc - B2B - Jabodetabek,2314,22,270,active,Lamongan Kabupaten North,"2025-05-10 10:33:15","2025-05-10 10:33:15",wiwin.dwiutami.hakim,wiwin.dwiutami.hakim
Halodoc - B2B - Jabodetabek,2315,22,271,active,Lamongan Kabupaten West,"2025-05-10 10:33:15","2025-05-10 10:33:15",wiwin.dwiutami.hakim,wiwin.dwiutami.hakim
Halodoc - B2B - Jabodetabek,2316,22,272,active,Pati Kabupaten North,"2025-05-10 10:33:15","2025-05-10 10:33:15",wiwin.dwiutami.hakim,wiwin.dwiutami.hakim
Halodoc - B2B - Jabodetabek,2317,22,273,active,Pati Kabupaten South,"2025-05-10 10:33:15","2025-05-10 10:33:15",wiwin.dwiutami.hakim,wiwin.dwiutami.hakim
Halodoc - B2B - Jabodetabek,2318,22,274,active,Rembang Kabupaten East,"2025-05-10 10:33:15","2025-05-10 10:33:15",wiwin.dwiutami.hakim,wiwin.dwiutami.hakim
Halodoc - B2B - Jabodetabek,2319,22,275,active,Sampang,"2025-05-10 10:33:15","2025-05-10 10:33:15",wiwin.dwiutami.hakim,wiwin.dwiutami.hakim
Halodoc - B2B - Jabodetabek,2320,22,276,active,Sumenep,"2025-05-10 10:33:15","2025-05-10 10:33:15",wiwin.dwiutami.hakim,wiwin.dwiutami.hakim
Halodoc - B2B - Jabodetabek,2321,22,277,active,Tuban,"2025-05-10 10:33:15","2025-05-10 10:33:15",wiwin.dwiutami.hakim,wiwin.dwiutami.hakim
Halodoc - B2B - Jabodetabek,2322,22,278,active,Takalar,"2025-05-10 10:33:15","2025-05-10 10:33:15",wiwin.dwiutami.hakim,wiwin.dwiutami.hakim
Halodoc - B2B - Jabodetabek,2323,22,279,active,Jeneponto,"2025-05-10 10:33:15","2025-05-10 10:33:15",wiwin.dwiutami.hakim,wiwin.dwiutami.hakim
Halodoc - B2B - Jabodetabek,2324,22,280,active,Bantaeng,"2025-05-10 10:33:15","2025-05-10 10:33:15",wiwin.dwiutami.hakim,wiwin.dwiutami.hakim
Halodoc - B2B - Jabodetabek,2325,22,281,active,Bulukumba,"2025-05-10 10:33:15","2025-05-10 10:33:15",wiwin.dwiutami.hakim,wiwin.dwiutami.hakim
Halodoc - B2B - Jabodetabek,2326,22,282,active,Sinjai,"2025-05-10 10:33:15","2025-05-10 10:33:15",wiwin.dwiutami.hakim,wiwin.dwiutami.hakim
Halodoc - B2B - Jabodetabek,2327,22,283,active,Bone,"2025-05-10 10:33:15","2025-05-10 10:33:15",wiwin.dwiutami.hakim,wiwin.dwiutami.hakim
Halodoc - B2B - Jabodetabek,2328,22,284,active,Takalar Kabupaten West,"2025-05-10 10:33:15","2025-05-10 10:33:15",wiwin.dwiutami.hakim,wiwin.dwiutami.hakim
Halodoc - B2B - Jabodetabek,2329,22,285,active,Gowa Kabupaten West,"2025-05-10 10:33:15","2025-05-10 10:33:15",wiwin.dwiutami.hakim,wiwin.dwiutami.hakim
Halodoc - B2B - Jabodetabek,2330,22,286,active,Barru,"2025-05-10 10:33:15","2025-05-10 10:33:15",wiwin.dwiutami.hakim,wiwin.dwiutami.hakim
Halodoc - B2B - Jabodetabek,2331,22,287,active,Soppeng,"2025-05-10 10:33:15","2025-05-10 10:33:15",wiwin.dwiutami.hakim,wiwin.dwiutami.hakim
Halodoc - B2B - Jabodetabek,2332,22,288,active,Wajo,"2025-05-10 10:33:15","2025-05-10 10:33:15",wiwin.dwiutami.hakim,wiwin.dwiutami.hakim
Halodoc - B2B - Jabodetabek,2333,22,289,active,Pinrang,"2025-05-10 10:33:15","2025-05-10 10:33:15",wiwin.dwiutami.hakim,wiwin.dwiutami.hakim
Halodoc - B2B - Jabodetabek,2334,22,290,active,Enrekang,"2025-05-10 10:33:15","2025-05-10 10:33:15",wiwin.dwiutami.hakim,wiwin.dwiutami.hakim
Halodoc - B2B - Jabodetabek,2335,22,291,active,Polewali Mandar,"2025-05-10 10:33:15","2025-05-10 10:33:15",wiwin.dwiutami.hakim,wiwin.dwiutami.hakim
Halodoc - B2B - Jabodetabek,2336,22,292,active,Tana Toraja,"2025-05-10 10:33:15","2025-05-10 10:33:15",wiwin.dwiutami.hakim,wiwin.dwiutami.hakim
Halodoc - B2B - Jabodetabek,2337,22,293,active,North Luwu,"2025-05-10 10:33:15","2025-05-10 10:33:15",wiwin.dwiutami.hakim,wiwin.dwiutami.hakim
Halodoc - B2B - Jabodetabek,2338,22,294,active,East Luwu,"2025-05-10 10:33:15","2025-05-10 10:33:15",wiwin.dwiutami.hakim,wiwin.dwiutami.hakim
Halodoc - B2B - Jabodetabek,2339,22,295,active,Luwu,"2025-05-10 10:33:15","2025-05-10 10:33:15",wiwin.dwiutami.hakim,wiwin.dwiutami.hakim
Halodoc - B2B - Jabodetabek,2340,22,296,active,Muna,"2025-05-10 10:33:15","2025-05-10 10:33:15",wiwin.dwiutami.hakim,wiwin.dwiutami.hakim
Halodoc - B2B - Jabodetabek,2341,22,297,active,Baubau,"2025-05-10 10:33:15","2025-05-10 10:33:15",wiwin.dwiutami.hakim,wiwin.dwiutami.hakim
Halodoc - B2B - Jabodetabek,2342,22,298,active,North Mamuju,"2025-05-10 10:33:15","2025-05-10 10:33:15",wiwin.dwiutami.hakim,wiwin.dwiutami.hakim
Halodoc - B2B - Jabodetabek,2343,22,299,active,Konawe,"2025-05-10 10:33:15","2025-05-10 10:33:15",wiwin.dwiutami.hakim,wiwin.dwiutami.hakim
Halodoc - B2B - Jabodetabek,2344,22,300,active,Parigi Kabupaten South,"2025-05-10 10:33:15","2025-05-10 10:33:15",wiwin.dwiutami.hakim,wiwin.dwiutami.hakim
Halodoc - B2B - Jabodetabek,2345,22,301,active,Poso,"2025-05-10 10:33:15","2025-05-10 10:33:15",wiwin.dwiutami.hakim,wiwin.dwiutami.hakim
Halodoc - B2B - Jabodetabek,2346,22,302,active,Banggai,"2025-05-10 10:33:15","2025-05-10 10:33:15",wiwin.dwiutami.hakim,wiwin.dwiutami.hakim
Halodoc - B2B - Jabodetabek,2347,22,303,active,Maros Kabupaten North,"2025-05-10 10:33:15","2025-05-10 10:33:15",wiwin.dwiutami.hakim,wiwin.dwiutami.hakim
Halodoc - B2B - Jabodetabek,2348,22,304,active,Majene,"2025-05-10 10:33:15","2025-05-10 10:33:15",wiwin.dwiutami.hakim,wiwin.dwiutami.hakim
Halodoc - B2B - Jabodetabek,2349,22,305,active,North Toraja,"2025-05-10 10:33:15","2025-05-10 10:33:15",wiwin.dwiutami.hakim,wiwin.dwiutami.hakim
Halodoc - B2B - Jabodetabek,2350,22,306,active,Aceh Singkil,"2025-05-10 10:33:15","2025-05-10 10:33:15",wiwin.dwiutami.hakim,wiwin.dwiutami.hakim
Halodoc - B2B - Jabodetabek,2351,22,307,active,Aceh Tenggara,"2025-05-10 10:33:15","2025-05-10 10:33:15",wiwin.dwiutami.hakim,wiwin.dwiutami.hakim
Halodoc - B2B - Jabodetabek,2352,22,308,active,Asahan,"2025-05-10 10:33:15","2025-05-10 10:33:15",wiwin.dwiutami.hakim,wiwin.dwiutami.hakim
Halodoc - B2B - Jabodetabek,2353,22,309,active,Batu Bara,"2025-05-10 10:33:15","2025-05-10 10:33:15",wiwin.dwiutami.hakim,wiwin.dwiutami.hakim
Halodoc - B2B - Jabodetabek,2354,22,310,active,Central Tapanuli,"2025-05-10 10:33:15","2025-05-10 10:33:15",wiwin.dwiutami.hakim,wiwin.dwiutami.hakim
Halodoc - B2B - Jabodetabek,2355,22,311,active,Dairi,"2025-05-10 10:33:15","2025-05-10 10:33:15",wiwin.dwiutami.hakim,wiwin.dwiutami.hakim
Halodoc - B2B - Jabodetabek,2356,22,312,active,Gunungsitoli,"2025-05-10 10:33:15","2025-05-10 10:33:15",wiwin.dwiutami.hakim,wiwin.dwiutami.hakim
Halodoc - B2B - Jabodetabek,2357,22,313,active,Karo,"2025-05-10 10:33:15","2025-05-10 10:33:15",wiwin.dwiutami.hakim,wiwin.dwiutami.hakim
Halodoc - B2B - Jabodetabek,2358,22,314,active,Labuhan Batu,"2025-05-10 10:33:15","2025-05-10 10:33:15",wiwin.dwiutami.hakim,wiwin.dwiutami.hakim
Halodoc - B2B - Jabodetabek,2359,22,315,active,Langkat,"2025-05-10 10:33:15","2025-05-10 10:33:15",wiwin.dwiutami.hakim,wiwin.dwiutami.hakim
Halodoc - B2B - Jabodetabek,2360,22,316,active,Mandailing Natal,"2025-05-10 10:33:15","2025-05-10 10:33:15",wiwin.dwiutami.hakim,wiwin.dwiutami.hakim
Halodoc - B2B - Jabodetabek,2361,22,317,active,Nias,"2025-05-10 10:33:15","2025-05-10 10:33:15",wiwin.dwiutami.hakim,wiwin.dwiutami.hakim
Halodoc - B2B - Jabodetabek,2362,22,318,active,North Labuhan Batu,"2025-05-10 10:33:15","2025-05-10 10:33:15",wiwin.dwiutami.hakim,wiwin.dwiutami.hakim
Halodoc - B2B - Jabodetabek,2363,22,319,active,North Padang Lawas,"2025-05-10 10:33:15","2025-05-10 10:33:15",wiwin.dwiutami.hakim,wiwin.dwiutami.hakim
Halodoc - B2B - Jabodetabek,2364,22,320,active,North Tapanuli,"2025-05-10 10:33:15","2025-05-10 10:33:15",wiwin.dwiutami.hakim,wiwin.dwiutami.hakim
Halodoc - B2B - Jabodetabek,2365,22,321,active,Padang Lawas,"2025-05-10 10:33:15","2025-05-10 10:33:15",wiwin.dwiutami.hakim,wiwin.dwiutami.hakim
Halodoc - B2B - Jabodetabek,2366,22,322,active,Padang Sidempuan,"2025-05-10 10:33:15","2025-05-10 10:33:15",wiwin.dwiutami.hakim,wiwin.dwiutami.hakim
Halodoc - B2B - Jabodetabek,2367,22,323,active,Samosir,"2025-05-10 10:33:15","2025-05-10 10:33:15",wiwin.dwiutami.hakim,wiwin.dwiutami.hakim
Halodoc - B2B - Jabodetabek,2368,22,324,active,Serdang Bedagai,"2025-05-10 10:33:15","2025-05-10 10:33:15",wiwin.dwiutami.hakim,wiwin.dwiutami.hakim
Halodoc - B2B - Jabodetabek,2369,22,325,active,Sibolga,"2025-05-10 10:33:15","2025-05-10 10:33:15",wiwin.dwiutami.hakim,wiwin.dwiutami.hakim
Halodoc - B2B - Jabodetabek,2370,22,326,active,South Labuhan Batu,"2025-05-10 10:33:15","2025-05-10 10:33:15",wiwin.dwiutami.hakim,wiwin.dwiutami.hakim
Halodoc - B2B - Jabodetabek,2371,22,327,active,Tebing Tinggi,"2025-05-10 10:33:15","2025-05-10 10:33:15",wiwin.dwiutami.hakim,wiwin.dwiutami.hakim
Halodoc - B2B - Jabodetabek,2372,22,328,active,Toba Samosir,"2025-05-10 10:33:15","2025-05-10 10:33:15",wiwin.dwiutami.hakim,wiwin.dwiutami.hakim
Halodoc - B2B - Jabodetabek,2373,22,329,active,Simalungun,"2025-05-10 10:33:15","2025-05-10 10:33:15",wiwin.dwiutami.hakim,wiwin.dwiutami.hakim
Halodoc - B2B - Jabodetabek,2374,22,330,active,Simalungun Kabupaten South,"2025-05-10 10:33:15","2025-05-10 10:33:15",wiwin.dwiutami.hakim,wiwin.dwiutami.hakim
Halodoc - B2B - Jabodetabek,2375,22,331,active,Boengkoelan,"2025-05-10 10:33:15","2025-05-10 10:33:15",wiwin.dwiutami.hakim,wiwin.dwiutami.hakim
Halodoc - B2B - Jabodetabek,2376,22,332,active,Jembrana West,"2025-05-10 10:33:15","2025-05-10 10:33:15",wiwin.dwiutami.hakim,wiwin.dwiutami.hakim
Halodoc - B2B - Jabodetabek,2377,22,333,active,Kebumen,"2025-05-10 10:33:15","2025-05-10 10:33:15",wiwin.dwiutami.hakim,wiwin.dwiutami.hakim
Halodoc - B2B - Jabodetabek,2378,22,334,active,Klungkung,"2025-05-10 10:33:15","2025-05-10 10:33:15",wiwin.dwiutami.hakim,wiwin.dwiutami.hakim
Halodoc - B2B - Jabodetabek,2379,22,335,active,Merauke,"2025-05-10 10:33:15","2025-05-10 10:33:15",wiwin.dwiutami.hakim,wiwin.dwiutami.hakim
Halodoc - B2B - Jabodetabek,2380,22,336,active,Singaparna,"2025-05-10 10:33:15","2025-05-10 10:33:15",wiwin.dwiutami.hakim,wiwin.dwiutami.hakim
Halodoc - B2B - Jabodetabek,2381,22,337,active,Trenggalek,"2025-05-10 10:33:15","2025-05-10 10:33:15",wiwin.dwiutami.hakim,wiwin.dwiutami.hakim
Halodoc - B2B - Jabodetabek,2382,22,338,active,Tulungagung South,"2025-05-10 10:33:15","2025-05-10 10:33:15",wiwin.dwiutami.hakim,wiwin.dwiutami.hakim
Halodoc - B2B - Jabodetabek,2383,22,339,active,Banjarnegara,"2025-05-10 10:33:15","2025-05-10 10:33:15",wiwin.dwiutami.hakim,wiwin.dwiutami.hakim
Halodoc - B2B - Jabodetabek,2384,22,340,active,Blitar Kabupaten East,"2025-05-10 10:33:15","2025-05-10 10:33:15",wiwin.dwiutami.hakim,wiwin.dwiutami.hakim
Halodoc - B2B - Jabodetabek,2385,22,341,active,Blora Kabupaten West,"2025-05-10 10:33:15","2025-05-10 10:33:15",wiwin.dwiutami.hakim,wiwin.dwiutami.hakim
Halodoc - B2B - Jabodetabek,2386,22,343,active,Cilacap Kabupaten East,"2025-05-10 10:33:15","2025-05-10 10:33:15",wiwin.dwiutami.hakim,wiwin.dwiutami.hakim
Halodoc - B2B - Jabodetabek,2387,22,344,active,Cilacap Kabupaten North,"2025-05-10 10:33:15","2025-05-10 10:33:15",wiwin.dwiutami.hakim,wiwin.dwiutami.hakim
Halodoc - B2B - Jabodetabek,2388,22,345,active,Brebes Kabupaten South,"2025-05-10 10:33:15","2025-05-10 10:33:15",wiwin.dwiutami.hakim,wiwin.dwiutami.hakim
Halodoc - B2B - Jabodetabek,2389,22,348,active,Gunung Kidul,"2025-05-10 10:33:15","2025-05-10 10:33:15",wiwin.dwiutami.hakim,wiwin.dwiutami.hakim
Halodoc - B2B - Jabodetabek,2390,22,349,active,Cilacap Kabupaten West,"2025-05-10 10:33:15","2025-05-10 10:33:15",wiwin.dwiutami.hakim,wiwin.dwiutami.hakim
Halodoc - B2B - Jabodetabek,2391,22,350,active,Lumajang,"2025-05-10 10:33:15","2025-05-10 10:33:15",wiwin.dwiutami.hakim,wiwin.dwiutami.hakim
Halodoc - B2B - Jabodetabek,2392,22,351,active,Pacitan,"2025-05-10 10:33:15","2025-05-10 10:33:15",wiwin.dwiutami.hakim,wiwin.dwiutami.hakim
Halodoc - B2B - Jabodetabek,2393,22,352,active,Pamekasan Kabupaten North,"2025-05-10 10:33:15","2025-05-10 10:33:15",wiwin.dwiutami.hakim,wiwin.dwiutami.hakim
Halodoc - B2B - Jabodetabek,2394,22,353,active,Purwodadi North,"2025-05-10 10:33:15","2025-05-10 10:33:15",wiwin.dwiutami.hakim,wiwin.dwiutami.hakim
Halodoc - B2B - Jabodetabek,2395,22,354,active,Purworejo North,"2025-05-10 10:33:15","2025-05-10 10:33:15",wiwin.dwiutami.hakim,wiwin.dwiutami.hakim
Halodoc - B2B - Jabodetabek,2396,22,355,active,Situbondo,"2025-05-10 10:33:15","2025-05-10 10:33:15",wiwin.dwiutami.hakim,wiwin.dwiutami.hakim
Halodoc - B2B - Jabodetabek,2397,22,356,active,Sumenep Kabupaten South,"2025-05-10 10:33:15","2025-05-10 10:33:15",wiwin.dwiutami.hakim,wiwin.dwiutami.hakim
Halodoc - B2B - Jabodetabek,2398,22,357,active,Tegal Kabupaten South,"2025-05-10 10:33:15","2025-05-10 10:33:15",wiwin.dwiutami.hakim,wiwin.dwiutami.hakim
Halodoc - B2B - Jabodetabek,2399,22,358,active,Temanggung,"2025-05-10 10:33:15","2025-05-10 10:33:15",wiwin.dwiutami.hakim,wiwin.dwiutami.hakim
Halodoc - B2B - Jabodetabek,2400,22,359,active,Wonosobo,"2025-05-10 10:33:15","2025-05-10 10:33:15",wiwin.dwiutami.hakim,wiwin.dwiutami.hakim
Halodoc - B2B - Jabodetabek,2401,22,360,active,Central Lombok Regency,"2025-05-10 10:33:15","2025-05-10 10:33:15",wiwin.dwiutami.hakim,wiwin.dwiutami.hakim
Halodoc - B2B - Jabodetabek,2402,22,362,active,Pati Kabupaten West,"2025-05-10 10:33:15","2025-05-10 10:33:15",wiwin.dwiutami.hakim,wiwin.dwiutami.hakim
Halodoc - B2B - Jabodetabek,2403,22,363,active,Pemalang Kabupaten South,"2025-05-10 10:33:15","2025-05-10 10:33:15",wiwin.dwiutami.hakim,wiwin.dwiutami.hakim
Halodoc - B2B - Jabodetabek,2404,22,364,active,Banjar,"2025-05-10 10:33:15","2025-05-10 10:33:15",wiwin.dwiutami.hakim,wiwin.dwiutami.hakim
Halodoc - B2B - Jabodetabek,2405,22,365,active,Ciamis,"2025-05-10 10:33:15","2025-05-10 10:33:15",wiwin.dwiutami.hakim,wiwin.dwiutami.hakim
Halodoc - B2B - Jabodetabek,2406,22,366,active,Cikuray,"2025-05-10 10:33:15","2025-05-10 10:33:15",wiwin.dwiutami.hakim,wiwin.dwiutami.hakim
Halodoc - B2B - Jabodetabek,2407,22,367,active,Garut Kabupaten,"2025-05-10 10:33:15","2025-05-10 10:33:15",wiwin.dwiutami.hakim,wiwin.dwiutami.hakim
Halodoc - B2B - Jabodetabek,2408,22,368,active,Garut Kabupaten South,"2025-05-10 10:33:15","2025-05-10 10:33:15",wiwin.dwiutami.hakim,wiwin.dwiutami.hakim
Halodoc - B2B - Jabodetabek,2409,22,369,active,Lembang North,"2025-05-10 10:33:15","2025-05-10 10:33:15",wiwin.dwiutami.hakim,wiwin.dwiutami.hakim
Halodoc - B2B - Jabodetabek,2410,22,370,active,Majalengka North,"2025-05-10 10:33:15","2025-05-10 10:33:15",wiwin.dwiutami.hakim,wiwin.dwiutami.hakim
Halodoc - B2B - Jabodetabek,2411,22,371,active,Pangandaran,"2025-05-10 10:33:15","2025-05-10 10:33:15",wiwin.dwiutami.hakim,wiwin.dwiutami.hakim
Halodoc - B2B - Jabodetabek,2412,22,372,active,Bandung Kabupaten West,"2025-05-10 10:33:15","2025-05-10 10:33:15",wiwin.dwiutami.hakim,wiwin.dwiutami.hakim
Halodoc - B2B - Jabodetabek,2413,22,373,active,Sukabumi South,"2025-05-10 10:33:15","2025-05-10 10:33:15",wiwin.dwiutami.hakim,wiwin.dwiutami.hakim
Halodoc - B2B - Jabodetabek,2414,22,374,active,Sumedang East,"2025-05-10 10:33:15","2025-05-10 10:33:15",wiwin.dwiutami.hakim,wiwin.dwiutami.hakim
Halodoc - B2B - Jabodetabek,2415,22,375,active,Sumedang West,"2025-05-10 10:33:15","2025-05-10 10:33:15",wiwin.dwiutami.hakim,wiwin.dwiutami.hakim
Halodoc - B2B - Jabodetabek,2416,22,376,active,Pringsewu,"2025-05-10 10:33:15","2025-05-10 10:33:15",wiwin.dwiutami.hakim,wiwin.dwiutami.hakim
Halodoc - B2B - Jabodetabek,2417,22,377,active,Tarakan,"2025-05-10 10:33:15","2025-05-10 10:33:15",wiwin.dwiutami.hakim,wiwin.dwiutami.hakim
Halodoc - B2B - Jabodetabek,2418,22,378,active,Hulu Sungai North,"2025-05-10 10:33:15","2025-05-10 10:33:15",wiwin.dwiutami.hakim,wiwin.dwiutami.hakim
Halodoc - B2B - Jabodetabek,2419,22,379,active,Balikpapan East,"2025-05-10 10:33:15","2025-05-10 10:33:15",wiwin.dwiutami.hakim,wiwin.dwiutami.hakim
Halodoc - B2B - Jabodetabek,2420,22,380,active,Bangka Kabupaten Southwest,"2025-05-10 10:33:15","2025-05-10 10:33:15",wiwin.dwiutami.hakim,wiwin.dwiutami.hakim
Halodoc - B2B - Jabodetabek,2421,22,382,active,Banjarsari,"2025-05-10 10:33:15","2025-05-10 10:33:15",wiwin.dwiutami.hakim,wiwin.dwiutami.hakim
Halodoc - B2B - Jabodetabek,2422,22,383,active,Belinyu,"2025-05-10 10:33:15","2025-05-10 10:33:15",wiwin.dwiutami.hakim,wiwin.dwiutami.hakim
Halodoc - B2B - Jabodetabek,2423,22,384,active,Belitung Kabupaten East,"2025-05-10 10:33:15","2025-05-10 10:33:15",wiwin.dwiutami.hakim,wiwin.dwiutami.hakim
Halodoc - B2B - Jabodetabek,2424,22,385,active,Bintan Kabupaten West,"2025-05-10 10:33:15","2025-05-10 10:33:15",wiwin.dwiutami.hakim,wiwin.dwiutami.hakim
Halodoc - B2B - Jabodetabek,2425,22,386,active,Bitung,"2025-05-10 10:33:15","2025-05-10 10:33:15",wiwin.dwiutami.hakim,wiwin.dwiutami.hakim
Halodoc - B2B - Jabodetabek,2426,22,387,active,Buol,"2025-05-10 10:33:15","2025-05-10 10:33:15",wiwin.dwiutami.hakim,wiwin.dwiutami.hakim
Halodoc - B2B - Jabodetabek,2427,22,388,active,Humbang Hasundutan,"2025-05-10 10:33:15","2025-05-10 10:33:15",wiwin.dwiutami.hakim,wiwin.dwiutami.hakim
Halodoc - B2B - Jabodetabek,2428,22,389,active,Bengkalis,"2025-05-10 10:33:15","2025-05-10 10:33:15",wiwin.dwiutami.hakim,wiwin.dwiutami.hakim
Halodoc - B2B - Jabodetabek,2429,22,391,active,Gorontalo Kabupaten North,"2025-05-10 10:33:15","2025-05-10 10:33:15",wiwin.dwiutami.hakim,wiwin.dwiutami.hakim
Halodoc - B2B - Jabodetabek,2430,22,392,active,Gorontalo Kabupaten West,"2025-05-10 10:33:15","2025-05-10 10:33:15",wiwin.dwiutami.hakim,wiwin.dwiutami.hakim
Halodoc - B2B - Jabodetabek,2431,22,393,active,Jembrana East,"2025-05-10 10:33:15","2025-05-10 10:33:15",wiwin.dwiutami.hakim,wiwin.dwiutami.hakim
Halodoc - B2B - Jabodetabek,2432,22,394,active,Bandar Lampung South,"2025-05-10 10:33:15","2025-05-10 10:33:15",wiwin.dwiutami.hakim,wiwin.dwiutami.hakim
Halodoc - B2B - Jabodetabek,2433,22,395,active,Hulu Sungai Central,"2025-05-10 10:33:15","2025-05-10 10:33:15",wiwin.dwiutami.hakim,wiwin.dwiutami.hakim
Halodoc - B2B - Jabodetabek,2434,22,396,active,Karangasem East,"2025-05-10 10:33:15","2025-05-10 10:33:15",wiwin.dwiutami.hakim,wiwin.dwiutami.hakim
Halodoc - B2B - Jabodetabek,2435,22,397,active,Karimun,"2025-05-10 10:33:15","2025-05-10 10:33:15",wiwin.dwiutami.hakim,wiwin.dwiutami.hakim
Halodoc - B2B - Jabodetabek,2436,22,398,active,Bintan Kabupaten South,"2025-05-10 10:33:15","2025-05-10 10:33:15",wiwin.dwiutami.hakim,wiwin.dwiutami.hakim
Halodoc - B2B - Jabodetabek,2437,22,399,active,Bangka Central,"2025-05-10 10:33:15","2025-05-10 10:33:15",wiwin.dwiutami.hakim,wiwin.dwiutami.hakim
Halodoc - B2B - Jabodetabek,2438,22,400,active,Bangli,"2025-05-10 10:33:15","2025-05-10 10:33:15",wiwin.dwiutami.hakim,wiwin.dwiutami.hakim
Halodoc - B2B - Jabodetabek,2439,22,401,active,Kolaka,"2025-05-10 10:33:15","2025-05-10 10:33:15",wiwin.dwiutami.hakim,wiwin.dwiutami.hakim
Halodoc - B2B - Jabodetabek,2440,22,402,active,Tenggamus,"2025-05-10 10:33:15","2025-05-10 10:33:15",wiwin.dwiutami.hakim,wiwin.dwiutami.hakim
Halodoc - B2B - Jabodetabek,2441,22,403,active,Kotawaringin,"2025-05-10 10:33:15","2025-05-10 10:33:15",wiwin.dwiutami.hakim,wiwin.dwiutami.hakim
Halodoc - B2B - Jabodetabek,2442,22,404,active,Kapuas,"2025-05-10 10:33:15","2025-05-10 10:33:15",wiwin.dwiutami.hakim,wiwin.dwiutami.hakim
Halodoc - B2B - Jabodetabek,2443,22,405,active,Kutai Kartanegara,"2025-05-10 10:33:15","2025-05-10 10:33:15",wiwin.dwiutami.hakim,wiwin.dwiutami.hakim
Halodoc - B2B - Jabodetabek,2444,22,406,active,Lahat,"2025-05-10 10:33:15","2025-05-10 10:33:15",wiwin.dwiutami.hakim,wiwin.dwiutami.hakim
Halodoc - B2B - Jabodetabek,2445,22,407,active,Muara Enim,"2025-05-10 10:33:15","2025-05-10 10:33:15",wiwin.dwiutami.hakim,wiwin.dwiutami.hakim
Halodoc - B2B - Jabodetabek,2446,22,408,active,Empat Lawang,"2025-05-10 10:33:15","2025-05-10 10:33:15",wiwin.dwiutami.hakim,wiwin.dwiutami.hakim
Halodoc - B2B - Jabodetabek,2447,22,409,active,Langsa,"2025-05-10 10:33:15","2025-05-10 10:33:15",wiwin.dwiutami.hakim,wiwin.dwiutami.hakim
Halodoc - B2B - Jabodetabek,2448,22,410,active,Tamiang,"2025-05-10 10:33:15","2025-05-10 10:33:15",wiwin.dwiutami.hakim,wiwin.dwiutami.hakim
Halodoc - B2B - Jabodetabek,2449,22,411,active,Lhokseumawe,"2025-05-10 10:33:15","2025-05-10 10:33:15",wiwin.dwiutami.hakim,wiwin.dwiutami.hakim
Halodoc - B2B - Jabodetabek,2450,22,412,active,Lombok Kabupaten East,"2025-05-10 10:33:15","2025-05-10 10:33:15",wiwin.dwiutami.hakim,wiwin.dwiutami.hakim
Halodoc - B2B - Jabodetabek,2451,22,413,active,Lubuklinggau,"2025-05-10 10:33:15","2025-05-10 10:33:15",wiwin.dwiutami.hakim,wiwin.dwiutami.hakim
Halodoc - B2B - Jabodetabek,2452,22,414,active,Karangasem Kabupaten West,"2025-05-10 10:33:15","2025-05-10 10:33:15",wiwin.dwiutami.hakim,wiwin.dwiutami.hakim
Halodoc - B2B - Jabodetabek,2453,22,415,active,Tapin,"2025-05-10 10:33:15","2025-05-10 10:33:15",wiwin.dwiutami.hakim,wiwin.dwiutami.hakim
Halodoc - B2B - Jabodetabek,2454,22,416,active,Hulu Sungai South,"2025-05-10 10:33:15","2025-05-10 10:33:15",wiwin.dwiutami.hakim,wiwin.dwiutami.hakim
Halodoc - B2B - Jabodetabek,2455,22,417,active,Minahasa Kabupaten South,"2025-05-10 10:33:15","2025-05-10 10:33:15",wiwin.dwiutami.hakim,wiwin.dwiutami.hakim
Halodoc - B2B - Jabodetabek,2456,22,418,active,Pahuwato,"2025-05-10 10:33:15","2025-05-10 10:33:15",wiwin.dwiutami.hakim,wiwin.dwiutami.hakim
Halodoc - B2B - Jabodetabek,2457,22,419,active,Musirawas,"2025-05-10 10:33:15","2025-05-10 10:33:15",wiwin.dwiutami.hakim,wiwin.dwiutami.hakim
Halodoc - B2B - Jabodetabek,2458,22,420,active,Padang Panjang,"2025-05-10 10:33:15","2025-05-10 10:33:15",wiwin.dwiutami.hakim,wiwin.dwiutami.hakim
Halodoc - B2B - Jabodetabek,2459,22,421,active,Pagar Alam,"2025-05-10 10:33:15","2025-05-10 10:33:15",wiwin.dwiutami.hakim,wiwin.dwiutami.hakim
Halodoc - B2B - Jabodetabek,2460,22,422,active,Penajam,"2025-05-10 10:33:15","2025-05-10 10:33:15",wiwin.dwiutami.hakim,wiwin.dwiutami.hakim
Halodoc - B2B - Jabodetabek,2461,22,423,active,Paser,"2025-05-10 10:33:15","2025-05-10 10:33:15",wiwin.dwiutami.hakim,wiwin.dwiutami.hakim
Halodoc - B2B - Jabodetabek,2462,22,424,active,Bangka Tengah,"2025-05-10 10:33:15","2025-05-10 10:33:15",wiwin.dwiutami.hakim,wiwin.dwiutami.hakim
Halodoc - B2B - Jabodetabek,2463,22,425,active,Pelalawan,"2025-05-10 10:33:15","2025-05-10 10:33:15",wiwin.dwiutami.hakim,wiwin.dwiutami.hakim
Halodoc - B2B - Jabodetabek,2464,22,426,active,Tabalong,"2025-05-10 10:33:15","2025-05-10 10:33:15",wiwin.dwiutami.hakim,wiwin.dwiutami.hakim
Halodoc - B2B - Jabodetabek,2465,22,427,active,Kepulauan Selayar,"2025-05-10 10:33:15","2025-05-10 10:33:15",wiwin.dwiutami.hakim,wiwin.dwiutami.hakim
Halodoc - B2B - Jabodetabek,2466,22,428,active,Rokan Hilir,"2025-05-10 10:33:15","2025-05-10 10:33:15",wiwin.dwiutami.hakim,wiwin.dwiutami.hakim
Halodoc - B2B - Jabodetabek,2467,22,429,active,Rokan Hulu,"2025-05-10 10:33:15","2025-05-10 10:33:15",wiwin.dwiutami.hakim,wiwin.dwiutami.hakim
Halodoc - B2B - Jabodetabek,2468,22,430,active,Kotawaringin Kabupaten East,"2025-05-10 10:33:15","2025-05-10 10:33:15",wiwin.dwiutami.hakim,wiwin.dwiutami.hakim
Halodoc - B2B - Jabodetabek,2469,22,431,active,Katingan,"2025-05-10 10:33:15","2025-05-10 10:33:15",wiwin.dwiutami.hakim,wiwin.dwiutami.hakim
Halodoc - B2B - Jabodetabek,2470,22,433,active,Pidie,"2025-05-10 10:33:15","2025-05-10 10:33:15",wiwin.dwiutami.hakim,wiwin.dwiutami.hakim
Halodoc - B2B - Jabodetabek,2471,22,434,active,Sukamara,"2025-05-10 10:33:15","2025-05-10 10:33:15",wiwin.dwiutami.hakim,wiwin.dwiutami.hakim
Halodoc - B2B - Jabodetabek,2472,22,435,active,Sungai Liat,"2025-05-10 10:33:15","2025-05-10 10:33:15",wiwin.dwiutami.hakim,wiwin.dwiutami.hakim
Halodoc - B2B - Jabodetabek,2473,22,436,active,Tabanan North,"2025-05-10 10:33:15","2025-05-10 10:33:15",wiwin.dwiutami.hakim,wiwin.dwiutami.hakim
Halodoc - B2B - Jabodetabek,2474,22,437,active,Tabanan West,"2025-05-10 10:33:15","2025-05-10 10:33:15",wiwin.dwiutami.hakim,wiwin.dwiutami.hakim
Halodoc - B2B - Jabodetabek,2475,22,438,active,Berau,"2025-05-10 10:33:15","2025-05-10 10:33:15",wiwin.dwiutami.hakim,wiwin.dwiutami.hakim
Halodoc - B2B - Jabodetabek,2476,22,439,active,Indragiri Hilir,"2025-05-10 10:33:15","2025-05-10 10:33:15",wiwin.dwiutami.hakim,wiwin.dwiutami.hakim
Halodoc - B2B - Jabodetabek,2477,22,440,active,Toli-Toli,"2025-05-10 10:33:15","2025-05-10 10:33:15",wiwin.dwiutami.hakim,wiwin.dwiutami.hakim
Halodoc - B2B - Jabodetabek,2478,22,441,active,Agam,"2025-05-10 10:33:15","2025-05-10 10:33:15",wiwin.dwiutami.hakim,wiwin.dwiutami.hakim
Halodoc - B2B - Jabodetabek,2479,22,442,active,Dharmasraya,"2025-05-10 10:33:15","2025-05-10 10:33:15",wiwin.dwiutami.hakim,wiwin.dwiutami.hakim
Halodoc - B2B - Jabodetabek,2480,22,443,active,Kota Lima Puluh,"2025-05-10 10:33:15","2025-05-10 10:33:15",wiwin.dwiutami.hakim,wiwin.dwiutami.hakim
Halodoc - B2B - Jabodetabek,2481,22,444,active,Pasaman West,"2025-05-10 10:33:15","2025-05-10 10:33:15",wiwin.dwiutami.hakim,wiwin.dwiutami.hakim
Halodoc - B2B - Jabodetabek,2482,22,445,active,Pasaman,"2025-05-10 10:33:15","2025-05-10 10:33:15",wiwin.dwiutami.hakim,wiwin.dwiutami.hakim
Halodoc - B2B - Jabodetabek,2483,22,446,active,Pesisir Selatan,"2025-05-10 10:33:15","2025-05-10 10:33:15",wiwin.dwiutami.hakim,wiwin.dwiutami.hakim
Halodoc - B2B - Jabodetabek,2484,22,447,active,SawahLunto,"2025-05-10 10:33:15","2025-05-10 10:33:15",wiwin.dwiutami.hakim,wiwin.dwiutami.hakim
Halodoc - B2B - Jabodetabek,2485,22,448,active,Sijunjung,"2025-05-10 10:33:15","2025-05-10 10:33:15",wiwin.dwiutami.hakim,wiwin.dwiutami.hakim
Halodoc - B2B - Jabodetabek,2486,22,449,active,Solok Regency,"2025-05-10 10:33:15","2025-05-10 10:33:15",wiwin.dwiutami.hakim,wiwin.dwiutami.hakim
Halodoc - B2B - Jabodetabek,2487,22,450,active,Solok South,"2025-05-10 10:33:15","2025-05-10 10:33:15",wiwin.dwiutami.hakim,wiwin.dwiutami.hakim
Halodoc - B2B - Jabodetabek,2488,22,451,active,Tanah Datar,"2025-05-10 10:33:15","2025-05-10 10:33:15",wiwin.dwiutami.hakim,wiwin.dwiutami.hakim
Halodoc - B2B - Jabodetabek,2489,22,452,active,Batang Hari,"2025-05-10 10:33:15","2025-05-10 10:33:15",wiwin.dwiutami.hakim,wiwin.dwiutami.hakim
Halodoc - B2B - Jabodetabek,2490,22,453,active,Bungo,"2025-05-10 10:33:15","2025-05-10 10:33:15",wiwin.dwiutami.hakim,wiwin.dwiutami.hakim
Halodoc - B2B - Jabodetabek,2491,22,455,active,Merangin,"2025-05-10 10:33:15","2025-05-10 10:33:15",wiwin.dwiutami.hakim,wiwin.dwiutami.hakim
Halodoc - B2B - Jabodetabek,2492,22,456,active,Muaro Jambi,"2025-05-10 10:33:15","2025-05-10 10:33:15",wiwin.dwiutami.hakim,wiwin.dwiutami.hakim
Halodoc - B2B - Jabodetabek,2493,22,457,active,Sarolangun,"2025-05-10 10:33:15","2025-05-10 10:33:15",wiwin.dwiutami.hakim,wiwin.dwiutami.hakim
Halodoc - B2B - Jabodetabek,2494,22,458,active,Sungai Penuh,"2025-05-10 10:33:15","2025-05-10 10:33:15",wiwin.dwiutami.hakim,wiwin.dwiutami.hakim
Halodoc - B2B - Jabodetabek,2495,22,459,active,Tanjung Jabung East,"2025-05-10 10:33:15","2025-05-10 10:33:15",wiwin.dwiutami.hakim,wiwin.dwiutami.hakim
Halodoc - B2B - Jabodetabek,2496,22,460,active,Tanjung Jabung West,"2025-05-10 10:33:15","2025-05-10 10:33:15",wiwin.dwiutami.hakim,wiwin.dwiutami.hakim
Halodoc - B2B - Jabodetabek,2497,22,461,active,Tebo,"2025-05-10 10:33:15","2025-05-10 10:33:15",wiwin.dwiutami.hakim,wiwin.dwiutami.hakim
Halodoc - B2B - Jabodetabek,2498,22,462,active,Musi Banyuasin,"2025-05-10 10:33:15","2025-05-10 10:33:15",wiwin.dwiutami.hakim,wiwin.dwiutami.hakim
Halodoc - B2B - Jabodetabek,2499,22,463,active,Banyuasin,"2025-05-10 10:33:15","2025-05-10 10:33:15",wiwin.dwiutami.hakim,wiwin.dwiutami.hakim
Halodoc - B2B - Jabodetabek,2500,22,464,active,Musi Rawas North,"2025-05-10 10:33:15","2025-05-10 10:33:15",wiwin.dwiutami.hakim,wiwin.dwiutami.hakim
Halodoc - B2B - Jabodetabek,2501,22,465,active,Banyuasin East,"2025-05-10 10:33:15","2025-05-10 10:33:15",wiwin.dwiutami.hakim,wiwin.dwiutami.hakim
Halodoc - B2B - Jabodetabek,2502,22,466,active,Prabumulih,"2025-05-10 10:33:15","2025-05-10 10:33:15",wiwin.dwiutami.hakim,wiwin.dwiutami.hakim
Halodoc - B2B - Jabodetabek,2503,22,467,active,Ogan Ilir,"2025-05-10 10:33:15","2025-05-10 10:33:15",wiwin.dwiutami.hakim,wiwin.dwiutami.hakim
Halodoc - B2B - Jabodetabek,2504,22,468,active,Ogan Komering Ilir,"2025-05-10 10:33:15","2025-05-10 10:33:15",wiwin.dwiutami.hakim,wiwin.dwiutami.hakim
Halodoc - B2B - Jabodetabek,2505,22,469,active,Ogan Komering Ulu,"2025-05-10 10:33:15","2025-05-10 10:33:15",wiwin.dwiutami.hakim,wiwin.dwiutami.hakim
Halodoc - B2B - Jabodetabek,2506,22,470,active,Ogan Komering Ulu East,"2025-05-10 10:33:15","2025-05-10 10:33:15",wiwin.dwiutami.hakim,wiwin.dwiutami.hakim
Halodoc - B2B - Jabodetabek,2507,22,471,active,Ogan Komering ulu South,"2025-05-10 10:33:15","2025-05-10 10:33:15",wiwin.dwiutami.hakim,wiwin.dwiutami.hakim
Halodoc - B2B - Jabodetabek,2508,22,473,active,Bengkalis East,"2025-05-10 10:33:15","2025-05-10 10:33:15",wiwin.dwiutami.hakim,wiwin.dwiutami.hakim
Halodoc - B2B - Jabodetabek,2509,22,474,active,Pringsewu North,"2025-05-10 10:33:15","2025-05-10 10:33:15",wiwin.dwiutami.hakim,wiwin.dwiutami.hakim
Halodoc - B2B - Jabodetabek,2510,22,475,active,Lampung Central,"2025-05-10 10:33:15","2025-05-10 10:33:15",wiwin.dwiutami.hakim,wiwin.dwiutami.hakim
Halodoc - B2B - Jabodetabek,2511,22,476,active,Kotabumi,"2025-05-10 10:33:15","2025-05-10 10:33:15",wiwin.dwiutami.hakim,wiwin.dwiutami.hakim
Halodoc - B2B - Jabodetabek,2512,22,477,active,Tulang Bawang West,"2025-05-10 10:33:15","2025-05-10 10:33:15",wiwin.dwiutami.hakim,wiwin.dwiutami.hakim
Halodoc - B2B - Jabodetabek,2513,22,478,active,Tulang Bawang,"2025-05-10 10:33:15","2025-05-10 10:33:15",wiwin.dwiutami.hakim,wiwin.dwiutami.hakim
Halodoc - B2B - Jabodetabek,2514,22,479,active,Mesuji,"2025-05-10 10:33:15","2025-05-10 10:33:15",wiwin.dwiutami.hakim,wiwin.dwiutami.hakim
Halodoc - B2B - Jabodetabek,2515,22,480,active,Sukadana,"2025-05-10 10:33:15","2025-05-10 10:33:15",wiwin.dwiutami.hakim,wiwin.dwiutami.hakim
Halodoc - B2B - Jabodetabek,2516,22,481,active,Boyolali Kabupaten West,"2025-05-10 10:33:15","2025-05-10 10:33:15",wiwin.dwiutami.hakim,wiwin.dwiutami.hakim
Halodoc - B2B - Jabodetabek,2517,22,482,active,Buleleng East,"2025-05-10 10:33:15","2025-05-10 10:33:15",wiwin.dwiutami.hakim,wiwin.dwiutami.hakim
Halodoc - B2B - Jabodetabek,2518,22,483,active,Kubu Raya,"2025-05-10 10:33:15","2025-05-10 10:33:15",wiwin.dwiutami.hakim,wiwin.dwiutami.hakim
Halodoc - B2B - Jabodetabek,2519,22,484,active,Boalemo,"2025-05-10 10:33:15","2025-05-10 10:33:15",wiwin.dwiutami.hakim,wiwin.dwiutami.hakim
Halodoc - B2B - Jabodetabek,2520,22,485,active,Bolaang Mongondow North,"2025-05-10 10:33:15","2025-05-10 10:33:15",wiwin.dwiutami.hakim,wiwin.dwiutami.hakim
Halodoc - B2B - Jabodetabek,2521,22,486,active,Bolaang Mongondow,"2025-05-10 10:33:15","2025-05-10 10:33:15",wiwin.dwiutami.hakim,wiwin.dwiutami.hakim
Halodoc - B2B - Jabodetabek,2522,22,487,active,Kotamobagu,"2025-05-10 10:33:15","2025-05-10 10:33:15",wiwin.dwiutami.hakim,wiwin.dwiutami.hakim
Halodoc - B2B - Jabodetabek,2523,22,488,active,Minahasa Southeast,"2025-05-10 10:33:15","2025-05-10 10:33:15",wiwin.dwiutami.hakim,wiwin.dwiutami.hakim
Halodoc - B2B - Jabodetabek,2524,22,489,active,Minahasa,"2025-05-10 10:33:15","2025-05-10 10:33:15",wiwin.dwiutami.hakim,wiwin.dwiutami.hakim
Halodoc - B2B - Jabodetabek,2525,22,490,active,Minahasa North,"2025-05-10 10:33:15","2025-05-10 10:33:15",wiwin.dwiutami.hakim,wiwin.dwiutami.hakim
Halodoc - B2B - Jabodetabek,2526,22,491,active,Tojo Una Una,"2025-05-10 10:33:15","2025-05-10 10:33:15",wiwin.dwiutami.hakim,wiwin.dwiutami.hakim
Halodoc - B2B - Jabodetabek,2527,22,492,active,Lombok West,"2025-05-10 10:33:15","2025-05-10 10:33:15",wiwin.dwiutami.hakim,wiwin.dwiutami.hakim
Halodoc - B2B - Jabodetabek,2528,22,493,active,Bangka West,"2025-05-10 10:33:15","2025-05-10 10:33:15",wiwin.dwiutami.hakim,wiwin.dwiutami.hakim
Halodoc - B2B - Jabodetabek,2529,22,499,active,Sumenep Kabupaten,"2025-05-10 10:33:15","2025-05-10 10:33:15",wiwin.dwiutami.hakim,wiwin.dwiutami.hakim
Halodoc - B2B - Jabodetabek,2530,22,500,active,Sumenep East,"2025-05-10 10:33:15","2025-05-10 10:33:15",wiwin.dwiutami.hakim,wiwin.dwiutami.hakim
Halodoc - B2B - Jabodetabek,2531,22,501,active,Bangkalan East,"2025-05-10 10:33:15","2025-05-10 10:33:15",wiwin.dwiutami.hakim,wiwin.dwiutami.hakim
Halodoc - B2B - Jabodetabek,2532,22,502,active,Sambas,"2025-05-10 10:33:15","2025-05-10 10:33:15",wiwin.dwiutami.hakim,wiwin.dwiutami.hakim
Halodoc - B2B - Jabodetabek,2533,22,503,active,Singkawang,"2025-05-10 10:33:15","2025-05-10 10:33:15",wiwin.dwiutami.hakim,wiwin.dwiutami.hakim
Halodoc - B2B - Jabodetabek,2534,22,504,active,Bengkayang,"2025-05-10 10:33:15","2025-05-10 10:33:15",wiwin.dwiutami.hakim,wiwin.dwiutami.hakim
Halodoc - B2B - Jabodetabek,2535,22,505,active,Mempawah,"2025-05-10 10:33:15","2025-05-10 10:33:15",wiwin.dwiutami.hakim,wiwin.dwiutami.hakim
Halodoc - B2B - Jabodetabek,2536,22,506,active,Landak,"2025-05-10 10:33:15","2025-05-10 10:33:15",wiwin.dwiutami.hakim,wiwin.dwiutami.hakim
Halodoc - B2B - Jabodetabek,2537,22,507,active,Sanggau,"2025-05-10 10:33:15","2025-05-10 10:33:15",wiwin.dwiutami.hakim,wiwin.dwiutami.hakim
Halodoc - B2B - Jabodetabek,2538,22,508,active,Sekadau,"2025-05-10 10:33:15","2025-05-10 10:33:15",wiwin.dwiutami.hakim,wiwin.dwiutami.hakim
Halodoc - B2B - Jabodetabek,2539,22,509,active,Sintang,"2025-05-10 10:33:15","2025-05-10 10:33:15",wiwin.dwiutami.hakim,wiwin.dwiutami.hakim
Halodoc - B2B - Jabodetabek,2540,22,510,active,Melawi,"2025-05-10 10:33:15","2025-05-10 10:33:15",wiwin.dwiutami.hakim,wiwin.dwiutami.hakim
Halodoc - B2B - Jabodetabek,2541,22,511,active,Kapuas Hulu,"2025-05-10 10:33:15","2025-05-10 10:33:15",wiwin.dwiutami.hakim,wiwin.dwiutami.hakim
Halodoc - B2B - Jabodetabek,2542,22,512,active,Kayong Notrh,"2025-05-10 10:33:15","2025-05-10 10:33:15",wiwin.dwiutami.hakim,wiwin.dwiutami.hakim
Halodoc - B2B - Jabodetabek,2543,22,513,active,Ketapang,"2025-05-10 10:33:15","2025-05-10 10:33:15",wiwin.dwiutami.hakim,wiwin.dwiutami.hakim
Halodoc - B2B - Jabodetabek,2544,22,514,active,Kubu East,"2025-05-10 10:33:15","2025-05-10 10:33:15",wiwin.dwiutami.hakim,wiwin.dwiutami.hakim
Halodoc - B2B - Jabodetabek,2545,22,515,active,Tanah Bambu,"2025-05-10 10:33:15","2025-05-10 10:33:15",wiwin.dwiutami.hakim,wiwin.dwiutami.hakim
Halodoc - B2B - Jabodetabek,2546,22,516,active,Tanah Laut,"2025-05-10 10:33:15","2025-05-10 10:33:15",wiwin.dwiutami.hakim,wiwin.dwiutami.hakim
Halodoc - B2B - Jabodetabek,2547,22,517,active,Balangan,"2025-05-10 10:33:15","2025-05-10 10:33:15",wiwin.dwiutami.hakim,wiwin.dwiutami.hakim
Halodoc - B2B - Jabodetabek,2548,22,518,active,Barito East,"2025-05-10 10:33:15","2025-05-10 10:33:15",wiwin.dwiutami.hakim,wiwin.dwiutami.hakim
Halodoc - B2B - Jabodetabek,2549,22,519,active,Barito South,"2025-05-10 10:33:15","2025-05-10 10:33:15",wiwin.dwiutami.hakim,wiwin.dwiutami.hakim
Halodoc - B2B - Jabodetabek,2550,22,520,active,Kutai East,"2025-05-10 10:33:15","2025-05-10 10:33:15",wiwin.dwiutami.hakim,wiwin.dwiutami.hakim
Halodoc - B2B - Jabodetabek,2551,22,521,active,Kutai Kartanegara North,"2025-05-10 10:33:15","2025-05-10 10:33:15",wiwin.dwiutami.hakim,wiwin.dwiutami.hakim
Halodoc - B2B - Jabodetabek,2552,22,522,active,Kutai West,"2025-05-10 10:33:15","2025-05-10 10:33:15",wiwin.dwiutami.hakim,wiwin.dwiutami.hakim
Halodoc - B2B - Jabodetabek,2553,22,523,active,Barito Kuala,"2025-05-10 10:33:15","2025-05-10 10:33:15",wiwin.dwiutami.hakim,wiwin.dwiutami.hakim
Halodoc - B2B - Jabodetabek,2554,22,524,active,Solok Central,"2025-05-10 10:33:15","2025-05-10 10:33:15",wiwin.dwiutami.hakim,wiwin.dwiutami.hakim
Halodoc - B2B - Jabodetabek,2555,22,525,active,Sigi,"2025-05-10 10:33:15","2025-05-10 10:33:15",wiwin.dwiutami.hakim,wiwin.dwiutami.hakim
Halodoc - B2B - Jabodetabek,2556,22,526,active,Parigi Moutong,"2025-05-10 10:33:15","2025-05-10 10:33:15",wiwin.dwiutami.hakim,wiwin.dwiutami.hakim
Halodoc - B2B - Jabodetabek,2557,22,527,active,Morowali North,"2025-05-10 10:33:15","2025-05-10 10:33:15",wiwin.dwiutami.hakim,wiwin.dwiutami.hakim
Halodoc - B2B - Jabodetabek,2558,22,528,active,Morowali,"2025-05-10 10:33:15","2025-05-10 10:33:15",wiwin.dwiutami.hakim,wiwin.dwiutami.hakim
Halodoc - B2B - Jabodetabek,2559,22,529,active,Sabang,"2025-05-10 10:33:15","2025-05-10 10:33:15",wiwin.dwiutami.hakim,wiwin.dwiutami.hakim
Halodoc - B2B - Jabodetabek,2560,22,530,active,Aceh Besar,"2025-05-10 10:33:15","2025-05-10 10:33:15",wiwin.dwiutami.hakim,wiwin.dwiutami.hakim
Halodoc - B2B - Jabodetabek,2561,22,531,active,Aceh Jaya,"2025-05-10 10:33:15","2025-05-10 10:33:15",wiwin.dwiutami.hakim,wiwin.dwiutami.hakim
Halodoc - B2B - Jabodetabek,2562,22,532,active,Nagan Raya,"2025-05-10 10:33:15","2025-05-10 10:33:15",wiwin.dwiutami.hakim,wiwin.dwiutami.hakim
Halodoc - B2B - Jabodetabek,2563,22,533,active,Aceh West Kabupaten,"2025-05-10 10:33:15","2025-05-10 10:33:15",wiwin.dwiutami.hakim,wiwin.dwiutami.hakim
Halodoc - B2B - Jabodetabek,2564,22,534,active,Aceh South,"2025-05-10 10:33:15","2025-05-10 10:33:15",wiwin.dwiutami.hakim,wiwin.dwiutami.hakim
Halodoc - B2B - Jabodetabek,2565,22,535,active,Subulusallam,"2025-05-10 10:33:15","2025-05-10 10:33:15",wiwin.dwiutami.hakim,wiwin.dwiutami.hakim
Halodoc - B2B - Jabodetabek,2566,22,536,active,Piddie Jaya,"2025-05-10 10:33:15","2025-05-10 10:33:15",wiwin.dwiutami.hakim,wiwin.dwiutami.hakim
Halodoc - B2B - Jabodetabek,2567,22,537,active,Bireuen,"2025-05-10 10:33:15","2025-05-10 10:33:15",wiwin.dwiutami.hakim,wiwin.dwiutami.hakim
Halodoc - B2B - Jabodetabek,2568,22,538,active,Aceh Central,"2025-05-10 10:33:15","2025-05-10 10:33:15",wiwin.dwiutami.hakim,wiwin.dwiutami.hakim
Halodoc - B2B - Jabodetabek,2569,22,539,active,Gayo Lues,"2025-05-10 10:33:15","2025-05-10 10:33:15",wiwin.dwiutami.hakim,wiwin.dwiutami.hakim
Halodoc - B2B - Jabodetabek,2570,22,540,active,Aceh North,"2025-05-10 10:33:15","2025-05-10 10:33:15",wiwin.dwiutami.hakim,wiwin.dwiutami.hakim
Halodoc - B2B - Jabodetabek,2571,22,541,active,Aceh East,"2025-05-10 10:33:15","2025-05-10 10:33:15",wiwin.dwiutami.hakim,wiwin.dwiutami.hakim
Halodoc - B2B - Jabodetabek,2572,22,542,active,Bener Meriah,"2025-05-10 10:33:15","2025-05-10 10:33:15",wiwin.dwiutami.hakim,wiwin.dwiutami.hakim
Halodoc - B2B - Jabodetabek,2573,22,543,active,Aceh West,"2025-05-10 10:33:15","2025-05-10 10:33:15",wiwin.dwiutami.hakim,wiwin.dwiutami.hakim
Halodoc - B2B - Jabodetabek,2574,22,544,active,Purworejo South,"2025-05-10 10:33:15","2025-05-10 10:33:15",wiwin.dwiutami.hakim,wiwin.dwiutami.hakim
Halodoc - B2B - Jabodetabek,2575,22,545,active,Kuningan Kabupaten,"2025-05-10 10:33:15","2025-05-10 10:33:15",wiwin.dwiutami.hakim,wiwin.dwiutami.hakim
Halodoc - B2B - Jabodetabek,2576,22,546,active,Banyumas,"2025-05-10 10:33:15","2025-05-10 10:33:15",wiwin.dwiutami.hakim,wiwin.dwiutami.hakim
Halodoc - B2B - Jabodetabek,2577,22,547,active,Purbalingga North,"2025-05-10 10:33:15","2025-05-10 10:33:15",wiwin.dwiutami.hakim,wiwin.dwiutami.hakim
Halodoc - B2B - Jabodetabek,2578,22,548,active,Majenang,"2025-05-10 10:33:15","2025-05-10 10:33:15",wiwin.dwiutami.hakim,wiwin.dwiutami.hakim
Halodoc - B2B - Jabodetabek,2579,22,549,active,Jember West,"2025-05-10 10:33:15","2025-05-10 10:33:15",wiwin.dwiutami.hakim,wiwin.dwiutami.hakim
Halodoc - B2B - Jabodetabek,2580,22,550,active,Barito North,"2025-05-10 10:33:15","2025-05-10 10:33:15",wiwin.dwiutami.hakim,wiwin.dwiutami.hakim
Halodoc - B2B - Jabodetabek,2581,22,551,active,Kotabaru,"2025-05-10 10:33:15","2025-05-10 10:33:15",wiwin.dwiutami.hakim,wiwin.dwiutami.hakim
Halodoc - B2B - Jabodetabek,2582,22,552,active,Dumai,"2025-05-10 10:33:15","2025-05-10 10:33:15",wiwin.dwiutami.hakim,wiwin.dwiutami.hakim
Halodoc - B2B - Jabodetabek,2583,22,553,active,Siak,"2025-05-10 10:33:15","2025-05-10 10:33:15",wiwin.dwiutami.hakim,wiwin.dwiutami.hakim
Halodoc - B2B - Jabodetabek,2584,22,554,active,Kampar West,"2025-05-10 10:33:15","2025-05-10 10:33:15",wiwin.dwiutami.hakim,wiwin.dwiutami.hakim
Halodoc - B2B - Jabodetabek,2585,22,555,active,Rokan Hilir North,"2025-05-10 10:33:15","2025-05-10 10:33:15",wiwin.dwiutami.hakim,wiwin.dwiutami.hakim
Halodoc - B2B - Jabodetabek,2586,22,556,active,Kuantan Singingi,"2025-05-10 10:33:15","2025-05-10 10:33:15",wiwin.dwiutami.hakim,wiwin.dwiutami.hakim
Halodoc - B2B - Jabodetabek,2587,22,557,active,Serang Central,"2025-05-10 10:33:15","2025-05-10 10:33:15",wiwin.dwiutami.hakim,wiwin.dwiutami.hakim
Halodoc - B2B - Jabodetabek,2588,22,558,active,Bengkulu Central,"2025-05-10 10:33:15","2025-05-10 10:33:15",wiwin.dwiutami.hakim,wiwin.dwiutami.hakim
Halodoc - B2B - Jabodetabek,2589,22,559,active,Seluma,"2025-05-10 10:33:15","2025-05-10 10:33:15",wiwin.dwiutami.hakim,wiwin.dwiutami.hakim
Halodoc - B2B - Jabodetabek,2590,22,560,active,Kepahiang,"2025-05-10 10:33:15","2025-05-10 10:33:15",wiwin.dwiutami.hakim,wiwin.dwiutami.hakim
Halodoc - B2B - Jabodetabek,2591,22,561,active,Rajeng Lebong,"2025-05-10 10:33:15","2025-05-10 10:33:15",wiwin.dwiutami.hakim,wiwin.dwiutami.hakim
Halodoc - B2B - Jabodetabek,2592,22,562,active,Bengkulu Kabupaten North,"2025-05-10 10:33:15","2025-05-10 10:33:15",wiwin.dwiutami.hakim,wiwin.dwiutami.hakim
Halodoc - B2B - Jabodetabek,2593,22,563,active,Bengkulu South,"2025-05-10 10:33:15","2025-05-10 10:33:15",wiwin.dwiutami.hakim,wiwin.dwiutami.hakim
Halodoc - B2B - Jabodetabek,2594,22,564,active,Muko Muko,"2025-05-10 10:33:15","2025-05-10 10:33:15",wiwin.dwiutami.hakim,wiwin.dwiutami.hakim
Halodoc - B2B - Jabodetabek,2595,22,565,active,Kabupaten Muara Enim,"2025-05-10 10:33:15","2025-05-10 10:33:15",wiwin.dwiutami.hakim,wiwin.dwiutami.hakim
Halodoc - B2B - Jabodetabek,2596,22,566,active,Lampung West,"2025-05-10 10:33:15","2025-05-10 10:33:15",wiwin.dwiutami.hakim,wiwin.dwiutami.hakim
Halodoc - B2B - Jabodetabek,2597,22,567,active,Way Kanan,"2025-05-10 10:33:15","2025-05-10 10:33:15",wiwin.dwiutami.hakim,wiwin.dwiutami.hakim
Halodoc - B2B - Jabodetabek,2598,22,568,active,Pesawaran,"2025-05-10 10:33:15","2025-05-10 10:33:15",wiwin.dwiutami.hakim,wiwin.dwiutami.hakim
Halodoc - B2B - Jabodetabek,2599,22,569,active,Garut North,"2025-05-10 10:33:15","2025-05-10 10:33:15",wiwin.dwiutami.hakim,wiwin.dwiutami.hakim
Halodoc - B2B - Jabodetabek,2600,22,570,active,Majalengka South,"2025-05-10 10:33:15","2025-05-10 10:33:15",wiwin.dwiutami.hakim,wiwin.dwiutami.hakim
Halodoc - B2B - Jabodetabek,2601,22,571,active,Boyolali North,"2025-05-10 10:33:15","2025-05-10 10:33:15",wiwin.dwiutami.hakim,wiwin.dwiutami.hakim
Halodoc - B2B - Jabodetabek,2602,22,572,active,Purbalingga East,"2025-05-10 10:33:15","2025-05-10 10:33:15",wiwin.dwiutami.hakim,wiwin.dwiutami.hakim
Halodoc - B2B - Jabodetabek,2603,22,573,active,Ngawi West,"2025-05-10 10:33:15","2025-05-10 10:33:15",wiwin.dwiutami.hakim,wiwin.dwiutami.hakim
Halodoc - B2B - Jabodetabek,2604,22,574,active,Ngawi East,"2025-05-10 10:33:15","2025-05-10 10:33:15",wiwin.dwiutami.hakim,wiwin.dwiutami.hakim
Halodoc - B2B - Jabodetabek,2605,22,575,active,Situbondo West,"2025-05-10 10:33:15","2025-05-10 10:33:15",wiwin.dwiutami.hakim,wiwin.dwiutami.hakim
Halodoc - B2B - Jabodetabek,2606,22,576,active,Gianyar North,"2025-05-10 10:33:15","2025-05-10 10:33:15",wiwin.dwiutami.hakim,wiwin.dwiutami.hakim
Halodoc - B2B - Jabodetabek,2607,22,577,active,Karangasem Central,"2025-05-10 10:33:15","2025-05-10 10:33:15",wiwin.dwiutami.hakim,wiwin.dwiutami.hakim
Halodoc - B2B - Jabodetabek,2608,22,578,active,Sragen Kabupaten,"2025-05-10 10:33:15","2025-05-10 10:33:15",wiwin.dwiutami.hakim,wiwin.dwiutami.hakim
Halodoc - B2B - Jabodetabek,2609,22,579,active,Indragiri Hulu,"2025-05-10 10:33:15","2025-05-10 10:33:15",wiwin.dwiutami.hakim,wiwin.dwiutami.hakim
Halodoc - B2B - Jabodetabek,2610,22,580,active,Kerinci Kabupaten,"2025-05-10 10:33:15","2025-05-10 10:33:15",wiwin.dwiutami.hakim,wiwin.dwiutami.hakim
Halodoc - B2B - Jabodetabek,2611,22,581,active,Pandeglang South,"2025-05-10 10:33:15","2025-05-10 10:33:15",wiwin.dwiutami.hakim,wiwin.dwiutami.hakim
Halodoc - B2B - Jabodetabek,2612,22,582,active,Kefamenanu,"2025-05-10 10:33:15","2025-05-10 10:33:15",wiwin.dwiutami.hakim,wiwin.dwiutami.hakim
Halodoc - B2B - Jabodetabek,2613,22,583,active,Lombok North,"2025-05-10 10:33:15","2025-05-10 10:33:15",wiwin.dwiutami.hakim,wiwin.dwiutami.hakim
Halodoc - B2B - Jabodetabek,2614,22,584,active,Lombok Kabupaten West,"2025-05-10 10:33:15","2025-05-10 10:33:15",wiwin.dwiutami.hakim,wiwin.dwiutami.hakim
Halodoc - B2B - Jabodetabek,2615,22,585,active,Magetan West,"2025-05-10 10:33:15","2025-05-10 10:33:15",wiwin.dwiutami.hakim,wiwin.dwiutami.hakim
Halodoc - B2B - Jabodetabek,2616,22,586,active,Rembang North,"2025-05-10 10:33:15","2025-05-10 10:33:15",wiwin.dwiutami.hakim,wiwin.dwiutami.hakim
Halodoc - B2B - Jabodetabek,2617,22,587,active,Blitar South,"2025-05-10 10:33:15","2025-05-10 10:33:15",wiwin.dwiutami.hakim,wiwin.dwiutami.hakim
Halodoc - B2B - Jabodetabek,2618,22,588,active,Bojonegoro South,"2025-05-10 10:33:15","2025-05-10 10:33:15",wiwin.dwiutami.hakim,wiwin.dwiutami.hakim
Halodoc - B2B - Jabodetabek,2619,22,589,active,Sragen North,"2025-05-10 10:33:15","2025-05-10 10:33:15",wiwin.dwiutami.hakim,wiwin.dwiutami.hakim
Halodoc - B2B - Jabodetabek,2620,22,590,active,Banyuwangi North,"2025-05-10 10:33:15","2025-05-10 10:33:15",wiwin.dwiutami.hakim,wiwin.dwiutami.hakim
Halodoc - B2B - Jabodetabek,2621,22,591,active,Lamongan South,"2025-05-10 10:33:15","2025-05-10 10:33:15",wiwin.dwiutami.hakim,wiwin.dwiutami.hakim
Halodoc - B2B - Jabodetabek,2622,22,592,active,Kendal Kabupaten,"2025-05-10 10:33:15","2025-05-10 10:33:15",wiwin.dwiutami.hakim,wiwin.dwiutami.hakim
Halodoc - B2B - Jabodetabek,2623,22,593,active,Pesisir West,"2025-05-10 10:33:15","2025-05-10 10:33:15",wiwin.dwiutami.hakim,wiwin.dwiutami.hakim
Halodoc - B2B - Jabodetabek,2624,22,594,active,Martapura,"2025-05-10 10:33:15","2025-05-10 10:33:15",wiwin.dwiutami.hakim,wiwin.dwiutami.hakim
Halodoc - B2B - Jabodetabek,2625,22,595,active,Kulon Progo North,"2025-05-10 10:33:15","2025-05-10 10:33:15",wiwin.dwiutami.hakim,wiwin.dwiutami.hakim
Halodoc - B2B - Jabodetabek,2626,22,596,active,Grobogan South,"2025-05-10 10:33:15","2025-05-10 10:33:15",wiwin.dwiutami.hakim,wiwin.dwiutami.hakim
Halodoc - B2B - Jabodetabek,2627,22,597,active,Seruyan,"2025-05-10 10:33:15","2025-05-10 10:33:15",wiwin.dwiutami.hakim,wiwin.dwiutami.hakim
Halodoc - B2B - Jabodetabek,2628,22,598,active,Padang Pariaman North,"2025-05-10 10:33:15","2025-05-10 10:33:15",wiwin.dwiutami.hakim,wiwin.dwiutami.hakim
Halodoc - B2B - Jabodetabek,2629,22,599,active,Murung Raya,"2025-05-10 10:33:15","2025-05-10 10:33:15",wiwin.dwiutami.hakim,wiwin.dwiutami.hakim
Halodoc - B2B - Jabodetabek,2630,22,600,active,Kotabaru Kabupaten,"2025-05-10 10:33:15","2025-05-10 10:33:15",wiwin.dwiutami.hakim,wiwin.dwiutami.hakim
Halodoc - B2B - Jabodetabek,2631,22,601,active,Pulang Pisau,"2025-05-10 10:33:15","2025-05-10 10:33:15",wiwin.dwiutami.hakim,wiwin.dwiutami.hakim
Halodoc - B2B - Jabodetabek,2632,22,602,active,Bengkalis Kabupaten,"2025-05-10 10:33:15","2025-05-10 10:33:15",wiwin.dwiutami.hakim,wiwin.dwiutami.hakim
Halodoc - B2B - Jabodetabek,2633,22,603,active,Pati South,"2025-05-10 10:33:15","2025-05-10 10:33:15",wiwin.dwiutami.hakim,wiwin.dwiutami.hakim
Halodoc - B2B - Jabodetabek,2634,22,604,active,Sumbawa,"2025-05-10 10:33:15","2025-05-10 10:33:15",wiwin.dwiutami.hakim,wiwin.dwiutami.hakim
Halodoc - B2B - Jabodetabek,2635,22,605,active,Rembang South,"2025-05-10 10:33:15","2025-05-10 10:33:15",wiwin.dwiutami.hakim,wiwin.dwiutami.hakim
Halodoc - B2B - Jabodetabek,2636,22,606,active,Lebak,"2025-05-10 10:33:15","2025-05-10 10:33:15",wiwin.dwiutami.hakim,wiwin.dwiutami.hakim
Halodoc - B2B - Jabodetabek,2637,22,607,active,Sumbawa West,"2025-05-10 10:33:15","2025-05-10 10:33:15",wiwin.dwiutami.hakim,wiwin.dwiutami.hakim
Halodoc - B2B - Jabodetabek,2638,22,608,active,Kepulauan Meranti,"2025-05-10 10:33:15","2025-05-10 10:33:15",wiwin.dwiutami.hakim,wiwin.dwiutami.hakim
Halodoc - B2B - Jabodetabek,2639,22,609,active,Kaur,"2025-05-10 10:33:15","2025-05-10 10:33:15",wiwin.dwiutami.hakim,wiwin.dwiutami.hakim
Halodoc - B2B - Jabodetabek,2640,22,610,active,Bima,"2025-05-10 10:33:15","2025-05-10 10:33:15",wiwin.dwiutami.hakim,wiwin.dwiutami.hakim
Halodoc - B2B - Jabodetabek,2641,22,611,active,Timor Tengah South,"2025-05-10 10:33:15","2025-05-10 10:33:15",wiwin.dwiutami.hakim,wiwin.dwiutami.hakim
Halodoc - B2B - Jabodetabek,2642,22,612,active,Lebong Kabupaten,"2025-05-10 10:33:15","2025-05-10 10:33:15",wiwin.dwiutami.hakim,wiwin.dwiutami.hakim
Halodoc - B2B - Jabodetabek,2643,22,613,active,Flores East,"2025-05-10 10:33:15","2025-05-10 10:33:15",wiwin.dwiutami.hakim,wiwin.dwiutami.hakim
Halodoc - B2B - Jabodetabek,2644,22,614,active,Dompu,"2025-05-10 10:33:15","2025-05-10 10:33:15",wiwin.dwiutami.hakim,wiwin.dwiutami.hakim
Halodoc - B2B - Jabodetabek,2645,22,615,active,Bima Kabupaten,"2025-05-10 10:33:15","2025-05-10 10:33:15",wiwin.dwiutami.hakim,wiwin.dwiutami.hakim
Halodoc - B2B - Jabodetabek,2646,22,616,active,Ende,"2025-05-10 10:33:15","2025-05-10 10:33:15",wiwin.dwiutami.hakim,wiwin.dwiutami.hakim
Halodoc - B2B - Jabodetabek,2647,22,617,active,Manggarai,"2025-05-10 10:33:15","2025-05-10 10:33:15",wiwin.dwiutami.hakim,wiwin.dwiutami.hakim
Halodoc - B2B - Jabodetabek,2648,22,618,active,Bulungan,"2025-05-10 10:33:15","2025-05-10 10:33:15",wiwin.dwiutami.hakim,wiwin.dwiutami.hakim
Halodoc - B2B - Jabodetabek,2649,22,619,active,Kolaka East,"2025-05-10 10:33:15","2025-05-10 10:33:15",wiwin.dwiutami.hakim,wiwin.dwiutami.hakim
Halodoc - B2B - Jabodetabek,2650,22,620,active,Bombana,"2025-05-10 10:33:15","2025-05-10 10:33:15",wiwin.dwiutami.hakim,wiwin.dwiutami.hakim
Halodoc - B2B - Jabodetabek,2651,22,621,active,Cianjur South,"2025-05-10 10:33:15","2025-05-10 10:33:15",wiwin.dwiutami.hakim,wiwin.dwiutami.hakim
Halodoc - B2B - Jabodetabek,2652,22,622,active,Penukal Abab Pematang Ilir,"2025-05-10 10:33:15","2025-05-10 10:33:15",wiwin.dwiutami.hakim,wiwin.dwiutami.hakim
Halodoc - B2B - Jabodetabek,2653,22,623,active,Blora East,"2025-05-10 10:33:15","2025-05-10 10:33:15",wiwin.dwiutami.hakim,wiwin.dwiutami.hakim
Halodoc - B2B - Jabodetabek,2654,22,624,active,Belu,"2025-05-10 10:33:15","2025-05-10 10:33:15",wiwin.dwiutami.hakim,wiwin.dwiutami.hakim
Halodoc - B2B - Jabodetabek,2655,22,625,active,Buleleng Kabupaten,"2025-05-10 10:33:15","2025-05-10 10:33:15",wiwin.dwiutami.hakim,wiwin.dwiutami.hakim
Halodoc - B2B - Jabodetabek,2656,22,629,active,Sikka,"2025-05-10 10:33:15","2025-05-10 10:33:15",wiwin.dwiutami.hakim,wiwin.dwiutami.hakim
Halodoc - B2B - Jabodetabek,2657,22,630,active,Malinau,"2025-05-10 10:33:15","2025-05-10 10:33:15",wiwin.dwiutami.hakim,wiwin.dwiutami.hakim
Halodoc - B2B - Jabodetabek,2658,22,631,active,Donggala,"2025-05-10 10:33:15","2025-05-10 10:33:15",wiwin.dwiutami.hakim,wiwin.dwiutami.hakim
Halodoc - B2B - Jabodetabek,2659,22,632,active,Gunung Mas,"2025-05-10 10:33:15","2025-05-10 10:33:15",wiwin.dwiutami.hakim,wiwin.dwiutami.hakim
Halodoc - B2B - Jabodetabek,2660,22,633,active,Bekasi North New,"2025-05-10 10:33:15","2025-05-10 10:33:15",wiwin.dwiutami.hakim,wiwin.dwiutami.hakim
Halodoc - B2B - Jabodetabek,2661,22,634,active,Bangli North,"2025-05-10 10:33:15","2025-05-10 10:33:15",wiwin.dwiutami.hakim,wiwin.dwiutami.hakim
Halodoc - B2B - Jabodetabek,2662,22,635,active,Bolaang Mongondow East,"2025-05-10 10:33:15","2025-05-10 10:33:15",wiwin.dwiutami.hakim,wiwin.dwiutami.hakim
Halodoc - B2B - Jabodetabek,2663,22,636,active,Sumba East,"2025-05-10 10:33:15","2025-05-10 10:33:15",wiwin.dwiutami.hakim,wiwin.dwiutami.hakim
Halodoc - B2B - Jabodetabek,2664,22,637,active,Manggarai Kabupaten West,"2025-05-10 10:33:15","2025-05-10 10:33:15",wiwin.dwiutami.hakim,wiwin.dwiutami.hakim
Halodoc - B2B - Jabodetabek,2665,22,638,active,Lebak South,"2025-05-10 10:33:15","2025-05-10 10:33:15",wiwin.dwiutami.hakim,wiwin.dwiutami.hakim
Halodoc - B2B - Jabodetabek,2666,22,639,active,Sumba West,"2025-05-10 10:33:15","2025-05-10 10:33:15",wiwin.dwiutami.hakim,wiwin.dwiutami.hakim
Halodoc - B2B - Jabodetabek,2667,22,640,active,Wakatobi,"2025-05-10 10:33:15","2025-05-10 10:33:15",wiwin.dwiutami.hakim,wiwin.dwiutami.hakim
Halodoc - B2B - Jabodetabek,2668,22,641,active,Halmahera West,"2025-05-10 10:33:15","2025-05-10 10:33:15",wiwin.dwiutami.hakim,wiwin.dwiutami.hakim
Halodoc - B2B - Jabodetabek,2669,22,642,active,Halmahera North,"2025-05-10 10:33:15","2025-05-10 10:33:15",wiwin.dwiutami.hakim,wiwin.dwiutami.hakim
Halodoc - B2B - Jabodetabek,2670,22,643,active,Tidore,"2025-05-10 10:33:15","2025-05-10 10:33:15",wiwin.dwiutami.hakim,wiwin.dwiutami.hakim
Halodoc - B2B - Jabodetabek,2671,22,644,active,Jember East,"2025-05-10 10:33:15","2025-05-10 10:33:15",wiwin.dwiutami.hakim,wiwin.dwiutami.hakim
Halodoc - B2B - Jabodetabek,2672,22,645,active,Ngada,"2025-05-10 10:33:15","2025-05-10 10:33:15",wiwin.dwiutami.hakim,wiwin.dwiutami.hakim
Halodoc - B2B - Jabodetabek,2673,22,646,active,Lembata,"2025-05-10 10:33:15","2025-05-10 10:33:15",wiwin.dwiutami.hakim,wiwin.dwiutami.hakim
Halodoc - B2B - Jabodetabek,2674,22,647,active,Bone Bolango,"2025-05-10 10:33:15","2025-05-10 10:33:15",wiwin.dwiutami.hakim,wiwin.dwiutami.hakim
Halodoc - B2B - Jabodetabek,2675,22,648,active,Tabanan Kabupaten,"2025-05-10 10:33:15","2025-05-10 10:33:15",wiwin.dwiutami.hakim,wiwin.dwiutami.hakim
Halodoc - B2B - Jabodetabek,2676,22,660,active,Untitled polygon,"2025-05-10 10:33:15","2025-05-10 10:33:15",wiwin.dwiutami.hakim,wiwin.dwiutami.hakim
Halodoc - B2B - Jabodetabek,2677,22,663,active,Halomedika Rancasari,"2025-05-10 10:33:15","2025-05-10 10:33:15",wiwin.dwiutami.hakim,wiwin.dwiutami.hakim
Halodoc - B2B - Jabodetabek,2678,22,665,active,Intibios Bandung,"2025-05-10 10:33:15","2025-05-10 10:33:15",wiwin.dwiutami.hakim,wiwin.dwiutami.hakim
Halodoc - B2B - Jabodetabek,2679,22,666,active,Partner Clinic Intibios Bandung,"2025-05-10 10:33:15","2025-05-10 10:33:15",wiwin.dwiutami.hakim,wiwin.dwiutami.hakim
Halodoc - B2B - Jabodetabek,2680,22,667,active,Apt. Halomedika Rancasari,"2025-05-10 10:33:15","2025-05-10 10:33:15",wiwin.dwiutami.hakim,wiwin.dwiutami.hakim
Halodoc - B2B - Jabodetabek,2681,22,670,active,Kuta Selatan,"2025-05-10 10:33:15","2025-05-10 10:33:15",wiwin.dwiutami.hakim,wiwin.dwiutami.hakim
Halodoc - B2B - Jabodetabek,2682,22,671,active,Kuta,"2025-05-10 10:33:15","2025-05-10 10:33:15",wiwin.dwiutami.hakim,wiwin.dwiutami.hakim
Halodoc - B2B - Jabodetabek,2683,22,672,active,Denpasar Barat,"2025-05-10 10:33:15","2025-05-10 10:33:15",wiwin.dwiutami.hakim,wiwin.dwiutami.hakim
Halodoc - B2B - Jabodetabek,2684,22,673,active,Denpasar Timur,"2025-05-10 10:33:15","2025-05-10 10:33:15",wiwin.dwiutami.hakim,wiwin.dwiutami.hakim
Halodoc - B2B - Jabodetabek,2685,22,674,active,Denpasar Selatan,"2025-05-10 10:33:15","2025-05-10 10:33:15",wiwin.dwiutami.hakim,wiwin.dwiutami.hakim
Halodoc - B2B - Jabodetabek,2686,22,675,active,Sleman,"2025-05-10 10:33:15","2025-05-10 10:33:15",wiwin.dwiutami.hakim,wiwin.dwiutami.hakim
Halodoc - B2B - Jabodetabek,2687,22,677,active,Karawang Extended,"2025-05-10 10:33:15","2025-05-10 10:33:15",wiwin.dwiutami.hakim,wiwin.dwiutami.hakim
Halodoc - B2B - Medan,1371,23,374,active,Sumedang East,"2024-11-29 09:06:22","2024-11-29 09:06:22",wiwin.dwiutami.hakim,wiwin.dwiutami.hakim
Halodoc - B2B - Medan,1372,23,215,active,Sumedang,"2024-11-29 09:06:22","2024-11-29 09:06:22",wiwin.dwiutami.hakim,wiwin.dwiutami.hakim
Halodoc - B2B - Medan,1373,23,375,active,Sumedang West,"2024-11-29 09:06:22","2024-11-29 09:06:22",wiwin.dwiutami.hakim,wiwin.dwiutami.hakim
Halodoc - B2B - Medan,1374,23,47,active,Medan South,"2024-11-29 09:06:22","2024-11-29 09:06:22",wiwin.dwiutami.hakim,wiwin.dwiutami.hakim
Halodoc - B2B - Medan,1375,23,48,active,Medan Central,"2024-11-29 09:06:22","2024-11-29 09:06:22",wiwin.dwiutami.hakim,wiwin.dwiutami.hakim
Halodoc - B2B - Medan,1376,23,49,active,Medan North,"2024-11-29 09:06:22","2024-11-29 09:06:22",wiwin.dwiutami.hakim,wiwin.dwiutami.hakim
Halodoc - B2B - Semarang,71,20,28,active,Semarang South East,"2024-07-05 09:41:47","2024-07-05 09:41:47",wiwin.dwiutami.hakim,wiwin.dwiutami.hakim
Halodoc - B2B - Semarang,72,20,29,active,Semarang South West,"2024-07-05 09:41:47","2024-07-05 09:41:47",wiwin.dwiutami.hakim,wiwin.dwiutami.hakim
Halodoc - B2B - Semarang,73,20,30,active,Semarang Central,"2024-07-05 09:41:47","2024-07-05 09:41:47",wiwin.dwiutami.hakim,wiwin.dwiutami.hakim
Halodoc - B2B - Semarang,74,20,31,active,Semarang East,"2024-07-05 09:41:47","2024-07-05 09:41:47",wiwin.dwiutami.hakim,wiwin.dwiutami.hakim
Halodoc - B2B - Semarang,75,20,32,active,Semarang North,"2024-07-05 09:41:47","2024-07-05 09:41:47",wiwin.dwiutami.hakim,wiwin.dwiutami.hakim
Halodoc - B2B - Surabaya,1300,21,37,active,Malang North,"2024-07-07 09:58:43","2024-07-07 09:58:44",wiwin.dwiutami.hakim,wiwin.dwiutami.hakim
Halodoc - B2B - Surabaya,1301,21,38,active,Malang - Batu,"2024-07-07 09:58:43","2024-07-07 09:58:44",wiwin.dwiutami.hakim,wiwin.dwiutami.hakim
Halodoc - B2B - Surabaya,1302,21,22,active,Surabaya West,"2024-07-07 09:58:43","2024-07-07 09:58:44",wiwin.dwiutami.hakim,wiwin.dwiutami.hakim
Halodoc - B2B - Surabaya,1303,21,23,active,Surabaya North,"2024-07-07 09:58:43","2024-07-07 09:58:44",wiwin.dwiutami.hakim,wiwin.dwiutami.hakim
Halodoc - B2B - Surabaya,1304,21,151,active,Malang Kabupaten North,"2024-07-07 09:58:43","2024-07-07 09:58:44",wiwin.dwiutami.hakim,wiwin.dwiutami.hakim
Halodoc - B2B - Surabaya,1305,21,24,active,Surabaya South,"2024-07-07 09:58:43","2024-07-07 09:58:44",wiwin.dwiutami.hakim,wiwin.dwiutami.hakim
Halodoc - B2B - Surabaya,1306,21,107,active,Malang Kabupaten West,"2024-07-07 09:58:43","2024-07-07 09:58:44",wiwin.dwiutami.hakim,wiwin.dwiutami.hakim
Halodoc - B2B - Surabaya,1307,21,108,active,Malang Kabupaten East,"2024-07-07 09:58:43","2024-07-07 09:58:44",wiwin.dwiutami.hakim,wiwin.dwiutami.hakim
Halodoc - B2B - Surabaya,1308,21,191,active,Surabaya East,"2024-07-07 09:58:43","2024-07-07 09:58:44",wiwin.dwiutami.hakim,wiwin.dwiutami.hakim
Halodoc - B2B - Surabaya,1309,21,180,active,Malang Kabupaten South,"2024-07-07 09:58:43","2024-07-07 09:58:44",wiwin.dwiutami.hakim,wiwin.dwiutami.hakim
Halodoc - B2B - Surabaya,1310,21,36,active,Malang South,"2024-07-07 09:58:43","2024-07-07 09:58:44",wiwin.dwiutami.hakim,wiwin.dwiutami.hakim
Halodoc Home Care Bali Badung,1408,29,33,inactive,Bali Kuta South,"2025-01-09 15:26:52","2025-01-10 18:19:28",wiwin.dwiutami.hakim,wiwin.dwiutami.hakim
Halodoc Home Care Bali Badung,1409,29,670,active,Kuta Selatan,"2025-01-10 18:19:28","2025-01-10 18:19:28",wiwin.dwiutami.hakim,wiwin.dwiutami.hakim
Halodoc Home Care Bali Badung,1410,29,671,active,Kuta,"2025-01-10 18:21:14","2025-01-10 18:21:14",wiwin.dwiutami.hakim,wiwin.dwiutami.hakim
Halodoc Home Care Bali INTIBIOS,53,17,35,active,Bali Denpasar,"2024-04-24 12:21:11","2024-04-24 12:21:11",wiwin.dwiutami.hakim,wiwin.dwiutami.hakim
Halodoc Home Care Bali INTIBIOS,54,17,33,active,Bali Kuta South,"2024-04-24 12:36:01","2024-04-24 12:36:01",wiwin.dwiutami.hakim,wiwin.dwiutami.hakim
Halodoc Home Care Bali INTIBIOS,55,17,34,active,Bali Kuta North,"2024-04-24 12:36:01","2024-04-24 12:36:01",wiwin.dwiutami.hakim,wiwin.dwiutami.hakim
Halodoc Home Care Bali TMC,1406,27,33,active,Bali Kuta South,"2025-01-09 09:47:59","2025-02-18 09:44:03",wiwin.dwiutami.hakim,wiwin.dwiutami.hakim
Halodoc Home Care Bali TMC,1411,27,672,inactive,Denpasar Barat,"2025-01-10 18:21:49","2025-02-18 09:42:56",wiwin.dwiutami.hakim,wiwin.dwiutami.hakim
Halodoc Home Care Bali TMC,1412,27,673,inactive,Denpasar Timur,"2025-01-10 18:22:15","2025-02-18 09:42:56",wiwin.dwiutami.hakim,wiwin.dwiutami.hakim
Halodoc Home Care Bali TMC,1413,27,674,inactive,Denpasar Selatan,"2025-01-10 18:22:47","2025-02-18 09:42:56",wiwin.dwiutami.hakim,wiwin.dwiutami.hakim
Halodoc Home Care Bali TMC,1427,27,34,active,Bali Kuta North,"2025-02-18 09:44:03","2025-02-18 09:44:03",wiwin.dwiutami.hakim,wiwin.dwiutami.hakim
Halodoc Home Care Bali TMC,1428,27,35,active,Bali Denpasar,"2025-02-18 09:44:03","2025-02-18 09:44:03",wiwin.dwiutami.hakim,wiwin.dwiutami.hakim
Halodoc Home Care Balikpapan TMC,1457,41,53,active,Balikpapan South,"2025-04-28 14:25:12","2025-04-28 14:25:13",wiwin.dwiutami.hakim,wiwin.dwiutami.hakim
Halodoc Home Care Balikpapan TMC,1458,41,379,active,Balikpapan East,"2025-04-28 14:25:12","2025-04-28 14:25:13",wiwin.dwiutami.hakim,wiwin.dwiutami.hakim
Halodoc Home Care Balikpapan TMC,1459,41,52,active,Balikpapan North,"2025-04-28 14:25:12","2025-04-28 14:25:13",wiwin.dwiutami.hakim,wiwin.dwiutami.hakim
Halodoc Home Care Bandung,16,3,5,inactive,Tangerang North,"2023-08-09 13:10:11","2024-02-22 11:36:48",wiwin.dwiutami.hakim,wiwin.dwiutami.hakim
Halodoc Home Care Bandung,17,3,6,inactive,Tangerang South,"2023-08-09 13:10:11","2024-02-22 11:36:48",wiwin.dwiutami.hakim,wiwin.dwiutami.hakim
Halodoc Home Care Bandung,18,3,65,inactive,Tangerang Rural,"2023-08-09 13:10:11","2024-02-22 11:36:48",wiwin.dwiutami.hakim,wiwin.dwiutami.hakim
Halodoc Home Care Bandung,25,3,251,inactive,Bandung West,"2024-02-22 11:36:48","2024-12-26 09:38:24",wiwin.dwiutami.hakim,wiwin.dwiutami.hakim
Halodoc Home Care Bandung,26,3,66,inactive,Bandung East,"2024-02-22 11:36:48","2024-12-18 15:07:54",wiwin.dwiutami.hakim,m.safwan.aji
Halodoc Home Care Bandung,27,3,18,inactive,Bandung North,"2024-02-22 11:36:48","2024-12-26 09:38:24",wiwin.dwiutami.hakim,wiwin.dwiutami.hakim
Halodoc Home Care Bandung,28,3,19,inactive,Bandung South,"2024-02-22 11:36:48","2024-12-24 15:43:52",wiwin.dwiutami.hakim,wiwin.dwiutami.hakim
Halodoc Home Care Bandung,40,3,27,inactive,Bandung - Padalarang,"2024-03-20 13:07:11","2024-12-26 09:38:24",audhy.prabowo,wiwin.dwiutami.hakim
Halodoc Home Care Bandung,41,3,20,inactive,Bandung - Cimahi,"2024-03-20 13:07:11","2024-12-26 09:38:24",audhy.prabowo,wiwin.dwiutami.hakim
Halodoc Home Care Bandung,1380,3,664,inactive,Intibios Bandung,"2024-12-18 13:35:38","2024-12-18 14:17:23",wiwin.dwiutami.hakim,m.safwan.aji
Halodoc Home Care Bandung,1382,3,663,inactive,Halomedika Rancasari,"2024-12-18 13:50:28","2024-12-18 15:27:31",wiwin.dwiutami.hakim,m.safwan.aji
Halodoc Home Care Bandung,1388,3,665,inactive,Intibios Bandung,"2024-12-18 14:18:38","2024-12-18 15:18:26",m.safwan.aji,m.safwan.aji
Halodoc Home Care Bandung,1390,3,67,inactive,Bandung Kabupaten,"2024-12-18 15:00:17","2024-12-26 09:38:24",m.safwan.aji,wiwin.dwiutami.hakim
Halodoc Home Care Bandung,1392,3,666,active,Partner Clinic Intibios Bandung,"2024-12-18 15:26:37","2024-12-26 09:38:24",wiwin.dwiutami.hakim,wiwin.dwiutami.hakim
Halodoc Home Care Bandung,1399,3,116,inactive,Bandung Kabupaten South,"2024-12-24 15:13:25","2024-12-24 16:16:09",wiwin.dwiutami.hakim,wiwin.dwiutami.hakim
Halodoc Home Care Bandung,1400,3,372,inactive,Bandung Kabupaten West,"2024-12-24 15:13:25","2024-12-26 09:38:24",wiwin.dwiutami.hakim,wiwin.dwiutami.hakim
Halodoc Home Care Bandung DPM,2688,45,18,active,Bandung North,"2025-07-02 11:24:42","2025-07-02 11:24:42",wiwin.dwiutami.hakim,wiwin.dwiutami.hakim
Halodoc Home Care Bandung DPM,2689,45,27,active,Bandung - Padalarang,"2025-07-02 11:35:55","2025-07-02 11:35:55",wiwin.dwiutami.hakim,wiwin.dwiutami.hakim
Halodoc Home Care Bandung DPM,2690,45,19,active,Bandung South,"2025-07-02 11:35:55","2025-07-02 11:35:55",wiwin.dwiutami.hakim,wiwin.dwiutami.hakim
Halodoc Home Care Bandung DPM,2691,45,20,active,Bandung - Cimahi,"2025-07-02 11:35:55","2025-07-02 11:35:55",wiwin.dwiutami.hakim,wiwin.dwiutami.hakim
Halodoc Home Care Bandung new,1420,31,18,active,Bandung North,"2025-01-16 16:31:58","2025-01-16 16:31:58",wiwin.dwiutami.hakim,wiwin.dwiutami.hakim
Halodoc Home Care Bandung PD,1377,24,18,inactive,Bandung North,"2024-12-18 12:54:32","2024-12-18 13:32:43",wiwin.dwiutami.hakim,wiwin.dwiutami.hakim
Halodoc Home Care Bandung PD,1378,24,663,inactive,Halomedika Rancasari,"2024-12-18 13:32:43","2024-12-24 11:23:07",wiwin.dwiutami.hakim,wiwin.dwiutami.hakim
Halodoc Home Care Bandung PD,1384,24,664,inactive,Intibios Bandung,"2024-12-18 13:53:52","2024-12-18 14:05:32",wiwin.dwiutami.hakim,wiwin.dwiutami.hakim
Halodoc Home Care Bandung PD,1386,24,665,inactive,Intibios Bandung,"2024-12-18 14:15:23","2024-12-24 08:02:02",m.safwan.aji,wiwin.dwiutami.hakim
Halodoc Home Care Bandung PD,1395,24,667,active,Apt. Halomedika Rancasari,"2024-12-24 11:23:07","2024-12-26 09:38:13",wiwin.dwiutami.hakim,wiwin.dwiutami.hakim
Halodoc Home Care Bandung PD,1397,24,66,inactive,Bandung East,"2024-12-24 15:12:41","2024-12-26 09:38:13",wiwin.dwiutami.hakim,wiwin.dwiutami.hakim
Halodoc Home Care Bandung PD,1403,24,19,inactive,Bandung South,"2024-12-24 15:43:23","2024-12-26 09:38:13",wiwin.dwiutami.hakim,wiwin.dwiutami.hakim
Halodoc Home Care Bandung TMC,1466,44,66,active,Bandung East,"2025-04-28 14:27:33","2025-04-28 14:27:33",wiwin.dwiutami.hakim,wiwin.dwiutami.hakim
Halodoc Home Care Bandung TMC,1467,44,18,active,Bandung North,"2025-04-28 14:27:33","2025-04-28 14:27:33",wiwin.dwiutami.hakim,wiwin.dwiutami.hakim
Halodoc Home Care Bandung TMC,1468,44,19,active,Bandung South,"2025-04-28 14:27:33","2025-04-28 14:27:33",wiwin.dwiutami.hakim,wiwin.dwiutami.hakim
Halodoc Home Care Bandung TMC,1469,44,251,active,Bandung West,"2025-04-28 14:30:07","2025-04-28 14:30:07",wiwin.dwiutami.hakim,wiwin.dwiutami.hakim
Halodoc Home Care Banjarmasin TMC,1455,40,96,active,Banjarmasin,"2025-04-25 11:31:40","2025-04-25 11:31:40",wiwin.dwiutami.hakim,wiwin.dwiutami.hakim
Halodoc Home Care Bekasi,36,11,11,inactive,Bekasi,"2024-03-15 05:41:13","2024-10-01 14:15:34",audhy.prabowo,wiwin.dwiutami.hakim
Halodoc Home Care Bekasi,39,11,73,inactive,Bekasi Kabupaten North,"2024-03-19 22:41:17","2024-03-30 17:27:54",audhy.prabowo,audhy.prabowo
Halodoc Home Care Bekasi,61,11,633,inactive,Bekasi North New,"2024-05-02 13:17:32","2024-05-02 14:15:17",audhy.prabowo,wiwin.dwiutami.hakim
Halodoc Home Care Bekasi,1331,11,650,inactive,Bekasi City New,"2024-09-26 09:54:21","2024-10-01 10:36:14",priscarine.priscarine,wiwin.dwiutami.hakim
Halodoc Home Care Bekasi,1338,11,655,active,Bekasi City,"2024-10-01 14:15:34","2024-10-01 14:15:34",wiwin.dwiutami.hakim,wiwin.dwiutami.hakim
Halodoc Home Care Bekasi,1349,11,656,active,Bekasi City South,"2024-10-04 10:58:17","2024-10-04 10:58:17",wiwin.dwiutami.hakim,wiwin.dwiutami.hakim
Halodoc Home Care Bekasi,1350,11,658,active,Bekasi City North,"2024-10-04 10:58:17","2024-10-04 10:58:17",wiwin.dwiutami.hakim,wiwin.dwiutami.hakim
Halodoc Home Care Bekasi Utara,48,15,73,inactive,Bekasi Kabupaten North,"2024-04-01 14:38:43","2024-09-26 10:01:35",wiwin.dwiutami.hakim,priscarine.priscarine
Halodoc Home Care Bekasi Utara,62,15,633,inactive,Bekasi North New,"2024-05-03 10:43:27","2024-07-05 17:12:45",wiwin.dwiutami.hakim,wiwin.dwiutami.hakim
Halodoc Home Care Bekasi Utara,1298,15,123,inactive,Bekasi Kabupaten South,"2024-07-05 17:12:44","2024-10-01 14:17:18",wiwin.dwiutami.hakim,wiwin.dwiutami.hakim
Halodoc Home Care Bekasi Utara,1333,15,651,inactive,Bekasi South New,"2024-09-26 09:57:12","2024-10-01 10:36:46",priscarine.priscarine,wiwin.dwiutami.hakim
Halodoc Home Care Bekasi Utara,1335,15,652,inactive,Bekasi North New,"2024-09-26 10:01:34","2024-10-01 14:18:57",priscarine.priscarine,wiwin.dwiutami.hakim
Halodoc Home Care Bekasi Utara,1339,15,656,inactive,Bekasi City South,"2024-10-01 14:17:18","2024-10-04 11:25:38",wiwin.dwiutami.hakim,wiwin.dwiutami.hakim
Halodoc Home Care Bekasi Utara,1341,15,658,inactive,Bekasi City North,"2024-10-01 14:18:57","2024-10-04 11:25:38",wiwin.dwiutami.hakim,wiwin.dwiutami.hakim
Halodoc Home Care Bekasi Utara,1344,15,659,active,Cikarang,"2024-10-04 10:49:20","2024-10-04 10:49:20",wiwin.dwiutami.hakim,wiwin.dwiutami.hakim
Halodoc Home Care Bekasi Utara,1346,15,661,active,Cileungsi,"2024-10-04 10:56:56","2024-10-04 10:56:56",wiwin.dwiutami.hakim,wiwin.dwiutami.hakim
Halodoc Home Care Bogor,37,12,13,inactive,Bogor,"2024-03-15 05:42:06","2024-11-16 14:06:30",audhy.prabowo,dwi.rahmawati
Halodoc Home Care Bogor,1352,12,662,active,Bogor City,"2024-10-04 11:08:14","2024-10-04 11:08:14",wiwin.dwiutami.hakim,wiwin.dwiutami.hakim
Halodoc Home Care Bogor,1353,12,71,inactive,Bogor Kabupaten East,"2024-11-16 14:05:09","2024-11-16 14:06:30",dwi.rahmawati,dwi.rahmawati
Halodoc Home Care Bogor,1354,12,122,inactive,Bogor Kabupaten North,"2024-11-16 14:05:09","2024-11-16 14:06:30",dwi.rahmawati,dwi.rahmawati
Halodoc Home Care Bogor,1355,12,75,inactive,Bogor Kabupaten West,"2024-11-16 14:05:09","2024-11-16 14:06:30",dwi.rahmawati,dwi.rahmawati
Halodoc Home Care Cikande TMC,1442,35,557,active,Serang Central,"2025-04-25 11:27:23","2025-04-25 11:27:24",wiwin.dwiutami.hakim,wiwin.dwiutami.hakim
Halodoc Home Care Cikande TMC,1443,35,83,active,Serang East,"2025-04-25 11:27:23","2025-04-25 11:27:24",wiwin.dwiutami.hakim,wiwin.dwiutami.hakim
Halodoc Home Care Cikande TMC,1444,35,84,active,Serang West,"2025-04-25 11:27:23","2025-04-25 11:27:24",wiwin.dwiutami.hakim,wiwin.dwiutami.hakim
Halodoc Home Care Depok,38,13,15,active,Depok,"2024-03-15 05:45:47","2024-03-15 05:45:47",audhy.prabowo,audhy.prabowo
Halodoc Home Care Jakarta,1,1,1,active,Jakarta South,"2022-10-11 15:52:38","2022-10-11 15:52:38",Dev Token,Dev Token
Halodoc Home Care Jakarta,2,1,5,active,Tangerang North,"2022-11-07 18:39:16","2023-05-15 18:54:40",Dev Token,roy.haryanto
Halodoc Home Care Jakarta,3,1,6,active,Tangerang South,"2022-11-07 18:39:16","2022-11-08 09:22:06",Dev Token,Dev Token
Halodoc Home Care Jakarta,4,1,2,active,Jakarta Central,"2022-11-07 18:39:16","2022-11-08 09:22:06",Dev Token,Dev Token
Halodoc Home Care Jakarta,5,1,3,active,Jakarta West,"2022-11-07 18:39:16","2022-11-08 09:22:06",Dev Token,Dev Token
Halodoc Home Care Jakarta,6,1,4,active,Jakarta East,"2022-11-07 18:39:16","2022-11-08 09:22:06",Dev Token,Dev Token
Halodoc Home Care Jakarta,7,1,25,active,Jakarta North,"2022-11-11 17:37:34","2022-11-11 17:37:34",Dev Token,Dev Token
Halodoc Home Care Jakarta,8,1,11,active,Bekasi,"2022-11-11 17:37:34","2022-11-11 17:37:34",Dev Token,Dev Token
Halodoc Home Care Jakarta,9,1,13,active,Bogor,"2022-11-11 17:37:34","2022-11-11 17:37:34",Dev Token,Dev Token
Halodoc Home Care Jakarta,10,1,15,active,Depok,"2022-11-11 17:37:34","2022-11-11 17:37:34",Dev Token,Dev Token
Halodoc Home Care Jakarta,15,1,65,active,Tangerang Rural,"2023-01-04 16:20:33","2023-01-04 16:20:33",roy.haryanto,roy.haryanto
Halodoc Home Care Jakarta,23,1,73,active,Bekasi Kabupaten North,"2024-01-25 14:28:11","2024-01-25 14:28:11",audhy.prabowo,audhy.prabowo
Halodoc Home Care Jakarta,24,1,123,active,Bekasi Kabupaten South,"2024-01-25 14:28:11","2024-01-25 14:28:11",audhy.prabowo,audhy.prabowo
Halodoc Home Care Jakarta Barat,31,7,3,active,Jakarta West,"2024-03-15 05:34:15","2024-03-15 05:34:15",audhy.prabowo,audhy.prabowo
Halodoc Home Care Jakarta Pusat,30,6,2,active,Jakarta Central,"2024-03-15 05:32:47","2024-03-15 05:32:47",audhy.prabowo,audhy.prabowo
Halodoc Home Care Jakarta Selatan,29,5,1,active,Jakarta South,"2024-03-15 05:31:09","2024-03-15 05:31:09",audhy.prabowo,audhy.prabowo
Halodoc Home Care Jakarta Timur,32,8,4,active,Jakarta East,"2024-03-15 05:35:16","2024-03-15 05:35:16",audhy.prabowo,audhy.prabowo
Halodoc Home Care Jakarta Utara,33,9,25,active,Jakarta North,"2024-03-15 05:36:23","2024-03-15 05:36:23",audhy.prabowo,audhy.prabowo
Halodoc Home Care Karawang TMC,1452,38,72,active,Karawang,"2025-04-25 11:30:09","2025-04-25 11:30:09",wiwin.dwiutami.hakim,wiwin.dwiutami.hakim
Halodoc Home Care Karawang TMC,1453,38,179,active,Karawang North,"2025-04-25 11:30:09","2025-04-25 11:30:09",wiwin.dwiutami.hakim,wiwin.dwiutami.hakim
Halodoc Home Care Karawang TMC,1456,38,677,active,Karawang Extended,"2025-04-25 13:23:00","2025-04-25 13:23:00",wiwin.dwiutami.hakim,wiwin.dwiutami.hakim
Halodoc Home Care Makassar TMC,1445,36,54,active,Makassar South,"2025-04-25 11:28:30","2025-04-25 11:28:30",wiwin.dwiutami.hakim,wiwin.dwiutami.hakim
Halodoc Home Care Makassar TMC,1446,36,55,active,Makassar Central,"2025-04-25 11:28:30","2025-04-25 11:28:30",wiwin.dwiutami.hakim,wiwin.dwiutami.hakim
Halodoc Home Care Makassar TMC,1447,36,56,active,Makassar North,"2025-04-25 11:28:30","2025-04-25 11:28:30",wiwin.dwiutami.hakim,wiwin.dwiutami.hakim
Halodoc Home Care Malang,1405,26,36,inactive,Malang South,"2025-01-09 09:44:10","2025-01-17 09:44:25",wiwin.dwiutami.hakim,wiwin.dwiutami.hakim
Halodoc Home Care Malang,1407,26,669,inactive,Malang,"2025-01-09 14:50:37","2025-01-14 12:00:39",wiwin.dwiutami.hakim,wiwin.dwiutami.hakim
Halodoc Home Care Malang,1418,26,37,inactive,Malang North,"2025-01-14 12:00:39","2025-01-17 09:44:25",wiwin.dwiutami.hakim,wiwin.dwiutami.hakim
Halodoc Home Care Malang,1419,26,38,inactive,Malang - Batu,"2025-01-14 12:00:39","2025-01-17 09:44:25",wiwin.dwiutami.hakim,wiwin.dwiutami.hakim
Halodoc Home Care Malang,1423,26,668,inactive,Malang,"2025-01-17 09:44:25","2025-01-17 10:20:37",wiwin.dwiutami.hakim,wiwin.dwiutami.hakim
Halodoc Home Care Malang,1424,26,676,active,Malang New,"2025-01-17 10:20:37","2025-01-17 10:20:37",wiwin.dwiutami.hakim,wiwin.dwiutami.hakim
Halodoc Home Care Manado TMC,1448,37,237,active,Manado North East,"2025-04-25 11:29:24","2025-04-25 11:29:25",wiwin.dwiutami.hakim,wiwin.dwiutami.hakim
Halodoc Home Care Manado TMC,1449,37,239,active,Manado East,"2025-04-25 11:29:24","2025-04-25 11:29:25",wiwin.dwiutami.hakim,wiwin.dwiutami.hakim
Halodoc Home Care Manado TMC,1450,37,50,active,Manado North,"2025-04-25 11:29:24","2025-04-25 11:29:25",wiwin.dwiutami.hakim,wiwin.dwiutami.hakim
Halodoc Home Care Manado TMC,1451,37,51,active,Manado South,"2025-04-25 11:29:24","2025-04-25 11:29:25",wiwin.dwiutami.hakim,wiwin.dwiutami.hakim
Halodoc Home Care Medan TMC,1463,43,47,active,Medan South,"2025-04-28 14:26:39","2025-04-28 14:26:39",wiwin.dwiutami.hakim,wiwin.dwiutami.hakim
Halodoc Home Care Medan TMC,1464,43,48,active,Medan Central,"2025-04-28 14:26:39","2025-04-28 14:26:39",wiwin.dwiutami.hakim,wiwin.dwiutami.hakim
Halodoc Home Care Medan TMC,1465,43,49,active,Medan North,"2025-04-28 14:26:39","2025-04-28 14:26:39",wiwin.dwiutami.hakim,wiwin.dwiutami.hakim
Halodoc Home Care Palembang TMC,1460,42,44,active,Palembang North,"2025-04-28 14:25:59","2025-04-28 14:25:59",wiwin.dwiutami.hakim,wiwin.dwiutami.hakim
Halodoc Home Care Palembang TMC,1461,42,45,active,Palembang West,"2025-04-28 14:25:59","2025-04-28 14:25:59",wiwin.dwiutami.hakim,wiwin.dwiutami.hakim
Halodoc Home Care Palembang TMC,1462,42,46,active,Palembang South,"2025-04-28 14:25:59","2025-04-28 14:25:59",wiwin.dwiutami.hakim,wiwin.dwiutami.hakim
Halodoc Home Care Samarinda TMC,1454,39,95,active,Samarinda,"2025-04-25 11:30:54","2025-04-25 11:30:54",wiwin.dwiutami.hakim,wiwin.dwiutami.hakim
Halodoc Home Care Semarang INTIBIOS,43,14,28,inactive,Semarang South East,"2024-03-28 13:42:31","2024-03-28 13:59:42",audhy.prabowo,audhy.prabowo
Halodoc Home Care Semarang INTIBIOS,44,14,29,inactive,Semarang South West,"2024-03-28 13:42:31","2024-03-28 13:59:42",audhy.prabowo,audhy.prabowo
Halodoc Home Care Semarang INTIBIOS,45,14,30,active,Semarang Central,"2024-03-28 13:42:31","2024-03-28 13:42:31",audhy.prabowo,audhy.prabowo
Halodoc Home Care Semarang INTIBIOS,46,14,31,active,Semarang East,"2024-03-28 13:42:31","2024-03-28 13:42:31",audhy.prabowo,audhy.prabowo
Halodoc Home Care Semarang INTIBIOS,47,14,32,active,Semarang North,"2024-03-28 13:42:31","2024-03-28 13:42:31",audhy.prabowo,audhy.prabowo
Halodoc Home Care Semarang TMC,1422,34,31,active,Semarang East,"2025-01-16 16:36:04","2025-01-16 16:36:04",wiwin.dwiutami.hakim,wiwin.dwiutami.hakim
Halodoc Home Care Semarang TMC,1429,34,28,active,Semarang South East,"2025-02-18 09:53:55","2025-02-18 09:53:56",wiwin.dwiutami.hakim,wiwin.dwiutami.hakim
Halodoc Home Care Semarang TMC,1430,34,29,inactive,Semarang South West,"2025-02-18 09:53:55","2025-02-20 14:43:28",wiwin.dwiutami.hakim,wiwin.dwiutami.hakim
Halodoc Home Care Semarang TMC,1431,34,30,active,Semarang Central,"2025-02-18 09:53:55","2025-02-18 09:53:56",wiwin.dwiutami.hakim,wiwin.dwiutami.hakim
Halodoc Home Care Semarang TMC,1432,34,32,active,Semarang North,"2025-02-18 09:53:55","2025-02-18 09:53:56",wiwin.dwiutami.hakim,wiwin.dwiutami.hakim
Halodoc Home Care Surabaya,11,2,22,inactive,Surabaya West,"2022-11-16 14:14:51","2025-02-14 11:12:47",Dev Token,wiwin.dwiutami.hakim
Halodoc Home Care Surabaya,12,2,23,active,Surabaya North,"2022-11-16 14:14:51","2022-11-16 14:14:51",Dev Token,Dev Token
Halodoc Home Care Surabaya,13,2,24,inactive,Surabaya South,"2022-11-16 14:14:51","2025-02-14 11:12:47",Dev Token,wiwin.dwiutami.hakim
Halodoc Home Care Surabaya,14,2,191,inactive,Surabaya East,"2022-11-16 14:14:51","2025-02-14 11:12:47",Dev Token,wiwin.dwiutami.hakim
Halodoc Home Care Surabaya 2,65,19,22,active,Surabaya West,"2024-06-05 11:47:55","2024-06-05 11:47:55",wiwin.dwiutami.hakim,wiwin.dwiutami.hakim
Halodoc Home Care Surabaya 2,66,19,23,active,Surabaya North,"2024-06-05 11:47:56","2024-06-05 11:47:56",wiwin.dwiutami.hakim,wiwin.dwiutami.hakim
Halodoc Home Care Surabaya 2,67,19,24,active,Surabaya South,"2024-06-05 11:47:56","2024-06-05 11:47:56",wiwin.dwiutami.hakim,wiwin.dwiutami.hakim
Halodoc Home Care Surabaya 2,68,19,191,active,Surabaya East,"2024-06-05 11:47:56","2024-06-05 11:47:56",wiwin.dwiutami.hakim,wiwin.dwiutami.hakim
Halodoc Home Care Surabaya TMC,1421,32,22,active,Surabaya West,"2025-01-16 16:34:17","2025-01-16 16:34:17",wiwin.dwiutami.hakim,wiwin.dwiutami.hakim
Halodoc Home Care Surabaya TMC,1425,32,24,active,Surabaya South,"2025-02-14 11:13:05","2025-02-14 11:13:05",wiwin.dwiutami.hakim,wiwin.dwiutami.hakim
Halodoc Home Care Surabaya TMC,1426,32,191,active,Surabaya East,"2025-02-14 11:13:05","2025-02-14 11:13:05",wiwin.dwiutami.hakim,wiwin.dwiutami.hakim
Halodoc Home Care Surabaya TMC,1437,32,23,active,Surabaya North,"2025-03-20 10:17:37","2025-03-20 10:17:37",wiwin.dwiutami.hakim,wiwin.dwiutami.hakim
Halodoc Home Care Tangerang,34,10,5,active,Tangerang North,"2024-03-15 05:40:26","2024-04-25 15:37:33",audhy.prabowo,audhy.prabowo
Halodoc Home Care Tangerang,35,10,6,active,Tangerang South,"2024-03-15 05:40:26","2024-03-15 05:40:26",audhy.prabowo,audhy.prabowo
Halodoc Home Care Tangerang,42,10,65,inactive,Tangerang Rural,"2024-03-21 11:08:57","2024-04-01 22:49:30",wiwin.dwiutami.hakim,jocelyn.tandrian
Halodoc Home Care Tangerang,51,10,628,inactive,Tangerang Rural New,"2024-04-22 19:36:07","2024-07-08 09:44:17",audhy.prabowo,wiwin.dwiutami.hakim
Halodoc Home Care Tangerang,69,10,627,inactive,Tangerang Rural,"2024-06-06 16:06:36","2024-06-06 17:06:55",dwi.rahmawati,dwi.rahmawati
Halodoc Home Care Tangerang Rural,49,16,65,active,Tangerang Rural,"2024-04-01 14:39:48","2024-10-04 10:22:48",wiwin.dwiutami.hakim,wiwin.dwiutami.hakim
Halodoc Home Care Tangerang Rural,50,16,626,inactive,Tangerang Rural,"2024-04-22 19:04:08","2024-07-05 16:10:15",audhy.prabowo,wiwin.dwiutami.hakim
Halodoc Home Care Tangerang Rural,52,16,5,inactive,Tangerang North,"2024-04-22 19:36:33","2024-07-05 16:10:15",audhy.prabowo,wiwin.dwiutami.hakim
Halodoc Home Care Tangerang Rural,1296,16,628,inactive,Tangerang Rural New,"2024-07-05 16:10:14","2024-10-04 10:23:14",wiwin.dwiutami.hakim,wiwin.dwiutami.hakim
Halodoc Home Care Yogyakarta,56,18,39,active,Yogyakarta South,"2024-05-02 11:20:07","2024-05-02 11:20:07",wiwin.dwiutami.hakim,wiwin.dwiutami.hakim
Halodoc Home Care Yogyakarta,57,18,40,active,Yogyakarta North,"2024-05-02 11:20:07","2024-05-02 11:20:07",wiwin.dwiutami.hakim,wiwin.dwiutami.hakim
Halodoc Home Care Yogyakarta,58,18,43,active,Yogyakarta - Bantul,"2024-05-02 11:20:07","2024-05-02 11:20:07",wiwin.dwiutami.hakim,wiwin.dwiutami.hakim
Halodoc Home Care Yogyakarta,59,18,204,active,Yogyakarta - Bantul South,"2024-05-02 11:20:07","2024-05-02 11:20:07",wiwin.dwiutami.hakim,wiwin.dwiutami.hakim
Halodoc Home Care Yogyakarta,60,18,206,active,Yogyakarta - Bantul West,"2024-05-02 11:20:07","2024-05-02 11:20:07",wiwin.dwiutami.hakim,wiwin.dwiutami.hakim
Halodoc Home Care Yogyakarta TMC,1414,30,40,active,Yogyakarta North,"2025-01-14 11:32:30","2025-02-20 13:36:37",wiwin.dwiutami.hakim,wiwin.dwiutami.hakim
Halodoc Home Care Yogyakarta TMC,1415,30,675,inactive,Sleman,"2025-01-14 11:33:15","2025-01-14 11:57:09",wiwin.dwiutami.hakim,wiwin.dwiutami.hakim
Halodoc Home Care Yogyakarta TMC,1416,30,128,inactive,Sleman East,"2025-01-14 11:57:08","2025-02-20 13:36:37",wiwin.dwiutami.hakim,wiwin.dwiutami.hakim
Halodoc Home Care Yogyakarta TMC,1417,30,129,inactive,Sleman West,"2025-01-14 11:57:08","2025-02-20 13:36:37",wiwin.dwiutami.hakim,wiwin.dwiutami.hakim
Halodoc Home Care Yogyakarta TMC,1433,30,39,active,Yogyakarta South,"2025-02-20 13:36:37","2025-02-20 13:36:37",wiwin.dwiutami.hakim,wiwin.dwiutami.hakim
Halodoc Home Care Yogyakarta TMC,1434,30,43,inactive,Yogyakarta - Bantul,"2025-02-20 13:36:37","2025-03-25 20:51:17",wiwin.dwiutami.hakim,wiwin.dwiutami.hakim
Halodoc Home Care Yogyakarta TMC,1435,30,204,inactive,Yogyakarta - Bantul South,"2025-02-20 13:36:37","2025-03-25 20:51:17",wiwin.dwiutami.hakim,wiwin.dwiutami.hakim
Halodoc Home Care Yogyakarta TMC,1436,30,206,inactive,Yogyakarta - Bantul West,"2025-02-20 13:36:37","2025-03-25 20:51:17",wiwin.dwiutami.hakim,wiwin.dwiutami.hakim
Halodoc Home Care Yogyakarta TMC,1438,30,238,active,Kulon Progo,"2025-03-25 20:51:17","2025-03-25 20:51:17",wiwin.dwiutami.hakim,wiwin.dwiutami.hakim
Halodoc Home Care Yogyakarta TMC,1439,30,238,active,Kulon Progo,"2025-03-25 20:51:17","2025-03-25 20:51:17",wiwin.dwiutami.hakim,wiwin.dwiutami.hakim
Halodoc Home Care Yogyakarta TMC,1440,30,595,active,Kulon Progo North,"2025-03-25 20:51:17","2025-03-25 20:51:17",wiwin.dwiutami.hakim,wiwin.dwiutami.hakim
Halodoc Home Care Yogyakarta TMC,1441,30,595,active,Kulon Progo North,"2025-03-25 20:51:17","2025-03-25 20:51:17",wiwin.dwiutami.hakim,wiwin.dwiutami.hakim
PND,19,4,25,inactive,Jakarta North,"2023-08-09 18:10:31","2024-07-05 14:22:37",wiwin.dwiutami.hakim,wiwin.dwiutami.hakim
PND,20,4,1,active,Jakarta South,"2023-08-09 18:10:31","2024-07-05 09:44:14",wiwin.dwiutami.hakim,wiwin.dwiutami.hakim
PND,21,4,3,active,Jakarta West,"2023-08-09 18:10:31","2024-07-05 09:44:14",wiwin.dwiutami.hakim,wiwin.dwiutami.hakim
PND,22,4,4,active,Jakarta East,"2023-08-09 18:10:31","2024-07-05 09:44:14",wiwin.dwiutami.hakim,wiwin.dwiutami.hakim
PND,63,4,640,inactive,Wakatobi,"2024-05-30 17:12:51","2024-07-05 14:22:37",audhy.prabowo,wiwin.dwiutami.hakim
PND,64,4,232,inactive,Ternate,"2024-05-30 17:36:35","2024-07-05 14:22:37",audhy.prabowo,wiwin.dwiutami.hakim
PND,70,4,122,active,Bogor Kabupaten North,"2024-06-13 17:36:54","2024-06-13 17:36:54",wiwin.dwiutami.hakim,wiwin.dwiutami.hakim
PND,82,4,18,inactive,Bandung North,"2024-07-05 09:44:08","2024-07-05 14:22:37",wiwin.dwiutami.hakim,wiwin.dwiutami.hakim
PND,83,4,19,inactive,Bandung South,"2024-07-05 09:44:08","2024-07-05 14:22:37",wiwin.dwiutami.hakim,wiwin.dwiutami.hakim
PND,84,4,20,inactive,Bandung - Cimahi,"2024-07-05 09:44:08","2024-07-05 14:22:37",wiwin.dwiutami.hakim,wiwin.dwiutami.hakim
PND,85,4,21,inactive,Sidoarjo,"2024-07-05 09:44:08","2024-07-05 14:22:37",wiwin.dwiutami.hakim,wiwin.dwiutami.hakim
PND,86,4,22,inactive,Surabaya West,"2024-07-05 09:44:08","2024-07-05 14:22:37",wiwin.dwiutami.hakim,wiwin.dwiutami.hakim
PND,87,4,23,inactive,Surabaya North,"2024-07-05 09:44:08","2024-07-05 14:22:37",wiwin.dwiutami.hakim,wiwin.dwiutami.hakim
PND,88,4,24,inactive,Surabaya South,"2024-07-05 09:44:08","2024-07-05 14:22:37",wiwin.dwiutami.hakim,wiwin.dwiutami.hakim
PND,89,4,27,inactive,Bandung - Padalarang,"2024-07-05 09:44:08","2024-07-05 14:22:37",wiwin.dwiutami.hakim,wiwin.dwiutami.hakim
PND,90,4,28,inactive,Semarang South East,"2024-07-05 09:44:08","2024-07-05 14:22:37",wiwin.dwiutami.hakim,wiwin.dwiutami.hakim
PND,91,4,29,inactive,Semarang South West,"2024-07-05 09:44:08","2024-07-05 14:22:37",wiwin.dwiutami.hakim,wiwin.dwiutami.hakim
PND,92,4,30,inactive,Semarang Central,"2024-07-05 09:44:08","2024-07-05 14:22:37",wiwin.dwiutami.hakim,wiwin.dwiutami.hakim
PND,93,4,31,inactive,Semarang East,"2024-07-05 09:44:08","2024-07-05 14:22:37",wiwin.dwiutami.hakim,wiwin.dwiutami.hakim
PND,94,4,32,inactive,Semarang North,"2024-07-05 09:44:08","2024-07-05 14:22:37",wiwin.dwiutami.hakim,wiwin.dwiutami.hakim
PND,95,4,33,inactive,Bali Kuta South,"2024-07-05 09:44:08","2024-07-05 14:22:37",wiwin.dwiutami.hakim,wiwin.dwiutami.hakim
PND,96,4,34,inactive,Bali Kuta North,"2024-07-05 09:44:08","2024-07-05 14:22:37",wiwin.dwiutami.hakim,wiwin.dwiutami.hakim
PND,97,4,35,inactive,Bali Denpasar,"2024-07-05 09:44:08","2024-07-05 14:22:37",wiwin.dwiutami.hakim,wiwin.dwiutami.hakim
PND,98,4,36,inactive,Malang South,"2024-07-05 09:44:08","2024-07-05 14:22:37",wiwin.dwiutami.hakim,wiwin.dwiutami.hakim
PND,99,4,37,inactive,Malang North,"2024-07-05 09:44:08","2024-07-05 14:22:37",wiwin.dwiutami.hakim,wiwin.dwiutami.hakim
PND,100,4,38,inactive,Malang - Batu,"2024-07-05 09:44:08","2024-07-05 14:22:37",wiwin.dwiutami.hakim,wiwin.dwiutami.hakim
PND,101,4,39,inactive,Yogyakarta South,"2024-07-05 09:44:08","2024-07-05 14:22:37",wiwin.dwiutami.hakim,wiwin.dwiutami.hakim
PND,102,4,40,inactive,Yogyakarta North,"2024-07-05 09:44:08","2024-07-05 14:22:37",wiwin.dwiutami.hakim,wiwin.dwiutami.hakim
PND,103,4,41,inactive,Solo West,"2024-07-05 09:44:08","2024-07-05 14:22:37",wiwin.dwiutami.hakim,wiwin.dwiutami.hakim
PND,104,4,42,inactive,Solo Central,"2024-07-05 09:44:08","2024-07-05 14:22:37",wiwin.dwiutami.hakim,wiwin.dwiutami.hakim
PND,105,4,43,inactive,Yogyakarta - Bantul,"2024-07-05 09:44:08","2024-07-05 14:22:37",wiwin.dwiutami.hakim,wiwin.dwiutami.hakim
PND,106,4,44,inactive,Palembang North,"2024-07-05 09:44:08","2024-07-05 14:22:37",wiwin.dwiutami.hakim,wiwin.dwiutami.hakim
PND,107,4,45,inactive,Palembang West,"2024-07-05 09:44:08","2024-07-05 14:22:37",wiwin.dwiutami.hakim,wiwin.dwiutami.hakim
PND,108,4,46,inactive,Palembang South,"2024-07-05 09:44:08","2024-07-05 14:22:37",wiwin.dwiutami.hakim,wiwin.dwiutami.hakim
PND,109,4,47,inactive,Medan South,"2024-07-05 09:44:08","2024-07-05 14:22:37",wiwin.dwiutami.hakim,wiwin.dwiutami.hakim
PND,110,4,48,inactive,Medan Central,"2024-07-05 09:44:08","2024-07-05 14:22:37",wiwin.dwiutami.hakim,wiwin.dwiutami.hakim
PND,111,4,49,inactive,Medan North,"2024-07-05 09:44:08","2024-07-05 14:22:37",wiwin.dwiutami.hakim,wiwin.dwiutami.hakim
PND,112,4,50,inactive,Manado North,"2024-07-05 09:44:08","2024-07-05 14:22:37",wiwin.dwiutami.hakim,wiwin.dwiutami.hakim
PND,113,4,51,inactive,Manado South,"2024-07-05 09:44:08","2024-07-05 14:22:37",wiwin.dwiutami.hakim,wiwin.dwiutami.hakim
PND,114,4,52,inactive,Balikpapan North,"2024-07-05 09:44:08","2024-07-05 14:22:37",wiwin.dwiutami.hakim,wiwin.dwiutami.hakim
PND,115,4,53,inactive,Balikpapan South,"2024-07-05 09:44:08","2024-07-05 14:22:37",wiwin.dwiutami.hakim,wiwin.dwiutami.hakim
PND,116,4,54,inactive,Makassar South,"2024-07-05 09:44:08","2024-07-05 14:22:37",wiwin.dwiutami.hakim,wiwin.dwiutami.hakim
PND,117,4,55,inactive,Makassar Central,"2024-07-05 09:44:08","2024-07-05 14:22:37",wiwin.dwiutami.hakim,wiwin.dwiutami.hakim
PND,118,4,56,inactive,Makassar North,"2024-07-05 09:44:08","2024-07-05 14:22:37",wiwin.dwiutami.hakim,wiwin.dwiutami.hakim
PND,119,4,57,inactive,Sukabumi,"2024-07-05 09:44:08","2024-07-05 14:22:37",wiwin.dwiutami.hakim,wiwin.dwiutami.hakim
PND,120,4,58,inactive,Pontianak North,"2024-07-05 09:44:08","2024-07-05 14:22:37",wiwin.dwiutami.hakim,wiwin.dwiutami.hakim
PND,121,4,59,inactive,Pontianak South,"2024-07-05 09:44:08","2024-07-05 14:22:37",wiwin.dwiutami.hakim,wiwin.dwiutami.hakim
PND,122,4,60,inactive,Padang,"2024-07-05 09:44:08","2024-07-05 14:22:37",wiwin.dwiutami.hakim,wiwin.dwiutami.hakim
PND,123,4,61,inactive,Bukittinggi,"2024-07-05 09:44:08","2024-07-05 14:22:37",wiwin.dwiutami.hakim,wiwin.dwiutami.hakim
PND,124,4,62,inactive,Mataram,"2024-07-05 09:44:08","2024-07-05 14:22:37",wiwin.dwiutami.hakim,wiwin.dwiutami.hakim
PND,125,4,63,inactive,Cirebon,"2024-07-05 09:44:08","2024-07-05 14:22:37",wiwin.dwiutami.hakim,wiwin.dwiutami.hakim
PND,126,4,64,inactive,Pekanbaru,"2024-07-05 09:44:08","2024-07-05 14:22:37",wiwin.dwiutami.hakim,wiwin.dwiutami.hakim
PND,127,4,66,inactive,Bandung East,"2024-07-05 09:44:08","2024-07-05 14:22:37",wiwin.dwiutami.hakim,wiwin.dwiutami.hakim
PND,128,4,67,inactive,Bandung Kabupaten,"2024-07-05 09:44:08","2024-07-05 14:22:37",wiwin.dwiutami.hakim,wiwin.dwiutami.hakim
PND,129,4,68,inactive,Bandar Lampung East,"2024-07-05 09:44:08","2024-07-05 14:22:37",wiwin.dwiutami.hakim,wiwin.dwiutami.hakim
PND,130,4,69,inactive,Bandar Lampung West,"2024-07-05 09:44:08","2024-07-05 14:22:37",wiwin.dwiutami.hakim,wiwin.dwiutami.hakim
PND,131,4,70,inactive,Purwakarta,"2024-07-05 09:44:08","2024-07-05 14:22:37",wiwin.dwiutami.hakim,wiwin.dwiutami.hakim
PND,133,4,72,inactive,Karawang,"2024-07-05 09:44:08","2024-07-05 14:22:37",wiwin.dwiutami.hakim,wiwin.dwiutami.hakim
PND,134,4,73,inactive,Bekasi Kabupaten North,"2024-07-05 09:44:08","2024-07-05 14:22:37",wiwin.dwiutami.hakim,wiwin.dwiutami.hakim
PND,135,4,74,inactive,Cirebon - Kuningan,"2024-07-05 09:44:08","2024-07-05 14:22:37",wiwin.dwiutami.hakim,wiwin.dwiutami.hakim
PND,137,4,76,inactive,Ponorogo West,"2024-07-05 09:44:08","2024-07-05 14:22:37",wiwin.dwiutami.hakim,wiwin.dwiutami.hakim
PND,138,4,77,inactive,Ponorogo East,"2024-07-05 09:44:08","2024-07-05 14:22:37",wiwin.dwiutami.hakim,wiwin.dwiutami.hakim
PND,139,4,78,inactive,Tegal,"2024-07-05 09:44:08","2024-07-05 14:22:37",wiwin.dwiutami.hakim,wiwin.dwiutami.hakim
PND,140,4,79,inactive,Pekalongan,"2024-07-05 09:44:08","2024-07-05 14:22:37",wiwin.dwiutami.hakim,wiwin.dwiutami.hakim
PND,141,4,80,inactive,Gresik,"2024-07-05 09:44:08","2024-07-05 14:22:37",wiwin.dwiutami.hakim,wiwin.dwiutami.hakim
PND,142,4,81,inactive,Batam,"2024-07-05 09:44:08","2024-07-05 14:22:37",wiwin.dwiutami.hakim,wiwin.dwiutami.hakim
PND,143,4,82,inactive,Cilegon,"2024-07-05 09:44:08","2024-07-05 14:22:37",wiwin.dwiutami.hakim,wiwin.dwiutami.hakim
PND,144,4,83,inactive,Serang East,"2024-07-05 09:44:08","2024-07-05 14:22:37",wiwin.dwiutami.hakim,wiwin.dwiutami.hakim
PND,145,4,84,inactive,Serang West,"2024-07-05 09:44:08","2024-07-05 14:22:37",wiwin.dwiutami.hakim,wiwin.dwiutami.hakim
PND,146,4,85,inactive,Banyuwangi,"2024-07-05 09:44:08","2024-07-05 14:22:37",wiwin.dwiutami.hakim,wiwin.dwiutami.hakim
PND,147,4,86,inactive,Pasuruan,"2024-07-05 09:44:08","2024-07-05 14:22:37",wiwin.dwiutami.hakim,wiwin.dwiutami.hakim
PND,148,4,87,inactive,Probolinggo East,"2024-07-05 09:44:08","2024-07-05 14:22:37",wiwin.dwiutami.hakim,wiwin.dwiutami.hakim
PND,149,4,88,inactive,Probolinggo West,"2024-07-05 09:44:08","2024-07-05 14:22:37",wiwin.dwiutami.hakim,wiwin.dwiutami.hakim
PND,150,4,89,inactive,Lawang,"2024-07-05 09:44:08","2024-07-05 14:22:37",wiwin.dwiutami.hakim,wiwin.dwiutami.hakim
PND,151,4,90,inactive,Jember Central,"2024-07-05 09:44:08","2024-07-05 14:22:37",wiwin.dwiutami.hakim,wiwin.dwiutami.hakim
PND,152,4,91,inactive,Lamongan Central,"2024-07-05 09:44:08","2024-07-05 14:22:37",wiwin.dwiutami.hakim,wiwin.dwiutami.hakim
PND,153,4,92,inactive,Kediri,"2024-07-05 09:44:08","2024-07-05 14:22:37",wiwin.dwiutami.hakim,wiwin.dwiutami.hakim
PND,154,4,93,inactive,Madiun,"2024-07-05 09:44:08","2024-07-05 14:22:37",wiwin.dwiutami.hakim,wiwin.dwiutami.hakim
PND,155,4,94,inactive,Binjai,"2024-07-05 09:44:08","2024-07-05 14:22:37",wiwin.dwiutami.hakim,wiwin.dwiutami.hakim
PND,156,4,95,inactive,Samarinda,"2024-07-05 09:44:08","2024-07-05 14:22:37",wiwin.dwiutami.hakim,wiwin.dwiutami.hakim
PND,157,4,96,inactive,Banjarmasin,"2024-07-05 09:44:08","2024-07-05 14:22:37",wiwin.dwiutami.hakim,wiwin.dwiutami.hakim
PND,158,4,97,inactive,Banjar Baru,"2024-07-05 09:44:08","2024-07-05 14:22:37",wiwin.dwiutami.hakim,wiwin.dwiutami.hakim
PND,159,4,98,inactive,Gresik South,"2024-07-05 09:44:08","2024-07-05 14:22:37",wiwin.dwiutami.hakim,wiwin.dwiutami.hakim
PND,160,4,100,inactive,Gresik North,"2024-07-05 09:44:08","2024-07-05 14:22:37",wiwin.dwiutami.hakim,wiwin.dwiutami.hakim
PND,161,4,101,inactive,Mojokerto North,"2024-07-05 09:44:08","2024-07-05 14:22:37",wiwin.dwiutami.hakim,wiwin.dwiutami.hakim
PND,162,4,102,inactive,Mojokerto South,"2024-07-05 09:44:08","2024-07-05 14:22:37",wiwin.dwiutami.hakim,wiwin.dwiutami.hakim
PND,163,4,103,inactive,Deli Serdang East,"2024-07-05 09:44:08","2024-07-05 14:22:37",wiwin.dwiutami.hakim,wiwin.dwiutami.hakim
PND,164,4,104,inactive,Deli Serdang Central,"2024-07-05 09:44:08","2024-07-05 14:22:37",wiwin.dwiutami.hakim,wiwin.dwiutami.hakim
PND,165,4,105,inactive,Deli Serdang West,"2024-07-05 09:44:08","2024-07-05 14:22:37",wiwin.dwiutami.hakim,wiwin.dwiutami.hakim
PND,166,4,107,inactive,Malang Kabupaten West,"2024-07-05 09:44:08","2024-07-05 14:22:37",wiwin.dwiutami.hakim,wiwin.dwiutami.hakim
PND,167,4,108,inactive,Malang Kabupaten East,"2024-07-05 09:44:08","2024-07-05 14:22:37",wiwin.dwiutami.hakim,wiwin.dwiutami.hakim
PND,168,4,109,inactive,Tabanan South,"2024-07-05 09:44:08","2024-07-05 14:22:37",wiwin.dwiutami.hakim,wiwin.dwiutami.hakim
PND,169,4,110,inactive,Badung Central,"2024-07-05 09:44:08","2024-07-05 14:22:37",wiwin.dwiutami.hakim,wiwin.dwiutami.hakim
PND,170,4,111,inactive,Gianyar South,"2024-07-05 09:44:08","2024-07-05 14:22:37",wiwin.dwiutami.hakim,wiwin.dwiutami.hakim
PND,171,4,112,inactive,Pekanbaru North,"2024-07-05 09:44:08","2024-07-05 14:22:37",wiwin.dwiutami.hakim,wiwin.dwiutami.hakim
PND,172,4,113,inactive,Kampar North,"2024-07-05 09:44:08","2024-07-05 14:22:37",wiwin.dwiutami.hakim,wiwin.dwiutami.hakim
PND,173,4,115,inactive,Kampar East,"2024-07-05 09:44:08","2024-07-05 14:22:37",wiwin.dwiutami.hakim,wiwin.dwiutami.hakim
PND,174,4,116,inactive,Bandung Kabupaten South,"2024-07-05 09:44:08","2024-07-05 14:22:37",wiwin.dwiutami.hakim,wiwin.dwiutami.hakim
PND,175,4,117,inactive,Sukoharjo North,"2024-07-05 09:44:08","2024-07-05 14:22:37",wiwin.dwiutami.hakim,wiwin.dwiutami.hakim
PND,176,4,118,inactive,Karanganyar West,"2024-07-05 09:44:08","2024-07-05 14:22:37",wiwin.dwiutami.hakim,wiwin.dwiutami.hakim
PND,177,4,119,inactive,Cirebon Kabupaten South,"2024-07-05 09:44:08","2024-07-05 14:22:37",wiwin.dwiutami.hakim,wiwin.dwiutami.hakim
PND,178,4,120,inactive,Cirebon Kabupaten North,"2024-07-05 09:44:08","2024-07-05 14:22:37",wiwin.dwiutami.hakim,wiwin.dwiutami.hakim
PND,179,4,121,inactive,Jambi,"2024-07-05 09:44:08","2024-07-05 14:22:37",wiwin.dwiutami.hakim,wiwin.dwiutami.hakim
PND,180,4,123,inactive,Bekasi Kabupaten South,"2024-07-05 09:44:08","2024-07-05 14:22:37",wiwin.dwiutami.hakim,wiwin.dwiutami.hakim
PND,181,4,124,inactive,Metro,"2024-07-05 09:44:08","2024-07-05 14:22:37",wiwin.dwiutami.hakim,wiwin.dwiutami.hakim
PND,182,4,125,inactive,Tegal Kabupaten North,"2024-07-05 09:44:08","2024-07-05 14:22:37",wiwin.dwiutami.hakim,wiwin.dwiutami.hakim
PND,183,4,126,inactive,Brebes North,"2024-07-05 09:44:08","2024-07-05 14:22:37",wiwin.dwiutami.hakim,wiwin.dwiutami.hakim
PND,184,4,127,inactive,Palu,"2024-07-05 09:44:08","2024-07-05 14:22:37",wiwin.dwiutami.hakim,wiwin.dwiutami.hakim
PND,185,4,128,inactive,Sleman East,"2024-07-05 09:44:08","2024-07-05 14:22:37",wiwin.dwiutami.hakim,wiwin.dwiutami.hakim
PND,186,4,129,inactive,Sleman West,"2024-07-05 09:44:08","2024-07-05 14:22:37",wiwin.dwiutami.hakim,wiwin.dwiutami.hakim
PND,187,4,130,inactive,Kediri Kabupaten West,"2024-07-05 09:44:08","2024-07-05 14:22:37",wiwin.dwiutami.hakim,wiwin.dwiutami.hakim
PND,188,4,131,inactive,Kediri Kabupaten East,"2024-07-05 09:44:08","2024-07-05 14:22:37",wiwin.dwiutami.hakim,wiwin.dwiutami.hakim
PND,189,4,132,inactive,Jombang,"2024-07-05 09:44:08","2024-07-05 14:22:37",wiwin.dwiutami.hakim,wiwin.dwiutami.hakim
PND,190,4,133,inactive,Ungaran West,"2024-07-05 09:44:08","2024-07-05 14:22:37",wiwin.dwiutami.hakim,wiwin.dwiutami.hakim
PND,191,4,134,inactive,Ungaran East,"2024-07-05 09:44:08","2024-07-05 14:22:37",wiwin.dwiutami.hakim,wiwin.dwiutami.hakim
PND,192,4,135,inactive,Salatiga West,"2024-07-05 09:44:08","2024-07-05 14:22:37",wiwin.dwiutami.hakim,wiwin.dwiutami.hakim
PND,193,4,136,inactive,Salatiga East,"2024-07-05 09:44:08","2024-07-05 14:22:37",wiwin.dwiutami.hakim,wiwin.dwiutami.hakim
PND,194,4,137,inactive,Magelang,"2024-07-05 09:44:08","2024-07-05 14:22:37",wiwin.dwiutami.hakim,wiwin.dwiutami.hakim
PND,195,4,138,inactive,Sukabumi North,"2024-07-05 09:44:08","2024-07-05 14:22:37",wiwin.dwiutami.hakim,wiwin.dwiutami.hakim
PND,196,4,139,inactive,Sukabumi West,"2024-07-05 09:44:08","2024-07-05 14:22:37",wiwin.dwiutami.hakim,wiwin.dwiutami.hakim
PND,197,4,140,inactive,Sukabumi Central,"2024-07-05 09:44:08","2024-07-05 14:22:37",wiwin.dwiutami.hakim,wiwin.dwiutami.hakim
PND,198,4,141,inactive,Garut Central,"2024-07-05 09:44:08","2024-07-05 14:22:37",wiwin.dwiutami.hakim,wiwin.dwiutami.hakim
PND,199,4,142,inactive,Kudus Central,"2024-07-05 09:44:08","2024-07-05 14:22:37",wiwin.dwiutami.hakim,wiwin.dwiutami.hakim
PND,200,4,143,inactive,Pangkal Pinang,"2024-07-05 09:44:08","2024-07-05 14:22:37",wiwin.dwiutami.hakim,wiwin.dwiutami.hakim
PND,201,4,144,inactive,Tanjung Pinang,"2024-07-05 09:44:08","2024-07-05 14:22:37",wiwin.dwiutami.hakim,wiwin.dwiutami.hakim
PND,202,4,145,inactive,Pematang Siantar,"2024-07-05 09:44:08","2024-07-05 14:22:37",wiwin.dwiutami.hakim,wiwin.dwiutami.hakim
PND,203,4,147,inactive,Sukoharjo South,"2024-07-05 09:44:08","2024-07-05 14:22:37",wiwin.dwiutami.hakim,wiwin.dwiutami.hakim
PND,204,4,148,inactive,Sragen South West,"2024-07-05 09:44:08","2024-07-05 14:22:37",wiwin.dwiutami.hakim,wiwin.dwiutami.hakim
PND,205,4,149,inactive,Magetan North,"2024-07-05 09:44:08","2024-07-05 14:22:37",wiwin.dwiutami.hakim,wiwin.dwiutami.hakim
PND,206,4,150,inactive,Madiun Kabupaten South,"2024-07-05 09:44:08","2024-07-05 14:22:37",wiwin.dwiutami.hakim,wiwin.dwiutami.hakim
PND,207,4,151,inactive,Malang Kabupaten North,"2024-07-05 09:44:08","2024-07-05 14:22:37",wiwin.dwiutami.hakim,wiwin.dwiutami.hakim
PND,208,4,152,inactive,Karanganyar North,"2024-07-05 09:44:08","2024-07-05 14:22:37",wiwin.dwiutami.hakim,wiwin.dwiutami.hakim
PND,209,4,153,inactive,Payakumbuh,"2024-07-05 09:44:08","2024-07-05 14:22:37",wiwin.dwiutami.hakim,wiwin.dwiutami.hakim
PND,210,4,154,inactive,Banda Aceh,"2024-07-05 09:44:08","2024-07-05 14:22:37",wiwin.dwiutami.hakim,wiwin.dwiutami.hakim
PND,211,4,155,inactive,Magetan South,"2024-07-05 09:44:08","2024-07-05 14:22:37",wiwin.dwiutami.hakim,wiwin.dwiutami.hakim
PND,212,4,156,inactive,Bukittinggi Kabupaten East,"2024-07-05 09:44:08","2024-07-05 14:22:37",wiwin.dwiutami.hakim,wiwin.dwiutami.hakim
PND,213,4,157,inactive,Gorontalo,"2024-07-05 09:44:08","2024-07-05 14:22:37",wiwin.dwiutami.hakim,wiwin.dwiutami.hakim
PND,214,4,158,inactive,Kendari,"2024-07-05 09:44:08","2024-07-05 14:22:37",wiwin.dwiutami.hakim,wiwin.dwiutami.hakim
PND,215,4,159,inactive,Purwokerto,"2024-07-05 09:44:08","2024-07-05 14:22:37",wiwin.dwiutami.hakim,wiwin.dwiutami.hakim
PND,216,4,160,inactive,Tasikmalaya,"2024-07-05 09:44:08","2024-07-05 14:22:37",wiwin.dwiutami.hakim,wiwin.dwiutami.hakim
PND,217,4,161,inactive,Cianjur,"2024-07-05 09:44:08","2024-07-05 14:22:37",wiwin.dwiutami.hakim,wiwin.dwiutami.hakim
PND,218,4,162,inactive,Lembang,"2024-07-05 09:44:08","2024-07-05 14:22:37",wiwin.dwiutami.hakim,wiwin.dwiutami.hakim
PND,219,4,163,inactive,Sragen South East,"2024-07-05 09:44:08","2024-07-05 14:22:37",wiwin.dwiutami.hakim,wiwin.dwiutami.hakim
PND,220,4,164,inactive,Cilacap,"2024-07-05 09:44:08","2024-07-05 14:22:37",wiwin.dwiutami.hakim,wiwin.dwiutami.hakim
PND,221,4,165,inactive,Banyumas East,"2024-07-05 09:44:08","2024-07-05 14:22:37",wiwin.dwiutami.hakim,wiwin.dwiutami.hakim
PND,222,4,166,inactive,Purbalingga West,"2024-07-05 09:44:08","2024-07-05 14:22:37",wiwin.dwiutami.hakim,wiwin.dwiutami.hakim
PND,223,4,167,inactive,Klaten North,"2024-07-05 09:44:08","2024-07-05 14:22:37",wiwin.dwiutami.hakim,wiwin.dwiutami.hakim
PND,224,4,168,inactive,Klaten East,"2024-07-05 09:44:08","2024-07-05 14:22:37",wiwin.dwiutami.hakim,wiwin.dwiutami.hakim
PND,225,4,169,inactive,Klaten South,"2024-07-05 09:44:08","2024-07-05 14:22:37",wiwin.dwiutami.hakim,wiwin.dwiutami.hakim
PND,226,4,170,inactive,Ngawi Central,"2024-07-05 09:44:08","2024-07-05 14:22:37",wiwin.dwiutami.hakim,wiwin.dwiutami.hakim
PND,227,4,171,inactive,Magetan Central,"2024-07-05 09:44:08","2024-07-05 14:22:37",wiwin.dwiutami.hakim,wiwin.dwiutami.hakim
PND,228,4,172,inactive,Madiun Kabupaten North,"2024-07-05 09:44:08","2024-07-05 14:22:37",wiwin.dwiutami.hakim,wiwin.dwiutami.hakim
PND,229,4,173,inactive,Madiun Kabupaten East,"2024-07-05 09:44:08","2024-07-05 14:22:37",wiwin.dwiutami.hakim,wiwin.dwiutami.hakim
PND,230,4,174,inactive,Indramayu,"2024-07-05 09:44:08","2024-07-05 14:22:37",wiwin.dwiutami.hakim,wiwin.dwiutami.hakim
PND,231,4,175,inactive,Subang Central,"2024-07-05 09:44:08","2024-07-05 14:22:37",wiwin.dwiutami.hakim,wiwin.dwiutami.hakim
PND,232,4,177,inactive,Magelang Kabupaten South East,"2024-07-05 09:44:08","2024-07-05 14:22:37",wiwin.dwiutami.hakim,wiwin.dwiutami.hakim
PND,233,4,178,inactive,Karanganyar South,"2024-07-05 09:44:08","2024-07-05 14:22:37",wiwin.dwiutami.hakim,wiwin.dwiutami.hakim
PND,234,4,179,inactive,Karawang North,"2024-07-05 09:44:08","2024-07-05 14:22:37",wiwin.dwiutami.hakim,wiwin.dwiutami.hakim
PND,235,4,180,inactive,Malang Kabupaten South,"2024-07-05 09:44:08","2024-07-05 14:22:37",wiwin.dwiutami.hakim,wiwin.dwiutami.hakim
PND,236,4,181,inactive,Bangkalan West,"2024-07-05 09:44:08","2024-07-05 14:22:37",wiwin.dwiutami.hakim,wiwin.dwiutami.hakim
PND,237,4,182,inactive,Demak Central,"2024-07-05 09:44:08","2024-07-05 14:22:37",wiwin.dwiutami.hakim,wiwin.dwiutami.hakim
PND,238,4,183,inactive,Demak Kabupaten South,"2024-07-05 09:44:08","2024-07-05 14:22:37",wiwin.dwiutami.hakim,wiwin.dwiutami.hakim
PND,239,4,184,inactive,Demak East,"2024-07-05 09:44:08","2024-07-05 14:22:37",wiwin.dwiutami.hakim,wiwin.dwiutami.hakim
PND,240,4,185,inactive,Kudus North,"2024-07-05 09:44:08","2024-07-05 14:22:37",wiwin.dwiutami.hakim,wiwin.dwiutami.hakim
PND,241,4,186,inactive,Kudus South,"2024-07-05 09:44:08","2024-07-05 14:22:37",wiwin.dwiutami.hakim,wiwin.dwiutami.hakim
PND,242,4,187,inactive,Jepara South,"2024-07-05 09:44:08","2024-07-05 14:22:37",wiwin.dwiutami.hakim,wiwin.dwiutami.hakim
PND,243,4,188,inactive,Boyolali South,"2024-07-05 09:44:08","2024-07-05 14:22:37",wiwin.dwiutami.hakim,wiwin.dwiutami.hakim
PND,244,4,189,inactive,Boyolali Kabupaten East,"2024-07-05 09:44:08","2024-07-05 14:22:37",wiwin.dwiutami.hakim,wiwin.dwiutami.hakim
PND,245,4,190,inactive,Majalengka,"2024-07-05 09:44:08","2024-07-05 14:22:37",wiwin.dwiutami.hakim,wiwin.dwiutami.hakim
PND,246,4,191,inactive,Surabaya East,"2024-07-05 09:44:08","2024-07-05 14:22:37",wiwin.dwiutami.hakim,wiwin.dwiutami.hakim
PND,247,4,192,inactive,Sidoarjo North,"2024-07-05 09:44:08","2024-07-05 14:22:37",wiwin.dwiutami.hakim,wiwin.dwiutami.hakim
PND,248,4,193,inactive,Magelang Kabupaten North,"2024-07-05 09:44:08","2024-07-05 14:22:37",wiwin.dwiutami.hakim,wiwin.dwiutami.hakim
PND,249,4,194,inactive,Kupang,"2024-07-05 09:44:08","2024-07-05 14:22:37",wiwin.dwiutami.hakim,wiwin.dwiutami.hakim
PND,250,4,195,inactive,Jayapura,"2024-07-05 09:44:08","2024-07-05 14:22:37",wiwin.dwiutami.hakim,wiwin.dwiutami.hakim
PND,251,4,196,inactive,Wonogiri,"2024-07-05 09:44:08","2024-07-05 14:22:37",wiwin.dwiutami.hakim,wiwin.dwiutami.hakim
PND,252,4,197,inactive,Banyuwangi Kabupaten North,"2024-07-05 09:44:08","2024-07-05 14:22:37",wiwin.dwiutami.hakim,wiwin.dwiutami.hakim
PND,253,4,198,inactive,Bojonegoro,"2024-07-05 09:44:08","2024-07-05 14:22:37",wiwin.dwiutami.hakim,wiwin.dwiutami.hakim
PND,254,4,199,inactive,Padang Pariaman Kabupaten South,"2024-07-05 09:44:08","2024-07-05 14:22:37",wiwin.dwiutami.hakim,wiwin.dwiutami.hakim
PND,255,4,200,inactive,Padang Pariaman,"2024-07-05 09:44:08","2024-07-05 14:22:37",wiwin.dwiutami.hakim,wiwin.dwiutami.hakim
PND,256,4,201,inactive,Purworejo,"2024-07-05 09:44:08","2024-07-05 14:22:37",wiwin.dwiutami.hakim,wiwin.dwiutami.hakim
PND,257,4,202,inactive,Demak Kabupaten South East,"2024-07-05 09:44:08","2024-07-05 14:22:37",wiwin.dwiutami.hakim,wiwin.dwiutami.hakim
PND,258,4,203,inactive,Demak Kabupaten West,"2024-07-05 09:44:08","2024-07-05 14:22:37",wiwin.dwiutami.hakim,wiwin.dwiutami.hakim
PND,259,4,204,inactive,Yogyakarta - Bantul South,"2024-07-05 09:44:08","2024-07-05 14:22:37",wiwin.dwiutami.hakim,wiwin.dwiutami.hakim
PND,260,4,205,inactive,Magelang Kabupaten West,"2024-07-05 09:44:08","2024-07-05 14:22:37",wiwin.dwiutami.hakim,wiwin.dwiutami.hakim
PND,261,4,206,inactive,Yogyakarta - Bantul West,"2024-07-05 09:44:08","2024-07-05 14:22:37",wiwin.dwiutami.hakim,wiwin.dwiutami.hakim
PND,262,4,207,inactive,Magelang Kabupaten South,"2024-07-05 09:44:08","2024-07-05 14:22:37",wiwin.dwiutami.hakim,wiwin.dwiutami.hakim
PND,263,4,208,inactive,Pekalongan Kabupaten South,"2024-07-05 09:44:08","2024-07-05 14:22:37",wiwin.dwiutami.hakim,wiwin.dwiutami.hakim
PND,264,4,209,inactive,Pamekasan South,"2024-07-05 09:44:08","2024-07-05 14:22:37",wiwin.dwiutami.hakim,wiwin.dwiutami.hakim
PND,265,4,210,inactive,Jepara,"2024-07-05 09:44:08","2024-07-05 14:22:37",wiwin.dwiutami.hakim,wiwin.dwiutami.hakim
PND,266,4,211,inactive,Bandar Lampung Kabupaten North,"2024-07-05 09:44:09","2024-07-05 14:22:37",wiwin.dwiutami.hakim,wiwin.dwiutami.hakim
PND,267,4,212,inactive,Maros,"2024-07-05 09:44:09","2024-07-05 14:22:37",wiwin.dwiutami.hakim,wiwin.dwiutami.hakim
PND,268,4,213,inactive,Pasuruan Kabupaten East,"2024-07-05 09:44:09","2024-07-05 14:22:37",wiwin.dwiutami.hakim,wiwin.dwiutami.hakim
PND,269,4,214,inactive,Buleleng Central,"2024-07-05 09:44:09","2024-07-05 14:22:37",wiwin.dwiutami.hakim,wiwin.dwiutami.hakim
PND,270,4,215,inactive,Sumedang,"2024-07-05 09:44:09","2024-07-05 14:22:37",wiwin.dwiutami.hakim,wiwin.dwiutami.hakim
PND,271,4,216,inactive,Palangkaraya,"2024-07-05 09:44:09","2024-07-05 14:22:37",wiwin.dwiutami.hakim,wiwin.dwiutami.hakim
PND,272,4,217,inactive,Ambon,"2024-07-05 09:44:09","2024-07-05 14:22:37",wiwin.dwiutami.hakim,wiwin.dwiutami.hakim
PND,273,4,218,inactive,Banyuwangi Kabupaten West,"2024-07-05 09:44:09","2024-07-05 14:22:37",wiwin.dwiutami.hakim,wiwin.dwiutami.hakim
PND,274,4,219,inactive,Subang Kabupaten West,"2024-07-05 09:44:09","2024-07-05 14:22:37",wiwin.dwiutami.hakim,wiwin.dwiutami.hakim
PND,275,4,220,inactive,Palopo,"2024-07-05 09:44:09","2024-07-05 14:22:37",wiwin.dwiutami.hakim,wiwin.dwiutami.hakim
PND,276,4,221,inactive,Probolinggo North East,"2024-07-05 09:44:09","2024-07-05 14:22:37",wiwin.dwiutami.hakim,wiwin.dwiutami.hakim
PND,277,4,223,inactive,Ambon East,"2024-07-05 09:44:09","2024-07-05 14:22:37",wiwin.dwiutami.hakim,wiwin.dwiutami.hakim
PND,278,4,224,inactive,Ambon North,"2024-07-05 09:44:09","2024-07-05 14:22:37",wiwin.dwiutami.hakim,wiwin.dwiutami.hakim
PND,279,4,225,inactive,Bangka Kabupaten South,"2024-07-05 09:44:09","2024-07-05 14:22:37",wiwin.dwiutami.hakim,wiwin.dwiutami.hakim
PND,280,4,226,inactive,Belitung,"2024-07-05 09:44:09","2024-07-05 14:22:37",wiwin.dwiutami.hakim,wiwin.dwiutami.hakim
PND,281,4,227,inactive,Tenggarong,"2024-07-05 09:44:09","2024-07-05 14:22:37",wiwin.dwiutami.hakim,wiwin.dwiutami.hakim
PND,282,4,228,inactive,Buleleng West,"2024-07-05 09:44:09","2024-07-05 14:22:37",wiwin.dwiutami.hakim,wiwin.dwiutami.hakim
PND,283,4,229,inactive,Bandar Lampung Kabupaten East,"2024-07-05 09:44:09","2024-07-05 14:22:37",wiwin.dwiutami.hakim,wiwin.dwiutami.hakim
PND,284,4,230,inactive,Bontang,"2024-07-05 09:44:09","2024-07-05 14:22:37",wiwin.dwiutami.hakim,wiwin.dwiutami.hakim
PND,285,4,231,inactive,Sorong,"2024-07-05 09:44:09","2024-07-05 14:22:37",wiwin.dwiutami.hakim,wiwin.dwiutami.hakim
PND,286,4,233,inactive,Tomohon,"2024-07-05 09:44:09","2024-07-05 14:22:37",wiwin.dwiutami.hakim,wiwin.dwiutami.hakim
PND,287,4,234,inactive,Subang Kabupaten North,"2024-07-05 09:44:09","2024-07-05 14:22:37",wiwin.dwiutami.hakim,wiwin.dwiutami.hakim
PND,288,4,235,inactive,Indramayu Kabupaten,"2024-07-05 09:44:09","2024-07-05 14:22:37",wiwin.dwiutami.hakim,wiwin.dwiutami.hakim
PND,289,4,236,inactive,Rangkasbitung,"2024-07-05 09:44:09","2024-07-05 14:22:37",wiwin.dwiutami.hakim,wiwin.dwiutami.hakim
PND,290,4,237,inactive,Manado North East,"2024-07-05 09:44:09","2024-07-05 14:22:37",wiwin.dwiutami.hakim,wiwin.dwiutami.hakim
PND,291,4,238,inactive,Kulon Progo,"2024-07-05 09:44:09","2024-07-05 14:22:37",wiwin.dwiutami.hakim,wiwin.dwiutami.hakim
PND,292,4,239,inactive,Manado East,"2024-07-05 09:44:09","2024-07-05 14:22:37",wiwin.dwiutami.hakim,wiwin.dwiutami.hakim
PND,293,4,240,inactive,Pemalang,"2024-07-05 09:44:09","2024-07-05 14:22:37",wiwin.dwiutami.hakim,wiwin.dwiutami.hakim
PND,294,4,241,inactive,Jembrana,"2024-07-05 09:44:09","2024-07-05 14:22:37",wiwin.dwiutami.hakim,wiwin.dwiutami.hakim
PND,295,4,242,inactive,Bondowoso,"2024-07-05 09:44:09","2024-07-05 14:22:37",wiwin.dwiutami.hakim,wiwin.dwiutami.hakim
PND,296,4,243,inactive,West Lombok,"2024-07-05 09:44:09","2024-07-05 14:22:37",wiwin.dwiutami.hakim,wiwin.dwiutami.hakim
PND,297,4,244,inactive,Pandeglang,"2024-07-05 09:44:09","2024-07-05 14:22:37",wiwin.dwiutami.hakim,wiwin.dwiutami.hakim
PND,298,4,245,inactive,Kendal,"2024-07-05 09:44:09","2024-07-05 14:22:37",wiwin.dwiutami.hakim,wiwin.dwiutami.hakim
PND,299,4,246,inactive,Nganjuk,"2024-07-05 09:44:09","2024-07-05 14:22:37",wiwin.dwiutami.hakim,wiwin.dwiutami.hakim
PND,300,4,247,inactive,Rembang,"2024-07-05 09:44:09","2024-07-05 14:22:37",wiwin.dwiutami.hakim,wiwin.dwiutami.hakim
PND,301,4,248,inactive,Pati,"2024-07-05 09:44:09","2024-07-05 14:22:37",wiwin.dwiutami.hakim,wiwin.dwiutami.hakim
PND,302,4,249,inactive,Blora,"2024-07-05 09:44:09","2024-07-05 14:22:37",wiwin.dwiutami.hakim,wiwin.dwiutami.hakim
PND,303,4,250,inactive,Purwodadi,"2024-07-05 09:44:09","2024-07-05 14:22:37",wiwin.dwiutami.hakim,wiwin.dwiutami.hakim
PND,304,4,251,inactive,Bandung West,"2024-07-05 09:44:09","2024-07-05 14:22:37",wiwin.dwiutami.hakim,wiwin.dwiutami.hakim
PND,305,4,252,inactive,Pangkajene Kepulauan,"2024-07-05 09:44:09","2024-07-05 14:22:37",wiwin.dwiutami.hakim,wiwin.dwiutami.hakim
PND,306,4,253,inactive,Sidenreng Rappang,"2024-07-05 09:44:09","2024-07-05 14:22:37",wiwin.dwiutami.hakim,wiwin.dwiutami.hakim
PND,307,4,254,inactive,Tanjung Balai,"2024-07-05 09:44:09","2024-07-05 14:22:37",wiwin.dwiutami.hakim,wiwin.dwiutami.hakim
PND,308,4,255,inactive,Blitar,"2024-07-05 09:44:09","2024-07-05 14:22:37",wiwin.dwiutami.hakim,wiwin.dwiutami.hakim
PND,309,4,256,inactive,Tulungagung,"2024-07-05 09:44:09","2024-07-05 14:22:37",wiwin.dwiutami.hakim,wiwin.dwiutami.hakim
PND,310,4,257,inactive,Bengkulu,"2024-07-05 09:44:09","2024-07-05 14:22:37",wiwin.dwiutami.hakim,wiwin.dwiutami.hakim
PND,311,4,258,inactive,Mamuju,"2024-07-05 09:44:09","2024-07-05 14:22:37",wiwin.dwiutami.hakim,wiwin.dwiutami.hakim
PND,312,4,259,inactive,Watampone,"2024-07-05 09:44:09","2024-07-05 14:22:37",wiwin.dwiutami.hakim,wiwin.dwiutami.hakim
PND,313,4,260,inactive,Parepare,"2024-07-05 09:44:09","2024-07-05 14:22:37",wiwin.dwiutami.hakim,wiwin.dwiutami.hakim
PND,314,4,261,inactive,Batang,"2024-07-05 09:44:09","2024-07-05 14:22:37",wiwin.dwiutami.hakim,wiwin.dwiutami.hakim
PND,315,4,262,inactive,Blora Kabupaten South,"2024-07-05 09:44:09","2024-07-05 14:22:37",wiwin.dwiutami.hakim,wiwin.dwiutami.hakim
PND,316,4,263,inactive,Bojonegoro West,"2024-07-05 09:44:09","2024-07-05 14:22:37",wiwin.dwiutami.hakim,wiwin.dwiutami.hakim
PND,317,4,264,inactive,Grobogan Kabupaten East,"2024-07-05 09:44:09","2024-07-05 14:22:37",wiwin.dwiutami.hakim,wiwin.dwiutami.hakim
PND,318,4,265,inactive,Grobogan Kabupaten West,"2024-07-05 09:44:09","2024-07-05 14:22:37",wiwin.dwiutami.hakim,wiwin.dwiutami.hakim
PND,319,4,266,inactive,Jepara North,"2024-07-05 09:44:09","2024-07-05 14:22:37",wiwin.dwiutami.hakim,wiwin.dwiutami.hakim
PND,320,4,267,inactive,Kendal Kabupaten South,"2024-07-05 09:44:09","2024-07-05 14:22:37",wiwin.dwiutami.hakim,wiwin.dwiutami.hakim
PND,321,4,268,inactive,Labuhan,"2024-07-05 09:44:09","2024-07-05 14:22:37",wiwin.dwiutami.hakim,wiwin.dwiutami.hakim
PND,322,4,269,inactive,Pandeglang Kabupaten North East,"2024-07-05 09:44:09","2024-07-05 14:22:37",wiwin.dwiutami.hakim,wiwin.dwiutami.hakim
PND,323,4,270,inactive,Lamongan Kabupaten North,"2024-07-05 09:44:09","2024-07-05 14:22:37",wiwin.dwiutami.hakim,wiwin.dwiutami.hakim
PND,324,4,271,inactive,Lamongan Kabupaten West,"2024-07-05 09:44:09","2024-07-05 14:22:37",wiwin.dwiutami.hakim,wiwin.dwiutami.hakim
PND,325,4,272,inactive,Pati Kabupaten North,"2024-07-05 09:44:09","2024-07-05 14:22:37",wiwin.dwiutami.hakim,wiwin.dwiutami.hakim
PND,326,4,273,inactive,Pati Kabupaten South,"2024-07-05 09:44:09","2024-07-05 14:22:37",wiwin.dwiutami.hakim,wiwin.dwiutami.hakim
PND,327,4,274,inactive,Rembang Kabupaten East,"2024-07-05 09:44:09","2024-07-05 14:22:37",wiwin.dwiutami.hakim,wiwin.dwiutami.hakim
PND,328,4,275,inactive,Sampang,"2024-07-05 09:44:09","2024-07-05 14:22:37",wiwin.dwiutami.hakim,wiwin.dwiutami.hakim
PND,329,4,276,inactive,Sumenep,"2024-07-05 09:44:09","2024-07-05 14:22:37",wiwin.dwiutami.hakim,wiwin.dwiutami.hakim
PND,330,4,277,inactive,Tuban,"2024-07-05 09:44:09","2024-07-05 14:22:37",wiwin.dwiutami.hakim,wiwin.dwiutami.hakim
PND,331,4,278,inactive,Takalar,"2024-07-05 09:44:09","2024-07-05 14:22:37",wiwin.dwiutami.hakim,wiwin.dwiutami.hakim
PND,332,4,279,inactive,Jeneponto,"2024-07-05 09:44:09","2024-07-05 14:22:37",wiwin.dwiutami.hakim,wiwin.dwiutami.hakim
PND,333,4,280,inactive,Bantaeng,"2024-07-05 09:44:09","2024-07-05 14:22:37",wiwin.dwiutami.hakim,wiwin.dwiutami.hakim
PND,334,4,281,inactive,Bulukumba,"2024-07-05 09:44:09","2024-07-05 14:22:37",wiwin.dwiutami.hakim,wiwin.dwiutami.hakim
PND,335,4,282,inactive,Sinjai,"2024-07-05 09:44:09","2024-07-05 14:22:37",wiwin.dwiutami.hakim,wiwin.dwiutami.hakim
PND,336,4,283,inactive,Bone,"2024-07-05 09:44:09","2024-07-05 14:22:37",wiwin.dwiutami.hakim,wiwin.dwiutami.hakim
PND,337,4,284,inactive,Takalar Kabupaten West,"2024-07-05 09:44:09","2024-07-05 14:22:37",wiwin.dwiutami.hakim,wiwin.dwiutami.hakim
PND,338,4,285,inactive,Gowa Kabupaten West,"2024-07-05 09:44:09","2024-07-05 14:22:37",wiwin.dwiutami.hakim,wiwin.dwiutami.hakim
PND,339,4,286,inactive,Barru,"2024-07-05 09:44:09","2024-07-05 14:22:37",wiwin.dwiutami.hakim,wiwin.dwiutami.hakim
PND,340,4,287,inactive,Soppeng,"2024-07-05 09:44:09","2024-07-05 14:22:37",wiwin.dwiutami.hakim,wiwin.dwiutami.hakim
PND,341,4,288,inactive,Wajo,"2024-07-05 09:44:09","2024-07-05 14:22:37",wiwin.dwiutami.hakim,wiwin.dwiutami.hakim
PND,342,4,289,inactive,Pinrang,"2024-07-05 09:44:09","2024-07-05 14:22:37",wiwin.dwiutami.hakim,wiwin.dwiutami.hakim
PND,343,4,290,inactive,Enrekang,"2024-07-05 09:44:09","2024-07-05 14:22:37",wiwin.dwiutami.hakim,wiwin.dwiutami.hakim
PND,344,4,291,inactive,Polewali Mandar,"2024-07-05 09:44:09","2024-07-05 14:22:37",wiwin.dwiutami.hakim,wiwin.dwiutami.hakim
PND,345,4,292,inactive,Tana Toraja,"2024-07-05 09:44:09","2024-07-05 14:22:37",wiwin.dwiutami.hakim,wiwin.dwiutami.hakim
PND,346,4,293,inactive,North Luwu,"2024-07-05 09:44:09","2024-07-05 14:22:37",wiwin.dwiutami.hakim,wiwin.dwiutami.hakim
PND,347,4,294,inactive,East Luwu,"2024-07-05 09:44:09","2024-07-05 14:22:37",wiwin.dwiutami.hakim,wiwin.dwiutami.hakim
PND,348,4,295,inactive,Luwu,"2024-07-05 09:44:09","2024-07-05 14:22:37",wiwin.dwiutami.hakim,wiwin.dwiutami.hakim
PND,349,4,296,inactive,Muna,"2024-07-05 09:44:09","2024-07-05 14:22:37",wiwin.dwiutami.hakim,wiwin.dwiutami.hakim
PND,350,4,297,inactive,Baubau,"2024-07-05 09:44:09","2024-07-05 14:22:37",wiwin.dwiutami.hakim,wiwin.dwiutami.hakim
PND,351,4,298,inactive,North Mamuju,"2024-07-05 09:44:09","2024-07-05 14:22:37",wiwin.dwiutami.hakim,wiwin.dwiutami.hakim
PND,352,4,299,inactive,Konawe,"2024-07-05 09:44:09","2024-07-05 14:22:37",wiwin.dwiutami.hakim,wiwin.dwiutami.hakim
PND,353,4,300,inactive,Parigi Kabupaten South,"2024-07-05 09:44:09","2024-07-05 14:22:37",wiwin.dwiutami.hakim,wiwin.dwiutami.hakim
PND,354,4,301,inactive,Poso,"2024-07-05 09:44:09","2024-07-05 14:22:37",wiwin.dwiutami.hakim,wiwin.dwiutami.hakim
PND,355,4,302,inactive,Banggai,"2024-07-05 09:44:09","2024-07-05 14:22:37",wiwin.dwiutami.hakim,wiwin.dwiutami.hakim
PND,356,4,303,inactive,Maros Kabupaten North,"2024-07-05 09:44:09","2024-07-05 14:22:37",wiwin.dwiutami.hakim,wiwin.dwiutami.hakim
PND,357,4,304,inactive,Majene,"2024-07-05 09:44:09","2024-07-05 14:22:37",wiwin.dwiutami.hakim,wiwin.dwiutami.hakim
PND,358,4,305,inactive,North Toraja,"2024-07-05 09:44:09","2024-07-05 14:22:37",wiwin.dwiutami.hakim,wiwin.dwiutami.hakim
PND,359,4,306,inactive,Aceh Singkil,"2024-07-05 09:44:09","2024-07-05 14:22:37",wiwin.dwiutami.hakim,wiwin.dwiutami.hakim
PND,360,4,307,inactive,Aceh Tenggara,"2024-07-05 09:44:09","2024-07-05 14:22:37",wiwin.dwiutami.hakim,wiwin.dwiutami.hakim
PND,361,4,308,inactive,Asahan,"2024-07-05 09:44:09","2024-07-05 14:22:37",wiwin.dwiutami.hakim,wiwin.dwiutami.hakim
PND,362,4,309,inactive,Batu Bara,"2024-07-05 09:44:09","2024-07-05 14:22:37",wiwin.dwiutami.hakim,wiwin.dwiutami.hakim
PND,363,4,310,inactive,Central Tapanuli,"2024-07-05 09:44:09","2024-07-05 14:22:37",wiwin.dwiutami.hakim,wiwin.dwiutami.hakim
PND,364,4,311,inactive,Dairi,"2024-07-05 09:44:09","2024-07-05 14:22:37",wiwin.dwiutami.hakim,wiwin.dwiutami.hakim
PND,365,4,312,inactive,Gunungsitoli,"2024-07-05 09:44:09","2024-07-05 14:22:37",wiwin.dwiutami.hakim,wiwin.dwiutami.hakim
PND,366,4,313,inactive,Karo,"2024-07-05 09:44:09","2024-07-05 14:22:37",wiwin.dwiutami.hakim,wiwin.dwiutami.hakim
PND,367,4,314,inactive,Labuhan Batu,"2024-07-05 09:44:09","2024-07-05 14:22:37",wiwin.dwiutami.hakim,wiwin.dwiutami.hakim
PND,368,4,315,inactive,Langkat,"2024-07-05 09:44:09","2024-07-05 14:22:37",wiwin.dwiutami.hakim,wiwin.dwiutami.hakim
PND,369,4,316,inactive,Mandailing Natal,"2024-07-05 09:44:09","2024-07-05 14:22:37",wiwin.dwiutami.hakim,wiwin.dwiutami.hakim
PND,370,4,317,inactive,Nias,"2024-07-05 09:44:09","2024-07-05 14:22:37",wiwin.dwiutami.hakim,wiwin.dwiutami.hakim
PND,371,4,318,inactive,North Labuhan Batu,"2024-07-05 09:44:09","2024-07-05 14:22:37",wiwin.dwiutami.hakim,wiwin.dwiutami.hakim
PND,372,4,319,inactive,North Padang Lawas,"2024-07-05 09:44:09","2024-07-05 14:22:37",wiwin.dwiutami.hakim,wiwin.dwiutami.hakim
PND,373,4,320,inactive,North Tapanuli,"2024-07-05 09:44:09","2024-07-05 14:22:37",wiwin.dwiutami.hakim,wiwin.dwiutami.hakim
PND,374,4,321,inactive,Padang Lawas,"2024-07-05 09:44:09","2024-07-05 14:22:37",wiwin.dwiutami.hakim,wiwin.dwiutami.hakim
PND,375,4,322,inactive,Padang Sidempuan,"2024-07-05 09:44:09","2024-07-05 14:22:37",wiwin.dwiutami.hakim,wiwin.dwiutami.hakim
PND,376,4,323,inactive,Samosir,"2024-07-05 09:44:09","2024-07-05 14:22:37",wiwin.dwiutami.hakim,wiwin.dwiutami.hakim
PND,377,4,324,inactive,Serdang Bedagai,"2024-07-05 09:44:09","2024-07-05 14:22:37",wiwin.dwiutami.hakim,wiwin.dwiutami.hakim
PND,378,4,325,inactive,Sibolga,"2024-07-05 09:44:09","2024-07-05 14:22:37",wiwin.dwiutami.hakim,wiwin.dwiutami.hakim
PND,379,4,326,inactive,South Labuhan Batu,"2024-07-05 09:44:09","2024-07-05 14:22:37",wiwin.dwiutami.hakim,wiwin.dwiutami.hakim
PND,380,4,327,inactive,Tebing Tinggi,"2024-07-05 09:44:09","2024-07-05 14:22:37",wiwin.dwiutami.hakim,wiwin.dwiutami.hakim
PND,381,4,328,inactive,Toba Samosir,"2024-07-05 09:44:09","2024-07-05 14:22:37",wiwin.dwiutami.hakim,wiwin.dwiutami.hakim
PND,382,4,329,inactive,Simalungun,"2024-07-05 09:44:09","2024-07-05 14:22:37",wiwin.dwiutami.hakim,wiwin.dwiutami.hakim
PND,383,4,330,inactive,Simalungun Kabupaten South,"2024-07-05 09:44:09","2024-07-05 14:22:37",wiwin.dwiutami.hakim,wiwin.dwiutami.hakim
PND,384,4,331,inactive,Boengkoelan,"2024-07-05 09:44:09","2024-07-05 14:22:37",wiwin.dwiutami.hakim,wiwin.dwiutami.hakim
PND,385,4,332,inactive,Jembrana West,"2024-07-05 09:44:09","2024-07-05 14:22:37",wiwin.dwiutami.hakim,wiwin.dwiutami.hakim
PND,386,4,333,inactive,Kebumen,"2024-07-05 09:44:09","2024-07-05 14:22:37",wiwin.dwiutami.hakim,wiwin.dwiutami.hakim
PND,387,4,334,inactive,Klungkung,"2024-07-05 09:44:09","2024-07-05 14:22:37",wiwin.dwiutami.hakim,wiwin.dwiutami.hakim
PND,388,4,335,inactive,Merauke,"2024-07-05 09:44:09","2024-07-05 14:22:37",wiwin.dwiutami.hakim,wiwin.dwiutami.hakim
PND,389,4,336,inactive,Singaparna,"2024-07-05 09:44:09","2024-07-05 14:22:37",wiwin.dwiutami.hakim,wiwin.dwiutami.hakim
PND,390,4,337,inactive,Trenggalek,"2024-07-05 09:44:09","2024-07-05 14:22:37",wiwin.dwiutami.hakim,wiwin.dwiutami.hakim
PND,391,4,338,inactive,Tulungagung South,"2024-07-05 09:44:09","2024-07-05 14:22:37",wiwin.dwiutami.hakim,wiwin.dwiutami.hakim
PND,392,4,339,inactive,Banjarnegara,"2024-07-05 09:44:09","2024-07-05 14:22:37",wiwin.dwiutami.hakim,wiwin.dwiutami.hakim
PND,393,4,340,inactive,Blitar Kabupaten East,"2024-07-05 09:44:09","2024-07-05 14:22:37",wiwin.dwiutami.hakim,wiwin.dwiutami.hakim
PND,394,4,341,inactive,Blora Kabupaten West,"2024-07-05 09:44:09","2024-07-05 14:22:37",wiwin.dwiutami.hakim,wiwin.dwiutami.hakim
PND,395,4,343,inactive,Cilacap Kabupaten East,"2024-07-05 09:44:09","2024-07-05 14:22:37",wiwin.dwiutami.hakim,wiwin.dwiutami.hakim
PND,396,4,344,inactive,Cilacap Kabupaten North,"2024-07-05 09:44:09","2024-07-05 14:22:37",wiwin.dwiutami.hakim,wiwin.dwiutami.hakim
PND,397,4,345,inactive,Brebes Kabupaten South,"2024-07-05 09:44:09","2024-07-05 14:22:37",wiwin.dwiutami.hakim,wiwin.dwiutami.hakim
PND,398,4,348,inactive,Gunung Kidul,"2024-07-05 09:44:09","2024-07-05 14:22:37",wiwin.dwiutami.hakim,wiwin.dwiutami.hakim
PND,399,4,349,inactive,Cilacap Kabupaten West,"2024-07-05 09:44:09","2024-07-05 14:22:37",wiwin.dwiutami.hakim,wiwin.dwiutami.hakim
PND,400,4,350,inactive,Lumajang,"2024-07-05 09:44:09","2024-07-05 14:22:37",wiwin.dwiutami.hakim,wiwin.dwiutami.hakim
PND,401,4,351,inactive,Pacitan,"2024-07-05 09:44:09","2024-07-05 14:22:37",wiwin.dwiutami.hakim,wiwin.dwiutami.hakim
PND,402,4,352,inactive,Pamekasan Kabupaten North,"2024-07-05 09:44:09","2024-07-05 14:22:37",wiwin.dwiutami.hakim,wiwin.dwiutami.hakim
PND,403,4,353,inactive,Purwodadi North,"2024-07-05 09:44:09","2024-07-05 14:22:37",wiwin.dwiutami.hakim,wiwin.dwiutami.hakim
PND,404,4,354,inactive,Purworejo North,"2024-07-05 09:44:09","2024-07-05 14:22:37",wiwin.dwiutami.hakim,wiwin.dwiutami.hakim
PND,405,4,355,inactive,Situbondo,"2024-07-05 09:44:09","2024-07-05 14:22:37",wiwin.dwiutami.hakim,wiwin.dwiutami.hakim
PND,406,4,356,inactive,Sumenep Kabupaten South,"2024-07-05 09:44:09","2024-07-05 14:22:37",wiwin.dwiutami.hakim,wiwin.dwiutami.hakim
PND,407,4,357,inactive,Tegal Kabupaten South,"2024-07-05 09:44:09","2024-07-05 14:22:37",wiwin.dwiutami.hakim,wiwin.dwiutami.hakim
PND,408,4,358,inactive,Temanggung,"2024-07-05 09:44:09","2024-07-05 14:22:37",wiwin.dwiutami.hakim,wiwin.dwiutami.hakim
PND,409,4,359,inactive,Wonosobo,"2024-07-05 09:44:09","2024-07-05 14:22:37",wiwin.dwiutami.hakim,wiwin.dwiutami.hakim
PND,410,4,360,inactive,Central Lombok Regency,"2024-07-05 09:44:09","2024-07-05 14:22:37",wiwin.dwiutami.hakim,wiwin.dwiutami.hakim
PND,411,4,362,inactive,Pati Kabupaten West,"2024-07-05 09:44:09","2024-07-05 14:22:37",wiwin.dwiutami.hakim,wiwin.dwiutami.hakim
PND,412,4,363,inactive,Pemalang Kabupaten South,"2024-07-05 09:44:09","2024-07-05 14:22:37",wiwin.dwiutami.hakim,wiwin.dwiutami.hakim
PND,413,4,364,inactive,Banjar,"2024-07-05 09:44:09","2024-07-05 14:22:37",wiwin.dwiutami.hakim,wiwin.dwiutami.hakim
PND,414,4,365,inactive,Ciamis,"2024-07-05 09:44:09","2024-07-05 14:22:37",wiwin.dwiutami.hakim,wiwin.dwiutami.hakim
PND,415,4,366,inactive,Cikuray,"2024-07-05 09:44:09","2024-07-05 14:22:37",wiwin.dwiutami.hakim,wiwin.dwiutami.hakim
PND,416,4,367,inactive,Garut Kabupaten,"2024-07-05 09:44:09","2024-07-05 14:22:37",wiwin.dwiutami.hakim,wiwin.dwiutami.hakim
PND,417,4,368,inactive,Garut Kabupaten South,"2024-07-05 09:44:09","2024-07-05 14:22:37",wiwin.dwiutami.hakim,wiwin.dwiutami.hakim
PND,418,4,369,inactive,Lembang North,"2024-07-05 09:44:09","2024-07-05 14:22:37",wiwin.dwiutami.hakim,wiwin.dwiutami.hakim
PND,419,4,370,inactive,Majalengka North,"2024-07-05 09:44:09","2024-07-05 14:22:37",wiwin.dwiutami.hakim,wiwin.dwiutami.hakim
PND,420,4,371,inactive,Pangandaran,"2024-07-05 09:44:09","2024-07-05 14:22:37",wiwin.dwiutami.hakim,wiwin.dwiutami.hakim
PND,421,4,372,inactive,Bandung Kabupaten West,"2024-07-05 09:44:09","2024-07-05 14:22:37",wiwin.dwiutami.hakim,wiwin.dwiutami.hakim
PND,422,4,373,inactive,Sukabumi South,"2024-07-05 09:44:09","2024-07-05 14:22:37",wiwin.dwiutami.hakim,wiwin.dwiutami.hakim
PND,423,4,374,inactive,Sumedang East,"2024-07-05 09:44:09","2024-07-05 14:22:37",wiwin.dwiutami.hakim,wiwin.dwiutami.hakim
PND,424,4,375,inactive,Sumedang West,"2024-07-05 09:44:09","2024-07-05 14:22:37",wiwin.dwiutami.hakim,wiwin.dwiutami.hakim
PND,425,4,376,inactive,Pringsewu,"2024-07-05 09:44:09","2024-07-05 14:22:37",wiwin.dwiutami.hakim,wiwin.dwiutami.hakim
PND,426,4,377,inactive,Tarakan,"2024-07-05 09:44:09","2024-07-05 14:22:37",wiwin.dwiutami.hakim,wiwin.dwiutami.hakim
PND,427,4,378,inactive,Hulu Sungai North,"2024-07-05 09:44:09","2024-07-05 14:22:37",wiwin.dwiutami.hakim,wiwin.dwiutami.hakim
PND,428,4,379,inactive,Balikpapan East,"2024-07-05 09:44:09","2024-07-05 14:22:37",wiwin.dwiutami.hakim,wiwin.dwiutami.hakim
PND,429,4,380,inactive,Bangka Kabupaten Southwest,"2024-07-05 09:44:09","2024-07-05 14:22:37",wiwin.dwiutami.hakim,wiwin.dwiutami.hakim
PND,430,4,382,inactive,Banjarsari,"2024-07-05 09:44:09","2024-07-05 14:22:37",wiwin.dwiutami.hakim,wiwin.dwiutami.hakim
PND,431,4,383,inactive,Belinyu,"2024-07-05 09:44:09","2024-07-05 14:22:37",wiwin.dwiutami.hakim,wiwin.dwiutami.hakim
PND,432,4,384,inactive,Belitung Kabupaten East,"2024-07-05 09:44:09","2024-07-05 14:22:37",wiwin.dwiutami.hakim,wiwin.dwiutami.hakim
PND,433,4,385,inactive,Bintan Kabupaten West,"2024-07-05 09:44:09","2024-07-05 14:22:37",wiwin.dwiutami.hakim,wiwin.dwiutami.hakim
PND,434,4,386,inactive,Bitung,"2024-07-05 09:44:09","2024-07-05 14:22:37",wiwin.dwiutami.hakim,wiwin.dwiutami.hakim
PND,435,4,387,inactive,Buol,"2024-07-05 09:44:09","2024-07-05 14:22:37",wiwin.dwiutami.hakim,wiwin.dwiutami.hakim
PND,436,4,388,inactive,Humbang Hasundutan,"2024-07-05 09:44:09","2024-07-05 14:22:37",wiwin.dwiutami.hakim,wiwin.dwiutami.hakim
PND,437,4,389,inactive,Bengkalis,"2024-07-05 09:44:09","2024-07-05 14:22:37",wiwin.dwiutami.hakim,wiwin.dwiutami.hakim
PND,438,4,391,inactive,Gorontalo Kabupaten North,"2024-07-05 09:44:09","2024-07-05 14:22:37",wiwin.dwiutami.hakim,wiwin.dwiutami.hakim
PND,439,4,392,inactive,Gorontalo Kabupaten West,"2024-07-05 09:44:09","2024-07-05 14:22:37",wiwin.dwiutami.hakim,wiwin.dwiutami.hakim
PND,440,4,393,inactive,Jembrana East,"2024-07-05 09:44:09","2024-07-05 14:22:37",wiwin.dwiutami.hakim,wiwin.dwiutami.hakim
PND,441,4,394,inactive,Bandar Lampung South,"2024-07-05 09:44:09","2024-07-05 14:22:37",wiwin.dwiutami.hakim,wiwin.dwiutami.hakim
PND,442,4,395,inactive,Hulu Sungai Central,"2024-07-05 09:44:09","2024-07-05 14:22:37",wiwin.dwiutami.hakim,wiwin.dwiutami.hakim
PND,443,4,396,inactive,Karangasem East,"2024-07-05 09:44:09","2024-07-05 14:22:37",wiwin.dwiutami.hakim,wiwin.dwiutami.hakim
PND,444,4,397,inactive,Karimun,"2024-07-05 09:44:09","2024-07-05 14:22:37",wiwin.dwiutami.hakim,wiwin.dwiutami.hakim
PND,445,4,398,inactive,Bintan Kabupaten South,"2024-07-05 09:44:09","2024-07-05 14:22:37",wiwin.dwiutami.hakim,wiwin.dwiutami.hakim
PND,446,4,399,inactive,Bangka Central,"2024-07-05 09:44:09","2024-07-05 14:22:37",wiwin.dwiutami.hakim,wiwin.dwiutami.hakim
PND,447,4,400,inactive,Bangli,"2024-07-05 09:44:09","2024-07-05 14:22:37",wiwin.dwiutami.hakim,wiwin.dwiutami.hakim
PND,448,4,401,inactive,Kolaka,"2024-07-05 09:44:09","2024-07-05 14:22:37",wiwin.dwiutami.hakim,wiwin.dwiutami.hakim
PND,449,4,402,inactive,Tenggamus,"2024-07-05 09:44:09","2024-07-05 14:22:37",wiwin.dwiutami.hakim,wiwin.dwiutami.hakim
PND,450,4,403,inactive,Kotawaringin,"2024-07-05 09:44:09","2024-07-05 14:22:37",wiwin.dwiutami.hakim,wiwin.dwiutami.hakim
PND,451,4,404,inactive,Kapuas,"2024-07-05 09:44:09","2024-07-05 14:22:37",wiwin.dwiutami.hakim,wiwin.dwiutami.hakim
PND,452,4,405,inactive,Kutai Kartanegara,"2024-07-05 09:44:09","2024-07-05 14:22:37",wiwin.dwiutami.hakim,wiwin.dwiutami.hakim
PND,453,4,406,inactive,Lahat,"2024-07-05 09:44:09","2024-07-05 14:22:37",wiwin.dwiutami.hakim,wiwin.dwiutami.hakim
PND,454,4,407,inactive,Muara Enim,"2024-07-05 09:44:09","2024-07-05 14:22:37",wiwin.dwiutami.hakim,wiwin.dwiutami.hakim
PND,455,4,408,inactive,Empat Lawang,"2024-07-05 09:44:09","2024-07-05 14:22:37",wiwin.dwiutami.hakim,wiwin.dwiutami.hakim
PND,456,4,409,inactive,Langsa,"2024-07-05 09:44:09","2024-07-05 14:22:37",wiwin.dwiutami.hakim,wiwin.dwiutami.hakim
PND,457,4,410,inactive,Tamiang,"2024-07-05 09:44:09","2024-07-05 14:22:37",wiwin.dwiutami.hakim,wiwin.dwiutami.hakim
PND,458,4,411,inactive,Lhokseumawe,"2024-07-05 09:44:09","2024-07-05 14:22:37",wiwin.dwiutami.hakim,wiwin.dwiutami.hakim
PND,459,4,412,inactive,Lombok Kabupaten East,"2024-07-05 09:44:09","2024-07-05 14:22:37",wiwin.dwiutami.hakim,wiwin.dwiutami.hakim
PND,460,4,413,inactive,Lubuklinggau,"2024-07-05 09:44:09","2024-07-05 14:22:37",wiwin.dwiutami.hakim,wiwin.dwiutami.hakim
PND,461,4,414,inactive,Karangasem Kabupaten West,"2024-07-05 09:44:09","2024-07-05 14:22:37",wiwin.dwiutami.hakim,wiwin.dwiutami.hakim
PND,462,4,415,inactive,Tapin,"2024-07-05 09:44:09","2024-07-05 14:22:37",wiwin.dwiutami.hakim,wiwin.dwiutami.hakim
PND,463,4,416,inactive,Hulu Sungai South,"2024-07-05 09:44:09","2024-07-05 14:22:37",wiwin.dwiutami.hakim,wiwin.dwiutami.hakim
PND,464,4,417,inactive,Minahasa Kabupaten South,"2024-07-05 09:44:09","2024-07-05 14:22:37",wiwin.dwiutami.hakim,wiwin.dwiutami.hakim
PND,465,4,418,inactive,Pahuwato,"2024-07-05 09:44:09","2024-07-05 14:22:37",wiwin.dwiutami.hakim,wiwin.dwiutami.hakim
PND,466,4,419,inactive,Musirawas,"2024-07-05 09:44:09","2024-07-05 14:22:37",wiwin.dwiutami.hakim,wiwin.dwiutami.hakim
PND,467,4,420,inactive,Padang Panjang,"2024-07-05 09:44:09","2024-07-05 14:22:37",wiwin.dwiutami.hakim,wiwin.dwiutami.hakim
PND,468,4,421,inactive,Pagar Alam,"2024-07-05 09:44:09","2024-07-05 14:22:37",wiwin.dwiutami.hakim,wiwin.dwiutami.hakim
PND,469,4,422,inactive,Penajam,"2024-07-05 09:44:09","2024-07-05 14:22:37",wiwin.dwiutami.hakim,wiwin.dwiutami.hakim
PND,470,4,423,inactive,Paser,"2024-07-05 09:44:09","2024-07-05 14:22:37",wiwin.dwiutami.hakim,wiwin.dwiutami.hakim
PND,471,4,424,inactive,Bangka Tengah,"2024-07-05 09:44:09","2024-07-05 14:22:37",wiwin.dwiutami.hakim,wiwin.dwiutami.hakim
PND,472,4,425,inactive,Pelalawan,"2024-07-05 09:44:09","2024-07-05 14:22:37",wiwin.dwiutami.hakim,wiwin.dwiutami.hakim
PND,473,4,426,inactive,Tabalong,"2024-07-05 09:44:09","2024-07-05 14:22:37",wiwin.dwiutami.hakim,wiwin.dwiutami.hakim
PND,474,4,427,inactive,Kepulauan Selayar,"2024-07-05 09:44:09","2024-07-05 14:22:37",wiwin.dwiutami.hakim,wiwin.dwiutami.hakim
PND,475,4,428,inactive,Rokan Hilir,"2024-07-05 09:44:09","2024-07-05 14:22:37",wiwin.dwiutami.hakim,wiwin.dwiutami.hakim
PND,476,4,429,inactive,Rokan Hulu,"2024-07-05 09:44:09","2024-07-05 14:22:37",wiwin.dwiutami.hakim,wiwin.dwiutami.hakim
PND,477,4,430,inactive,Kotawaringin Kabupaten East,"2024-07-05 09:44:09","2024-07-05 14:22:37",wiwin.dwiutami.hakim,wiwin.dwiutami.hakim
PND,478,4,431,inactive,Katingan,"2024-07-05 09:44:09","2024-07-05 14:22:37",wiwin.dwiutami.hakim,wiwin.dwiutami.hakim
PND,479,4,433,inactive,Pidie,"2024-07-05 09:44:09","2024-07-05 14:22:37",wiwin.dwiutami.hakim,wiwin.dwiutami.hakim
PND,480,4,434,inactive,Sukamara,"2024-07-05 09:44:09","2024-07-05 14:22:37",wiwin.dwiutami.hakim,wiwin.dwiutami.hakim
PND,481,4,435,inactive,Sungai Liat,"2024-07-05 09:44:09","2024-07-05 14:22:37",wiwin.dwiutami.hakim,wiwin.dwiutami.hakim
PND,482,4,436,inactive,Tabanan North,"2024-07-05 09:44:09","2024-07-05 14:22:37",wiwin.dwiutami.hakim,wiwin.dwiutami.hakim
PND,483,4,437,inactive,Tabanan West,"2024-07-05 09:44:09","2024-07-05 14:22:37",wiwin.dwiutami.hakim,wiwin.dwiutami.hakim
PND,484,4,438,inactive,Berau,"2024-07-05 09:44:09","2024-07-05 14:22:37",wiwin.dwiutami.hakim,wiwin.dwiutami.hakim
PND,485,4,439,inactive,Indragiri Hilir,"2024-07-05 09:44:09","2024-07-05 14:22:37",wiwin.dwiutami.hakim,wiwin.dwiutami.hakim
PND,486,4,440,inactive,Toli-Toli,"2024-07-05 09:44:09","2024-07-05 14:22:37",wiwin.dwiutami.hakim,wiwin.dwiutami.hakim
PND,487,4,441,inactive,Agam,"2024-07-05 09:44:09","2024-07-05 14:22:37",wiwin.dwiutami.hakim,wiwin.dwiutami.hakim
PND,488,4,442,inactive,Dharmasraya,"2024-07-05 09:44:09","2024-07-05 14:22:37",wiwin.dwiutami.hakim,wiwin.dwiutami.hakim
PND,489,4,443,inactive,Kota Lima Puluh,"2024-07-05 09:44:09","2024-07-05 14:22:37",wiwin.dwiutami.hakim,wiwin.dwiutami.hakim
PND,490,4,444,inactive,Pasaman West,"2024-07-05 09:44:09","2024-07-05 14:22:37",wiwin.dwiutami.hakim,wiwin.dwiutami.hakim
PND,491,4,445,inactive,Pasaman,"2024-07-05 09:44:09","2024-07-05 14:22:37",wiwin.dwiutami.hakim,wiwin.dwiutami.hakim
PND,492,4,446,inactive,Pesisir Selatan,"2024-07-05 09:44:09","2024-07-05 14:22:37",wiwin.dwiutami.hakim,wiwin.dwiutami.hakim
PND,493,4,447,inactive,SawahLunto,"2024-07-05 09:44:09","2024-07-05 14:22:37",wiwin.dwiutami.hakim,wiwin.dwiutami.hakim
PND,494,4,448,inactive,Sijunjung,"2024-07-05 09:44:09","2024-07-05 14:22:37",wiwin.dwiutami.hakim,wiwin.dwiutami.hakim
PND,495,4,449,inactive,Solok Regency,"2024-07-05 09:44:09","2024-07-05 14:22:37",wiwin.dwiutami.hakim,wiwin.dwiutami.hakim
PND,496,4,450,inactive,Solok South,"2024-07-05 09:44:09","2024-07-05 14:22:37",wiwin.dwiutami.hakim,wiwin.dwiutami.hakim
PND,497,4,451,inactive,Tanah Datar,"2024-07-05 09:44:09","2024-07-05 14:22:37",wiwin.dwiutami.hakim,wiwin.dwiutami.hakim
PND,498,4,452,inactive,Batang Hari,"2024-07-05 09:44:09","2024-07-05 14:22:37",wiwin.dwiutami.hakim,wiwin.dwiutami.hakim
PND,499,4,453,inactive,Bungo,"2024-07-05 09:44:09","2024-07-05 14:22:37",wiwin.dwiutami.hakim,wiwin.dwiutami.hakim
PND,500,4,455,inactive,Merangin,"2024-07-05 09:44:09","2024-07-05 14:22:37",wiwin.dwiutami.hakim,wiwin.dwiutami.hakim
PND,501,4,456,inactive,Muaro Jambi,"2024-07-05 09:44:09","2024-07-05 14:22:37",wiwin.dwiutami.hakim,wiwin.dwiutami.hakim
PND,502,4,457,inactive,Sarolangun,"2024-07-05 09:44:09","2024-07-05 14:22:37",wiwin.dwiutami.hakim,wiwin.dwiutami.hakim
PND,503,4,458,inactive,Sungai Penuh,"2024-07-05 09:44:09","2024-07-05 14:22:37",wiwin.dwiutami.hakim,wiwin.dwiutami.hakim
PND,504,4,459,inactive,Tanjung Jabung East,"2024-07-05 09:44:09","2024-07-05 14:22:37",wiwin.dwiutami.hakim,wiwin.dwiutami.hakim
PND,505,4,460,inactive,Tanjung Jabung West,"2024-07-05 09:44:09","2024-07-05 14:22:37",wiwin.dwiutami.hakim,wiwin.dwiutami.hakim
PND,506,4,461,inactive,Tebo,"2024-07-05 09:44:09","2024-07-05 14:22:37",wiwin.dwiutami.hakim,wiwin.dwiutami.hakim
PND,507,4,462,inactive,Musi Banyuasin,"2024-07-05 09:44:09","2024-07-05 14:22:37",wiwin.dwiutami.hakim,wiwin.dwiutami.hakim
PND,508,4,463,inactive,Banyuasin,"2024-07-05 09:44:09","2024-07-05 14:22:37",wiwin.dwiutami.hakim,wiwin.dwiutami.hakim
PND,509,4,464,inactive,Musi Rawas North,"2024-07-05 09:44:09","2024-07-05 14:22:37",wiwin.dwiutami.hakim,wiwin.dwiutami.hakim
PND,510,4,465,inactive,Banyuasin East,"2024-07-05 09:44:09","2024-07-05 14:22:37",wiwin.dwiutami.hakim,wiwin.dwiutami.hakim
PND,511,4,466,inactive,Prabumulih,"2024-07-05 09:44:09","2024-07-05 14:22:37",wiwin.dwiutami.hakim,wiwin.dwiutami.hakim
PND,512,4,467,inactive,Ogan Ilir,"2024-07-05 09:44:09","2024-07-05 14:22:37",wiwin.dwiutami.hakim,wiwin.dwiutami.hakim
PND,513,4,468,inactive,Ogan Komering Ilir,"2024-07-05 09:44:09","2024-07-05 14:22:37",wiwin.dwiutami.hakim,wiwin.dwiutami.hakim
PND,514,4,469,inactive,Ogan Komering Ulu,"2024-07-05 09:44:09","2024-07-05 14:22:37",wiwin.dwiutami.hakim,wiwin.dwiutami.hakim
PND,515,4,470,inactive,Ogan Komering Ulu East,"2024-07-05 09:44:09","2024-07-05 14:22:37",wiwin.dwiutami.hakim,wiwin.dwiutami.hakim
PND,516,4,471,inactive,Ogan Komering ulu South,"2024-07-05 09:44:09","2024-07-05 14:22:37",wiwin.dwiutami.hakim,wiwin.dwiutami.hakim
PND,517,4,473,inactive,Bengkalis East,"2024-07-05 09:44:09","2024-07-05 14:22:37",wiwin.dwiutami.hakim,wiwin.dwiutami.hakim
PND,518,4,474,inactive,Pringsewu North,"2024-07-05 09:44:09","2024-07-05 14:22:37",wiwin.dwiutami.hakim,wiwin.dwiutami.hakim
PND,519,4,475,inactive,Lampung Central,"2024-07-05 09:44:09","2024-07-05 14:22:37",wiwin.dwiutami.hakim,wiwin.dwiutami.hakim
PND,520,4,476,inactive,Kotabumi,"2024-07-05 09:44:09","2024-07-05 14:22:37",wiwin.dwiutami.hakim,wiwin.dwiutami.hakim
PND,521,4,477,inactive,Tulang Bawang West,"2024-07-05 09:44:09","2024-07-05 14:22:37",wiwin.dwiutami.hakim,wiwin.dwiutami.hakim
PND,522,4,478,inactive,Tulang Bawang,"2024-07-05 09:44:09","2024-07-05 14:22:37",wiwin.dwiutami.hakim,wiwin.dwiutami.hakim
PND,523,4,479,inactive,Mesuji,"2024-07-05 09:44:09","2024-07-05 14:22:37",wiwin.dwiutami.hakim,wiwin.dwiutami.hakim
PND,524,4,480,inactive,Sukadana,"2024-07-05 09:44:09","2024-07-05 14:22:37",wiwin.dwiutami.hakim,wiwin.dwiutami.hakim
PND,525,4,481,inactive,Boyolali Kabupaten West,"2024-07-05 09:44:09","2024-07-05 14:22:37",wiwin.dwiutami.hakim,wiwin.dwiutami.hakim
PND,526,4,482,inactive,Buleleng East,"2024-07-05 09:44:09","2024-07-05 14:22:37",wiwin.dwiutami.hakim,wiwin.dwiutami.hakim
PND,527,4,483,inactive,Kubu Raya,"2024-07-05 09:44:09","2024-07-05 14:22:37",wiwin.dwiutami.hakim,wiwin.dwiutami.hakim
PND,528,4,484,inactive,Boalemo,"2024-07-05 09:44:09","2024-07-05 14:22:37",wiwin.dwiutami.hakim,wiwin.dwiutami.hakim
PND,529,4,485,inactive,Bolaang Mongondow North,"2024-07-05 09:44:09","2024-07-05 14:22:37",wiwin.dwiutami.hakim,wiwin.dwiutami.hakim
PND,530,4,486,inactive,Bolaang Mongondow,"2024-07-05 09:44:09","2024-07-05 14:22:37",wiwin.dwiutami.hakim,wiwin.dwiutami.hakim
PND,531,4,487,inactive,Kotamobagu,"2024-07-05 09:44:09","2024-07-05 14:22:37",wiwin.dwiutami.hakim,wiwin.dwiutami.hakim
PND,532,4,488,inactive,Minahasa Southeast,"2024-07-05 09:44:09","2024-07-05 14:22:37",wiwin.dwiutami.hakim,wiwin.dwiutami.hakim
PND,533,4,489,inactive,Minahasa,"2024-07-05 09:44:09","2024-07-05 14:22:37",wiwin.dwiutami.hakim,wiwin.dwiutami.hakim
PND,534,4,490,inactive,Minahasa North,"2024-07-05 09:44:09","2024-07-05 14:22:37",wiwin.dwiutami.hakim,wiwin.dwiutami.hakim
PND,535,4,491,inactive,Tojo Una Una,"2024-07-05 09:44:09","2024-07-05 14:22:37",wiwin.dwiutami.hakim,wiwin.dwiutami.hakim
PND,536,4,492,inactive,Lombok West,"2024-07-05 09:44:09","2024-07-05 14:22:37",wiwin.dwiutami.hakim,wiwin.dwiutami.hakim
PND,537,4,493,inactive,Bangka West,"2024-07-05 09:44:09","2024-07-05 14:22:37",wiwin.dwiutami.hakim,wiwin.dwiutami.hakim
PND,538,4,499,inactive,Sumenep Kabupaten,"2024-07-05 09:44:09","2024-07-05 14:22:37",wiwin.dwiutami.hakim,wiwin.dwiutami.hakim
PND,539,4,500,inactive,Sumenep East,"2024-07-05 09:44:09","2024-07-05 14:22:37",wiwin.dwiutami.hakim,wiwin.dwiutami.hakim
PND,540,4,501,inactive,Bangkalan East,"2024-07-05 09:44:09","2024-07-05 14:22:37",wiwin.dwiutami.hakim,wiwin.dwiutami.hakim
PND,541,4,502,inactive,Sambas,"2024-07-05 09:44:09","2024-07-05 14:22:37",wiwin.dwiutami.hakim,wiwin.dwiutami.hakim
PND,542,4,503,inactive,Singkawang,"2024-07-05 09:44:09","2024-07-05 14:22:37",wiwin.dwiutami.hakim,wiwin.dwiutami.hakim
PND,543,4,504,inactive,Bengkayang,"2024-07-05 09:44:09","2024-07-05 14:22:37",wiwin.dwiutami.hakim,wiwin.dwiutami.hakim
PND,544,4,505,inactive,Mempawah,"2024-07-05 09:44:09","2024-07-05 14:22:37",wiwin.dwiutami.hakim,wiwin.dwiutami.hakim
PND,545,4,506,inactive,Landak,"2024-07-05 09:44:09","2024-07-05 14:22:37",wiwin.dwiutami.hakim,wiwin.dwiutami.hakim
PND,546,4,507,inactive,Sanggau,"2024-07-05 09:44:09","2024-07-05 14:22:37",wiwin.dwiutami.hakim,wiwin.dwiutami.hakim
PND,547,4,508,inactive,Sekadau,"2024-07-05 09:44:09","2024-07-05 14:22:37",wiwin.dwiutami.hakim,wiwin.dwiutami.hakim
PND,548,4,509,inactive,Sintang,"2024-07-05 09:44:09","2024-07-05 14:22:37",wiwin.dwiutami.hakim,wiwin.dwiutami.hakim
PND,549,4,510,inactive,Melawi,"2024-07-05 09:44:09","2024-07-05 14:22:37",wiwin.dwiutami.hakim,wiwin.dwiutami.hakim
PND,550,4,511,inactive,Kapuas Hulu,"2024-07-05 09:44:09","2024-07-05 14:22:37",wiwin.dwiutami.hakim,wiwin.dwiutami.hakim
PND,551,4,512,inactive,Kayong Notrh,"2024-07-05 09:44:09","2024-07-05 14:22:37",wiwin.dwiutami.hakim,wiwin.dwiutami.hakim
PND,552,4,513,inactive,Ketapang,"2024-07-05 09:44:09","2024-07-05 14:22:37",wiwin.dwiutami.hakim,wiwin.dwiutami.hakim
PND,553,4,514,inactive,Kubu East,"2024-07-05 09:44:09","2024-07-05 14:22:37",wiwin.dwiutami.hakim,wiwin.dwiutami.hakim
PND,554,4,515,inactive,Tanah Bambu,"2024-07-05 09:44:09","2024-07-05 14:22:37",wiwin.dwiutami.hakim,wiwin.dwiutami.hakim
PND,555,4,516,inactive,Tanah Laut,"2024-07-05 09:44:09","2024-07-05 14:22:37",wiwin.dwiutami.hakim,wiwin.dwiutami.hakim
PND,556,4,517,inactive,Balangan,"2024-07-05 09:44:09","2024-07-05 14:22:37",wiwin.dwiutami.hakim,wiwin.dwiutami.hakim
PND,557,4,518,inactive,Barito East,"2024-07-05 09:44:09","2024-07-05 14:22:37",wiwin.dwiutami.hakim,wiwin.dwiutami.hakim
PND,558,4,519,inactive,Barito South,"2024-07-05 09:44:09","2024-07-05 14:22:37",wiwin.dwiutami.hakim,wiwin.dwiutami.hakim
PND,559,4,520,inactive,Kutai East,"2024-07-05 09:44:09","2024-07-05 14:22:37",wiwin.dwiutami.hakim,wiwin.dwiutami.hakim
PND,560,4,521,inactive,Kutai Kartanegara North,"2024-07-05 09:44:09","2024-07-05 14:22:37",wiwin.dwiutami.hakim,wiwin.dwiutami.hakim
PND,561,4,522,inactive,Kutai West,"2024-07-05 09:44:09","2024-07-05 14:22:37",wiwin.dwiutami.hakim,wiwin.dwiutami.hakim
PND,562,4,523,inactive,Barito Kuala,"2024-07-05 09:44:09","2024-07-05 14:22:37",wiwin.dwiutami.hakim,wiwin.dwiutami.hakim
PND,563,4,524,inactive,Solok Central,"2024-07-05 09:44:09","2024-07-05 14:22:37",wiwin.dwiutami.hakim,wiwin.dwiutami.hakim
PND,564,4,525,inactive,Sigi,"2024-07-05 09:44:09","2024-07-05 14:22:37",wiwin.dwiutami.hakim,wiwin.dwiutami.hakim
PND,565,4,526,inactive,Parigi Moutong,"2024-07-05 09:44:10","2024-07-05 14:22:37",wiwin.dwiutami.hakim,wiwin.dwiutami.hakim
PND,566,4,527,inactive,Morowali North,"2024-07-05 09:44:10","2024-07-05 14:22:37",wiwin.dwiutami.hakim,wiwin.dwiutami.hakim
PND,567,4,528,inactive,Morowali,"2024-07-05 09:44:10","2024-07-05 14:22:37",wiwin.dwiutami.hakim,wiwin.dwiutami.hakim
PND,568,4,529,inactive,Sabang,"2024-07-05 09:44:10","2024-07-05 14:22:37",wiwin.dwiutami.hakim,wiwin.dwiutami.hakim
PND,569,4,530,inactive,Aceh Besar,"2024-07-05 09:44:10","2024-07-05 14:22:37",wiwin.dwiutami.hakim,wiwin.dwiutami.hakim
PND,570,4,531,inactive,Aceh Jaya,"2024-07-05 09:44:10","2024-07-05 14:22:37",wiwin.dwiutami.hakim,wiwin.dwiutami.hakim
PND,571,4,532,inactive,Nagan Raya,"2024-07-05 09:44:10","2024-07-05 14:22:37",wiwin.dwiutami.hakim,wiwin.dwiutami.hakim
PND,572,4,533,inactive,Aceh West Kabupaten,"2024-07-05 09:44:10","2024-07-05 14:22:37",wiwin.dwiutami.hakim,wiwin.dwiutami.hakim
PND,573,4,534,inactive,Aceh South,"2024-07-05 09:44:10","2024-07-05 14:22:37",wiwin.dwiutami.hakim,wiwin.dwiutami.hakim
PND,574,4,535,inactive,Subulusallam,"2024-07-05 09:44:10","2024-07-05 14:22:37",wiwin.dwiutami.hakim,wiwin.dwiutami.hakim
PND,575,4,536,inactive,Piddie Jaya,"2024-07-05 09:44:10","2024-07-05 14:22:37",wiwin.dwiutami.hakim,wiwin.dwiutami.hakim
PND,576,4,537,inactive,Bireuen,"2024-07-05 09:44:10","2024-07-05 14:22:37",wiwin.dwiutami.hakim,wiwin.dwiutami.hakim
PND,577,4,538,inactive,Aceh Central,"2024-07-05 09:44:10","2024-07-05 14:22:37",wiwin.dwiutami.hakim,wiwin.dwiutami.hakim
PND,578,4,539,inactive,Gayo Lues,"2024-07-05 09:44:10","2024-07-05 14:22:37",wiwin.dwiutami.hakim,wiwin.dwiutami.hakim
PND,579,4,540,inactive,Aceh North,"2024-07-05 09:44:10","2024-07-05 14:22:37",wiwin.dwiutami.hakim,wiwin.dwiutami.hakim
PND,580,4,541,inactive,Aceh East,"2024-07-05 09:44:10","2024-07-05 14:22:37",wiwin.dwiutami.hakim,wiwin.dwiutami.hakim
PND,581,4,542,inactive,Bener Meriah,"2024-07-05 09:44:10","2024-07-05 14:22:37",wiwin.dwiutami.hakim,wiwin.dwiutami.hakim
PND,582,4,543,inactive,Aceh West,"2024-07-05 09:44:10","2024-07-05 14:22:37",wiwin.dwiutami.hakim,wiwin.dwiutami.hakim
PND,583,4,544,inactive,Purworejo South,"2024-07-05 09:44:10","2024-07-05 14:22:37",wiwin.dwiutami.hakim,wiwin.dwiutami.hakim
PND,584,4,545,inactive,Kuningan Kabupaten,"2024-07-05 09:44:10","2024-07-05 14:22:37",wiwin.dwiutami.hakim,wiwin.dwiutami.hakim
PND,585,4,546,inactive,Banyumas,"2024-07-05 09:44:10","2024-07-05 14:22:37",wiwin.dwiutami.hakim,wiwin.dwiutami.hakim
PND,586,4,547,inactive,Purbalingga North,"2024-07-05 09:44:10","2024-07-05 14:22:37",wiwin.dwiutami.hakim,wiwin.dwiutami.hakim
PND,587,4,548,inactive,Majenang,"2024-07-05 09:44:10","2024-07-05 14:22:37",wiwin.dwiutami.hakim,wiwin.dwiutami.hakim
PND,588,4,549,inactive,Jember West,"2024-07-05 09:44:10","2024-07-05 14:22:37",wiwin.dwiutami.hakim,wiwin.dwiutami.hakim
PND,589,4,550,inactive,Barito North,"2024-07-05 09:44:10","2024-07-05 14:22:37",wiwin.dwiutami.hakim,wiwin.dwiutami.hakim
PND,590,4,551,inactive,Kotabaru,"2024-07-05 09:44:10","2024-07-05 14:22:37",wiwin.dwiutami.hakim,wiwin.dwiutami.hakim
PND,591,4,552,inactive,Dumai,"2024-07-05 09:44:10","2024-07-05 14:22:37",wiwin.dwiutami.hakim,wiwin.dwiutami.hakim
PND,592,4,553,inactive,Siak,"2024-07-05 09:44:10","2024-07-05 14:22:37",wiwin.dwiutami.hakim,wiwin.dwiutami.hakim
PND,593,4,554,inactive,Kampar West,"2024-07-05 09:44:10","2024-07-05 14:22:37",wiwin.dwiutami.hakim,wiwin.dwiutami.hakim
PND,594,4,555,inactive,Rokan Hilir North,"2024-07-05 09:44:10","2024-07-05 14:22:37",wiwin.dwiutami.hakim,wiwin.dwiutami.hakim
PND,595,4,556,inactive,Kuantan Singingi,"2024-07-05 09:44:10","2024-07-05 14:22:37",wiwin.dwiutami.hakim,wiwin.dwiutami.hakim
PND,596,4,557,inactive,Serang Central,"2024-07-05 09:44:10","2024-07-05 14:22:37",wiwin.dwiutami.hakim,wiwin.dwiutami.hakim
PND,597,4,558,inactive,Bengkulu Central,"2024-07-05 09:44:10","2024-07-05 14:22:37",wiwin.dwiutami.hakim,wiwin.dwiutami.hakim
PND,598,4,559,inactive,Seluma,"2024-07-05 09:44:10","2024-07-05 14:22:37",wiwin.dwiutami.hakim,wiwin.dwiutami.hakim
PND,599,4,560,inactive,Kepahiang,"2024-07-05 09:44:10","2024-07-05 14:22:37",wiwin.dwiutami.hakim,wiwin.dwiutami.hakim
PND,600,4,561,inactive,Rajeng Lebong,"2024-07-05 09:44:10","2024-07-05 14:22:37",wiwin.dwiutami.hakim,wiwin.dwiutami.hakim
PND,601,4,562,inactive,Bengkulu Kabupaten North,"2024-07-05 09:44:10","2024-07-05 14:22:37",wiwin.dwiutami.hakim,wiwin.dwiutami.hakim
PND,602,4,563,inactive,Bengkulu South,"2024-07-05 09:44:10","2024-07-05 14:22:37",wiwin.dwiutami.hakim,wiwin.dwiutami.hakim
PND,603,4,564,inactive,Muko Muko,"2024-07-05 09:44:10","2024-07-05 14:22:37",wiwin.dwiutami.hakim,wiwin.dwiutami.hakim
PND,604,4,565,inactive,Kabupaten Muara Enim,"2024-07-05 09:44:10","2024-07-05 14:22:37",wiwin.dwiutami.hakim,wiwin.dwiutami.hakim
PND,605,4,566,inactive,Lampung West,"2024-07-05 09:44:10","2024-07-05 14:22:37",wiwin.dwiutami.hakim,wiwin.dwiutami.hakim
PND,606,4,567,inactive,Way Kanan,"2024-07-05 09:44:10","2024-07-05 14:22:37",wiwin.dwiutami.hakim,wiwin.dwiutami.hakim
PND,607,4,568,inactive,Pesawaran,"2024-07-05 09:44:10","2024-07-05 14:22:37",wiwin.dwiutami.hakim,wiwin.dwiutami.hakim
PND,608,4,569,inactive,Garut North,"2024-07-05 09:44:10","2024-07-05 14:22:37",wiwin.dwiutami.hakim,wiwin.dwiutami.hakim
PND,609,4,570,inactive,Majalengka South,"2024-07-05 09:44:10","2024-07-05 14:22:37",wiwin.dwiutami.hakim,wiwin.dwiutami.hakim
PND,610,4,571,inactive,Boyolali North,"2024-07-05 09:44:10","2024-07-05 14:22:37",wiwin.dwiutami.hakim,wiwin.dwiutami.hakim
PND,611,4,572,inactive,Purbalingga East,"2024-07-05 09:44:10","2024-07-05 14:22:37",wiwin.dwiutami.hakim,wiwin.dwiutami.hakim
PND,612,4,573,inactive,Ngawi West,"2024-07-05 09:44:10","2024-07-05 14:22:37",wiwin.dwiutami.hakim,wiwin.dwiutami.hakim
PND,613,4,574,inactive,Ngawi East,"2024-07-05 09:44:10","2024-07-05 14:22:37",wiwin.dwiutami.hakim,wiwin.dwiutami.hakim
PND,614,4,575,inactive,Situbondo West,"2024-07-05 09:44:10","2024-07-05 14:22:37",wiwin.dwiutami.hakim,wiwin.dwiutami.hakim
PND,615,4,576,inactive,Gianyar North,"2024-07-05 09:44:10","2024-07-05 14:22:37",wiwin.dwiutami.hakim,wiwin.dwiutami.hakim
PND,616,4,577,inactive,Karangasem Central,"2024-07-05 09:44:10","2024-07-05 14:22:37",wiwin.dwiutami.hakim,wiwin.dwiutami.hakim
PND,617,4,578,inactive,Sragen Kabupaten,"2024-07-05 09:44:10","2024-07-05 14:22:37",wiwin.dwiutami.hakim,wiwin.dwiutami.hakim
PND,618,4,579,inactive,Indragiri Hulu,"2024-07-05 09:44:10","2024-07-05 14:22:37",wiwin.dwiutami.hakim,wiwin.dwiutami.hakim
PND,619,4,580,inactive,Kerinci Kabupaten,"2024-07-05 09:44:10","2024-07-05 14:22:37",wiwin.dwiutami.hakim,wiwin.dwiutami.hakim
PND,620,4,581,inactive,Pandeglang South,"2024-07-05 09:44:10","2024-07-05 14:22:37",wiwin.dwiutami.hakim,wiwin.dwiutami.hakim
PND,621,4,582,inactive,Kefamenanu,"2024-07-05 09:44:10","2024-07-05 14:22:37",wiwin.dwiutami.hakim,wiwin.dwiutami.hakim
PND,622,4,583,inactive,Lombok North,"2024-07-05 09:44:10","2024-07-05 14:22:37",wiwin.dwiutami.hakim,wiwin.dwiutami.hakim
PND,623,4,584,inactive,Lombok Kabupaten West,"2024-07-05 09:44:10","2024-07-05 14:22:37",wiwin.dwiutami.hakim,wiwin.dwiutami.hakim
PND,624,4,585,inactive,Magetan West,"2024-07-05 09:44:10","2024-07-05 14:22:37",wiwin.dwiutami.hakim,wiwin.dwiutami.hakim
PND,625,4,586,inactive,Rembang North,"2024-07-05 09:44:10","2024-07-05 14:22:37",wiwin.dwiutami.hakim,wiwin.dwiutami.hakim
PND,626,4,587,inactive,Blitar South,"2024-07-05 09:44:10","2024-07-05 14:22:37",wiwin.dwiutami.hakim,wiwin.dwiutami.hakim
PND,627,4,588,inactive,Bojonegoro South,"2024-07-05 09:44:10","2024-07-05 14:22:37",wiwin.dwiutami.hakim,wiwin.dwiutami.hakim
PND,628,4,589,inactive,Sragen North,"2024-07-05 09:44:10","2024-07-05 14:22:37",wiwin.dwiutami.hakim,wiwin.dwiutami.hakim
PND,629,4,590,inactive,Banyuwangi North,"2024-07-05 09:44:10","2024-07-05 14:22:37",wiwin.dwiutami.hakim,wiwin.dwiutami.hakim
PND,630,4,591,inactive,Lamongan South,"2024-07-05 09:44:10","2024-07-05 14:22:37",wiwin.dwiutami.hakim,wiwin.dwiutami.hakim
PND,631,4,592,inactive,Kendal Kabupaten,"2024-07-05 09:44:10","2024-07-05 14:22:37",wiwin.dwiutami.hakim,wiwin.dwiutami.hakim
PND,632,4,593,inactive,Pesisir West,"2024-07-05 09:44:10","2024-07-05 14:22:37",wiwin.dwiutami.hakim,wiwin.dwiutami.hakim
PND,633,4,594,inactive,Martapura,"2024-07-05 09:44:10","2024-07-05 14:22:37",wiwin.dwiutami.hakim,wiwin.dwiutami.hakim
PND,634,4,595,inactive,Kulon Progo North,"2024-07-05 09:44:10","2024-07-05 14:22:37",wiwin.dwiutami.hakim,wiwin.dwiutami.hakim
PND,635,4,596,inactive,Grobogan South,"2024-07-05 09:44:10","2024-07-05 14:22:37",wiwin.dwiutami.hakim,wiwin.dwiutami.hakim
PND,636,4,597,inactive,Seruyan,"2024-07-05 09:44:10","2024-07-05 14:22:37",wiwin.dwiutami.hakim,wiwin.dwiutami.hakim
PND,637,4,598,inactive,Padang Pariaman North,"2024-07-05 09:44:10","2024-07-05 14:22:37",wiwin.dwiutami.hakim,wiwin.dwiutami.hakim
PND,638,4,599,inactive,Murung Raya,"2024-07-05 09:44:10","2024-07-05 14:22:37",wiwin.dwiutami.hakim,wiwin.dwiutami.hakim
PND,639,4,600,inactive,Kotabaru Kabupaten,"2024-07-05 09:44:10","2024-07-05 14:22:37",wiwin.dwiutami.hakim,wiwin.dwiutami.hakim
PND,640,4,601,inactive,Pulang Pisau,"2024-07-05 09:44:10","2024-07-05 14:22:37",wiwin.dwiutami.hakim,wiwin.dwiutami.hakim
PND,641,4,602,inactive,Bengkalis Kabupaten,"2024-07-05 09:44:10","2024-07-05 14:22:37",wiwin.dwiutami.hakim,wiwin.dwiutami.hakim
PND,642,4,603,inactive,Pati South,"2024-07-05 09:44:10","2024-07-05 14:22:37",wiwin.dwiutami.hakim,wiwin.dwiutami.hakim
PND,643,4,604,inactive,Sumbawa,"2024-07-05 09:44:10","2024-07-05 14:22:37",wiwin.dwiutami.hakim,wiwin.dwiutami.hakim
PND,644,4,605,inactive,Rembang South,"2024-07-05 09:44:10","2024-07-05 14:22:37",wiwin.dwiutami.hakim,wiwin.dwiutami.hakim
PND,645,4,606,inactive,Lebak,"2024-07-05 09:44:10","2024-07-05 14:22:37",wiwin.dwiutami.hakim,wiwin.dwiutami.hakim
PND,646,4,607,inactive,Sumbawa West,"2024-07-05 09:44:10","2024-07-05 14:22:37",wiwin.dwiutami.hakim,wiwin.dwiutami.hakim
PND,647,4,608,inactive,Kepulauan Meranti,"2024-07-05 09:44:10","2024-07-05 14:22:37",wiwin.dwiutami.hakim,wiwin.dwiutami.hakim
PND,648,4,609,inactive,Kaur,"2024-07-05 09:44:10","2024-07-05 14:22:37",wiwin.dwiutami.hakim,wiwin.dwiutami.hakim
PND,649,4,610,inactive,Bima,"2024-07-05 09:44:10","2024-07-05 14:22:37",wiwin.dwiutami.hakim,wiwin.dwiutami.hakim
PND,650,4,611,inactive,Timor Tengah South,"2024-07-05 09:44:10","2024-07-05 14:22:37",wiwin.dwiutami.hakim,wiwin.dwiutami.hakim
PND,651,4,612,inactive,Lebong Kabupaten,"2024-07-05 09:44:10","2024-07-05 14:22:37",wiwin.dwiutami.hakim,wiwin.dwiutami.hakim
PND,652,4,613,inactive,Flores East,"2024-07-05 09:44:10","2024-07-05 14:22:37",wiwin.dwiutami.hakim,wiwin.dwiutami.hakim
PND,653,4,614,inactive,Dompu,"2024-07-05 09:44:10","2024-07-05 14:22:37",wiwin.dwiutami.hakim,wiwin.dwiutami.hakim
PND,654,4,615,inactive,Bima Kabupaten,"2024-07-05 09:44:10","2024-07-05 14:22:37",wiwin.dwiutami.hakim,wiwin.dwiutami.hakim
PND,655,4,616,inactive,Ende,"2024-07-05 09:44:10","2024-07-05 14:22:37",wiwin.dwiutami.hakim,wiwin.dwiutami.hakim
PND,656,4,617,inactive,Manggarai,"2024-07-05 09:44:10","2024-07-05 14:22:37",wiwin.dwiutami.hakim,wiwin.dwiutami.hakim
PND,657,4,618,inactive,Bulungan,"2024-07-05 09:44:10","2024-07-05 14:22:37",wiwin.dwiutami.hakim,wiwin.dwiutami.hakim
PND,658,4,619,inactive,Kolaka East,"2024-07-05 09:44:10","2024-07-05 14:22:37",wiwin.dwiutami.hakim,wiwin.dwiutami.hakim
PND,659,4,620,inactive,Bombana,"2024-07-05 09:44:10","2024-07-05 14:22:37",wiwin.dwiutami.hakim,wiwin.dwiutami.hakim
PND,660,4,621,inactive,Cianjur South,"2024-07-05 09:44:10","2024-07-05 14:22:37",wiwin.dwiutami.hakim,wiwin.dwiutami.hakim
PND,661,4,622,inactive,Penukal Abab Pematang Ilir,"2024-07-05 09:44:10","2024-07-05 14:22:37",wiwin.dwiutami.hakim,wiwin.dwiutami.hakim
PND,662,4,623,inactive,Blora East,"2024-07-05 09:44:10","2024-07-05 14:22:37",wiwin.dwiutami.hakim,wiwin.dwiutami.hakim
PND,663,4,624,inactive,Belu,"2024-07-05 09:44:10","2024-07-05 14:22:37",wiwin.dwiutami.hakim,wiwin.dwiutami.hakim
PND,664,4,625,inactive,Buleleng Kabupaten,"2024-07-05 09:44:10","2024-07-05 14:22:37",wiwin.dwiutami.hakim,wiwin.dwiutami.hakim
PND,667,4,629,inactive,Sikka,"2024-07-05 09:44:10","2024-07-05 14:22:37",wiwin.dwiutami.hakim,wiwin.dwiutami.hakim
PND,668,4,630,inactive,Malinau,"2024-07-05 09:44:10","2024-07-05 14:22:37",wiwin.dwiutami.hakim,wiwin.dwiutami.hakim
PND,669,4,631,inactive,Donggala,"2024-07-05 09:44:10","2024-07-05 14:22:37",wiwin.dwiutami.hakim,wiwin.dwiutami.hakim
PND,670,4,632,inactive,Gunung Mas,"2024-07-05 09:44:10","2024-07-05 14:22:37",wiwin.dwiutami.hakim,wiwin.dwiutami.hakim
PND,671,4,633,inactive,Bekasi North New,"2024-07-05 09:44:10","2024-07-05 14:22:37",wiwin.dwiutami.hakim,wiwin.dwiutami.hakim
PND,672,4,634,inactive,Bangli North,"2024-07-05 09:44:10","2024-07-05 14:22:37",wiwin.dwiutami.hakim,wiwin.dwiutami.hakim
PND,673,4,635,inactive,Bolaang Mongondow East,"2024-07-05 09:44:10","2024-07-05 14:22:37",wiwin.dwiutami.hakim,wiwin.dwiutami.hakim
PND,674,4,636,inactive,Sumba East,"2024-07-05 09:44:10","2024-07-05 14:22:37",wiwin.dwiutami.hakim,wiwin.dwiutami.hakim
PND,675,4,637,inactive,Manggarai Kabupaten West,"2024-07-05 09:44:10","2024-07-05 14:22:37",wiwin.dwiutami.hakim,wiwin.dwiutami.hakim
PND,676,4,638,inactive,Lebak South,"2024-07-05 09:44:10","2024-07-05 14:22:37",wiwin.dwiutami.hakim,wiwin.dwiutami.hakim
PND,677,4,639,inactive,Sumba West,"2024-07-05 09:44:10","2024-07-05 14:22:37",wiwin.dwiutami.hakim,wiwin.dwiutami.hakim
PND,678,4,641,inactive,Halmahera West,"2024-07-05 09:44:10","2024-07-05 14:22:37",wiwin.dwiutami.hakim,wiwin.dwiutami.hakim
PND,679,4,642,inactive,Halmahera North,"2024-07-05 09:44:10","2024-07-05 14:22:37",wiwin.dwiutami.hakim,wiwin.dwiutami.hakim
PND,680,4,643,inactive,Tidore,"2024-07-05 09:44:10","2024-07-05 14:22:37",wiwin.dwiutami.hakim,wiwin.dwiutami.hakim
PND,681,4,644,inactive,Jember East,"2024-07-05 09:44:10","2024-07-05 14:22:37",wiwin.dwiutami.hakim,wiwin.dwiutami.hakim
PND,682,4,645,inactive,Ngada,"2024-07-05 09:44:10","2024-07-05 14:22:37",wiwin.dwiutami.hakim,wiwin.dwiutami.hakim
PND,683,4,646,inactive,Lembata,"2024-07-05 09:44:10","2024-07-05 14:22:37",wiwin.dwiutami.hakim,wiwin.dwiutami.hakim
PND,684,4,647,inactive,Bone Bolango,"2024-07-05 09:44:10","2024-07-05 14:22:37",wiwin.dwiutami.hakim,wiwin.dwiutami.hakim
PND,685,4,648,inactive,Tabanan Kabupaten,"2024-07-05 09:44:10","2024-07-05 14:22:37",wiwin.dwiutami.hakim,wiwin.dwiutami.hakim
PND,686,4,2,active,Jakarta Central,"2024-07-05 09:44:11","2024-07-05 09:44:11",wiwin.dwiutami.hakim,wiwin.dwiutami.hakim
PND,687,4,5,active,Tangerang North,"2024-07-05 09:44:11","2024-07-05 09:44:11",wiwin.dwiutami.hakim,wiwin.dwiutami.hakim
PND,688,4,6,active,Tangerang South,"2024-07-05 09:44:11","2024-07-05 09:44:11",wiwin.dwiutami.hakim,wiwin.dwiutami.hakim
PND,689,4,11,active,Bekasi,"2024-07-05 09:44:11","2024-07-05 09:44:11",wiwin.dwiutami.hakim,wiwin.dwiutami.hakim
PND,690,4,13,active,Bogor,"2024-07-05 09:44:11","2024-07-05 09:44:11",wiwin.dwiutami.hakim,wiwin.dwiutami.hakim
PND,691,4,15,active,Depok,"2024-07-05 09:44:11","2024-07-05 09:44:11",wiwin.dwiutami.hakim,wiwin.dwiutami.hakim
PND,742,4,71,active,Bogor Kabupaten East,"2024-07-05 09:44:11","2024-07-05 09:44:11",wiwin.dwiutami.hakim,wiwin.dwiutami.hakim
PND,746,4,75,active,Bogor Kabupaten West,"2024-07-05 09:44:11","2024-07-05 09:44:11",wiwin.dwiutami.hakim,wiwin.dwiutami.hakim
PND,1275,4,627,active,Tangerang Rural,"2024-07-05 09:44:14","2024-07-05 09:44:14",wiwin.dwiutami.hakim,wiwin.dwiutami.hakim
PND,1276,4,628,active,Tangerang Rural New,"2024-07-05 09:44:14","2024-07-05 09:44:14",wiwin.dwiutami.hakim,wiwin.dwiutami.hakim
