"id","demand_zone_id","zone_id","status","name","created_at","updated_at","created_by","updated_by"
1,1,1,active,Jakarta South,"2022-10-11 15:52:38","2022-10-11 15:52:38",Dev Token,Dev Token
2,1,5,active,Tangerang North,"2022-11-07 18:39:16","2023-05-15 18:54:40",Dev Token,roy.haryanto
3,1,6,active,Tangerang South,"2022-11-07 18:39:16","2022-11-08 09:22:06",Dev Token,Dev Token
4,1,2,active,Jakarta Central,"2022-11-07 18:39:16","2022-11-08 09:22:06",Dev Token,Dev Token
5,1,3,active,Jakarta West,"2022-11-07 18:39:16","2022-11-08 09:22:06",Dev Token,Dev Token
6,1,4,active,Jakarta East,"2022-11-07 18:39:16","2022-11-08 09:22:06",Dev Token,Dev Token
7,1,25,active,Jakarta North,"2022-11-11 17:37:34","2022-11-11 17:37:34",Dev Token,Dev Token
8,1,11,active,Bekasi,"2022-11-11 17:37:34","2022-11-11 17:37:34",Dev Token,Dev Token
9,1,13,active,Bogor,"2022-11-11 17:37:34","2022-11-11 17:37:34",Dev Token,Dev Token
10,1,15,active,Depok,"2022-11-11 17:37:34","2022-11-11 17:37:34",Dev Token,Dev Token
11,2,22,inactive,Surabaya West,"2022-11-16 14:14:51","2025-02-14 11:12:47",Dev Token,wiwin.dwiutami.hakim
12,2,23,active,Surabaya North,"2022-11-16 14:14:51","2022-11-16 14:14:51",Dev Token,Dev Token
13,2,24,inactive,Surabaya South,"2022-11-16 14:14:51","2025-02-14 11:12:47",Dev Token,wiwin.dwiutami.hakim
14,2,191,inactive,Surabaya East,"2022-11-16 14:14:51","2025-02-14 11:12:47",Dev Token,wiwin.dwiutami.hakim
15,1,65,active,Tangerang Rural,"2023-01-04 16:20:33","2023-01-04 16:20:33",roy.haryanto,roy.haryanto
16,3,5,inactive,Tangerang North,"2023-08-09 13:10:11","2024-02-22 11:36:48",wiwin.dwiutami.hakim,wiwin.dwiutami.hakim
17,3,6,inactive,Tangerang South,"2023-08-09 13:10:11","2024-02-22 11:36:48",wiwin.dwiutami.hakim,wiwin.dwiutami.hakim
18,3,65,inactive,Tangerang Rural,"2023-08-09 13:10:11","2024-02-22 11:36:48",wiwin.dwiutami.hakim,wiwin.dwiutami.hakim
19,4,25,inactive,Jakarta North,"2023-08-09 18:10:31","2024-07-05 14:22:37",wiwin.dwiutami.hakim,wiwin.dwiutami.hakim
20,4,1,active,Jakarta South,"2023-08-09 18:10:31","2024-07-05 09:44:14",wiwin.dwiutami.hakim,wiwin.dwiutami.hakim
21,4,3,active,Jakarta West,"2023-08-09 18:10:31","2024-07-05 09:44:14",wiwin.dwiutami.hakim,wiwin.dwiutami.hakim
22,4,4,active,Jakarta East,"2023-08-09 18:10:31","2024-07-05 09:44:14",wiwin.dwiutami.hakim,wiwin.dwiutami.hakim
23,1,73,active,Bekasi Kabupaten North,"2024-01-25 14:28:11","2024-01-25 14:28:11",audhy.prabowo,audhy.prabowo
24,1,123,active,Bekasi Kabupaten South,"2024-01-25 14:28:11","2024-01-25 14:28:11",audhy.prabowo,audhy.prabowo
25,3,251,inactive,Bandung West,"2024-02-22 11:36:48","2024-12-26 09:38:24",wiwin.dwiutami.hakim,wiwin.dwiutami.hakim
26,3,66,inactive,Bandung East,"2024-02-22 11:36:48","2024-12-18 15:07:54",wiwin.dwiutami.hakim,m.safwan.aji
27,3,18,inactive,Bandung North,"2024-02-22 11:36:48","2024-12-26 09:38:24",wiwin.dwiutami.hakim,wiwin.dwiutami.hakim
28,3,19,inactive,Bandung South,"2024-02-22 11:36:48","2024-12-24 15:43:52",wiwin.dwiutami.hakim,wiwin.dwiutami.hakim
29,5,1,active,Jakarta South,"2024-03-15 05:31:09","2024-03-15 05:31:09",audhy.prabowo,audhy.prabowo
30,6,2,active,Jakarta Central,"2024-03-15 05:32:47","2024-03-15 05:32:47",audhy.prabowo,audhy.prabowo
31,7,3,active,Jakarta West,"2024-03-15 05:34:15","2024-03-15 05:34:15",audhy.prabowo,audhy.prabowo
32,8,4,active,Jakarta East,"2024-03-15 05:35:16","2024-03-15 05:35:16",audhy.prabowo,audhy.prabowo
33,9,25,active,Jakarta North,"2024-03-15 05:36:23","2024-03-15 05:36:23",audhy.prabowo,audhy.prabowo
34,10,5,active,Tangerang North,"2024-03-15 05:40:26","2024-04-25 15:37:33",audhy.prabowo,audhy.prabowo
35,10,6,active,Tangerang South,"2024-03-15 05:40:26","2024-03-15 05:40:26",audhy.prabowo,audhy.prabowo
36,11,11,inactive,Bekasi,"2024-03-15 05:41:13","2024-10-01 14:15:34",audhy.prabowo,wiwin.dwiutami.hakim
37,12,13,inactive,Bogor,"2024-03-15 05:42:06","2024-11-16 14:06:30",audhy.prabowo,dwi.rahmawati
38,13,15,active,Depok,"2024-03-15 05:45:47","2024-03-15 05:45:47",audhy.prabowo,audhy.prabowo
39,11,73,inactive,Bekasi Kabupaten North,"2024-03-19 22:41:17","2024-03-30 17:27:54",audhy.prabowo,audhy.prabowo
40,3,27,inactive,Bandung - Padalarang,"2024-03-20 13:07:11","2024-12-26 09:38:24",audhy.prabowo,wiwin.dwiutami.hakim
41,3,20,inactive,Bandung - Cimahi,"2024-03-20 13:07:11","2024-12-26 09:38:24",audhy.prabowo,wiwin.dwiutami.hakim
42,10,65,inactive,Tangerang Rural,"2024-03-21 11:08:57","2024-04-01 22:49:30",wiwin.dwiutami.hakim,jocelyn.tandrian
43,14,28,inactive,Semarang South East,"2024-03-28 13:42:31","2024-03-28 13:59:42",audhy.prabowo,audhy.prabowo
44,14,29,inactive,Semarang South West,"2024-03-28 13:42:31","2024-03-28 13:59:42",audhy.prabowo,audhy.prabowo
45,14,30,active,Semarang Central,"2024-03-28 13:42:31","2024-03-28 13:42:31",audhy.prabowo,audhy.prabowo
46,14,31,active,Semarang East,"2024-03-28 13:42:31","2024-03-28 13:42:31",audhy.prabowo,audhy.prabowo
47,14,32,active,Semarang North,"2024-03-28 13:42:31","2024-03-28 13:42:31",audhy.prabowo,audhy.prabowo
48,15,73,inactive,Bekasi Kabupaten North,"2024-04-01 14:38:43","2024-09-26 10:01:35",wiwin.dwiutami.hakim,priscarine.priscarine
49,16,65,active,Tangerang Rural,"2024-04-01 14:39:48","2024-10-04 10:22:48",wiwin.dwiutami.hakim,wiwin.dwiutami.hakim
50,16,626,inactive,Tangerang Rural,"2024-04-22 19:04:08","2024-07-05 16:10:15",audhy.prabowo,wiwin.dwiutami.hakim
51,10,628,inactive,Tangerang Rural New,"2024-04-22 19:36:07","2024-07-08 09:44:17",audhy.prabowo,wiwin.dwiutami.hakim
52,16,5,inactive,Tangerang North,"2024-04-22 19:36:33","2024-07-05 16:10:15",audhy.prabowo,wiwin.dwiutami.hakim
53,17,35,active,Bali Denpasar,"2024-04-24 12:21:11","2024-04-24 12:21:11",wiwin.dwiutami.hakim,wiwin.dwiutami.hakim
54,17,33,active,Bali Kuta South,"2024-04-24 12:36:01","2024-04-24 12:36:01",wiwin.dwiutami.hakim,wiwin.dwiutami.hakim
55,17,34,active,Bali Kuta North,"2024-04-24 12:36:01","2024-04-24 12:36:01",wiwin.dwiutami.hakim,wiwin.dwiutami.hakim
56,18,39,active,Yogyakarta South,"2024-05-02 11:20:07","2024-05-02 11:20:07",wiwin.dwiutami.hakim,wiwin.dwiutami.hakim
57,18,40,active,Yogyakarta North,"2024-05-02 11:20:07","2024-05-02 11:20:07",wiwin.dwiutami.hakim,wiwin.dwiutami.hakim
58,18,43,active,Yogyakarta - Bantul,"2024-05-02 11:20:07","2024-05-02 11:20:07",wiwin.dwiutami.hakim,wiwin.dwiutami.hakim
59,18,204,active,Yogyakarta - Bantul South,"2024-05-02 11:20:07","2024-05-02 11:20:07",wiwin.dwiutami.hakim,wiwin.dwiutami.hakim
60,18,206,active,Yogyakarta - Bantul West,"2024-05-02 11:20:07","2024-05-02 11:20:07",wiwin.dwiutami.hakim,wiwin.dwiutami.hakim
61,11,633,inactive,Bekasi North New,"2024-05-02 13:17:32","2024-05-02 14:15:17",audhy.prabowo,wiwin.dwiutami.hakim
62,15,633,inactive,Bekasi North New,"2024-05-03 10:43:27","2024-07-05 17:12:45",wiwin.dwiutami.hakim,wiwin.dwiutami.hakim
63,4,640,inactive,Wakatobi,"2024-05-30 17:12:51","2024-07-05 14:22:37",audhy.prabowo,wiwin.dwiutami.hakim
64,4,232,inactive,Ternate,"2024-05-30 17:36:35","2024-07-05 14:22:37",audhy.prabowo,wiwin.dwiutami.hakim
65,19,22,active,Surabaya West,"2024-06-05 11:47:55","2024-06-05 11:47:55",wiwin.dwiutami.hakim,wiwin.dwiutami.hakim
66,19,23,active,Surabaya North,"2024-06-05 11:47:56","2024-06-05 11:47:56",wiwin.dwiutami.hakim,wiwin.dwiutami.hakim
67,19,24,active,Surabaya South,"2024-06-05 11:47:56","2024-06-05 11:47:56",wiwin.dwiutami.hakim,wiwin.dwiutami.hakim
68,19,191,active,Surabaya East,"2024-06-05 11:47:56","2024-06-05 11:47:56",wiwin.dwiutami.hakim,wiwin.dwiutami.hakim
69,10,627,inactive,Tangerang Rural,"2024-06-06 16:06:36","2024-06-06 17:06:55",dwi.rahmawati,dwi.rahmawati
70,4,122,active,Bogor Kabupaten North,"2024-06-13 17:36:54","2024-06-13 17:36:54",wiwin.dwiutami.hakim,wiwin.dwiutami.hakim
71,20,28,active,Semarang South East,"2024-07-05 09:41:47","2024-07-05 09:41:47",wiwin.dwiutami.hakim,wiwin.dwiutami.hakim
72,20,29,active,Semarang South West,"2024-07-05 09:41:47","2024-07-05 09:41:47",wiwin.dwiutami.hakim,wiwin.dwiutami.hakim
73,20,30,active,Semarang Central,"2024-07-05 09:41:47","2024-07-05 09:41:47",wiwin.dwiutami.hakim,wiwin.dwiutami.hakim
74,20,31,active,Semarang East,"2024-07-05 09:41:47","2024-07-05 09:41:47",wiwin.dwiutami.hakim,wiwin.dwiutami.hakim
75,20,32,active,Semarang North,"2024-07-05 09:41:47","2024-07-05 09:41:47",wiwin.dwiutami.hakim,wiwin.dwiutami.hakim
82,4,18,inactive,Bandung North,"2024-07-05 09:44:08","2024-07-05 14:22:37",wiwin.dwiutami.hakim,wiwin.dwiutami.hakim
83,4,19,inactive,Bandung South,"2024-07-05 09:44:08","2024-07-05 14:22:37",wiwin.dwiutami.hakim,wiwin.dwiutami.hakim
84,4,20,inactive,Bandung - Cimahi,"2024-07-05 09:44:08","2024-07-05 14:22:37",wiwin.dwiutami.hakim,wiwin.dwiutami.hakim
85,4,21,inactive,Sidoarjo,"2024-07-05 09:44:08","2024-07-05 14:22:37",wiwin.dwiutami.hakim,wiwin.dwiutami.hakim
86,4,22,inactive,Surabaya West,"2024-07-05 09:44:08","2024-07-05 14:22:37",wiwin.dwiutami.hakim,wiwin.dwiutami.hakim
87,4,23,inactive,Surabaya North,"2024-07-05 09:44:08","2024-07-05 14:22:37",wiwin.dwiutami.hakim,wiwin.dwiutami.hakim
88,4,24,inactive,Surabaya South,"2024-07-05 09:44:08","2024-07-05 14:22:37",wiwin.dwiutami.hakim,wiwin.dwiutami.hakim
89,4,27,inactive,Bandung - Padalarang,"2024-07-05 09:44:08","2024-07-05 14:22:37",wiwin.dwiutami.hakim,wiwin.dwiutami.hakim
90,4,28,inactive,Semarang South East,"2024-07-05 09:44:08","2024-07-05 14:22:37",wiwin.dwiutami.hakim,wiwin.dwiutami.hakim
91,4,29,inactive,Semarang South West,"2024-07-05 09:44:08","2024-07-05 14:22:37",wiwin.dwiutami.hakim,wiwin.dwiutami.hakim
92,4,30,inactive,Semarang Central,"2024-07-05 09:44:08","2024-07-05 14:22:37",wiwin.dwiutami.hakim,wiwin.dwiutami.hakim
93,4,31,inactive,Semarang East,"2024-07-05 09:44:08","2024-07-05 14:22:37",wiwin.dwiutami.hakim,wiwin.dwiutami.hakim
94,4,32,inactive,Semarang North,"2024-07-05 09:44:08","2024-07-05 14:22:37",wiwin.dwiutami.hakim,wiwin.dwiutami.hakim
95,4,33,inactive,Bali Kuta South,"2024-07-05 09:44:08","2024-07-05 14:22:37",wiwin.dwiutami.hakim,wiwin.dwiutami.hakim
96,4,34,inactive,Bali Kuta North,"2024-07-05 09:44:08","2024-07-05 14:22:37",wiwin.dwiutami.hakim,wiwin.dwiutami.hakim
97,4,35,inactive,Bali Denpasar,"2024-07-05 09:44:08","2024-07-05 14:22:37",wiwin.dwiutami.hakim,wiwin.dwiutami.hakim
98,4,36,inactive,Malang South,"2024-07-05 09:44:08","2024-07-05 14:22:37",wiwin.dwiutami.hakim,wiwin.dwiutami.hakim
99,4,37,inactive,Malang North,"2024-07-05 09:44:08","2024-07-05 14:22:37",wiwin.dwiutami.hakim,wiwin.dwiutami.hakim
100,4,38,inactive,Malang - Batu,"2024-07-05 09:44:08","2024-07-05 14:22:37",wiwin.dwiutami.hakim,wiwin.dwiutami.hakim
101,4,39,inactive,Yogyakarta South,"2024-07-05 09:44:08","2024-07-05 14:22:37",wiwin.dwiutami.hakim,wiwin.dwiutami.hakim
102,4,40,inactive,Yogyakarta North,"2024-07-05 09:44:08","2024-07-05 14:22:37",wiwin.dwiutami.hakim,wiwin.dwiutami.hakim
103,4,41,inactive,Solo West,"2024-07-05 09:44:08","2024-07-05 14:22:37",wiwin.dwiutami.hakim,wiwin.dwiutami.hakim
104,4,42,inactive,Solo Central,"2024-07-05 09:44:08","2024-07-05 14:22:37",wiwin.dwiutami.hakim,wiwin.dwiutami.hakim
105,4,43,inactive,Yogyakarta - Bantul,"2024-07-05 09:44:08","2024-07-05 14:22:37",wiwin.dwiutami.hakim,wiwin.dwiutami.hakim
106,4,44,inactive,Palembang North,"2024-07-05 09:44:08","2024-07-05 14:22:37",wiwin.dwiutami.hakim,wiwin.dwiutami.hakim
107,4,45,inactive,Palembang West,"2024-07-05 09:44:08","2024-07-05 14:22:37",wiwin.dwiutami.hakim,wiwin.dwiutami.hakim
108,4,46,inactive,Palembang South,"2024-07-05 09:44:08","2024-07-05 14:22:37",wiwin.dwiutami.hakim,wiwin.dwiutami.hakim
109,4,47,inactive,Medan South,"2024-07-05 09:44:08","2024-07-05 14:22:37",wiwin.dwiutami.hakim,wiwin.dwiutami.hakim
110,4,48,inactive,Medan Central,"2024-07-05 09:44:08","2024-07-05 14:22:37",wiwin.dwiutami.hakim,wiwin.dwiutami.hakim
111,4,49,inactive,Medan North,"2024-07-05 09:44:08","2024-07-05 14:22:37",wiwin.dwiutami.hakim,wiwin.dwiutami.hakim
112,4,50,inactive,Manado North,"2024-07-05 09:44:08","2024-07-05 14:22:37",wiwin.dwiutami.hakim,wiwin.dwiutami.hakim
113,4,51,inactive,Manado South,"2024-07-05 09:44:08","2024-07-05 14:22:37",wiwin.dwiutami.hakim,wiwin.dwiutami.hakim
114,4,52,inactive,Balikpapan North,"2024-07-05 09:44:08","2024-07-05 14:22:37",wiwin.dwiutami.hakim,wiwin.dwiutami.hakim
115,4,53,inactive,Balikpapan South,"2024-07-05 09:44:08","2024-07-05 14:22:37",wiwin.dwiutami.hakim,wiwin.dwiutami.hakim
116,4,54,inactive,Makassar South,"2024-07-05 09:44:08","2024-07-05 14:22:37",wiwin.dwiutami.hakim,wiwin.dwiutami.hakim
117,4,55,inactive,Makassar Central,"2024-07-05 09:44:08","2024-07-05 14:22:37",wiwin.dwiutami.hakim,wiwin.dwiutami.hakim
118,4,56,inactive,Makassar North,"2024-07-05 09:44:08","2024-07-05 14:22:37",wiwin.dwiutami.hakim,wiwin.dwiutami.hakim
119,4,57,inactive,Sukabumi,"2024-07-05 09:44:08","2024-07-05 14:22:37",wiwin.dwiutami.hakim,wiwin.dwiutami.hakim
120,4,58,inactive,Pontianak North,"2024-07-05 09:44:08","2024-07-05 14:22:37",wiwin.dwiutami.hakim,wiwin.dwiutami.hakim
121,4,59,inactive,Pontianak South,"2024-07-05 09:44:08","2024-07-05 14:22:37",wiwin.dwiutami.hakim,wiwin.dwiutami.hakim
122,4,60,inactive,Padang,"2024-07-05 09:44:08","2024-07-05 14:22:37",wiwin.dwiutami.hakim,wiwin.dwiutami.hakim
123,4,61,inactive,Bukittinggi,"2024-07-05 09:44:08","2024-07-05 14:22:37",wiwin.dwiutami.hakim,wiwin.dwiutami.hakim
124,4,62,inactive,Mataram,"2024-07-05 09:44:08","2024-07-05 14:22:37",wiwin.dwiutami.hakim,wiwin.dwiutami.hakim
125,4,63,inactive,Cirebon,"2024-07-05 09:44:08","2024-07-05 14:22:37",wiwin.dwiutami.hakim,wiwin.dwiutami.hakim
126,4,64,inactive,Pekanbaru,"2024-07-05 09:44:08","2024-07-05 14:22:37",wiwin.dwiutami.hakim,wiwin.dwiutami.hakim
127,4,66,inactive,Bandung East,"2024-07-05 09:44:08","2024-07-05 14:22:37",wiwin.dwiutami.hakim,wiwin.dwiutami.hakim
128,4,67,inactive,Bandung Kabupaten,"2024-07-05 09:44:08","2024-07-05 14:22:37",wiwin.dwiutami.hakim,wiwin.dwiutami.hakim
129,4,68,inactive,Bandar Lampung East,"2024-07-05 09:44:08","2024-07-05 14:22:37",wiwin.dwiutami.hakim,wiwin.dwiutami.hakim
130,4,69,inactive,Bandar Lampung West,"2024-07-05 09:44:08","2024-07-05 14:22:37",wiwin.dwiutami.hakim,wiwin.dwiutami.hakim
131,4,70,inactive,Purwakarta,"2024-07-05 09:44:08","2024-07-05 14:22:37",wiwin.dwiutami.hakim,wiwin.dwiutami.hakim
133,4,72,inactive,Karawang,"2024-07-05 09:44:08","2024-07-05 14:22:37",wiwin.dwiutami.hakim,wiwin.dwiutami.hakim
134,4,73,inactive,Bekasi Kabupaten North,"2024-07-05 09:44:08","2024-07-05 14:22:37",wiwin.dwiutami.hakim,wiwin.dwiutami.hakim
135,4,74,inactive,Cirebon - Kuningan,"2024-07-05 09:44:08","2024-07-05 14:22:37",wiwin.dwiutami.hakim,wiwin.dwiutami.hakim
137,4,76,inactive,Ponorogo West,"2024-07-05 09:44:08","2024-07-05 14:22:37",wiwin.dwiutami.hakim,wiwin.dwiutami.hakim
138,4,77,inactive,Ponorogo East,"2024-07-05 09:44:08","2024-07-05 14:22:37",wiwin.dwiutami.hakim,wiwin.dwiutami.hakim
139,4,78,inactive,Tegal,"2024-07-05 09:44:08","2024-07-05 14:22:37",wiwin.dwiutami.hakim,wiwin.dwiutami.hakim
140,4,79,inactive,Pekalongan,"2024-07-05 09:44:08","2024-07-05 14:22:37",wiwin.dwiutami.hakim,wiwin.dwiutami.hakim
141,4,80,inactive,Gresik,"2024-07-05 09:44:08","2024-07-05 14:22:37",wiwin.dwiutami.hakim,wiwin.dwiutami.hakim
142,4,81,inactive,Batam,"2024-07-05 09:44:08","2024-07-05 14:22:37",wiwin.dwiutami.hakim,wiwin.dwiutami.hakim
143,4,82,inactive,Cilegon,"2024-07-05 09:44:08","2024-07-05 14:22:37",wiwin.dwiutami.hakim,wiwin.dwiutami.hakim
144,4,83,inactive,Serang East,"2024-07-05 09:44:08","2024-07-05 14:22:37",wiwin.dwiutami.hakim,wiwin.dwiutami.hakim
145,4,84,inactive,Serang West,"2024-07-05 09:44:08","2024-07-05 14:22:37",wiwin.dwiutami.hakim,wiwin.dwiutami.hakim
146,4,85,inactive,Banyuwangi,"2024-07-05 09:44:08","2024-07-05 14:22:37",wiwin.dwiutami.hakim,wiwin.dwiutami.hakim
147,4,86,inactive,Pasuruan,"2024-07-05 09:44:08","2024-07-05 14:22:37",wiwin.dwiutami.hakim,wiwin.dwiutami.hakim
148,4,87,inactive,Probolinggo East,"2024-07-05 09:44:08","2024-07-05 14:22:37",wiwin.dwiutami.hakim,wiwin.dwiutami.hakim
149,4,88,inactive,Probolinggo West,"2024-07-05 09:44:08","2024-07-05 14:22:37",wiwin.dwiutami.hakim,wiwin.dwiutami.hakim
150,4,89,inactive,Lawang,"2024-07-05 09:44:08","2024-07-05 14:22:37",wiwin.dwiutami.hakim,wiwin.dwiutami.hakim
151,4,90,inactive,Jember Central,"2024-07-05 09:44:08","2024-07-05 14:22:37",wiwin.dwiutami.hakim,wiwin.dwiutami.hakim
152,4,91,inactive,Lamongan Central,"2024-07-05 09:44:08","2024-07-05 14:22:37",wiwin.dwiutami.hakim,wiwin.dwiutami.hakim
153,4,92,inactive,Kediri,"2024-07-05 09:44:08","2024-07-05 14:22:37",wiwin.dwiutami.hakim,wiwin.dwiutami.hakim
154,4,93,inactive,Madiun,"2024-07-05 09:44:08","2024-07-05 14:22:37",wiwin.dwiutami.hakim,wiwin.dwiutami.hakim
155,4,94,inactive,Binjai,"2024-07-05 09:44:08","2024-07-05 14:22:37",wiwin.dwiutami.hakim,wiwin.dwiutami.hakim
156,4,95,inactive,Samarinda,"2024-07-05 09:44:08","2024-07-05 14:22:37",wiwin.dwiutami.hakim,wiwin.dwiutami.hakim
157,4,96,inactive,Banjarmasin,"2024-07-05 09:44:08","2024-07-05 14:22:37",wiwin.dwiutami.hakim,wiwin.dwiutami.hakim
158,4,97,inactive,Banjar Baru,"2024-07-05 09:44:08","2024-07-05 14:22:37",wiwin.dwiutami.hakim,wiwin.dwiutami.hakim
159,4,98,inactive,Gresik South,"2024-07-05 09:44:08","2024-07-05 14:22:37",wiwin.dwiutami.hakim,wiwin.dwiutami.hakim
160,4,100,inactive,Gresik North,"2024-07-05 09:44:08","2024-07-05 14:22:37",wiwin.dwiutami.hakim,wiwin.dwiutami.hakim
161,4,101,inactive,Mojokerto North,"2024-07-05 09:44:08","2024-07-05 14:22:37",wiwin.dwiutami.hakim,wiwin.dwiutami.hakim
162,4,102,inactive,Mojokerto South,"2024-07-05 09:44:08","2024-07-05 14:22:37",wiwin.dwiutami.hakim,wiwin.dwiutami.hakim
163,4,103,inactive,Deli Serdang East,"2024-07-05 09:44:08","2024-07-05 14:22:37",wiwin.dwiutami.hakim,wiwin.dwiutami.hakim
164,4,104,inactive,Deli Serdang Central,"2024-07-05 09:44:08","2024-07-05 14:22:37",wiwin.dwiutami.hakim,wiwin.dwiutami.hakim
165,4,105,inactive,Deli Serdang West,"2024-07-05 09:44:08","2024-07-05 14:22:37",wiwin.dwiutami.hakim,wiwin.dwiutami.hakim
166,4,107,inactive,Malang Kabupaten West,"2024-07-05 09:44:08","2024-07-05 14:22:37",wiwin.dwiutami.hakim,wiwin.dwiutami.hakim
167,4,108,inactive,Malang Kabupaten East,"2024-07-05 09:44:08","2024-07-05 14:22:37",wiwin.dwiutami.hakim,wiwin.dwiutami.hakim
168,4,109,inactive,Tabanan South,"2024-07-05 09:44:08","2024-07-05 14:22:37",wiwin.dwiutami.hakim,wiwin.dwiutami.hakim
169,4,110,inactive,Badung Central,"2024-07-05 09:44:08","2024-07-05 14:22:37",wiwin.dwiutami.hakim,wiwin.dwiutami.hakim
170,4,111,inactive,Gianyar South,"2024-07-05 09:44:08","2024-07-05 14:22:37",wiwin.dwiutami.hakim,wiwin.dwiutami.hakim
171,4,112,inactive,Pekanbaru North,"2024-07-05 09:44:08","2024-07-05 14:22:37",wiwin.dwiutami.hakim,wiwin.dwiutami.hakim
172,4,113,inactive,Kampar North,"2024-07-05 09:44:08","2024-07-05 14:22:37",wiwin.dwiutami.hakim,wiwin.dwiutami.hakim
173,4,115,inactive,Kampar East,"2024-07-05 09:44:08","2024-07-05 14:22:37",wiwin.dwiutami.hakim,wiwin.dwiutami.hakim
174,4,116,inactive,Bandung Kabupaten South,"2024-07-05 09:44:08","2024-07-05 14:22:37",wiwin.dwiutami.hakim,wiwin.dwiutami.hakim
175,4,117,inactive,Sukoharjo North,"2024-07-05 09:44:08","2024-07-05 14:22:37",wiwin.dwiutami.hakim,wiwin.dwiutami.hakim
176,4,118,inactive,Karanganyar West,"2024-07-05 09:44:08","2024-07-05 14:22:37",wiwin.dwiutami.hakim,wiwin.dwiutami.hakim
177,4,119,inactive,Cirebon Kabupaten South,"2024-07-05 09:44:08","2024-07-05 14:22:37",wiwin.dwiutami.hakim,wiwin.dwiutami.hakim
178,4,120,inactive,Cirebon Kabupaten North,"2024-07-05 09:44:08","2024-07-05 14:22:37",wiwin.dwiutami.hakim,wiwin.dwiutami.hakim
179,4,121,inactive,Jambi,"2024-07-05 09:44:08","2024-07-05 14:22:37",wiwin.dwiutami.hakim,wiwin.dwiutami.hakim
180,4,123,inactive,Bekasi Kabupaten South,"2024-07-05 09:44:08","2024-07-05 14:22:37",wiwin.dwiutami.hakim,wiwin.dwiutami.hakim
181,4,124,inactive,Metro,"2024-07-05 09:44:08","2024-07-05 14:22:37",wiwin.dwiutami.hakim,wiwin.dwiutami.hakim
182,4,125,inactive,Tegal Kabupaten North,"2024-07-05 09:44:08","2024-07-05 14:22:37",wiwin.dwiutami.hakim,wiwin.dwiutami.hakim
183,4,126,inactive,Brebes North,"2024-07-05 09:44:08","2024-07-05 14:22:37",wiwin.dwiutami.hakim,wiwin.dwiutami.hakim
184,4,127,inactive,Palu,"2024-07-05 09:44:08","2024-07-05 14:22:37",wiwin.dwiutami.hakim,wiwin.dwiutami.hakim
185,4,128,inactive,Sleman East,"2024-07-05 09:44:08","2024-07-05 14:22:37",wiwin.dwiutami.hakim,wiwin.dwiutami.hakim
186,4,129,inactive,Sleman West,"2024-07-05 09:44:08","2024-07-05 14:22:37",wiwin.dwiutami.hakim,wiwin.dwiutami.hakim
187,4,130,inactive,Kediri Kabupaten West,"2024-07-05 09:44:08","2024-07-05 14:22:37",wiwin.dwiutami.hakim,wiwin.dwiutami.hakim
188,4,131,inactive,Kediri Kabupaten East,"2024-07-05 09:44:08","2024-07-05 14:22:37",wiwin.dwiutami.hakim,wiwin.dwiutami.hakim
189,4,132,inactive,Jombang,"2024-07-05 09:44:08","2024-07-05 14:22:37",wiwin.dwiutami.hakim,wiwin.dwiutami.hakim
190,4,133,inactive,Ungaran West,"2024-07-05 09:44:08","2024-07-05 14:22:37",wiwin.dwiutami.hakim,wiwin.dwiutami.hakim
191,4,134,inactive,Ungaran East,"2024-07-05 09:44:08","2024-07-05 14:22:37",wiwin.dwiutami.hakim,wiwin.dwiutami.hakim
192,4,135,inactive,Salatiga West,"2024-07-05 09:44:08","2024-07-05 14:22:37",wiwin.dwiutami.hakim,wiwin.dwiutami.hakim
193,4,136,inactive,Salatiga East,"2024-07-05 09:44:08","2024-07-05 14:22:37",wiwin.dwiutami.hakim,wiwin.dwiutami.hakim
194,4,137,inactive,Magelang,"2024-07-05 09:44:08","2024-07-05 14:22:37",wiwin.dwiutami.hakim,wiwin.dwiutami.hakim
195,4,138,inactive,Sukabumi North,"2024-07-05 09:44:08","2024-07-05 14:22:37",wiwin.dwiutami.hakim,wiwin.dwiutami.hakim
196,4,139,inactive,Sukabumi West,"2024-07-05 09:44:08","2024-07-05 14:22:37",wiwin.dwiutami.hakim,wiwin.dwiutami.hakim
197,4,140,inactive,Sukabumi Central,"2024-07-05 09:44:08","2024-07-05 14:22:37",wiwin.dwiutami.hakim,wiwin.dwiutami.hakim
198,4,141,inactive,Garut Central,"2024-07-05 09:44:08","2024-07-05 14:22:37",wiwin.dwiutami.hakim,wiwin.dwiutami.hakim
199,4,142,inactive,Kudus Central,"2024-07-05 09:44:08","2024-07-05 14:22:37",wiwin.dwiutami.hakim,wiwin.dwiutami.hakim
200,4,143,inactive,Pangkal Pinang,"2024-07-05 09:44:08","2024-07-05 14:22:37",wiwin.dwiutami.hakim,wiwin.dwiutami.hakim
201,4,144,inactive,Tanjung Pinang,"2024-07-05 09:44:08","2024-07-05 14:22:37",wiwin.dwiutami.hakim,wiwin.dwiutami.hakim
202,4,145,inactive,Pematang Siantar,"2024-07-05 09:44:08","2024-07-05 14:22:37",wiwin.dwiutami.hakim,wiwin.dwiutami.hakim
203,4,147,inactive,Sukoharjo South,"2024-07-05 09:44:08","2024-07-05 14:22:37",wiwin.dwiutami.hakim,wiwin.dwiutami.hakim
204,4,148,inactive,Sragen South West,"2024-07-05 09:44:08","2024-07-05 14:22:37",wiwin.dwiutami.hakim,wiwin.dwiutami.hakim
205,4,149,inactive,Magetan North,"2024-07-05 09:44:08","2024-07-05 14:22:37",wiwin.dwiutami.hakim,wiwin.dwiutami.hakim
206,4,150,inactive,Madiun Kabupaten South,"2024-07-05 09:44:08","2024-07-05 14:22:37",wiwin.dwiutami.hakim,wiwin.dwiutami.hakim
207,4,151,inactive,Malang Kabupaten North,"2024-07-05 09:44:08","2024-07-05 14:22:37",wiwin.dwiutami.hakim,wiwin.dwiutami.hakim
208,4,152,inactive,Karanganyar North,"2024-07-05 09:44:08","2024-07-05 14:22:37",wiwin.dwiutami.hakim,wiwin.dwiutami.hakim
209,4,153,inactive,Payakumbuh,"2024-07-05 09:44:08","2024-07-05 14:22:37",wiwin.dwiutami.hakim,wiwin.dwiutami.hakim
210,4,154,inactive,Banda Aceh,"2024-07-05 09:44:08","2024-07-05 14:22:37",wiwin.dwiutami.hakim,wiwin.dwiutami.hakim
211,4,155,inactive,Magetan South,"2024-07-05 09:44:08","2024-07-05 14:22:37",wiwin.dwiutami.hakim,wiwin.dwiutami.hakim
212,4,156,inactive,Bukittinggi Kabupaten East,"2024-07-05 09:44:08","2024-07-05 14:22:37",wiwin.dwiutami.hakim,wiwin.dwiutami.hakim
213,4,157,inactive,Gorontalo,"2024-07-05 09:44:08","2024-07-05 14:22:37",wiwin.dwiutami.hakim,wiwin.dwiutami.hakim
214,4,158,inactive,Kendari,"2024-07-05 09:44:08","2024-07-05 14:22:37",wiwin.dwiutami.hakim,wiwin.dwiutami.hakim
215,4,159,inactive,Purwokerto,"2024-07-05 09:44:08","2024-07-05 14:22:37",wiwin.dwiutami.hakim,wiwin.dwiutami.hakim
216,4,160,inactive,Tasikmalaya,"2024-07-05 09:44:08","2024-07-05 14:22:37",wiwin.dwiutami.hakim,wiwin.dwiutami.hakim
217,4,161,inactive,Cianjur,"2024-07-05 09:44:08","2024-07-05 14:22:37",wiwin.dwiutami.hakim,wiwin.dwiutami.hakim
218,4,162,inactive,Lembang,"2024-07-05 09:44:08","2024-07-05 14:22:37",wiwin.dwiutami.hakim,wiwin.dwiutami.hakim
219,4,163,inactive,Sragen South East,"2024-07-05 09:44:08","2024-07-05 14:22:37",wiwin.dwiutami.hakim,wiwin.dwiutami.hakim
220,4,164,inactive,Cilacap,"2024-07-05 09:44:08","2024-07-05 14:22:37",wiwin.dwiutami.hakim,wiwin.dwiutami.hakim
221,4,165,inactive,Banyumas East,"2024-07-05 09:44:08","2024-07-05 14:22:37",wiwin.dwiutami.hakim,wiwin.dwiutami.hakim
222,4,166,inactive,Purbalingga West,"2024-07-05 09:44:08","2024-07-05 14:22:37",wiwin.dwiutami.hakim,wiwin.dwiutami.hakim
223,4,167,inactive,Klaten North,"2024-07-05 09:44:08","2024-07-05 14:22:37",wiwin.dwiutami.hakim,wiwin.dwiutami.hakim
224,4,168,inactive,Klaten East,"2024-07-05 09:44:08","2024-07-05 14:22:37",wiwin.dwiutami.hakim,wiwin.dwiutami.hakim
225,4,169,inactive,Klaten South,"2024-07-05 09:44:08","2024-07-05 14:22:37",wiwin.dwiutami.hakim,wiwin.dwiutami.hakim
226,4,170,inactive,Ngawi Central,"2024-07-05 09:44:08","2024-07-05 14:22:37",wiwin.dwiutami.hakim,wiwin.dwiutami.hakim
227,4,171,inactive,Magetan Central,"2024-07-05 09:44:08","2024-07-05 14:22:37",wiwin.dwiutami.hakim,wiwin.dwiutami.hakim
228,4,172,inactive,Madiun Kabupaten North,"2024-07-05 09:44:08","2024-07-05 14:22:37",wiwin.dwiutami.hakim,wiwin.dwiutami.hakim
229,4,173,inactive,Madiun Kabupaten East,"2024-07-05 09:44:08","2024-07-05 14:22:37",wiwin.dwiutami.hakim,wiwin.dwiutami.hakim
230,4,174,inactive,Indramayu,"2024-07-05 09:44:08","2024-07-05 14:22:37",wiwin.dwiutami.hakim,wiwin.dwiutami.hakim
231,4,175,inactive,Subang Central,"2024-07-05 09:44:08","2024-07-05 14:22:37",wiwin.dwiutami.hakim,wiwin.dwiutami.hakim
232,4,177,inactive,Magelang Kabupaten South East,"2024-07-05 09:44:08","2024-07-05 14:22:37",wiwin.dwiutami.hakim,wiwin.dwiutami.hakim
233,4,178,inactive,Karanganyar South,"2024-07-05 09:44:08","2024-07-05 14:22:37",wiwin.dwiutami.hakim,wiwin.dwiutami.hakim
234,4,179,inactive,Karawang North,"2024-07-05 09:44:08","2024-07-05 14:22:37",wiwin.dwiutami.hakim,wiwin.dwiutami.hakim
235,4,180,inactive,Malang Kabupaten South,"2024-07-05 09:44:08","2024-07-05 14:22:37",wiwin.dwiutami.hakim,wiwin.dwiutami.hakim
236,4,181,inactive,Bangkalan West,"2024-07-05 09:44:08","2024-07-05 14:22:37",wiwin.dwiutami.hakim,wiwin.dwiutami.hakim
237,4,182,inactive,Demak Central,"2024-07-05 09:44:08","2024-07-05 14:22:37",wiwin.dwiutami.hakim,wiwin.dwiutami.hakim
238,4,183,inactive,Demak Kabupaten South,"2024-07-05 09:44:08","2024-07-05 14:22:37",wiwin.dwiutami.hakim,wiwin.dwiutami.hakim
239,4,184,inactive,Demak East,"2024-07-05 09:44:08","2024-07-05 14:22:37",wiwin.dwiutami.hakim,wiwin.dwiutami.hakim
240,4,185,inactive,Kudus North,"2024-07-05 09:44:08","2024-07-05 14:22:37",wiwin.dwiutami.hakim,wiwin.dwiutami.hakim
241,4,186,inactive,Kudus South,"2024-07-05 09:44:08","2024-07-05 14:22:37",wiwin.dwiutami.hakim,wiwin.dwiutami.hakim
242,4,187,inactive,Jepara South,"2024-07-05 09:44:08","2024-07-05 14:22:37",wiwin.dwiutami.hakim,wiwin.dwiutami.hakim
243,4,188,inactive,Boyolali South,"2024-07-05 09:44:08","2024-07-05 14:22:37",wiwin.dwiutami.hakim,wiwin.dwiutami.hakim
244,4,189,inactive,Boyolali Kabupaten East,"2024-07-05 09:44:08","2024-07-05 14:22:37",wiwin.dwiutami.hakim,wiwin.dwiutami.hakim
245,4,190,inactive,Majalengka,"2024-07-05 09:44:08","2024-07-05 14:22:37",wiwin.dwiutami.hakim,wiwin.dwiutami.hakim
246,4,191,inactive,Surabaya East,"2024-07-05 09:44:08","2024-07-05 14:22:37",wiwin.dwiutami.hakim,wiwin.dwiutami.hakim
247,4,192,inactive,Sidoarjo North,"2024-07-05 09:44:08","2024-07-05 14:22:37",wiwin.dwiutami.hakim,wiwin.dwiutami.hakim
248,4,193,inactive,Magelang Kabupaten North,"2024-07-05 09:44:08","2024-07-05 14:22:37",wiwin.dwiutami.hakim,wiwin.dwiutami.hakim
249,4,194,inactive,Kupang,"2024-07-05 09:44:08","2024-07-05 14:22:37",wiwin.dwiutami.hakim,wiwin.dwiutami.hakim
250,4,195,inactive,Jayapura,"2024-07-05 09:44:08","2024-07-05 14:22:37",wiwin.dwiutami.hakim,wiwin.dwiutami.hakim
251,4,196,inactive,Wonogiri,"2024-07-05 09:44:08","2024-07-05 14:22:37",wiwin.dwiutami.hakim,wiwin.dwiutami.hakim
252,4,197,inactive,Banyuwangi Kabupaten North,"2024-07-05 09:44:08","2024-07-05 14:22:37",wiwin.dwiutami.hakim,wiwin.dwiutami.hakim
253,4,198,inactive,Bojonegoro,"2024-07-05 09:44:08","2024-07-05 14:22:37",wiwin.dwiutami.hakim,wiwin.dwiutami.hakim
254,4,199,inactive,Padang Pariaman Kabupaten South,"2024-07-05 09:44:08","2024-07-05 14:22:37",wiwin.dwiutami.hakim,wiwin.dwiutami.hakim
255,4,200,inactive,Padang Pariaman,"2024-07-05 09:44:08","2024-07-05 14:22:37",wiwin.dwiutami.hakim,wiwin.dwiutami.hakim
256,4,201,inactive,Purworejo,"2024-07-05 09:44:08","2024-07-05 14:22:37",wiwin.dwiutami.hakim,wiwin.dwiutami.hakim
257,4,202,inactive,Demak Kabupaten South East,"2024-07-05 09:44:08","2024-07-05 14:22:37",wiwin.dwiutami.hakim,wiwin.dwiutami.hakim
258,4,203,inactive,Demak Kabupaten West,"2024-07-05 09:44:08","2024-07-05 14:22:37",wiwin.dwiutami.hakim,wiwin.dwiutami.hakim
259,4,204,inactive,Yogyakarta - Bantul South,"2024-07-05 09:44:08","2024-07-05 14:22:37",wiwin.dwiutami.hakim,wiwin.dwiutami.hakim
260,4,205,inactive,Magelang Kabupaten West,"2024-07-05 09:44:08","2024-07-05 14:22:37",wiwin.dwiutami.hakim,wiwin.dwiutami.hakim
261,4,206,inactive,Yogyakarta - Bantul West,"2024-07-05 09:44:08","2024-07-05 14:22:37",wiwin.dwiutami.hakim,wiwin.dwiutami.hakim
262,4,207,inactive,Magelang Kabupaten South,"2024-07-05 09:44:08","2024-07-05 14:22:37",wiwin.dwiutami.hakim,wiwin.dwiutami.hakim
263,4,208,inactive,Pekalongan Kabupaten South,"2024-07-05 09:44:08","2024-07-05 14:22:37",wiwin.dwiutami.hakim,wiwin.dwiutami.hakim
264,4,209,inactive,Pamekasan South,"2024-07-05 09:44:08","2024-07-05 14:22:37",wiwin.dwiutami.hakim,wiwin.dwiutami.hakim
265,4,210,inactive,Jepara,"2024-07-05 09:44:08","2024-07-05 14:22:37",wiwin.dwiutami.hakim,wiwin.dwiutami.hakim
266,4,211,inactive,Bandar Lampung Kabupaten North,"2024-07-05 09:44:09","2024-07-05 14:22:37",wiwin.dwiutami.hakim,wiwin.dwiutami.hakim
267,4,212,inactive,Maros,"2024-07-05 09:44:09","2024-07-05 14:22:37",wiwin.dwiutami.hakim,wiwin.dwiutami.hakim
268,4,213,inactive,Pasuruan Kabupaten East,"2024-07-05 09:44:09","2024-07-05 14:22:37",wiwin.dwiutami.hakim,wiwin.dwiutami.hakim
269,4,214,inactive,Buleleng Central,"2024-07-05 09:44:09","2024-07-05 14:22:37",wiwin.dwiutami.hakim,wiwin.dwiutami.hakim
270,4,215,inactive,Sumedang,"2024-07-05 09:44:09","2024-07-05 14:22:37",wiwin.dwiutami.hakim,wiwin.dwiutami.hakim
271,4,216,inactive,Palangkaraya,"2024-07-05 09:44:09","2024-07-05 14:22:37",wiwin.dwiutami.hakim,wiwin.dwiutami.hakim
272,4,217,inactive,Ambon,"2024-07-05 09:44:09","2024-07-05 14:22:37",wiwin.dwiutami.hakim,wiwin.dwiutami.hakim
273,4,218,inactive,Banyuwangi Kabupaten West,"2024-07-05 09:44:09","2024-07-05 14:22:37",wiwin.dwiutami.hakim,wiwin.dwiutami.hakim
274,4,219,inactive,Subang Kabupaten West,"2024-07-05 09:44:09","2024-07-05 14:22:37",wiwin.dwiutami.hakim,wiwin.dwiutami.hakim
275,4,220,inactive,Palopo,"2024-07-05 09:44:09","2024-07-05 14:22:37",wiwin.dwiutami.hakim,wiwin.dwiutami.hakim
276,4,221,inactive,Probolinggo North East,"2024-07-05 09:44:09","2024-07-05 14:22:37",wiwin.dwiutami.hakim,wiwin.dwiutami.hakim
277,4,223,inactive,Ambon East,"2024-07-05 09:44:09","2024-07-05 14:22:37",wiwin.dwiutami.hakim,wiwin.dwiutami.hakim
278,4,224,inactive,Ambon North,"2024-07-05 09:44:09","2024-07-05 14:22:37",wiwin.dwiutami.hakim,wiwin.dwiutami.hakim
279,4,225,inactive,Bangka Kabupaten South,"2024-07-05 09:44:09","2024-07-05 14:22:37",wiwin.dwiutami.hakim,wiwin.dwiutami.hakim
280,4,226,inactive,Belitung,"2024-07-05 09:44:09","2024-07-05 14:22:37",wiwin.dwiutami.hakim,wiwin.dwiutami.hakim
281,4,227,inactive,Tenggarong,"2024-07-05 09:44:09","2024-07-05 14:22:37",wiwin.dwiutami.hakim,wiwin.dwiutami.hakim
282,4,228,inactive,Buleleng West,"2024-07-05 09:44:09","2024-07-05 14:22:37",wiwin.dwiutami.hakim,wiwin.dwiutami.hakim
283,4,229,inactive,Bandar Lampung Kabupaten East,"2024-07-05 09:44:09","2024-07-05 14:22:37",wiwin.dwiutami.hakim,wiwin.dwiutami.hakim
284,4,230,inactive,Bontang,"2024-07-05 09:44:09","2024-07-05 14:22:37",wiwin.dwiutami.hakim,wiwin.dwiutami.hakim
285,4,231,inactive,Sorong,"2024-07-05 09:44:09","2024-07-05 14:22:37",wiwin.dwiutami.hakim,wiwin.dwiutami.hakim
286,4,233,inactive,Tomohon,"2024-07-05 09:44:09","2024-07-05 14:22:37",wiwin.dwiutami.hakim,wiwin.dwiutami.hakim
287,4,234,inactive,Subang Kabupaten North,"2024-07-05 09:44:09","2024-07-05 14:22:37",wiwin.dwiutami.hakim,wiwin.dwiutami.hakim
288,4,235,inactive,Indramayu Kabupaten,"2024-07-05 09:44:09","2024-07-05 14:22:37",wiwin.dwiutami.hakim,wiwin.dwiutami.hakim
289,4,236,inactive,Rangkasbitung,"2024-07-05 09:44:09","2024-07-05 14:22:37",wiwin.dwiutami.hakim,wiwin.dwiutami.hakim
290,4,237,inactive,Manado North East,"2024-07-05 09:44:09","2024-07-05 14:22:37",wiwin.dwiutami.hakim,wiwin.dwiutami.hakim
291,4,238,inactive,Kulon Progo,"2024-07-05 09:44:09","2024-07-05 14:22:37",wiwin.dwiutami.hakim,wiwin.dwiutami.hakim
292,4,239,inactive,Manado East,"2024-07-05 09:44:09","2024-07-05 14:22:37",wiwin.dwiutami.hakim,wiwin.dwiutami.hakim
293,4,240,inactive,Pemalang,"2024-07-05 09:44:09","2024-07-05 14:22:37",wiwin.dwiutami.hakim,wiwin.dwiutami.hakim
294,4,241,inactive,Jembrana,"2024-07-05 09:44:09","2024-07-05 14:22:37",wiwin.dwiutami.hakim,wiwin.dwiutami.hakim
295,4,242,inactive,Bondowoso,"2024-07-05 09:44:09","2024-07-05 14:22:37",wiwin.dwiutami.hakim,wiwin.dwiutami.hakim
296,4,243,inactive,West Lombok,"2024-07-05 09:44:09","2024-07-05 14:22:37",wiwin.dwiutami.hakim,wiwin.dwiutami.hakim
297,4,244,inactive,Pandeglang,"2024-07-05 09:44:09","2024-07-05 14:22:37",wiwin.dwiutami.hakim,wiwin.dwiutami.hakim
298,4,245,inactive,Kendal,"2024-07-05 09:44:09","2024-07-05 14:22:37",wiwin.dwiutami.hakim,wiwin.dwiutami.hakim
299,4,246,inactive,Nganjuk,"2024-07-05 09:44:09","2024-07-05 14:22:37",wiwin.dwiutami.hakim,wiwin.dwiutami.hakim
300,4,247,inactive,Rembang,"2024-07-05 09:44:09","2024-07-05 14:22:37",wiwin.dwiutami.hakim,wiwin.dwiutami.hakim
301,4,248,inactive,Pati,"2024-07-05 09:44:09","2024-07-05 14:22:37",wiwin.dwiutami.hakim,wiwin.dwiutami.hakim
302,4,249,inactive,Blora,"2024-07-05 09:44:09","2024-07-05 14:22:37",wiwin.dwiutami.hakim,wiwin.dwiutami.hakim
303,4,250,inactive,Purwodadi,"2024-07-05 09:44:09","2024-07-05 14:22:37",wiwin.dwiutami.hakim,wiwin.dwiutami.hakim
304,4,251,inactive,Bandung West,"2024-07-05 09:44:09","2024-07-05 14:22:37",wiwin.dwiutami.hakim,wiwin.dwiutami.hakim
305,4,252,inactive,Pangkajene Kepulauan,"2024-07-05 09:44:09","2024-07-05 14:22:37",wiwin.dwiutami.hakim,wiwin.dwiutami.hakim
306,4,253,inactive,Sidenreng Rappang,"2024-07-05 09:44:09","2024-07-05 14:22:37",wiwin.dwiutami.hakim,wiwin.dwiutami.hakim
307,4,254,inactive,Tanjung Balai,"2024-07-05 09:44:09","2024-07-05 14:22:37",wiwin.dwiutami.hakim,wiwin.dwiutami.hakim
308,4,255,inactive,Blitar,"2024-07-05 09:44:09","2024-07-05 14:22:37",wiwin.dwiutami.hakim,wiwin.dwiutami.hakim
309,4,256,inactive,Tulungagung,"2024-07-05 09:44:09","2024-07-05 14:22:37",wiwin.dwiutami.hakim,wiwin.dwiutami.hakim
310,4,257,inactive,Bengkulu,"2024-07-05 09:44:09","2024-07-05 14:22:37",wiwin.dwiutami.hakim,wiwin.dwiutami.hakim
311,4,258,inactive,Mamuju,"2024-07-05 09:44:09","2024-07-05 14:22:37",wiwin.dwiutami.hakim,wiwin.dwiutami.hakim
312,4,259,inactive,Watampone,"2024-07-05 09:44:09","2024-07-05 14:22:37",wiwin.dwiutami.hakim,wiwin.dwiutami.hakim
313,4,260,inactive,Parepare,"2024-07-05 09:44:09","2024-07-05 14:22:37",wiwin.dwiutami.hakim,wiwin.dwiutami.hakim
314,4,261,inactive,Batang,"2024-07-05 09:44:09","2024-07-05 14:22:37",wiwin.dwiutami.hakim,wiwin.dwiutami.hakim
315,4,262,inactive,Blora Kabupaten South,"2024-07-05 09:44:09","2024-07-05 14:22:37",wiwin.dwiutami.hakim,wiwin.dwiutami.hakim
316,4,263,inactive,Bojonegoro West,"2024-07-05 09:44:09","2024-07-05 14:22:37",wiwin.dwiutami.hakim,wiwin.dwiutami.hakim
317,4,264,inactive,Grobogan Kabupaten East,"2024-07-05 09:44:09","2024-07-05 14:22:37",wiwin.dwiutami.hakim,wiwin.dwiutami.hakim
318,4,265,inactive,Grobogan Kabupaten West,"2024-07-05 09:44:09","2024-07-05 14:22:37",wiwin.dwiutami.hakim,wiwin.dwiutami.hakim
319,4,266,inactive,Jepara North,"2024-07-05 09:44:09","2024-07-05 14:22:37",wiwin.dwiutami.hakim,wiwin.dwiutami.hakim
320,4,267,inactive,Kendal Kabupaten South,"2024-07-05 09:44:09","2024-07-05 14:22:37",wiwin.dwiutami.hakim,wiwin.dwiutami.hakim
321,4,268,inactive,Labuhan,"2024-07-05 09:44:09","2024-07-05 14:22:37",wiwin.dwiutami.hakim,wiwin.dwiutami.hakim
322,4,269,inactive,Pandeglang Kabupaten North East,"2024-07-05 09:44:09","2024-07-05 14:22:37",wiwin.dwiutami.hakim,wiwin.dwiutami.hakim
323,4,270,inactive,Lamongan Kabupaten North,"2024-07-05 09:44:09","2024-07-05 14:22:37",wiwin.dwiutami.hakim,wiwin.dwiutami.hakim
324,4,271,inactive,Lamongan Kabupaten West,"2024-07-05 09:44:09","2024-07-05 14:22:37",wiwin.dwiutami.hakim,wiwin.dwiutami.hakim
325,4,272,inactive,Pati Kabupaten North,"2024-07-05 09:44:09","2024-07-05 14:22:37",wiwin.dwiutami.hakim,wiwin.dwiutami.hakim
326,4,273,inactive,Pati Kabupaten South,"2024-07-05 09:44:09","2024-07-05 14:22:37",wiwin.dwiutami.hakim,wiwin.dwiutami.hakim
327,4,274,inactive,Rembang Kabupaten East,"2024-07-05 09:44:09","2024-07-05 14:22:37",wiwin.dwiutami.hakim,wiwin.dwiutami.hakim
328,4,275,inactive,Sampang,"2024-07-05 09:44:09","2024-07-05 14:22:37",wiwin.dwiutami.hakim,wiwin.dwiutami.hakim
329,4,276,inactive,Sumenep,"2024-07-05 09:44:09","2024-07-05 14:22:37",wiwin.dwiutami.hakim,wiwin.dwiutami.hakim
330,4,277,inactive,Tuban,"2024-07-05 09:44:09","2024-07-05 14:22:37",wiwin.dwiutami.hakim,wiwin.dwiutami.hakim
331,4,278,inactive,Takalar,"2024-07-05 09:44:09","2024-07-05 14:22:37",wiwin.dwiutami.hakim,wiwin.dwiutami.hakim
332,4,279,inactive,Jeneponto,"2024-07-05 09:44:09","2024-07-05 14:22:37",wiwin.dwiutami.hakim,wiwin.dwiutami.hakim
333,4,280,inactive,Bantaeng,"2024-07-05 09:44:09","2024-07-05 14:22:37",wiwin.dwiutami.hakim,wiwin.dwiutami.hakim
334,4,281,inactive,Bulukumba,"2024-07-05 09:44:09","2024-07-05 14:22:37",wiwin.dwiutami.hakim,wiwin.dwiutami.hakim
335,4,282,inactive,Sinjai,"2024-07-05 09:44:09","2024-07-05 14:22:37",wiwin.dwiutami.hakim,wiwin.dwiutami.hakim
336,4,283,inactive,Bone,"2024-07-05 09:44:09","2024-07-05 14:22:37",wiwin.dwiutami.hakim,wiwin.dwiutami.hakim
337,4,284,inactive,Takalar Kabupaten West,"2024-07-05 09:44:09","2024-07-05 14:22:37",wiwin.dwiutami.hakim,wiwin.dwiutami.hakim
338,4,285,inactive,Gowa Kabupaten West,"2024-07-05 09:44:09","2024-07-05 14:22:37",wiwin.dwiutami.hakim,wiwin.dwiutami.hakim
339,4,286,inactive,Barru,"2024-07-05 09:44:09","2024-07-05 14:22:37",wiwin.dwiutami.hakim,wiwin.dwiutami.hakim
340,4,287,inactive,Soppeng,"2024-07-05 09:44:09","2024-07-05 14:22:37",wiwin.dwiutami.hakim,wiwin.dwiutami.hakim
341,4,288,inactive,Wajo,"2024-07-05 09:44:09","2024-07-05 14:22:37",wiwin.dwiutami.hakim,wiwin.dwiutami.hakim
342,4,289,inactive,Pinrang,"2024-07-05 09:44:09","2024-07-05 14:22:37",wiwin.dwiutami.hakim,wiwin.dwiutami.hakim
343,4,290,inactive,Enrekang,"2024-07-05 09:44:09","2024-07-05 14:22:37",wiwin.dwiutami.hakim,wiwin.dwiutami.hakim
344,4,291,inactive,Polewali Mandar,"2024-07-05 09:44:09","2024-07-05 14:22:37",wiwin.dwiutami.hakim,wiwin.dwiutami.hakim
345,4,292,inactive,Tana Toraja,"2024-07-05 09:44:09","2024-07-05 14:22:37",wiwin.dwiutami.hakim,wiwin.dwiutami.hakim
346,4,293,inactive,North Luwu,"2024-07-05 09:44:09","2024-07-05 14:22:37",wiwin.dwiutami.hakim,wiwin.dwiutami.hakim
347,4,294,inactive,East Luwu,"2024-07-05 09:44:09","2024-07-05 14:22:37",wiwin.dwiutami.hakim,wiwin.dwiutami.hakim
348,4,295,inactive,Luwu,"2024-07-05 09:44:09","2024-07-05 14:22:37",wiwin.dwiutami.hakim,wiwin.dwiutami.hakim
349,4,296,inactive,Muna,"2024-07-05 09:44:09","2024-07-05 14:22:37",wiwin.dwiutami.hakim,wiwin.dwiutami.hakim
350,4,297,inactive,Baubau,"2024-07-05 09:44:09","2024-07-05 14:22:37",wiwin.dwiutami.hakim,wiwin.dwiutami.hakim
351,4,298,inactive,North Mamuju,"2024-07-05 09:44:09","2024-07-05 14:22:37",wiwin.dwiutami.hakim,wiwin.dwiutami.hakim
352,4,299,inactive,Konawe,"2024-07-05 09:44:09","2024-07-05 14:22:37",wiwin.dwiutami.hakim,wiwin.dwiutami.hakim
353,4,300,inactive,Parigi Kabupaten South,"2024-07-05 09:44:09","2024-07-05 14:22:37",wiwin.dwiutami.hakim,wiwin.dwiutami.hakim
354,4,301,inactive,Poso,"2024-07-05 09:44:09","2024-07-05 14:22:37",wiwin.dwiutami.hakim,wiwin.dwiutami.hakim
355,4,302,inactive,Banggai,"2024-07-05 09:44:09","2024-07-05 14:22:37",wiwin.dwiutami.hakim,wiwin.dwiutami.hakim
356,4,303,inactive,Maros Kabupaten North,"2024-07-05 09:44:09","2024-07-05 14:22:37",wiwin.dwiutami.hakim,wiwin.dwiutami.hakim
357,4,304,inactive,Majene,"2024-07-05 09:44:09","2024-07-05 14:22:37",wiwin.dwiutami.hakim,wiwin.dwiutami.hakim
358,4,305,inactive,North Toraja,"2024-07-05 09:44:09","2024-07-05 14:22:37",wiwin.dwiutami.hakim,wiwin.dwiutami.hakim
359,4,306,inactive,Aceh Singkil,"2024-07-05 09:44:09","2024-07-05 14:22:37",wiwin.dwiutami.hakim,wiwin.dwiutami.hakim
360,4,307,inactive,Aceh Tenggara,"2024-07-05 09:44:09","2024-07-05 14:22:37",wiwin.dwiutami.hakim,wiwin.dwiutami.hakim
361,4,308,inactive,Asahan,"2024-07-05 09:44:09","2024-07-05 14:22:37",wiwin.dwiutami.hakim,wiwin.dwiutami.hakim
362,4,309,inactive,Batu Bara,"2024-07-05 09:44:09","2024-07-05 14:22:37",wiwin.dwiutami.hakim,wiwin.dwiutami.hakim
363,4,310,inactive,Central Tapanuli,"2024-07-05 09:44:09","2024-07-05 14:22:37",wiwin.dwiutami.hakim,wiwin.dwiutami.hakim
364,4,311,inactive,Dairi,"2024-07-05 09:44:09","2024-07-05 14:22:37",wiwin.dwiutami.hakim,wiwin.dwiutami.hakim
365,4,312,inactive,Gunungsitoli,"2024-07-05 09:44:09","2024-07-05 14:22:37",wiwin.dwiutami.hakim,wiwin.dwiutami.hakim
366,4,313,inactive,Karo,"2024-07-05 09:44:09","2024-07-05 14:22:37",wiwin.dwiutami.hakim,wiwin.dwiutami.hakim
367,4,314,inactive,Labuhan Batu,"2024-07-05 09:44:09","2024-07-05 14:22:37",wiwin.dwiutami.hakim,wiwin.dwiutami.hakim
368,4,315,inactive,Langkat,"2024-07-05 09:44:09","2024-07-05 14:22:37",wiwin.dwiutami.hakim,wiwin.dwiutami.hakim
369,4,316,inactive,Mandailing Natal,"2024-07-05 09:44:09","2024-07-05 14:22:37",wiwin.dwiutami.hakim,wiwin.dwiutami.hakim
370,4,317,inactive,Nias,"2024-07-05 09:44:09","2024-07-05 14:22:37",wiwin.dwiutami.hakim,wiwin.dwiutami.hakim
371,4,318,inactive,North Labuhan Batu,"2024-07-05 09:44:09","2024-07-05 14:22:37",wiwin.dwiutami.hakim,wiwin.dwiutami.hakim
372,4,319,inactive,North Padang Lawas,"2024-07-05 09:44:09","2024-07-05 14:22:37",wiwin.dwiutami.hakim,wiwin.dwiutami.hakim
373,4,320,inactive,North Tapanuli,"2024-07-05 09:44:09","2024-07-05 14:22:37",wiwin.dwiutami.hakim,wiwin.dwiutami.hakim
374,4,321,inactive,Padang Lawas,"2024-07-05 09:44:09","2024-07-05 14:22:37",wiwin.dwiutami.hakim,wiwin.dwiutami.hakim
375,4,322,inactive,Padang Sidempuan,"2024-07-05 09:44:09","2024-07-05 14:22:37",wiwin.dwiutami.hakim,wiwin.dwiutami.hakim
376,4,323,inactive,Samosir,"2024-07-05 09:44:09","2024-07-05 14:22:37",wiwin.dwiutami.hakim,wiwin.dwiutami.hakim
377,4,324,inactive,Serdang Bedagai,"2024-07-05 09:44:09","2024-07-05 14:22:37",wiwin.dwiutami.hakim,wiwin.dwiutami.hakim
378,4,325,inactive,Sibolga,"2024-07-05 09:44:09","2024-07-05 14:22:37",wiwin.dwiutami.hakim,wiwin.dwiutami.hakim
379,4,326,inactive,South Labuhan Batu,"2024-07-05 09:44:09","2024-07-05 14:22:37",wiwin.dwiutami.hakim,wiwin.dwiutami.hakim
380,4,327,inactive,Tebing Tinggi,"2024-07-05 09:44:09","2024-07-05 14:22:37",wiwin.dwiutami.hakim,wiwin.dwiutami.hakim
381,4,328,inactive,Toba Samosir,"2024-07-05 09:44:09","2024-07-05 14:22:37",wiwin.dwiutami.hakim,wiwin.dwiutami.hakim
382,4,329,inactive,Simalungun,"2024-07-05 09:44:09","2024-07-05 14:22:37",wiwin.dwiutami.hakim,wiwin.dwiutami.hakim
383,4,330,inactive,Simalungun Kabupaten South,"2024-07-05 09:44:09","2024-07-05 14:22:37",wiwin.dwiutami.hakim,wiwin.dwiutami.hakim
384,4,331,inactive,Boengkoelan,"2024-07-05 09:44:09","2024-07-05 14:22:37",wiwin.dwiutami.hakim,wiwin.dwiutami.hakim
385,4,332,inactive,Jembrana West,"2024-07-05 09:44:09","2024-07-05 14:22:37",wiwin.dwiutami.hakim,wiwin.dwiutami.hakim
386,4,333,inactive,Kebumen,"2024-07-05 09:44:09","2024-07-05 14:22:37",wiwin.dwiutami.hakim,wiwin.dwiutami.hakim
387,4,334,inactive,Klungkung,"2024-07-05 09:44:09","2024-07-05 14:22:37",wiwin.dwiutami.hakim,wiwin.dwiutami.hakim
388,4,335,inactive,Merauke,"2024-07-05 09:44:09","2024-07-05 14:22:37",wiwin.dwiutami.hakim,wiwin.dwiutami.hakim
389,4,336,inactive,Singaparna,"2024-07-05 09:44:09","2024-07-05 14:22:37",wiwin.dwiutami.hakim,wiwin.dwiutami.hakim
390,4,337,inactive,Trenggalek,"2024-07-05 09:44:09","2024-07-05 14:22:37",wiwin.dwiutami.hakim,wiwin.dwiutami.hakim
391,4,338,inactive,Tulungagung South,"2024-07-05 09:44:09","2024-07-05 14:22:37",wiwin.dwiutami.hakim,wiwin.dwiutami.hakim
392,4,339,inactive,Banjarnegara,"2024-07-05 09:44:09","2024-07-05 14:22:37",wiwin.dwiutami.hakim,wiwin.dwiutami.hakim
393,4,340,inactive,Blitar Kabupaten East,"2024-07-05 09:44:09","2024-07-05 14:22:37",wiwin.dwiutami.hakim,wiwin.dwiutami.hakim
394,4,341,inactive,Blora Kabupaten West,"2024-07-05 09:44:09","2024-07-05 14:22:37",wiwin.dwiutami.hakim,wiwin.dwiutami.hakim
395,4,343,inactive,Cilacap Kabupaten East,"2024-07-05 09:44:09","2024-07-05 14:22:37",wiwin.dwiutami.hakim,wiwin.dwiutami.hakim
396,4,344,inactive,Cilacap Kabupaten North,"2024-07-05 09:44:09","2024-07-05 14:22:37",wiwin.dwiutami.hakim,wiwin.dwiutami.hakim
397,4,345,inactive,Brebes Kabupaten South,"2024-07-05 09:44:09","2024-07-05 14:22:37",wiwin.dwiutami.hakim,wiwin.dwiutami.hakim
398,4,348,inactive,Gunung Kidul,"2024-07-05 09:44:09","2024-07-05 14:22:37",wiwin.dwiutami.hakim,wiwin.dwiutami.hakim
399,4,349,inactive,Cilacap Kabupaten West,"2024-07-05 09:44:09","2024-07-05 14:22:37",wiwin.dwiutami.hakim,wiwin.dwiutami.hakim
400,4,350,inactive,Lumajang,"2024-07-05 09:44:09","2024-07-05 14:22:37",wiwin.dwiutami.hakim,wiwin.dwiutami.hakim
401,4,351,inactive,Pacitan,"2024-07-05 09:44:09","2024-07-05 14:22:37",wiwin.dwiutami.hakim,wiwin.dwiutami.hakim
402,4,352,inactive,Pamekasan Kabupaten North,"2024-07-05 09:44:09","2024-07-05 14:22:37",wiwin.dwiutami.hakim,wiwin.dwiutami.hakim
403,4,353,inactive,Purwodadi North,"2024-07-05 09:44:09","2024-07-05 14:22:37",wiwin.dwiutami.hakim,wiwin.dwiutami.hakim
404,4,354,inactive,Purworejo North,"2024-07-05 09:44:09","2024-07-05 14:22:37",wiwin.dwiutami.hakim,wiwin.dwiutami.hakim
405,4,355,inactive,Situbondo,"2024-07-05 09:44:09","2024-07-05 14:22:37",wiwin.dwiutami.hakim,wiwin.dwiutami.hakim
406,4,356,inactive,Sumenep Kabupaten South,"2024-07-05 09:44:09","2024-07-05 14:22:37",wiwin.dwiutami.hakim,wiwin.dwiutami.hakim
407,4,357,inactive,Tegal Kabupaten South,"2024-07-05 09:44:09","2024-07-05 14:22:37",wiwin.dwiutami.hakim,wiwin.dwiutami.hakim
408,4,358,inactive,Temanggung,"2024-07-05 09:44:09","2024-07-05 14:22:37",wiwin.dwiutami.hakim,wiwin.dwiutami.hakim
409,4,359,inactive,Wonosobo,"2024-07-05 09:44:09","2024-07-05 14:22:37",wiwin.dwiutami.hakim,wiwin.dwiutami.hakim
410,4,360,inactive,Central Lombok Regency,"2024-07-05 09:44:09","2024-07-05 14:22:37",wiwin.dwiutami.hakim,wiwin.dwiutami.hakim
411,4,362,inactive,Pati Kabupaten West,"2024-07-05 09:44:09","2024-07-05 14:22:37",wiwin.dwiutami.hakim,wiwin.dwiutami.hakim
412,4,363,inactive,Pemalang Kabupaten South,"2024-07-05 09:44:09","2024-07-05 14:22:37",wiwin.dwiutami.hakim,wiwin.dwiutami.hakim
413,4,364,inactive,Banjar,"2024-07-05 09:44:09","2024-07-05 14:22:37",wiwin.dwiutami.hakim,wiwin.dwiutami.hakim
414,4,365,inactive,Ciamis,"2024-07-05 09:44:09","2024-07-05 14:22:37",wiwin.dwiutami.hakim,wiwin.dwiutami.hakim
415,4,366,inactive,Cikuray,"2024-07-05 09:44:09","2024-07-05 14:22:37",wiwin.dwiutami.hakim,wiwin.dwiutami.hakim
416,4,367,inactive,Garut Kabupaten,"2024-07-05 09:44:09","2024-07-05 14:22:37",wiwin.dwiutami.hakim,wiwin.dwiutami.hakim
417,4,368,inactive,Garut Kabupaten South,"2024-07-05 09:44:09","2024-07-05 14:22:37",wiwin.dwiutami.hakim,wiwin.dwiutami.hakim
418,4,369,inactive,Lembang North,"2024-07-05 09:44:09","2024-07-05 14:22:37",wiwin.dwiutami.hakim,wiwin.dwiutami.hakim
419,4,370,inactive,Majalengka North,"2024-07-05 09:44:09","2024-07-05 14:22:37",wiwin.dwiutami.hakim,wiwin.dwiutami.hakim
420,4,371,inactive,Pangandaran,"2024-07-05 09:44:09","2024-07-05 14:22:37",wiwin.dwiutami.hakim,wiwin.dwiutami.hakim
421,4,372,inactive,Bandung Kabupaten West,"2024-07-05 09:44:09","2024-07-05 14:22:37",wiwin.dwiutami.hakim,wiwin.dwiutami.hakim
422,4,373,inactive,Sukabumi South,"2024-07-05 09:44:09","2024-07-05 14:22:37",wiwin.dwiutami.hakim,wiwin.dwiutami.hakim
423,4,374,inactive,Sumedang East,"2024-07-05 09:44:09","2024-07-05 14:22:37",wiwin.dwiutami.hakim,wiwin.dwiutami.hakim
424,4,375,inactive,Sumedang West,"2024-07-05 09:44:09","2024-07-05 14:22:37",wiwin.dwiutami.hakim,wiwin.dwiutami.hakim
425,4,376,inactive,Pringsewu,"2024-07-05 09:44:09","2024-07-05 14:22:37",wiwin.dwiutami.hakim,wiwin.dwiutami.hakim
426,4,377,inactive,Tarakan,"2024-07-05 09:44:09","2024-07-05 14:22:37",wiwin.dwiutami.hakim,wiwin.dwiutami.hakim
427,4,378,inactive,Hulu Sungai North,"2024-07-05 09:44:09","2024-07-05 14:22:37",wiwin.dwiutami.hakim,wiwin.dwiutami.hakim
428,4,379,inactive,Balikpapan East,"2024-07-05 09:44:09","2024-07-05 14:22:37",wiwin.dwiutami.hakim,wiwin.dwiutami.hakim
429,4,380,inactive,Bangka Kabupaten Southwest,"2024-07-05 09:44:09","2024-07-05 14:22:37",wiwin.dwiutami.hakim,wiwin.dwiutami.hakim
430,4,382,inactive,Banjarsari,"2024-07-05 09:44:09","2024-07-05 14:22:37",wiwin.dwiutami.hakim,wiwin.dwiutami.hakim
431,4,383,inactive,Belinyu,"2024-07-05 09:44:09","2024-07-05 14:22:37",wiwin.dwiutami.hakim,wiwin.dwiutami.hakim
432,4,384,inactive,Belitung Kabupaten East,"2024-07-05 09:44:09","2024-07-05 14:22:37",wiwin.dwiutami.hakim,wiwin.dwiutami.hakim
433,4,385,inactive,Bintan Kabupaten West,"2024-07-05 09:44:09","2024-07-05 14:22:37",wiwin.dwiutami.hakim,wiwin.dwiutami.hakim
434,4,386,inactive,Bitung,"2024-07-05 09:44:09","2024-07-05 14:22:37",wiwin.dwiutami.hakim,wiwin.dwiutami.hakim
435,4,387,inactive,Buol,"2024-07-05 09:44:09","2024-07-05 14:22:37",wiwin.dwiutami.hakim,wiwin.dwiutami.hakim
436,4,388,inactive,Humbang Hasundutan,"2024-07-05 09:44:09","2024-07-05 14:22:37",wiwin.dwiutami.hakim,wiwin.dwiutami.hakim
437,4,389,inactive,Bengkalis,"2024-07-05 09:44:09","2024-07-05 14:22:37",wiwin.dwiutami.hakim,wiwin.dwiutami.hakim
438,4,391,inactive,Gorontalo Kabupaten North,"2024-07-05 09:44:09","2024-07-05 14:22:37",wiwin.dwiutami.hakim,wiwin.dwiutami.hakim
439,4,392,inactive,Gorontalo Kabupaten West,"2024-07-05 09:44:09","2024-07-05 14:22:37",wiwin.dwiutami.hakim,wiwin.dwiutami.hakim
440,4,393,inactive,Jembrana East,"2024-07-05 09:44:09","2024-07-05 14:22:37",wiwin.dwiutami.hakim,wiwin.dwiutami.hakim
441,4,394,inactive,Bandar Lampung South,"2024-07-05 09:44:09","2024-07-05 14:22:37",wiwin.dwiutami.hakim,wiwin.dwiutami.hakim
442,4,395,inactive,Hulu Sungai Central,"2024-07-05 09:44:09","2024-07-05 14:22:37",wiwin.dwiutami.hakim,wiwin.dwiutami.hakim
443,4,396,inactive,Karangasem East,"2024-07-05 09:44:09","2024-07-05 14:22:37",wiwin.dwiutami.hakim,wiwin.dwiutami.hakim
444,4,397,inactive,Karimun,"2024-07-05 09:44:09","2024-07-05 14:22:37",wiwin.dwiutami.hakim,wiwin.dwiutami.hakim
445,4,398,inactive,Bintan Kabupaten South,"2024-07-05 09:44:09","2024-07-05 14:22:37",wiwin.dwiutami.hakim,wiwin.dwiutami.hakim
446,4,399,inactive,Bangka Central,"2024-07-05 09:44:09","2024-07-05 14:22:37",wiwin.dwiutami.hakim,wiwin.dwiutami.hakim
447,4,400,inactive,Bangli,"2024-07-05 09:44:09","2024-07-05 14:22:37",wiwin.dwiutami.hakim,wiwin.dwiutami.hakim
448,4,401,inactive,Kolaka,"2024-07-05 09:44:09","2024-07-05 14:22:37",wiwin.dwiutami.hakim,wiwin.dwiutami.hakim
449,4,402,inactive,Tenggamus,"2024-07-05 09:44:09","2024-07-05 14:22:37",wiwin.dwiutami.hakim,wiwin.dwiutami.hakim
450,4,403,inactive,Kotawaringin,"2024-07-05 09:44:09","2024-07-05 14:22:37",wiwin.dwiutami.hakim,wiwin.dwiutami.hakim
451,4,404,inactive,Kapuas,"2024-07-05 09:44:09","2024-07-05 14:22:37",wiwin.dwiutami.hakim,wiwin.dwiutami.hakim
452,4,405,inactive,Kutai Kartanegara,"2024-07-05 09:44:09","2024-07-05 14:22:37",wiwin.dwiutami.hakim,wiwin.dwiutami.hakim
453,4,406,inactive,Lahat,"2024-07-05 09:44:09","2024-07-05 14:22:37",wiwin.dwiutami.hakim,wiwin.dwiutami.hakim
454,4,407,inactive,Muara Enim,"2024-07-05 09:44:09","2024-07-05 14:22:37",wiwin.dwiutami.hakim,wiwin.dwiutami.hakim
455,4,408,inactive,Empat Lawang,"2024-07-05 09:44:09","2024-07-05 14:22:37",wiwin.dwiutami.hakim,wiwin.dwiutami.hakim
456,4,409,inactive,Langsa,"2024-07-05 09:44:09","2024-07-05 14:22:37",wiwin.dwiutami.hakim,wiwin.dwiutami.hakim
457,4,410,inactive,Tamiang,"2024-07-05 09:44:09","2024-07-05 14:22:37",wiwin.dwiutami.hakim,wiwin.dwiutami.hakim
458,4,411,inactive,Lhokseumawe,"2024-07-05 09:44:09","2024-07-05 14:22:37",wiwin.dwiutami.hakim,wiwin.dwiutami.hakim
459,4,412,inactive,Lombok Kabupaten East,"2024-07-05 09:44:09","2024-07-05 14:22:37",wiwin.dwiutami.hakim,wiwin.dwiutami.hakim
460,4,413,inactive,Lubuklinggau,"2024-07-05 09:44:09","2024-07-05 14:22:37",wiwin.dwiutami.hakim,wiwin.dwiutami.hakim
461,4,414,inactive,Karangasem Kabupaten West,"2024-07-05 09:44:09","2024-07-05 14:22:37",wiwin.dwiutami.hakim,wiwin.dwiutami.hakim
462,4,415,inactive,Tapin,"2024-07-05 09:44:09","2024-07-05 14:22:37",wiwin.dwiutami.hakim,wiwin.dwiutami.hakim
463,4,416,inactive,Hulu Sungai South,"2024-07-05 09:44:09","2024-07-05 14:22:37",wiwin.dwiutami.hakim,wiwin.dwiutami.hakim
464,4,417,inactive,Minahasa Kabupaten South,"2024-07-05 09:44:09","2024-07-05 14:22:37",wiwin.dwiutami.hakim,wiwin.dwiutami.hakim
465,4,418,inactive,Pahuwato,"2024-07-05 09:44:09","2024-07-05 14:22:37",wiwin.dwiutami.hakim,wiwin.dwiutami.hakim
466,4,419,inactive,Musirawas,"2024-07-05 09:44:09","2024-07-05 14:22:37",wiwin.dwiutami.hakim,wiwin.dwiutami.hakim
467,4,420,inactive,Padang Panjang,"2024-07-05 09:44:09","2024-07-05 14:22:37",wiwin.dwiutami.hakim,wiwin.dwiutami.hakim
468,4,421,inactive,Pagar Alam,"2024-07-05 09:44:09","2024-07-05 14:22:37",wiwin.dwiutami.hakim,wiwin.dwiutami.hakim
469,4,422,inactive,Penajam,"2024-07-05 09:44:09","2024-07-05 14:22:37",wiwin.dwiutami.hakim,wiwin.dwiutami.hakim
470,4,423,inactive,Paser,"2024-07-05 09:44:09","2024-07-05 14:22:37",wiwin.dwiutami.hakim,wiwin.dwiutami.hakim
471,4,424,inactive,Bangka Tengah,"2024-07-05 09:44:09","2024-07-05 14:22:37",wiwin.dwiutami.hakim,wiwin.dwiutami.hakim
472,4,425,inactive,Pelalawan,"2024-07-05 09:44:09","2024-07-05 14:22:37",wiwin.dwiutami.hakim,wiwin.dwiutami.hakim
473,4,426,inactive,Tabalong,"2024-07-05 09:44:09","2024-07-05 14:22:37",wiwin.dwiutami.hakim,wiwin.dwiutami.hakim
474,4,427,inactive,Kepulauan Selayar,"2024-07-05 09:44:09","2024-07-05 14:22:37",wiwin.dwiutami.hakim,wiwin.dwiutami.hakim
475,4,428,inactive,Rokan Hilir,"2024-07-05 09:44:09","2024-07-05 14:22:37",wiwin.dwiutami.hakim,wiwin.dwiutami.hakim
476,4,429,inactive,Rokan Hulu,"2024-07-05 09:44:09","2024-07-05 14:22:37",wiwin.dwiutami.hakim,wiwin.dwiutami.hakim
477,4,430,inactive,Kotawaringin Kabupaten East,"2024-07-05 09:44:09","2024-07-05 14:22:37",wiwin.dwiutami.hakim,wiwin.dwiutami.hakim
478,4,431,inactive,Katingan,"2024-07-05 09:44:09","2024-07-05 14:22:37",wiwin.dwiutami.hakim,wiwin.dwiutami.hakim
479,4,433,inactive,Pidie,"2024-07-05 09:44:09","2024-07-05 14:22:37",wiwin.dwiutami.hakim,wiwin.dwiutami.hakim
480,4,434,inactive,Sukamara,"2024-07-05 09:44:09","2024-07-05 14:22:37",wiwin.dwiutami.hakim,wiwin.dwiutami.hakim
481,4,435,inactive,Sungai Liat,"2024-07-05 09:44:09","2024-07-05 14:22:37",wiwin.dwiutami.hakim,wiwin.dwiutami.hakim
482,4,436,inactive,Tabanan North,"2024-07-05 09:44:09","2024-07-05 14:22:37",wiwin.dwiutami.hakim,wiwin.dwiutami.hakim
483,4,437,inactive,Tabanan West,"2024-07-05 09:44:09","2024-07-05 14:22:37",wiwin.dwiutami.hakim,wiwin.dwiutami.hakim
484,4,438,inactive,Berau,"2024-07-05 09:44:09","2024-07-05 14:22:37",wiwin.dwiutami.hakim,wiwin.dwiutami.hakim
485,4,439,inactive,Indragiri Hilir,"2024-07-05 09:44:09","2024-07-05 14:22:37",wiwin.dwiutami.hakim,wiwin.dwiutami.hakim
486,4,440,inactive,Toli-Toli,"2024-07-05 09:44:09","2024-07-05 14:22:37",wiwin.dwiutami.hakim,wiwin.dwiutami.hakim
487,4,441,inactive,Agam,"2024-07-05 09:44:09","2024-07-05 14:22:37",wiwin.dwiutami.hakim,wiwin.dwiutami.hakim
488,4,442,inactive,Dharmasraya,"2024-07-05 09:44:09","2024-07-05 14:22:37",wiwin.dwiutami.hakim,wiwin.dwiutami.hakim
489,4,443,inactive,Kota Lima Puluh,"2024-07-05 09:44:09","2024-07-05 14:22:37",wiwin.dwiutami.hakim,wiwin.dwiutami.hakim
490,4,444,inactive,Pasaman West,"2024-07-05 09:44:09","2024-07-05 14:22:37",wiwin.dwiutami.hakim,wiwin.dwiutami.hakim
491,4,445,inactive,Pasaman,"2024-07-05 09:44:09","2024-07-05 14:22:37",wiwin.dwiutami.hakim,wiwin.dwiutami.hakim
492,4,446,inactive,Pesisir Selatan,"2024-07-05 09:44:09","2024-07-05 14:22:37",wiwin.dwiutami.hakim,wiwin.dwiutami.hakim
493,4,447,inactive,SawahLunto,"2024-07-05 09:44:09","2024-07-05 14:22:37",wiwin.dwiutami.hakim,wiwin.dwiutami.hakim
494,4,448,inactive,Sijunjung,"2024-07-05 09:44:09","2024-07-05 14:22:37",wiwin.dwiutami.hakim,wiwin.dwiutami.hakim
495,4,449,inactive,Solok Regency,"2024-07-05 09:44:09","2024-07-05 14:22:37",wiwin.dwiutami.hakim,wiwin.dwiutami.hakim
496,4,450,inactive,Solok South,"2024-07-05 09:44:09","2024-07-05 14:22:37",wiwin.dwiutami.hakim,wiwin.dwiutami.hakim
497,4,451,inactive,Tanah Datar,"2024-07-05 09:44:09","2024-07-05 14:22:37",wiwin.dwiutami.hakim,wiwin.dwiutami.hakim
498,4,452,inactive,Batang Hari,"2024-07-05 09:44:09","2024-07-05 14:22:37",wiwin.dwiutami.hakim,wiwin.dwiutami.hakim
499,4,453,inactive,Bungo,"2024-07-05 09:44:09","2024-07-05 14:22:37",wiwin.dwiutami.hakim,wiwin.dwiutami.hakim
500,4,455,inactive,Merangin,"2024-07-05 09:44:09","2024-07-05 14:22:37",wiwin.dwiutami.hakim,wiwin.dwiutami.hakim
501,4,456,inactive,Muaro Jambi,"2024-07-05 09:44:09","2024-07-05 14:22:37",wiwin.dwiutami.hakim,wiwin.dwiutami.hakim
502,4,457,inactive,Sarolangun,"2024-07-05 09:44:09","2024-07-05 14:22:37",wiwin.dwiutami.hakim,wiwin.dwiutami.hakim
503,4,458,inactive,Sungai Penuh,"2024-07-05 09:44:09","2024-07-05 14:22:37",wiwin.dwiutami.hakim,wiwin.dwiutami.hakim
504,4,459,inactive,Tanjung Jabung East,"2024-07-05 09:44:09","2024-07-05 14:22:37",wiwin.dwiutami.hakim,wiwin.dwiutami.hakim
505,4,460,inactive,Tanjung Jabung West,"2024-07-05 09:44:09","2024-07-05 14:22:37",wiwin.dwiutami.hakim,wiwin.dwiutami.hakim
506,4,461,inactive,Tebo,"2024-07-05 09:44:09","2024-07-05 14:22:37",wiwin.dwiutami.hakim,wiwin.dwiutami.hakim
507,4,462,inactive,Musi Banyuasin,"2024-07-05 09:44:09","2024-07-05 14:22:37",wiwin.dwiutami.hakim,wiwin.dwiutami.hakim
508,4,463,inactive,Banyuasin,"2024-07-05 09:44:09","2024-07-05 14:22:37",wiwin.dwiutami.hakim,wiwin.dwiutami.hakim
509,4,464,inactive,Musi Rawas North,"2024-07-05 09:44:09","2024-07-05 14:22:37",wiwin.dwiutami.hakim,wiwin.dwiutami.hakim
510,4,465,inactive,Banyuasin East,"2024-07-05 09:44:09","2024-07-05 14:22:37",wiwin.dwiutami.hakim,wiwin.dwiutami.hakim
511,4,466,inactive,Prabumulih,"2024-07-05 09:44:09","2024-07-05 14:22:37",wiwin.dwiutami.hakim,wiwin.dwiutami.hakim
512,4,467,inactive,Ogan Ilir,"2024-07-05 09:44:09","2024-07-05 14:22:37",wiwin.dwiutami.hakim,wiwin.dwiutami.hakim
513,4,468,inactive,Ogan Komering Ilir,"2024-07-05 09:44:09","2024-07-05 14:22:37",wiwin.dwiutami.hakim,wiwin.dwiutami.hakim
514,4,469,inactive,Ogan Komering Ulu,"2024-07-05 09:44:09","2024-07-05 14:22:37",wiwin.dwiutami.hakim,wiwin.dwiutami.hakim
515,4,470,inactive,Ogan Komering Ulu East,"2024-07-05 09:44:09","2024-07-05 14:22:37",wiwin.dwiutami.hakim,wiwin.dwiutami.hakim
516,4,471,inactive,Ogan Komering ulu South,"2024-07-05 09:44:09","2024-07-05 14:22:37",wiwin.dwiutami.hakim,wiwin.dwiutami.hakim
517,4,473,inactive,Bengkalis East,"2024-07-05 09:44:09","2024-07-05 14:22:37",wiwin.dwiutami.hakim,wiwin.dwiutami.hakim
518,4,474,inactive,Pringsewu North,"2024-07-05 09:44:09","2024-07-05 14:22:37",wiwin.dwiutami.hakim,wiwin.dwiutami.hakim
519,4,475,inactive,Lampung Central,"2024-07-05 09:44:09","2024-07-05 14:22:37",wiwin.dwiutami.hakim,wiwin.dwiutami.hakim
520,4,476,inactive,Kotabumi,"2024-07-05 09:44:09","2024-07-05 14:22:37",wiwin.dwiutami.hakim,wiwin.dwiutami.hakim
521,4,477,inactive,Tulang Bawang West,"2024-07-05 09:44:09","2024-07-05 14:22:37",wiwin.dwiutami.hakim,wiwin.dwiutami.hakim
522,4,478,inactive,Tulang Bawang,"2024-07-05 09:44:09","2024-07-05 14:22:37",wiwin.dwiutami.hakim,wiwin.dwiutami.hakim
523,4,479,inactive,Mesuji,"2024-07-05 09:44:09","2024-07-05 14:22:37",wiwin.dwiutami.hakim,wiwin.dwiutami.hakim
524,4,480,inactive,Sukadana,"2024-07-05 09:44:09","2024-07-05 14:22:37",wiwin.dwiutami.hakim,wiwin.dwiutami.hakim
525,4,481,inactive,Boyolali Kabupaten West,"2024-07-05 09:44:09","2024-07-05 14:22:37",wiwin.dwiutami.hakim,wiwin.dwiutami.hakim
526,4,482,inactive,Buleleng East,"2024-07-05 09:44:09","2024-07-05 14:22:37",wiwin.dwiutami.hakim,wiwin.dwiutami.hakim
527,4,483,inactive,Kubu Raya,"2024-07-05 09:44:09","2024-07-05 14:22:37",wiwin.dwiutami.hakim,wiwin.dwiutami.hakim
528,4,484,inactive,Boalemo,"2024-07-05 09:44:09","2024-07-05 14:22:37",wiwin.dwiutami.hakim,wiwin.dwiutami.hakim
529,4,485,inactive,Bolaang Mongondow North,"2024-07-05 09:44:09","2024-07-05 14:22:37",wiwin.dwiutami.hakim,wiwin.dwiutami.hakim
530,4,486,inactive,Bolaang Mongondow,"2024-07-05 09:44:09","2024-07-05 14:22:37",wiwin.dwiutami.hakim,wiwin.dwiutami.hakim
531,4,487,inactive,Kotamobagu,"2024-07-05 09:44:09","2024-07-05 14:22:37",wiwin.dwiutami.hakim,wiwin.dwiutami.hakim
532,4,488,inactive,Minahasa Southeast,"2024-07-05 09:44:09","2024-07-05 14:22:37",wiwin.dwiutami.hakim,wiwin.dwiutami.hakim
533,4,489,inactive,Minahasa,"2024-07-05 09:44:09","2024-07-05 14:22:37",wiwin.dwiutami.hakim,wiwin.dwiutami.hakim
534,4,490,inactive,Minahasa North,"2024-07-05 09:44:09","2024-07-05 14:22:37",wiwin.dwiutami.hakim,wiwin.dwiutami.hakim
535,4,491,inactive,Tojo Una Una,"2024-07-05 09:44:09","2024-07-05 14:22:37",wiwin.dwiutami.hakim,wiwin.dwiutami.hakim
536,4,492,inactive,Lombok West,"2024-07-05 09:44:09","2024-07-05 14:22:37",wiwin.dwiutami.hakim,wiwin.dwiutami.hakim
537,4,493,inactive,Bangka West,"2024-07-05 09:44:09","2024-07-05 14:22:37",wiwin.dwiutami.hakim,wiwin.dwiutami.hakim
538,4,499,inactive,Sumenep Kabupaten,"2024-07-05 09:44:09","2024-07-05 14:22:37",wiwin.dwiutami.hakim,wiwin.dwiutami.hakim
539,4,500,inactive,Sumenep East,"2024-07-05 09:44:09","2024-07-05 14:22:37",wiwin.dwiutami.hakim,wiwin.dwiutami.hakim
540,4,501,inactive,Bangkalan East,"2024-07-05 09:44:09","2024-07-05 14:22:37",wiwin.dwiutami.hakim,wiwin.dwiutami.hakim
541,4,502,inactive,Sambas,"2024-07-05 09:44:09","2024-07-05 14:22:37",wiwin.dwiutami.hakim,wiwin.dwiutami.hakim
542,4,503,inactive,Singkawang,"2024-07-05 09:44:09","2024-07-05 14:22:37",wiwin.dwiutami.hakim,wiwin.dwiutami.hakim
543,4,504,inactive,Bengkayang,"2024-07-05 09:44:09","2024-07-05 14:22:37",wiwin.dwiutami.hakim,wiwin.dwiutami.hakim
544,4,505,inactive,Mempawah,"2024-07-05 09:44:09","2024-07-05 14:22:37",wiwin.dwiutami.hakim,wiwin.dwiutami.hakim
545,4,506,inactive,Landak,"2024-07-05 09:44:09","2024-07-05 14:22:37",wiwin.dwiutami.hakim,wiwin.dwiutami.hakim
546,4,507,inactive,Sanggau,"2024-07-05 09:44:09","2024-07-05 14:22:37",wiwin.dwiutami.hakim,wiwin.dwiutami.hakim
547,4,508,inactive,Sekadau,"2024-07-05 09:44:09","2024-07-05 14:22:37",wiwin.dwiutami.hakim,wiwin.dwiutami.hakim
548,4,509,inactive,Sintang,"2024-07-05 09:44:09","2024-07-05 14:22:37",wiwin.dwiutami.hakim,wiwin.dwiutami.hakim
549,4,510,inactive,Melawi,"2024-07-05 09:44:09","2024-07-05 14:22:37",wiwin.dwiutami.hakim,wiwin.dwiutami.hakim
550,4,511,inactive,Kapuas Hulu,"2024-07-05 09:44:09","2024-07-05 14:22:37",wiwin.dwiutami.hakim,wiwin.dwiutami.hakim
551,4,512,inactive,Kayong Notrh,"2024-07-05 09:44:09","2024-07-05 14:22:37",wiwin.dwiutami.hakim,wiwin.dwiutami.hakim
552,4,513,inactive,Ketapang,"2024-07-05 09:44:09","2024-07-05 14:22:37",wiwin.dwiutami.hakim,wiwin.dwiutami.hakim
553,4,514,inactive,Kubu East,"2024-07-05 09:44:09","2024-07-05 14:22:37",wiwin.dwiutami.hakim,wiwin.dwiutami.hakim
554,4,515,inactive,Tanah Bambu,"2024-07-05 09:44:09","2024-07-05 14:22:37",wiwin.dwiutami.hakim,wiwin.dwiutami.hakim
555,4,516,inactive,Tanah Laut,"2024-07-05 09:44:09","2024-07-05 14:22:37",wiwin.dwiutami.hakim,wiwin.dwiutami.hakim
556,4,517,inactive,Balangan,"2024-07-05 09:44:09","2024-07-05 14:22:37",wiwin.dwiutami.hakim,wiwin.dwiutami.hakim
557,4,518,inactive,Barito East,"2024-07-05 09:44:09","2024-07-05 14:22:37",wiwin.dwiutami.hakim,wiwin.dwiutami.hakim
558,4,519,inactive,Barito South,"2024-07-05 09:44:09","2024-07-05 14:22:37",wiwin.dwiutami.hakim,wiwin.dwiutami.hakim
559,4,520,inactive,Kutai East,"2024-07-05 09:44:09","2024-07-05 14:22:37",wiwin.dwiutami.hakim,wiwin.dwiutami.hakim
560,4,521,inactive,Kutai Kartanegara North,"2024-07-05 09:44:09","2024-07-05 14:22:37",wiwin.dwiutami.hakim,wiwin.dwiutami.hakim
561,4,522,inactive,Kutai West,"2024-07-05 09:44:09","2024-07-05 14:22:37",wiwin.dwiutami.hakim,wiwin.dwiutami.hakim
562,4,523,inactive,Barito Kuala,"2024-07-05 09:44:09","2024-07-05 14:22:37",wiwin.dwiutami.hakim,wiwin.dwiutami.hakim
563,4,524,inactive,Solok Central,"2024-07-05 09:44:09","2024-07-05 14:22:37",wiwin.dwiutami.hakim,wiwin.dwiutami.hakim
564,4,525,inactive,Sigi,"2024-07-05 09:44:09","2024-07-05 14:22:37",wiwin.dwiutami.hakim,wiwin.dwiutami.hakim
565,4,526,inactive,Parigi Moutong,"2024-07-05 09:44:10","2024-07-05 14:22:37",wiwin.dwiutami.hakim,wiwin.dwiutami.hakim
566,4,527,inactive,Morowali North,"2024-07-05 09:44:10","2024-07-05 14:22:37",wiwin.dwiutami.hakim,wiwin.dwiutami.hakim
567,4,528,inactive,Morowali,"2024-07-05 09:44:10","2024-07-05 14:22:37",wiwin.dwiutami.hakim,wiwin.dwiutami.hakim
568,4,529,inactive,Sabang,"2024-07-05 09:44:10","2024-07-05 14:22:37",wiwin.dwiutami.hakim,wiwin.dwiutami.hakim
569,4,530,inactive,Aceh Besar,"2024-07-05 09:44:10","2024-07-05 14:22:37",wiwin.dwiutami.hakim,wiwin.dwiutami.hakim
570,4,531,inactive,Aceh Jaya,"2024-07-05 09:44:10","2024-07-05 14:22:37",wiwin.dwiutami.hakim,wiwin.dwiutami.hakim
571,4,532,inactive,Nagan Raya,"2024-07-05 09:44:10","2024-07-05 14:22:37",wiwin.dwiutami.hakim,wiwin.dwiutami.hakim
572,4,533,inactive,Aceh West Kabupaten,"2024-07-05 09:44:10","2024-07-05 14:22:37",wiwin.dwiutami.hakim,wiwin.dwiutami.hakim
573,4,534,inactive,Aceh South,"2024-07-05 09:44:10","2024-07-05 14:22:37",wiwin.dwiutami.hakim,wiwin.dwiutami.hakim
574,4,535,inactive,Subulusallam,"2024-07-05 09:44:10","2024-07-05 14:22:37",wiwin.dwiutami.hakim,wiwin.dwiutami.hakim
575,4,536,inactive,Piddie Jaya,"2024-07-05 09:44:10","2024-07-05 14:22:37",wiwin.dwiutami.hakim,wiwin.dwiutami.hakim
576,4,537,inactive,Bireuen,"2024-07-05 09:44:10","2024-07-05 14:22:37",wiwin.dwiutami.hakim,wiwin.dwiutami.hakim
577,4,538,inactive,Aceh Central,"2024-07-05 09:44:10","2024-07-05 14:22:37",wiwin.dwiutami.hakim,wiwin.dwiutami.hakim
578,4,539,inactive,Gayo Lues,"2024-07-05 09:44:10","2024-07-05 14:22:37",wiwin.dwiutami.hakim,wiwin.dwiutami.hakim
579,4,540,inactive,Aceh North,"2024-07-05 09:44:10","2024-07-05 14:22:37",wiwin.dwiutami.hakim,wiwin.dwiutami.hakim
580,4,541,inactive,Aceh East,"2024-07-05 09:44:10","2024-07-05 14:22:37",wiwin.dwiutami.hakim,wiwin.dwiutami.hakim
581,4,542,inactive,Bener Meriah,"2024-07-05 09:44:10","2024-07-05 14:22:37",wiwin.dwiutami.hakim,wiwin.dwiutami.hakim
582,4,543,inactive,Aceh West,"2024-07-05 09:44:10","2024-07-05 14:22:37",wiwin.dwiutami.hakim,wiwin.dwiutami.hakim
583,4,544,inactive,Purworejo South,"2024-07-05 09:44:10","2024-07-05 14:22:37",wiwin.dwiutami.hakim,wiwin.dwiutami.hakim
584,4,545,inactive,Kuningan Kabupaten,"2024-07-05 09:44:10","2024-07-05 14:22:37",wiwin.dwiutami.hakim,wiwin.dwiutami.hakim
585,4,546,inactive,Banyumas,"2024-07-05 09:44:10","2024-07-05 14:22:37",wiwin.dwiutami.hakim,wiwin.dwiutami.hakim
586,4,547,inactive,Purbalingga North,"2024-07-05 09:44:10","2024-07-05 14:22:37",wiwin.dwiutami.hakim,wiwin.dwiutami.hakim
587,4,548,inactive,Majenang,"2024-07-05 09:44:10","2024-07-05 14:22:37",wiwin.dwiutami.hakim,wiwin.dwiutami.hakim
588,4,549,inactive,Jember West,"2024-07-05 09:44:10","2024-07-05 14:22:37",wiwin.dwiutami.hakim,wiwin.dwiutami.hakim
589,4,550,inactive,Barito North,"2024-07-05 09:44:10","2024-07-05 14:22:37",wiwin.dwiutami.hakim,wiwin.dwiutami.hakim
590,4,551,inactive,Kotabaru,"2024-07-05 09:44:10","2024-07-05 14:22:37",wiwin.dwiutami.hakim,wiwin.dwiutami.hakim
591,4,552,inactive,Dumai,"2024-07-05 09:44:10","2024-07-05 14:22:37",wiwin.dwiutami.hakim,wiwin.dwiutami.hakim
592,4,553,inactive,Siak,"2024-07-05 09:44:10","2024-07-05 14:22:37",wiwin.dwiutami.hakim,wiwin.dwiutami.hakim
593,4,554,inactive,Kampar West,"2024-07-05 09:44:10","2024-07-05 14:22:37",wiwin.dwiutami.hakim,wiwin.dwiutami.hakim
594,4,555,inactive,Rokan Hilir North,"2024-07-05 09:44:10","2024-07-05 14:22:37",wiwin.dwiutami.hakim,wiwin.dwiutami.hakim
595,4,556,inactive,Kuantan Singingi,"2024-07-05 09:44:10","2024-07-05 14:22:37",wiwin.dwiutami.hakim,wiwin.dwiutami.hakim
596,4,557,inactive,Serang Central,"2024-07-05 09:44:10","2024-07-05 14:22:37",wiwin.dwiutami.hakim,wiwin.dwiutami.hakim
597,4,558,inactive,Bengkulu Central,"2024-07-05 09:44:10","2024-07-05 14:22:37",wiwin.dwiutami.hakim,wiwin.dwiutami.hakim
598,4,559,inactive,Seluma,"2024-07-05 09:44:10","2024-07-05 14:22:37",wiwin.dwiutami.hakim,wiwin.dwiutami.hakim
599,4,560,inactive,Kepahiang,"2024-07-05 09:44:10","2024-07-05 14:22:37",wiwin.dwiutami.hakim,wiwin.dwiutami.hakim
600,4,561,inactive,Rajeng Lebong,"2024-07-05 09:44:10","2024-07-05 14:22:37",wiwin.dwiutami.hakim,wiwin.dwiutami.hakim
601,4,562,inactive,Bengkulu Kabupaten North,"2024-07-05 09:44:10","2024-07-05 14:22:37",wiwin.dwiutami.hakim,wiwin.dwiutami.hakim
602,4,563,inactive,Bengkulu South,"2024-07-05 09:44:10","2024-07-05 14:22:37",wiwin.dwiutami.hakim,wiwin.dwiutami.hakim
603,4,564,inactive,Muko Muko,"2024-07-05 09:44:10","2024-07-05 14:22:37",wiwin.dwiutami.hakim,wiwin.dwiutami.hakim
604,4,565,inactive,Kabupaten Muara Enim,"2024-07-05 09:44:10","2024-07-05 14:22:37",wiwin.dwiutami.hakim,wiwin.dwiutami.hakim
605,4,566,inactive,Lampung West,"2024-07-05 09:44:10","2024-07-05 14:22:37",wiwin.dwiutami.hakim,wiwin.dwiutami.hakim
606,4,567,inactive,Way Kanan,"2024-07-05 09:44:10","2024-07-05 14:22:37",wiwin.dwiutami.hakim,wiwin.dwiutami.hakim
607,4,568,inactive,Pesawaran,"2024-07-05 09:44:10","2024-07-05 14:22:37",wiwin.dwiutami.hakim,wiwin.dwiutami.hakim
608,4,569,inactive,Garut North,"2024-07-05 09:44:10","2024-07-05 14:22:37",wiwin.dwiutami.hakim,wiwin.dwiutami.hakim
609,4,570,inactive,Majalengka South,"2024-07-05 09:44:10","2024-07-05 14:22:37",wiwin.dwiutami.hakim,wiwin.dwiutami.hakim
610,4,571,inactive,Boyolali North,"2024-07-05 09:44:10","2024-07-05 14:22:37",wiwin.dwiutami.hakim,wiwin.dwiutami.hakim
611,4,572,inactive,Purbalingga East,"2024-07-05 09:44:10","2024-07-05 14:22:37",wiwin.dwiutami.hakim,wiwin.dwiutami.hakim
612,4,573,inactive,Ngawi West,"2024-07-05 09:44:10","2024-07-05 14:22:37",wiwin.dwiutami.hakim,wiwin.dwiutami.hakim
613,4,574,inactive,Ngawi East,"2024-07-05 09:44:10","2024-07-05 14:22:37",wiwin.dwiutami.hakim,wiwin.dwiutami.hakim
614,4,575,inactive,Situbondo West,"2024-07-05 09:44:10","2024-07-05 14:22:37",wiwin.dwiutami.hakim,wiwin.dwiutami.hakim
615,4,576,inactive,Gianyar North,"2024-07-05 09:44:10","2024-07-05 14:22:37",wiwin.dwiutami.hakim,wiwin.dwiutami.hakim
616,4,577,inactive,Karangasem Central,"2024-07-05 09:44:10","2024-07-05 14:22:37",wiwin.dwiutami.hakim,wiwin.dwiutami.hakim
617,4,578,inactive,Sragen Kabupaten,"2024-07-05 09:44:10","2024-07-05 14:22:37",wiwin.dwiutami.hakim,wiwin.dwiutami.hakim
618,4,579,inactive,Indragiri Hulu,"2024-07-05 09:44:10","2024-07-05 14:22:37",wiwin.dwiutami.hakim,wiwin.dwiutami.hakim
619,4,580,inactive,Kerinci Kabupaten,"2024-07-05 09:44:10","2024-07-05 14:22:37",wiwin.dwiutami.hakim,wiwin.dwiutami.hakim
620,4,581,inactive,Pandeglang South,"2024-07-05 09:44:10","2024-07-05 14:22:37",wiwin.dwiutami.hakim,wiwin.dwiutami.hakim
621,4,582,inactive,Kefamenanu,"2024-07-05 09:44:10","2024-07-05 14:22:37",wiwin.dwiutami.hakim,wiwin.dwiutami.hakim
622,4,583,inactive,Lombok North,"2024-07-05 09:44:10","2024-07-05 14:22:37",wiwin.dwiutami.hakim,wiwin.dwiutami.hakim
623,4,584,inactive,Lombok Kabupaten West,"2024-07-05 09:44:10","2024-07-05 14:22:37",wiwin.dwiutami.hakim,wiwin.dwiutami.hakim
624,4,585,inactive,Magetan West,"2024-07-05 09:44:10","2024-07-05 14:22:37",wiwin.dwiutami.hakim,wiwin.dwiutami.hakim
625,4,586,inactive,Rembang North,"2024-07-05 09:44:10","2024-07-05 14:22:37",wiwin.dwiutami.hakim,wiwin.dwiutami.hakim
626,4,587,inactive,Blitar South,"2024-07-05 09:44:10","2024-07-05 14:22:37",wiwin.dwiutami.hakim,wiwin.dwiutami.hakim
627,4,588,inactive,Bojonegoro South,"2024-07-05 09:44:10","2024-07-05 14:22:37",wiwin.dwiutami.hakim,wiwin.dwiutami.hakim
628,4,589,inactive,Sragen North,"2024-07-05 09:44:10","2024-07-05 14:22:37",wiwin.dwiutami.hakim,wiwin.dwiutami.hakim
629,4,590,inactive,Banyuwangi North,"2024-07-05 09:44:10","2024-07-05 14:22:37",wiwin.dwiutami.hakim,wiwin.dwiutami.hakim
630,4,591,inactive,Lamongan South,"2024-07-05 09:44:10","2024-07-05 14:22:37",wiwin.dwiutami.hakim,wiwin.dwiutami.hakim
631,4,592,inactive,Kendal Kabupaten,"2024-07-05 09:44:10","2024-07-05 14:22:37",wiwin.dwiutami.hakim,wiwin.dwiutami.hakim
632,4,593,inactive,Pesisir West,"2024-07-05 09:44:10","2024-07-05 14:22:37",wiwin.dwiutami.hakim,wiwin.dwiutami.hakim
633,4,594,inactive,Martapura,"2024-07-05 09:44:10","2024-07-05 14:22:37",wiwin.dwiutami.hakim,wiwin.dwiutami.hakim
634,4,595,inactive,Kulon Progo North,"2024-07-05 09:44:10","2024-07-05 14:22:37",wiwin.dwiutami.hakim,wiwin.dwiutami.hakim
635,4,596,inactive,Grobogan South,"2024-07-05 09:44:10","2024-07-05 14:22:37",wiwin.dwiutami.hakim,wiwin.dwiutami.hakim
636,4,597,inactive,Seruyan,"2024-07-05 09:44:10","2024-07-05 14:22:37",wiwin.dwiutami.hakim,wiwin.dwiutami.hakim
637,4,598,inactive,Padang Pariaman North,"2024-07-05 09:44:10","2024-07-05 14:22:37",wiwin.dwiutami.hakim,wiwin.dwiutami.hakim
638,4,599,inactive,Murung Raya,"2024-07-05 09:44:10","2024-07-05 14:22:37",wiwin.dwiutami.hakim,wiwin.dwiutami.hakim
639,4,600,inactive,Kotabaru Kabupaten,"2024-07-05 09:44:10","2024-07-05 14:22:37",wiwin.dwiutami.hakim,wiwin.dwiutami.hakim
640,4,601,inactive,Pulang Pisau,"2024-07-05 09:44:10","2024-07-05 14:22:37",wiwin.dwiutami.hakim,wiwin.dwiutami.hakim
641,4,602,inactive,Bengkalis Kabupaten,"2024-07-05 09:44:10","2024-07-05 14:22:37",wiwin.dwiutami.hakim,wiwin.dwiutami.hakim
642,4,603,inactive,Pati South,"2024-07-05 09:44:10","2024-07-05 14:22:37",wiwin.dwiutami.hakim,wiwin.dwiutami.hakim
643,4,604,inactive,Sumbawa,"2024-07-05 09:44:10","2024-07-05 14:22:37",wiwin.dwiutami.hakim,wiwin.dwiutami.hakim
644,4,605,inactive,Rembang South,"2024-07-05 09:44:10","2024-07-05 14:22:37",wiwin.dwiutami.hakim,wiwin.dwiutami.hakim
645,4,606,inactive,Lebak,"2024-07-05 09:44:10","2024-07-05 14:22:37",wiwin.dwiutami.hakim,wiwin.dwiutami.hakim
646,4,607,inactive,Sumbawa West,"2024-07-05 09:44:10","2024-07-05 14:22:37",wiwin.dwiutami.hakim,wiwin.dwiutami.hakim
647,4,608,inactive,Kepulauan Meranti,"2024-07-05 09:44:10","2024-07-05 14:22:37",wiwin.dwiutami.hakim,wiwin.dwiutami.hakim
648,4,609,inactive,Kaur,"2024-07-05 09:44:10","2024-07-05 14:22:37",wiwin.dwiutami.hakim,wiwin.dwiutami.hakim
649,4,610,inactive,Bima,"2024-07-05 09:44:10","2024-07-05 14:22:37",wiwin.dwiutami.hakim,wiwin.dwiutami.hakim
650,4,611,inactive,Timor Tengah South,"2024-07-05 09:44:10","2024-07-05 14:22:37",wiwin.dwiutami.hakim,wiwin.dwiutami.hakim
651,4,612,inactive,Lebong Kabupaten,"2024-07-05 09:44:10","2024-07-05 14:22:37",wiwin.dwiutami.hakim,wiwin.dwiutami.hakim
652,4,613,inactive,Flores East,"2024-07-05 09:44:10","2024-07-05 14:22:37",wiwin.dwiutami.hakim,wiwin.dwiutami.hakim
653,4,614,inactive,Dompu,"2024-07-05 09:44:10","2024-07-05 14:22:37",wiwin.dwiutami.hakim,wiwin.dwiutami.hakim
654,4,615,inactive,Bima Kabupaten,"2024-07-05 09:44:10","2024-07-05 14:22:37",wiwin.dwiutami.hakim,wiwin.dwiutami.hakim
655,4,616,inactive,Ende,"2024-07-05 09:44:10","2024-07-05 14:22:37",wiwin.dwiutami.hakim,wiwin.dwiutami.hakim
656,4,617,inactive,Manggarai,"2024-07-05 09:44:10","2024-07-05 14:22:37",wiwin.dwiutami.hakim,wiwin.dwiutami.hakim
657,4,618,inactive,Bulungan,"2024-07-05 09:44:10","2024-07-05 14:22:37",wiwin.dwiutami.hakim,wiwin.dwiutami.hakim
658,4,619,inactive,Kolaka East,"2024-07-05 09:44:10","2024-07-05 14:22:37",wiwin.dwiutami.hakim,wiwin.dwiutami.hakim
659,4,620,inactive,Bombana,"2024-07-05 09:44:10","2024-07-05 14:22:37",wiwin.dwiutami.hakim,wiwin.dwiutami.hakim
660,4,621,inactive,Cianjur South,"2024-07-05 09:44:10","2024-07-05 14:22:37",wiwin.dwiutami.hakim,wiwin.dwiutami.hakim
661,4,622,inactive,Penukal Abab Pematang Ilir,"2024-07-05 09:44:10","2024-07-05 14:22:37",wiwin.dwiutami.hakim,wiwin.dwiutami.hakim
662,4,623,inactive,Blora East,"2024-07-05 09:44:10","2024-07-05 14:22:37",wiwin.dwiutami.hakim,wiwin.dwiutami.hakim
663,4,624,inactive,Belu,"2024-07-05 09:44:10","2024-07-05 14:22:37",wiwin.dwiutami.hakim,wiwin.dwiutami.hakim
664,4,625,inactive,Buleleng Kabupaten,"2024-07-05 09:44:10","2024-07-05 14:22:37",wiwin.dwiutami.hakim,wiwin.dwiutami.hakim
667,4,629,inactive,Sikka,"2024-07-05 09:44:10","2024-07-05 14:22:37",wiwin.dwiutami.hakim,wiwin.dwiutami.hakim
668,4,630,inactive,Malinau,"2024-07-05 09:44:10","2024-07-05 14:22:37",wiwin.dwiutami.hakim,wiwin.dwiutami.hakim
669,4,631,inactive,Donggala,"2024-07-05 09:44:10","2024-07-05 14:22:37",wiwin.dwiutami.hakim,wiwin.dwiutami.hakim
670,4,632,inactive,Gunung Mas,"2024-07-05 09:44:10","2024-07-05 14:22:37",wiwin.dwiutami.hakim,wiwin.dwiutami.hakim
671,4,633,inactive,Bekasi North New,"2024-07-05 09:44:10","2024-07-05 14:22:37",wiwin.dwiutami.hakim,wiwin.dwiutami.hakim
672,4,634,inactive,Bangli North,"2024-07-05 09:44:10","2024-07-05 14:22:37",wiwin.dwiutami.hakim,wiwin.dwiutami.hakim
673,4,635,inactive,Bolaang Mongondow East,"2024-07-05 09:44:10","2024-07-05 14:22:37",wiwin.dwiutami.hakim,wiwin.dwiutami.hakim
674,4,636,inactive,Sumba East,"2024-07-05 09:44:10","2024-07-05 14:22:37",wiwin.dwiutami.hakim,wiwin.dwiutami.hakim
675,4,637,inactive,Manggarai Kabupaten West,"2024-07-05 09:44:10","2024-07-05 14:22:37",wiwin.dwiutami.hakim,wiwin.dwiutami.hakim
676,4,638,inactive,Lebak South,"2024-07-05 09:44:10","2024-07-05 14:22:37",wiwin.dwiutami.hakim,wiwin.dwiutami.hakim
677,4,639,inactive,Sumba West,"2024-07-05 09:44:10","2024-07-05 14:22:37",wiwin.dwiutami.hakim,wiwin.dwiutami.hakim
678,4,641,inactive,Halmahera West,"2024-07-05 09:44:10","2024-07-05 14:22:37",wiwin.dwiutami.hakim,wiwin.dwiutami.hakim
679,4,642,inactive,Halmahera North,"2024-07-05 09:44:10","2024-07-05 14:22:37",wiwin.dwiutami.hakim,wiwin.dwiutami.hakim
680,4,643,inactive,Tidore,"2024-07-05 09:44:10","2024-07-05 14:22:37",wiwin.dwiutami.hakim,wiwin.dwiutami.hakim
681,4,644,inactive,Jember East,"2024-07-05 09:44:10","2024-07-05 14:22:37",wiwin.dwiutami.hakim,wiwin.dwiutami.hakim
682,4,645,inactive,Ngada,"2024-07-05 09:44:10","2024-07-05 14:22:37",wiwin.dwiutami.hakim,wiwin.dwiutami.hakim
683,4,646,inactive,Lembata,"2024-07-05 09:44:10","2024-07-05 14:22:37",wiwin.dwiutami.hakim,wiwin.dwiutami.hakim
684,4,647,inactive,Bone Bolango,"2024-07-05 09:44:10","2024-07-05 14:22:37",wiwin.dwiutami.hakim,wiwin.dwiutami.hakim
685,4,648,inactive,Tabanan Kabupaten,"2024-07-05 09:44:10","2024-07-05 14:22:37",wiwin.dwiutami.hakim,wiwin.dwiutami.hakim
686,4,2,active,Jakarta Central,"2024-07-05 09:44:11","2024-07-05 09:44:11",wiwin.dwiutami.hakim,wiwin.dwiutami.hakim
687,4,5,active,Tangerang North,"2024-07-05 09:44:11","2024-07-05 09:44:11",wiwin.dwiutami.hakim,wiwin.dwiutami.hakim
688,4,6,active,Tangerang South,"2024-07-05 09:44:11","2024-07-05 09:44:11",wiwin.dwiutami.hakim,wiwin.dwiutami.hakim
689,4,11,active,Bekasi,"2024-07-05 09:44:11","2024-07-05 09:44:11",wiwin.dwiutami.hakim,wiwin.dwiutami.hakim
690,4,13,active,Bogor,"2024-07-05 09:44:11","2024-07-05 09:44:11",wiwin.dwiutami.hakim,wiwin.dwiutami.hakim
691,4,15,active,Depok,"2024-07-05 09:44:11","2024-07-05 09:44:11",wiwin.dwiutami.hakim,wiwin.dwiutami.hakim
742,4,71,active,Bogor Kabupaten East,"2024-07-05 09:44:11","2024-07-05 09:44:11",wiwin.dwiutami.hakim,wiwin.dwiutami.hakim
746,4,75,active,Bogor Kabupaten West,"2024-07-05 09:44:11","2024-07-05 09:44:11",wiwin.dwiutami.hakim,wiwin.dwiutami.hakim
1275,4,627,active,Tangerang Rural,"2024-07-05 09:44:14","2024-07-05 09:44:14",wiwin.dwiutami.hakim,wiwin.dwiutami.hakim
1276,4,628,active,Tangerang Rural New,"2024-07-05 09:44:14","2024-07-05 09:44:14",wiwin.dwiutami.hakim,wiwin.dwiutami.hakim
1296,16,628,inactive,Tangerang Rural New,"2024-07-05 16:10:14","2024-10-04 10:23:14",wiwin.dwiutami.hakim,wiwin.dwiutami.hakim
1298,15,123,inactive,Bekasi Kabupaten South,"2024-07-05 17:12:44","2024-10-01 14:17:18",wiwin.dwiutami.hakim,wiwin.dwiutami.hakim
1300,21,37,active,Malang North,"2024-07-07 09:58:43","2024-07-07 09:58:44",wiwin.dwiutami.hakim,wiwin.dwiutami.hakim
1301,21,38,active,Malang - Batu,"2024-07-07 09:58:43","2024-07-07 09:58:44",wiwin.dwiutami.hakim,wiwin.dwiutami.hakim
1302,21,22,active,Surabaya West,"2024-07-07 09:58:43","2024-07-07 09:58:44",wiwin.dwiutami.hakim,wiwin.dwiutami.hakim
1303,21,23,active,Surabaya North,"2024-07-07 09:58:43","2024-07-07 09:58:44",wiwin.dwiutami.hakim,wiwin.dwiutami.hakim
1304,21,151,active,Malang Kabupaten North,"2024-07-07 09:58:43","2024-07-07 09:58:44",wiwin.dwiutami.hakim,wiwin.dwiutami.hakim
1305,21,24,active,Surabaya South,"2024-07-07 09:58:43","2024-07-07 09:58:44",wiwin.dwiutami.hakim,wiwin.dwiutami.hakim
1306,21,107,active,Malang Kabupaten West,"2024-07-07 09:58:43","2024-07-07 09:58:44",wiwin.dwiutami.hakim,wiwin.dwiutami.hakim
1307,21,108,active,Malang Kabupaten East,"2024-07-07 09:58:43","2024-07-07 09:58:44",wiwin.dwiutami.hakim,wiwin.dwiutami.hakim
1308,21,191,active,Surabaya East,"2024-07-07 09:58:43","2024-07-07 09:58:44",wiwin.dwiutami.hakim,wiwin.dwiutami.hakim
1309,21,180,active,Malang Kabupaten South,"2024-07-07 09:58:43","2024-07-07 09:58:44",wiwin.dwiutami.hakim,wiwin.dwiutami.hakim
1310,21,36,active,Malang South,"2024-07-07 09:58:43","2024-07-07 09:58:44",wiwin.dwiutami.hakim,wiwin.dwiutami.hakim
1311,22,5,active,Tangerang North,"2024-07-07 10:01:50","2024-07-07 10:01:50",wiwin.dwiutami.hakim,wiwin.dwiutami.hakim
1312,22,6,active,Tangerang South,"2024-07-07 10:01:50","2024-07-07 10:01:50",wiwin.dwiutami.hakim,wiwin.dwiutami.hakim
1313,22,71,active,Bogor Kabupaten East,"2024-07-07 10:01:50","2024-07-07 10:01:50",wiwin.dwiutami.hakim,wiwin.dwiutami.hakim
1314,22,72,active,Karawang,"2024-07-07 10:01:50","2024-07-07 10:01:50",wiwin.dwiutami.hakim,wiwin.dwiutami.hakim
1315,22,74,active,Cirebon - Kuningan,"2024-07-07 10:01:50","2024-07-07 10:01:50",wiwin.dwiutami.hakim,wiwin.dwiutami.hakim
1316,22,75,active,Bogor Kabupaten West,"2024-07-07 10:01:50","2024-07-07 10:01:50",wiwin.dwiutami.hakim,wiwin.dwiutami.hakim
1317,22,13,active,Bogor,"2024-07-07 10:01:50","2024-07-07 10:01:50",wiwin.dwiutami.hakim,wiwin.dwiutami.hakim
1318,22,15,active,Depok,"2024-07-07 10:01:50","2024-07-07 10:01:50",wiwin.dwiutami.hakim,wiwin.dwiutami.hakim
1319,22,627,active,Tangerang Rural,"2024-07-07 10:01:50","2024-07-07 10:01:50",wiwin.dwiutami.hakim,wiwin.dwiutami.hakim
1320,22,179,active,Karawang North,"2024-07-07 10:01:50","2024-07-07 10:01:50",wiwin.dwiutami.hakim,wiwin.dwiutami.hakim
1321,22,628,active,Tangerang Rural New,"2024-07-07 10:01:50","2024-07-07 10:01:50",wiwin.dwiutami.hakim,wiwin.dwiutami.hakim
1322,22,119,active,Cirebon Kabupaten South,"2024-07-07 10:01:50","2024-07-07 10:01:50",wiwin.dwiutami.hakim,wiwin.dwiutami.hakim
1323,22,120,active,Cirebon Kabupaten North,"2024-07-07 10:01:50","2024-07-07 10:01:50",wiwin.dwiutami.hakim,wiwin.dwiutami.hakim
1324,22,25,active,Jakarta North,"2024-07-07 10:01:50","2024-07-07 10:01:50",wiwin.dwiutami.hakim,wiwin.dwiutami.hakim
1325,22,122,active,Bogor Kabupaten North,"2024-07-07 10:01:50","2024-07-07 10:01:50",wiwin.dwiutami.hakim,wiwin.dwiutami.hakim
1326,22,63,active,Cirebon,"2024-07-07 10:01:50","2024-07-07 10:01:50",wiwin.dwiutami.hakim,wiwin.dwiutami.hakim
1327,22,1,active,Jakarta South,"2024-07-07 10:01:50","2024-07-07 10:01:50",wiwin.dwiutami.hakim,wiwin.dwiutami.hakim
1328,22,2,active,Jakarta Central,"2024-07-07 10:01:50","2024-07-07 10:01:50",wiwin.dwiutami.hakim,wiwin.dwiutami.hakim
1329,22,3,active,Jakarta West,"2024-07-07 10:01:50","2024-07-07 10:01:50",wiwin.dwiutami.hakim,wiwin.dwiutami.hakim
1330,22,4,active,Jakarta East,"2024-07-07 10:01:50","2024-07-07 10:01:50",wiwin.dwiutami.hakim,wiwin.dwiutami.hakim
1331,11,650,inactive,Bekasi City New,"2024-09-26 09:54:21","2024-10-01 10:36:14",priscarine.priscarine,wiwin.dwiutami.hakim
1333,15,651,inactive,Bekasi South New,"2024-09-26 09:57:12","2024-10-01 10:36:46",priscarine.priscarine,wiwin.dwiutami.hakim
1335,15,652,inactive,Bekasi North New,"2024-09-26 10:01:34","2024-10-01 14:18:57",priscarine.priscarine,wiwin.dwiutami.hakim
1338,11,655,active,Bekasi City,"2024-10-01 14:15:34","2024-10-01 14:15:34",wiwin.dwiutami.hakim,wiwin.dwiutami.hakim
1339,15,656,inactive,Bekasi City South,"2024-10-01 14:17:18","2024-10-04 11:25:38",wiwin.dwiutami.hakim,wiwin.dwiutami.hakim
1341,15,658,inactive,Bekasi City North,"2024-10-01 14:18:57","2024-10-04 11:25:38",wiwin.dwiutami.hakim,wiwin.dwiutami.hakim
1344,15,659,active,Cikarang,"2024-10-04 10:49:20","2024-10-04 10:49:20",wiwin.dwiutami.hakim,wiwin.dwiutami.hakim
1346,15,661,active,Cileungsi,"2024-10-04 10:56:56","2024-10-04 10:56:56",wiwin.dwiutami.hakim,wiwin.dwiutami.hakim
1349,11,656,active,Bekasi City South,"2024-10-04 10:58:17","2024-10-04 10:58:17",wiwin.dwiutami.hakim,wiwin.dwiutami.hakim
1350,11,658,active,Bekasi City North,"2024-10-04 10:58:17","2024-10-04 10:58:17",wiwin.dwiutami.hakim,wiwin.dwiutami.hakim
1352,12,662,active,Bogor City,"2024-10-04 11:08:14","2024-10-04 11:08:14",wiwin.dwiutami.hakim,wiwin.dwiutami.hakim
1353,12,71,inactive,Bogor Kabupaten East,"2024-11-16 14:05:09","2024-11-16 14:06:30",dwi.rahmawati,dwi.rahmawati
1354,12,122,inactive,Bogor Kabupaten North,"2024-11-16 14:05:09","2024-11-16 14:06:30",dwi.rahmawati,dwi.rahmawati
1355,12,75,inactive,Bogor Kabupaten West,"2024-11-16 14:05:09","2024-11-16 14:06:30",dwi.rahmawati,dwi.rahmawati
1365,22,655,active,Bekasi City,"2024-11-25 14:51:13","2024-11-25 14:51:13",wiwin.dwiutami.hakim,wiwin.dwiutami.hakim
1366,22,656,active,Bekasi City South,"2024-11-25 14:51:13","2024-11-25 14:51:13",wiwin.dwiutami.hakim,wiwin.dwiutami.hakim
1367,22,658,active,Bekasi City North,"2024-11-25 14:51:13","2024-11-25 14:51:13",wiwin.dwiutami.hakim,wiwin.dwiutami.hakim
1368,22,659,active,Cikarang,"2024-11-25 14:51:13","2024-11-25 14:51:13",wiwin.dwiutami.hakim,wiwin.dwiutami.hakim
1369,22,661,active,Cileungsi,"2024-11-25 14:51:13","2024-11-25 14:51:13",wiwin.dwiutami.hakim,wiwin.dwiutami.hakim
1370,22,662,active,Bogor City,"2024-11-25 14:51:13","2024-11-25 14:51:13",wiwin.dwiutami.hakim,wiwin.dwiutami.hakim
1371,23,374,active,Sumedang East,"2024-11-29 09:06:22","2024-11-29 09:06:22",wiwin.dwiutami.hakim,wiwin.dwiutami.hakim
1372,23,215,active,Sumedang,"2024-11-29 09:06:22","2024-11-29 09:06:22",wiwin.dwiutami.hakim,wiwin.dwiutami.hakim
1373,23,375,active,Sumedang West,"2024-11-29 09:06:22","2024-11-29 09:06:22",wiwin.dwiutami.hakim,wiwin.dwiutami.hakim
1374,23,47,active,Medan South,"2024-11-29 09:06:22","2024-11-29 09:06:22",wiwin.dwiutami.hakim,wiwin.dwiutami.hakim
1375,23,48,active,Medan Central,"2024-11-29 09:06:22","2024-11-29 09:06:22",wiwin.dwiutami.hakim,wiwin.dwiutami.hakim
1376,23,49,active,Medan North,"2024-11-29 09:06:22","2024-11-29 09:06:22",wiwin.dwiutami.hakim,wiwin.dwiutami.hakim
1377,24,18,inactive,Bandung North,"2024-12-18 12:54:32","2024-12-18 13:32:43",wiwin.dwiutami.hakim,wiwin.dwiutami.hakim
1378,24,663,inactive,Halomedika Rancasari,"2024-12-18 13:32:43","2024-12-24 11:23:07",wiwin.dwiutami.hakim,wiwin.dwiutami.hakim
1380,3,664,inactive,Intibios Bandung,"2024-12-18 13:35:38","2024-12-18 14:17:23",wiwin.dwiutami.hakim,m.safwan.aji
1382,3,663,inactive,Halomedika Rancasari,"2024-12-18 13:50:28","2024-12-18 15:27:31",wiwin.dwiutami.hakim,m.safwan.aji
1384,24,664,inactive,Intibios Bandung,"2024-12-18 13:53:52","2024-12-18 14:05:32",wiwin.dwiutami.hakim,wiwin.dwiutami.hakim
1386,24,665,inactive,Intibios Bandung,"2024-12-18 14:15:23","2024-12-24 08:02:02",m.safwan.aji,wiwin.dwiutami.hakim
1388,3,665,inactive,Intibios Bandung,"2024-12-18 14:18:38","2024-12-18 15:18:26",m.safwan.aji,m.safwan.aji
1390,3,67,inactive,Bandung Kabupaten,"2024-12-18 15:00:17","2024-12-26 09:38:24",m.safwan.aji,wiwin.dwiutami.hakim
1392,3,666,active,Partner Clinic Intibios Bandung,"2024-12-18 15:26:37","2024-12-26 09:38:24",wiwin.dwiutami.hakim,wiwin.dwiutami.hakim
1394,25,96,active,Banjarmasin,"2024-12-20 18:40:54","2024-12-20 18:40:54",wiwin.dwiutami.hakim,wiwin.dwiutami.hakim
1395,24,667,active,Apt. Halomedika Rancasari,"2024-12-24 11:23:07","2024-12-26 09:38:13",wiwin.dwiutami.hakim,wiwin.dwiutami.hakim
1397,24,66,inactive,Bandung East,"2024-12-24 15:12:41","2024-12-26 09:38:13",wiwin.dwiutami.hakim,wiwin.dwiutami.hakim
1399,3,116,inactive,Bandung Kabupaten South,"2024-12-24 15:13:25","2024-12-24 16:16:09",wiwin.dwiutami.hakim,wiwin.dwiutami.hakim
1400,3,372,inactive,Bandung Kabupaten West,"2024-12-24 15:13:25","2024-12-26 09:38:24",wiwin.dwiutami.hakim,wiwin.dwiutami.hakim
1403,24,19,inactive,Bandung South,"2024-12-24 15:43:23","2024-12-26 09:38:13",wiwin.dwiutami.hakim,wiwin.dwiutami.hakim
1405,26,36,inactive,Malang South,"2025-01-09 09:44:10","2025-01-17 09:44:25",wiwin.dwiutami.hakim,wiwin.dwiutami.hakim
1406,27,33,active,Bali Kuta South,"2025-01-09 09:47:59","2025-02-18 09:44:03",wiwin.dwiutami.hakim,wiwin.dwiutami.hakim
1407,26,669,inactive,Malang,"2025-01-09 14:50:37","2025-01-14 12:00:39",wiwin.dwiutami.hakim,wiwin.dwiutami.hakim
1408,29,33,inactive,Bali Kuta South,"2025-01-09 15:26:52","2025-01-10 18:19:28",wiwin.dwiutami.hakim,wiwin.dwiutami.hakim
1409,29,670,active,Kuta Selatan,"2025-01-10 18:19:28","2025-01-10 18:19:28",wiwin.dwiutami.hakim,wiwin.dwiutami.hakim
1410,29,671,active,Kuta,"2025-01-10 18:21:14","2025-01-10 18:21:14",wiwin.dwiutami.hakim,wiwin.dwiutami.hakim
1411,27,672,inactive,Denpasar Barat,"2025-01-10 18:21:49","2025-02-18 09:42:56",wiwin.dwiutami.hakim,wiwin.dwiutami.hakim
1412,27,673,inactive,Denpasar Timur,"2025-01-10 18:22:15","2025-02-18 09:42:56",wiwin.dwiutami.hakim,wiwin.dwiutami.hakim
1413,27,674,inactive,Denpasar Selatan,"2025-01-10 18:22:47","2025-02-18 09:42:56",wiwin.dwiutami.hakim,wiwin.dwiutami.hakim
1414,30,40,active,Yogyakarta North,"2025-01-14 11:32:30","2025-02-20 13:36:37",wiwin.dwiutami.hakim,wiwin.dwiutami.hakim
1415,30,675,inactive,Sleman,"2025-01-14 11:33:15","2025-01-14 11:57:09",wiwin.dwiutami.hakim,wiwin.dwiutami.hakim
1416,30,128,inactive,Sleman East,"2025-01-14 11:57:08","2025-02-20 13:36:37",wiwin.dwiutami.hakim,wiwin.dwiutami.hakim
1417,30,129,inactive,Sleman West,"2025-01-14 11:57:08","2025-02-20 13:36:37",wiwin.dwiutami.hakim,wiwin.dwiutami.hakim
1418,26,37,inactive,Malang North,"2025-01-14 12:00:39","2025-01-17 09:44:25",wiwin.dwiutami.hakim,wiwin.dwiutami.hakim
1419,26,38,inactive,Malang - Batu,"2025-01-14 12:00:39","2025-01-17 09:44:25",wiwin.dwiutami.hakim,wiwin.dwiutami.hakim
1420,31,18,active,Bandung North,"2025-01-16 16:31:58","2025-01-16 16:31:58",wiwin.dwiutami.hakim,wiwin.dwiutami.hakim
1421,32,22,active,Surabaya West,"2025-01-16 16:34:17","2025-01-16 16:34:17",wiwin.dwiutami.hakim,wiwin.dwiutami.hakim
1422,34,31,active,Semarang East,"2025-01-16 16:36:04","2025-01-16 16:36:04",wiwin.dwiutami.hakim,wiwin.dwiutami.hakim
1423,26,668,inactive,Malang,"2025-01-17 09:44:25","2025-01-17 10:20:37",wiwin.dwiutami.hakim,wiwin.dwiutami.hakim
1424,26,676,active,Malang New,"2025-01-17 10:20:37","2025-01-17 10:20:37",wiwin.dwiutami.hakim,wiwin.dwiutami.hakim
1425,32,24,active,Surabaya South,"2025-02-14 11:13:05","2025-02-14 11:13:05",wiwin.dwiutami.hakim,wiwin.dwiutami.hakim
1426,32,191,active,Surabaya East,"2025-02-14 11:13:05","2025-02-14 11:13:05",wiwin.dwiutami.hakim,wiwin.dwiutami.hakim
1427,27,34,active,Bali Kuta North,"2025-02-18 09:44:03","2025-02-18 09:44:03",wiwin.dwiutami.hakim,wiwin.dwiutami.hakim
1428,27,35,active,Bali Denpasar,"2025-02-18 09:44:03","2025-02-18 09:44:03",wiwin.dwiutami.hakim,wiwin.dwiutami.hakim
1429,34,28,active,Semarang South East,"2025-02-18 09:53:55","2025-02-18 09:53:56",wiwin.dwiutami.hakim,wiwin.dwiutami.hakim
1430,34,29,inactive,Semarang South West,"2025-02-18 09:53:55","2025-02-20 14:43:28",wiwin.dwiutami.hakim,wiwin.dwiutami.hakim
1431,34,30,active,Semarang Central,"2025-02-18 09:53:55","2025-02-18 09:53:56",wiwin.dwiutami.hakim,wiwin.dwiutami.hakim
1432,34,32,active,Semarang North,"2025-02-18 09:53:55","2025-02-18 09:53:56",wiwin.dwiutami.hakim,wiwin.dwiutami.hakim
1433,30,39,active,Yogyakarta South,"2025-02-20 13:36:37","2025-02-20 13:36:37",wiwin.dwiutami.hakim,wiwin.dwiutami.hakim
1434,30,43,inactive,Yogyakarta - Bantul,"2025-02-20 13:36:37","2025-03-25 20:51:17",wiwin.dwiutami.hakim,wiwin.dwiutami.hakim
1435,30,204,inactive,Yogyakarta - Bantul South,"2025-02-20 13:36:37","2025-03-25 20:51:17",wiwin.dwiutami.hakim,wiwin.dwiutami.hakim
1436,30,206,inactive,Yogyakarta - Bantul West,"2025-02-20 13:36:37","2025-03-25 20:51:17",wiwin.dwiutami.hakim,wiwin.dwiutami.hakim
1437,32,23,active,Surabaya North,"2025-03-20 10:17:37","2025-03-20 10:17:37",wiwin.dwiutami.hakim,wiwin.dwiutami.hakim
1438,30,238,active,Kulon Progo,"2025-03-25 20:51:17","2025-03-25 20:51:17",wiwin.dwiutami.hakim,wiwin.dwiutami.hakim
1439,30,238,active,Kulon Progo,"2025-03-25 20:51:17","2025-03-25 20:51:17",wiwin.dwiutami.hakim,wiwin.dwiutami.hakim
1440,30,595,active,Kulon Progo North,"2025-03-25 20:51:17","2025-03-25 20:51:17",wiwin.dwiutami.hakim,wiwin.dwiutami.hakim
1441,30,595,active,Kulon Progo North,"2025-03-25 20:51:17","2025-03-25 20:51:17",wiwin.dwiutami.hakim,wiwin.dwiutami.hakim
1442,35,557,active,Serang Central,"2025-04-25 11:27:23","2025-04-25 11:27:24",wiwin.dwiutami.hakim,wiwin.dwiutami.hakim
1443,35,83,active,Serang East,"2025-04-25 11:27:23","2025-04-25 11:27:24",wiwin.dwiutami.hakim,wiwin.dwiutami.hakim
1444,35,84,active,Serang West,"2025-04-25 11:27:23","2025-04-25 11:27:24",wiwin.dwiutami.hakim,wiwin.dwiutami.hakim
1445,36,54,active,Makassar South,"2025-04-25 11:28:30","2025-04-25 11:28:30",wiwin.dwiutami.hakim,wiwin.dwiutami.hakim
1446,36,55,active,Makassar Central,"2025-04-25 11:28:30","2025-04-25 11:28:30",wiwin.dwiutami.hakim,wiwin.dwiutami.hakim
1447,36,56,active,Makassar North,"2025-04-25 11:28:30","2025-04-25 11:28:30",wiwin.dwiutami.hakim,wiwin.dwiutami.hakim
1448,37,237,active,Manado North East,"2025-04-25 11:29:24","2025-04-25 11:29:25",wiwin.dwiutami.hakim,wiwin.dwiutami.hakim
1449,37,239,active,Manado East,"2025-04-25 11:29:24","2025-04-25 11:29:25",wiwin.dwiutami.hakim,wiwin.dwiutami.hakim
1450,37,50,active,Manado North,"2025-04-25 11:29:24","2025-04-25 11:29:25",wiwin.dwiutami.hakim,wiwin.dwiutami.hakim
1451,37,51,active,Manado South,"2025-04-25 11:29:24","2025-04-25 11:29:25",wiwin.dwiutami.hakim,wiwin.dwiutami.hakim
1452,38,72,active,Karawang,"2025-04-25 11:30:09","2025-04-25 11:30:09",wiwin.dwiutami.hakim,wiwin.dwiutami.hakim
1453,38,179,active,Karawang North,"2025-04-25 11:30:09","2025-04-25 11:30:09",wiwin.dwiutami.hakim,wiwin.dwiutami.hakim
1454,39,95,active,Samarinda,"2025-04-25 11:30:54","2025-04-25 11:30:54",wiwin.dwiutami.hakim,wiwin.dwiutami.hakim
1455,40,96,active,Banjarmasin,"2025-04-25 11:31:40","2025-04-25 11:31:40",wiwin.dwiutami.hakim,wiwin.dwiutami.hakim
1456,38,677,active,Karawang Extended,"2025-04-25 13:23:00","2025-04-25 13:23:00",wiwin.dwiutami.hakim,wiwin.dwiutami.hakim
1457,41,53,active,Balikpapan South,"2025-04-28 14:25:12","2025-04-28 14:25:13",wiwin.dwiutami.hakim,wiwin.dwiutami.hakim
1458,41,379,active,Balikpapan East,"2025-04-28 14:25:12","2025-04-28 14:25:13",wiwin.dwiutami.hakim,wiwin.dwiutami.hakim
1459,41,52,active,Balikpapan North,"2025-04-28 14:25:12","2025-04-28 14:25:13",wiwin.dwiutami.hakim,wiwin.dwiutami.hakim
1460,42,44,active,Palembang North,"2025-04-28 14:25:59","2025-04-28 14:25:59",wiwin.dwiutami.hakim,wiwin.dwiutami.hakim
1461,42,45,active,Palembang West,"2025-04-28 14:25:59","2025-04-28 14:25:59",wiwin.dwiutami.hakim,wiwin.dwiutami.hakim
1462,42,46,active,Palembang South,"2025-04-28 14:25:59","2025-04-28 14:25:59",wiwin.dwiutami.hakim,wiwin.dwiutami.hakim
1463,43,47,active,Medan South,"2025-04-28 14:26:39","2025-04-28 14:26:39",wiwin.dwiutami.hakim,wiwin.dwiutami.hakim
1464,43,48,active,Medan Central,"2025-04-28 14:26:39","2025-04-28 14:26:39",wiwin.dwiutami.hakim,wiwin.dwiutami.hakim
1465,43,49,active,Medan North,"2025-04-28 14:26:39","2025-04-28 14:26:39",wiwin.dwiutami.hakim,wiwin.dwiutami.hakim
1466,44,66,active,Bandung East,"2025-04-28 14:27:33","2025-04-28 14:27:33",wiwin.dwiutami.hakim,wiwin.dwiutami.hakim
1467,44,18,active,Bandung North,"2025-04-28 14:27:33","2025-04-28 14:27:33",wiwin.dwiutami.hakim,wiwin.dwiutami.hakim
1468,44,19,active,Bandung South,"2025-04-28 14:27:33","2025-04-28 14:27:33",wiwin.dwiutami.hakim,wiwin.dwiutami.hakim
1469,44,251,active,Bandung West,"2025-04-28 14:30:07","2025-04-28 14:30:07",wiwin.dwiutami.hakim,wiwin.dwiutami.hakim
1470,22,11,active,Bekasi,"2025-05-10 10:33:13","2025-05-10 10:33:15",wiwin.dwiutami.hakim,wiwin.dwiutami.hakim
1471,22,18,active,Bandung North,"2025-05-10 10:33:13","2025-05-10 10:33:15",wiwin.dwiutami.hakim,wiwin.dwiutami.hakim
1472,22,19,active,Bandung South,"2025-05-10 10:33:13","2025-05-10 10:33:15",wiwin.dwiutami.hakim,wiwin.dwiutami.hakim
1473,22,20,active,Bandung - Cimahi,"2025-05-10 10:33:13","2025-05-10 10:33:15",wiwin.dwiutami.hakim,wiwin.dwiutami.hakim
1474,22,21,active,Sidoarjo,"2025-05-10 10:33:13","2025-05-10 10:33:15",wiwin.dwiutami.hakim,wiwin.dwiutami.hakim
1475,22,22,active,Surabaya West,"2025-05-10 10:33:13","2025-05-10 10:33:15",wiwin.dwiutami.hakim,wiwin.dwiutami.hakim
1476,22,23,active,Surabaya North,"2025-05-10 10:33:13","2025-05-10 10:33:15",wiwin.dwiutami.hakim,wiwin.dwiutami.hakim
1477,22,24,active,Surabaya South,"2025-05-10 10:33:13","2025-05-10 10:33:15",wiwin.dwiutami.hakim,wiwin.dwiutami.hakim
1478,22,27,active,Bandung - Padalarang,"2025-05-10 10:33:13","2025-05-10 10:33:15",wiwin.dwiutami.hakim,wiwin.dwiutami.hakim
1479,22,28,active,Semarang South East,"2025-05-10 10:33:13","2025-05-10 10:33:15",wiwin.dwiutami.hakim,wiwin.dwiutami.hakim
1480,22,29,active,Semarang South West,"2025-05-10 10:33:13","2025-05-10 10:33:15",wiwin.dwiutami.hakim,wiwin.dwiutami.hakim
1481,22,30,active,Semarang Central,"2025-05-10 10:33:13","2025-05-10 10:33:15",wiwin.dwiutami.hakim,wiwin.dwiutami.hakim
1482,22,31,active,Semarang East,"2025-05-10 10:33:13","2025-05-10 10:33:15",wiwin.dwiutami.hakim,wiwin.dwiutami.hakim
1483,22,32,active,Semarang North,"2025-05-10 10:33:13","2025-05-10 10:33:15",wiwin.dwiutami.hakim,wiwin.dwiutami.hakim
1484,22,33,active,Bali Kuta South,"2025-05-10 10:33:13","2025-05-10 10:33:15",wiwin.dwiutami.hakim,wiwin.dwiutami.hakim
1485,22,34,active,Bali Kuta North,"2025-05-10 10:33:13","2025-05-10 10:33:15",wiwin.dwiutami.hakim,wiwin.dwiutami.hakim
1486,22,35,active,Bali Denpasar,"2025-05-10 10:33:13","2025-05-10 10:33:15",wiwin.dwiutami.hakim,wiwin.dwiutami.hakim
1487,22,36,active,Malang South,"2025-05-10 10:33:13","2025-05-10 10:33:15",wiwin.dwiutami.hakim,wiwin.dwiutami.hakim
1488,22,37,active,Malang North,"2025-05-10 10:33:13","2025-05-10 10:33:15",wiwin.dwiutami.hakim,wiwin.dwiutami.hakim
1489,22,38,active,Malang - Batu,"2025-05-10 10:33:13","2025-05-10 10:33:15",wiwin.dwiutami.hakim,wiwin.dwiutami.hakim
1490,22,39,active,Yogyakarta South,"2025-05-10 10:33:13","2025-05-10 10:33:15",wiwin.dwiutami.hakim,wiwin.dwiutami.hakim
1491,22,40,active,Yogyakarta North,"2025-05-10 10:33:13","2025-05-10 10:33:15",wiwin.dwiutami.hakim,wiwin.dwiutami.hakim
1492,22,41,active,Solo West,"2025-05-10 10:33:13","2025-05-10 10:33:15",wiwin.dwiutami.hakim,wiwin.dwiutami.hakim
1493,22,42,active,Solo Central,"2025-05-10 10:33:13","2025-05-10 10:33:15",wiwin.dwiutami.hakim,wiwin.dwiutami.hakim
1494,22,43,active,Yogyakarta - Bantul,"2025-05-10 10:33:13","2025-05-10 10:33:15",wiwin.dwiutami.hakim,wiwin.dwiutami.hakim
1495,22,44,active,Palembang North,"2025-05-10 10:33:13","2025-05-10 10:33:15",wiwin.dwiutami.hakim,wiwin.dwiutami.hakim
1496,22,45,active,Palembang West,"2025-05-10 10:33:13","2025-05-10 10:33:15",wiwin.dwiutami.hakim,wiwin.dwiutami.hakim
1497,22,46,active,Palembang South,"2025-05-10 10:33:13","2025-05-10 10:33:15",wiwin.dwiutami.hakim,wiwin.dwiutami.hakim
1498,22,47,active,Medan South,"2025-05-10 10:33:13","2025-05-10 10:33:15",wiwin.dwiutami.hakim,wiwin.dwiutami.hakim
1499,22,48,active,Medan Central,"2025-05-10 10:33:13","2025-05-10 10:33:15",wiwin.dwiutami.hakim,wiwin.dwiutami.hakim
1500,22,49,active,Medan North,"2025-05-10 10:33:13","2025-05-10 10:33:15",wiwin.dwiutami.hakim,wiwin.dwiutami.hakim
1501,22,50,active,Manado North,"2025-05-10 10:33:13","2025-05-10 10:33:15",wiwin.dwiutami.hakim,wiwin.dwiutami.hakim
1502,22,51,active,Manado South,"2025-05-10 10:33:13","2025-05-10 10:33:15",wiwin.dwiutami.hakim,wiwin.dwiutami.hakim
1503,22,52,active,Balikpapan North,"2025-05-10 10:33:13","2025-05-10 10:33:15",wiwin.dwiutami.hakim,wiwin.dwiutami.hakim
1504,22,53,active,Balikpapan South,"2025-05-10 10:33:13","2025-05-10 10:33:15",wiwin.dwiutami.hakim,wiwin.dwiutami.hakim
1505,22,54,active,Makassar South,"2025-05-10 10:33:13","2025-05-10 10:33:15",wiwin.dwiutami.hakim,wiwin.dwiutami.hakim
1506,22,55,active,Makassar Central,"2025-05-10 10:33:13","2025-05-10 10:33:15",wiwin.dwiutami.hakim,wiwin.dwiutami.hakim
1507,22,56,active,Makassar North,"2025-05-10 10:33:13","2025-05-10 10:33:15",wiwin.dwiutami.hakim,wiwin.dwiutami.hakim
1508,22,57,active,Sukabumi,"2025-05-10 10:33:13","2025-05-10 10:33:15",wiwin.dwiutami.hakim,wiwin.dwiutami.hakim
1509,22,58,active,Pontianak North,"2025-05-10 10:33:13","2025-05-10 10:33:15",wiwin.dwiutami.hakim,wiwin.dwiutami.hakim
1510,22,59,active,Pontianak South,"2025-05-10 10:33:13","2025-05-10 10:33:15",wiwin.dwiutami.hakim,wiwin.dwiutami.hakim
1511,22,60,active,Padang,"2025-05-10 10:33:13","2025-05-10 10:33:15",wiwin.dwiutami.hakim,wiwin.dwiutami.hakim
1512,22,61,active,Bukittinggi,"2025-05-10 10:33:13","2025-05-10 10:33:15",wiwin.dwiutami.hakim,wiwin.dwiutami.hakim
1513,22,62,active,Mataram,"2025-05-10 10:33:13","2025-05-10 10:33:15",wiwin.dwiutami.hakim,wiwin.dwiutami.hakim
1514,22,64,active,Pekanbaru,"2025-05-10 10:33:13","2025-05-10 10:33:15",wiwin.dwiutami.hakim,wiwin.dwiutami.hakim
1515,22,66,active,Bandung East,"2025-05-10 10:33:13","2025-05-10 10:33:15",wiwin.dwiutami.hakim,wiwin.dwiutami.hakim
1516,22,67,active,Bandung Kabupaten,"2025-05-10 10:33:13","2025-05-10 10:33:15",wiwin.dwiutami.hakim,wiwin.dwiutami.hakim
1517,22,68,active,Bandar Lampung East,"2025-05-10 10:33:13","2025-05-10 10:33:15",wiwin.dwiutami.hakim,wiwin.dwiutami.hakim
1518,22,69,active,Bandar Lampung West,"2025-05-10 10:33:13","2025-05-10 10:33:15",wiwin.dwiutami.hakim,wiwin.dwiutami.hakim
1519,22,70,active,Purwakarta,"2025-05-10 10:33:13","2025-05-10 10:33:15",wiwin.dwiutami.hakim,wiwin.dwiutami.hakim
1520,22,73,active,Bekasi Kabupaten North,"2025-05-10 10:33:13","2025-05-10 10:33:15",wiwin.dwiutami.hakim,wiwin.dwiutami.hakim
1521,22,76,active,Ponorogo West,"2025-05-10 10:33:13","2025-05-10 10:33:15",wiwin.dwiutami.hakim,wiwin.dwiutami.hakim
1522,22,77,active,Ponorogo East,"2025-05-10 10:33:13","2025-05-10 10:33:15",wiwin.dwiutami.hakim,wiwin.dwiutami.hakim
1523,22,78,active,Tegal,"2025-05-10 10:33:13","2025-05-10 10:33:15",wiwin.dwiutami.hakim,wiwin.dwiutami.hakim
1524,22,79,active,Pekalongan,"2025-05-10 10:33:13","2025-05-10 10:33:15",wiwin.dwiutami.hakim,wiwin.dwiutami.hakim
1525,22,80,active,Gresik,"2025-05-10 10:33:13","2025-05-10 10:33:15",wiwin.dwiutami.hakim,wiwin.dwiutami.hakim
1526,22,81,active,Batam,"2025-05-10 10:33:13","2025-05-10 10:33:15",wiwin.dwiutami.hakim,wiwin.dwiutami.hakim
1527,22,82,active,Cilegon,"2025-05-10 10:33:13","2025-05-10 10:33:15",wiwin.dwiutami.hakim,wiwin.dwiutami.hakim
1528,22,83,active,Serang East,"2025-05-10 10:33:13","2025-05-10 10:33:15",wiwin.dwiutami.hakim,wiwin.dwiutami.hakim
1529,22,84,active,Serang West,"2025-05-10 10:33:13","2025-05-10 10:33:15",wiwin.dwiutami.hakim,wiwin.dwiutami.hakim
1530,22,85,active,Banyuwangi,"2025-05-10 10:33:13","2025-05-10 10:33:15",wiwin.dwiutami.hakim,wiwin.dwiutami.hakim
1531,22,86,active,Pasuruan,"2025-05-10 10:33:13","2025-05-10 10:33:15",wiwin.dwiutami.hakim,wiwin.dwiutami.hakim
1532,22,87,active,Probolinggo East,"2025-05-10 10:33:13","2025-05-10 10:33:15",wiwin.dwiutami.hakim,wiwin.dwiutami.hakim
1533,22,88,active,Probolinggo West,"2025-05-10 10:33:13","2025-05-10 10:33:15",wiwin.dwiutami.hakim,wiwin.dwiutami.hakim
1534,22,89,active,Lawang,"2025-05-10 10:33:13","2025-05-10 10:33:15",wiwin.dwiutami.hakim,wiwin.dwiutami.hakim
1535,22,90,active,Jember Central,"2025-05-10 10:33:13","2025-05-10 10:33:15",wiwin.dwiutami.hakim,wiwin.dwiutami.hakim
1536,22,91,active,Lamongan Central,"2025-05-10 10:33:13","2025-05-10 10:33:15",wiwin.dwiutami.hakim,wiwin.dwiutami.hakim
1537,22,92,active,Kediri,"2025-05-10 10:33:13","2025-05-10 10:33:15",wiwin.dwiutami.hakim,wiwin.dwiutami.hakim
1538,22,93,active,Madiun,"2025-05-10 10:33:13","2025-05-10 10:33:15",wiwin.dwiutami.hakim,wiwin.dwiutami.hakim
1539,22,94,active,Binjai,"2025-05-10 10:33:13","2025-05-10 10:33:15",wiwin.dwiutami.hakim,wiwin.dwiutami.hakim
1540,22,95,active,Samarinda,"2025-05-10 10:33:13","2025-05-10 10:33:15",wiwin.dwiutami.hakim,wiwin.dwiutami.hakim
1541,22,96,active,Banjarmasin,"2025-05-10 10:33:13","2025-05-10 10:33:15",wiwin.dwiutami.hakim,wiwin.dwiutami.hakim
1542,22,97,active,Banjar Baru,"2025-05-10 10:33:13","2025-05-10 10:33:15",wiwin.dwiutami.hakim,wiwin.dwiutami.hakim
1543,22,98,active,Gresik South,"2025-05-10 10:33:13","2025-05-10 10:33:15",wiwin.dwiutami.hakim,wiwin.dwiutami.hakim
1544,22,100,active,Gresik North,"2025-05-10 10:33:13","2025-05-10 10:33:15",wiwin.dwiutami.hakim,wiwin.dwiutami.hakim
1545,22,101,active,Mojokerto North,"2025-05-10 10:33:13","2025-05-10 10:33:15",wiwin.dwiutami.hakim,wiwin.dwiutami.hakim
1546,22,102,active,Mojokerto South,"2025-05-10 10:33:13","2025-05-10 10:33:15",wiwin.dwiutami.hakim,wiwin.dwiutami.hakim
1547,22,103,active,Deli Serdang East,"2025-05-10 10:33:13","2025-05-10 10:33:15",wiwin.dwiutami.hakim,wiwin.dwiutami.hakim
1548,22,104,active,Deli Serdang Central,"2025-05-10 10:33:13","2025-05-10 10:33:15",wiwin.dwiutami.hakim,wiwin.dwiutami.hakim
1549,22,105,active,Deli Serdang West,"2025-05-10 10:33:13","2025-05-10 10:33:15",wiwin.dwiutami.hakim,wiwin.dwiutami.hakim
1550,22,107,active,Malang Kabupaten West,"2025-05-10 10:33:13","2025-05-10 10:33:15",wiwin.dwiutami.hakim,wiwin.dwiutami.hakim
1551,22,108,active,Malang Kabupaten East,"2025-05-10 10:33:13","2025-05-10 10:33:15",wiwin.dwiutami.hakim,wiwin.dwiutami.hakim
1552,22,109,active,Tabanan South,"2025-05-10 10:33:13","2025-05-10 10:33:15",wiwin.dwiutami.hakim,wiwin.dwiutami.hakim
1553,22,110,active,Badung Central,"2025-05-10 10:33:13","2025-05-10 10:33:15",wiwin.dwiutami.hakim,wiwin.dwiutami.hakim
1554,22,111,active,Gianyar South,"2025-05-10 10:33:13","2025-05-10 10:33:15",wiwin.dwiutami.hakim,wiwin.dwiutami.hakim
1555,22,112,active,Pekanbaru North,"2025-05-10 10:33:13","2025-05-10 10:33:15",wiwin.dwiutami.hakim,wiwin.dwiutami.hakim
1556,22,113,active,Kampar North,"2025-05-10 10:33:13","2025-05-10 10:33:15",wiwin.dwiutami.hakim,wiwin.dwiutami.hakim
1557,22,115,active,Kampar East,"2025-05-10 10:33:13","2025-05-10 10:33:15",wiwin.dwiutami.hakim,wiwin.dwiutami.hakim
1558,22,116,active,Bandung Kabupaten South,"2025-05-10 10:33:13","2025-05-10 10:33:15",wiwin.dwiutami.hakim,wiwin.dwiutami.hakim
1559,22,117,active,Sukoharjo North,"2025-05-10 10:33:13","2025-05-10 10:33:15",wiwin.dwiutami.hakim,wiwin.dwiutami.hakim
1560,22,118,active,Karanganyar West,"2025-05-10 10:33:13","2025-05-10 10:33:15",wiwin.dwiutami.hakim,wiwin.dwiutami.hakim
1561,22,121,active,Jambi,"2025-05-10 10:33:13","2025-05-10 10:33:15",wiwin.dwiutami.hakim,wiwin.dwiutami.hakim
1562,22,123,active,Bekasi Kabupaten South,"2025-05-10 10:33:13","2025-05-10 10:33:15",wiwin.dwiutami.hakim,wiwin.dwiutami.hakim
1563,22,124,active,Metro,"2025-05-10 10:33:13","2025-05-10 10:33:15",wiwin.dwiutami.hakim,wiwin.dwiutami.hakim
1564,22,125,active,Tegal Kabupaten North,"2025-05-10 10:33:13","2025-05-10 10:33:15",wiwin.dwiutami.hakim,wiwin.dwiutami.hakim
1565,22,126,active,Brebes North,"2025-05-10 10:33:13","2025-05-10 10:33:15",wiwin.dwiutami.hakim,wiwin.dwiutami.hakim
1566,22,127,active,Palu,"2025-05-10 10:33:13","2025-05-10 10:33:15",wiwin.dwiutami.hakim,wiwin.dwiutami.hakim
1567,22,128,active,Sleman East,"2025-05-10 10:33:13","2025-05-10 10:33:15",wiwin.dwiutami.hakim,wiwin.dwiutami.hakim
1568,22,129,active,Sleman West,"2025-05-10 10:33:13","2025-05-10 10:33:15",wiwin.dwiutami.hakim,wiwin.dwiutami.hakim
1569,22,130,active,Kediri Kabupaten West,"2025-05-10 10:33:13","2025-05-10 10:33:15",wiwin.dwiutami.hakim,wiwin.dwiutami.hakim
1570,22,131,active,Kediri Kabupaten East,"2025-05-10 10:33:13","2025-05-10 10:33:15",wiwin.dwiutami.hakim,wiwin.dwiutami.hakim
1571,22,132,active,Jombang,"2025-05-10 10:33:13","2025-05-10 10:33:15",wiwin.dwiutami.hakim,wiwin.dwiutami.hakim
1572,22,133,active,Ungaran West,"2025-05-10 10:33:13","2025-05-10 10:33:15",wiwin.dwiutami.hakim,wiwin.dwiutami.hakim
1573,22,134,active,Ungaran East,"2025-05-10 10:33:13","2025-05-10 10:33:15",wiwin.dwiutami.hakim,wiwin.dwiutami.hakim
1574,22,135,active,Salatiga West,"2025-05-10 10:33:13","2025-05-10 10:33:15",wiwin.dwiutami.hakim,wiwin.dwiutami.hakim
1575,22,136,active,Salatiga East,"2025-05-10 10:33:13","2025-05-10 10:33:15",wiwin.dwiutami.hakim,wiwin.dwiutami.hakim
1576,22,137,active,Magelang,"2025-05-10 10:33:13","2025-05-10 10:33:15",wiwin.dwiutami.hakim,wiwin.dwiutami.hakim
1577,22,138,active,Sukabumi North,"2025-05-10 10:33:13","2025-05-10 10:33:15",wiwin.dwiutami.hakim,wiwin.dwiutami.hakim
1578,22,139,active,Sukabumi West,"2025-05-10 10:33:13","2025-05-10 10:33:15",wiwin.dwiutami.hakim,wiwin.dwiutami.hakim
1579,22,140,active,Sukabumi Central,"2025-05-10 10:33:13","2025-05-10 10:33:15",wiwin.dwiutami.hakim,wiwin.dwiutami.hakim
1580,22,141,active,Garut Central,"2025-05-10 10:33:13","2025-05-10 10:33:15",wiwin.dwiutami.hakim,wiwin.dwiutami.hakim
1581,22,142,active,Kudus Central,"2025-05-10 10:33:13","2025-05-10 10:33:15",wiwin.dwiutami.hakim,wiwin.dwiutami.hakim
1582,22,143,active,Pangkal Pinang,"2025-05-10 10:33:13","2025-05-10 10:33:15",wiwin.dwiutami.hakim,wiwin.dwiutami.hakim
1583,22,144,active,Tanjung Pinang,"2025-05-10 10:33:13","2025-05-10 10:33:15",wiwin.dwiutami.hakim,wiwin.dwiutami.hakim
1584,22,145,active,Pematang Siantar,"2025-05-10 10:33:13","2025-05-10 10:33:15",wiwin.dwiutami.hakim,wiwin.dwiutami.hakim
1585,22,147,active,Sukoharjo South,"2025-05-10 10:33:13","2025-05-10 10:33:15",wiwin.dwiutami.hakim,wiwin.dwiutami.hakim
1586,22,148,active,Sragen South West,"2025-05-10 10:33:13","2025-05-10 10:33:15",wiwin.dwiutami.hakim,wiwin.dwiutami.hakim
1587,22,149,active,Magetan North,"2025-05-10 10:33:13","2025-05-10 10:33:15",wiwin.dwiutami.hakim,wiwin.dwiutami.hakim
1588,22,150,active,Madiun Kabupaten South,"2025-05-10 10:33:13","2025-05-10 10:33:15",wiwin.dwiutami.hakim,wiwin.dwiutami.hakim
1589,22,151,active,Malang Kabupaten North,"2025-05-10 10:33:13","2025-05-10 10:33:15",wiwin.dwiutami.hakim,wiwin.dwiutami.hakim
1590,22,152,active,Karanganyar North,"2025-05-10 10:33:13","2025-05-10 10:33:15",wiwin.dwiutami.hakim,wiwin.dwiutami.hakim
1591,22,153,active,Payakumbuh,"2025-05-10 10:33:13","2025-05-10 10:33:15",wiwin.dwiutami.hakim,wiwin.dwiutami.hakim
1592,22,154,active,Banda Aceh,"2025-05-10 10:33:13","2025-05-10 10:33:15",wiwin.dwiutami.hakim,wiwin.dwiutami.hakim
1593,22,155,active,Magetan South,"2025-05-10 10:33:13","2025-05-10 10:33:15",wiwin.dwiutami.hakim,wiwin.dwiutami.hakim
1594,22,156,active,Bukittinggi Kabupaten East,"2025-05-10 10:33:13","2025-05-10 10:33:15",wiwin.dwiutami.hakim,wiwin.dwiutami.hakim
1595,22,157,active,Gorontalo,"2025-05-10 10:33:14","2025-05-10 10:33:15",wiwin.dwiutami.hakim,wiwin.dwiutami.hakim
1596,22,158,active,Kendari,"2025-05-10 10:33:14","2025-05-10 10:33:15",wiwin.dwiutami.hakim,wiwin.dwiutami.hakim
1597,22,159,active,Purwokerto,"2025-05-10 10:33:14","2025-05-10 10:33:15",wiwin.dwiutami.hakim,wiwin.dwiutami.hakim
1598,22,160,active,Tasikmalaya,"2025-05-10 10:33:14","2025-05-10 10:33:15",wiwin.dwiutami.hakim,wiwin.dwiutami.hakim
1599,22,161,active,Cianjur,"2025-05-10 10:33:14","2025-05-10 10:33:15",wiwin.dwiutami.hakim,wiwin.dwiutami.hakim
1600,22,162,active,Lembang,"2025-05-10 10:33:14","2025-05-10 10:33:15",wiwin.dwiutami.hakim,wiwin.dwiutami.hakim
1601,22,163,active,Sragen South East,"2025-05-10 10:33:14","2025-05-10 10:33:15",wiwin.dwiutami.hakim,wiwin.dwiutami.hakim
1602,22,164,active,Cilacap,"2025-05-10 10:33:14","2025-05-10 10:33:15",wiwin.dwiutami.hakim,wiwin.dwiutami.hakim
1603,22,165,active,Banyumas East,"2025-05-10 10:33:14","2025-05-10 10:33:15",wiwin.dwiutami.hakim,wiwin.dwiutami.hakim
1604,22,166,active,Purbalingga West,"2025-05-10 10:33:14","2025-05-10 10:33:15",wiwin.dwiutami.hakim,wiwin.dwiutami.hakim
1605,22,167,active,Klaten North,"2025-05-10 10:33:14","2025-05-10 10:33:15",wiwin.dwiutami.hakim,wiwin.dwiutami.hakim
1606,22,168,active,Klaten East,"2025-05-10 10:33:14","2025-05-10 10:33:15",wiwin.dwiutami.hakim,wiwin.dwiutami.hakim
1607,22,169,active,Klaten South,"2025-05-10 10:33:14","2025-05-10 10:33:15",wiwin.dwiutami.hakim,wiwin.dwiutami.hakim
1608,22,170,active,Ngawi Central,"2025-05-10 10:33:14","2025-05-10 10:33:15",wiwin.dwiutami.hakim,wiwin.dwiutami.hakim
1609,22,171,active,Magetan Central,"2025-05-10 10:33:14","2025-05-10 10:33:15",wiwin.dwiutami.hakim,wiwin.dwiutami.hakim
1610,22,172,active,Madiun Kabupaten North,"2025-05-10 10:33:14","2025-05-10 10:33:15",wiwin.dwiutami.hakim,wiwin.dwiutami.hakim
1611,22,173,active,Madiun Kabupaten East,"2025-05-10 10:33:14","2025-05-10 10:33:15",wiwin.dwiutami.hakim,wiwin.dwiutami.hakim
1612,22,174,active,Indramayu,"2025-05-10 10:33:14","2025-05-10 10:33:15",wiwin.dwiutami.hakim,wiwin.dwiutami.hakim
1613,22,175,active,Subang Central,"2025-05-10 10:33:14","2025-05-10 10:33:15",wiwin.dwiutami.hakim,wiwin.dwiutami.hakim
1614,22,177,active,Magelang Kabupaten South East,"2025-05-10 10:33:14","2025-05-10 10:33:15",wiwin.dwiutami.hakim,wiwin.dwiutami.hakim
1615,22,178,active,Karanganyar South,"2025-05-10 10:33:14","2025-05-10 10:33:15",wiwin.dwiutami.hakim,wiwin.dwiutami.hakim
1616,22,180,active,Malang Kabupaten South,"2025-05-10 10:33:14","2025-05-10 10:33:15",wiwin.dwiutami.hakim,wiwin.dwiutami.hakim
1617,22,181,active,Bangkalan West,"2025-05-10 10:33:14","2025-05-10 10:33:15",wiwin.dwiutami.hakim,wiwin.dwiutami.hakim
1618,22,182,active,Demak Central,"2025-05-10 10:33:14","2025-05-10 10:33:15",wiwin.dwiutami.hakim,wiwin.dwiutami.hakim
1619,22,183,active,Demak Kabupaten South,"2025-05-10 10:33:14","2025-05-10 10:33:15",wiwin.dwiutami.hakim,wiwin.dwiutami.hakim
1620,22,184,active,Demak East,"2025-05-10 10:33:14","2025-05-10 10:33:15",wiwin.dwiutami.hakim,wiwin.dwiutami.hakim
1621,22,185,active,Kudus North,"2025-05-10 10:33:14","2025-05-10 10:33:15",wiwin.dwiutami.hakim,wiwin.dwiutami.hakim
1622,22,186,active,Kudus South,"2025-05-10 10:33:14","2025-05-10 10:33:15",wiwin.dwiutami.hakim,wiwin.dwiutami.hakim
1623,22,187,active,Jepara South,"2025-05-10 10:33:14","2025-05-10 10:33:15",wiwin.dwiutami.hakim,wiwin.dwiutami.hakim
1624,22,188,active,Boyolali South,"2025-05-10 10:33:14","2025-05-10 10:33:15",wiwin.dwiutami.hakim,wiwin.dwiutami.hakim
1625,22,189,active,Boyolali Kabupaten East,"2025-05-10 10:33:14","2025-05-10 10:33:15",wiwin.dwiutami.hakim,wiwin.dwiutami.hakim
1626,22,190,active,Majalengka,"2025-05-10 10:33:14","2025-05-10 10:33:15",wiwin.dwiutami.hakim,wiwin.dwiutami.hakim
1627,22,191,active,Surabaya East,"2025-05-10 10:33:14","2025-05-10 10:33:15",wiwin.dwiutami.hakim,wiwin.dwiutami.hakim
1628,22,192,active,Sidoarjo North,"2025-05-10 10:33:14","2025-05-10 10:33:15",wiwin.dwiutami.hakim,wiwin.dwiutami.hakim
1629,22,193,active,Magelang Kabupaten North,"2025-05-10 10:33:14","2025-05-10 10:33:15",wiwin.dwiutami.hakim,wiwin.dwiutami.hakim
1630,22,194,active,Kupang,"2025-05-10 10:33:14","2025-05-10 10:33:15",wiwin.dwiutami.hakim,wiwin.dwiutami.hakim
1631,22,195,active,Jayapura,"2025-05-10 10:33:14","2025-05-10 10:33:15",wiwin.dwiutami.hakim,wiwin.dwiutami.hakim
1632,22,196,active,Wonogiri,"2025-05-10 10:33:14","2025-05-10 10:33:15",wiwin.dwiutami.hakim,wiwin.dwiutami.hakim
1633,22,197,active,Banyuwangi Kabupaten North,"2025-05-10 10:33:14","2025-05-10 10:33:15",wiwin.dwiutami.hakim,wiwin.dwiutami.hakim
1634,22,198,active,Bojonegoro,"2025-05-10 10:33:14","2025-05-10 10:33:15",wiwin.dwiutami.hakim,wiwin.dwiutami.hakim
1635,22,199,active,Padang Pariaman Kabupaten South,"2025-05-10 10:33:14","2025-05-10 10:33:15",wiwin.dwiutami.hakim,wiwin.dwiutami.hakim
1636,22,200,active,Padang Pariaman,"2025-05-10 10:33:14","2025-05-10 10:33:15",wiwin.dwiutami.hakim,wiwin.dwiutami.hakim
1637,22,201,active,Purworejo,"2025-05-10 10:33:14","2025-05-10 10:33:15",wiwin.dwiutami.hakim,wiwin.dwiutami.hakim
1638,22,202,active,Demak Kabupaten South East,"2025-05-10 10:33:14","2025-05-10 10:33:15",wiwin.dwiutami.hakim,wiwin.dwiutami.hakim
1639,22,203,active,Demak Kabupaten West,"2025-05-10 10:33:14","2025-05-10 10:33:15",wiwin.dwiutami.hakim,wiwin.dwiutami.hakim
1640,22,204,active,Yogyakarta - Bantul South,"2025-05-10 10:33:14","2025-05-10 10:33:15",wiwin.dwiutami.hakim,wiwin.dwiutami.hakim
1641,22,205,active,Magelang Kabupaten West,"2025-05-10 10:33:14","2025-05-10 10:33:15",wiwin.dwiutami.hakim,wiwin.dwiutami.hakim
1642,22,206,active,Yogyakarta - Bantul West,"2025-05-10 10:33:14","2025-05-10 10:33:15",wiwin.dwiutami.hakim,wiwin.dwiutami.hakim
1643,22,207,active,Magelang Kabupaten South,"2025-05-10 10:33:14","2025-05-10 10:33:15",wiwin.dwiutami.hakim,wiwin.dwiutami.hakim
1644,22,208,active,Pekalongan Kabupaten South,"2025-05-10 10:33:14","2025-05-10 10:33:15",wiwin.dwiutami.hakim,wiwin.dwiutami.hakim
1645,22,209,active,Pamekasan South,"2025-05-10 10:33:14","2025-05-10 10:33:15",wiwin.dwiutami.hakim,wiwin.dwiutami.hakim
1646,22,210,active,Jepara,"2025-05-10 10:33:14","2025-05-10 10:33:15",wiwin.dwiutami.hakim,wiwin.dwiutami.hakim
1647,22,211,active,Bandar Lampung Kabupaten North,"2025-05-10 10:33:14","2025-05-10 10:33:15",wiwin.dwiutami.hakim,wiwin.dwiutami.hakim
1648,22,212,active,Maros,"2025-05-10 10:33:14","2025-05-10 10:33:15",wiwin.dwiutami.hakim,wiwin.dwiutami.hakim
1649,22,213,active,Pasuruan Kabupaten East,"2025-05-10 10:33:14","2025-05-10 10:33:15",wiwin.dwiutami.hakim,wiwin.dwiutami.hakim
1650,22,214,active,Buleleng Central,"2025-05-10 10:33:14","2025-05-10 10:33:15",wiwin.dwiutami.hakim,wiwin.dwiutami.hakim
1651,22,215,active,Sumedang,"2025-05-10 10:33:14","2025-05-10 10:33:15",wiwin.dwiutami.hakim,wiwin.dwiutami.hakim
1652,22,216,active,Palangkaraya,"2025-05-10 10:33:14","2025-05-10 10:33:15",wiwin.dwiutami.hakim,wiwin.dwiutami.hakim
1653,22,217,active,Ambon,"2025-05-10 10:33:14","2025-05-10 10:33:15",wiwin.dwiutami.hakim,wiwin.dwiutami.hakim
1654,22,218,active,Banyuwangi Kabupaten West,"2025-05-10 10:33:14","2025-05-10 10:33:15",wiwin.dwiutami.hakim,wiwin.dwiutami.hakim
1655,22,219,active,Subang Kabupaten West,"2025-05-10 10:33:14","2025-05-10 10:33:15",wiwin.dwiutami.hakim,wiwin.dwiutami.hakim
1656,22,220,active,Palopo,"2025-05-10 10:33:14","2025-05-10 10:33:15",wiwin.dwiutami.hakim,wiwin.dwiutami.hakim
1657,22,221,active,Probolinggo North East,"2025-05-10 10:33:14","2025-05-10 10:33:15",wiwin.dwiutami.hakim,wiwin.dwiutami.hakim
1658,22,223,active,Ambon East,"2025-05-10 10:33:14","2025-05-10 10:33:15",wiwin.dwiutami.hakim,wiwin.dwiutami.hakim
1659,22,224,active,Ambon North,"2025-05-10 10:33:14","2025-05-10 10:33:15",wiwin.dwiutami.hakim,wiwin.dwiutami.hakim
1660,22,225,active,Bangka Kabupaten South,"2025-05-10 10:33:14","2025-05-10 10:33:15",wiwin.dwiutami.hakim,wiwin.dwiutami.hakim
1661,22,226,active,Belitung,"2025-05-10 10:33:14","2025-05-10 10:33:15",wiwin.dwiutami.hakim,wiwin.dwiutami.hakim
1662,22,227,active,Tenggarong,"2025-05-10 10:33:14","2025-05-10 10:33:15",wiwin.dwiutami.hakim,wiwin.dwiutami.hakim
1663,22,228,active,Buleleng West,"2025-05-10 10:33:14","2025-05-10 10:33:15",wiwin.dwiutami.hakim,wiwin.dwiutami.hakim
1664,22,229,active,Bandar Lampung Kabupaten East,"2025-05-10 10:33:14","2025-05-10 10:33:15",wiwin.dwiutami.hakim,wiwin.dwiutami.hakim
1665,22,230,active,Bontang,"2025-05-10 10:33:14","2025-05-10 10:33:15",wiwin.dwiutami.hakim,wiwin.dwiutami.hakim
1666,22,231,active,Sorong,"2025-05-10 10:33:14","2025-05-10 10:33:15",wiwin.dwiutami.hakim,wiwin.dwiutami.hakim
1667,22,232,active,Ternate,"2025-05-10 10:33:14","2025-05-10 10:33:15",wiwin.dwiutami.hakim,wiwin.dwiutami.hakim
1668,22,233,active,Tomohon,"2025-05-10 10:33:14","2025-05-10 10:33:15",wiwin.dwiutami.hakim,wiwin.dwiutami.hakim
1669,22,234,active,Subang Kabupaten North,"2025-05-10 10:33:14","2025-05-10 10:33:15",wiwin.dwiutami.hakim,wiwin.dwiutami.hakim
1670,22,235,active,Indramayu Kabupaten,"2025-05-10 10:33:14","2025-05-10 10:33:15",wiwin.dwiutami.hakim,wiwin.dwiutami.hakim
1671,22,236,active,Rangkasbitung,"2025-05-10 10:33:14","2025-05-10 10:33:15",wiwin.dwiutami.hakim,wiwin.dwiutami.hakim
1672,22,237,active,Manado North East,"2025-05-10 10:33:14","2025-05-10 10:33:15",wiwin.dwiutami.hakim,wiwin.dwiutami.hakim
1673,22,238,active,Kulon Progo,"2025-05-10 10:33:14","2025-05-10 10:33:15",wiwin.dwiutami.hakim,wiwin.dwiutami.hakim
1674,22,239,active,Manado East,"2025-05-10 10:33:14","2025-05-10 10:33:15",wiwin.dwiutami.hakim,wiwin.dwiutami.hakim
1675,22,240,active,Pemalang,"2025-05-10 10:33:14","2025-05-10 10:33:15",wiwin.dwiutami.hakim,wiwin.dwiutami.hakim
1676,22,241,active,Jembrana,"2025-05-10 10:33:14","2025-05-10 10:33:15",wiwin.dwiutami.hakim,wiwin.dwiutami.hakim
1677,22,242,active,Bondowoso,"2025-05-10 10:33:14","2025-05-10 10:33:15",wiwin.dwiutami.hakim,wiwin.dwiutami.hakim
1678,22,243,active,West Lombok,"2025-05-10 10:33:14","2025-05-10 10:33:15",wiwin.dwiutami.hakim,wiwin.dwiutami.hakim
1679,22,244,active,Pandeglang,"2025-05-10 10:33:14","2025-05-10 10:33:15",wiwin.dwiutami.hakim,wiwin.dwiutami.hakim
1680,22,245,active,Kendal,"2025-05-10 10:33:14","2025-05-10 10:33:15",wiwin.dwiutami.hakim,wiwin.dwiutami.hakim
1681,22,246,active,Nganjuk,"2025-05-10 10:33:14","2025-05-10 10:33:15",wiwin.dwiutami.hakim,wiwin.dwiutami.hakim
1682,22,247,active,Rembang,"2025-05-10 10:33:14","2025-05-10 10:33:15",wiwin.dwiutami.hakim,wiwin.dwiutami.hakim
1683,22,248,active,Pati,"2025-05-10 10:33:14","2025-05-10 10:33:15",wiwin.dwiutami.hakim,wiwin.dwiutami.hakim
1684,22,249,active,Blora,"2025-05-10 10:33:14","2025-05-10 10:33:15",wiwin.dwiutami.hakim,wiwin.dwiutami.hakim
1685,22,250,active,Purwodadi,"2025-05-10 10:33:14","2025-05-10 10:33:15",wiwin.dwiutami.hakim,wiwin.dwiutami.hakim
1686,22,251,active,Bandung West,"2025-05-10 10:33:14","2025-05-10 10:33:15",wiwin.dwiutami.hakim,wiwin.dwiutami.hakim
1687,22,252,active,Pangkajene Kepulauan,"2025-05-10 10:33:14","2025-05-10 10:33:15",wiwin.dwiutami.hakim,wiwin.dwiutami.hakim
1688,22,253,active,Sidenreng Rappang,"2025-05-10 10:33:14","2025-05-10 10:33:15",wiwin.dwiutami.hakim,wiwin.dwiutami.hakim
1689,22,254,active,Tanjung Balai,"2025-05-10 10:33:14","2025-05-10 10:33:15",wiwin.dwiutami.hakim,wiwin.dwiutami.hakim
1690,22,255,active,Blitar,"2025-05-10 10:33:14","2025-05-10 10:33:15",wiwin.dwiutami.hakim,wiwin.dwiutami.hakim
1691,22,256,active,Tulungagung,"2025-05-10 10:33:14","2025-05-10 10:33:15",wiwin.dwiutami.hakim,wiwin.dwiutami.hakim
1692,22,257,active,Bengkulu,"2025-05-10 10:33:14","2025-05-10 10:33:15",wiwin.dwiutami.hakim,wiwin.dwiutami.hakim
1693,22,258,active,Mamuju,"2025-05-10 10:33:14","2025-05-10 10:33:15",wiwin.dwiutami.hakim,wiwin.dwiutami.hakim
1694,22,259,active,Watampone,"2025-05-10 10:33:14","2025-05-10 10:33:15",wiwin.dwiutami.hakim,wiwin.dwiutami.hakim
1695,22,260,active,Parepare,"2025-05-10 10:33:14","2025-05-10 10:33:15",wiwin.dwiutami.hakim,wiwin.dwiutami.hakim
1696,22,261,active,Batang,"2025-05-10 10:33:14","2025-05-10 10:33:15",wiwin.dwiutami.hakim,wiwin.dwiutami.hakim
1697,22,262,active,Blora Kabupaten South,"2025-05-10 10:33:14","2025-05-10 10:33:15",wiwin.dwiutami.hakim,wiwin.dwiutami.hakim
1698,22,263,active,Bojonegoro West,"2025-05-10 10:33:14","2025-05-10 10:33:15",wiwin.dwiutami.hakim,wiwin.dwiutami.hakim
1699,22,264,active,Grobogan Kabupaten East,"2025-05-10 10:33:14","2025-05-10 10:33:15",wiwin.dwiutami.hakim,wiwin.dwiutami.hakim
1700,22,265,active,Grobogan Kabupaten West,"2025-05-10 10:33:14","2025-05-10 10:33:15",wiwin.dwiutami.hakim,wiwin.dwiutami.hakim
1701,22,266,active,Jepara North,"2025-05-10 10:33:14","2025-05-10 10:33:15",wiwin.dwiutami.hakim,wiwin.dwiutami.hakim
1702,22,267,active,Kendal Kabupaten South,"2025-05-10 10:33:14","2025-05-10 10:33:15",wiwin.dwiutami.hakim,wiwin.dwiutami.hakim
1703,22,268,active,Labuhan,"2025-05-10 10:33:14","2025-05-10 10:33:15",wiwin.dwiutami.hakim,wiwin.dwiutami.hakim
1704,22,269,active,Pandeglang Kabupaten North East,"2025-05-10 10:33:14","2025-05-10 10:33:15",wiwin.dwiutami.hakim,wiwin.dwiutami.hakim
1705,22,270,active,Lamongan Kabupaten North,"2025-05-10 10:33:14","2025-05-10 10:33:15",wiwin.dwiutami.hakim,wiwin.dwiutami.hakim
1706,22,271,active,Lamongan Kabupaten West,"2025-05-10 10:33:14","2025-05-10 10:33:15",wiwin.dwiutami.hakim,wiwin.dwiutami.hakim
1707,22,272,active,Pati Kabupaten North,"2025-05-10 10:33:14","2025-05-10 10:33:15",wiwin.dwiutami.hakim,wiwin.dwiutami.hakim
1708,22,273,active,Pati Kabupaten South,"2025-05-10 10:33:14","2025-05-10 10:33:15",wiwin.dwiutami.hakim,wiwin.dwiutami.hakim
1709,22,274,active,Rembang Kabupaten East,"2025-05-10 10:33:14","2025-05-10 10:33:15",wiwin.dwiutami.hakim,wiwin.dwiutami.hakim
1710,22,275,active,Sampang,"2025-05-10 10:33:14","2025-05-10 10:33:15",wiwin.dwiutami.hakim,wiwin.dwiutami.hakim
1711,22,276,active,Sumenep,"2025-05-10 10:33:14","2025-05-10 10:33:15",wiwin.dwiutami.hakim,wiwin.dwiutami.hakim
1712,22,277,active,Tuban,"2025-05-10 10:33:14","2025-05-10 10:33:15",wiwin.dwiutami.hakim,wiwin.dwiutami.hakim
1713,22,278,active,Takalar,"2025-05-10 10:33:14","2025-05-10 10:33:15",wiwin.dwiutami.hakim,wiwin.dwiutami.hakim
1714,22,279,active,Jeneponto,"2025-05-10 10:33:14","2025-05-10 10:33:15",wiwin.dwiutami.hakim,wiwin.dwiutami.hakim
1715,22,280,active,Bantaeng,"2025-05-10 10:33:14","2025-05-10 10:33:15",wiwin.dwiutami.hakim,wiwin.dwiutami.hakim
1716,22,281,active,Bulukumba,"2025-05-10 10:33:14","2025-05-10 10:33:15",wiwin.dwiutami.hakim,wiwin.dwiutami.hakim
1717,22,282,active,Sinjai,"2025-05-10 10:33:14","2025-05-10 10:33:15",wiwin.dwiutami.hakim,wiwin.dwiutami.hakim
1718,22,283,active,Bone,"2025-05-10 10:33:14","2025-05-10 10:33:15",wiwin.dwiutami.hakim,wiwin.dwiutami.hakim
1719,22,284,active,Takalar Kabupaten West,"2025-05-10 10:33:14","2025-05-10 10:33:15",wiwin.dwiutami.hakim,wiwin.dwiutami.hakim
1720,22,285,active,Gowa Kabupaten West,"2025-05-10 10:33:14","2025-05-10 10:33:15",wiwin.dwiutami.hakim,wiwin.dwiutami.hakim
1721,22,286,active,Barru,"2025-05-10 10:33:14","2025-05-10 10:33:15",wiwin.dwiutami.hakim,wiwin.dwiutami.hakim
1722,22,287,active,Soppeng,"2025-05-10 10:33:14","2025-05-10 10:33:15",wiwin.dwiutami.hakim,wiwin.dwiutami.hakim
1723,22,288,active,Wajo,"2025-05-10 10:33:14","2025-05-10 10:33:15",wiwin.dwiutami.hakim,wiwin.dwiutami.hakim
1724,22,289,active,Pinrang,"2025-05-10 10:33:14","2025-05-10 10:33:15",wiwin.dwiutami.hakim,wiwin.dwiutami.hakim
1725,22,290,active,Enrekang,"2025-05-10 10:33:14","2025-05-10 10:33:15",wiwin.dwiutami.hakim,wiwin.dwiutami.hakim
1726,22,291,active,Polewali Mandar,"2025-05-10 10:33:14","2025-05-10 10:33:15",wiwin.dwiutami.hakim,wiwin.dwiutami.hakim
1727,22,292,active,Tana Toraja,"2025-05-10 10:33:14","2025-05-10 10:33:15",wiwin.dwiutami.hakim,wiwin.dwiutami.hakim
1728,22,293,active,North Luwu,"2025-05-10 10:33:14","2025-05-10 10:33:15",wiwin.dwiutami.hakim,wiwin.dwiutami.hakim
1729,22,294,active,East Luwu,"2025-05-10 10:33:14","2025-05-10 10:33:15",wiwin.dwiutami.hakim,wiwin.dwiutami.hakim
1730,22,295,active,Luwu,"2025-05-10 10:33:14","2025-05-10 10:33:15",wiwin.dwiutami.hakim,wiwin.dwiutami.hakim
1731,22,296,active,Muna,"2025-05-10 10:33:14","2025-05-10 10:33:15",wiwin.dwiutami.hakim,wiwin.dwiutami.hakim
1732,22,297,active,Baubau,"2025-05-10 10:33:14","2025-05-10 10:33:15",wiwin.dwiutami.hakim,wiwin.dwiutami.hakim
1733,22,298,active,North Mamuju,"2025-05-10 10:33:14","2025-05-10 10:33:15",wiwin.dwiutami.hakim,wiwin.dwiutami.hakim
1734,22,299,active,Konawe,"2025-05-10 10:33:14","2025-05-10 10:33:15",wiwin.dwiutami.hakim,wiwin.dwiutami.hakim
1735,22,300,active,Parigi Kabupaten South,"2025-05-10 10:33:14","2025-05-10 10:33:15",wiwin.dwiutami.hakim,wiwin.dwiutami.hakim
1736,22,301,active,Poso,"2025-05-10 10:33:14","2025-05-10 10:33:15",wiwin.dwiutami.hakim,wiwin.dwiutami.hakim
1737,22,302,active,Banggai,"2025-05-10 10:33:14","2025-05-10 10:33:15",wiwin.dwiutami.hakim,wiwin.dwiutami.hakim
1738,22,303,active,Maros Kabupaten North,"2025-05-10 10:33:14","2025-05-10 10:33:15",wiwin.dwiutami.hakim,wiwin.dwiutami.hakim
1739,22,304,active,Majene,"2025-05-10 10:33:14","2025-05-10 10:33:15",wiwin.dwiutami.hakim,wiwin.dwiutami.hakim
1740,22,305,active,North Toraja,"2025-05-10 10:33:14","2025-05-10 10:33:15",wiwin.dwiutami.hakim,wiwin.dwiutami.hakim
1741,22,306,active,Aceh Singkil,"2025-05-10 10:33:14","2025-05-10 10:33:15",wiwin.dwiutami.hakim,wiwin.dwiutami.hakim
1742,22,307,active,Aceh Tenggara,"2025-05-10 10:33:14","2025-05-10 10:33:15",wiwin.dwiutami.hakim,wiwin.dwiutami.hakim
1743,22,308,active,Asahan,"2025-05-10 10:33:14","2025-05-10 10:33:15",wiwin.dwiutami.hakim,wiwin.dwiutami.hakim
1744,22,309,active,Batu Bara,"2025-05-10 10:33:14","2025-05-10 10:33:15",wiwin.dwiutami.hakim,wiwin.dwiutami.hakim
1745,22,310,active,Central Tapanuli,"2025-05-10 10:33:14","2025-05-10 10:33:15",wiwin.dwiutami.hakim,wiwin.dwiutami.hakim
1746,22,311,active,Dairi,"2025-05-10 10:33:14","2025-05-10 10:33:15",wiwin.dwiutami.hakim,wiwin.dwiutami.hakim
1747,22,312,active,Gunungsitoli,"2025-05-10 10:33:14","2025-05-10 10:33:15",wiwin.dwiutami.hakim,wiwin.dwiutami.hakim
1748,22,313,active,Karo,"2025-05-10 10:33:14","2025-05-10 10:33:15",wiwin.dwiutami.hakim,wiwin.dwiutami.hakim
1749,22,314,active,Labuhan Batu,"2025-05-10 10:33:14","2025-05-10 10:33:15",wiwin.dwiutami.hakim,wiwin.dwiutami.hakim
1750,22,315,active,Langkat,"2025-05-10 10:33:14","2025-05-10 10:33:15",wiwin.dwiutami.hakim,wiwin.dwiutami.hakim
1751,22,316,active,Mandailing Natal,"2025-05-10 10:33:14","2025-05-10 10:33:15",wiwin.dwiutami.hakim,wiwin.dwiutami.hakim
1752,22,317,active,Nias,"2025-05-10 10:33:14","2025-05-10 10:33:15",wiwin.dwiutami.hakim,wiwin.dwiutami.hakim
1753,22,318,active,North Labuhan Batu,"2025-05-10 10:33:14","2025-05-10 10:33:15",wiwin.dwiutami.hakim,wiwin.dwiutami.hakim
1754,22,319,active,North Padang Lawas,"2025-05-10 10:33:14","2025-05-10 10:33:15",wiwin.dwiutami.hakim,wiwin.dwiutami.hakim
1755,22,320,active,North Tapanuli,"2025-05-10 10:33:14","2025-05-10 10:33:15",wiwin.dwiutami.hakim,wiwin.dwiutami.hakim
1756,22,321,active,Padang Lawas,"2025-05-10 10:33:14","2025-05-10 10:33:15",wiwin.dwiutami.hakim,wiwin.dwiutami.hakim
1757,22,322,active,Padang Sidempuan,"2025-05-10 10:33:14","2025-05-10 10:33:15",wiwin.dwiutami.hakim,wiwin.dwiutami.hakim
1758,22,323,active,Samosir,"2025-05-10 10:33:14","2025-05-10 10:33:15",wiwin.dwiutami.hakim,wiwin.dwiutami.hakim
1759,22,324,active,Serdang Bedagai,"2025-05-10 10:33:14","2025-05-10 10:33:15",wiwin.dwiutami.hakim,wiwin.dwiutami.hakim
1760,22,325,active,Sibolga,"2025-05-10 10:33:14","2025-05-10 10:33:15",wiwin.dwiutami.hakim,wiwin.dwiutami.hakim
1761,22,326,active,South Labuhan Batu,"2025-05-10 10:33:14","2025-05-10 10:33:15",wiwin.dwiutami.hakim,wiwin.dwiutami.hakim
1762,22,327,active,Tebing Tinggi,"2025-05-10 10:33:14","2025-05-10 10:33:15",wiwin.dwiutami.hakim,wiwin.dwiutami.hakim
1763,22,328,active,Toba Samosir,"2025-05-10 10:33:14","2025-05-10 10:33:15",wiwin.dwiutami.hakim,wiwin.dwiutami.hakim
1764,22,329,active,Simalungun,"2025-05-10 10:33:14","2025-05-10 10:33:15",wiwin.dwiutami.hakim,wiwin.dwiutami.hakim
1765,22,330,active,Simalungun Kabupaten South,"2025-05-10 10:33:14","2025-05-10 10:33:15",wiwin.dwiutami.hakim,wiwin.dwiutami.hakim
1766,22,331,active,Boengkoelan,"2025-05-10 10:33:14","2025-05-10 10:33:15",wiwin.dwiutami.hakim,wiwin.dwiutami.hakim
1767,22,332,active,Jembrana West,"2025-05-10 10:33:14","2025-05-10 10:33:15",wiwin.dwiutami.hakim,wiwin.dwiutami.hakim
1768,22,333,active,Kebumen,"2025-05-10 10:33:14","2025-05-10 10:33:15",wiwin.dwiutami.hakim,wiwin.dwiutami.hakim
1769,22,334,active,Klungkung,"2025-05-10 10:33:14","2025-05-10 10:33:15",wiwin.dwiutami.hakim,wiwin.dwiutami.hakim
1770,22,335,active,Merauke,"2025-05-10 10:33:14","2025-05-10 10:33:15",wiwin.dwiutami.hakim,wiwin.dwiutami.hakim
1771,22,336,active,Singaparna,"2025-05-10 10:33:14","2025-05-10 10:33:15",wiwin.dwiutami.hakim,wiwin.dwiutami.hakim
1772,22,337,active,Trenggalek,"2025-05-10 10:33:14","2025-05-10 10:33:15",wiwin.dwiutami.hakim,wiwin.dwiutami.hakim
1773,22,338,active,Tulungagung South,"2025-05-10 10:33:14","2025-05-10 10:33:15",wiwin.dwiutami.hakim,wiwin.dwiutami.hakim
1774,22,339,active,Banjarnegara,"2025-05-10 10:33:14","2025-05-10 10:33:15",wiwin.dwiutami.hakim,wiwin.dwiutami.hakim
1775,22,340,active,Blitar Kabupaten East,"2025-05-10 10:33:14","2025-05-10 10:33:15",wiwin.dwiutami.hakim,wiwin.dwiutami.hakim
1776,22,341,active,Blora Kabupaten West,"2025-05-10 10:33:14","2025-05-10 10:33:15",wiwin.dwiutami.hakim,wiwin.dwiutami.hakim
1777,22,343,active,Cilacap Kabupaten East,"2025-05-10 10:33:14","2025-05-10 10:33:15",wiwin.dwiutami.hakim,wiwin.dwiutami.hakim
1778,22,344,active,Cilacap Kabupaten North,"2025-05-10 10:33:14","2025-05-10 10:33:15",wiwin.dwiutami.hakim,wiwin.dwiutami.hakim
1779,22,345,active,Brebes Kabupaten South,"2025-05-10 10:33:14","2025-05-10 10:33:15",wiwin.dwiutami.hakim,wiwin.dwiutami.hakim
1780,22,348,active,Gunung Kidul,"2025-05-10 10:33:14","2025-05-10 10:33:15",wiwin.dwiutami.hakim,wiwin.dwiutami.hakim
1781,22,349,active,Cilacap Kabupaten West,"2025-05-10 10:33:14","2025-05-10 10:33:15",wiwin.dwiutami.hakim,wiwin.dwiutami.hakim
1782,22,350,active,Lumajang,"2025-05-10 10:33:14","2025-05-10 10:33:15",wiwin.dwiutami.hakim,wiwin.dwiutami.hakim
1783,22,351,active,Pacitan,"2025-05-10 10:33:14","2025-05-10 10:33:15",wiwin.dwiutami.hakim,wiwin.dwiutami.hakim
1784,22,352,active,Pamekasan Kabupaten North,"2025-05-10 10:33:14","2025-05-10 10:33:15",wiwin.dwiutami.hakim,wiwin.dwiutami.hakim
1785,22,353,active,Purwodadi North,"2025-05-10 10:33:14","2025-05-10 10:33:15",wiwin.dwiutami.hakim,wiwin.dwiutami.hakim
1786,22,354,active,Purworejo North,"2025-05-10 10:33:14","2025-05-10 10:33:15",wiwin.dwiutami.hakim,wiwin.dwiutami.hakim
1787,22,355,active,Situbondo,"2025-05-10 10:33:14","2025-05-10 10:33:15",wiwin.dwiutami.hakim,wiwin.dwiutami.hakim
1788,22,356,active,Sumenep Kabupaten South,"2025-05-10 10:33:14","2025-05-10 10:33:15",wiwin.dwiutami.hakim,wiwin.dwiutami.hakim
1789,22,357,active,Tegal Kabupaten South,"2025-05-10 10:33:14","2025-05-10 10:33:15",wiwin.dwiutami.hakim,wiwin.dwiutami.hakim
1790,22,358,active,Temanggung,"2025-05-10 10:33:14","2025-05-10 10:33:15",wiwin.dwiutami.hakim,wiwin.dwiutami.hakim
1791,22,359,active,Wonosobo,"2025-05-10 10:33:14","2025-05-10 10:33:15",wiwin.dwiutami.hakim,wiwin.dwiutami.hakim
1792,22,360,active,Central Lombok Regency,"2025-05-10 10:33:14","2025-05-10 10:33:15",wiwin.dwiutami.hakim,wiwin.dwiutami.hakim
1793,22,362,active,Pati Kabupaten West,"2025-05-10 10:33:14","2025-05-10 10:33:15",wiwin.dwiutami.hakim,wiwin.dwiutami.hakim
1794,22,363,active,Pemalang Kabupaten South,"2025-05-10 10:33:14","2025-05-10 10:33:15",wiwin.dwiutami.hakim,wiwin.dwiutami.hakim
1795,22,364,active,Banjar,"2025-05-10 10:33:14","2025-05-10 10:33:15",wiwin.dwiutami.hakim,wiwin.dwiutami.hakim
1796,22,365,active,Ciamis,"2025-05-10 10:33:14","2025-05-10 10:33:15",wiwin.dwiutami.hakim,wiwin.dwiutami.hakim
1797,22,366,active,Cikuray,"2025-05-10 10:33:14","2025-05-10 10:33:15",wiwin.dwiutami.hakim,wiwin.dwiutami.hakim
1798,22,367,active,Garut Kabupaten,"2025-05-10 10:33:14","2025-05-10 10:33:15",wiwin.dwiutami.hakim,wiwin.dwiutami.hakim
1799,22,368,active,Garut Kabupaten South,"2025-05-10 10:33:14","2025-05-10 10:33:15",wiwin.dwiutami.hakim,wiwin.dwiutami.hakim
1800,22,369,active,Lembang North,"2025-05-10 10:33:14","2025-05-10 10:33:15",wiwin.dwiutami.hakim,wiwin.dwiutami.hakim
1801,22,370,active,Majalengka North,"2025-05-10 10:33:14","2025-05-10 10:33:15",wiwin.dwiutami.hakim,wiwin.dwiutami.hakim
1802,22,371,active,Pangandaran,"2025-05-10 10:33:14","2025-05-10 10:33:15",wiwin.dwiutami.hakim,wiwin.dwiutami.hakim
1803,22,372,active,Bandung Kabupaten West,"2025-05-10 10:33:14","2025-05-10 10:33:15",wiwin.dwiutami.hakim,wiwin.dwiutami.hakim
1804,22,373,active,Sukabumi South,"2025-05-10 10:33:14","2025-05-10 10:33:15",wiwin.dwiutami.hakim,wiwin.dwiutami.hakim
1805,22,374,active,Sumedang East,"2025-05-10 10:33:14","2025-05-10 10:33:15",wiwin.dwiutami.hakim,wiwin.dwiutami.hakim
1806,22,375,active,Sumedang West,"2025-05-10 10:33:14","2025-05-10 10:33:15",wiwin.dwiutami.hakim,wiwin.dwiutami.hakim
1807,22,376,active,Pringsewu,"2025-05-10 10:33:14","2025-05-10 10:33:15",wiwin.dwiutami.hakim,wiwin.dwiutami.hakim
1808,22,377,active,Tarakan,"2025-05-10 10:33:14","2025-05-10 10:33:15",wiwin.dwiutami.hakim,wiwin.dwiutami.hakim
1809,22,378,active,Hulu Sungai North,"2025-05-10 10:33:14","2025-05-10 10:33:15",wiwin.dwiutami.hakim,wiwin.dwiutami.hakim
1810,22,379,active,Balikpapan East,"2025-05-10 10:33:14","2025-05-10 10:33:15",wiwin.dwiutami.hakim,wiwin.dwiutami.hakim
1811,22,380,active,Bangka Kabupaten Southwest,"2025-05-10 10:33:14","2025-05-10 10:33:15",wiwin.dwiutami.hakim,wiwin.dwiutami.hakim
1812,22,11,active,Bekasi,"2025-05-10 10:33:14","2025-05-10 10:33:15",wiwin.dwiutami.hakim,wiwin.dwiutami.hakim
1813,22,382,active,Banjarsari,"2025-05-10 10:33:14","2025-05-10 10:33:15",wiwin.dwiutami.hakim,wiwin.dwiutami.hakim
1814,22,18,active,Bandung North,"2025-05-10 10:33:14","2025-05-10 10:33:15",wiwin.dwiutami.hakim,wiwin.dwiutami.hakim
1815,22,383,active,Belinyu,"2025-05-10 10:33:14","2025-05-10 10:33:15",wiwin.dwiutami.hakim,wiwin.dwiutami.hakim
1816,22,19,active,Bandung South,"2025-05-10 10:33:14","2025-05-10 10:33:15",wiwin.dwiutami.hakim,wiwin.dwiutami.hakim
1817,22,20,active,Bandung - Cimahi,"2025-05-10 10:33:14","2025-05-10 10:33:15",wiwin.dwiutami.hakim,wiwin.dwiutami.hakim
1818,22,384,active,Belitung Kabupaten East,"2025-05-10 10:33:14","2025-05-10 10:33:15",wiwin.dwiutami.hakim,wiwin.dwiutami.hakim
1819,22,21,active,Sidoarjo,"2025-05-10 10:33:14","2025-05-10 10:33:15",wiwin.dwiutami.hakim,wiwin.dwiutami.hakim
1820,22,22,active,Surabaya West,"2025-05-10 10:33:14","2025-05-10 10:33:15",wiwin.dwiutami.hakim,wiwin.dwiutami.hakim
1821,22,385,active,Bintan Kabupaten West,"2025-05-10 10:33:14","2025-05-10 10:33:15",wiwin.dwiutami.hakim,wiwin.dwiutami.hakim
1822,22,23,active,Surabaya North,"2025-05-10 10:33:14","2025-05-10 10:33:15",wiwin.dwiutami.hakim,wiwin.dwiutami.hakim
1823,22,24,active,Surabaya South,"2025-05-10 10:33:14","2025-05-10 10:33:15",wiwin.dwiutami.hakim,wiwin.dwiutami.hakim
1824,22,386,active,Bitung,"2025-05-10 10:33:14","2025-05-10 10:33:15",wiwin.dwiutami.hakim,wiwin.dwiutami.hakim
1825,22,27,active,Bandung - Padalarang,"2025-05-10 10:33:14","2025-05-10 10:33:15",wiwin.dwiutami.hakim,wiwin.dwiutami.hakim
1826,22,387,active,Buol,"2025-05-10 10:33:14","2025-05-10 10:33:15",wiwin.dwiutami.hakim,wiwin.dwiutami.hakim
1827,22,388,active,Humbang Hasundutan,"2025-05-10 10:33:14","2025-05-10 10:33:15",wiwin.dwiutami.hakim,wiwin.dwiutami.hakim
1828,22,389,active,Bengkalis,"2025-05-10 10:33:14","2025-05-10 10:33:15",wiwin.dwiutami.hakim,wiwin.dwiutami.hakim
1829,22,391,active,Gorontalo Kabupaten North,"2025-05-10 10:33:14","2025-05-10 10:33:15",wiwin.dwiutami.hakim,wiwin.dwiutami.hakim
1830,22,392,active,Gorontalo Kabupaten West,"2025-05-10 10:33:14","2025-05-10 10:33:15",wiwin.dwiutami.hakim,wiwin.dwiutami.hakim
1831,22,393,active,Jembrana East,"2025-05-10 10:33:14","2025-05-10 10:33:15",wiwin.dwiutami.hakim,wiwin.dwiutami.hakim
1832,22,394,active,Bandar Lampung South,"2025-05-10 10:33:14","2025-05-10 10:33:15",wiwin.dwiutami.hakim,wiwin.dwiutami.hakim
1833,22,395,active,Hulu Sungai Central,"2025-05-10 10:33:14","2025-05-10 10:33:15",wiwin.dwiutami.hakim,wiwin.dwiutami.hakim
1834,22,396,active,Karangasem East,"2025-05-10 10:33:14","2025-05-10 10:33:15",wiwin.dwiutami.hakim,wiwin.dwiutami.hakim
1835,22,397,active,Karimun,"2025-05-10 10:33:14","2025-05-10 10:33:15",wiwin.dwiutami.hakim,wiwin.dwiutami.hakim
1836,22,398,active,Bintan Kabupaten South,"2025-05-10 10:33:14","2025-05-10 10:33:15",wiwin.dwiutami.hakim,wiwin.dwiutami.hakim
1837,22,399,active,Bangka Central,"2025-05-10 10:33:14","2025-05-10 10:33:15",wiwin.dwiutami.hakim,wiwin.dwiutami.hakim
1838,22,400,active,Bangli,"2025-05-10 10:33:14","2025-05-10 10:33:15",wiwin.dwiutami.hakim,wiwin.dwiutami.hakim
1839,22,401,active,Kolaka,"2025-05-10 10:33:14","2025-05-10 10:33:15",wiwin.dwiutami.hakim,wiwin.dwiutami.hakim
1840,22,402,active,Tenggamus,"2025-05-10 10:33:14","2025-05-10 10:33:15",wiwin.dwiutami.hakim,wiwin.dwiutami.hakim
1841,22,403,active,Kotawaringin,"2025-05-10 10:33:14","2025-05-10 10:33:15",wiwin.dwiutami.hakim,wiwin.dwiutami.hakim
1842,22,404,active,Kapuas,"2025-05-10 10:33:14","2025-05-10 10:33:15",wiwin.dwiutami.hakim,wiwin.dwiutami.hakim
1843,22,405,active,Kutai Kartanegara,"2025-05-10 10:33:14","2025-05-10 10:33:15",wiwin.dwiutami.hakim,wiwin.dwiutami.hakim
1844,22,406,active,Lahat,"2025-05-10 10:33:14","2025-05-10 10:33:15",wiwin.dwiutami.hakim,wiwin.dwiutami.hakim
1845,22,407,active,Muara Enim,"2025-05-10 10:33:14","2025-05-10 10:33:15",wiwin.dwiutami.hakim,wiwin.dwiutami.hakim
1846,22,408,active,Empat Lawang,"2025-05-10 10:33:14","2025-05-10 10:33:15",wiwin.dwiutami.hakim,wiwin.dwiutami.hakim
1847,22,409,active,Langsa,"2025-05-10 10:33:14","2025-05-10 10:33:15",wiwin.dwiutami.hakim,wiwin.dwiutami.hakim
1848,22,410,active,Tamiang,"2025-05-10 10:33:14","2025-05-10 10:33:15",wiwin.dwiutami.hakim,wiwin.dwiutami.hakim
1849,22,411,active,Lhokseumawe,"2025-05-10 10:33:14","2025-05-10 10:33:15",wiwin.dwiutami.hakim,wiwin.dwiutami.hakim
1850,22,412,active,Lombok Kabupaten East,"2025-05-10 10:33:14","2025-05-10 10:33:15",wiwin.dwiutami.hakim,wiwin.dwiutami.hakim
1851,22,413,active,Lubuklinggau,"2025-05-10 10:33:14","2025-05-10 10:33:15",wiwin.dwiutami.hakim,wiwin.dwiutami.hakim
1852,22,414,active,Karangasem Kabupaten West,"2025-05-10 10:33:14","2025-05-10 10:33:15",wiwin.dwiutami.hakim,wiwin.dwiutami.hakim
1853,22,415,active,Tapin,"2025-05-10 10:33:14","2025-05-10 10:33:15",wiwin.dwiutami.hakim,wiwin.dwiutami.hakim
1854,22,416,active,Hulu Sungai South,"2025-05-10 10:33:14","2025-05-10 10:33:15",wiwin.dwiutami.hakim,wiwin.dwiutami.hakim
1855,22,417,active,Minahasa Kabupaten South,"2025-05-10 10:33:14","2025-05-10 10:33:15",wiwin.dwiutami.hakim,wiwin.dwiutami.hakim
1856,22,418,active,Pahuwato,"2025-05-10 10:33:14","2025-05-10 10:33:15",wiwin.dwiutami.hakim,wiwin.dwiutami.hakim
1857,22,419,active,Musirawas,"2025-05-10 10:33:14","2025-05-10 10:33:15",wiwin.dwiutami.hakim,wiwin.dwiutami.hakim
1858,22,420,active,Padang Panjang,"2025-05-10 10:33:14","2025-05-10 10:33:15",wiwin.dwiutami.hakim,wiwin.dwiutami.hakim
1859,22,421,active,Pagar Alam,"2025-05-10 10:33:14","2025-05-10 10:33:15",wiwin.dwiutami.hakim,wiwin.dwiutami.hakim
1860,22,422,active,Penajam,"2025-05-10 10:33:14","2025-05-10 10:33:15",wiwin.dwiutami.hakim,wiwin.dwiutami.hakim
1861,22,423,active,Paser,"2025-05-10 10:33:14","2025-05-10 10:33:15",wiwin.dwiutami.hakim,wiwin.dwiutami.hakim
1862,22,424,active,Bangka Tengah,"2025-05-10 10:33:14","2025-05-10 10:33:15",wiwin.dwiutami.hakim,wiwin.dwiutami.hakim
1863,22,425,active,Pelalawan,"2025-05-10 10:33:14","2025-05-10 10:33:15",wiwin.dwiutami.hakim,wiwin.dwiutami.hakim
1864,22,426,active,Tabalong,"2025-05-10 10:33:14","2025-05-10 10:33:15",wiwin.dwiutami.hakim,wiwin.dwiutami.hakim
1865,22,427,active,Kepulauan Selayar,"2025-05-10 10:33:14","2025-05-10 10:33:15",wiwin.dwiutami.hakim,wiwin.dwiutami.hakim
1866,22,428,active,Rokan Hilir,"2025-05-10 10:33:14","2025-05-10 10:33:15",wiwin.dwiutami.hakim,wiwin.dwiutami.hakim
1867,22,429,active,Rokan Hulu,"2025-05-10 10:33:14","2025-05-10 10:33:15",wiwin.dwiutami.hakim,wiwin.dwiutami.hakim
1868,22,28,active,Semarang South East,"2025-05-10 10:33:14","2025-05-10 10:33:15",wiwin.dwiutami.hakim,wiwin.dwiutami.hakim
1869,22,29,active,Semarang South West,"2025-05-10 10:33:14","2025-05-10 10:33:15",wiwin.dwiutami.hakim,wiwin.dwiutami.hakim
1870,22,430,active,Kotawaringin Kabupaten East,"2025-05-10 10:33:14","2025-05-10 10:33:15",wiwin.dwiutami.hakim,wiwin.dwiutami.hakim
1871,22,30,active,Semarang Central,"2025-05-10 10:33:14","2025-05-10 10:33:15",wiwin.dwiutami.hakim,wiwin.dwiutami.hakim
1872,22,431,active,Katingan,"2025-05-10 10:33:14","2025-05-10 10:33:15",wiwin.dwiutami.hakim,wiwin.dwiutami.hakim
1873,22,31,active,Semarang East,"2025-05-10 10:33:14","2025-05-10 10:33:15",wiwin.dwiutami.hakim,wiwin.dwiutami.hakim
1874,22,32,active,Semarang North,"2025-05-10 10:33:14","2025-05-10 10:33:15",wiwin.dwiutami.hakim,wiwin.dwiutami.hakim
1875,22,433,active,Pidie,"2025-05-10 10:33:14","2025-05-10 10:33:15",wiwin.dwiutami.hakim,wiwin.dwiutami.hakim
1876,22,33,active,Bali Kuta South,"2025-05-10 10:33:14","2025-05-10 10:33:15",wiwin.dwiutami.hakim,wiwin.dwiutami.hakim
1877,22,34,active,Bali Kuta North,"2025-05-10 10:33:14","2025-05-10 10:33:15",wiwin.dwiutami.hakim,wiwin.dwiutami.hakim
1878,22,434,active,Sukamara,"2025-05-10 10:33:14","2025-05-10 10:33:15",wiwin.dwiutami.hakim,wiwin.dwiutami.hakim
1879,22,35,active,Bali Denpasar,"2025-05-10 10:33:14","2025-05-10 10:33:15",wiwin.dwiutami.hakim,wiwin.dwiutami.hakim
1880,22,36,active,Malang South,"2025-05-10 10:33:14","2025-05-10 10:33:15",wiwin.dwiutami.hakim,wiwin.dwiutami.hakim
1881,22,435,active,Sungai Liat,"2025-05-10 10:33:14","2025-05-10 10:33:15",wiwin.dwiutami.hakim,wiwin.dwiutami.hakim
1882,22,37,active,Malang North,"2025-05-10 10:33:14","2025-05-10 10:33:15",wiwin.dwiutami.hakim,wiwin.dwiutami.hakim
1883,22,38,active,Malang - Batu,"2025-05-10 10:33:14","2025-05-10 10:33:15",wiwin.dwiutami.hakim,wiwin.dwiutami.hakim
1884,22,436,active,Tabanan North,"2025-05-10 10:33:14","2025-05-10 10:33:15",wiwin.dwiutami.hakim,wiwin.dwiutami.hakim
1885,22,39,active,Yogyakarta South,"2025-05-10 10:33:14","2025-05-10 10:33:15",wiwin.dwiutami.hakim,wiwin.dwiutami.hakim
1886,22,40,active,Yogyakarta North,"2025-05-10 10:33:14","2025-05-10 10:33:15",wiwin.dwiutami.hakim,wiwin.dwiutami.hakim
1887,22,437,active,Tabanan West,"2025-05-10 10:33:14","2025-05-10 10:33:15",wiwin.dwiutami.hakim,wiwin.dwiutami.hakim
1888,22,41,active,Solo West,"2025-05-10 10:33:14","2025-05-10 10:33:15",wiwin.dwiutami.hakim,wiwin.dwiutami.hakim
1889,22,42,active,Solo Central,"2025-05-10 10:33:14","2025-05-10 10:33:15",wiwin.dwiutami.hakim,wiwin.dwiutami.hakim
1890,22,438,active,Berau,"2025-05-10 10:33:14","2025-05-10 10:33:15",wiwin.dwiutami.hakim,wiwin.dwiutami.hakim
1891,22,43,active,Yogyakarta - Bantul,"2025-05-10 10:33:14","2025-05-10 10:33:15",wiwin.dwiutami.hakim,wiwin.dwiutami.hakim
1892,22,44,active,Palembang North,"2025-05-10 10:33:14","2025-05-10 10:33:15",wiwin.dwiutami.hakim,wiwin.dwiutami.hakim
1893,22,439,active,Indragiri Hilir,"2025-05-10 10:33:14","2025-05-10 10:33:15",wiwin.dwiutami.hakim,wiwin.dwiutami.hakim
1894,22,45,active,Palembang West,"2025-05-10 10:33:14","2025-05-10 10:33:15",wiwin.dwiutami.hakim,wiwin.dwiutami.hakim
1895,22,46,active,Palembang South,"2025-05-10 10:33:14","2025-05-10 10:33:15",wiwin.dwiutami.hakim,wiwin.dwiutami.hakim
1896,22,440,active,Toli-Toli,"2025-05-10 10:33:14","2025-05-10 10:33:15",wiwin.dwiutami.hakim,wiwin.dwiutami.hakim
1897,22,47,active,Medan South,"2025-05-10 10:33:14","2025-05-10 10:33:15",wiwin.dwiutami.hakim,wiwin.dwiutami.hakim
1898,22,48,active,Medan Central,"2025-05-10 10:33:14","2025-05-10 10:33:15",wiwin.dwiutami.hakim,wiwin.dwiutami.hakim
1899,22,441,active,Agam,"2025-05-10 10:33:14","2025-05-10 10:33:15",wiwin.dwiutami.hakim,wiwin.dwiutami.hakim
1900,22,49,active,Medan North,"2025-05-10 10:33:14","2025-05-10 10:33:15",wiwin.dwiutami.hakim,wiwin.dwiutami.hakim
1901,22,50,active,Manado North,"2025-05-10 10:33:14","2025-05-10 10:33:15",wiwin.dwiutami.hakim,wiwin.dwiutami.hakim
1902,22,442,active,Dharmasraya,"2025-05-10 10:33:14","2025-05-10 10:33:15",wiwin.dwiutami.hakim,wiwin.dwiutami.hakim
1903,22,51,active,Manado South,"2025-05-10 10:33:14","2025-05-10 10:33:15",wiwin.dwiutami.hakim,wiwin.dwiutami.hakim
1904,22,52,active,Balikpapan North,"2025-05-10 10:33:14","2025-05-10 10:33:15",wiwin.dwiutami.hakim,wiwin.dwiutami.hakim
1905,22,443,active,Kota Lima Puluh,"2025-05-10 10:33:14","2025-05-10 10:33:15",wiwin.dwiutami.hakim,wiwin.dwiutami.hakim
1906,22,53,active,Balikpapan South,"2025-05-10 10:33:14","2025-05-10 10:33:15",wiwin.dwiutami.hakim,wiwin.dwiutami.hakim
1907,22,54,active,Makassar South,"2025-05-10 10:33:14","2025-05-10 10:33:15",wiwin.dwiutami.hakim,wiwin.dwiutami.hakim
1908,22,444,active,Pasaman West,"2025-05-10 10:33:14","2025-05-10 10:33:15",wiwin.dwiutami.hakim,wiwin.dwiutami.hakim
1909,22,445,active,Pasaman,"2025-05-10 10:33:14","2025-05-10 10:33:15",wiwin.dwiutami.hakim,wiwin.dwiutami.hakim
1910,22,446,active,Pesisir Selatan,"2025-05-10 10:33:14","2025-05-10 10:33:15",wiwin.dwiutami.hakim,wiwin.dwiutami.hakim
1911,22,447,active,SawahLunto,"2025-05-10 10:33:14","2025-05-10 10:33:15",wiwin.dwiutami.hakim,wiwin.dwiutami.hakim
1912,22,448,active,Sijunjung,"2025-05-10 10:33:14","2025-05-10 10:33:15",wiwin.dwiutami.hakim,wiwin.dwiutami.hakim
1913,22,449,active,Solok Regency,"2025-05-10 10:33:14","2025-05-10 10:33:15",wiwin.dwiutami.hakim,wiwin.dwiutami.hakim
1914,22,450,active,Solok South,"2025-05-10 10:33:14","2025-05-10 10:33:15",wiwin.dwiutami.hakim,wiwin.dwiutami.hakim
1915,22,451,active,Tanah Datar,"2025-05-10 10:33:14","2025-05-10 10:33:15",wiwin.dwiutami.hakim,wiwin.dwiutami.hakim
1916,22,452,active,Batang Hari,"2025-05-10 10:33:14","2025-05-10 10:33:15",wiwin.dwiutami.hakim,wiwin.dwiutami.hakim
1917,22,453,active,Bungo,"2025-05-10 10:33:14","2025-05-10 10:33:15",wiwin.dwiutami.hakim,wiwin.dwiutami.hakim
1918,22,455,active,Merangin,"2025-05-10 10:33:14","2025-05-10 10:33:15",wiwin.dwiutami.hakim,wiwin.dwiutami.hakim
1919,22,456,active,Muaro Jambi,"2025-05-10 10:33:14","2025-05-10 10:33:15",wiwin.dwiutami.hakim,wiwin.dwiutami.hakim
1920,22,457,active,Sarolangun,"2025-05-10 10:33:14","2025-05-10 10:33:15",wiwin.dwiutami.hakim,wiwin.dwiutami.hakim
1921,22,458,active,Sungai Penuh,"2025-05-10 10:33:14","2025-05-10 10:33:15",wiwin.dwiutami.hakim,wiwin.dwiutami.hakim
1922,22,459,active,Tanjung Jabung East,"2025-05-10 10:33:14","2025-05-10 10:33:15",wiwin.dwiutami.hakim,wiwin.dwiutami.hakim
1923,22,460,active,Tanjung Jabung West,"2025-05-10 10:33:14","2025-05-10 10:33:15",wiwin.dwiutami.hakim,wiwin.dwiutami.hakim
1924,22,461,active,Tebo,"2025-05-10 10:33:14","2025-05-10 10:33:15",wiwin.dwiutami.hakim,wiwin.dwiutami.hakim
1925,22,462,active,Musi Banyuasin,"2025-05-10 10:33:14","2025-05-10 10:33:15",wiwin.dwiutami.hakim,wiwin.dwiutami.hakim
1926,22,463,active,Banyuasin,"2025-05-10 10:33:14","2025-05-10 10:33:15",wiwin.dwiutami.hakim,wiwin.dwiutami.hakim
1927,22,464,active,Musi Rawas North,"2025-05-10 10:33:14","2025-05-10 10:33:15",wiwin.dwiutami.hakim,wiwin.dwiutami.hakim
1928,22,465,active,Banyuasin East,"2025-05-10 10:33:14","2025-05-10 10:33:15",wiwin.dwiutami.hakim,wiwin.dwiutami.hakim
1929,22,466,active,Prabumulih,"2025-05-10 10:33:14","2025-05-10 10:33:15",wiwin.dwiutami.hakim,wiwin.dwiutami.hakim
1930,22,467,active,Ogan Ilir,"2025-05-10 10:33:14","2025-05-10 10:33:15",wiwin.dwiutami.hakim,wiwin.dwiutami.hakim
1931,22,468,active,Ogan Komering Ilir,"2025-05-10 10:33:14","2025-05-10 10:33:15",wiwin.dwiutami.hakim,wiwin.dwiutami.hakim
1932,22,469,active,Ogan Komering Ulu,"2025-05-10 10:33:14","2025-05-10 10:33:15",wiwin.dwiutami.hakim,wiwin.dwiutami.hakim
1933,22,470,active,Ogan Komering Ulu East,"2025-05-10 10:33:14","2025-05-10 10:33:15",wiwin.dwiutami.hakim,wiwin.dwiutami.hakim
1934,22,471,active,Ogan Komering ulu South,"2025-05-10 10:33:14","2025-05-10 10:33:15",wiwin.dwiutami.hakim,wiwin.dwiutami.hakim
1935,22,473,active,Bengkalis East,"2025-05-10 10:33:14","2025-05-10 10:33:15",wiwin.dwiutami.hakim,wiwin.dwiutami.hakim
1936,22,474,active,Pringsewu North,"2025-05-10 10:33:14","2025-05-10 10:33:15",wiwin.dwiutami.hakim,wiwin.dwiutami.hakim
1937,22,475,active,Lampung Central,"2025-05-10 10:33:14","2025-05-10 10:33:15",wiwin.dwiutami.hakim,wiwin.dwiutami.hakim
1938,22,476,active,Kotabumi,"2025-05-10 10:33:14","2025-05-10 10:33:15",wiwin.dwiutami.hakim,wiwin.dwiutami.hakim
1939,22,477,active,Tulang Bawang West,"2025-05-10 10:33:14","2025-05-10 10:33:15",wiwin.dwiutami.hakim,wiwin.dwiutami.hakim
1940,22,478,active,Tulang Bawang,"2025-05-10 10:33:14","2025-05-10 10:33:15",wiwin.dwiutami.hakim,wiwin.dwiutami.hakim
1941,22,479,active,Mesuji,"2025-05-10 10:33:14","2025-05-10 10:33:15",wiwin.dwiutami.hakim,wiwin.dwiutami.hakim
1942,22,480,active,Sukadana,"2025-05-10 10:33:14","2025-05-10 10:33:15",wiwin.dwiutami.hakim,wiwin.dwiutami.hakim
1943,22,481,active,Boyolali Kabupaten West,"2025-05-10 10:33:14","2025-05-10 10:33:15",wiwin.dwiutami.hakim,wiwin.dwiutami.hakim
1944,22,482,active,Buleleng East,"2025-05-10 10:33:14","2025-05-10 10:33:15",wiwin.dwiutami.hakim,wiwin.dwiutami.hakim
1945,22,483,active,Kubu Raya,"2025-05-10 10:33:14","2025-05-10 10:33:15",wiwin.dwiutami.hakim,wiwin.dwiutami.hakim
1946,22,484,active,Boalemo,"2025-05-10 10:33:14","2025-05-10 10:33:15",wiwin.dwiutami.hakim,wiwin.dwiutami.hakim
1947,22,485,active,Bolaang Mongondow North,"2025-05-10 10:33:14","2025-05-10 10:33:15",wiwin.dwiutami.hakim,wiwin.dwiutami.hakim
1948,22,486,active,Bolaang Mongondow,"2025-05-10 10:33:14","2025-05-10 10:33:15",wiwin.dwiutami.hakim,wiwin.dwiutami.hakim
1949,22,487,active,Kotamobagu,"2025-05-10 10:33:14","2025-05-10 10:33:15",wiwin.dwiutami.hakim,wiwin.dwiutami.hakim
1950,22,488,active,Minahasa Southeast,"2025-05-10 10:33:14","2025-05-10 10:33:15",wiwin.dwiutami.hakim,wiwin.dwiutami.hakim
1951,22,489,active,Minahasa,"2025-05-10 10:33:14","2025-05-10 10:33:15",wiwin.dwiutami.hakim,wiwin.dwiutami.hakim
1952,22,490,active,Minahasa North,"2025-05-10 10:33:14","2025-05-10 10:33:15",wiwin.dwiutami.hakim,wiwin.dwiutami.hakim
1953,22,491,active,Tojo Una Una,"2025-05-10 10:33:14","2025-05-10 10:33:15",wiwin.dwiutami.hakim,wiwin.dwiutami.hakim
1954,22,492,active,Lombok West,"2025-05-10 10:33:14","2025-05-10 10:33:15",wiwin.dwiutami.hakim,wiwin.dwiutami.hakim
1955,22,493,active,Bangka West,"2025-05-10 10:33:14","2025-05-10 10:33:15",wiwin.dwiutami.hakim,wiwin.dwiutami.hakim
1956,22,499,active,Sumenep Kabupaten,"2025-05-10 10:33:14","2025-05-10 10:33:15",wiwin.dwiutami.hakim,wiwin.dwiutami.hakim
1957,22,500,active,Sumenep East,"2025-05-10 10:33:14","2025-05-10 10:33:15",wiwin.dwiutami.hakim,wiwin.dwiutami.hakim
1958,22,501,active,Bangkalan East,"2025-05-10 10:33:14","2025-05-10 10:33:15",wiwin.dwiutami.hakim,wiwin.dwiutami.hakim
1959,22,502,active,Sambas,"2025-05-10 10:33:14","2025-05-10 10:33:15",wiwin.dwiutami.hakim,wiwin.dwiutami.hakim
1960,22,503,active,Singkawang,"2025-05-10 10:33:14","2025-05-10 10:33:15",wiwin.dwiutami.hakim,wiwin.dwiutami.hakim
1961,22,504,active,Bengkayang,"2025-05-10 10:33:14","2025-05-10 10:33:15",wiwin.dwiutami.hakim,wiwin.dwiutami.hakim
1962,22,505,active,Mempawah,"2025-05-10 10:33:14","2025-05-10 10:33:15",wiwin.dwiutami.hakim,wiwin.dwiutami.hakim
1963,22,506,active,Landak,"2025-05-10 10:33:14","2025-05-10 10:33:15",wiwin.dwiutami.hakim,wiwin.dwiutami.hakim
1964,22,507,active,Sanggau,"2025-05-10 10:33:14","2025-05-10 10:33:15",wiwin.dwiutami.hakim,wiwin.dwiutami.hakim
1965,22,508,active,Sekadau,"2025-05-10 10:33:14","2025-05-10 10:33:15",wiwin.dwiutami.hakim,wiwin.dwiutami.hakim
1966,22,509,active,Sintang,"2025-05-10 10:33:14","2025-05-10 10:33:15",wiwin.dwiutami.hakim,wiwin.dwiutami.hakim
1967,22,510,active,Melawi,"2025-05-10 10:33:14","2025-05-10 10:33:15",wiwin.dwiutami.hakim,wiwin.dwiutami.hakim
1968,22,511,active,Kapuas Hulu,"2025-05-10 10:33:14","2025-05-10 10:33:15",wiwin.dwiutami.hakim,wiwin.dwiutami.hakim
1969,22,512,active,Kayong Notrh,"2025-05-10 10:33:14","2025-05-10 10:33:15",wiwin.dwiutami.hakim,wiwin.dwiutami.hakim
1970,22,513,active,Ketapang,"2025-05-10 10:33:14","2025-05-10 10:33:15",wiwin.dwiutami.hakim,wiwin.dwiutami.hakim
1971,22,514,active,Kubu East,"2025-05-10 10:33:14","2025-05-10 10:33:15",wiwin.dwiutami.hakim,wiwin.dwiutami.hakim
1972,22,515,active,Tanah Bambu,"2025-05-10 10:33:14","2025-05-10 10:33:15",wiwin.dwiutami.hakim,wiwin.dwiutami.hakim
1973,22,516,active,Tanah Laut,"2025-05-10 10:33:14","2025-05-10 10:33:15",wiwin.dwiutami.hakim,wiwin.dwiutami.hakim
1974,22,55,active,Makassar Central,"2025-05-10 10:33:14","2025-05-10 10:33:15",wiwin.dwiutami.hakim,wiwin.dwiutami.hakim
1975,22,517,active,Balangan,"2025-05-10 10:33:14","2025-05-10 10:33:15",wiwin.dwiutami.hakim,wiwin.dwiutami.hakim
1976,22,56,active,Makassar North,"2025-05-10 10:33:14","2025-05-10 10:33:15",wiwin.dwiutami.hakim,wiwin.dwiutami.hakim
1977,22,57,active,Sukabumi,"2025-05-10 10:33:14","2025-05-10 10:33:15",wiwin.dwiutami.hakim,wiwin.dwiutami.hakim
1978,22,518,active,Barito East,"2025-05-10 10:33:14","2025-05-10 10:33:15",wiwin.dwiutami.hakim,wiwin.dwiutami.hakim
1979,22,58,active,Pontianak North,"2025-05-10 10:33:14","2025-05-10 10:33:15",wiwin.dwiutami.hakim,wiwin.dwiutami.hakim
1980,22,519,active,Barito South,"2025-05-10 10:33:14","2025-05-10 10:33:15",wiwin.dwiutami.hakim,wiwin.dwiutami.hakim
1981,22,59,active,Pontianak South,"2025-05-10 10:33:14","2025-05-10 10:33:15",wiwin.dwiutami.hakim,wiwin.dwiutami.hakim
1982,22,60,active,Padang,"2025-05-10 10:33:14","2025-05-10 10:33:15",wiwin.dwiutami.hakim,wiwin.dwiutami.hakim
1983,22,520,active,Kutai East,"2025-05-10 10:33:14","2025-05-10 10:33:15",wiwin.dwiutami.hakim,wiwin.dwiutami.hakim
1984,22,61,active,Bukittinggi,"2025-05-10 10:33:14","2025-05-10 10:33:15",wiwin.dwiutami.hakim,wiwin.dwiutami.hakim
1985,22,62,active,Mataram,"2025-05-10 10:33:14","2025-05-10 10:33:15",wiwin.dwiutami.hakim,wiwin.dwiutami.hakim
1986,22,521,active,Kutai Kartanegara North,"2025-05-10 10:33:14","2025-05-10 10:33:15",wiwin.dwiutami.hakim,wiwin.dwiutami.hakim
1987,22,64,active,Pekanbaru,"2025-05-10 10:33:14","2025-05-10 10:33:15",wiwin.dwiutami.hakim,wiwin.dwiutami.hakim
1988,22,522,active,Kutai West,"2025-05-10 10:33:14","2025-05-10 10:33:15",wiwin.dwiutami.hakim,wiwin.dwiutami.hakim
1989,22,66,active,Bandung East,"2025-05-10 10:33:14","2025-05-10 10:33:15",wiwin.dwiutami.hakim,wiwin.dwiutami.hakim
1990,22,523,active,Barito Kuala,"2025-05-10 10:33:14","2025-05-10 10:33:15",wiwin.dwiutami.hakim,wiwin.dwiutami.hakim
1991,22,524,active,Solok Central,"2025-05-10 10:33:14","2025-05-10 10:33:15",wiwin.dwiutami.hakim,wiwin.dwiutami.hakim
1992,22,525,active,Sigi,"2025-05-10 10:33:14","2025-05-10 10:33:15",wiwin.dwiutami.hakim,wiwin.dwiutami.hakim
1993,22,526,active,Parigi Moutong,"2025-05-10 10:33:14","2025-05-10 10:33:15",wiwin.dwiutami.hakim,wiwin.dwiutami.hakim
1994,22,527,active,Morowali North,"2025-05-10 10:33:14","2025-05-10 10:33:15",wiwin.dwiutami.hakim,wiwin.dwiutami.hakim
1995,22,528,active,Morowali,"2025-05-10 10:33:14","2025-05-10 10:33:15",wiwin.dwiutami.hakim,wiwin.dwiutami.hakim
1996,22,529,active,Sabang,"2025-05-10 10:33:14","2025-05-10 10:33:15",wiwin.dwiutami.hakim,wiwin.dwiutami.hakim
1997,22,530,active,Aceh Besar,"2025-05-10 10:33:14","2025-05-10 10:33:15",wiwin.dwiutami.hakim,wiwin.dwiutami.hakim
1998,22,531,active,Aceh Jaya,"2025-05-10 10:33:14","2025-05-10 10:33:15",wiwin.dwiutami.hakim,wiwin.dwiutami.hakim
1999,22,532,active,Nagan Raya,"2025-05-10 10:33:14","2025-05-10 10:33:15",wiwin.dwiutami.hakim,wiwin.dwiutami.hakim
2000,22,533,active,Aceh West Kabupaten,"2025-05-10 10:33:14","2025-05-10 10:33:15",wiwin.dwiutami.hakim,wiwin.dwiutami.hakim
2001,22,534,active,Aceh South,"2025-05-10 10:33:14","2025-05-10 10:33:15",wiwin.dwiutami.hakim,wiwin.dwiutami.hakim
2002,22,535,active,Subulusallam,"2025-05-10 10:33:14","2025-05-10 10:33:15",wiwin.dwiutami.hakim,wiwin.dwiutami.hakim
2003,22,536,active,Piddie Jaya,"2025-05-10 10:33:14","2025-05-10 10:33:15",wiwin.dwiutami.hakim,wiwin.dwiutami.hakim
2004,22,537,active,Bireuen,"2025-05-10 10:33:14","2025-05-10 10:33:15",wiwin.dwiutami.hakim,wiwin.dwiutami.hakim
2005,22,538,active,Aceh Central,"2025-05-10 10:33:14","2025-05-10 10:33:15",wiwin.dwiutami.hakim,wiwin.dwiutami.hakim
2006,22,539,active,Gayo Lues,"2025-05-10 10:33:14","2025-05-10 10:33:15",wiwin.dwiutami.hakim,wiwin.dwiutami.hakim
2007,22,540,active,Aceh North,"2025-05-10 10:33:14","2025-05-10 10:33:15",wiwin.dwiutami.hakim,wiwin.dwiutami.hakim
2008,22,541,active,Aceh East,"2025-05-10 10:33:14","2025-05-10 10:33:15",wiwin.dwiutami.hakim,wiwin.dwiutami.hakim
2009,22,542,active,Bener Meriah,"2025-05-10 10:33:14","2025-05-10 10:33:15",wiwin.dwiutami.hakim,wiwin.dwiutami.hakim
2010,22,543,active,Aceh West,"2025-05-10 10:33:14","2025-05-10 10:33:15",wiwin.dwiutami.hakim,wiwin.dwiutami.hakim
2011,22,544,active,Purworejo South,"2025-05-10 10:33:14","2025-05-10 10:33:15",wiwin.dwiutami.hakim,wiwin.dwiutami.hakim
2012,22,545,active,Kuningan Kabupaten,"2025-05-10 10:33:14","2025-05-10 10:33:15",wiwin.dwiutami.hakim,wiwin.dwiutami.hakim
2013,22,546,active,Banyumas,"2025-05-10 10:33:14","2025-05-10 10:33:15",wiwin.dwiutami.hakim,wiwin.dwiutami.hakim
2014,22,547,active,Purbalingga North,"2025-05-10 10:33:14","2025-05-10 10:33:15",wiwin.dwiutami.hakim,wiwin.dwiutami.hakim
2015,22,548,active,Majenang,"2025-05-10 10:33:14","2025-05-10 10:33:15",wiwin.dwiutami.hakim,wiwin.dwiutami.hakim
2016,22,549,active,Jember West,"2025-05-10 10:33:14","2025-05-10 10:33:15",wiwin.dwiutami.hakim,wiwin.dwiutami.hakim
2017,22,550,active,Barito North,"2025-05-10 10:33:14","2025-05-10 10:33:15",wiwin.dwiutami.hakim,wiwin.dwiutami.hakim
2018,22,551,active,Kotabaru,"2025-05-10 10:33:14","2025-05-10 10:33:15",wiwin.dwiutami.hakim,wiwin.dwiutami.hakim
2019,22,552,active,Dumai,"2025-05-10 10:33:14","2025-05-10 10:33:15",wiwin.dwiutami.hakim,wiwin.dwiutami.hakim
2020,22,553,active,Siak,"2025-05-10 10:33:14","2025-05-10 10:33:15",wiwin.dwiutami.hakim,wiwin.dwiutami.hakim
2021,22,554,active,Kampar West,"2025-05-10 10:33:14","2025-05-10 10:33:15",wiwin.dwiutami.hakim,wiwin.dwiutami.hakim
2022,22,555,active,Rokan Hilir North,"2025-05-10 10:33:14","2025-05-10 10:33:15",wiwin.dwiutami.hakim,wiwin.dwiutami.hakim
2023,22,556,active,Kuantan Singingi,"2025-05-10 10:33:14","2025-05-10 10:33:15",wiwin.dwiutami.hakim,wiwin.dwiutami.hakim
2024,22,557,active,Serang Central,"2025-05-10 10:33:14","2025-05-10 10:33:15",wiwin.dwiutami.hakim,wiwin.dwiutami.hakim
2025,22,558,active,Bengkulu Central,"2025-05-10 10:33:14","2025-05-10 10:33:15",wiwin.dwiutami.hakim,wiwin.dwiutami.hakim
2026,22,559,active,Seluma,"2025-05-10 10:33:14","2025-05-10 10:33:15",wiwin.dwiutami.hakim,wiwin.dwiutami.hakim
2027,22,560,active,Kepahiang,"2025-05-10 10:33:14","2025-05-10 10:33:15",wiwin.dwiutami.hakim,wiwin.dwiutami.hakim
2028,22,561,active,Rajeng Lebong,"2025-05-10 10:33:14","2025-05-10 10:33:15",wiwin.dwiutami.hakim,wiwin.dwiutami.hakim
2029,22,562,active,Bengkulu Kabupaten North,"2025-05-10 10:33:14","2025-05-10 10:33:15",wiwin.dwiutami.hakim,wiwin.dwiutami.hakim
2030,22,563,active,Bengkulu South,"2025-05-10 10:33:14","2025-05-10 10:33:15",wiwin.dwiutami.hakim,wiwin.dwiutami.hakim
2031,22,564,active,Muko Muko,"2025-05-10 10:33:14","2025-05-10 10:33:15",wiwin.dwiutami.hakim,wiwin.dwiutami.hakim
2032,22,565,active,Kabupaten Muara Enim,"2025-05-10 10:33:14","2025-05-10 10:33:15",wiwin.dwiutami.hakim,wiwin.dwiutami.hakim
2033,22,566,active,Lampung West,"2025-05-10 10:33:14","2025-05-10 10:33:15",wiwin.dwiutami.hakim,wiwin.dwiutami.hakim
2034,22,567,active,Way Kanan,"2025-05-10 10:33:14","2025-05-10 10:33:15",wiwin.dwiutami.hakim,wiwin.dwiutami.hakim
2035,22,568,active,Pesawaran,"2025-05-10 10:33:14","2025-05-10 10:33:15",wiwin.dwiutami.hakim,wiwin.dwiutami.hakim
2036,22,569,active,Garut North,"2025-05-10 10:33:14","2025-05-10 10:33:15",wiwin.dwiutami.hakim,wiwin.dwiutami.hakim
2037,22,570,active,Majalengka South,"2025-05-10 10:33:14","2025-05-10 10:33:15",wiwin.dwiutami.hakim,wiwin.dwiutami.hakim
2038,22,571,active,Boyolali North,"2025-05-10 10:33:14","2025-05-10 10:33:15",wiwin.dwiutami.hakim,wiwin.dwiutami.hakim
2039,22,572,active,Purbalingga East,"2025-05-10 10:33:14","2025-05-10 10:33:15",wiwin.dwiutami.hakim,wiwin.dwiutami.hakim
2040,22,573,active,Ngawi West,"2025-05-10 10:33:14","2025-05-10 10:33:15",wiwin.dwiutami.hakim,wiwin.dwiutami.hakim
2041,22,574,active,Ngawi East,"2025-05-10 10:33:14","2025-05-10 10:33:15",wiwin.dwiutami.hakim,wiwin.dwiutami.hakim
2042,22,575,active,Situbondo West,"2025-05-10 10:33:14","2025-05-10 10:33:15",wiwin.dwiutami.hakim,wiwin.dwiutami.hakim
2043,22,576,active,Gianyar North,"2025-05-10 10:33:14","2025-05-10 10:33:15",wiwin.dwiutami.hakim,wiwin.dwiutami.hakim
2044,22,577,active,Karangasem Central,"2025-05-10 10:33:14","2025-05-10 10:33:15",wiwin.dwiutami.hakim,wiwin.dwiutami.hakim
2045,22,578,active,Sragen Kabupaten,"2025-05-10 10:33:14","2025-05-10 10:33:15",wiwin.dwiutami.hakim,wiwin.dwiutami.hakim
2046,22,579,active,Indragiri Hulu,"2025-05-10 10:33:14","2025-05-10 10:33:15",wiwin.dwiutami.hakim,wiwin.dwiutami.hakim
2047,22,580,active,Kerinci Kabupaten,"2025-05-10 10:33:14","2025-05-10 10:33:15",wiwin.dwiutami.hakim,wiwin.dwiutami.hakim
2048,22,581,active,Pandeglang South,"2025-05-10 10:33:14","2025-05-10 10:33:15",wiwin.dwiutami.hakim,wiwin.dwiutami.hakim
2049,22,582,active,Kefamenanu,"2025-05-10 10:33:14","2025-05-10 10:33:15",wiwin.dwiutami.hakim,wiwin.dwiutami.hakim
2050,22,583,active,Lombok North,"2025-05-10 10:33:14","2025-05-10 10:33:15",wiwin.dwiutami.hakim,wiwin.dwiutami.hakim
2051,22,584,active,Lombok Kabupaten West,"2025-05-10 10:33:14","2025-05-10 10:33:15",wiwin.dwiutami.hakim,wiwin.dwiutami.hakim
2052,22,585,active,Magetan West,"2025-05-10 10:33:14","2025-05-10 10:33:15",wiwin.dwiutami.hakim,wiwin.dwiutami.hakim
2053,22,586,active,Rembang North,"2025-05-10 10:33:14","2025-05-10 10:33:15",wiwin.dwiutami.hakim,wiwin.dwiutami.hakim
2054,22,587,active,Blitar South,"2025-05-10 10:33:14","2025-05-10 10:33:15",wiwin.dwiutami.hakim,wiwin.dwiutami.hakim
2055,22,588,active,Bojonegoro South,"2025-05-10 10:33:14","2025-05-10 10:33:15",wiwin.dwiutami.hakim,wiwin.dwiutami.hakim
2056,22,589,active,Sragen North,"2025-05-10 10:33:14","2025-05-10 10:33:15",wiwin.dwiutami.hakim,wiwin.dwiutami.hakim
2057,22,590,active,Banyuwangi North,"2025-05-10 10:33:14","2025-05-10 10:33:15",wiwin.dwiutami.hakim,wiwin.dwiutami.hakim
2058,22,591,active,Lamongan South,"2025-05-10 10:33:14","2025-05-10 10:33:15",wiwin.dwiutami.hakim,wiwin.dwiutami.hakim
2059,22,592,active,Kendal Kabupaten,"2025-05-10 10:33:14","2025-05-10 10:33:15",wiwin.dwiutami.hakim,wiwin.dwiutami.hakim
2060,22,593,active,Pesisir West,"2025-05-10 10:33:14","2025-05-10 10:33:15",wiwin.dwiutami.hakim,wiwin.dwiutami.hakim
2061,22,594,active,Martapura,"2025-05-10 10:33:14","2025-05-10 10:33:15",wiwin.dwiutami.hakim,wiwin.dwiutami.hakim
2062,22,67,active,Bandung Kabupaten,"2025-05-10 10:33:14","2025-05-10 10:33:15",wiwin.dwiutami.hakim,wiwin.dwiutami.hakim
2063,22,595,active,Kulon Progo North,"2025-05-10 10:33:14","2025-05-10 10:33:15",wiwin.dwiutami.hakim,wiwin.dwiutami.hakim
2064,22,68,active,Bandar Lampung East,"2025-05-10 10:33:14","2025-05-10 10:33:15",wiwin.dwiutami.hakim,wiwin.dwiutami.hakim
2065,22,596,active,Grobogan South,"2025-05-10 10:33:14","2025-05-10 10:33:15",wiwin.dwiutami.hakim,wiwin.dwiutami.hakim
2066,22,69,active,Bandar Lampung West,"2025-05-10 10:33:14","2025-05-10 10:33:15",wiwin.dwiutami.hakim,wiwin.dwiutami.hakim
2067,22,70,active,Purwakarta,"2025-05-10 10:33:14","2025-05-10 10:33:15",wiwin.dwiutami.hakim,wiwin.dwiutami.hakim
2068,22,597,active,Seruyan,"2025-05-10 10:33:14","2025-05-10 10:33:15",wiwin.dwiutami.hakim,wiwin.dwiutami.hakim
2069,22,73,active,Bekasi Kabupaten North,"2025-05-10 10:33:14","2025-05-10 10:33:15",wiwin.dwiutami.hakim,wiwin.dwiutami.hakim
2070,22,76,active,Ponorogo West,"2025-05-10 10:33:14","2025-05-10 10:33:15",wiwin.dwiutami.hakim,wiwin.dwiutami.hakim
2071,22,598,active,Padang Pariaman North,"2025-05-10 10:33:14","2025-05-10 10:33:15",wiwin.dwiutami.hakim,wiwin.dwiutami.hakim
2072,22,77,active,Ponorogo East,"2025-05-10 10:33:14","2025-05-10 10:33:15",wiwin.dwiutami.hakim,wiwin.dwiutami.hakim
2073,22,599,active,Murung Raya,"2025-05-10 10:33:14","2025-05-10 10:33:15",wiwin.dwiutami.hakim,wiwin.dwiutami.hakim
2074,22,78,active,Tegal,"2025-05-10 10:33:14","2025-05-10 10:33:15",wiwin.dwiutami.hakim,wiwin.dwiutami.hakim
2075,22,79,active,Pekalongan,"2025-05-10 10:33:14","2025-05-10 10:33:15",wiwin.dwiutami.hakim,wiwin.dwiutami.hakim
2076,22,600,active,Kotabaru Kabupaten,"2025-05-10 10:33:14","2025-05-10 10:33:15",wiwin.dwiutami.hakim,wiwin.dwiutami.hakim
2077,22,80,active,Gresik,"2025-05-10 10:33:14","2025-05-10 10:33:15",wiwin.dwiutami.hakim,wiwin.dwiutami.hakim
2078,22,81,active,Batam,"2025-05-10 10:33:14","2025-05-10 10:33:15",wiwin.dwiutami.hakim,wiwin.dwiutami.hakim
2079,22,601,active,Pulang Pisau,"2025-05-10 10:33:14","2025-05-10 10:33:15",wiwin.dwiutami.hakim,wiwin.dwiutami.hakim
2080,22,82,active,Cilegon,"2025-05-10 10:33:14","2025-05-10 10:33:15",wiwin.dwiutami.hakim,wiwin.dwiutami.hakim
2081,22,602,active,Bengkalis Kabupaten,"2025-05-10 10:33:14","2025-05-10 10:33:15",wiwin.dwiutami.hakim,wiwin.dwiutami.hakim
2082,22,603,active,Pati South,"2025-05-10 10:33:14","2025-05-10 10:33:15",wiwin.dwiutami.hakim,wiwin.dwiutami.hakim
2083,22,604,active,Sumbawa,"2025-05-10 10:33:14","2025-05-10 10:33:15",wiwin.dwiutami.hakim,wiwin.dwiutami.hakim
2084,22,605,active,Rembang South,"2025-05-10 10:33:14","2025-05-10 10:33:15",wiwin.dwiutami.hakim,wiwin.dwiutami.hakim
2085,22,606,active,Lebak,"2025-05-10 10:33:14","2025-05-10 10:33:15",wiwin.dwiutami.hakim,wiwin.dwiutami.hakim
2086,22,607,active,Sumbawa West,"2025-05-10 10:33:14","2025-05-10 10:33:15",wiwin.dwiutami.hakim,wiwin.dwiutami.hakim
2087,22,608,active,Kepulauan Meranti,"2025-05-10 10:33:14","2025-05-10 10:33:15",wiwin.dwiutami.hakim,wiwin.dwiutami.hakim
2088,22,609,active,Kaur,"2025-05-10 10:33:14","2025-05-10 10:33:15",wiwin.dwiutami.hakim,wiwin.dwiutami.hakim
2089,22,610,active,Bima,"2025-05-10 10:33:14","2025-05-10 10:33:15",wiwin.dwiutami.hakim,wiwin.dwiutami.hakim
2090,22,611,active,Timor Tengah South,"2025-05-10 10:33:14","2025-05-10 10:33:15",wiwin.dwiutami.hakim,wiwin.dwiutami.hakim
2091,22,612,active,Lebong Kabupaten,"2025-05-10 10:33:14","2025-05-10 10:33:15",wiwin.dwiutami.hakim,wiwin.dwiutami.hakim
2092,22,613,active,Flores East,"2025-05-10 10:33:14","2025-05-10 10:33:15",wiwin.dwiutami.hakim,wiwin.dwiutami.hakim
2093,22,614,active,Dompu,"2025-05-10 10:33:14","2025-05-10 10:33:15",wiwin.dwiutami.hakim,wiwin.dwiutami.hakim
2094,22,615,active,Bima Kabupaten,"2025-05-10 10:33:14","2025-05-10 10:33:15",wiwin.dwiutami.hakim,wiwin.dwiutami.hakim
2095,22,616,active,Ende,"2025-05-10 10:33:14","2025-05-10 10:33:15",wiwin.dwiutami.hakim,wiwin.dwiutami.hakim
2096,22,617,active,Manggarai,"2025-05-10 10:33:14","2025-05-10 10:33:15",wiwin.dwiutami.hakim,wiwin.dwiutami.hakim
2097,22,618,active,Bulungan,"2025-05-10 10:33:14","2025-05-10 10:33:15",wiwin.dwiutami.hakim,wiwin.dwiutami.hakim
2098,22,619,active,Kolaka East,"2025-05-10 10:33:14","2025-05-10 10:33:15",wiwin.dwiutami.hakim,wiwin.dwiutami.hakim
2099,22,620,active,Bombana,"2025-05-10 10:33:14","2025-05-10 10:33:15",wiwin.dwiutami.hakim,wiwin.dwiutami.hakim
2100,22,621,active,Cianjur South,"2025-05-10 10:33:14","2025-05-10 10:33:15",wiwin.dwiutami.hakim,wiwin.dwiutami.hakim
2101,22,622,active,Penukal Abab Pematang Ilir,"2025-05-10 10:33:14","2025-05-10 10:33:15",wiwin.dwiutami.hakim,wiwin.dwiutami.hakim
2102,22,623,active,Blora East,"2025-05-10 10:33:14","2025-05-10 10:33:15",wiwin.dwiutami.hakim,wiwin.dwiutami.hakim
2103,22,624,active,Belu,"2025-05-10 10:33:14","2025-05-10 10:33:15",wiwin.dwiutami.hakim,wiwin.dwiutami.hakim
2104,22,625,active,Buleleng Kabupaten,"2025-05-10 10:33:14","2025-05-10 10:33:15",wiwin.dwiutami.hakim,wiwin.dwiutami.hakim
2105,22,629,active,Sikka,"2025-05-10 10:33:14","2025-05-10 10:33:15",wiwin.dwiutami.hakim,wiwin.dwiutami.hakim
2106,22,630,active,Malinau,"2025-05-10 10:33:14","2025-05-10 10:33:15",wiwin.dwiutami.hakim,wiwin.dwiutami.hakim
2107,22,631,active,Donggala,"2025-05-10 10:33:14","2025-05-10 10:33:15",wiwin.dwiutami.hakim,wiwin.dwiutami.hakim
2108,22,632,active,Gunung Mas,"2025-05-10 10:33:14","2025-05-10 10:33:15",wiwin.dwiutami.hakim,wiwin.dwiutami.hakim
2109,22,633,active,Bekasi North New,"2025-05-10 10:33:14","2025-05-10 10:33:15",wiwin.dwiutami.hakim,wiwin.dwiutami.hakim
2110,22,634,active,Bangli North,"2025-05-10 10:33:14","2025-05-10 10:33:15",wiwin.dwiutami.hakim,wiwin.dwiutami.hakim
2111,22,635,active,Bolaang Mongondow East,"2025-05-10 10:33:14","2025-05-10 10:33:15",wiwin.dwiutami.hakim,wiwin.dwiutami.hakim
2112,22,636,active,Sumba East,"2025-05-10 10:33:14","2025-05-10 10:33:15",wiwin.dwiutami.hakim,wiwin.dwiutami.hakim
2113,22,637,active,Manggarai Kabupaten West,"2025-05-10 10:33:14","2025-05-10 10:33:15",wiwin.dwiutami.hakim,wiwin.dwiutami.hakim
2114,22,638,active,Lebak South,"2025-05-10 10:33:14","2025-05-10 10:33:15",wiwin.dwiutami.hakim,wiwin.dwiutami.hakim
2115,22,639,active,Sumba West,"2025-05-10 10:33:14","2025-05-10 10:33:15",wiwin.dwiutami.hakim,wiwin.dwiutami.hakim
2116,22,640,active,Wakatobi,"2025-05-10 10:33:14","2025-05-10 10:33:15",wiwin.dwiutami.hakim,wiwin.dwiutami.hakim
2117,22,641,active,Halmahera West,"2025-05-10 10:33:14","2025-05-10 10:33:15",wiwin.dwiutami.hakim,wiwin.dwiutami.hakim
2118,22,642,active,Halmahera North,"2025-05-10 10:33:14","2025-05-10 10:33:15",wiwin.dwiutami.hakim,wiwin.dwiutami.hakim
2119,22,643,active,Tidore,"2025-05-10 10:33:14","2025-05-10 10:33:15",wiwin.dwiutami.hakim,wiwin.dwiutami.hakim
2120,22,644,active,Jember East,"2025-05-10 10:33:14","2025-05-10 10:33:15",wiwin.dwiutami.hakim,wiwin.dwiutami.hakim
2121,22,645,active,Ngada,"2025-05-10 10:33:14","2025-05-10 10:33:15",wiwin.dwiutami.hakim,wiwin.dwiutami.hakim
2122,22,646,active,Lembata,"2025-05-10 10:33:14","2025-05-10 10:33:15",wiwin.dwiutami.hakim,wiwin.dwiutami.hakim
2123,22,647,active,Bone Bolango,"2025-05-10 10:33:14","2025-05-10 10:33:15",wiwin.dwiutami.hakim,wiwin.dwiutami.hakim
2124,22,648,active,Tabanan Kabupaten,"2025-05-10 10:33:14","2025-05-10 10:33:15",wiwin.dwiutami.hakim,wiwin.dwiutami.hakim
2125,22,660,active,Untitled polygon,"2025-05-10 10:33:14","2025-05-10 10:33:15",wiwin.dwiutami.hakim,wiwin.dwiutami.hakim
2126,22,663,active,Halomedika Rancasari,"2025-05-10 10:33:14","2025-05-10 10:33:15",wiwin.dwiutami.hakim,wiwin.dwiutami.hakim
2127,22,665,active,Intibios Bandung,"2025-05-10 10:33:14","2025-05-10 10:33:15",wiwin.dwiutami.hakim,wiwin.dwiutami.hakim
2128,22,666,active,Partner Clinic Intibios Bandung,"2025-05-10 10:33:14","2025-05-10 10:33:15",wiwin.dwiutami.hakim,wiwin.dwiutami.hakim
2129,22,667,active,Apt. Halomedika Rancasari,"2025-05-10 10:33:14","2025-05-10 10:33:15",wiwin.dwiutami.hakim,wiwin.dwiutami.hakim
2130,22,670,active,Kuta Selatan,"2025-05-10 10:33:14","2025-05-10 10:33:15",wiwin.dwiutami.hakim,wiwin.dwiutami.hakim
2131,22,671,active,Kuta,"2025-05-10 10:33:14","2025-05-10 10:33:15",wiwin.dwiutami.hakim,wiwin.dwiutami.hakim
2132,22,672,active,Denpasar Barat,"2025-05-10 10:33:14","2025-05-10 10:33:15",wiwin.dwiutami.hakim,wiwin.dwiutami.hakim
2133,22,673,active,Denpasar Timur,"2025-05-10 10:33:14","2025-05-10 10:33:15",wiwin.dwiutami.hakim,wiwin.dwiutami.hakim
2134,22,674,active,Denpasar Selatan,"2025-05-10 10:33:14","2025-05-10 10:33:15",wiwin.dwiutami.hakim,wiwin.dwiutami.hakim
2135,22,675,active,Sleman,"2025-05-10 10:33:14","2025-05-10 10:33:15",wiwin.dwiutami.hakim,wiwin.dwiutami.hakim
2136,22,677,active,Karawang Extended,"2025-05-10 10:33:14","2025-05-10 10:33:15",wiwin.dwiutami.hakim,wiwin.dwiutami.hakim
2137,22,83,active,Serang East,"2025-05-10 10:33:14","2025-05-10 10:33:15",wiwin.dwiutami.hakim,wiwin.dwiutami.hakim
2138,22,84,active,Serang West,"2025-05-10 10:33:14","2025-05-10 10:33:15",wiwin.dwiutami.hakim,wiwin.dwiutami.hakim
2139,22,85,active,Banyuwangi,"2025-05-10 10:33:14","2025-05-10 10:33:15",wiwin.dwiutami.hakim,wiwin.dwiutami.hakim
2140,22,86,active,Pasuruan,"2025-05-10 10:33:14","2025-05-10 10:33:15",wiwin.dwiutami.hakim,wiwin.dwiutami.hakim
2141,22,87,active,Probolinggo East,"2025-05-10 10:33:14","2025-05-10 10:33:15",wiwin.dwiutami.hakim,wiwin.dwiutami.hakim
2142,22,88,active,Probolinggo West,"2025-05-10 10:33:14","2025-05-10 10:33:15",wiwin.dwiutami.hakim,wiwin.dwiutami.hakim
2143,22,89,active,Lawang,"2025-05-10 10:33:14","2025-05-10 10:33:15",wiwin.dwiutami.hakim,wiwin.dwiutami.hakim
2144,22,90,active,Jember Central,"2025-05-10 10:33:14","2025-05-10 10:33:15",wiwin.dwiutami.hakim,wiwin.dwiutami.hakim
2145,22,91,active,Lamongan Central,"2025-05-10 10:33:14","2025-05-10 10:33:15",wiwin.dwiutami.hakim,wiwin.dwiutami.hakim
2146,22,92,active,Kediri,"2025-05-10 10:33:14","2025-05-10 10:33:15",wiwin.dwiutami.hakim,wiwin.dwiutami.hakim
2147,22,93,active,Madiun,"2025-05-10 10:33:14","2025-05-10 10:33:15",wiwin.dwiutami.hakim,wiwin.dwiutami.hakim
2148,22,94,active,Binjai,"2025-05-10 10:33:14","2025-05-10 10:33:15",wiwin.dwiutami.hakim,wiwin.dwiutami.hakim
2149,22,95,active,Samarinda,"2025-05-10 10:33:14","2025-05-10 10:33:15",wiwin.dwiutami.hakim,wiwin.dwiutami.hakim
2150,22,96,active,Banjarmasin,"2025-05-10 10:33:14","2025-05-10 10:33:15",wiwin.dwiutami.hakim,wiwin.dwiutami.hakim
2151,22,97,active,Banjar Baru,"2025-05-10 10:33:14","2025-05-10 10:33:15",wiwin.dwiutami.hakim,wiwin.dwiutami.hakim
2152,22,98,active,Gresik South,"2025-05-10 10:33:14","2025-05-10 10:33:15",wiwin.dwiutami.hakim,wiwin.dwiutami.hakim
2153,22,100,active,Gresik North,"2025-05-10 10:33:14","2025-05-10 10:33:15",wiwin.dwiutami.hakim,wiwin.dwiutami.hakim
2154,22,101,active,Mojokerto North,"2025-05-10 10:33:14","2025-05-10 10:33:15",wiwin.dwiutami.hakim,wiwin.dwiutami.hakim
2155,22,102,active,Mojokerto South,"2025-05-10 10:33:14","2025-05-10 10:33:15",wiwin.dwiutami.hakim,wiwin.dwiutami.hakim
2156,22,103,active,Deli Serdang East,"2025-05-10 10:33:14","2025-05-10 10:33:15",wiwin.dwiutami.hakim,wiwin.dwiutami.hakim
2157,22,104,active,Deli Serdang Central,"2025-05-10 10:33:14","2025-05-10 10:33:15",wiwin.dwiutami.hakim,wiwin.dwiutami.hakim
2158,22,105,active,Deli Serdang West,"2025-05-10 10:33:14","2025-05-10 10:33:15",wiwin.dwiutami.hakim,wiwin.dwiutami.hakim
2159,22,107,active,Malang Kabupaten West,"2025-05-10 10:33:14","2025-05-10 10:33:15",wiwin.dwiutami.hakim,wiwin.dwiutami.hakim
2160,22,108,active,Malang Kabupaten East,"2025-05-10 10:33:14","2025-05-10 10:33:15",wiwin.dwiutami.hakim,wiwin.dwiutami.hakim
2161,22,109,active,Tabanan South,"2025-05-10 10:33:14","2025-05-10 10:33:15",wiwin.dwiutami.hakim,wiwin.dwiutami.hakim
2162,22,110,active,Badung Central,"2025-05-10 10:33:14","2025-05-10 10:33:15",wiwin.dwiutami.hakim,wiwin.dwiutami.hakim
2163,22,111,active,Gianyar South,"2025-05-10 10:33:14","2025-05-10 10:33:15",wiwin.dwiutami.hakim,wiwin.dwiutami.hakim
2164,22,112,active,Pekanbaru North,"2025-05-10 10:33:14","2025-05-10 10:33:15",wiwin.dwiutami.hakim,wiwin.dwiutami.hakim
2165,22,113,active,Kampar North,"2025-05-10 10:33:14","2025-05-10 10:33:15",wiwin.dwiutami.hakim,wiwin.dwiutami.hakim
2166,22,115,active,Kampar East,"2025-05-10 10:33:14","2025-05-10 10:33:15",wiwin.dwiutami.hakim,wiwin.dwiutami.hakim
2167,22,116,active,Bandung Kabupaten South,"2025-05-10 10:33:14","2025-05-10 10:33:15",wiwin.dwiutami.hakim,wiwin.dwiutami.hakim
2168,22,117,active,Sukoharjo North,"2025-05-10 10:33:14","2025-05-10 10:33:15",wiwin.dwiutami.hakim,wiwin.dwiutami.hakim
2169,22,118,active,Karanganyar West,"2025-05-10 10:33:14","2025-05-10 10:33:15",wiwin.dwiutami.hakim,wiwin.dwiutami.hakim
2170,22,121,active,Jambi,"2025-05-10 10:33:14","2025-05-10 10:33:15",wiwin.dwiutami.hakim,wiwin.dwiutami.hakim
2171,22,123,active,Bekasi Kabupaten South,"2025-05-10 10:33:14","2025-05-10 10:33:15",wiwin.dwiutami.hakim,wiwin.dwiutami.hakim
2172,22,124,active,Metro,"2025-05-10 10:33:14","2025-05-10 10:33:15",wiwin.dwiutami.hakim,wiwin.dwiutami.hakim
2173,22,125,active,Tegal Kabupaten North,"2025-05-10 10:33:14","2025-05-10 10:33:15",wiwin.dwiutami.hakim,wiwin.dwiutami.hakim
2174,22,126,active,Brebes North,"2025-05-10 10:33:14","2025-05-10 10:33:15",wiwin.dwiutami.hakim,wiwin.dwiutami.hakim
2175,22,127,active,Palu,"2025-05-10 10:33:14","2025-05-10 10:33:15",wiwin.dwiutami.hakim,wiwin.dwiutami.hakim
2176,22,128,active,Sleman East,"2025-05-10 10:33:14","2025-05-10 10:33:15",wiwin.dwiutami.hakim,wiwin.dwiutami.hakim
2177,22,129,active,Sleman West,"2025-05-10 10:33:14","2025-05-10 10:33:15",wiwin.dwiutami.hakim,wiwin.dwiutami.hakim
2178,22,130,active,Kediri Kabupaten West,"2025-05-10 10:33:14","2025-05-10 10:33:15",wiwin.dwiutami.hakim,wiwin.dwiutami.hakim
2179,22,131,active,Kediri Kabupaten East,"2025-05-10 10:33:14","2025-05-10 10:33:15",wiwin.dwiutami.hakim,wiwin.dwiutami.hakim
2180,22,132,active,Jombang,"2025-05-10 10:33:14","2025-05-10 10:33:15",wiwin.dwiutami.hakim,wiwin.dwiutami.hakim
2181,22,133,active,Ungaran West,"2025-05-10 10:33:14","2025-05-10 10:33:15",wiwin.dwiutami.hakim,wiwin.dwiutami.hakim
2182,22,134,active,Ungaran East,"2025-05-10 10:33:14","2025-05-10 10:33:15",wiwin.dwiutami.hakim,wiwin.dwiutami.hakim
2183,22,135,active,Salatiga West,"2025-05-10 10:33:14","2025-05-10 10:33:15",wiwin.dwiutami.hakim,wiwin.dwiutami.hakim
2184,22,136,active,Salatiga East,"2025-05-10 10:33:14","2025-05-10 10:33:15",wiwin.dwiutami.hakim,wiwin.dwiutami.hakim
2185,22,137,active,Magelang,"2025-05-10 10:33:14","2025-05-10 10:33:15",wiwin.dwiutami.hakim,wiwin.dwiutami.hakim
2186,22,138,active,Sukabumi North,"2025-05-10 10:33:14","2025-05-10 10:33:15",wiwin.dwiutami.hakim,wiwin.dwiutami.hakim
2187,22,139,active,Sukabumi West,"2025-05-10 10:33:14","2025-05-10 10:33:15",wiwin.dwiutami.hakim,wiwin.dwiutami.hakim
2188,22,140,active,Sukabumi Central,"2025-05-10 10:33:14","2025-05-10 10:33:15",wiwin.dwiutami.hakim,wiwin.dwiutami.hakim
2189,22,141,active,Garut Central,"2025-05-10 10:33:14","2025-05-10 10:33:15",wiwin.dwiutami.hakim,wiwin.dwiutami.hakim
2190,22,142,active,Kudus Central,"2025-05-10 10:33:14","2025-05-10 10:33:15",wiwin.dwiutami.hakim,wiwin.dwiutami.hakim
2191,22,143,active,Pangkal Pinang,"2025-05-10 10:33:14","2025-05-10 10:33:15",wiwin.dwiutami.hakim,wiwin.dwiutami.hakim
2192,22,144,active,Tanjung Pinang,"2025-05-10 10:33:14","2025-05-10 10:33:15",wiwin.dwiutami.hakim,wiwin.dwiutami.hakim
2193,22,145,active,Pematang Siantar,"2025-05-10 10:33:14","2025-05-10 10:33:15",wiwin.dwiutami.hakim,wiwin.dwiutami.hakim
2194,22,147,active,Sukoharjo South,"2025-05-10 10:33:14","2025-05-10 10:33:15",wiwin.dwiutami.hakim,wiwin.dwiutami.hakim
2195,22,148,active,Sragen South West,"2025-05-10 10:33:14","2025-05-10 10:33:15",wiwin.dwiutami.hakim,wiwin.dwiutami.hakim
2196,22,149,active,Magetan North,"2025-05-10 10:33:14","2025-05-10 10:33:15",wiwin.dwiutami.hakim,wiwin.dwiutami.hakim
2197,22,150,active,Madiun Kabupaten South,"2025-05-10 10:33:14","2025-05-10 10:33:15",wiwin.dwiutami.hakim,wiwin.dwiutami.hakim
2198,22,151,active,Malang Kabupaten North,"2025-05-10 10:33:14","2025-05-10 10:33:15",wiwin.dwiutami.hakim,wiwin.dwiutami.hakim
2199,22,152,active,Karanganyar North,"2025-05-10 10:33:14","2025-05-10 10:33:15",wiwin.dwiutami.hakim,wiwin.dwiutami.hakim
2200,22,153,active,Payakumbuh,"2025-05-10 10:33:14","2025-05-10 10:33:15",wiwin.dwiutami.hakim,wiwin.dwiutami.hakim
2201,22,154,active,Banda Aceh,"2025-05-10 10:33:14","2025-05-10 10:33:15",wiwin.dwiutami.hakim,wiwin.dwiutami.hakim
2202,22,155,active,Magetan South,"2025-05-10 10:33:14","2025-05-10 10:33:15",wiwin.dwiutami.hakim,wiwin.dwiutami.hakim
2203,22,156,active,Bukittinggi Kabupaten East,"2025-05-10 10:33:14","2025-05-10 10:33:15",wiwin.dwiutami.hakim,wiwin.dwiutami.hakim
2204,22,157,active,Gorontalo,"2025-05-10 10:33:14","2025-05-10 10:33:15",wiwin.dwiutami.hakim,wiwin.dwiutami.hakim
2205,22,158,active,Kendari,"2025-05-10 10:33:14","2025-05-10 10:33:15",wiwin.dwiutami.hakim,wiwin.dwiutami.hakim
2206,22,159,active,Purwokerto,"2025-05-10 10:33:14","2025-05-10 10:33:15",wiwin.dwiutami.hakim,wiwin.dwiutami.hakim
2207,22,160,active,Tasikmalaya,"2025-05-10 10:33:14","2025-05-10 10:33:15",wiwin.dwiutami.hakim,wiwin.dwiutami.hakim
2208,22,161,active,Cianjur,"2025-05-10 10:33:14","2025-05-10 10:33:15",wiwin.dwiutami.hakim,wiwin.dwiutami.hakim
2209,22,162,active,Lembang,"2025-05-10 10:33:14","2025-05-10 10:33:15",wiwin.dwiutami.hakim,wiwin.dwiutami.hakim
2210,22,163,active,Sragen South East,"2025-05-10 10:33:15","2025-05-10 10:33:15",wiwin.dwiutami.hakim,wiwin.dwiutami.hakim
2211,22,164,active,Cilacap,"2025-05-10 10:33:15","2025-05-10 10:33:15",wiwin.dwiutami.hakim,wiwin.dwiutami.hakim
2212,22,165,active,Banyumas East,"2025-05-10 10:33:15","2025-05-10 10:33:15",wiwin.dwiutami.hakim,wiwin.dwiutami.hakim
2213,22,166,active,Purbalingga West,"2025-05-10 10:33:15","2025-05-10 10:33:15",wiwin.dwiutami.hakim,wiwin.dwiutami.hakim
2214,22,167,active,Klaten North,"2025-05-10 10:33:15","2025-05-10 10:33:15",wiwin.dwiutami.hakim,wiwin.dwiutami.hakim
2215,22,168,active,Klaten East,"2025-05-10 10:33:15","2025-05-10 10:33:15",wiwin.dwiutami.hakim,wiwin.dwiutami.hakim
2216,22,169,active,Klaten South,"2025-05-10 10:33:15","2025-05-10 10:33:15",wiwin.dwiutami.hakim,wiwin.dwiutami.hakim
2217,22,170,active,Ngawi Central,"2025-05-10 10:33:15","2025-05-10 10:33:15",wiwin.dwiutami.hakim,wiwin.dwiutami.hakim
2218,22,171,active,Magetan Central,"2025-05-10 10:33:15","2025-05-10 10:33:15",wiwin.dwiutami.hakim,wiwin.dwiutami.hakim
2219,22,172,active,Madiun Kabupaten North,"2025-05-10 10:33:15","2025-05-10 10:33:15",wiwin.dwiutami.hakim,wiwin.dwiutami.hakim
2220,22,173,active,Madiun Kabupaten East,"2025-05-10 10:33:15","2025-05-10 10:33:15",wiwin.dwiutami.hakim,wiwin.dwiutami.hakim
2221,22,174,active,Indramayu,"2025-05-10 10:33:15","2025-05-10 10:33:15",wiwin.dwiutami.hakim,wiwin.dwiutami.hakim
2222,22,175,active,Subang Central,"2025-05-10 10:33:15","2025-05-10 10:33:15",wiwin.dwiutami.hakim,wiwin.dwiutami.hakim
2223,22,177,active,Magelang Kabupaten South East,"2025-05-10 10:33:15","2025-05-10 10:33:15",wiwin.dwiutami.hakim,wiwin.dwiutami.hakim
2224,22,178,active,Karanganyar South,"2025-05-10 10:33:15","2025-05-10 10:33:15",wiwin.dwiutami.hakim,wiwin.dwiutami.hakim
2225,22,180,active,Malang Kabupaten South,"2025-05-10 10:33:15","2025-05-10 10:33:15",wiwin.dwiutami.hakim,wiwin.dwiutami.hakim
2226,22,181,active,Bangkalan West,"2025-05-10 10:33:15","2025-05-10 10:33:15",wiwin.dwiutami.hakim,wiwin.dwiutami.hakim
2227,22,182,active,Demak Central,"2025-05-10 10:33:15","2025-05-10 10:33:15",wiwin.dwiutami.hakim,wiwin.dwiutami.hakim
2228,22,183,active,Demak Kabupaten South,"2025-05-10 10:33:15","2025-05-10 10:33:15",wiwin.dwiutami.hakim,wiwin.dwiutami.hakim
2229,22,184,active,Demak East,"2025-05-10 10:33:15","2025-05-10 10:33:15",wiwin.dwiutami.hakim,wiwin.dwiutami.hakim
2230,22,185,active,Kudus North,"2025-05-10 10:33:15","2025-05-10 10:33:15",wiwin.dwiutami.hakim,wiwin.dwiutami.hakim
2231,22,186,active,Kudus South,"2025-05-10 10:33:15","2025-05-10 10:33:15",wiwin.dwiutami.hakim,wiwin.dwiutami.hakim
2232,22,187,active,Jepara South,"2025-05-10 10:33:15","2025-05-10 10:33:15",wiwin.dwiutami.hakim,wiwin.dwiutami.hakim
2233,22,188,active,Boyolali South,"2025-05-10 10:33:15","2025-05-10 10:33:15",wiwin.dwiutami.hakim,wiwin.dwiutami.hakim
2234,22,189,active,Boyolali Kabupaten East,"2025-05-10 10:33:15","2025-05-10 10:33:15",wiwin.dwiutami.hakim,wiwin.dwiutami.hakim
2235,22,190,active,Majalengka,"2025-05-10 10:33:15","2025-05-10 10:33:15",wiwin.dwiutami.hakim,wiwin.dwiutami.hakim
2236,22,191,active,Surabaya East,"2025-05-10 10:33:15","2025-05-10 10:33:15",wiwin.dwiutami.hakim,wiwin.dwiutami.hakim
2237,22,192,active,Sidoarjo North,"2025-05-10 10:33:15","2025-05-10 10:33:15",wiwin.dwiutami.hakim,wiwin.dwiutami.hakim
2238,22,193,active,Magelang Kabupaten North,"2025-05-10 10:33:15","2025-05-10 10:33:15",wiwin.dwiutami.hakim,wiwin.dwiutami.hakim
2239,22,194,active,Kupang,"2025-05-10 10:33:15","2025-05-10 10:33:15",wiwin.dwiutami.hakim,wiwin.dwiutami.hakim
2240,22,195,active,Jayapura,"2025-05-10 10:33:15","2025-05-10 10:33:15",wiwin.dwiutami.hakim,wiwin.dwiutami.hakim
2241,22,196,active,Wonogiri,"2025-05-10 10:33:15","2025-05-10 10:33:15",wiwin.dwiutami.hakim,wiwin.dwiutami.hakim
2242,22,197,active,Banyuwangi Kabupaten North,"2025-05-10 10:33:15","2025-05-10 10:33:15",wiwin.dwiutami.hakim,wiwin.dwiutami.hakim
2243,22,198,active,Bojonegoro,"2025-05-10 10:33:15","2025-05-10 10:33:15",wiwin.dwiutami.hakim,wiwin.dwiutami.hakim
2244,22,199,active,Padang Pariaman Kabupaten South,"2025-05-10 10:33:15","2025-05-10 10:33:15",wiwin.dwiutami.hakim,wiwin.dwiutami.hakim
2245,22,200,active,Padang Pariaman,"2025-05-10 10:33:15","2025-05-10 10:33:15",wiwin.dwiutami.hakim,wiwin.dwiutami.hakim
2246,22,201,active,Purworejo,"2025-05-10 10:33:15","2025-05-10 10:33:15",wiwin.dwiutami.hakim,wiwin.dwiutami.hakim
2247,22,202,active,Demak Kabupaten South East,"2025-05-10 10:33:15","2025-05-10 10:33:15",wiwin.dwiutami.hakim,wiwin.dwiutami.hakim
2248,22,203,active,Demak Kabupaten West,"2025-05-10 10:33:15","2025-05-10 10:33:15",wiwin.dwiutami.hakim,wiwin.dwiutami.hakim
2249,22,204,active,Yogyakarta - Bantul South,"2025-05-10 10:33:15","2025-05-10 10:33:15",wiwin.dwiutami.hakim,wiwin.dwiutami.hakim
2250,22,205,active,Magelang Kabupaten West,"2025-05-10 10:33:15","2025-05-10 10:33:15",wiwin.dwiutami.hakim,wiwin.dwiutami.hakim
2251,22,206,active,Yogyakarta - Bantul West,"2025-05-10 10:33:15","2025-05-10 10:33:15",wiwin.dwiutami.hakim,wiwin.dwiutami.hakim
2252,22,207,active,Magelang Kabupaten South,"2025-05-10 10:33:15","2025-05-10 10:33:15",wiwin.dwiutami.hakim,wiwin.dwiutami.hakim
2253,22,208,active,Pekalongan Kabupaten South,"2025-05-10 10:33:15","2025-05-10 10:33:15",wiwin.dwiutami.hakim,wiwin.dwiutami.hakim
2254,22,209,active,Pamekasan South,"2025-05-10 10:33:15","2025-05-10 10:33:15",wiwin.dwiutami.hakim,wiwin.dwiutami.hakim
2255,22,210,active,Jepara,"2025-05-10 10:33:15","2025-05-10 10:33:15",wiwin.dwiutami.hakim,wiwin.dwiutami.hakim
2256,22,211,active,Bandar Lampung Kabupaten North,"2025-05-10 10:33:15","2025-05-10 10:33:15",wiwin.dwiutami.hakim,wiwin.dwiutami.hakim
2257,22,212,active,Maros,"2025-05-10 10:33:15","2025-05-10 10:33:15",wiwin.dwiutami.hakim,wiwin.dwiutami.hakim
2258,22,213,active,Pasuruan Kabupaten East,"2025-05-10 10:33:15","2025-05-10 10:33:15",wiwin.dwiutami.hakim,wiwin.dwiutami.hakim
2259,22,214,active,Buleleng Central,"2025-05-10 10:33:15","2025-05-10 10:33:15",wiwin.dwiutami.hakim,wiwin.dwiutami.hakim
2260,22,215,active,Sumedang,"2025-05-10 10:33:15","2025-05-10 10:33:15",wiwin.dwiutami.hakim,wiwin.dwiutami.hakim
2261,22,216,active,Palangkaraya,"2025-05-10 10:33:15","2025-05-10 10:33:15",wiwin.dwiutami.hakim,wiwin.dwiutami.hakim
2262,22,217,active,Ambon,"2025-05-10 10:33:15","2025-05-10 10:33:15",wiwin.dwiutami.hakim,wiwin.dwiutami.hakim
2263,22,218,active,Banyuwangi Kabupaten West,"2025-05-10 10:33:15","2025-05-10 10:33:15",wiwin.dwiutami.hakim,wiwin.dwiutami.hakim
2264,22,219,active,Subang Kabupaten West,"2025-05-10 10:33:15","2025-05-10 10:33:15",wiwin.dwiutami.hakim,wiwin.dwiutami.hakim
2265,22,220,active,Palopo,"2025-05-10 10:33:15","2025-05-10 10:33:15",wiwin.dwiutami.hakim,wiwin.dwiutami.hakim
2266,22,221,active,Probolinggo North East,"2025-05-10 10:33:15","2025-05-10 10:33:15",wiwin.dwiutami.hakim,wiwin.dwiutami.hakim
2267,22,223,active,Ambon East,"2025-05-10 10:33:15","2025-05-10 10:33:15",wiwin.dwiutami.hakim,wiwin.dwiutami.hakim
2268,22,224,active,Ambon North,"2025-05-10 10:33:15","2025-05-10 10:33:15",wiwin.dwiutami.hakim,wiwin.dwiutami.hakim
2269,22,225,active,Bangka Kabupaten South,"2025-05-10 10:33:15","2025-05-10 10:33:15",wiwin.dwiutami.hakim,wiwin.dwiutami.hakim
2270,22,226,active,Belitung,"2025-05-10 10:33:15","2025-05-10 10:33:15",wiwin.dwiutami.hakim,wiwin.dwiutami.hakim
2271,22,227,active,Tenggarong,"2025-05-10 10:33:15","2025-05-10 10:33:15",wiwin.dwiutami.hakim,wiwin.dwiutami.hakim
2272,22,228,active,Buleleng West,"2025-05-10 10:33:15","2025-05-10 10:33:15",wiwin.dwiutami.hakim,wiwin.dwiutami.hakim
2273,22,229,active,Bandar Lampung Kabupaten East,"2025-05-10 10:33:15","2025-05-10 10:33:15",wiwin.dwiutami.hakim,wiwin.dwiutami.hakim
2274,22,230,active,Bontang,"2025-05-10 10:33:15","2025-05-10 10:33:15",wiwin.dwiutami.hakim,wiwin.dwiutami.hakim
2275,22,231,active,Sorong,"2025-05-10 10:33:15","2025-05-10 10:33:15",wiwin.dwiutami.hakim,wiwin.dwiutami.hakim
2276,22,232,active,Ternate,"2025-05-10 10:33:15","2025-05-10 10:33:15",wiwin.dwiutami.hakim,wiwin.dwiutami.hakim
2277,22,233,active,Tomohon,"2025-05-10 10:33:15","2025-05-10 10:33:15",wiwin.dwiutami.hakim,wiwin.dwiutami.hakim
2278,22,234,active,Subang Kabupaten North,"2025-05-10 10:33:15","2025-05-10 10:33:15",wiwin.dwiutami.hakim,wiwin.dwiutami.hakim
2279,22,235,active,Indramayu Kabupaten,"2025-05-10 10:33:15","2025-05-10 10:33:15",wiwin.dwiutami.hakim,wiwin.dwiutami.hakim
2280,22,236,active,Rangkasbitung,"2025-05-10 10:33:15","2025-05-10 10:33:15",wiwin.dwiutami.hakim,wiwin.dwiutami.hakim
2281,22,237,active,Manado North East,"2025-05-10 10:33:15","2025-05-10 10:33:15",wiwin.dwiutami.hakim,wiwin.dwiutami.hakim
2282,22,238,active,Kulon Progo,"2025-05-10 10:33:15","2025-05-10 10:33:15",wiwin.dwiutami.hakim,wiwin.dwiutami.hakim
2283,22,239,active,Manado East,"2025-05-10 10:33:15","2025-05-10 10:33:15",wiwin.dwiutami.hakim,wiwin.dwiutami.hakim
2284,22,240,active,Pemalang,"2025-05-10 10:33:15","2025-05-10 10:33:15",wiwin.dwiutami.hakim,wiwin.dwiutami.hakim
2285,22,241,active,Jembrana,"2025-05-10 10:33:15","2025-05-10 10:33:15",wiwin.dwiutami.hakim,wiwin.dwiutami.hakim
2286,22,242,active,Bondowoso,"2025-05-10 10:33:15","2025-05-10 10:33:15",wiwin.dwiutami.hakim,wiwin.dwiutami.hakim
2287,22,243,active,West Lombok,"2025-05-10 10:33:15","2025-05-10 10:33:15",wiwin.dwiutami.hakim,wiwin.dwiutami.hakim
2288,22,244,active,Pandeglang,"2025-05-10 10:33:15","2025-05-10 10:33:15",wiwin.dwiutami.hakim,wiwin.dwiutami.hakim
2289,22,245,active,Kendal,"2025-05-10 10:33:15","2025-05-10 10:33:15",wiwin.dwiutami.hakim,wiwin.dwiutami.hakim
2290,22,246,active,Nganjuk,"2025-05-10 10:33:15","2025-05-10 10:33:15",wiwin.dwiutami.hakim,wiwin.dwiutami.hakim
2291,22,247,active,Rembang,"2025-05-10 10:33:15","2025-05-10 10:33:15",wiwin.dwiutami.hakim,wiwin.dwiutami.hakim
2292,22,248,active,Pati,"2025-05-10 10:33:15","2025-05-10 10:33:15",wiwin.dwiutami.hakim,wiwin.dwiutami.hakim
2293,22,249,active,Blora,"2025-05-10 10:33:15","2025-05-10 10:33:15",wiwin.dwiutami.hakim,wiwin.dwiutami.hakim
2294,22,250,active,Purwodadi,"2025-05-10 10:33:15","2025-05-10 10:33:15",wiwin.dwiutami.hakim,wiwin.dwiutami.hakim
2295,22,251,active,Bandung West,"2025-05-10 10:33:15","2025-05-10 10:33:15",wiwin.dwiutami.hakim,wiwin.dwiutami.hakim
2296,22,252,active,Pangkajene Kepulauan,"2025-05-10 10:33:15","2025-05-10 10:33:15",wiwin.dwiutami.hakim,wiwin.dwiutami.hakim
2297,22,253,active,Sidenreng Rappang,"2025-05-10 10:33:15","2025-05-10 10:33:15",wiwin.dwiutami.hakim,wiwin.dwiutami.hakim
2298,22,254,active,Tanjung Balai,"2025-05-10 10:33:15","2025-05-10 10:33:15",wiwin.dwiutami.hakim,wiwin.dwiutami.hakim
2299,22,255,active,Blitar,"2025-05-10 10:33:15","2025-05-10 10:33:15",wiwin.dwiutami.hakim,wiwin.dwiutami.hakim
2300,22,256,active,Tulungagung,"2025-05-10 10:33:15","2025-05-10 10:33:15",wiwin.dwiutami.hakim,wiwin.dwiutami.hakim
2301,22,257,active,Bengkulu,"2025-05-10 10:33:15","2025-05-10 10:33:15",wiwin.dwiutami.hakim,wiwin.dwiutami.hakim
2302,22,258,active,Mamuju,"2025-05-10 10:33:15","2025-05-10 10:33:15",wiwin.dwiutami.hakim,wiwin.dwiutami.hakim
2303,22,259,active,Watampone,"2025-05-10 10:33:15","2025-05-10 10:33:15",wiwin.dwiutami.hakim,wiwin.dwiutami.hakim
2304,22,260,active,Parepare,"2025-05-10 10:33:15","2025-05-10 10:33:15",wiwin.dwiutami.hakim,wiwin.dwiutami.hakim
2305,22,261,active,Batang,"2025-05-10 10:33:15","2025-05-10 10:33:15",wiwin.dwiutami.hakim,wiwin.dwiutami.hakim
2306,22,262,active,Blora Kabupaten South,"2025-05-10 10:33:15","2025-05-10 10:33:15",wiwin.dwiutami.hakim,wiwin.dwiutami.hakim
2307,22,263,active,Bojonegoro West,"2025-05-10 10:33:15","2025-05-10 10:33:15",wiwin.dwiutami.hakim,wiwin.dwiutami.hakim
2308,22,264,active,Grobogan Kabupaten East,"2025-05-10 10:33:15","2025-05-10 10:33:15",wiwin.dwiutami.hakim,wiwin.dwiutami.hakim
2309,22,265,active,Grobogan Kabupaten West,"2025-05-10 10:33:15","2025-05-10 10:33:15",wiwin.dwiutami.hakim,wiwin.dwiutami.hakim
2310,22,266,active,Jepara North,"2025-05-10 10:33:15","2025-05-10 10:33:15",wiwin.dwiutami.hakim,wiwin.dwiutami.hakim
2311,22,267,active,Kendal Kabupaten South,"2025-05-10 10:33:15","2025-05-10 10:33:15",wiwin.dwiutami.hakim,wiwin.dwiutami.hakim
2312,22,268,active,Labuhan,"2025-05-10 10:33:15","2025-05-10 10:33:15",wiwin.dwiutami.hakim,wiwin.dwiutami.hakim
2313,22,269,active,Pandeglang Kabupaten North East,"2025-05-10 10:33:15","2025-05-10 10:33:15",wiwin.dwiutami.hakim,wiwin.dwiutami.hakim
2314,22,270,active,Lamongan Kabupaten North,"2025-05-10 10:33:15","2025-05-10 10:33:15",wiwin.dwiutami.hakim,wiwin.dwiutami.hakim
2315,22,271,active,Lamongan Kabupaten West,"2025-05-10 10:33:15","2025-05-10 10:33:15",wiwin.dwiutami.hakim,wiwin.dwiutami.hakim
2316,22,272,active,Pati Kabupaten North,"2025-05-10 10:33:15","2025-05-10 10:33:15",wiwin.dwiutami.hakim,wiwin.dwiutami.hakim
2317,22,273,active,Pati Kabupaten South,"2025-05-10 10:33:15","2025-05-10 10:33:15",wiwin.dwiutami.hakim,wiwin.dwiutami.hakim
2318,22,274,active,Rembang Kabupaten East,"2025-05-10 10:33:15","2025-05-10 10:33:15",wiwin.dwiutami.hakim,wiwin.dwiutami.hakim
2319,22,275,active,Sampang,"2025-05-10 10:33:15","2025-05-10 10:33:15",wiwin.dwiutami.hakim,wiwin.dwiutami.hakim
2320,22,276,active,Sumenep,"2025-05-10 10:33:15","2025-05-10 10:33:15",wiwin.dwiutami.hakim,wiwin.dwiutami.hakim
2321,22,277,active,Tuban,"2025-05-10 10:33:15","2025-05-10 10:33:15",wiwin.dwiutami.hakim,wiwin.dwiutami.hakim
2322,22,278,active,Takalar,"2025-05-10 10:33:15","2025-05-10 10:33:15",wiwin.dwiutami.hakim,wiwin.dwiutami.hakim
2323,22,279,active,Jeneponto,"2025-05-10 10:33:15","2025-05-10 10:33:15",wiwin.dwiutami.hakim,wiwin.dwiutami.hakim
2324,22,280,active,Bantaeng,"2025-05-10 10:33:15","2025-05-10 10:33:15",wiwin.dwiutami.hakim,wiwin.dwiutami.hakim
2325,22,281,active,Bulukumba,"2025-05-10 10:33:15","2025-05-10 10:33:15",wiwin.dwiutami.hakim,wiwin.dwiutami.hakim
2326,22,282,active,Sinjai,"2025-05-10 10:33:15","2025-05-10 10:33:15",wiwin.dwiutami.hakim,wiwin.dwiutami.hakim
2327,22,283,active,Bone,"2025-05-10 10:33:15","2025-05-10 10:33:15",wiwin.dwiutami.hakim,wiwin.dwiutami.hakim
2328,22,284,active,Takalar Kabupaten West,"2025-05-10 10:33:15","2025-05-10 10:33:15",wiwin.dwiutami.hakim,wiwin.dwiutami.hakim
2329,22,285,active,Gowa Kabupaten West,"2025-05-10 10:33:15","2025-05-10 10:33:15",wiwin.dwiutami.hakim,wiwin.dwiutami.hakim
2330,22,286,active,Barru,"2025-05-10 10:33:15","2025-05-10 10:33:15",wiwin.dwiutami.hakim,wiwin.dwiutami.hakim
2331,22,287,active,Soppeng,"2025-05-10 10:33:15","2025-05-10 10:33:15",wiwin.dwiutami.hakim,wiwin.dwiutami.hakim
2332,22,288,active,Wajo,"2025-05-10 10:33:15","2025-05-10 10:33:15",wiwin.dwiutami.hakim,wiwin.dwiutami.hakim
2333,22,289,active,Pinrang,"2025-05-10 10:33:15","2025-05-10 10:33:15",wiwin.dwiutami.hakim,wiwin.dwiutami.hakim
2334,22,290,active,Enrekang,"2025-05-10 10:33:15","2025-05-10 10:33:15",wiwin.dwiutami.hakim,wiwin.dwiutami.hakim
2335,22,291,active,Polewali Mandar,"2025-05-10 10:33:15","2025-05-10 10:33:15",wiwin.dwiutami.hakim,wiwin.dwiutami.hakim
2336,22,292,active,Tana Toraja,"2025-05-10 10:33:15","2025-05-10 10:33:15",wiwin.dwiutami.hakim,wiwin.dwiutami.hakim
2337,22,293,active,North Luwu,"2025-05-10 10:33:15","2025-05-10 10:33:15",wiwin.dwiutami.hakim,wiwin.dwiutami.hakim
2338,22,294,active,East Luwu,"2025-05-10 10:33:15","2025-05-10 10:33:15",wiwin.dwiutami.hakim,wiwin.dwiutami.hakim
2339,22,295,active,Luwu,"2025-05-10 10:33:15","2025-05-10 10:33:15",wiwin.dwiutami.hakim,wiwin.dwiutami.hakim
2340,22,296,active,Muna,"2025-05-10 10:33:15","2025-05-10 10:33:15",wiwin.dwiutami.hakim,wiwin.dwiutami.hakim
2341,22,297,active,Baubau,"2025-05-10 10:33:15","2025-05-10 10:33:15",wiwin.dwiutami.hakim,wiwin.dwiutami.hakim
2342,22,298,active,North Mamuju,"2025-05-10 10:33:15","2025-05-10 10:33:15",wiwin.dwiutami.hakim,wiwin.dwiutami.hakim
2343,22,299,active,Konawe,"2025-05-10 10:33:15","2025-05-10 10:33:15",wiwin.dwiutami.hakim,wiwin.dwiutami.hakim
2344,22,300,active,Parigi Kabupaten South,"2025-05-10 10:33:15","2025-05-10 10:33:15",wiwin.dwiutami.hakim,wiwin.dwiutami.hakim
2345,22,301,active,Poso,"2025-05-10 10:33:15","2025-05-10 10:33:15",wiwin.dwiutami.hakim,wiwin.dwiutami.hakim
2346,22,302,active,Banggai,"2025-05-10 10:33:15","2025-05-10 10:33:15",wiwin.dwiutami.hakim,wiwin.dwiutami.hakim
2347,22,303,active,Maros Kabupaten North,"2025-05-10 10:33:15","2025-05-10 10:33:15",wiwin.dwiutami.hakim,wiwin.dwiutami.hakim
2348,22,304,active,Majene,"2025-05-10 10:33:15","2025-05-10 10:33:15",wiwin.dwiutami.hakim,wiwin.dwiutami.hakim
2349,22,305,active,North Toraja,"2025-05-10 10:33:15","2025-05-10 10:33:15",wiwin.dwiutami.hakim,wiwin.dwiutami.hakim
2350,22,306,active,Aceh Singkil,"2025-05-10 10:33:15","2025-05-10 10:33:15",wiwin.dwiutami.hakim,wiwin.dwiutami.hakim
2351,22,307,active,Aceh Tenggara,"2025-05-10 10:33:15","2025-05-10 10:33:15",wiwin.dwiutami.hakim,wiwin.dwiutami.hakim
2352,22,308,active,Asahan,"2025-05-10 10:33:15","2025-05-10 10:33:15",wiwin.dwiutami.hakim,wiwin.dwiutami.hakim
2353,22,309,active,Batu Bara,"2025-05-10 10:33:15","2025-05-10 10:33:15",wiwin.dwiutami.hakim,wiwin.dwiutami.hakim
2354,22,310,active,Central Tapanuli,"2025-05-10 10:33:15","2025-05-10 10:33:15",wiwin.dwiutami.hakim,wiwin.dwiutami.hakim
2355,22,311,active,Dairi,"2025-05-10 10:33:15","2025-05-10 10:33:15",wiwin.dwiutami.hakim,wiwin.dwiutami.hakim
2356,22,312,active,Gunungsitoli,"2025-05-10 10:33:15","2025-05-10 10:33:15",wiwin.dwiutami.hakim,wiwin.dwiutami.hakim
2357,22,313,active,Karo,"2025-05-10 10:33:15","2025-05-10 10:33:15",wiwin.dwiutami.hakim,wiwin.dwiutami.hakim
2358,22,314,active,Labuhan Batu,"2025-05-10 10:33:15","2025-05-10 10:33:15",wiwin.dwiutami.hakim,wiwin.dwiutami.hakim
2359,22,315,active,Langkat,"2025-05-10 10:33:15","2025-05-10 10:33:15",wiwin.dwiutami.hakim,wiwin.dwiutami.hakim
2360,22,316,active,Mandailing Natal,"2025-05-10 10:33:15","2025-05-10 10:33:15",wiwin.dwiutami.hakim,wiwin.dwiutami.hakim
2361,22,317,active,Nias,"2025-05-10 10:33:15","2025-05-10 10:33:15",wiwin.dwiutami.hakim,wiwin.dwiutami.hakim
2362,22,318,active,North Labuhan Batu,"2025-05-10 10:33:15","2025-05-10 10:33:15",wiwin.dwiutami.hakim,wiwin.dwiutami.hakim
2363,22,319,active,North Padang Lawas,"2025-05-10 10:33:15","2025-05-10 10:33:15",wiwin.dwiutami.hakim,wiwin.dwiutami.hakim
2364,22,320,active,North Tapanuli,"2025-05-10 10:33:15","2025-05-10 10:33:15",wiwin.dwiutami.hakim,wiwin.dwiutami.hakim
2365,22,321,active,Padang Lawas,"2025-05-10 10:33:15","2025-05-10 10:33:15",wiwin.dwiutami.hakim,wiwin.dwiutami.hakim
2366,22,322,active,Padang Sidempuan,"2025-05-10 10:33:15","2025-05-10 10:33:15",wiwin.dwiutami.hakim,wiwin.dwiutami.hakim
2367,22,323,active,Samosir,"2025-05-10 10:33:15","2025-05-10 10:33:15",wiwin.dwiutami.hakim,wiwin.dwiutami.hakim
2368,22,324,active,Serdang Bedagai,"2025-05-10 10:33:15","2025-05-10 10:33:15",wiwin.dwiutami.hakim,wiwin.dwiutami.hakim
2369,22,325,active,Sibolga,"2025-05-10 10:33:15","2025-05-10 10:33:15",wiwin.dwiutami.hakim,wiwin.dwiutami.hakim
2370,22,326,active,South Labuhan Batu,"2025-05-10 10:33:15","2025-05-10 10:33:15",wiwin.dwiutami.hakim,wiwin.dwiutami.hakim
2371,22,327,active,Tebing Tinggi,"2025-05-10 10:33:15","2025-05-10 10:33:15",wiwin.dwiutami.hakim,wiwin.dwiutami.hakim
2372,22,328,active,Toba Samosir,"2025-05-10 10:33:15","2025-05-10 10:33:15",wiwin.dwiutami.hakim,wiwin.dwiutami.hakim
2373,22,329,active,Simalungun,"2025-05-10 10:33:15","2025-05-10 10:33:15",wiwin.dwiutami.hakim,wiwin.dwiutami.hakim
2374,22,330,active,Simalungun Kabupaten South,"2025-05-10 10:33:15","2025-05-10 10:33:15",wiwin.dwiutami.hakim,wiwin.dwiutami.hakim
2375,22,331,active,Boengkoelan,"2025-05-10 10:33:15","2025-05-10 10:33:15",wiwin.dwiutami.hakim,wiwin.dwiutami.hakim
2376,22,332,active,Jembrana West,"2025-05-10 10:33:15","2025-05-10 10:33:15",wiwin.dwiutami.hakim,wiwin.dwiutami.hakim
2377,22,333,active,Kebumen,"2025-05-10 10:33:15","2025-05-10 10:33:15",wiwin.dwiutami.hakim,wiwin.dwiutami.hakim
2378,22,334,active,Klungkung,"2025-05-10 10:33:15","2025-05-10 10:33:15",wiwin.dwiutami.hakim,wiwin.dwiutami.hakim
2379,22,335,active,Merauke,"2025-05-10 10:33:15","2025-05-10 10:33:15",wiwin.dwiutami.hakim,wiwin.dwiutami.hakim
2380,22,336,active,Singaparna,"2025-05-10 10:33:15","2025-05-10 10:33:15",wiwin.dwiutami.hakim,wiwin.dwiutami.hakim
2381,22,337,active,Trenggalek,"2025-05-10 10:33:15","2025-05-10 10:33:15",wiwin.dwiutami.hakim,wiwin.dwiutami.hakim
2382,22,338,active,Tulungagung South,"2025-05-10 10:33:15","2025-05-10 10:33:15",wiwin.dwiutami.hakim,wiwin.dwiutami.hakim
2383,22,339,active,Banjarnegara,"2025-05-10 10:33:15","2025-05-10 10:33:15",wiwin.dwiutami.hakim,wiwin.dwiutami.hakim
2384,22,340,active,Blitar Kabupaten East,"2025-05-10 10:33:15","2025-05-10 10:33:15",wiwin.dwiutami.hakim,wiwin.dwiutami.hakim
2385,22,341,active,Blora Kabupaten West,"2025-05-10 10:33:15","2025-05-10 10:33:15",wiwin.dwiutami.hakim,wiwin.dwiutami.hakim
2386,22,343,active,Cilacap Kabupaten East,"2025-05-10 10:33:15","2025-05-10 10:33:15",wiwin.dwiutami.hakim,wiwin.dwiutami.hakim
2387,22,344,active,Cilacap Kabupaten North,"2025-05-10 10:33:15","2025-05-10 10:33:15",wiwin.dwiutami.hakim,wiwin.dwiutami.hakim
2388,22,345,active,Brebes Kabupaten South,"2025-05-10 10:33:15","2025-05-10 10:33:15",wiwin.dwiutami.hakim,wiwin.dwiutami.hakim
2389,22,348,active,Gunung Kidul,"2025-05-10 10:33:15","2025-05-10 10:33:15",wiwin.dwiutami.hakim,wiwin.dwiutami.hakim
2390,22,349,active,Cilacap Kabupaten West,"2025-05-10 10:33:15","2025-05-10 10:33:15",wiwin.dwiutami.hakim,wiwin.dwiutami.hakim
2391,22,350,active,Lumajang,"2025-05-10 10:33:15","2025-05-10 10:33:15",wiwin.dwiutami.hakim,wiwin.dwiutami.hakim
2392,22,351,active,Pacitan,"2025-05-10 10:33:15","2025-05-10 10:33:15",wiwin.dwiutami.hakim,wiwin.dwiutami.hakim
2393,22,352,active,Pamekasan Kabupaten North,"2025-05-10 10:33:15","2025-05-10 10:33:15",wiwin.dwiutami.hakim,wiwin.dwiutami.hakim
2394,22,353,active,Purwodadi North,"2025-05-10 10:33:15","2025-05-10 10:33:15",wiwin.dwiutami.hakim,wiwin.dwiutami.hakim
2395,22,354,active,Purworejo North,"2025-05-10 10:33:15","2025-05-10 10:33:15",wiwin.dwiutami.hakim,wiwin.dwiutami.hakim
2396,22,355,active,Situbondo,"2025-05-10 10:33:15","2025-05-10 10:33:15",wiwin.dwiutami.hakim,wiwin.dwiutami.hakim
2397,22,356,active,Sumenep Kabupaten South,"2025-05-10 10:33:15","2025-05-10 10:33:15",wiwin.dwiutami.hakim,wiwin.dwiutami.hakim
2398,22,357,active,Tegal Kabupaten South,"2025-05-10 10:33:15","2025-05-10 10:33:15",wiwin.dwiutami.hakim,wiwin.dwiutami.hakim
2399,22,358,active,Temanggung,"2025-05-10 10:33:15","2025-05-10 10:33:15",wiwin.dwiutami.hakim,wiwin.dwiutami.hakim
2400,22,359,active,Wonosobo,"2025-05-10 10:33:15","2025-05-10 10:33:15",wiwin.dwiutami.hakim,wiwin.dwiutami.hakim
2401,22,360,active,Central Lombok Regency,"2025-05-10 10:33:15","2025-05-10 10:33:15",wiwin.dwiutami.hakim,wiwin.dwiutami.hakim
2402,22,362,active,Pati Kabupaten West,"2025-05-10 10:33:15","2025-05-10 10:33:15",wiwin.dwiutami.hakim,wiwin.dwiutami.hakim
2403,22,363,active,Pemalang Kabupaten South,"2025-05-10 10:33:15","2025-05-10 10:33:15",wiwin.dwiutami.hakim,wiwin.dwiutami.hakim
2404,22,364,active,Banjar,"2025-05-10 10:33:15","2025-05-10 10:33:15",wiwin.dwiutami.hakim,wiwin.dwiutami.hakim
2405,22,365,active,Ciamis,"2025-05-10 10:33:15","2025-05-10 10:33:15",wiwin.dwiutami.hakim,wiwin.dwiutami.hakim
2406,22,366,active,Cikuray,"2025-05-10 10:33:15","2025-05-10 10:33:15",wiwin.dwiutami.hakim,wiwin.dwiutami.hakim
2407,22,367,active,Garut Kabupaten,"2025-05-10 10:33:15","2025-05-10 10:33:15",wiwin.dwiutami.hakim,wiwin.dwiutami.hakim
2408,22,368,active,Garut Kabupaten South,"2025-05-10 10:33:15","2025-05-10 10:33:15",wiwin.dwiutami.hakim,wiwin.dwiutami.hakim
2409,22,369,active,Lembang North,"2025-05-10 10:33:15","2025-05-10 10:33:15",wiwin.dwiutami.hakim,wiwin.dwiutami.hakim
2410,22,370,active,Majalengka North,"2025-05-10 10:33:15","2025-05-10 10:33:15",wiwin.dwiutami.hakim,wiwin.dwiutami.hakim
2411,22,371,active,Pangandaran,"2025-05-10 10:33:15","2025-05-10 10:33:15",wiwin.dwiutami.hakim,wiwin.dwiutami.hakim
2412,22,372,active,Bandung Kabupaten West,"2025-05-10 10:33:15","2025-05-10 10:33:15",wiwin.dwiutami.hakim,wiwin.dwiutami.hakim
2413,22,373,active,Sukabumi South,"2025-05-10 10:33:15","2025-05-10 10:33:15",wiwin.dwiutami.hakim,wiwin.dwiutami.hakim
2414,22,374,active,Sumedang East,"2025-05-10 10:33:15","2025-05-10 10:33:15",wiwin.dwiutami.hakim,wiwin.dwiutami.hakim
2415,22,375,active,Sumedang West,"2025-05-10 10:33:15","2025-05-10 10:33:15",wiwin.dwiutami.hakim,wiwin.dwiutami.hakim
2416,22,376,active,Pringsewu,"2025-05-10 10:33:15","2025-05-10 10:33:15",wiwin.dwiutami.hakim,wiwin.dwiutami.hakim
2417,22,377,active,Tarakan,"2025-05-10 10:33:15","2025-05-10 10:33:15",wiwin.dwiutami.hakim,wiwin.dwiutami.hakim
2418,22,378,active,Hulu Sungai North,"2025-05-10 10:33:15","2025-05-10 10:33:15",wiwin.dwiutami.hakim,wiwin.dwiutami.hakim
2419,22,379,active,Balikpapan East,"2025-05-10 10:33:15","2025-05-10 10:33:15",wiwin.dwiutami.hakim,wiwin.dwiutami.hakim
2420,22,380,active,Bangka Kabupaten Southwest,"2025-05-10 10:33:15","2025-05-10 10:33:15",wiwin.dwiutami.hakim,wiwin.dwiutami.hakim
2421,22,382,active,Banjarsari,"2025-05-10 10:33:15","2025-05-10 10:33:15",wiwin.dwiutami.hakim,wiwin.dwiutami.hakim
2422,22,383,active,Belinyu,"2025-05-10 10:33:15","2025-05-10 10:33:15",wiwin.dwiutami.hakim,wiwin.dwiutami.hakim
2423,22,384,active,Belitung Kabupaten East,"2025-05-10 10:33:15","2025-05-10 10:33:15",wiwin.dwiutami.hakim,wiwin.dwiutami.hakim
2424,22,385,active,Bintan Kabupaten West,"2025-05-10 10:33:15","2025-05-10 10:33:15",wiwin.dwiutami.hakim,wiwin.dwiutami.hakim
2425,22,386,active,Bitung,"2025-05-10 10:33:15","2025-05-10 10:33:15",wiwin.dwiutami.hakim,wiwin.dwiutami.hakim
2426,22,387,active,Buol,"2025-05-10 10:33:15","2025-05-10 10:33:15",wiwin.dwiutami.hakim,wiwin.dwiutami.hakim
2427,22,388,active,Humbang Hasundutan,"2025-05-10 10:33:15","2025-05-10 10:33:15",wiwin.dwiutami.hakim,wiwin.dwiutami.hakim
2428,22,389,active,Bengkalis,"2025-05-10 10:33:15","2025-05-10 10:33:15",wiwin.dwiutami.hakim,wiwin.dwiutami.hakim
2429,22,391,active,Gorontalo Kabupaten North,"2025-05-10 10:33:15","2025-05-10 10:33:15",wiwin.dwiutami.hakim,wiwin.dwiutami.hakim
2430,22,392,active,Gorontalo Kabupaten West,"2025-05-10 10:33:15","2025-05-10 10:33:15",wiwin.dwiutami.hakim,wiwin.dwiutami.hakim
2431,22,393,active,Jembrana East,"2025-05-10 10:33:15","2025-05-10 10:33:15",wiwin.dwiutami.hakim,wiwin.dwiutami.hakim
2432,22,394,active,Bandar Lampung South,"2025-05-10 10:33:15","2025-05-10 10:33:15",wiwin.dwiutami.hakim,wiwin.dwiutami.hakim
2433,22,395,active,Hulu Sungai Central,"2025-05-10 10:33:15","2025-05-10 10:33:15",wiwin.dwiutami.hakim,wiwin.dwiutami.hakim
2434,22,396,active,Karangasem East,"2025-05-10 10:33:15","2025-05-10 10:33:15",wiwin.dwiutami.hakim,wiwin.dwiutami.hakim
2435,22,397,active,Karimun,"2025-05-10 10:33:15","2025-05-10 10:33:15",wiwin.dwiutami.hakim,wiwin.dwiutami.hakim
2436,22,398,active,Bintan Kabupaten South,"2025-05-10 10:33:15","2025-05-10 10:33:15",wiwin.dwiutami.hakim,wiwin.dwiutami.hakim
2437,22,399,active,Bangka Central,"2025-05-10 10:33:15","2025-05-10 10:33:15",wiwin.dwiutami.hakim,wiwin.dwiutami.hakim
2438,22,400,active,Bangli,"2025-05-10 10:33:15","2025-05-10 10:33:15",wiwin.dwiutami.hakim,wiwin.dwiutami.hakim
2439,22,401,active,Kolaka,"2025-05-10 10:33:15","2025-05-10 10:33:15",wiwin.dwiutami.hakim,wiwin.dwiutami.hakim
2440,22,402,active,Tenggamus,"2025-05-10 10:33:15","2025-05-10 10:33:15",wiwin.dwiutami.hakim,wiwin.dwiutami.hakim
2441,22,403,active,Kotawaringin,"2025-05-10 10:33:15","2025-05-10 10:33:15",wiwin.dwiutami.hakim,wiwin.dwiutami.hakim
2442,22,404,active,Kapuas,"2025-05-10 10:33:15","2025-05-10 10:33:15",wiwin.dwiutami.hakim,wiwin.dwiutami.hakim
2443,22,405,active,Kutai Kartanegara,"2025-05-10 10:33:15","2025-05-10 10:33:15",wiwin.dwiutami.hakim,wiwin.dwiutami.hakim
2444,22,406,active,Lahat,"2025-05-10 10:33:15","2025-05-10 10:33:15",wiwin.dwiutami.hakim,wiwin.dwiutami.hakim
2445,22,407,active,Muara Enim,"2025-05-10 10:33:15","2025-05-10 10:33:15",wiwin.dwiutami.hakim,wiwin.dwiutami.hakim
2446,22,408,active,Empat Lawang,"2025-05-10 10:33:15","2025-05-10 10:33:15",wiwin.dwiutami.hakim,wiwin.dwiutami.hakim
2447,22,409,active,Langsa,"2025-05-10 10:33:15","2025-05-10 10:33:15",wiwin.dwiutami.hakim,wiwin.dwiutami.hakim
2448,22,410,active,Tamiang,"2025-05-10 10:33:15","2025-05-10 10:33:15",wiwin.dwiutami.hakim,wiwin.dwiutami.hakim
2449,22,411,active,Lhokseumawe,"2025-05-10 10:33:15","2025-05-10 10:33:15",wiwin.dwiutami.hakim,wiwin.dwiutami.hakim
2450,22,412,active,Lombok Kabupaten East,"2025-05-10 10:33:15","2025-05-10 10:33:15",wiwin.dwiutami.hakim,wiwin.dwiutami.hakim
2451,22,413,active,Lubuklinggau,"2025-05-10 10:33:15","2025-05-10 10:33:15",wiwin.dwiutami.hakim,wiwin.dwiutami.hakim
2452,22,414,active,Karangasem Kabupaten West,"2025-05-10 10:33:15","2025-05-10 10:33:15",wiwin.dwiutami.hakim,wiwin.dwiutami.hakim
2453,22,415,active,Tapin,"2025-05-10 10:33:15","2025-05-10 10:33:15",wiwin.dwiutami.hakim,wiwin.dwiutami.hakim
2454,22,416,active,Hulu Sungai South,"2025-05-10 10:33:15","2025-05-10 10:33:15",wiwin.dwiutami.hakim,wiwin.dwiutami.hakim
2455,22,417,active,Minahasa Kabupaten South,"2025-05-10 10:33:15","2025-05-10 10:33:15",wiwin.dwiutami.hakim,wiwin.dwiutami.hakim
2456,22,418,active,Pahuwato,"2025-05-10 10:33:15","2025-05-10 10:33:15",wiwin.dwiutami.hakim,wiwin.dwiutami.hakim
2457,22,419,active,Musirawas,"2025-05-10 10:33:15","2025-05-10 10:33:15",wiwin.dwiutami.hakim,wiwin.dwiutami.hakim
2458,22,420,active,Padang Panjang,"2025-05-10 10:33:15","2025-05-10 10:33:15",wiwin.dwiutami.hakim,wiwin.dwiutami.hakim
2459,22,421,active,Pagar Alam,"2025-05-10 10:33:15","2025-05-10 10:33:15",wiwin.dwiutami.hakim,wiwin.dwiutami.hakim
2460,22,422,active,Penajam,"2025-05-10 10:33:15","2025-05-10 10:33:15",wiwin.dwiutami.hakim,wiwin.dwiutami.hakim
2461,22,423,active,Paser,"2025-05-10 10:33:15","2025-05-10 10:33:15",wiwin.dwiutami.hakim,wiwin.dwiutami.hakim
2462,22,424,active,Bangka Tengah,"2025-05-10 10:33:15","2025-05-10 10:33:15",wiwin.dwiutami.hakim,wiwin.dwiutami.hakim
2463,22,425,active,Pelalawan,"2025-05-10 10:33:15","2025-05-10 10:33:15",wiwin.dwiutami.hakim,wiwin.dwiutami.hakim
2464,22,426,active,Tabalong,"2025-05-10 10:33:15","2025-05-10 10:33:15",wiwin.dwiutami.hakim,wiwin.dwiutami.hakim
2465,22,427,active,Kepulauan Selayar,"2025-05-10 10:33:15","2025-05-10 10:33:15",wiwin.dwiutami.hakim,wiwin.dwiutami.hakim
2466,22,428,active,Rokan Hilir,"2025-05-10 10:33:15","2025-05-10 10:33:15",wiwin.dwiutami.hakim,wiwin.dwiutami.hakim
2467,22,429,active,Rokan Hulu,"2025-05-10 10:33:15","2025-05-10 10:33:15",wiwin.dwiutami.hakim,wiwin.dwiutami.hakim
2468,22,430,active,Kotawaringin Kabupaten East,"2025-05-10 10:33:15","2025-05-10 10:33:15",wiwin.dwiutami.hakim,wiwin.dwiutami.hakim
2469,22,431,active,Katingan,"2025-05-10 10:33:15","2025-05-10 10:33:15",wiwin.dwiutami.hakim,wiwin.dwiutami.hakim
2470,22,433,active,Pidie,"2025-05-10 10:33:15","2025-05-10 10:33:15",wiwin.dwiutami.hakim,wiwin.dwiutami.hakim
2471,22,434,active,Sukamara,"2025-05-10 10:33:15","2025-05-10 10:33:15",wiwin.dwiutami.hakim,wiwin.dwiutami.hakim
2472,22,435,active,Sungai Liat,"2025-05-10 10:33:15","2025-05-10 10:33:15",wiwin.dwiutami.hakim,wiwin.dwiutami.hakim
2473,22,436,active,Tabanan North,"2025-05-10 10:33:15","2025-05-10 10:33:15",wiwin.dwiutami.hakim,wiwin.dwiutami.hakim
2474,22,437,active,Tabanan West,"2025-05-10 10:33:15","2025-05-10 10:33:15",wiwin.dwiutami.hakim,wiwin.dwiutami.hakim
2475,22,438,active,Berau,"2025-05-10 10:33:15","2025-05-10 10:33:15",wiwin.dwiutami.hakim,wiwin.dwiutami.hakim
2476,22,439,active,Indragiri Hilir,"2025-05-10 10:33:15","2025-05-10 10:33:15",wiwin.dwiutami.hakim,wiwin.dwiutami.hakim
2477,22,440,active,Toli-Toli,"2025-05-10 10:33:15","2025-05-10 10:33:15",wiwin.dwiutami.hakim,wiwin.dwiutami.hakim
2478,22,441,active,Agam,"2025-05-10 10:33:15","2025-05-10 10:33:15",wiwin.dwiutami.hakim,wiwin.dwiutami.hakim
2479,22,442,active,Dharmasraya,"2025-05-10 10:33:15","2025-05-10 10:33:15",wiwin.dwiutami.hakim,wiwin.dwiutami.hakim
2480,22,443,active,Kota Lima Puluh,"2025-05-10 10:33:15","2025-05-10 10:33:15",wiwin.dwiutami.hakim,wiwin.dwiutami.hakim
2481,22,444,active,Pasaman West,"2025-05-10 10:33:15","2025-05-10 10:33:15",wiwin.dwiutami.hakim,wiwin.dwiutami.hakim
2482,22,445,active,Pasaman,"2025-05-10 10:33:15","2025-05-10 10:33:15",wiwin.dwiutami.hakim,wiwin.dwiutami.hakim
2483,22,446,active,Pesisir Selatan,"2025-05-10 10:33:15","2025-05-10 10:33:15",wiwin.dwiutami.hakim,wiwin.dwiutami.hakim
2484,22,447,active,SawahLunto,"2025-05-10 10:33:15","2025-05-10 10:33:15",wiwin.dwiutami.hakim,wiwin.dwiutami.hakim
2485,22,448,active,Sijunjung,"2025-05-10 10:33:15","2025-05-10 10:33:15",wiwin.dwiutami.hakim,wiwin.dwiutami.hakim
2486,22,449,active,Solok Regency,"2025-05-10 10:33:15","2025-05-10 10:33:15",wiwin.dwiutami.hakim,wiwin.dwiutami.hakim
2487,22,450,active,Solok South,"2025-05-10 10:33:15","2025-05-10 10:33:15",wiwin.dwiutami.hakim,wiwin.dwiutami.hakim
2488,22,451,active,Tanah Datar,"2025-05-10 10:33:15","2025-05-10 10:33:15",wiwin.dwiutami.hakim,wiwin.dwiutami.hakim
2489,22,452,active,Batang Hari,"2025-05-10 10:33:15","2025-05-10 10:33:15",wiwin.dwiutami.hakim,wiwin.dwiutami.hakim
2490,22,453,active,Bungo,"2025-05-10 10:33:15","2025-05-10 10:33:15",wiwin.dwiutami.hakim,wiwin.dwiutami.hakim
2491,22,455,active,Merangin,"2025-05-10 10:33:15","2025-05-10 10:33:15",wiwin.dwiutami.hakim,wiwin.dwiutami.hakim
2492,22,456,active,Muaro Jambi,"2025-05-10 10:33:15","2025-05-10 10:33:15",wiwin.dwiutami.hakim,wiwin.dwiutami.hakim
2493,22,457,active,Sarolangun,"2025-05-10 10:33:15","2025-05-10 10:33:15",wiwin.dwiutami.hakim,wiwin.dwiutami.hakim
2494,22,458,active,Sungai Penuh,"2025-05-10 10:33:15","2025-05-10 10:33:15",wiwin.dwiutami.hakim,wiwin.dwiutami.hakim
2495,22,459,active,Tanjung Jabung East,"2025-05-10 10:33:15","2025-05-10 10:33:15",wiwin.dwiutami.hakim,wiwin.dwiutami.hakim
2496,22,460,active,Tanjung Jabung West,"2025-05-10 10:33:15","2025-05-10 10:33:15",wiwin.dwiutami.hakim,wiwin.dwiutami.hakim
2497,22,461,active,Tebo,"2025-05-10 10:33:15","2025-05-10 10:33:15",wiwin.dwiutami.hakim,wiwin.dwiutami.hakim
2498,22,462,active,Musi Banyuasin,"2025-05-10 10:33:15","2025-05-10 10:33:15",wiwin.dwiutami.hakim,wiwin.dwiutami.hakim
2499,22,463,active,Banyuasin,"2025-05-10 10:33:15","2025-05-10 10:33:15",wiwin.dwiutami.hakim,wiwin.dwiutami.hakim
2500,22,464,active,Musi Rawas North,"2025-05-10 10:33:15","2025-05-10 10:33:15",wiwin.dwiutami.hakim,wiwin.dwiutami.hakim
2501,22,465,active,Banyuasin East,"2025-05-10 10:33:15","2025-05-10 10:33:15",wiwin.dwiutami.hakim,wiwin.dwiutami.hakim
2502,22,466,active,Prabumulih,"2025-05-10 10:33:15","2025-05-10 10:33:15",wiwin.dwiutami.hakim,wiwin.dwiutami.hakim
2503,22,467,active,Ogan Ilir,"2025-05-10 10:33:15","2025-05-10 10:33:15",wiwin.dwiutami.hakim,wiwin.dwiutami.hakim
2504,22,468,active,Ogan Komering Ilir,"2025-05-10 10:33:15","2025-05-10 10:33:15",wiwin.dwiutami.hakim,wiwin.dwiutami.hakim
2505,22,469,active,Ogan Komering Ulu,"2025-05-10 10:33:15","2025-05-10 10:33:15",wiwin.dwiutami.hakim,wiwin.dwiutami.hakim
2506,22,470,active,Ogan Komering Ulu East,"2025-05-10 10:33:15","2025-05-10 10:33:15",wiwin.dwiutami.hakim,wiwin.dwiutami.hakim
2507,22,471,active,Ogan Komering ulu South,"2025-05-10 10:33:15","2025-05-10 10:33:15",wiwin.dwiutami.hakim,wiwin.dwiutami.hakim
2508,22,473,active,Bengkalis East,"2025-05-10 10:33:15","2025-05-10 10:33:15",wiwin.dwiutami.hakim,wiwin.dwiutami.hakim
2509,22,474,active,Pringsewu North,"2025-05-10 10:33:15","2025-05-10 10:33:15",wiwin.dwiutami.hakim,wiwin.dwiutami.hakim
2510,22,475,active,Lampung Central,"2025-05-10 10:33:15","2025-05-10 10:33:15",wiwin.dwiutami.hakim,wiwin.dwiutami.hakim
2511,22,476,active,Kotabumi,"2025-05-10 10:33:15","2025-05-10 10:33:15",wiwin.dwiutami.hakim,wiwin.dwiutami.hakim
2512,22,477,active,Tulang Bawang West,"2025-05-10 10:33:15","2025-05-10 10:33:15",wiwin.dwiutami.hakim,wiwin.dwiutami.hakim
2513,22,478,active,Tulang Bawang,"2025-05-10 10:33:15","2025-05-10 10:33:15",wiwin.dwiutami.hakim,wiwin.dwiutami.hakim
2514,22,479,active,Mesuji,"2025-05-10 10:33:15","2025-05-10 10:33:15",wiwin.dwiutami.hakim,wiwin.dwiutami.hakim
2515,22,480,active,Sukadana,"2025-05-10 10:33:15","2025-05-10 10:33:15",wiwin.dwiutami.hakim,wiwin.dwiutami.hakim
2516,22,481,active,Boyolali Kabupaten West,"2025-05-10 10:33:15","2025-05-10 10:33:15",wiwin.dwiutami.hakim,wiwin.dwiutami.hakim
2517,22,482,active,Buleleng East,"2025-05-10 10:33:15","2025-05-10 10:33:15",wiwin.dwiutami.hakim,wiwin.dwiutami.hakim
2518,22,483,active,Kubu Raya,"2025-05-10 10:33:15","2025-05-10 10:33:15",wiwin.dwiutami.hakim,wiwin.dwiutami.hakim
2519,22,484,active,Boalemo,"2025-05-10 10:33:15","2025-05-10 10:33:15",wiwin.dwiutami.hakim,wiwin.dwiutami.hakim
2520,22,485,active,Bolaang Mongondow North,"2025-05-10 10:33:15","2025-05-10 10:33:15",wiwin.dwiutami.hakim,wiwin.dwiutami.hakim
2521,22,486,active,Bolaang Mongondow,"2025-05-10 10:33:15","2025-05-10 10:33:15",wiwin.dwiutami.hakim,wiwin.dwiutami.hakim
2522,22,487,active,Kotamobagu,"2025-05-10 10:33:15","2025-05-10 10:33:15",wiwin.dwiutami.hakim,wiwin.dwiutami.hakim
2523,22,488,active,Minahasa Southeast,"2025-05-10 10:33:15","2025-05-10 10:33:15",wiwin.dwiutami.hakim,wiwin.dwiutami.hakim
2524,22,489,active,Minahasa,"2025-05-10 10:33:15","2025-05-10 10:33:15",wiwin.dwiutami.hakim,wiwin.dwiutami.hakim
2525,22,490,active,Minahasa North,"2025-05-10 10:33:15","2025-05-10 10:33:15",wiwin.dwiutami.hakim,wiwin.dwiutami.hakim
2526,22,491,active,Tojo Una Una,"2025-05-10 10:33:15","2025-05-10 10:33:15",wiwin.dwiutami.hakim,wiwin.dwiutami.hakim
2527,22,492,active,Lombok West,"2025-05-10 10:33:15","2025-05-10 10:33:15",wiwin.dwiutami.hakim,wiwin.dwiutami.hakim
2528,22,493,active,Bangka West,"2025-05-10 10:33:15","2025-05-10 10:33:15",wiwin.dwiutami.hakim,wiwin.dwiutami.hakim
2529,22,499,active,Sumenep Kabupaten,"2025-05-10 10:33:15","2025-05-10 10:33:15",wiwin.dwiutami.hakim,wiwin.dwiutami.hakim
2530,22,500,active,Sumenep East,"2025-05-10 10:33:15","2025-05-10 10:33:15",wiwin.dwiutami.hakim,wiwin.dwiutami.hakim
2531,22,501,active,Bangkalan East,"2025-05-10 10:33:15","2025-05-10 10:33:15",wiwin.dwiutami.hakim,wiwin.dwiutami.hakim
2532,22,502,active,Sambas,"2025-05-10 10:33:15","2025-05-10 10:33:15",wiwin.dwiutami.hakim,wiwin.dwiutami.hakim
2533,22,503,active,Singkawang,"2025-05-10 10:33:15","2025-05-10 10:33:15",wiwin.dwiutami.hakim,wiwin.dwiutami.hakim
2534,22,504,active,Bengkayang,"2025-05-10 10:33:15","2025-05-10 10:33:15",wiwin.dwiutami.hakim,wiwin.dwiutami.hakim
2535,22,505,active,Mempawah,"2025-05-10 10:33:15","2025-05-10 10:33:15",wiwin.dwiutami.hakim,wiwin.dwiutami.hakim
2536,22,506,active,Landak,"2025-05-10 10:33:15","2025-05-10 10:33:15",wiwin.dwiutami.hakim,wiwin.dwiutami.hakim
2537,22,507,active,Sanggau,"2025-05-10 10:33:15","2025-05-10 10:33:15",wiwin.dwiutami.hakim,wiwin.dwiutami.hakim
2538,22,508,active,Sekadau,"2025-05-10 10:33:15","2025-05-10 10:33:15",wiwin.dwiutami.hakim,wiwin.dwiutami.hakim
2539,22,509,active,Sintang,"2025-05-10 10:33:15","2025-05-10 10:33:15",wiwin.dwiutami.hakim,wiwin.dwiutami.hakim
2540,22,510,active,Melawi,"2025-05-10 10:33:15","2025-05-10 10:33:15",wiwin.dwiutami.hakim,wiwin.dwiutami.hakim
2541,22,511,active,Kapuas Hulu,"2025-05-10 10:33:15","2025-05-10 10:33:15",wiwin.dwiutami.hakim,wiwin.dwiutami.hakim
2542,22,512,active,Kayong Notrh,"2025-05-10 10:33:15","2025-05-10 10:33:15",wiwin.dwiutami.hakim,wiwin.dwiutami.hakim
2543,22,513,active,Ketapang,"2025-05-10 10:33:15","2025-05-10 10:33:15",wiwin.dwiutami.hakim,wiwin.dwiutami.hakim
2544,22,514,active,Kubu East,"2025-05-10 10:33:15","2025-05-10 10:33:15",wiwin.dwiutami.hakim,wiwin.dwiutami.hakim
2545,22,515,active,Tanah Bambu,"2025-05-10 10:33:15","2025-05-10 10:33:15",wiwin.dwiutami.hakim,wiwin.dwiutami.hakim
2546,22,516,active,Tanah Laut,"2025-05-10 10:33:15","2025-05-10 10:33:15",wiwin.dwiutami.hakim,wiwin.dwiutami.hakim
2547,22,517,active,Balangan,"2025-05-10 10:33:15","2025-05-10 10:33:15",wiwin.dwiutami.hakim,wiwin.dwiutami.hakim
2548,22,518,active,Barito East,"2025-05-10 10:33:15","2025-05-10 10:33:15",wiwin.dwiutami.hakim,wiwin.dwiutami.hakim
2549,22,519,active,Barito South,"2025-05-10 10:33:15","2025-05-10 10:33:15",wiwin.dwiutami.hakim,wiwin.dwiutami.hakim
2550,22,520,active,Kutai East,"2025-05-10 10:33:15","2025-05-10 10:33:15",wiwin.dwiutami.hakim,wiwin.dwiutami.hakim
2551,22,521,active,Kutai Kartanegara North,"2025-05-10 10:33:15","2025-05-10 10:33:15",wiwin.dwiutami.hakim,wiwin.dwiutami.hakim
2552,22,522,active,Kutai West,"2025-05-10 10:33:15","2025-05-10 10:33:15",wiwin.dwiutami.hakim,wiwin.dwiutami.hakim
2553,22,523,active,Barito Kuala,"2025-05-10 10:33:15","2025-05-10 10:33:15",wiwin.dwiutami.hakim,wiwin.dwiutami.hakim
2554,22,524,active,Solok Central,"2025-05-10 10:33:15","2025-05-10 10:33:15",wiwin.dwiutami.hakim,wiwin.dwiutami.hakim
2555,22,525,active,Sigi,"2025-05-10 10:33:15","2025-05-10 10:33:15",wiwin.dwiutami.hakim,wiwin.dwiutami.hakim
2556,22,526,active,Parigi Moutong,"2025-05-10 10:33:15","2025-05-10 10:33:15",wiwin.dwiutami.hakim,wiwin.dwiutami.hakim
2557,22,527,active,Morowali North,"2025-05-10 10:33:15","2025-05-10 10:33:15",wiwin.dwiutami.hakim,wiwin.dwiutami.hakim
2558,22,528,active,Morowali,"2025-05-10 10:33:15","2025-05-10 10:33:15",wiwin.dwiutami.hakim,wiwin.dwiutami.hakim
2559,22,529,active,Sabang,"2025-05-10 10:33:15","2025-05-10 10:33:15",wiwin.dwiutami.hakim,wiwin.dwiutami.hakim
2560,22,530,active,Aceh Besar,"2025-05-10 10:33:15","2025-05-10 10:33:15",wiwin.dwiutami.hakim,wiwin.dwiutami.hakim
2561,22,531,active,Aceh Jaya,"2025-05-10 10:33:15","2025-05-10 10:33:15",wiwin.dwiutami.hakim,wiwin.dwiutami.hakim
2562,22,532,active,Nagan Raya,"2025-05-10 10:33:15","2025-05-10 10:33:15",wiwin.dwiutami.hakim,wiwin.dwiutami.hakim
2563,22,533,active,Aceh West Kabupaten,"2025-05-10 10:33:15","2025-05-10 10:33:15",wiwin.dwiutami.hakim,wiwin.dwiutami.hakim
2564,22,534,active,Aceh South,"2025-05-10 10:33:15","2025-05-10 10:33:15",wiwin.dwiutami.hakim,wiwin.dwiutami.hakim
2565,22,535,active,Subulusallam,"2025-05-10 10:33:15","2025-05-10 10:33:15",wiwin.dwiutami.hakim,wiwin.dwiutami.hakim
2566,22,536,active,Piddie Jaya,"2025-05-10 10:33:15","2025-05-10 10:33:15",wiwin.dwiutami.hakim,wiwin.dwiutami.hakim
2567,22,537,active,Bireuen,"2025-05-10 10:33:15","2025-05-10 10:33:15",wiwin.dwiutami.hakim,wiwin.dwiutami.hakim
2568,22,538,active,Aceh Central,"2025-05-10 10:33:15","2025-05-10 10:33:15",wiwin.dwiutami.hakim,wiwin.dwiutami.hakim
2569,22,539,active,Gayo Lues,"2025-05-10 10:33:15","2025-05-10 10:33:15",wiwin.dwiutami.hakim,wiwin.dwiutami.hakim
2570,22,540,active,Aceh North,"2025-05-10 10:33:15","2025-05-10 10:33:15",wiwin.dwiutami.hakim,wiwin.dwiutami.hakim
2571,22,541,active,Aceh East,"2025-05-10 10:33:15","2025-05-10 10:33:15",wiwin.dwiutami.hakim,wiwin.dwiutami.hakim
2572,22,542,active,Bener Meriah,"2025-05-10 10:33:15","2025-05-10 10:33:15",wiwin.dwiutami.hakim,wiwin.dwiutami.hakim
2573,22,543,active,Aceh West,"2025-05-10 10:33:15","2025-05-10 10:33:15",wiwin.dwiutami.hakim,wiwin.dwiutami.hakim
2574,22,544,active,Purworejo South,"2025-05-10 10:33:15","2025-05-10 10:33:15",wiwin.dwiutami.hakim,wiwin.dwiutami.hakim
2575,22,545,active,Kuningan Kabupaten,"2025-05-10 10:33:15","2025-05-10 10:33:15",wiwin.dwiutami.hakim,wiwin.dwiutami.hakim
2576,22,546,active,Banyumas,"2025-05-10 10:33:15","2025-05-10 10:33:15",wiwin.dwiutami.hakim,wiwin.dwiutami.hakim
2577,22,547,active,Purbalingga North,"2025-05-10 10:33:15","2025-05-10 10:33:15",wiwin.dwiutami.hakim,wiwin.dwiutami.hakim
2578,22,548,active,Majenang,"2025-05-10 10:33:15","2025-05-10 10:33:15",wiwin.dwiutami.hakim,wiwin.dwiutami.hakim
2579,22,549,active,Jember West,"2025-05-10 10:33:15","2025-05-10 10:33:15",wiwin.dwiutami.hakim,wiwin.dwiutami.hakim
2580,22,550,active,Barito North,"2025-05-10 10:33:15","2025-05-10 10:33:15",wiwin.dwiutami.hakim,wiwin.dwiutami.hakim
2581,22,551,active,Kotabaru,"2025-05-10 10:33:15","2025-05-10 10:33:15",wiwin.dwiutami.hakim,wiwin.dwiutami.hakim
2582,22,552,active,Dumai,"2025-05-10 10:33:15","2025-05-10 10:33:15",wiwin.dwiutami.hakim,wiwin.dwiutami.hakim
2583,22,553,active,Siak,"2025-05-10 10:33:15","2025-05-10 10:33:15",wiwin.dwiutami.hakim,wiwin.dwiutami.hakim
2584,22,554,active,Kampar West,"2025-05-10 10:33:15","2025-05-10 10:33:15",wiwin.dwiutami.hakim,wiwin.dwiutami.hakim
2585,22,555,active,Rokan Hilir North,"2025-05-10 10:33:15","2025-05-10 10:33:15",wiwin.dwiutami.hakim,wiwin.dwiutami.hakim
2586,22,556,active,Kuantan Singingi,"2025-05-10 10:33:15","2025-05-10 10:33:15",wiwin.dwiutami.hakim,wiwin.dwiutami.hakim
2587,22,557,active,Serang Central,"2025-05-10 10:33:15","2025-05-10 10:33:15",wiwin.dwiutami.hakim,wiwin.dwiutami.hakim
2588,22,558,active,Bengkulu Central,"2025-05-10 10:33:15","2025-05-10 10:33:15",wiwin.dwiutami.hakim,wiwin.dwiutami.hakim
2589,22,559,active,Seluma,"2025-05-10 10:33:15","2025-05-10 10:33:15",wiwin.dwiutami.hakim,wiwin.dwiutami.hakim
2590,22,560,active,Kepahiang,"2025-05-10 10:33:15","2025-05-10 10:33:15",wiwin.dwiutami.hakim,wiwin.dwiutami.hakim
2591,22,561,active,Rajeng Lebong,"2025-05-10 10:33:15","2025-05-10 10:33:15",wiwin.dwiutami.hakim,wiwin.dwiutami.hakim
2592,22,562,active,Bengkulu Kabupaten North,"2025-05-10 10:33:15","2025-05-10 10:33:15",wiwin.dwiutami.hakim,wiwin.dwiutami.hakim
2593,22,563,active,Bengkulu South,"2025-05-10 10:33:15","2025-05-10 10:33:15",wiwin.dwiutami.hakim,wiwin.dwiutami.hakim
2594,22,564,active,Muko Muko,"2025-05-10 10:33:15","2025-05-10 10:33:15",wiwin.dwiutami.hakim,wiwin.dwiutami.hakim
2595,22,565,active,Kabupaten Muara Enim,"2025-05-10 10:33:15","2025-05-10 10:33:15",wiwin.dwiutami.hakim,wiwin.dwiutami.hakim
2596,22,566,active,Lampung West,"2025-05-10 10:33:15","2025-05-10 10:33:15",wiwin.dwiutami.hakim,wiwin.dwiutami.hakim
2597,22,567,active,Way Kanan,"2025-05-10 10:33:15","2025-05-10 10:33:15",wiwin.dwiutami.hakim,wiwin.dwiutami.hakim
2598,22,568,active,Pesawaran,"2025-05-10 10:33:15","2025-05-10 10:33:15",wiwin.dwiutami.hakim,wiwin.dwiutami.hakim
2599,22,569,active,Garut North,"2025-05-10 10:33:15","2025-05-10 10:33:15",wiwin.dwiutami.hakim,wiwin.dwiutami.hakim
2600,22,570,active,Majalengka South,"2025-05-10 10:33:15","2025-05-10 10:33:15",wiwin.dwiutami.hakim,wiwin.dwiutami.hakim
2601,22,571,active,Boyolali North,"2025-05-10 10:33:15","2025-05-10 10:33:15",wiwin.dwiutami.hakim,wiwin.dwiutami.hakim
2602,22,572,active,Purbalingga East,"2025-05-10 10:33:15","2025-05-10 10:33:15",wiwin.dwiutami.hakim,wiwin.dwiutami.hakim
2603,22,573,active,Ngawi West,"2025-05-10 10:33:15","2025-05-10 10:33:15",wiwin.dwiutami.hakim,wiwin.dwiutami.hakim
2604,22,574,active,Ngawi East,"2025-05-10 10:33:15","2025-05-10 10:33:15",wiwin.dwiutami.hakim,wiwin.dwiutami.hakim
2605,22,575,active,Situbondo West,"2025-05-10 10:33:15","2025-05-10 10:33:15",wiwin.dwiutami.hakim,wiwin.dwiutami.hakim
2606,22,576,active,Gianyar North,"2025-05-10 10:33:15","2025-05-10 10:33:15",wiwin.dwiutami.hakim,wiwin.dwiutami.hakim
2607,22,577,active,Karangasem Central,"2025-05-10 10:33:15","2025-05-10 10:33:15",wiwin.dwiutami.hakim,wiwin.dwiutami.hakim
2608,22,578,active,Sragen Kabupaten,"2025-05-10 10:33:15","2025-05-10 10:33:15",wiwin.dwiutami.hakim,wiwin.dwiutami.hakim
2609,22,579,active,Indragiri Hulu,"2025-05-10 10:33:15","2025-05-10 10:33:15",wiwin.dwiutami.hakim,wiwin.dwiutami.hakim
2610,22,580,active,Kerinci Kabupaten,"2025-05-10 10:33:15","2025-05-10 10:33:15",wiwin.dwiutami.hakim,wiwin.dwiutami.hakim
2611,22,581,active,Pandeglang South,"2025-05-10 10:33:15","2025-05-10 10:33:15",wiwin.dwiutami.hakim,wiwin.dwiutami.hakim
2612,22,582,active,Kefamenanu,"2025-05-10 10:33:15","2025-05-10 10:33:15",wiwin.dwiutami.hakim,wiwin.dwiutami.hakim
2613,22,583,active,Lombok North,"2025-05-10 10:33:15","2025-05-10 10:33:15",wiwin.dwiutami.hakim,wiwin.dwiutami.hakim
2614,22,584,active,Lombok Kabupaten West,"2025-05-10 10:33:15","2025-05-10 10:33:15",wiwin.dwiutami.hakim,wiwin.dwiutami.hakim
2615,22,585,active,Magetan West,"2025-05-10 10:33:15","2025-05-10 10:33:15",wiwin.dwiutami.hakim,wiwin.dwiutami.hakim
2616,22,586,active,Rembang North,"2025-05-10 10:33:15","2025-05-10 10:33:15",wiwin.dwiutami.hakim,wiwin.dwiutami.hakim
2617,22,587,active,Blitar South,"2025-05-10 10:33:15","2025-05-10 10:33:15",wiwin.dwiutami.hakim,wiwin.dwiutami.hakim
2618,22,588,active,Bojonegoro South,"2025-05-10 10:33:15","2025-05-10 10:33:15",wiwin.dwiutami.hakim,wiwin.dwiutami.hakim
2619,22,589,active,Sragen North,"2025-05-10 10:33:15","2025-05-10 10:33:15",wiwin.dwiutami.hakim,wiwin.dwiutami.hakim
2620,22,590,active,Banyuwangi North,"2025-05-10 10:33:15","2025-05-10 10:33:15",wiwin.dwiutami.hakim,wiwin.dwiutami.hakim
2621,22,591,active,Lamongan South,"2025-05-10 10:33:15","2025-05-10 10:33:15",wiwin.dwiutami.hakim,wiwin.dwiutami.hakim
2622,22,592,active,Kendal Kabupaten,"2025-05-10 10:33:15","2025-05-10 10:33:15",wiwin.dwiutami.hakim,wiwin.dwiutami.hakim
2623,22,593,active,Pesisir West,"2025-05-10 10:33:15","2025-05-10 10:33:15",wiwin.dwiutami.hakim,wiwin.dwiutami.hakim
2624,22,594,active,Martapura,"2025-05-10 10:33:15","2025-05-10 10:33:15",wiwin.dwiutami.hakim,wiwin.dwiutami.hakim
2625,22,595,active,Kulon Progo North,"2025-05-10 10:33:15","2025-05-10 10:33:15",wiwin.dwiutami.hakim,wiwin.dwiutami.hakim
2626,22,596,active,Grobogan South,"2025-05-10 10:33:15","2025-05-10 10:33:15",wiwin.dwiutami.hakim,wiwin.dwiutami.hakim
2627,22,597,active,Seruyan,"2025-05-10 10:33:15","2025-05-10 10:33:15",wiwin.dwiutami.hakim,wiwin.dwiutami.hakim
2628,22,598,active,Padang Pariaman North,"2025-05-10 10:33:15","2025-05-10 10:33:15",wiwin.dwiutami.hakim,wiwin.dwiutami.hakim
2629,22,599,active,Murung Raya,"2025-05-10 10:33:15","2025-05-10 10:33:15",wiwin.dwiutami.hakim,wiwin.dwiutami.hakim
2630,22,600,active,Kotabaru Kabupaten,"2025-05-10 10:33:15","2025-05-10 10:33:15",wiwin.dwiutami.hakim,wiwin.dwiutami.hakim
2631,22,601,active,Pulang Pisau,"2025-05-10 10:33:15","2025-05-10 10:33:15",wiwin.dwiutami.hakim,wiwin.dwiutami.hakim
2632,22,602,active,Bengkalis Kabupaten,"2025-05-10 10:33:15","2025-05-10 10:33:15",wiwin.dwiutami.hakim,wiwin.dwiutami.hakim
2633,22,603,active,Pati South,"2025-05-10 10:33:15","2025-05-10 10:33:15",wiwin.dwiutami.hakim,wiwin.dwiutami.hakim
2634,22,604,active,Sumbawa,"2025-05-10 10:33:15","2025-05-10 10:33:15",wiwin.dwiutami.hakim,wiwin.dwiutami.hakim
2635,22,605,active,Rembang South,"2025-05-10 10:33:15","2025-05-10 10:33:15",wiwin.dwiutami.hakim,wiwin.dwiutami.hakim
2636,22,606,active,Lebak,"2025-05-10 10:33:15","2025-05-10 10:33:15",wiwin.dwiutami.hakim,wiwin.dwiutami.hakim
2637,22,607,active,Sumbawa West,"2025-05-10 10:33:15","2025-05-10 10:33:15",wiwin.dwiutami.hakim,wiwin.dwiutami.hakim
2638,22,608,active,Kepulauan Meranti,"2025-05-10 10:33:15","2025-05-10 10:33:15",wiwin.dwiutami.hakim,wiwin.dwiutami.hakim
2639,22,609,active,Kaur,"2025-05-10 10:33:15","2025-05-10 10:33:15",wiwin.dwiutami.hakim,wiwin.dwiutami.hakim
2640,22,610,active,Bima,"2025-05-10 10:33:15","2025-05-10 10:33:15",wiwin.dwiutami.hakim,wiwin.dwiutami.hakim
2641,22,611,active,Timor Tengah South,"2025-05-10 10:33:15","2025-05-10 10:33:15",wiwin.dwiutami.hakim,wiwin.dwiutami.hakim
2642,22,612,active,Lebong Kabupaten,"2025-05-10 10:33:15","2025-05-10 10:33:15",wiwin.dwiutami.hakim,wiwin.dwiutami.hakim
2643,22,613,active,Flores East,"2025-05-10 10:33:15","2025-05-10 10:33:15",wiwin.dwiutami.hakim,wiwin.dwiutami.hakim
2644,22,614,active,Dompu,"2025-05-10 10:33:15","2025-05-10 10:33:15",wiwin.dwiutami.hakim,wiwin.dwiutami.hakim
2645,22,615,active,Bima Kabupaten,"2025-05-10 10:33:15","2025-05-10 10:33:15",wiwin.dwiutami.hakim,wiwin.dwiutami.hakim
2646,22,616,active,Ende,"2025-05-10 10:33:15","2025-05-10 10:33:15",wiwin.dwiutami.hakim,wiwin.dwiutami.hakim
2647,22,617,active,Manggarai,"2025-05-10 10:33:15","2025-05-10 10:33:15",wiwin.dwiutami.hakim,wiwin.dwiutami.hakim
2648,22,618,active,Bulungan,"2025-05-10 10:33:15","2025-05-10 10:33:15",wiwin.dwiutami.hakim,wiwin.dwiutami.hakim
2649,22,619,active,Kolaka East,"2025-05-10 10:33:15","2025-05-10 10:33:15",wiwin.dwiutami.hakim,wiwin.dwiutami.hakim
2650,22,620,active,Bombana,"2025-05-10 10:33:15","2025-05-10 10:33:15",wiwin.dwiutami.hakim,wiwin.dwiutami.hakim
2651,22,621,active,Cianjur South,"2025-05-10 10:33:15","2025-05-10 10:33:15",wiwin.dwiutami.hakim,wiwin.dwiutami.hakim
2652,22,622,active,Penukal Abab Pematang Ilir,"2025-05-10 10:33:15","2025-05-10 10:33:15",wiwin.dwiutami.hakim,wiwin.dwiutami.hakim
2653,22,623,active,Blora East,"2025-05-10 10:33:15","2025-05-10 10:33:15",wiwin.dwiutami.hakim,wiwin.dwiutami.hakim
2654,22,624,active,Belu,"2025-05-10 10:33:15","2025-05-10 10:33:15",wiwin.dwiutami.hakim,wiwin.dwiutami.hakim
2655,22,625,active,Buleleng Kabupaten,"2025-05-10 10:33:15","2025-05-10 10:33:15",wiwin.dwiutami.hakim,wiwin.dwiutami.hakim
2656,22,629,active,Sikka,"2025-05-10 10:33:15","2025-05-10 10:33:15",wiwin.dwiutami.hakim,wiwin.dwiutami.hakim
2657,22,630,active,Malinau,"2025-05-10 10:33:15","2025-05-10 10:33:15",wiwin.dwiutami.hakim,wiwin.dwiutami.hakim
2658,22,631,active,Donggala,"2025-05-10 10:33:15","2025-05-10 10:33:15",wiwin.dwiutami.hakim,wiwin.dwiutami.hakim
2659,22,632,active,Gunung Mas,"2025-05-10 10:33:15","2025-05-10 10:33:15",wiwin.dwiutami.hakim,wiwin.dwiutami.hakim
2660,22,633,active,Bekasi North New,"2025-05-10 10:33:15","2025-05-10 10:33:15",wiwin.dwiutami.hakim,wiwin.dwiutami.hakim
2661,22,634,active,Bangli North,"2025-05-10 10:33:15","2025-05-10 10:33:15",wiwin.dwiutami.hakim,wiwin.dwiutami.hakim
2662,22,635,active,Bolaang Mongondow East,"2025-05-10 10:33:15","2025-05-10 10:33:15",wiwin.dwiutami.hakim,wiwin.dwiutami.hakim
2663,22,636,active,Sumba East,"2025-05-10 10:33:15","2025-05-10 10:33:15",wiwin.dwiutami.hakim,wiwin.dwiutami.hakim
2664,22,637,active,Manggarai Kabupaten West,"2025-05-10 10:33:15","2025-05-10 10:33:15",wiwin.dwiutami.hakim,wiwin.dwiutami.hakim
2665,22,638,active,Lebak South,"2025-05-10 10:33:15","2025-05-10 10:33:15",wiwin.dwiutami.hakim,wiwin.dwiutami.hakim
2666,22,639,active,Sumba West,"2025-05-10 10:33:15","2025-05-10 10:33:15",wiwin.dwiutami.hakim,wiwin.dwiutami.hakim
2667,22,640,active,Wakatobi,"2025-05-10 10:33:15","2025-05-10 10:33:15",wiwin.dwiutami.hakim,wiwin.dwiutami.hakim
2668,22,641,active,Halmahera West,"2025-05-10 10:33:15","2025-05-10 10:33:15",wiwin.dwiutami.hakim,wiwin.dwiutami.hakim
2669,22,642,active,Halmahera North,"2025-05-10 10:33:15","2025-05-10 10:33:15",wiwin.dwiutami.hakim,wiwin.dwiutami.hakim
2670,22,643,active,Tidore,"2025-05-10 10:33:15","2025-05-10 10:33:15",wiwin.dwiutami.hakim,wiwin.dwiutami.hakim
2671,22,644,active,Jember East,"2025-05-10 10:33:15","2025-05-10 10:33:15",wiwin.dwiutami.hakim,wiwin.dwiutami.hakim
2672,22,645,active,Ngada,"2025-05-10 10:33:15","2025-05-10 10:33:15",wiwin.dwiutami.hakim,wiwin.dwiutami.hakim
2673,22,646,active,Lembata,"2025-05-10 10:33:15","2025-05-10 10:33:15",wiwin.dwiutami.hakim,wiwin.dwiutami.hakim
2674,22,647,active,Bone Bolango,"2025-05-10 10:33:15","2025-05-10 10:33:15",wiwin.dwiutami.hakim,wiwin.dwiutami.hakim
2675,22,648,active,Tabanan Kabupaten,"2025-05-10 10:33:15","2025-05-10 10:33:15",wiwin.dwiutami.hakim,wiwin.dwiutami.hakim
2676,22,660,active,Untitled polygon,"2025-05-10 10:33:15","2025-05-10 10:33:15",wiwin.dwiutami.hakim,wiwin.dwiutami.hakim
2677,22,663,active,Halomedika Rancasari,"2025-05-10 10:33:15","2025-05-10 10:33:15",wiwin.dwiutami.hakim,wiwin.dwiutami.hakim
2678,22,665,active,Intibios Bandung,"2025-05-10 10:33:15","2025-05-10 10:33:15",wiwin.dwiutami.hakim,wiwin.dwiutami.hakim
2679,22,666,active,Partner Clinic Intibios Bandung,"2025-05-10 10:33:15","2025-05-10 10:33:15",wiwin.dwiutami.hakim,wiwin.dwiutami.hakim
2680,22,667,active,Apt. Halomedika Rancasari,"2025-05-10 10:33:15","2025-05-10 10:33:15",wiwin.dwiutami.hakim,wiwin.dwiutami.hakim
2681,22,670,active,Kuta Selatan,"2025-05-10 10:33:15","2025-05-10 10:33:15",wiwin.dwiutami.hakim,wiwin.dwiutami.hakim
2682,22,671,active,Kuta,"2025-05-10 10:33:15","2025-05-10 10:33:15",wiwin.dwiutami.hakim,wiwin.dwiutami.hakim
2683,22,672,active,Denpasar Barat,"2025-05-10 10:33:15","2025-05-10 10:33:15",wiwin.dwiutami.hakim,wiwin.dwiutami.hakim
2684,22,673,active,Denpasar Timur,"2025-05-10 10:33:15","2025-05-10 10:33:15",wiwin.dwiutami.hakim,wiwin.dwiutami.hakim
2685,22,674,active,Denpasar Selatan,"2025-05-10 10:33:15","2025-05-10 10:33:15",wiwin.dwiutami.hakim,wiwin.dwiutami.hakim
2686,22,675,active,Sleman,"2025-05-10 10:33:15","2025-05-10 10:33:15",wiwin.dwiutami.hakim,wiwin.dwiutami.hakim
2687,22,677,active,Karawang Extended,"2025-05-10 10:33:15","2025-05-10 10:33:15",wiwin.dwiutami.hakim,wiwin.dwiutami.hakim
2688,45,18,active,Bandung North,"2025-07-02 11:24:42","2025-07-02 11:24:42",wiwin.dwiutami.hakim,wiwin.dwiutami.hakim
2689,45,27,active,Bandung - Padalarang,"2025-07-02 11:35:55","2025-07-02 11:35:55",wiwin.dwiutami.hakim,wiwin.dwiutami.hakim
2690,45,19,active,Bandung South,"2025-07-02 11:35:55","2025-07-02 11:35:55",wiwin.dwiutami.hakim,wiwin.dwiutami.hakim
2691,45,20,active,Bandung - Cimahi,"2025-07-02 11:35:55","2025-07-02 11:35:55",wiwin.dwiutami.hakim,wiwin.dwiutami.hakim
